scenario_id,candidate_id,candidate_text,centered_pc1,centered_pc2,pc1_explained_fraction_global,pc2_explained_fraction_global
cg_001,8743bb5bce018564,Just a heads up—the family dinner that was set for Saturday has been moved to Sunday because the host's schedule changed; does Sunday work for you?,0.10221147009567401,-0.014506475238474315,0.044678770652686745,0.03925879758381461
cg_001,0352c2437e8d4fa4,The family dinner has been moved from Saturday to Sunday because the host's schedule changed—would Sunday be okay for you?,-0.02350046794200669,-0.07053308751875356,0.044678770652686745,0.03925879758381461
cg_001,a3d8a5b0192f6160,They moved the dinner to Sunday since the host's schedule changed; can you make it on Sunday?,-0.09183112929025272,-0.018755737990581917,0.044678770652686745,0.03925879758381461
cg_001,f95dc74b94fce0bf,I wanted to let you know the Saturday family dinner is now on Sunday because the host's schedule changed; is Sunday good for you?,0.10147507388073473,0.013129467475691377,0.044678770652686745,0.03925879758381461
cg_001,a6f12d338d397fb5,Quick note: the dinner planned for Saturday is now Sunday due to the host's schedule change—will Sunday work for you?,0.04388639856639449,0.10704509073707374,0.044678770652686745,0.03925879758381461
cg_001,ea6e3183ac265101,"The host changed their schedule, so the family dinner is now Sunday instead of Saturday; does that work for you?",0.0331215416289497,0.0035182458796384833,0.044678770652686745,0.03925879758381461
cg_001,3f03f035d748499b,Family dinner was moved to Sunday because the host's schedule changed—are you able to come on Sunday?,-0.04775482946823707,-0.08924909313884574,0.044678770652686745,0.03925879758381461
cg_001,ef1d7b19c87402ca,Heads up—the Saturday dinner's been rescheduled to Sunday because the host's schedule changed; would you be available on Sunday?,0.0004362437421665359,-0.016455510318462905,0.044678770652686745,0.03925879758381461
cg_001,763de3dc3b07fc62,The family dinner isn't on Saturday anymore; it's been moved to Sunday because the host's schedule changed—would Sunday work?,-0.05761563979922226,0.01861786636698122,0.044678770652686745,0.03925879758381461
cg_001,9c5481a6d5d4fa02,"Just so you know, the dinner planned for Saturday moved to Sunday because the host's schedule changed; is Sunday okay with you?",0.00971232621362421,-0.04988040844322811,0.044678770652686745,0.03925879758381461
cg_001,4299d05421dc6b6a,The host's schedule changed and the family dinner is now Sunday; will that day work for you?,0.03979181333183248,0.062170815172836416,0.044678770652686745,0.03925879758381461
cg_001,e3b666d51118b56a,They're moving our family dinner to Sunday due to the host's schedule change—does Sunday suit you?,-0.046602183460018945,-0.10258859519051416,0.044678770652686745,0.03925879758381461
cg_001,f1bfda8720c66ece,We had to move the family dinner from Saturday to Sunday because the host's schedule changed; can you attend on Sunday?,-0.12175289961830386,-0.042201872063320496,0.044678770652686745,0.03925879758381461
cg_001,99fbc395ea7e3cfb,The Saturday family dinner is now scheduled for Sunday because the host's schedule changed—does Sunday work for you?,0.10907857620110227,0.04829824759424133,0.044678770652686745,0.03925879758381461
cg_001,a7e16c01bc09f962,"Because the host's schedule changed, the family dinner has been moved to Sunday; are you free that day?",-0.06179256805894545,-0.08153714908421046,0.044678770652686745,0.03925879758381461
cg_001,c25a469d1de9c983,I want to let you know the dinner moved from Saturday to Sunday because the host's schedule changed—would Sunday be alright?,-0.10149885189344757,-0.004015429652860837,0.044678770652686745,0.03925879758381461
cg_001,c210002279f697ab,"The host changed their schedule, so the family dinner is now on Sunday; can you come that day?",-0.016009069595633137,-0.003047800518263621,0.044678770652686745,0.03925879758381461
cg_001,5c81bb0581a4a831,Dinner was rescheduled from Saturday to Sunday due to the host's schedule change—will Sunday be okay for you?,-0.07669946037689195,0.08531999836022496,0.044678770652686745,0.03925879758381461
cg_001,592ef413c6b7cebc,The family dinner is now Sunday instead of Saturday because the host's schedule changed; does that day work for you?,0.09496782482061396,0.0552094381142573,0.044678770652686745,0.03925879758381461
cg_001,41cf868be662eb63,Quick heads up: the dinner originally for Saturday is now on Sunday because the host's schedule changed—are you able to make Sunday?,0.08704605150302991,0.12712536343111308,0.044678770652686745,0.03925879758381461
cg_001,2b153db7949ca74b,I wanted to tell you the family dinner moved to Sunday since the host's schedule changed—does Sunday work for you?,0.06878538813708877,-0.05132033276780111,0.044678770652686745,0.03925879758381461
cg_001,672aca11aa01ab7e,"The host had a schedule change, so the family dinner is moved to Sunday; is that okay for you?",-0.04500327335356078,-0.06111717665868568,0.044678770652686745,0.03925879758381461
cg_001,ac0aac9fec730025,Family dinner has been pushed to Sunday because the host's schedule changed—can you be there on Sunday?,-0.008214951029473012,0.015737528450139145,0.044678770652686745,0.03925879758381461
cg_001,9544a76b14ad13ae,The dinner we planned for Saturday is now on Sunday because the host's schedule changed; will Sunday work for you?,0.057476593279173885,0.05620312406339143,0.044678770652686745,0.03925879758381461
cg_001,ceddf64362a80fdb,"Heads up: due to the host's schedule change, the family dinner is now Sunday—does that fit your plans?",0.019998751757113305,0.02932397724949315,0.044678770652686745,0.03925879758381461
cg_001,24d40af496ce3c3b,"The host's schedule changed, and the family dinner has been moved to Sunday; would you be able to attend then?",-0.07647791296926908,-0.1002036626599947,0.044678770652686745,0.03925879758381461
cg_001,485c83744ad94f7b,Just letting you know the family dinner moved from Saturday to Sunday because the host's schedule changed—are you okay with Sunday?,0.023796925795372067,-0.03985168879308486,0.044678770652686745,0.03925879758381461
cg_001,d03135bed031bbf9,"The host changed their schedule, so the dinner is now Sunday instead of Saturday—would Sunday work for you?",0.03816246496443659,-0.03316521375785123,0.044678770652686745,0.03925879758381461
cg_001,2c57380edc3ee59d,The family dinner is rescheduled to Sunday because the host's schedule changed; does that work for you?,-0.02709751808027131,0.08758699477804062,0.044678770652686745,0.03925879758381461
cg_001,0f9230569ef041e1,I wanted to let you know the Saturday dinner is now on Sunday since the host's schedule changed—will that be alright with you?,0.019144941942028433,0.02001510914623724,0.044678770652686745,0.03925879758381461
cg_001,f637ef2c3cf68e95,The host's schedule change means our family dinner is on Sunday now; can you make it that day?,-0.002731982514986714,0.125086977043394,0.044678770652686745,0.03925879758381461
cg_001,d717b9fe87080698,Family dinner moved to Sunday because the host's schedule changed—would Sunday be convenient for you?,-0.029110138791401195,-0.059490607154199605,0.044678770652686745,0.03925879758381461
cg_001,1562b4ff40f33e49,The dinner has been shifted from Saturday to Sunday due to the host's schedule change—does Sunday suit you?,0.012036819687299187,-0.03546436464305979,0.044678770652686745,0.03925879758381461
cg_001,a5b9ad0d6f3ce58d,Quick note: the family dinner is now Sunday instead of Saturday because the host's schedule changed—are you free Sunday?,0.057240865944488115,0.04367043670522098,0.044678770652686745,0.03925879758381461
cg_001,5016210d673c49a0,"The host's schedule changed, so they've moved the family dinner to Sunday; does that day work for you?",-0.01347390193784538,-0.036203917208957576,0.044678770652686745,0.03925879758381461
cg_001,a4464077b11a22d2,I wanted to let you know the family get-together planned for Saturday is now on Sunday because the host's schedule changed—can you make Sunday?,0.01675427156400956,0.0854767487384143,0.044678770652686745,0.03925879758381461
cg_001,236385011b067cd2,The Saturday family dinner is now taking place on Sunday because the host's schedule changed—would that be okay with you?,0.03594009339610259,-0.01709744411004075,0.044678770652686745,0.03925879758381461
cg_001,0d2e4e0ed482348b,"Because the host's schedule changed, our family dinner has been moved to Sunday—are you able to attend that day?",-0.09363890096120955,-0.08682773133047367,0.044678770652686745,0.03925879758381461
cg_001,9dcb4d2ec1d1c221,"Just so you know, the dinner's been moved to Sunday from Saturday due to the host's schedule changing—does Sunday work for you?",0.06654429918580933,0.0007725410154995867,0.044678770652686745,0.03925879758381461
cg_001,da9998e9785bbb60,"The host had to change their schedule, so the family dinner is on Sunday now; is that day good for you?",0.04315638482502963,0.0002780693622329196,0.044678770652686745,0.03925879758381461
cg_001,4a69e969e22ef20e,I wanted to tell you the family dinner was moved to Sunday because the host's schedule changed—would Sunday work for you?,0.012991673662847302,-0.08611338517241007,0.044678770652686745,0.03925879758381461
cg_001,fe849b5e17b10505,The family dinner has been rescheduled to Sunday since the host's schedule changed; will you be able to join us on Sunday?,-0.06067463211553413,0.00026160072475962456,0.044678770652686745,0.03925879758381461
cg_001,487176e7887a4927,The host's schedule change means the dinner is now Sunday instead of Saturday—does that day fit your schedule?,-0.04031587941512795,0.11554842730055856,0.044678770652686745,0.03925879758381461
cg_001,eacf9ff52059ef2d,Family dinner moved from Saturday to Sunday because the host's schedule changed—are you alright with Sunday?,-0.027719181114430315,-0.032792365560668835,0.044678770652686745,0.03925879758381461
cg_001,41ff6fbe7d05cc51,Quick update: the family dinner is now on Sunday due to the host's schedule changing—can you make it then?,0.008678812339428785,0.18189850410236996,0.044678770652686745,0.03925879758381461
cg_001,3acaa588f14c3b39,The dinner we planned for Saturday has been moved to Sunday because the host's schedule changed; does Sunday work for you?,0.006844369521258657,-0.029225486531032935,0.044678770652686745,0.03925879758381461
cg_001,cf2f18cb4d513d4e,"FYI, the host's schedule changed and the family dinner has been moved to Sunday—would Sunday be okay for you?",-0.00014364127758105007,-0.06615118191424182,0.044678770652686745,0.03925879758381461
cg_001,8ffe9ba24a41b80f,The family dinner's been moved to Sunday from Saturday because the host's schedule changed—are you able to come on Sunday?,-0.039620962921958366,-0.0544988543917906,0.044678770652686745,0.03925879758381461
cg_002,0c9b3d4417fa115a,I’ll be about one hour later than usual this afternoon because of an unavoidable delay—will that timing be okay with you?,0.07096815878384785,0.0475370364689778,0.044678770652686745,0.03925879758381461
cg_002,51fef741a280f42f,I need to let you know I’m going to arrive about one hour later than usual this afternoon because of an unavoidable delay; does that work for you?,-0.017620428819012976,-0.08103372252771454,0.044678770652686745,0.03925879758381461
cg_002,bc9a62f0abe356ef,"Because of an unavoidable delay, I’ll arrive about one hour later than usual this afternoon—are you okay with that time?",-0.001584928969511703,-0.07360405942849799,0.044678770652686745,0.03925879758381461
cg_002,842ec31b6843157d,"Just so you know, I’ll be about one hour later than usual this afternoon because of an unavoidable delay; is that alright?",0.023581603979051638,0.053130883748710826,0.044678770652686745,0.03925879758381461
cg_002,164d70e13c4c5a88,I’m running about one hour late this afternoon due to an unavoidable delay—does that updated arrival time suit you?,-0.0282606097901225,-0.021683032542947296,0.044678770652686745,0.03925879758381461
cg_002,70a7ac9df4a8f73c,I’ll be arriving about one hour later than usual this afternoon because of an unavoidable delay; is that okay or would you like to change anything?,-0.08227020247624472,-0.17352619744313208,0.044678770652686745,0.03925879758381461
cg_002,24d8a87be8d8e4dc,"Due to an unavoidable delay, I’ll come about one hour later than usual this afternoon—are you okay with that?",0.0647114518268253,-0.03724246229614499,0.044678770652686745,0.03925879758381461
cg_002,52eaac9a4bb4aada,I’m delayed and will be about one hour later than usual this afternoon because of an unavoidable delay—will that be fine?,-0.11311765789031118,0.13064366403781869,0.044678770652686745,0.03925879758381461
cg_002,c70f3373cd2708d9,I wanted to tell you I’ll be about one hour later than usual this afternoon because of an unavoidable delay; does that work for your plans?,0.02104548794137177,0.041373772958710184,0.044678770652686745,0.03925879758381461
cg_002,e7de6c63e90ed207,I’ll be here about one hour later than usual this afternoon because of an unavoidable delay—does that time work for you?,0.16351609583722332,0.011918595326382215,0.044678770652686745,0.03925879758381461
cg_002,98a43d0c126b7d52,"I’m sorry, but because of an unavoidable delay I’ll arrive about one hour later than usual this afternoon; is that acceptable?",-0.10986830245464763,-0.09866676678235084,0.044678770652686745,0.03925879758381461
cg_002,37bf1731039ec0c8,"Because of an unavoidable delay, I’ll be about one hour later than usual this afternoon—do you want me to adjust anything because of that?",0.061543051527378,0.02133104789695018,0.044678770652686745,0.03925879758381461
cg_002,da2b463a2f44b129,I’ll be about one hour later than usual this afternoon because of an unavoidable delay; would you prefer a different time?,0.04877897004643561,-0.0075299498366984356,0.044678770652686745,0.03925879758381461
cg_002,6fd4edd035665a1d,I’ll get there about one hour later than usual this afternoon due to an unavoidable delay—are you okay with that arrival time?,-0.10803536808084581,-0.1825400662923286,0.044678770652686745,0.03925879758381461
cg_002,6aba28dc1a65892f,Heads up: I’ll be about one hour later than usual this afternoon because of an unavoidable delay—does that work for you?,0.16759018746825124,0.029665262164566258,0.044678770652686745,0.03925879758381461
cg_002,4c5e05d0ad6338a2,I’ll be roughly one hour later than usual this afternoon because of an unavoidable delay—will that be alright?,-0.05255988294396234,0.09092250713048394,0.044678770652686745,0.03925879758381461
cg_002,c8e1f3ec8c7feb24,I’m calling to say I’ll be about one hour later than usual this afternoon because of an unavoidable delay; is that okay with you?,0.05348732309588905,0.020351193206895206,0.044678770652686745,0.03925879758381461
cg_002,42f8bc6da2a7a92e,I’ll arrive about one hour later than usual this afternoon because of an unavoidable delay—should we move anything because of that?,-0.16026405817284484,-0.14697432174612166,0.044678770652686745,0.03925879758381461
cg_002,5b31621c1b16a44f,"Because of an unavoidable delay, I’m going to be about one hour later than usual this afternoon—does that timing work?",-0.05061680169273333,0.15656113340908384,0.044678770652686745,0.03925879758381461
cg_002,3d92530b7661f7b9,I’ll be about one hour later than usual this afternoon because of an unavoidable delay; would you like me to come at a different time?,0.006333024482666273,-0.1373767399461279,0.044678770652686745,0.03925879758381461
cg_002,e1366031549b42f5,I’m delayed and will be about one hour later than usual this afternoon because of an unavoidable delay—how does that sound to you?,0.08468852897479998,0.03122662896352088,0.044678770652686745,0.03925879758381461
cg_002,955eda2fd5e3d34d,I’ll be coming about one hour later than usual this afternoon because of an unavoidable delay—are you okay with that?,0.02625925365455046,-0.06191784356157886,0.044678770652686745,0.03925879758381461
cg_002,270dc03d0e8119ca,I need to let you know I’ll be about one hour later than usual this afternoon due to an unavoidable delay—does that work for you?,0.11087482342752147,0.055905124638061104,0.044678770652686745,0.03925879758381461
cg_002,d8250b86138c46fb,"Because of an unavoidable delay, I’ll be arriving about one hour later than usual this afternoon—should we adjust our plan?",-0.2096290548905877,-0.04958406133917789,0.044678770652686745,0.03925879758381461
cg_002,143efd51ff21cdc1,I’ll be about one hour later than usual this afternoon because of an unavoidable delay—will that be a problem?,-0.06223546173770657,0.10807032352840036,0.044678770652686745,0.03925879758381461
cg_002,baf30698af686810,"I’m running into an unavoidable delay, so I’ll be about one hour later than usual this afternoon—does that timing suit you?",0.0884948359178517,0.09196993841312277,0.044678770652686745,0.03925879758381461
cg_002,9d9235f22f7cd2e3,I’ll be about one hour later than usual this afternoon because of an unavoidable delay—do you want me to come earlier or is this fine?,-0.04435425742260971,-0.1171447120521679,0.044678770652686745,0.03925879758381461
cg_002,0b33ef3e75f0c6c9,I’ll be about one hour later than usual this afternoon because of an unavoidable delay; please tell me if that causes any trouble.,-0.07129669582501053,0.12576864167036914,0.044678770652686745,0.03925879758381461
cg_002,c3cf914eaca901d3,Quick update: I’ll be about one hour later than usual this afternoon because of an unavoidable delay—does that work?,-0.05154678997653871,0.15513227907942492,0.044678770652686745,0.03925879758381461
cg_002,81fe95bf7c979869,I’ll arrive about one hour later than usual this afternoon because of an unavoidable delay—are you okay waiting until then?,-0.030832456006808506,-0.09707503966741282,0.044678770652686745,0.03925879758381461
cg_002,9b4edc27f15f5e58,I’m delayed by an unavoidable issue and will be about one hour later than usual this afternoon—will that be alright with you?,0.09441254384720427,0.025719977104836266,0.044678770652686745,0.03925879758381461
cg_002,849857680e728b49,"Because of an unavoidable delay, I’ll be about one hour later than usual this afternoon—should we reschedule or is that fine?",-0.16136806602611173,0.10370342522574325,0.044678770652686745,0.03925879758381461
cg_002,788bbc245b6397da,"I’ll be about one hour later than usual this afternoon because of an unavoidable delay; is that timing okay, or would you prefer something else?",0.008498031314253595,0.03595293237272711,0.044678770652686745,0.03925879758381461
cg_002,226a6a2621e458a9,"Just so you know, I’m facing an unavoidable delay and will be about one hour later than usual this afternoon—does that work?",-0.0008898308332078234,0.13390184520169196,0.044678770652686745,0.03925879758381461
cg_002,cd6b738727954240,I’ll be about one hour later than usual this afternoon because of an unavoidable delay—will you be okay until then?,0.10166518285737458,-0.00035435129858800603,0.044678770652686745,0.03925879758381461
cg_002,6dd852edda828ef7,I’m going to be about one hour later than usual this afternoon because of an unavoidable delay—does that time change work for you?,0.11733041997335511,0.01602279450826508,0.044678770652686745,0.03925879758381461
cg_002,6e612e4a15eb3ad0,I’ll be about one hour later than usual this afternoon because of an unavoidable delay; do you want me to come at a different time instead?,0.028091546559978253,-0.17101127903272634,0.044678770652686745,0.03925879758381461
cg_002,db8f07d884144cfe,I’ll arrive about one hour later than usual this afternoon because of an unavoidable delay—let me know if that’s a problem.,-0.14027634676137063,-0.021860182717299326,0.044678770652686745,0.03925879758381461
cg_002,a18cd7687a11d392,"Because of an unavoidable delay, I’ll be about one hour later than usual this afternoon—shall I still come then?",-0.021180726857790672,-0.03900446542084163,0.044678770652686745,0.03925879758381461
cg_002,02abc86ec795d489,I’ll be about one hour later than usual this afternoon because of an unavoidable delay; is that acceptable for you?,0.09177032453427082,-0.004013741748883696,0.044678770652686745,0.03925879758381461
cg_002,a0c1c3390e4a3fef,I’m running about an hour later than usual this afternoon due to an unavoidable delay—does that timing work for you?,0.15104507837026016,0.1149632223322156,0.044678770652686745,0.03925879758381461
cg_002,31e19d2373accbfd,I’ll be about one hour later than usual this afternoon because of an unavoidable delay—would you like me to change my arrival?,-0.14567411329218172,-0.23022965785590105,0.044678770652686745,0.03925879758381461
cg_002,ef0b973c30b566a2,"I’m sorry, but because of an unavoidable delay I’ll be about one hour later than usual this afternoon—will that be okay?",-0.01509216453880915,0.045753020730390434,0.044678770652686745,0.03925879758381461
cg_002,97a29628967388b7,I’ll be about one hour later than usual this afternoon because of an unavoidable delay; do you want to adjust anything because of that?,0.0695369203510092,0.011618146505949646,0.044678770652686745,0.03925879758381461
cg_002,360a55ef2a1d5f09,I’ll be about one hour later than usual this afternoon because of an unavoidable delay—are you comfortable with that time?,0.1006261022071005,0.0029038649317710778,0.044678770652686745,0.03925879758381461
cg_002,43c8141a526be578,"Because of an unavoidable delay, I’ll be about one hour later than usual this afternoon—what do you think of that timing?",-0.017127931468988424,0.06059445885179243,0.044678770652686745,0.03925879758381461
cg_002,73cd874726065de6,I’ll be about one hour later than usual this afternoon because of an unavoidable delay—please tell me if you’d prefer a different plan.,-0.05914681005051111,0.029730933129780587,0.044678770652686745,0.03925879758381461
cg_003,c7fd7a818b568edd,Do you want a hand bringing those grocery bags inside?,-0.04345191564153604,-0.15217737708007628,0.044678770652686745,0.03925879758381461
cg_003,9bcd4501fe69909f,Would you like me to help carry the groceries in for you?,-0.09883364872565252,0.08994885706059536,0.044678770652686745,0.03925879758381461
cg_003,7be9775621783f84,Can I help you with those bags?,-0.078925761401157,0.06876207519020602,0.044678770652686745,0.03925879758381461
cg_003,39548e95c0d7bf45,Want me to take a couple of those inside?,0.26330406110756177,0.009001572141908746,0.044678770652686745,0.03925879758381461
cg_003,7e3742f7324d0aa0,Shall I bring the grocery bags in for you?,-0.11941743473898647,-0.02154505097370291,0.044678770652686745,0.03925879758381461
cg_003,c2ad9cdf41ef2b9d,Would you like some help getting those bags inside?,-0.09500168952067217,0.022656781633788543,0.044678770652686745,0.03925879758381461
cg_003,589c2614af307c8b,Do you want me to carry any of those up for you?,0.30494168824705975,-0.03718912388716056,0.044678770652686745,0.03925879758381461
cg_003,d12db42cd0f6f06a,Can I give you a hand with the groceries?,-0.04780975330916618,0.14421976173835713,0.044678770652686745,0.03925879758381461
cg_003,2fba62e284524def,Would you like me to hold some of those bags while you get the door?,-0.011729398459448499,-0.10615657527217098,0.044678770652686745,0.03925879758381461
cg_003,add8ab2bbf10abb3,Want help with those grocery bags?,-0.23588369816856203,0.14962881149070806,0.044678770652686745,0.03925879758381461
cg_003,e712722828140ab5,Do you want me to come in and carry some of those bags?,-0.05443706355114303,-0.16305755433786145,0.044678770652686745,0.03925879758381461
cg_003,f886c2a03879f675,Should I carry some of these inside for you?,0.26708287433122374,-0.032728396816996734,0.044678770652686745,0.03925879758381461
cg_003,883dbd0c59705df2,"If you'd like, I can help bring those in—do you want that?",0.08462230588875001,-0.12486483142649651,0.044678770652686745,0.03925879758381461
cg_003,abe73574bab309f0,Do you want me to take these inside for you?,0.41607517134909777,0.007576884165151036,0.044678770652686745,0.03925879758381461
cg_003,69be6c7a3606a17f,Would you like me to help bring the groceries into the house?,-0.13865533856632134,0.1864661761283336,0.044678770652686745,0.03925879758381461
cg_003,7477b8c432dbf38c,Can I take a couple of those bags from you?,0.0826359754665393,-0.10126181271150811,0.044678770652686745,0.03925879758381461
cg_003,7528b02d9e2746c2,"Do you want a hand with the groceries, or do you want to manage them yourself?",0.04965514598340443,0.07793818609613401,0.044678770652686745,0.03925879758381461
cg_003,7818eb1f852ac3a4,Want me to grab a few of those bags and bring them in?,-0.13246991129204744,-0.03245169456794504,0.044678770652686745,0.03925879758381461
cg_003,e8250e8e775c58db,Would you like me to help carry those inside now?,0.12922980504338738,-0.0054818718583289315,0.044678770652686745,0.03925879758381461
cg_003,c284a930e3bf4d11,Can I help you bring the groceries inside?,-0.16342065040212078,0.13119817246409282,0.044678770652686745,0.03925879758381461
cg_003,0678ef52f8c40713,Would it help if I carried some of those bags for you?,-0.024988464305850274,-0.1109071705313121,0.044678770652686745,0.03925879758381461
cg_003,87fe4db3a302bfff,Do you want me to carry any of the grocery bags inside?,-0.12201739668851565,-0.03951219149905314,0.044678770652686745,0.03925879758381461
cg_003,a87ffa205e52b03b,May I help you with those bags?,-0.0852353008747764,0.05608908708983104,0.044678770652686745,0.03925879758381461
cg_003,1e7a069092d2ddfd,Would you like me to take these from you?,0.33577796816919,0.0052224323919443615,0.044678770652686745,0.03925879758381461
cg_003,74970fc6a7988940,Want me to bring those in for you?,0.22568690225394447,-0.0795655817932303,0.044678770652686745,0.03925879758381461
cg_003,33133ac1d3cd18b0,Can I give you a hand carrying those grocery bags?,-0.08280738121025319,-0.041562755717421726,0.044678770652686745,0.03925879758381461
cg_003,c0349342ac495ae5,Do you want help carrying those inside?,0.23407136968487063,-0.09925062557098921,0.044678770652686745,0.03925879758381461
cg_003,46e0e2c6e63a4c33,Would you like some assistance with the grocery bags?,-0.27697545021859427,0.1416842974540251,0.044678770652686745,0.03925879758381461
cg_003,305d0c0c9b89d1b0,Do you want me to carry a few of those bags in?,-0.02712548182225474,-0.12834160097215638,0.044678770652686745,0.03925879758381461
cg_003,f7bdb66fbe70bfdf,Shall I take some of those bags inside for you?,0.09384146142531287,-0.07264512182920863,0.044678770652686745,0.03925879758381461
cg_003,e4922776f363c222,"If you want, I can carry some of the groceries in—do you?",-0.01460987203513094,0.02169977178985812,0.044678770652686745,0.03925879758381461
cg_003,5222687da5312fb3,Would you like me to help you bring those bags inside?,-0.08770984249075037,-0.06750818874011252,0.044678770652686745,0.03925879758381461
cg_003,47d811a04e054307,Do you want me to help bring those in?,0.05066625634260394,-0.12087534688844952,0.044678770652686745,0.03925879758381461
cg_003,82a691d6cd4b63b1,Can I take a couple of bags for you?,0.09718013680032177,-0.03491570566722545,0.044678770652686745,0.03925879758381461
cg_003,0c2f44fa642e9c2c,Want some help with the groceries?,-0.2693743333205254,0.37448562218824133,0.044678770652686745,0.03925879758381461
cg_003,4aab21435e51eb22,Do you want me to come carry those bags?,-0.04737307852778619,-0.1840878456195337,0.044678770652686745,0.03925879758381461
cg_003,9324cf7e4de9c6c3,Would you like a hand with those bags right now?,-0.007660839618205562,-0.06749084081931131,0.044678770652686745,0.03925879758381461
cg_003,9d00fe6873565dde,Can I help by carrying some of those grocery bags?,-0.288490999235956,0.10315236654076254,0.044678770652686745,0.03925879758381461
cg_003,8753a0f6fc0d4af9,Do you want me to assist with those bags?,-0.12624705180483925,-0.0007711007688009381,0.044678770652686745,0.03925879758381461
cg_003,be2ad8cd0910c25c,Should I help you bring those grocery bags inside?,-0.12847643798925965,-0.0026382816436810253,0.044678770652686745,0.03925879758381461
cg_003,e5fb0cd03ecb5c6c,Would you like me to take some of the load?,0.08140430957497047,0.10655545847880471,0.044678770652686745,0.03925879758381461
cg_003,a7213077d24d97ac,Would you like me to carry a few of those in for you?,0.2358985307988791,-0.0782215551562126,0.044678770652686745,0.03925879758381461
cg_003,c445a1d68305d548,Can I help get those grocery bags inside?,-0.25705849009483933,0.15330822907620884,0.044678770652686745,0.03925879758381461
cg_003,f2b729c3b9fcbaa7,Do you want me to help with the bags now?,-0.11547022303784331,0.08657984342449423,0.044678770652686745,0.03925879758381461
cg_003,3aefd675903723f1,Would you like me to take any of these bags from you?,0.013865564746661722,-0.0788228710443181,0.044678770652686745,0.03925879758381461
cg_003,c2f2bd77c29fab70,Want me to help bring these inside?,0.0834922013787318,0.12582919629405034,0.044678770652686745,0.03925879758381461
cg_003,adcc78b04763f033,Can I offer you a hand with those grocery bags?,-0.08458084826298895,-0.0126800876998611,0.044678770652686745,0.03925879758381461
cg_003,998f37badb332c35,Would you like me to carry some of those for you?,0.21680602672267216,-0.0652924219443707,0.044678770652686745,0.03925879758381461
cg_004,248a757117f2f1a9,A relative would like to have a video call with you later this week — would you like any help getting it set up?,0.01051987025024746,0.00010727912103735858,0.044678770652686745,0.03925879758381461
cg_004,d90d4e1013935172,Someone in the family wants to do a video call later this week; do you want me to help you set it up?,0.1290541883734616,0.03990801975562988,0.044678770652686745,0.03925879758381461
cg_004,1d3a00a6319d271c,There’s a proposed video call from a relative later this week — would you like help arranging or setting it up?,-0.06795704992008604,-0.029115092456072602,0.044678770652686745,0.03925879758381461
cg_004,0cc43e4a0252dae8,A relative wants to video call you later this week; do you want assistance with the setup or will you be okay on your own?,0.069565776449038,-0.09827366106450693,0.044678770652686745,0.03925879758381461
cg_004,cea74239c981494a,Someone wants to have a video call with you later this week; would you like me to help you prepare for it?,0.15084002068038638,0.03260953217791607,0.044678770652686745,0.03925879758381461
cg_004,efbeba7eb888a7ae,A family member is hoping to video call later this week — would you like help getting the call ready?,-0.04413949932927868,0.08249813890216594,0.044678770652686745,0.03925879758381461
cg_004,2969d52dbfe4737e,A relative would like to do a video call later this week; do you want any help setting it up?,-0.02861975546429692,0.03435068011638018,0.044678770652686745,0.03925879758381461
cg_004,e594056003d552b6,A relative asked about a video call later this week — would you like me to help you get connected for it?,0.03833769698717391,-0.17783874273914968,0.044678770652686745,0.03925879758381461
cg_004,6ae39a6e0d42cbd7,There’s a video call being planned by a relative later this week; would you like me to help with the setup?,-0.17310441717175107,0.08188712239724397,0.044678770652686745,0.03925879758381461
cg_004,63798789cc85233f,A relative wants to video call later this week; would you like some help setting up the call?,-0.03893695332081111,0.04440462051522456,0.044678770652686745,0.03925879758381461
cg_004,4d95cc342b0d22ad,Someone in the family hopes to video call later this week — would you like assistance setting it up?,-0.04247208528357077,0.06664212164800376,0.044678770652686745,0.03925879758381461
cg_004,594979db5d4a3190,A relative is hoping to have a video call later this week; do you want me to help you set up the call?,0.041184507911066405,-0.01774902356475883,0.044678770652686745,0.03925879758381461
cg_004,9f9cb60e07849e3c,A relative would like a video call later this week; would you like help with the technical setup or do you prefer to handle it yourself?,-0.009522992940496543,0.0022415207691316463,0.044678770652686745,0.03925879758381461
cg_004,aadd3fdaffb6f946,A relative wants to schedule a video call later this week — would you like my help getting it set up?,-0.09641549038114465,0.15505600961736576,0.044678770652686745,0.03925879758381461
cg_004,3eddc6359bf1ac35,A relative is planning a video call later this week; would you like me to help you connect when it’s time?,-0.00848279128271557,-0.023746798704759455,0.044678770652686745,0.03925879758381461
cg_004,b7db5acb355a239a,A relative wants to video call later this week — do you want any help getting the call working?,-0.010541033378328568,0.03925794595632334,0.044678770652686745,0.03925879758381461
cg_004,ec69a1fa8125cb4a,Someone in the family wants to do a video call later this week; would you like me to help set up the video?,0.042343253905593875,0.049694591819292575,0.044678770652686745,0.03925879758381461
cg_004,401f9672b0731861,A relative would like to video call you later this week; should I help you prepare the device for it?,0.033035098670394863,-0.03728861853294242,0.044678770652686745,0.03925879758381461
cg_004,8ab17d6dca1f64dd,A relative wants to have a video call later this week — would you like help setting up the call on your device?,-0.00322777096462045,-0.029779592491179653,0.044678770652686745,0.03925879758381461
cg_004,a29bae436ced05b6,A relative hopes to video call later this week; would you like me to help you with the setup beforehand?,-0.09896639779722669,0.04889670483415657,0.044678770652686745,0.03925879758381461
cg_004,bd265c70dda64397,Someone in the family would like a video call later this week — do you want me to help set it up or are you fine doing it yourself?,0.11675110884710524,0.026788857555085116,0.044678770652686745,0.03925879758381461
cg_004,7c4222c96b6bb330,A relative is planning to call by video later this week; would you like me to help you get ready for it?,-0.016707784360695865,0.02184009145332565,0.044678770652686745,0.03925879758381461
cg_004,a3bd1ae4bd650f9e,A relative would like to have a video call later this week; want me to help you set up the call?,-0.01852531360771417,0.032629738680719354,0.044678770652686745,0.03925879758381461
cg_004,4976ce1ea6be94f6,A relative wants to video call later this week — would you prefer help getting it started or will you manage on your own?,0.06213319090008665,-0.0007466430009851442,0.044678770652686745,0.03925879758381461
cg_004,11ef90b8aa254fa9,A relative asked about a video call later this week; would you like my help getting the connection set up?,-0.12836873634191812,-0.10738316262298031,0.044678770652686745,0.03925879758381461
cg_004,273985dc5d02b2cd,A relative would like to have a video call later this week; do you want help setting up the video link?,0.04890447863209012,-0.04565827778753855,0.044678770652686745,0.03925879758381461
cg_004,6480b3079d33283f,Someone in the family hopes to video call later this week — would you like help with the setup or are you comfortable doing it yourself?,0.03753456214202948,0.023872218775058008,0.044678770652686745,0.03925879758381461
cg_004,cbf3a004dfaccb0a,A relative wants to video call later this week; do you want me to help you set up the call on your device?,0.05412315703553233,-0.05618452693956327,0.044678770652686745,0.03925879758381461
cg_004,657446ee5e81b6e6,A relative is planning a video call later this week — would you like assistance getting the call set up?,-0.1035921256945283,0.05050944249842647,0.044678770652686745,0.03925879758381461
cg_004,514c44ba24e4b993,A relative would like to have a video call later this week; do you want help getting everything ready for it?,0.02298444960289446,0.06141605312855043,0.044678770652686745,0.03925879758381461
cg_004,e6c77c26284e3a59,A relative wants to video call later this week; would you like me to help you connect when the time comes?,-0.00011837608379356053,-0.0202849220101504,0.044678770652686745,0.03925879758381461
cg_004,670e35cb065db891,A relative hopes to video call later this week — should I help you set it up or do you want to handle it yourself?,0.08458459629407357,-0.039771977443030536,0.044678770652686745,0.03925879758381461
cg_004,fa0bcec7d2dedec7,A relative would like to video call later this week; would you like me to help with the technical side?,-0.09577958082318307,0.06277804112897288,0.044678770652686745,0.03925879758381461
cg_004,2f8446704db4d3b1,A relative is hoping to do a video call later this week — do you want help setting it up?,0.02943064890626146,-0.004239678845385066,0.044678770652686745,0.03925879758381461
cg_004,295d67c08ce4b9e4,A relative wants to have a video call later this week; do you want me to walk you through the setup or would you rather do it yourself?,0.10357462105774147,-0.23037666347603553,0.044678770652686745,0.03925879758381461
cg_004,f01f8c8becd6f46a,A relative wants to video call later this week; would you like me to help get the call ready on your device?,-0.03937264220246291,0.004290929506227386,0.044678770652686745,0.03925879758381461
cg_004,8bfbcfa538c4b0df,A relative hopes to video call later this week — would you want my help getting it set up?,-0.06599076676281308,0.04292741088728713,0.044678770652686745,0.03925879758381461
cg_004,b9bb777a189228c0,A relative is arranging a video call for later this week; would you like assistance setting it up?,-0.0690043595144843,0.04253281779820327,0.044678770652686745,0.03925879758381461
cg_004,722f638f14b39cda,A relative would like to video call later this week; do you want me to help you with the connection or are you all set?,0.00604560881919933,-0.14410001727116645,0.044678770652686745,0.03925879758381461
cg_004,b8149b253664a4e8,A relative asked if they could video call later this week; would you like help preparing your device for it?,-0.03623777464971959,-0.013710041130919488,0.044678770652686745,0.03925879758381461
cg_004,950c2f4f10debfdb,A relative wants to video call later this week — shall I help you set it up or will you be fine on your own?,0.09189677000496857,-0.023761510334163856,0.044678770652686745,0.03925879758381461
cg_004,84b640f15c016392,A relative is thinking of a video call later this week; would you like help getting set up for it?,-0.03265488538675027,0.017561225983711876,0.044678770652686745,0.03925879758381461
cg_004,142ee97fcbd7c272,A relative would like to have a video call later this week; do you want help making sure your device is ready?,0.0067214035845342655,-0.01803013366140596,0.044678770652686745,0.03925879758381461
cg_004,91eed6eacf79bf16,A relative wants to video call later this week; would you like help testing or setting up the call beforehand?,-0.01684701258144565,0.06065167109703502,0.044678770652686745,0.03925879758381461
cg_004,4741ae41105ec62e,A relative wants to video call later this week; would you like assistance setting it up or do you prefer to handle it yourself?,0.044125136215625964,-0.051510266176454184,0.044678770652686745,0.03925879758381461
cg_004,9999ef9340c2dd5e,A relative would like a video call later this week — would you like my help to set it up when the time comes?,-0.032200108648784906,0.11179747577047475,0.044678770652686745,0.03925879758381461
cg_004,aa48b7ca440a3d31,A relative hopes to video call later this week — would you like my help making sure you're connected and ready?,0.05409555862311549,-0.06760091163980053,0.044678770652686745,0.03925879758381461
cg_005,6fb780f88ad608ab,We need to schedule the heater inspection; there are two arrival windows that day— which one do you prefer?,-0.0677842626364162,0.060548341628334924,0.044678770652686745,0.03925879758381461
cg_005,5445e36555eebf28,The repair person needs access to inspect the heater and can come in either of two windows that day. Which would you like?,0.06179967663158589,-0.01726768066772499,0.044678770652686745,0.03925879758381461
cg_005,1ab739e2ba6e56d5,I have to set up the heater inspection; they have two time windows available that day— which do you want?,-0.0037388980956511147,0.08783620786891747,0.044678770652686745,0.03925879758381461
cg_005,6d81b470401a7465,The heater needs to be inspected and the repair person offered two arrival windows that day. Which one works for you?,0.1266332615683311,-0.004388716930723333,0.044678770652686745,0.03925879758381461
cg_005,c84940a2818ee8e6,The repair person needs to inspect the heater; they can come during one of two windows that day. Which do you prefer?,0.1287548132639125,0.0016138974883384463,0.044678770652686745,0.03925879758381461
cg_005,eec9aa2fe5725896,There are two possible arrival windows that day for the heater inspection— which would you prefer?,-0.0429285520705104,-0.044441259928786815,0.044678770652686745,0.03925879758381461
cg_005,ea2ddbf749360ce2,We need to pick a window for the heater inspection; the repair person offered two windows that day. Which do you choose?,0.030071743338400184,-0.05811604844631444,0.044678770652686745,0.03925879758381461
cg_005,6a9a7c0cc4f4b932,The heater inspection needs scheduling and there are two available arrival windows that day. Which works best for you?,-0.0976404767134518,0.22695407292255523,0.044678770652686745,0.03925879758381461
cg_005,8e17ed089fa2ba6e,The repair person can inspect the heater in one of two windows that day; which would you like me to schedule?,-0.00459837202797688,0.16885433186184093,0.044678770652686745,0.03925879758381461
cg_005,d019b7409b5fc380,I need to book the heater inspection; there are two arrival windows that day—which do you prefer?,-0.09017956391912116,-0.030002456188957916,0.044678770652686745,0.03925879758381461
cg_005,1117bc8badc0a49c,The heater inspection requires us to pick one of two arrival windows that day. Which one would you prefer?,-0.015907083197451446,-0.07182999626986689,0.044678770652686745,0.03925879758381461
cg_005,f2d20f409a75b502,The repair person can come in either of two windows that day to inspect the heater— which do you want?,0.12403341220535258,-0.036801416952254,0.044678770652686745,0.03925879758381461
cg_005,0962570fca38f8a1,We must schedule the heater inspection; they gave two arrival windows for that day. Which would you prefer?,-0.10074627953762558,0.018547769513887733,0.044678770652686745,0.03925879758381461
cg_005,24cf20d07ede0bde,The heater needs an inspection and the repair person is available in two windows that day— which would you prefer I set up?,0.009295602490264837,0.04647222078416553,0.044678770652686745,0.03925879758381461
cg_005,c3b1d83bde1c61fb,The repair person has two arrival windows available that day to inspect the heater— which one would you like?,0.02025352022995157,-0.03158153596624327,0.044678770652686745,0.03925879758381461
cg_005,2b4f14519240a765,I need your preference for the heater inspection: the repair person has two windows that day— which do you pick?,0.10642651411327772,-0.05939154648770352,0.044678770652686745,0.03925879758381461
cg_005,809a556593b9b923,The repair person needs access to inspect the heater and offered two windows that day. Which one would you prefer?,0.07359864066625005,-0.06264102930669074,0.044678770652686745,0.03925879758381461
cg_005,8c6b2ae4e22ba02e,"For the heater inspection, the repair person is available in two windows that day— which would you prefer?",0.0764437318744724,-0.02068239605248444,0.044678770652686745,0.03925879758381461
cg_005,ad332258ff69f4bc,The heater needs inspecting; there are two arrival windows that day. Which one would you like me to arrange?,-0.11482468467240692,0.024588522381041058,0.044678770652686745,0.03925879758381461
cg_005,eadabe4683ffa1f1,We have to choose between two arrival windows that day for the heater inspection— which do you prefer?,-0.02775957293041684,-0.04969960519322683,0.044678770652686745,0.03925879758381461
cg_005,37537e72fc5e268f,The heater inspection needs to be scheduled and there are two windows available that day. Which one would you prefer?,-0.03910594707828846,0.09396160858639979,0.044678770652686745,0.03925879758381461
cg_005,e8f03b2cdbc386cd,The repair person can inspect the heater in one of two windows that day— which would you prefer we book?,0.1264120195419263,-0.008964945226425025,0.044678770652686745,0.03925879758381461
cg_005,f75e377fd081f402,There are two arrival windows available that day for the heater inspection. Which one would you prefer?,-0.032186512918067206,-0.05057720975189274,0.044678770652686745,0.03925879758381461
cg_005,1144f01b4ea91db2,I need to schedule the heater inspection; the company offered two windows that day— which would you like?,-0.11637485068836054,0.10534233136834562,0.044678770652686745,0.03925879758381461
cg_005,6ccb6748391e2190,The repair person needs to inspect the heater and gave two arrival windows for that day— which do you want?,0.044999363659194686,-0.04400611378179592,0.044678770652686745,0.03925879758381461
cg_005,e04a9701cc586a1b,We need to pick one of two arrival windows that day for the heater inspection. Which would you like?,-0.04403285304671892,-0.05181402512371153,0.044678770652686745,0.03925879758381461
cg_005,0fdfd5518b09c001,The heater inspection must be scheduled and there are two arrival windows that day. Which would you prefer?,-0.10025148623547148,0.07851897170400673,0.044678770652686745,0.03925879758381461
cg_005,5072c2fe2367aef5,The repair person can come in either of two windows on that day to inspect the heater— which one would you choose?,0.09058617702016039,-0.011576819188116604,0.044678770652686745,0.03925879758381461
cg_005,7da24bd5840df833,I have two arrival windows that day to choose from for the heater inspection— which do you prefer?,-0.029856537360790858,-0.0627055395682599,0.044678770652686745,0.03925879758381461
cg_005,8f7f0137e405dd5e,"For the heater inspection, they offered two arrival windows that day— which would you prefer?",-0.029287813437054173,-0.1040083113801216,0.044678770652686745,0.03925879758381461
cg_005,1e0c1b2a01c8e690,The repair person needs access to inspect the heater and can come in one of two windows that day. Which would you like to pick?,0.09702020976197051,-0.034648581352842954,0.044678770652686745,0.03925879758381461
cg_005,e0d9ee4bba3ab6f3,We need to set a time for the heater inspection; there are two windows available that day— which works best for you?,0.03296132690417545,0.18437937499404936,0.044678770652686745,0.03925879758381461
cg_005,0d18731387fad0db,The heater inspection requires picking one of two arrival windows that day. Which would you prefer?,-0.03955838894270154,-0.04269023019534357,0.044678770652686745,0.03925879758381461
cg_005,bc97d9c0324a5703,The repair person is available in two windows that day to inspect the heater— which one do you prefer?,0.13010461335011392,-0.0386333153997216,0.044678770652686745,0.03925879758381461
cg_005,dd0b5b5c127c07fe,I need to book the heater inspection; they offered two arrival windows that day— which would you like to go with?,-0.15115632502172083,-0.05813739366909304,0.044678770652686745,0.03925879758381461
cg_005,6b5e5bf86c879a4e,There are two possible arrival windows that day for the repair person to inspect the heater— which do you prefer?,0.03470467248511469,-0.045740232074833714,0.044678770652686745,0.03925879758381461
cg_005,f14aa1dbab2b89c8,The heater needs inspecting and the repair person has two windows available that day— which would you like to choose?,0.02702951572265041,0.007061451444172631,0.044678770652686745,0.03925879758381461
cg_005,6ce385698979e9a8,We have two arrival windows that day for the heater inspection. Which would you prefer I schedule?,-0.14821927162554444,0.11352604179126846,0.044678770652686745,0.03925879758381461
cg_005,dbeac697be3b6564,The repair person can inspect the heater in one of two windows that day— which would you prefer to set up?,0.09068756382402035,0.019171849291802066,0.044678770652686745,0.03925879758381461
cg_005,e499f97b4a78cf33,I need to know your preference for the heater inspection: two arrival windows are available that day— which one do you want?,-0.025344466595195687,-0.061904380206051754,0.044678770652686745,0.03925879758381461
cg_005,e7366fde3b6516c3,The heater inspection must be arranged and there are two windows available that day— which do you prefer?,0.00238867576229703,0.04337610343388382,0.044678770652686745,0.03925879758381461
cg_005,e0ff538e0930ddfc,The repair person is available in two windows that day to inspect the heater. Which option would you like?,0.04520210420623963,0.0066308827333541485,0.044678770652686745,0.03925879758381461
cg_005,24e2997070212389,"For the heater inspection, they gave two arrival windows that day— which one would you prefer?",0.003381130799018802,-0.11986947330928197,0.044678770652686745,0.03925879758381461
cg_005,3c82214e5d2339dd,We need to choose between two arrival windows that day for the repair person to inspect the heater— which would you prefer?,-0.03209523879355252,-0.013927218259259275,0.044678770652686745,0.03925879758381461
cg_005,99fddddefa044614,The heater inspection is on that day and there are two arrival windows available— which would you prefer?,-0.09858379290165498,-0.007020267351074743,0.044678770652686745,0.03925879758381461
cg_005,aa851cc56811df83,The repair person has two arrival windows available that day for the heater inspection— which would you like to pick?,-0.030627058972531165,-0.04431623556756063,0.044678770652686745,0.03925879758381461
cg_006,744fd3381e90d552,I noticed on your weekly calendar that two activities now overlap because one event changed time—would you like to go over the two plans together?,0.03865516268986861,-0.04757761255126596,0.044678770652686745,0.03925879758381461
cg_006,23eb2e89144480d8,Two events on this week's calendar are overlapping after one changed its time; do you want to review both plans with me?,-0.09479483037549885,0.010298433364425328,0.044678770652686745,0.03925879758381461
cg_006,4a386dc84a7c92c6,One of the events on your weekly calendar changed time so two activities overlap—shall we look at the plans together?,-0.023909114465690152,0.08811556201583548,0.044678770652686745,0.03925879758381461
cg_006,7ab4a8901a18e19c,It looks like two items on your calendar now clash because one event moved; do you want us to review the plans together?,-0.024158362655479833,-0.2058266273070719,0.044678770652686745,0.03925879758381461
cg_006,bced3cb4313312bd,Your weekly calendar shows an overlap between two activities after one event changed time—would you like to review the two plans with me?,-0.0395273862895828,0.024393302647282584,0.044678770652686745,0.03925879758381461
cg_006,9fdf01a7352697c7,I see two things on your calendar for the week overlap now since one event changed time—do you want to go over them together?,0.12079627286842963,-0.06167220613137097,0.044678770652686745,0.03925879758381461
cg_006,a022b4c2d7f672d3,"Because one event changed time, two activities on your weekly schedule overlap; would you like me to review the plans with you?",0.009481914062199889,0.005841870106600011,0.044678770652686745,0.03925879758381461
cg_006,22986e8debb52444,There’s an overlap on your weekly calendar—one event changed time and now two activities clash; want to look through the plans together?,0.030689631276993902,0.054533268129026875,0.044678770652686745,0.03925879758381461
cg_006,66c4e61525c2b3f1,Two activities are now scheduled at the same time on your weekly calendar because an event changed time—do you want to review the plans together?,-0.012477870658819216,0.050621283380205086,0.044678770652686745,0.03925879758381461
cg_006,b9ae7bcdacb20fdf,One event changed its time and now two things on your weekly calendar overlap—would you like to check the two plans with me?,-0.02446476996611828,0.008293007205351106,0.044678770652686745,0.03925879758381461
cg_006,a145ba93bcea978b,I noticed an overlap on your weekly calendar after one event changed time; do you want to review those two plans together?,-0.04511152987908067,-0.03982736887203614,0.044678770652686745,0.03925879758381461
cg_006,17590f501d07cc82,"Because one event shifted, two calendar entries for the week overlap—would you like to go over them with me?",0.027813584614915524,-0.06914316521852598,0.044678770652686745,0.03925879758381461
cg_006,e93c0f1184fe596c,Two of your weekly activities are overlapping since one event changed time—should we review the plans together?,0.061611900635722035,-0.028467343451049575,0.044678770652686745,0.03925879758381461
cg_006,229913945500ad2f,Your calendar for the week shows two activities at the same time after one event changed time—do you want to look at them together?,0.12100782276453612,0.015440981194798907,0.044678770652686745,0.03925879758381461
cg_006,10d8a08e06654c89,"One event moved on your weekly calendar, which created an overlap between two activities—would you like to review the plans with me?",-0.03676632685939232,-0.04615008614163868,0.044678770652686745,0.03925879758381461
cg_006,5facc11f2142caed,There’s a scheduling overlap on your weekly calendar because one event changed time; do you want to go over the two plans together?,-0.021147703432411916,0.04764937805579865,0.044678770652686745,0.03925879758381461
cg_006,b01d92cd32ee58b9,I see an overlap on this week’s calendar—one event changed time and now two activities clash; would you like to review them together?,0.0007921348406497502,0.007137275089277441,0.044678770652686745,0.03925879758381461
cg_006,33e8ef1786be149d,Two events on your weekly schedule now overlap after one changed time—want to review the plans with me?,-0.032769903518152003,0.07311589816279056,0.044678770652686745,0.03925879758381461
cg_006,85fb5ea3a912a81a,An event changed time and caused two activities on your weekly calendar to overlap—do you want to look at both plans together?,0.022108000638403374,-0.013353730566032345,0.044678770652686745,0.03925879758381461
cg_006,6844bed429d4bbdc,One of the events on your weekly calendar has a new time and now overlaps with another—would you like to review the two plans with me?,-0.018473075761412487,0.015287477834852216,0.044678770652686745,0.03925879758381461
cg_006,02844446739626e0,"Because an event changed time, two items on your weekly calendar overlap; would you like to go over those plans together?",0.025167879087680117,-0.016323934914964748,0.044678770652686745,0.03925879758381461
cg_006,def788b623f69236,I noticed two entries on your weekly calendar overlap since one event changed time—do you want to review the plans together?,-0.026658289098533062,-0.04467106894660474,0.044678770652686745,0.03925879758381461
cg_006,921de0563cb7ace8,Two activities are clashing on your weekly schedule after one event moved—would you like to review the two plans with me?,-0.04455550730555889,-0.06362012366196808,0.044678770652686745,0.03925879758381461
cg_006,6b705625428b33b9,Your weekly calendar shows a time conflict because one event changed time—do you want us to look over the two plans together?,0.05601699365603053,0.01755755182555105,0.044678770652686745,0.03925879758381461
cg_006,dd2dcd0f4790ef11,There’s a conflict on your calendar this week: one event changed time and now two activities overlap; want to review the plans together?,-0.025735478707686908,0.0645023158461012,0.044678770652686745,0.03925879758381461
cg_006,eac3ff435bd4aa47,An event changed time and created an overlap on your weekly calendar—do you want to review the two plans together now?,0.00024158400109008764,-0.02053020596680094,0.044678770652686745,0.03925879758381461
cg_006,fca16f3b3c981353,I can see two activities overlap on your weekly calendar after one event changed time; would you like to go through the plans together?,-0.020108793808410883,0.023472855893384173,0.044678770652686745,0.03925879758381461
cg_006,e0ed4e5ee64de688,One event changed time and now two things on your weekly schedule overlap—do you want to review those plans with me?,-0.00045488545434552727,0.018196689842234676,0.044678770652686745,0.03925879758381461
cg_006,321573f262551fda,Your weekly calendar has an overlap because one event changed time; shall we review the two plans together?,-0.02121518922897052,0.04068073640681556,0.044678770652686745,0.03925879758381461
cg_006,a40395d663b9d5db,Two items on this week’s calendar are overlapping since one event moved—would you like to review them with me?,-0.020690419287183896,-0.09378303413547928,0.044678770652686745,0.03925879758381461
cg_006,b92c12d6fa7fdee4,"I noticed one event changed time, which made two activities overlap on your weekly calendar—do you want to look at the plans together?",0.01275434244904174,0.0032519053464188283,0.044678770652686745,0.03925879758381461
cg_006,418f8837478616da,"Because one event shifted, two activities now overlap on your weekly calendar—would you like to review both plans with me?",-0.03234399584810866,-0.04458301998161235,0.044678770652686745,0.03925879758381461
cg_006,e338c219396da11b,There’s an overlap on this week’s calendar after one event changed time—do you want to review the two plans together?,-0.06740477052391397,-0.04100759599219892,0.044678770652686745,0.03925879758381461
cg_006,741b1e394aea46b5,One event changed time and that causes an overlap between two activities on your weekly calendar—do you want to go over them together?,0.10390489288327734,-0.004345388144161741,0.044678770652686745,0.03925879758381461
cg_006,f7a19f309679c561,Two events now overlap on your weekly calendar because one changed time—would you like to take a look at the plans with me?,-0.03688550972730914,-0.011290950336041824,0.044678770652686745,0.03925879758381461
cg_006,0159b36d2b8ecc12,I see a conflict on your weekly calendar: one event changed time and now two activities overlap—do you want to review them together?,0.03879747997586151,0.04803004434192899,0.044678770652686745,0.03925879758381461
cg_006,c9e880d48e7e84aa,One event moved and created a scheduling overlap on your weekly calendar—would you like to review the two plans with me?,-0.09924039559167007,0.029083255879012226,0.044678770652686745,0.03925879758381461
cg_006,c5f3be703b8bf343,Two activities on your calendar for the week are overlapping after one event changed time—want to go over the plans together?,0.032926572131512025,0.13291426300850256,0.044678770652686745,0.03925879758381461
cg_006,c8895e3a27fb5868,There’s a clash on your weekly calendar since one event changed time—do you want us to review the two plans together?,-0.021456334736305,-0.042480318992697844,0.044678770652686745,0.03925879758381461
cg_006,61ab2ea7a240ae5f,I noticed your weekly schedule has two overlapping items because one event changed time—do you want to look at them together?,0.14122491429212886,0.039733942753117965,0.044678770652686745,0.03925879758381461
cg_006,236fcf60826a981b,"Because one event changed time, two things on your weekly calendar now overlap—would you like to review the plans with me?",-0.04675946487111873,-0.0240570379786922,0.044678770652686745,0.03925879758381461
cg_006,e5462b67169aab5b,Your calendar this week shows an overlap after one event changed time—do you want to review those two plans together?,-0.01722235133872929,-0.019581011924233727,0.044678770652686745,0.03925879758381461
cg_006,d8c34b2a94a6527a,Two of your scheduled activities are overlapping on the weekly calendar after one event changed time—would you like to review them with me?,0.008071021310938137,0.06451794736590505,0.044678770652686745,0.03925879758381461
cg_006,565faef9130fd313,One of the events on your weekly calendar changed time and now overlaps with another—shall we review the two plans together?,-0.02920732432253005,0.03732314609101447,0.044678770652686745,0.03925879758381461
cg_006,86fd7577906e505e,There’s a time conflict on your weekly calendar because one event changed time; would you like me to review the two plans with you?,-0.012842484119371469,0.005976563111529935,0.044678770652686745,0.03925879758381461
cg_006,9837c0fe1fc36c26,I noticed two activities on your weekly calendar overlap now since one event changed time—do you want to go over the plans together?,0.04431996365210544,0.012322876316687076,0.044678770652686745,0.03925879758381461
cg_007,558b85b86ab40474,Your shared ride is running late — how would you like to handle the pickup?,0.1206594182599755,0.0051655471974302895,0.044678770652686745,0.03925879758381461
cg_007,44942098b28ba0fa,The ride you were waiting for is delayed; do you want to wait or change the pickup plan?,0.05047989038569056,-0.05692452148412322,0.044678770652686745,0.03925879758381461
cg_007,57d49cdc56ea96f9,The shared ride's running late. What would you prefer we do about the pickup?,-0.0027708218396361346,-0.06018221083083747,0.044678770652686745,0.03925879758381461
cg_007,1f065b7b5d52f6a6,It looks like your ride is delayed; how would you like to proceed with pickup?,-0.046104995296702395,0.0235323998301959,0.044678770652686745,0.03925879758381461
cg_007,76f99f672b740119,Your ride is late — would you like to wait or make a different plan for pickup?,0.06873136046155395,-0.001243700958151679,0.044678770652686745,0.03925879758381461
cg_007,eb0d56439cb9aaef,The pickup is delayed; what would you like to do about it?,-0.017826700826277055,0.11583159163101261,0.044678770652686745,0.03925879758381461
cg_007,1a94cc2408a12c05,The shared ride didn't arrive on time. How do you want to handle the pickup now?,0.02199202270656696,-0.08076084902917675,0.044678770652686745,0.03925879758381461
cg_007,b3e254be193be514,Your scheduled ride is delayed; would you like to wait or switch the pickup arrangements?,-0.1315401503314507,-0.030922937588231857,0.044678770652686745,0.03925879758381461
cg_007,5815e1935ae477ff,The ride's running behind. What would you like me to do about the pickup plan?,-0.031649147761237374,-0.04294349734282149,0.044678770652686745,0.03925879758381461
cg_007,274eaab02e0debfd,The pickup is delayed — would you rather wait or change where or when you're picked up?,0.04375344424030155,-0.06022307710110912,0.044678770652686745,0.03925879758381461
cg_007,8681065df891522e,Your shared ride is delayed; how would you like to handle the changed pickup plan?,-0.0676233796694479,-0.013250812405824266,0.044678770652686745,0.03925879758381461
cg_007,f771cfaa9eac7977,The ride is late. Do you want to wait here or change the pickup?,0.08345365011134209,-0.1683716399474335,0.044678770652686745,0.03925879758381461
cg_007,cc388511fdc47f07,The shared ride's running late. How would you like to proceed with the pickup?,-0.02977232897381643,-0.0679770554434801,0.044678770652686745,0.03925879758381461
cg_007,0fbe921cdfa1d99c,Your ride is delayed; what would you prefer: wait or change the pickup plan?,0.019886822865309434,0.0077483830211949175,0.044678770652686745,0.03925879758381461
cg_007,b306eb3792128e71,The pickup's been delayed — how do you want to handle it?,0.036015155559834436,0.1352141700899475,0.044678770652686745,0.03925879758381461
cg_007,de18849168e2e1a8,The ride you expected is late. Would you like to wait or try a different pickup plan?,0.00741008289618836,-0.03615018684068891,0.044678770652686745,0.03925879758381461
cg_007,65ea4d88c9d4ae3b,The shared ride is delayed. What would you like to do about pickup?,-0.06795857228185713,-0.015533788920900002,0.044678770652686745,0.03925879758381461
cg_007,fcdc3d617a6097f4,Your ride is running late; how do you want to handle the pickup arrangements?,0.004357884429325942,0.06310150135523467,0.044678770652686745,0.03925879758381461
cg_007,11bc2e1d97d3a738,"The ride is delayed. Would you like to wait, or shall we change the pickup plan?",-0.13117872199400674,-0.035885827736818046,0.044678770652686745,0.03925879758381461
cg_007,664048fdb9bd562e,Your scheduled shared ride is late — how would you like to manage the pickup?,-0.04069797112489147,0.07100720658785815,0.044678770652686745,0.03925879758381461
cg_007,c2738b979ee60435,The pickup is running late. What would you prefer we do now?,0.10919082851714544,0.09346212853474029,0.044678770652686745,0.03925879758381461
cg_007,aec423068c494e95,Your ride didn't arrive on time; how would you like to handle the pickup?,0.11225926405212502,0.00441675551336361,0.044678770652686745,0.03925879758381461
cg_007,7ad1b0e97d8f3500,The shared ride is delayed — would you prefer to wait or change the pickup?,-0.018512475683834836,-0.12731240226931462,0.044678770652686745,0.03925879758381461
cg_007,e793264fd25f9bb3,The ride's late; what's your preference for the pickup plan?,0.0328614436756358,-0.04230793428465791,0.044678770652686745,0.03925879758381461
cg_007,7a1ecebc5b4ba8d3,The ride you were expecting is delayed. How would you like to handle the pickup now?,0.02409977799539255,0.05194480822042746,0.044678770652686745,0.03925879758381461
cg_007,77d7d6bee436717f,The pickup's delayed. Do you want to wait or change the plan?,-0.01644533137992586,0.014125668833386307,0.044678770652686745,0.03925879758381461
cg_007,7200eb8fdb198515,Your shared ride is running late. How would you like to handle the changed pickup plan?,-0.011301252722221246,0.0011484290427430013,0.044678770652686745,0.03925879758381461
cg_007,1683151e9965be11,The ride is delayed — would you like to wait here or do something different for pickup?,-0.003621241449736353,-0.036540831607147856,0.044678770652686745,0.03925879758381461
cg_007,ed7914531e68399d,The shared ride is late. What would you like to do about getting picked up?,0.0029435182112997407,-0.08611412460804532,0.044678770652686745,0.03925879758381461
cg_007,55486b3b922a9a42,Your ride is delayed. How do you want to handle the pickup situation?,0.014334040638460738,0.07846711278136773,0.044678770652686745,0.03925879758381461
cg_007,2e587e03fdf936a5,The pickup didn't arrive on time; how would you like to proceed?,0.017920051065656306,0.023548796599545452,0.044678770652686745,0.03925879758381461
cg_007,2ef7d32d5bf5a6b4,The shared ride's running late — what would you like to do regarding pickup?,-0.008191409441704472,-0.025381325887662357,0.044678770652686745,0.03925879758381461
cg_007,f1cae32ce24839ac,Your ride is delayed; would you like to wait or pick a different plan?,0.054251153901171245,-0.02744805932127172,0.044678770652686745,0.03925879758381461
cg_007,020cdc3ab0657f40,The pick-up is late. How would you like to handle it?,0.05924486599054726,0.07182518042384414,0.044678770652686745,0.03925879758381461
cg_007,8390ee1d507e0a0c,The ride you expected is running late. What would you like to do about the pickup?,0.044072204941543645,0.02629630548771686,0.044678770652686745,0.03925879758381461
cg_007,85d7c323181df64c,The shared ride is delayed; would you prefer to wait or change the pickup details?,-0.07977363060980805,-0.09354873370228432,0.044678770652686745,0.03925879758381461
cg_007,0a3b5687af80519d,The ride is late — what's your preference for handling pickup?,0.10202291878685404,-0.015897856181030012,0.044678770652686745,0.03925879758381461
cg_007,1d260c6b18ce1476,Your scheduled ride is delayed. How would you like to handle the pickup plan?,-0.11691691700816012,0.16273251166282837,0.044678770652686745,0.03925879758381461
cg_007,a4bbb708ea846a67,The pickup is running behind schedule; how do you want to handle it?,0.01788181670171934,0.1588045222505468,0.044678770652686745,0.03925879758381461
cg_007,7a881d28c20c6487,The ride you were expecting is delayed — how would you like to manage the pickup?,-0.028089691053535364,0.0673784728710768,0.044678770652686745,0.03925879758381461
cg_007,78bdf1b6f8698415,The shared ride didn't show up on time. Would you like to wait or change the pickup plan?,-0.05487002011727878,-0.14234741936491857,0.044678770652686745,0.03925879758381461
cg_007,2f9307cd9b7595eb,The ride's delayed. How would you like to handle the pickup arrangements now?,-0.08952123257608585,0.05066938633435307,0.044678770652686745,0.03925879758381461
cg_007,89840245ee5b4fd4,Your ride is late; would you like to wait or alter the pickup plan?,0.04217992194447633,-0.028456579040608967,0.044678770652686745,0.03925879758381461
cg_007,edc227b0cd914b69,The pickup's delayed — how would you like to handle the change?,-0.007861697797724783,0.06393076998697114,0.044678770652686745,0.03925879758381461
cg_007,ecd32cea8dcaefb6,The shared ride is running late. What would you like to do about the pickup plan?,-0.08777384839877721,0.005373723640752807,0.044678770652686745,0.03925879758381461
cg_008,f8599ed1873f25f1,Would you be comfortable moving this week's regular evening call to the morning?,0.039220444155127814,-0.08392637027505714,0.044678770652686745,0.03925879758381461
cg_008,960b52eeabe0f03e,Would it be okay with you if we moved our usual weekly call from the evening to the morning this week?,-0.06468450806064849,-0.06268133658944526,0.044678770652686745,0.03925879758381461
cg_008,a4f4064d18f1edf9,Are you alright with switching this week's regular weekly phone call from the evening to a morning time?,0.02532513893375086,0.008994944577564973,0.044678770652686745,0.03925879758381461
cg_008,2e94cb0b13bb1325,Would you mind if we rescheduled this week's usual evening call for the morning?,-0.1477062692635338,0.04818652109939081,0.044678770652686745,0.03925879758381461
cg_008,a33a9f0fbf00240f,Would you be okay with having our regular weekly call in the morning instead of the evening this week?,0.03257124726496061,0.04148050332152246,0.044678770652686745,0.03925879758381461
cg_008,54da3a25c27a6133,Is it all right if we shift this week's regular evening call to the morning?,-0.055100882708001134,0.043933471267617805,0.044678770652686745,0.03925879758381461
cg_008,48b6ae5c14dc7ba6,Would you prefer to keep our weekly call in the evening or would moving it to the morning this week be okay?,-0.02281455130882482,0.016617792938751517,0.044678770652686745,0.03925879758381461
cg_008,164ae4ae0d6bc7aa,Would moving this week's regular call from evening to morning work for you?,0.09263367149502812,0.04690608802617375,0.044678770652686745,0.03925879758381461
cg_008,c29ed8d86f0dd936,Are you comfortable if we take our regular weekly phone call in the morning this week instead of the evening?,0.0730454778478893,-0.018329046709934856,0.044678770652686745,0.03925879758381461
cg_008,25de55035b9782c9,"If it's okay with you, could we move this week's usual evening call to the morning?",0.03082731527865432,-0.06027325248903781,0.044678770652686745,0.03925879758381461
cg_008,a7e234236a5f69de,Would you be comfortable switching our regular weekly call to a morning slot this week?,-0.020973894409801963,0.0018834668896061928,0.044678770652686745,0.03925879758381461
cg_008,9b7723ba7b8aa25f,"Can we move this week's regular weekly evening call to the morning, or would you rather keep it as usual?",-0.015875549558804825,0.01599070456150662,0.044678770652686745,0.03925879758381461
cg_008,be2af05678b21a17,Would it bother you if we moved this week's evening call to the morning?,-0.02813424367671659,-0.19657049515562897,0.044678770652686745,0.03925879758381461
cg_008,b80253dccbb96765,Would you be fine with moving our usual weekly call this week from evening to morning?,-0.05760133038973572,0.0408830364215944,0.044678770652686745,0.03925879758381461
cg_008,837271753f15cf20,How would you feel about moving this week's regular call from the evening to the morning?,-0.008989883287513465,-0.07491944701933202,0.044678770652686745,0.03925879758381461
cg_008,aa6e3dd148b601d6,Would you be open to having our regular weekly call in the morning this week instead of the evening?,0.04765814602905501,0.021004922991164198,0.044678770652686745,0.03925879758381461
cg_008,7c9ab5d3b30a0434,Are you okay with changing our usual weekly call this week from the evening to the morning?,0.01264878911705442,0.03780115730304812,0.044678770652686745,0.03925879758381461
cg_008,35ffca60baab33df,"Would you prefer to move this week's evening call to the morning, or keep it in the evening?",0.07659946534600293,-0.08283028895370989,0.044678770652686745,0.03925879758381461
cg_008,ee55908f7af7267b,Would you be comfortable if we scheduled our weekly call for the morning this week rather than the evening?,-0.020965403061775238,0.06734924002958745,0.044678770652686745,0.03925879758381461
cg_008,daf7021c8736e448,Would moving our regular call to the morning this week be all right with you?,0.03342490645100362,-0.016085660625715738,0.044678770652686745,0.03925879758381461
cg_008,e0b0e036f712e0c8,Is it okay with you to change this week's usual evening call to a morning call?,0.06298299908328034,-0.04478800146530214,0.044678770652686745,0.03925879758381461
cg_008,775bffcd822aabb2,Would you mind if our regular weekly call this week took place in the morning instead of the evening?,-0.04301313657771019,0.0925055596818431,0.044678770652686745,0.03925879758381461
cg_008,e7f4f59d7f514362,Would it suit you to have our regular weekly call in the morning this week rather than the evening?,0.008255712627426533,0.06826134322458732,0.044678770652686745,0.03925879758381461
cg_008,9b7c38daee10c5c7,Would you be happy to switch this week's evening call to the morning?,0.0971682882468116,-0.13161591942791526,0.044678770652686745,0.03925879758381461
cg_008,0fcf6d91147d20d5,Is it okay if we take our regular weekly phone call in the morning this week instead of the evening?,-0.040645133874143716,0.09067370249198001,0.044678770652686745,0.03925879758381461
cg_008,f48b8c88e7ae43c3,Would you be comfortable if we bumped our regular weekly call from the evening to the morning this week?,0.027606680190597244,-0.0017079899323532224,0.044678770652686745,0.03925879758381461
cg_008,640c8553ed846811,"Would you prefer to move our weekly call this week to the morning, or keep the evening time?",0.01188870500563304,0.03060357996172479,0.044678770652686745,0.03925879758381461
cg_008,90ec649564b1c258,Would you be okay with rescheduling this week's regular weekly call from evening to morning?,-0.06046980979683428,0.14138588833278332,0.044678770652686745,0.03925879758381461
cg_008,c108f4977759d818,Would you be fine with switching our usual weekly call this week from evening to morning?,-0.04248306432806019,0.005757262697006795,0.044678770652686745,0.03925879758381461
cg_008,3a75327b6ffdf060,"Could we move this week's regular evening call to the morning, or would you rather not?",0.004256795458169101,-0.07595731074789648,0.044678770652686745,0.03925879758381461
cg_008,d904d6abc568f2d8,Would you be comfortable having our regular weekly call in the morning this week?,0.053496767575092974,0.045848536167605924,0.044678770652686745,0.03925879758381461
cg_008,83f03b4ebeaeb85a,Would you be agreeable to changing this week's regular call from evening to morning?,0.03551052925138578,-0.0244651279199151,0.044678770652686745,0.03925879758381461
cg_008,6b1294c1bc74d8db,Would it be okay to move our usual weekly call to the morning this week?,-0.1107923240865957,0.04615964097845039,0.044678770652686745,0.03925879758381461
cg_008,de4ed4938a6430de,Would you mind if we changed this week's regular evening phone call to a morning one?,-0.023478740147142466,-0.09798692729494893,0.044678770652686745,0.03925879758381461
cg_008,99cea41915011bc2,Are you comfortable with moving our regular weekly call this week to the morning?,0.010503088138108,0.027976257241525568,0.044678770652686745,0.03925879758381461
cg_008,162b9d875d81bcf6,Would you be okay if we rescheduled our usual weekly evening call for the morning this week?,-0.1145369611325448,0.07401602291495192,0.044678770652686745,0.03925879758381461
cg_008,43d2f60e7c4e0fcd,Would switching our regular weekly call to the morning this week be acceptable to you?,0.021155251623960508,0.004545588015560917,0.044678770652686745,0.03925879758381461
cg_008,28055fc28580e96a,Would you like to keep our regular call in the evening or try a morning time this week?,0.030344798227169532,0.05555348192205853,0.044678770652686745,0.03925879758381461
cg_008,9c01283250a1f449,Would you be willing to move this week's regular weekly call from evening to morning?,0.014251317854462533,-0.00761533076510975,0.044678770652686745,0.03925879758381461
cg_008,e0cb238461433ade,Would it be all right with you if our usual weekly call happened in the morning this week instead of the evening?,0.005264731519670985,0.03395048189034154,0.044678770652686745,0.03925879758381461
cg_008,727b508d5d5414e1,Would you prefer that we move this week's evening call to the morning?,-0.018196454713755042,-0.109885453471188,0.044678770652686745,0.03925879758381461
cg_008,607cc490a779240d,Would you feel comfortable changing our regular weekly call to a morning time this week?,0.0313397700341831,0.048892150942992034,0.044678770652686745,0.03925879758381461
cg_008,50d4a2374590f609,Would you object if we moved this week's regular call from the evening to the morning?,-0.06186458563210959,-0.11230296817986925,0.044678770652686745,0.03925879758381461
cg_008,d86136093a210dde,Would you be okay switching our regular weekly call to the morning for this week?,0.0025522969710307913,0.028357193633053984,0.044678770652686745,0.03925879758381461
cg_008,8c6c3141b2aa1974,Would you be comfortable with having our usual weekly call in the morning this week?,0.05133832996715383,0.036072335568616054,0.044678770652686745,0.03925879758381461
cg_008,7ffdf37f0a22dde7,Would you be okay if we took our regular weekly call in the morning this week rather than in the evening?,0.00957453210213497,0.03313531404077052,0.044678770652686745,0.03925879758381461
cg_008,32d71cd362e5c5bf,Would it trouble you if we shifted this week's regular evening call to the morning?,0.016881530219454217,-0.05278526211102164,0.044678770652686745,0.03925879758381461
cg_009,4656e77e8572b637,There’s a kitchen repair that will require access to the kitchen for about two hours; there are several ordinary time slots available—which one works for you?,0.11642192715653193,-0.05757127953614308,0.044678770652686745,0.03925879758381461
cg_009,992c3050aba766dd,A repair needs access to the kitchen for about two hours and you can choose from several ordinary time slots; which slot would you prefer?,0.011663283103901249,-0.0784532343667711,0.044678770652686745,0.03925879758381461
cg_009,d5ac28fc0802e730,The repair will take about two hours in the kitchen and we can pick from several ordinary time slots—what time suits you best?,-0.006789939585787346,0.0640387486168666,0.044678770652686745,0.03925879758381461
cg_009,30cc5b79efd95425,"I need to tell you that the kitchen repair requires access for about two hours, and there are several ordinary time slots we can choose from; which do you want?",0.01871356007621841,-0.07307488690867228,0.044678770652686745,0.03925879758381461
cg_009,ddcaadb3fda075ba,The kitchen will need to be accessible for about two hours for a repair; you can choose from several ordinary time slots—what do you prefer?,0.05332708816372288,-0.03445131495696471,0.044678770652686745,0.03925879758381461
cg_009,4ec13cb46f6ee5f5,There’s a two‑hour kitchen repair coming up and you can pick from several ordinary time slots—when would be convenient for you?,0.09858064625961127,-0.0001272760316491945,0.044678770652686745,0.03925879758381461
cg_009,bb71ac9b1c30ba13,"The repair requires about two hours of access to the kitchen, and there are several ordinary time slots available—do you have a preference?",-0.007715096152790468,-0.11004334118774634,0.044678770652686745,0.03925879758381461
cg_009,d5f9cf922d259b80,They’ll need about two hours in the kitchen for the repair; we can book one of several ordinary time slots—which do you prefer?,0.03449595349280419,-0.0549551422110401,0.044678770652686745,0.03925879758381461
cg_009,0057c17f222d12e4,The kitchen repair will take about two hours and can be scheduled in any of several ordinary time slots—what time works for you?,0.05102235932268792,0.0840581897973466,0.044678770652686745,0.03925879758381461
cg_009,194ccbe9fc73b56b,"Just so you know, a kitchen repair will require access for about two hours; there are several ordinary time slots to choose from—which would you like?",0.043885525390109315,-0.06325070806264915,0.044678770652686745,0.03925879758381461
cg_009,986ebc6eebe9d7bb,"A repair needs about two hours in the kitchen; we have several ordinary time slots open—would you rather morning, afternoon, or a specific slot?",0.018200369727990523,0.0046240465554989165,0.044678770652686745,0.03925879758381461
cg_009,4b2703bb35d51722,The repair will require access to the kitchen for about two hours and you get to choose from several ordinary time slots—when would you like it scheduled?,-0.060292873720781195,-0.026600346333732476,0.044678770652686745,0.03925879758381461
cg_009,2697abf6e78554cb,We need to arrange a kitchen repair that will take about two hours in the kitchen; there are several ordinary time slots—which one fits your schedule?,-0.019399348031770708,0.09691886673681455,0.044678770652686745,0.03925879758381461
cg_009,36c95d01059bc4ff,There will be a kitchen repair needing about two hours of access; you can pick from several ordinary time slots—what’s best for you?,0.05732114375472455,-0.039641492223954855,0.044678770652686745,0.03925879758381461
cg_009,ff97072ba170b39b,Heads up: the kitchen repair requires access for about two hours and can be set in one of several ordinary time slots—what time do you want?,0.0015329098358332245,0.003549348316199307,0.044678770652686745,0.03925879758381461
cg_009,8461df794c96e80c,A repair will need about two hours in the kitchen; we can choose from several ordinary time slots—do you have a preferred time?,0.023395638462013216,0.028034141918283517,0.044678770652686745,0.03925879758381461
cg_009,08bd981f50ac0104,The kitchen repair requires about two hours of access and we can schedule it in several ordinary time slots—what time would you like?,-0.0737934684575478,0.04249471608847144,0.044678770652686745,0.03925879758381461
cg_009,8e91a4b2ec5d7eae,There’s a repair that will take about two hours in the kitchen; you can choose from several ordinary time slots—when would you like me to book it?,0.018370211545511522,-0.07352972066663849,0.044678770652686745,0.03925879758381461
cg_009,74dc239d77c270cc,The kitchen needs to be available for about two hours for a repair; there are several ordinary time slots we can pick from—which suits you?,0.08426427547216277,-0.02876575668722179,0.044678770652686745,0.03925879758381461
cg_009,1e0201e87e452f43,I wanted to let you know the kitchen repair will require about two hours of access and can be scheduled in several ordinary time slots—what works for you?,0.032632334322670334,-0.017676515864553235,0.044678770652686745,0.03925879758381461
cg_009,9decabb2cfec43f6,They need about two hours in the kitchen for the repair; we have several ordinary time slots—which slot should I put down?,-0.08220882055023714,0.0028762048778014117,0.044678770652686745,0.03925879758381461
cg_009,33fc7c67d599eff9,The repair will take about two hours and requires access to the kitchen; you can choose from several ordinary time slots—what time is best?,-0.09075551865311421,0.03321895079686701,0.044678770652686745,0.03925879758381461
cg_009,9c1f45248196bb63,There’s a two‑hour repair for the kitchen coming up and you can pick one of several ordinary time slots—when would you like it scheduled?,0.06884196152892647,0.017018431483368845,0.044678770652686745,0.03925879758381461
cg_009,250199d9fd4543b6,The kitchen repair requires about two hours of access; we can arrange it in several ordinary time slots—do you have a preferred time?,-0.035086459896831505,-0.044608714135115864,0.044678770652686745,0.03925879758381461
cg_009,72ff855e0fb14ddd,Just a note: a repair that needs about two hours in the kitchen can be scheduled in several ordinary time slots—which would you like?,0.04473984188538059,0.0395297886355353,0.044678770652686745,0.03925879758381461
cg_009,b38a587fc67df101,We need to schedule a kitchen repair that will require about two hours of access; there are several ordinary time slots available—which do you prefer?,-0.05341443095351325,-0.0015293378735861344,0.044678770652686745,0.03925879758381461
cg_009,ce8edf16254dd5b8,The repair will require access to the kitchen for about two hours; there are several ordinary time slots—when would you like to schedule it?,-0.09709560757863489,0.027299670057548835,0.044678770652686745,0.03925879758381461
cg_009,bd005ab9743c294f,There’s a kitchen repair that will need about two hours in the kitchen; you can choose from several ordinary time slots—what time suits you?,0.09082581887499114,0.030571943937963683,0.044678770652686745,0.03925879758381461
cg_009,d39a395001cc8c9a,I need to schedule a repair that requires about two hours of access to the kitchen; there are several ordinary time slots—do you have a preference?,-0.06609856744914908,-0.005929792155697562,0.044678770652686745,0.03925879758381461
cg_009,9376126c41032a81,The kitchen will need to be available for about two hours for a repair and we can pick from several ordinary time slots—when would you like it done?,0.009414806379135922,0.028652978253508335,0.044678770652686745,0.03925879758381461
cg_009,0ab0790d1bcfaec1,A repair requiring about two hours in the kitchen must be scheduled; you can choose from several ordinary time slots—which time works for you?,0.07190846406310318,0.0900135287286617,0.044678770652686745,0.03925879758381461
cg_009,8e484c5b6145c748,The kitchen repair will take about two hours and can be set during any of several ordinary time slots—what time would you prefer?,-0.011135437205333887,0.05076794865969521,0.044678770652686745,0.03925879758381461
cg_009,9f9b94b1e36f7e5a,The repair needs about two hours of access to the kitchen; we have several ordinary time slots to choose from—which would you like me to request?,-0.09842436588354186,-0.05764957875520088,0.044678770652686745,0.03925879758381461
cg_009,82b6d884113ab41f,There’s a repair that will require about two hours in the kitchen and several ordinary time slots are available—when would you like it scheduled?,-0.03267728465689196,0.04492694667940563,0.044678770652686745,0.03925879758381461
cg_009,4cb7225233775aa3,"A kitchen repair will require about two hours of access, and you can pick from several ordinary time slots—what do you prefer?",0.021564318400441873,-0.056722280985827864,0.044678770652686745,0.03925879758381461
cg_009,b22e2d97acdafed5,I need to schedule a kitchen repair that will take about two hours; there are several ordinary time slots to choose from—what time would you like?,-0.042168415901224165,0.08811917865549412,0.044678770652686745,0.03925879758381461
cg_009,d94a3f8dd5ac2603,The kitchen repair will require access for about two hours and can be booked in any of several ordinary time slots—which one should I arrange?,-0.16591132976505402,-0.018329780772431147,0.044678770652686745,0.03925879758381461
cg_009,600e09742d90a714,There will be a repair in the kitchen needing about two hours of access; you can choose from several ordinary time slots—when is best for you?,0.03988190592277049,-0.013430621165243652,0.044678770652686745,0.03925879758381461
cg_009,b5a5980471995f47,Please note the kitchen repair needs about two hours in the kitchen and can be scheduled during several ordinary time slots—what time do you want?,-0.02047258958468088,0.08361122106889544,0.044678770652686745,0.03925879758381461
cg_009,ce4c2988b785699c,A repair that requires about two hours of access to the kitchen must be scheduled; there are several ordinary time slots—which do you prefer?,0.003963778217714855,-0.044443836884033236,0.044678770652686745,0.03925879758381461
cg_009,4f39a97025f22c1e,The kitchen repair will require about two hours of access; we can schedule it in any of several ordinary time slots—what time suits you?,-0.051528567332073436,0.04046010790064674,0.044678770652686745,0.03925879758381461
cg_010,fe87c42179297c67,They can't make it this week; would you like to choose another day for the visit?,-0.07498850177304288,-0.0411610345514012,0.044678770652686745,0.03925879758381461
cg_010,0267cab89d16ce2b,Your family member won't be able to visit this week—do you want to pick another day?,0.14155595453480063,0.02000971284236295,0.044678770652686745,0.03925879758381461
cg_010,c7e5d122e14fe365,They had to cancel their visit this week; would you like to pick a different day?,-0.14296763713790367,-0.06953902579078462,0.044678770652686745,0.03925879758381461
cg_010,cd16a97e577e6546,The visit won't happen this week; do you want to pick another day that works for you?,-0.020350893590650954,-0.03190665111134564,0.044678770652686745,0.03925879758381461
cg_010,1a04ddd909a05248,They can't come this week—would you like to set another day for their visit?,-0.05496108599510573,-0.027854681241930444,0.044678770652686745,0.03925879758381461
cg_010,820a3e98c9672e41,I wanted to tell you they won't be here this week; do you want to choose another day?,0.2020400772586668,0.010072061348888757,0.044678770652686745,0.03925879758381461
cg_010,bc4fb604d68a771e,They won't be visiting this week; would you like to arrange a different day?,-0.14181831057020494,0.05379549945914558,0.044678770652686745,0.03925879758381461
cg_010,5a76f11fc15667f6,The planned visit is off for this week—do you want to choose another day?,-0.13652566590414789,-0.03868619814050858,0.044678770652686745,0.03925879758381461
cg_010,7786b784cbd4b622,They can't visit this week; would you like to pick an alternate day?,-0.036037508463724374,0.07278270774729315,0.044678770652686745,0.03925879758381461
cg_010,49889a7c75b59bb0,Your family member can't come this week—do you want to select another day?,0.23353389914683897,0.050799075432696746,0.044678770652686745,0.03925879758381461
cg_010,ef9eb0e63ba7bb63,They won't be able to come this week; would you like to pick a new day to meet?,0.07250941464896986,0.09961711510255747,0.044678770652686745,0.03925879758381461
cg_010,02122cf236c4602b,The visit can't happen this week—do you want to choose another day?,-0.07221332422709718,-0.1472299474529598,0.044678770652686745,0.03925879758381461
cg_010,632ecddbff7c79fc,They've had to cancel this week's visit; would you like to agree on another day?,-0.10295065450564561,-0.12841846383302377,0.044678770652686745,0.03925879758381461
cg_010,dbd053311e30ff26,They can't make it this week—do you want to pick another day to reschedule?,0.07144214417365516,0.2734395665467795,0.044678770652686745,0.03925879758381461
cg_010,7c94be58cc7a2d1b,The visit is canceled for this week; would you like to choose another day?,-0.1679019553763127,-0.08087604011122906,0.044678770652686745,0.03925879758381461
cg_010,b24b0aefe2bf45cc,They won't be coming this week—would you like to pick a different day for the visit?,-0.10798212986161695,-0.01505054825745457,0.044678770652686745,0.03925879758381461
cg_010,9c7d561b9373338c,They can't come this week; would you like to pick a day instead?,0.14467430035757783,0.12616369423192741,0.044678770652686745,0.03925879758381461
cg_010,b4310cb1a3b06ec9,The visit won't take place this week—do you want to choose another day?,-0.10009469328256893,-0.12157288637619022,0.044678770652686745,0.03925879758381461
cg_010,1ca952c9e811c29a,They can't come this week—do you want to choose another date for the visit?,-0.12626724998793634,-0.0606602328584653,0.044678770652686745,0.03925879758381461
cg_010,42838bfdfc357560,Your family member can't make it this week; would you like to choose another day to meet?,0.2510348963609367,0.11960913907359944,0.044678770652686745,0.03925879758381461
cg_010,0ca71daf2618a21a,They won't be able to visit this week—do you want to pick another day?,-0.017427812833252808,0.003228271564246491,0.044678770652686745,0.03925879758381461
cg_010,89fe11819020fdc5,They can't make it this week; would you like to choose an alternative day?,0.13668839450041714,0.1671405396052167,0.044678770652686745,0.03925879758381461
cg_010,f391e629203245fd,The planned visit is off this week—would you like to pick another day?,-0.14466544373661086,0.015421042934452352,0.044678770652686745,0.03925879758381461
cg_010,15dc3a0a4416f72f,They can't come this week; do you want to choose another day for their visit?,-0.02413584163982915,-0.11471434086100343,0.044678770652686745,0.03925879758381461
cg_010,1c144aeca9d07bd4,They won't be able to come this week—would you like to pick a new day?,0.10119702111382309,0.11491315702712333,0.044678770652686745,0.03925879758381461
cg_010,b49be902d95c1fd7,They had planned to visit this week but can't—do you want to choose another day?,-0.09813500694686642,-0.08869515770442192,0.044678770652686745,0.03925879758381461
cg_010,7c1087f7ba0b1ab4,They can't visit this week; would you like to choose another day that works for you?,0.049108446776939325,0.05517570133949161,0.044678770652686745,0.03925879758381461
cg_010,60929b757134aa59,The visit is postponed this week—do you want to pick another day?,-0.22186193296085518,0.03218359214292851,0.044678770652686745,0.03925879758381461
cg_010,b7c3e7746a52b9af,They're unable to visit this week—would you like to choose another day?,-0.025497887017060482,-0.007068520733668022,0.044678770652686745,0.03925879758381461
cg_010,133a477eaa51ec57,They can't come this week—do you want to decide on another day?,0.14669724136753526,0.05533574446701455,0.044678770652686745,0.03925879758381461
cg_010,c857a7477baf6de5,They won't be coming this week—would you like to pick another day for a visit?,-0.05262859841856664,0.004950017724010163,0.044678770652686745,0.03925879758381461
cg_010,4d782c520dd57071,They can't make it this week; do you want to choose another day to get together?,0.22464529551663814,0.07274731966736764,0.044678770652686745,0.03925879758381461
cg_010,f32bd6504654c90d,They've had to cancel this week's visit—would you like to choose another day?,-0.10747389014952585,-0.1141406378138265,0.044678770652686745,0.03925879758381461
cg_010,48414d45e270c2da,They can't visit this week—do you want to pick another day to meet?,0.013090736806908266,0.01652808327199271,0.044678770652686745,0.03925879758381461
cg_010,36766828c11053b3,The visit can't happen this week—would you like to choose another day?,-0.08643653727624964,-0.1127345446566672,0.044678770652686745,0.03925879758381461
cg_010,7af58188a3badf9a,They won't be here this week—do you want to choose another day for the visit?,-0.02628548982442801,-0.1146502349754171,0.044678770652686745,0.03925879758381461
cg_010,21db10545b06178b,They can't come this week; would you like to select another day?,0.12769859908351847,0.1016276423983663,0.044678770652686745,0.03925879758381461
cg_010,58dc419a66290582,Your visitor can't make it this week—would you like to choose another day?,0.101920341744378,-0.006477859177764512,0.044678770652686745,0.03925879758381461
cg_010,1cd14d0d7cb66f79,They won't be coming this week—do you want to select another day to see them?,0.10963358444275963,0.0335276273639435,0.044678770652686745,0.03925879758381461
cg_010,b9bd2e14597d67a6,They can't make it this week; would you like to pick another day that suits you?,0.2391184116799977,0.14410968298720275,0.044678770652686745,0.03925879758381461
cg_010,f440d96bbb57f6c2,The visit is off this week—would you like to pick another day to meet them?,-0.11074778441179116,-0.06035577737442198,0.044678770652686745,0.03925879758381461
cg_010,a124b1081afb420a,They can't come this week—do you want to pick another day to have the visit?,-0.05113014888582676,-0.09312180864833297,0.044678770652686745,0.03925879758381461
cg_010,956afa41c61431b7,They can't make it this week; would you like to choose an alternative day for the visit?,-0.1263960959391293,0.003972668395142981,0.044678770652686745,0.03925879758381461
cg_010,be00ef0f97a5bdd8,The visit won't happen this week—would you like to choose a different day?,-0.1316840544888481,-0.11200250486345517,0.044678770652686745,0.03925879758381461
cg_010,ba31e5c25beb24f4,They can't come this week; do you want to choose another day to see them?,0.14297737569043772,-0.06023256613947843,0.044678770652686745,0.03925879758381461
cg_011,4839489a487580a9,The community center is holding an optional social event this weekend—are you interested in going?,-0.016460991955515557,0.0057764399724720365,0.044678770652686745,0.03925879758381461
cg_011,c93ee408d2c68167,There's an optional social event at the community center this weekend; would you like to go?,0.0214653973522541,-0.040092924555014314,0.044678770652686745,0.03925879758381461
cg_011,a20b917552c5dd3b,I wanted to tell you the community center has an optional social event this weekend—are you interested in attending?,-0.0025695706859628366,0.01841022443310318,0.044678770652686745,0.03925879758381461
cg_011,3200366f1cb713c1,The community center will have an optional social event this weekend; do you want to go?,-0.007820436398172197,-0.041353788139946265,0.044678770652686745,0.03925879758381461
cg_011,7f770e6787b3566b,This weekend the community center is hosting an optional social event—would you be interested in going?,-0.027845545356297713,0.004111813234479582,0.044678770652686745,0.03925879758381461
cg_011,8ebb3b76cc91ab5d,"Just so you know, the community center is running an optional social event this weekend; are you interested in going?",0.009341782680028037,0.015087030734734556,0.044678770652686745,0.03925879758381461
cg_011,45b26c558f473d90,The community center is putting on an optional social event this weekend—do you think you'd like to go?,0.024233526042926834,-0.03980603848877774,0.044678770652686745,0.03925879758381461
cg_011,0a8ecce77bf80bfa,They're having an optional social event at the community center this weekend; are you interested in going?,-0.07539402795993524,-0.07202722833703065,0.044678770652686745,0.03925879758381461
cg_011,7d9521e058fc4074,There’s an optional social event at the community center this weekend—do you want to attend?,0.07712347823258073,0.0056347749401381595,0.044678770652686745,0.03925879758381461
cg_011,0fde51c791a9050a,The community center is holding an optional social event this weekend; how do you feel about going?,-0.021106417481962396,-0.034905035486936076,0.044678770652686745,0.03925879758381461
cg_011,26190a881c323ab1,I heard the community center has an optional social event this weekend—would you be interested in attending?,-0.07347638926737299,0.026419598728314404,0.044678770652686745,0.03925879758381461
cg_011,a74e738445ab9a4a,The community center has an optional social event this weekend; are you interested in going to it?,-0.04164091462059248,-0.005143314233185007,0.044678770652686745,0.03925879758381461
cg_011,744ab92d928b4e5f,The community center is offering an optional social event this weekend—would you like to go?,-0.003915076931794326,-0.015677795787115013,0.044678770652686745,0.03925879758381461
cg_011,12020ba9498e9d4d,I wanted to mention the community center's optional social event this weekend—are you interested in going?,-0.03993872985978299,0.005992115894361305,0.044678770652686745,0.03925879758381461
cg_011,c1b319ee6b7a915b,The community center is hosting an optional social event this weekend; would you be keen to go?,-0.02854820046898955,-0.016936157571487736,0.044678770652686745,0.03925879758381461
cg_011,c2068ee12ab1f165,There's an optional social event at the community center this weekend—are you interested in joining?,0.07344003292204253,0.005309369936389281,0.044678770652686745,0.03925879758381461
cg_011,df85f7cdd1db261b,The community center will hold an optional social event this weekend—do you feel like going?,0.025204055366209437,-0.009516334225971111,0.044678770652686745,0.03925879758381461
cg_011,0ab3fb7644334c81,The community center is having an optional social event this weekend; would you consider going?,-0.0482524278597066,0.0040591577296753036,0.044678770652686745,0.03925879758381461
cg_011,eb3b2870bc552536,This weekend the community center has an optional social event—are you up for going?,0.03502910789717787,0.028631582376728845,0.044678770652686745,0.03925879758381461
cg_011,04a788b36dfb5391,"Just to let you know, the community center has an optional social event this weekend—are you interested in attending?",0.010188388837830065,0.02255956972904,0.044678770652686745,0.03925879758381461
cg_011,7f0f6bf69a679584,The community center is arranging an optional social event this weekend—would you want to go?,-0.026108682547263822,-0.005055968667563497,0.044678770652686745,0.03925879758381461
cg_011,92818b326a8ad246,I wanted to tell you the community center is hosting an optional social event this weekend; are you interested in going?,-0.03875032608063994,0.012394272963551695,0.044678770652686745,0.03925879758381461
cg_011,88a0d5b13eeec2b7,The community center has an optional social event this weekend—do you think you'd like to attend?,0.022203624071649705,-0.005827327913566218,0.044678770652686745,0.03925879758381461
cg_011,e936f934dad3f928,There's an optional social event at the community center this weekend—would you be interested in going?,-0.006265992594860064,-0.010067830278950599,0.044678770652686745,0.03925879758381461
cg_011,8a78965ea40e81a4,The community center is holding an optional social event this weekend; do you want to go to that?,0.029218761831619824,-0.03271585907255159,0.044678770652686745,0.03925879758381461
cg_011,081b9bd17fe4fc53,This weekend the community center is running an optional social event—are you interested in going along?,0.03218249689692959,0.05436817346092161,0.044678770652686745,0.03925879758381461
cg_011,55cd5d0a237ed04f,The community center is organizing an optional social event this weekend—would you like to attend?,0.014696321613222287,0.06946036698146442,0.044678770652686745,0.03925879758381461
cg_011,9eac2925f7780934,I just found out the community center has an optional social event this weekend—are you interested in going?,-0.0597598881951312,-0.012164046476613124,0.044678770652686745,0.03925879758381461
cg_011,44a813bb70cec7bf,The community center is having an optional social event this weekend—would you be interested in attending?,-0.03041077550101577,0.014080631962238396,0.044678770652686745,0.03925879758381461
cg_011,27e0c0bd4f44764e,There's an optional social event at the community center this weekend; do you want to go to it?,0.062278036712765536,-0.04890990232411719,0.044678770652686745,0.03925879758381461
cg_011,efff9ca7ebb2ab06,The community center is holding an optional social event this weekend—do you feel like attending?,0.05658776132091416,-0.026952640575778408,0.044678770652686745,0.03925879758381461
cg_011,cdd6328b26534080,This weekend the community center will host an optional social event; are you interested in going?,-0.037370028597907834,0.015967967416866978,0.044678770652686745,0.03925879758381461
cg_011,ea7adefef5399c02,The community center has an optional social event this weekend—would you be interested in going?,-0.05034441649397596,-0.00747337747953224,0.044678770652686745,0.03925879758381461
cg_011,f2c70b09eb112169,The community center is putting on an optional social event this weekend; are you interested in attending?,0.004928009927356284,0.050534646538836665,0.044678770652686745,0.03925879758381461
cg_011,a5b8148d28ca4774,There's an optional social event at the community center this weekend—do you think you'd like to go?,0.0459059662883957,-0.07483368824706568,0.044678770652686745,0.03925879758381461
cg_011,0fe42877a9c38dc6,The community center will have an optional social event this weekend—are you interested in going?,-0.04712335901075175,0.01529759358362754,0.044678770652686745,0.03925879758381461
cg_011,444135943bb92968,I wanted to let you know the community center is holding an optional social event this weekend—would you like to go?,-0.01076899522773939,-0.051957205523660316,0.044678770652686745,0.03925879758381461
cg_011,5500d11720b8981b,There's an optional social event at the community center this weekend—are you interested in going along?,0.04146885986445949,0.041910829372208115,0.044678770652686745,0.03925879758381461
cg_011,867faf8844dc7fa7,The community center is offering an optional social event this weekend—do you want to attend?,0.040747437645059476,0.028002922621634098,0.044678770652686745,0.03925879758381461
cg_011,6ab31f98cd533353,The community center is hosting an optional social event this weekend; are you interested in going?,-0.03694426297741414,0.022558020914381152,0.044678770652686745,0.03925879758381461
cg_011,c309d279f6be3430,The community center has an optional social event this weekend—do you want to go to that?,0.02070599789238352,-0.02001439436142652,0.044678770652686745,0.03925879758381461
cg_011,00b5ee8cf862ee2a,The community center is running an optional social event this weekend; are you interested in attending?,0.003937830483746604,0.057166405172977434,0.044678770652686745,0.03925879758381461
cg_011,eb3b944fa5f277db,There's an optional social event at the community center this weekend—would you consider going?,0.013687147185892926,0.02051890134107249,0.044678770652686745,0.03925879758381461
cg_011,1f1c867d838a81ee,The community center is holding an optional social event this weekend—do you want to go with that in mind?,0.06624143500733994,0.027178447707071975,0.044678770652686745,0.03925879758381461
cg_012,076ed392b0a5ee23,"I found a simpler way to organize that task, but the current setup still works—would you like to talk about switching?",-0.06638647960725622,-0.08519785116714004,0.044678770652686745,0.03925879758381461
cg_012,98e94778afeb36f0,"There's a simpler method I came across for handling that recurring task, and our current arrangement is still fine; do you want to consider it?",0.05712190680754071,0.16954284896527988,0.044678770652686745,0.03925879758381461
cg_012,007cd02bf3e75eb6,"I think I found a simpler approach for organizing this, though what we have now is still workable—would you like to hear more?",0.039259537442382655,-0.04745763249795,0.044678770652686745,0.03925879758381461
cg_012,9e29c6ef5f4581a4,"I found an easier way to organize the household task; the way you have it now still works, but would you like to discuss changing it?",0.0886083689630999,0.05691719363872896,0.044678770652686745,0.03925879758381461
cg_012,9005b03ebc89f20b,"I noticed a simpler way to set up this task, and our current system is still OK—do you want to go over the idea?",0.07550045061014764,0.018504897520558804,0.044678770652686745,0.03925879758381461
cg_012,fcfb83f51c752145,I have a simpler way to organize that job; the current arrangement is still usable—are you interested in talking about switching?,-0.19784461881457366,-0.27072552091071717,0.044678770652686745,0.03925879758381461
cg_012,683ea373c613210c,"There's an easier way to organize the recurring task that I found, but the current arrangement still works; would you like to consider changing it?",0.04765873877150611,0.11536179818980977,0.044678770652686745,0.03925879758381461
cg_012,c182ed767c36667b,"I came up with a simpler organization for the task, though the current setup is still working—shall we talk about whether you want to change it?",-0.0021513256200970266,-0.039864197937193264,0.044678770652686745,0.03925879758381461
cg_012,b2f0801b47fc6929,I found a simpler way to handle that recurring chore; what we have now still works—do you want to discuss trying the new method?,0.12002716435028438,0.09457308164604179,0.044678770652686745,0.03925879758381461
cg_012,66cf28b11c8aeef3,I found a simpler option for organizing the task; the existing arrangement still functions—are you open to discussing it?,0.08953460900498553,0.08156269946724175,0.044678770652686745,0.03925879758381461
cg_012,6987aab35866cad0,"I discovered a simpler way to arrange that task, but the way you have it now still works—would you like to go over the alternative?",0.1448824944219375,0.008964385864087956,0.044678770652686745,0.03925879758381461
cg_012,4ba1fea898c49ebb,I've thought of a simpler organization for this task; the current method still works fine—do you want to consider switching?,-0.09959786435844145,-0.20153422604253488,0.044678770652686745,0.03925879758381461
cg_012,8d7350debefffa52,"I worked out a simpler way to organize that routine chore, and the current arrangement is still workable—shall we talk about it?",-0.10245474598479508,0.1702961466315413,0.044678770652686745,0.03925879758381461
cg_012,65d842182cd69dcd,"There's a simpler way I can suggest for organizing that task, while the current setup still works—do you want to hear about it?",0.028562150514891884,0.15749045707165585,0.044678770652686745,0.03925879758381461
cg_012,4230abfbaa87198c,"I think there's a simpler way to set up this recurring task, although what we have now is still fine—would you like to consider it?",0.1460451764872177,0.14072792657723732,0.044678770652686745,0.03925879758381461
cg_012,c07c1b0db9e97065,I found a simpler arrangement for the household task; the current one still works—do you want to discuss whether to change it?,0.023441575824012836,0.007571050162552774,0.044678770652686745,0.03925879758381461
cg_012,e0f7e14c49c6328e,"I've come across a simpler method for that task, but the current arrangement is still usable—would you like to talk through it?",-0.040711537625575195,0.09368301340343471,0.044678770652686745,0.03925879758381461
cg_012,0ba83514d0440634,I have an idea for a simpler way to organize the task; the current setup still works—are you interested in discussing it?,-0.00812299109815542,0.2103891371311036,0.044678770652686745,0.03925879758381461
cg_012,e3347aa588e1d57b,I noticed a simpler setup for this chore; our current arrangement is still okay—would you like to consider switching to it?,-0.18579798703717346,-0.21689628112097847,0.044678770652686745,0.03925879758381461
cg_012,65454b091e1a0b3e,"I found a simpler way to organize that recurring task, and since the current arrangement still works, do you want to talk about adopting it?",0.13155909169143065,0.0833144560727406,0.044678770652686745,0.03925879758381461
cg_012,3d0345050da444e3,"There's a simpler way I thought of to handle the task, but the current arrangement still works—do you want to go over the idea together?",0.07884312908243994,0.04075472630553036,0.044678770652686745,0.03925879758381461
cg_012,0c8a31bd97809edd,"I came up with a simpler alternative for organizing that task, yet the current setup still works—would you like to hear what it is?",0.08971644748770816,0.12966736209497776,0.044678770652686745,0.03925879758381461
cg_012,c7e5f487459fce2d,I found an easier way to manage this task; the current arrangement is still fine—should we talk about whether you'd like to change it?,-0.05898803943782184,-0.10132177872027404,0.044678770652686745,0.03925879758381461
cg_012,e85e1d58a76f67f7,I discovered a simpler way to organize the chore; the way it's set up now still works—do you want to consider trying the new approach?,0.07564372576141873,0.014641854927130165,0.044678770652686745,0.03925879758381461
cg_012,5f1bbdb965ab17e9,"I thought of a simpler organization for the recurring task, and the current arrangement still does the job—would you be open to discussing it?",0.062112090908186465,0.08730016213951146,0.044678770652686745,0.03925879758381461
cg_012,049d51aa5c319111,I have a simpler method for organizing that task; the current setup still works—do you want to discuss possibly switching?,-0.10830573439692001,-0.0603580644822207,0.044678770652686745,0.03925879758381461
cg_012,e99222778f23960b,"I found a simpler way to handle the household task, though what we have now is still workable—are you interested in talking about it?",0.13179592156520803,0.10856559367236435,0.044678770652686745,0.03925879758381461
cg_012,ef6d72f7915dc991,"There's a simpler arrangement I could suggest for this task, and your current system still works—would you like to go over the option?",0.030901461015558816,-0.05188582501643267,0.044678770652686745,0.03925879758381461
cg_012,93b2dfe36ce64823,I found a simpler system for organizing that task; the current arrangement still works—do you want to consider making the change?,-0.010124087802822496,-0.009918645511297284,0.044678770652686745,0.03925879758381461
cg_012,bdc0205a90e7d1c6,"I have an idea for a simpler way to set this up, but the current arrangement still functions—shall we discuss whether you'd like to switch?",-0.15838862221054112,-0.28148630812176,0.044678770652686745,0.03925879758381461
cg_012,9a8d8702da287a46,"I came across a simpler approach to the recurring task; since the current arrangement still works, would you like to think about changing it?",0.05242852326093146,0.10887879154739306,0.044678770652686745,0.03925879758381461
cg_012,d67766fb78ab8521,I noticed a simpler way to organize it; the existing arrangement still works fine—would you like to talk about trying the alternative?,-0.11597171024829711,-0.1470054335071578,0.044678770652686745,0.03925879758381461
cg_012,dcc63f9307401604,"I've found a simpler way to manage that task, although the current setup still works—do you want to consider changing it?",-0.0009690191655880292,0.008926699314467712,0.044678770652686745,0.03925879758381461
cg_012,26cbd03ce660dd0a,"There’s a simpler way to set up the household task that I found, and the current arrangement still works—do you want to discuss switching?",-0.04546684133038377,-0.13037681156920702,0.044678770652686745,0.03925879758381461
cg_012,2a0b52f8b7e89fdc,I have a simpler idea for organizing this task; the current system still works—would you like to hear it and consider changing?,0.007774991710329133,0.038937043568660644,0.044678770652686745,0.03925879758381461
cg_012,550e71e2f5d0dba8,"I found a simpler solution for arranging that task, but our current arrangement still works—would you like to go over the alternative?",-0.06752903493563403,0.011358944965915822,0.044678770652686745,0.03925879758381461
cg_012,663090df19bc3c4c,I thought of an easier way to organize the recurring task; the current setup still works—do you want to discuss whether to switch?,0.008547790402300956,0.0521258113038719,0.044678770652686745,0.03925879758381461
cg_012,bfe472d70a3cccd6,I came up with a simpler way to do that task; the way it's arranged now still works—would you be open to talking about switching?,0.011579347350704988,-0.22446257051883936,0.044678770652686745,0.03925879758381461
cg_012,8817b12e0c398d12,I discovered an easier approach to organizing the task; the current arrangement remains workable—do you want to think about changing to it?,0.02222467485308323,-0.0253474550567135,0.044678770652686745,0.03925879758381461
cg_012,615f5a417714d77d,"I found a simpler way to organize that chore, while the current arrangement still works—would you like to hear about the option?",-0.1341966324787278,0.01479615669775276,0.044678770652686745,0.03925879758381461
cg_012,0e4789ddb441ec49,I have a simpler arrangement idea for that recurring task; your current setup still works—are you interested in discussing a change?,0.026369987669014376,0.08128825641646598,0.044678770652686745,0.03925879758381461
cg_012,854dc4cccab2b9ce,"I noticed an easier way to organize this, and since the current arrangement still works, would you like to consider switching to it?",-0.17883893405570445,-0.2797122458558307,0.044678770652686745,0.03925879758381461
cg_012,d02906d7d2cbf796,"I found a simpler method for that task, but the current arrangement is still working—do you want to discuss whether you'd like to change?",0.009959011759370695,-0.12261273892790614,0.044678770652686745,0.03925879758381461
cg_012,af5ad9c186fae2f6,I thought of a simpler way to organize the household task; the present arrangement still works—would you like to review the alternative?,-0.026233775577042744,0.08654321279664887,0.044678770652686745,0.03925879758381461
cg_012,c2e8f15cf5238255,"There's a simpler way I can suggest for handling this task, though the current arrangement still works—do you want to consider it?",-0.016510540570390267,0.049435692383854965,0.044678770652686745,0.03925879758381461
cg_012,b268ace2940d12f1,"I found a simpler way to arrange that recurring task, and our current setup still works—would you like to talk about trying it?",0.039301637777696186,0.20861487958756214,0.044678770652686745,0.03925879758381461
cg_012,3aedbf70706778ca,I've found a simpler way to set up the task; the current arrangement still does the job—do you want to discuss whether you'd like to switch?,-0.007941039315052733,-0.18628333653357296,0.044678770652686745,0.03925879758381461
cg_012,ed3cfde38e3e6528,"I discovered a simpler way to organize the task, but the current arrangement still works—would you like to consider talking about changing it?",-0.006868443822394724,0.03171264343360296,0.044678770652686745,0.03925879758381461
cg_013,b26a4108b25b4de9,The package that was expected today will arrive tomorrow; would you like it left at the door or handed to you in person?,0.020600936130365996,-0.011659596042978362,0.044678770652686745,0.03925879758381461
cg_013,a490e6665e72473c,The delivery due today is delayed until tomorrow — should we have it left at the door or given to you directly?,-0.14578906318428975,0.14077487520557785,0.044678770652686745,0.03925879758381461
cg_013,09f811664feeee10,They say the package coming today will come tomorrow instead; do you want it left at the door or handed to you?,0.046310330874979884,-0.007906964631970274,0.044678770652686745,0.03925879758381461
cg_013,092582a2f3ea4fc3,Your package won't arrive today but tomorrow; would you prefer it left at the door or handed over in person?,0.05384866719356702,-0.05014518315261624,0.044678770652686745,0.03925879758381461
cg_013,5bdffaf4c61296a6,The package expected today is coming tomorrow; would you like them to leave it at the door or hand it to you?,0.03852046143543496,0.008941406965201631,0.044678770652686745,0.03925879758381461
cg_013,032d51a098be3cf0,The parcel that was due today will show up tomorrow — would you prefer doorstep delivery or for it to be handed to you?,-0.02667977685039879,-0.05887281754783194,0.044678770652686745,0.03925879758381461
cg_013,d90e702fbfe1c5fc,The package scheduled for today is delayed to tomorrow; do you want it left at the door or given to you in person?,-0.018835144396331657,0.14664772952315785,0.044678770652686745,0.03925879758381461
cg_013,4e45d87f9631207b,"Just so you know, the package expected today will arrive tomorrow; how would you like it delivered — at the door or personally handed to you?",0.06025585051917296,0.07328704153486018,0.044678770652686745,0.03925879758381461
cg_013,f4455bb7d9f56b93,The delivery has been pushed from today to tomorrow; should they leave it at the door or hand it to you?,-0.009747376088794819,-0.08775999671568727,0.044678770652686745,0.03925879758381461
cg_013,0433807b787354ed,Your package won't be here until tomorrow now; would you like it left at the door or handed over when they arrive?,0.054070001173068635,-0.0257775501198078,0.044678770652686745,0.03925879758381461
cg_013,a917dbb3af3d1e50,The package that was supposed to arrive today is coming tomorrow instead — do you want it left at the door or handed to you?,0.06477194803132041,-0.04408740630114608,0.044678770652686745,0.03925879758381461
cg_013,15e7c57746522702,The delivery expected today is postponed until tomorrow; would you prefer it left at the door or handed personally to you?,-0.10910538504711238,0.07231087288234468,0.044678770652686745,0.03925879758381461
cg_013,5e1628c74d03703c,The package won't make it today and will arrive tomorrow; do you want them to leave it at the door or hand it to you?,0.08338146129515928,-0.049861621145820476,0.044678770652686745,0.03925879758381461
cg_013,106372f30fdf6171,The shipment expected today will come tomorrow; would you like doorstep delivery or for it to be handed to you in person?,-0.10578243365726045,-0.040122302492664255,0.044678770652686745,0.03925879758381461
cg_013,6cf03937a81f568d,The package was due today but is delayed until tomorrow — would you like it left at your door or handed to you?,-0.026300116731476923,0.11635054385488018,0.044678770652686745,0.03925879758381461
cg_013,9d967cac38b804d2,The delivery's been moved from today to tomorrow; do you want it left at the door or to be handed to you?,0.01987222646775219,-0.16519951166755648,0.044678770652686745,0.03925879758381461
cg_013,fa99ebe4cc76d34e,They've rescheduled the package from today to tomorrow; how would you like it received — left at the door or handed to you?,-0.07457082712164667,0.041605789909061275,0.044678770652686745,0.03925879758381461
cg_013,4da9d9d516bb9899,The package expected today will now arrive tomorrow; would you rather they leave it at the door or hand it to you?,0.06445084054992808,-0.0305547190137899,0.044678770652686745,0.03925879758381461
cg_013,ec42fb4b2292f718,The parcel won't arrive today but tomorrow; would you like it left on the doorstep or handed to you directly?,0.053736571530218,-0.11467873296396852,0.044678770652686745,0.03925879758381461
cg_013,093d5da6ed5dc5ac,Your delivery was delayed from today to tomorrow — would you prefer them to leave it at the door or hand it to you?,-0.007013722120907527,-0.02769770669102132,0.044678770652686745,0.03925879758381461
cg_013,1c892cd315c62a7c,The package that was due today will show up tomorrow; want it left at the door or handed to you when they come?,0.0419382288927353,0.03973817973438936,0.044678770652686745,0.03925879758381461
cg_013,08236678bcee5e39,The package won't come until tomorrow now; would you like it left at the door or handed over in person?,0.0009756461794268936,0.01714462681611998,0.044678770652686745,0.03925879758381461
cg_013,e6983ef16a623f50,The delivery expected today has been delayed until tomorrow; how do you want them to deliver it — leave at the door or hand it to you?,-0.11266645639150258,0.10347117071201924,0.044678770652686745,0.03925879758381461
cg_013,e2b6110a64ca8377,The package arriving today is delayed to tomorrow; would you like them to leave it at the door or give it to you directly?,-0.03595601444621867,0.045545619930231485,0.044678770652686745,0.03925879758381461
cg_013,4dfc46397b0b84d1,The parcel expected today will arrive tomorrow instead; would you prefer it left at your door or handed to you?,0.044091130441191326,-0.08721529212386701,0.044678770652686745,0.03925879758381461
cg_013,4ad77b8a70549b34,The delivery has been postponed from today to tomorrow; should it be left at the door or handed to you in person?,-0.17445915541349827,0.07764406062569766,0.044678770652686745,0.03925879758381461
cg_013,e3a6facb17c4feff,The package that was supposed to come today will come tomorrow; which do you want — left at the door or handed to you?,0.16731112856833563,0.025953917442445424,0.044678770652686745,0.03925879758381461
cg_013,368aec8cdbd362d9,The package expected today is now arriving tomorrow; do you want it left at the door or brought to you by the driver?,-0.010303961949534937,-0.03324382532128137,0.044678770652686745,0.03925879758381461
cg_013,eb7570f332cdd0c4,The package will arrive tomorrow instead of today; would you like it left at your door or handed to you?,0.05570716055797395,-0.03578031822754608,0.044678770652686745,0.03925879758381461
cg_013,7e7db7bb795be799,The delivery has moved from today to tomorrow — would you prefer doorstep drop-off or a handover to you?,-0.13440672055479652,-0.11743537532530356,0.044678770652686745,0.03925879758381461
cg_013,7743853e7e309f33,Just a heads-up: the package expected today will arrive tomorrow; do you want it left at the door or given to you in person?,0.058042168547090385,-0.003512713797734558,0.044678770652686745,0.03925879758381461
cg_013,90f13fcde8ad49ad,Your parcel won't be here until tomorrow now; would you like it left at the door or handed to you when delivered?,0.09581687701076233,-0.09297842331054856,0.044678770652686745,0.03925879758381461
cg_013,a2f2dfc93fe1b030,The delivery expected today is now scheduled for tomorrow; should they leave it at your door or hand it to you?,-0.12078284422957054,0.08308734228395784,0.044678770652686745,0.03925879758381461
cg_013,7f66710e53609853,The package due today is delayed until tomorrow; do you prefer it left at the door or handed to you in person?,-0.0085180244077288,0.10615902243023996,0.044678770652686745,0.03925879758381461
cg_013,289993c929222c07,The package expected today will arrive tomorrow — would you like doorstep delivery or a handover to you?,-0.08848107254039453,0.03814628102142308,0.044678770652686745,0.03925879758381461
cg_013,d8a6102e6178e133,The delivery has been delayed from today to tomorrow; would you like them to leave it at the door or hand it to you?,-0.09181452169979543,-0.005085052045698129,0.044678770652686745,0.03925879758381461
cg_013,e674a14acd0e04c0,The parcel expected today will now come tomorrow; would you like it left at the door or handed over to you?,0.05564679428692834,-0.058129320960135775,0.044678770652686745,0.03925879758381461
cg_013,5ec1792ca42fc354,The package that was due today will now arrive tomorrow; how would you like it — left at the door or handed to you?,0.06415463291012288,0.04457377213048785,0.044678770652686745,0.03925879758381461
cg_013,6c376e089f7c548c,The delivery won't be today but tomorrow; should it be left at the door or handed to you?,0.04665820420389119,-0.014776291427089354,0.044678770652686745,0.03925879758381461
cg_013,fc4c3387fcb06f77,The package expected today is postponed to tomorrow; would you prefer it left at the door or personally handed over?,-0.08994371888065601,0.1290436848091303,0.044678770652686745,0.03925879758381461
cg_013,bcab1f30cbe4164a,The parcel won't arrive today and will come tomorrow instead; do you want it left at the door or handed to you?,0.12406403965348506,-0.1382563913386221,0.044678770652686745,0.03925879758381461
cg_013,a86f14c2e547130b,The delivery scheduled for today is arriving tomorrow instead; would you like it left at the door or handed to you in person?,-0.1030782001453073,-0.02072524709609857,0.044678770652686745,0.03925879758381461
cg_013,c575da54f021f1a9,The package set to arrive today is delayed and will come tomorrow — do you want it left at the door or handed to you?,0.01584081004365633,0.0878394460431286,0.044678770652686745,0.03925879758381461
cg_013,edfa4f0859e46819,The package that should have been here today will show up tomorrow; would you like it left at the door or handed to you when it comes?,0.09579440819021087,-0.016263550674353196,0.044678770652686745,0.03925879758381461
cg_013,aa806651365a26a9,The delivery expected today is being sent tomorrow instead; would you like them to leave it at the door or hand it to you?,-0.03497065123946479,-0.07437350295822595,0.044678770652686745,0.03925879758381461
cg_013,de1e8fbe84bdc185,The package due today is now arriving tomorrow; which do you prefer — left at the door or handed to you in person?,0.04713172035523163,0.003304408116242365,0.044678770652686745,0.03925879758381461
cg_013,c9c9d32b9fa57a0e,The package won't make it today and is now scheduled for tomorrow; would you rather it be left at the door or handed to you?,0.06861722049160385,0.018104538289259828,0.044678770652686745,0.03925879758381461
cg_013,ac44edaf548722cc,The delivery that was expected today will arrive tomorrow; how would you like them to deliver it: leave it at the door or hand it to you?,-0.01240427843692604,-0.007574917166493382,0.044678770652686745,0.03925879758381461
cg_014,0e08f47638c930c9,The gardener who usually comes on Tuesday needs to come on Wednesday this week instead; does Wednesday work for you?,0.036503803833320324,0.02724052001370215,0.044678770652686745,0.03925879758381461
cg_014,d6cdadf363870675,The gardener who usually comes on Tuesday needs to come on Wednesday this week instead—would Wednesday be okay with you?,-0.014656991128346161,-0.05286901103342061,0.044678770652686745,0.03925879758381461
cg_014,d9b4294f82522a48,The gardener who usually comes on Tuesday needs to come on Wednesday this week instead. Is Wednesday all right for you?,-0.006975048420146885,0.0009825411827993026,0.044678770652686745,0.03925879758381461
cg_014,6dcfabd5a5b95524,The gardener who usually comes on Tuesday needs to come on Wednesday this week instead; would Wednesday work for your schedule?,-0.06108745736617126,0.07768990389830159,0.044678770652686745,0.03925879758381461
cg_014,069110395565a4e0,The gardener who usually comes on Tuesday needs to come on Wednesday this week instead—how does Wednesday sound to you?,0.030992241301875036,-0.004723836768197103,0.044678770652686745,0.03925879758381461
cg_014,57c4ddcdc72bd19f,The gardener who usually comes on Tuesday needs to come on Wednesday this week instead. Would Wednesday be fine for you?,-0.026523827216534436,-0.027938295743768327,0.044678770652686745,0.03925879758381461
cg_014,c32d2d81ae6a7cfe,The gardener who usually comes on Tuesday needs to come on Wednesday this week instead; is Wednesday convenient for you?,-0.01959738315101822,0.0044724482803425135,0.044678770652686745,0.03925879758381461
cg_014,e5ccf16ae40c7c45,The gardener who usually comes on Tuesday needs to come on Wednesday this week instead—would Wednesday suit you?,-0.03931272155172313,-0.04305519587678594,0.044678770652686745,0.03925879758381461
cg_014,f14548bfe0a4285f,The gardener who usually comes on Tuesday needs to come on Wednesday this week instead. Does Wednesday suit you?,-0.014161929962430755,-0.024651276493851577,0.044678770652686745,0.03925879758381461
cg_014,5cf1a198f1fe7d26,The gardener who usually comes on Tuesday needs to come on Wednesday this week instead; are you okay with Wednesday?,-0.015024028243345672,-0.01492562985657921,0.044678770652686745,0.03925879758381461
cg_014,0fd169a8c730c4ce,The gardener who usually comes on Tuesday needs to come on Wednesday this week instead—would Wednesday work for you this week?,0.027699594404329175,0.018991712419626064,0.044678770652686745,0.03925879758381461
cg_014,390ae8503207ea07,The gardener who usually comes on Tuesday needs to come on Wednesday this week instead. Is Wednesday okay for you this week?,0.013579972889122664,0.017582394433613015,0.044678770652686745,0.03925879758381461
cg_014,7477f658926adbf4,The gardener who usually comes on Tuesday needs to come on Wednesday this week instead; would Wednesday be acceptable to you?,-0.03023686277602091,-0.03420257231205666,0.044678770652686745,0.03925879758381461
cg_014,0d9533fbbdd8e45c,The gardener who usually comes on Tuesday needs to come on Wednesday this week instead—would Wednesday be a problem for you?,-0.02112830957680107,-0.018489643067689073,0.044678770652686745,0.03925879758381461
cg_014,43531f6d7defca1c,The gardener who usually comes on Tuesday needs to come on Wednesday this week instead. Would Wednesday fit with your plans?,-0.10174397889622587,-0.006446952673868241,0.044678770652686745,0.03925879758381461
cg_014,0cba9d1167a22412,The gardener who usually comes on Tuesday needs to come on Wednesday this week instead; does Wednesday fit your schedule this week?,-0.04635372564020216,0.08774944291360509,0.044678770652686745,0.03925879758381461
cg_014,fa21e2a39eb7c221,The gardener who usually comes on Tuesday needs to come on Wednesday this week instead—will Wednesday work for you?,0.04608854288410516,0.0059481353871325155,0.044678770652686745,0.03925879758381461
cg_014,edfcb465e69b771f,The gardener who usually comes on Tuesday needs to come on Wednesday this week instead. Are you all right with Wednesday?,-0.032334571474267715,0.0011752919678085375,0.044678770652686745,0.03925879758381461
cg_014,517e4c6978524f8d,The gardener who usually comes on Tuesday needs to come on Wednesday this week instead; is Wednesday suitable for you?,-0.02377990565978698,0.0006945967306802355,0.044678770652686745,0.03925879758381461
cg_014,55a6b52b8c14c999,The gardener who usually comes on Tuesday needs to come on Wednesday this week instead—is Wednesday okay with you this week?,0.029880358284073903,-0.018449028869266814,0.044678770652686745,0.03925879758381461
cg_014,597fb548ad43633a,The gardener who usually comes on Tuesday needs to come on Wednesday this week instead. Would you be okay with Wednesday?,-0.03208472302806628,-0.026286270663662833,0.044678770652686745,0.03925879758381461
cg_014,90b2ca47e2c043a2,The gardener who usually comes on Tuesday needs to come on Wednesday this week instead; how would Wednesday work for you?,-0.0038557639470715027,0.05218711686201287,0.044678770652686745,0.03925879758381461
cg_014,7a54b10b13298b2c,The gardener who usually comes on Tuesday needs to come on Wednesday this week instead—would you be fine with Wednesday?,-0.04098620893833825,-0.014968869662023137,0.044678770652686745,0.03925879758381461
cg_014,d2c71015c2a979df,The gardener who usually comes on Tuesday needs to come on Wednesday this week instead. Does Wednesday this week work for you?,0.05155415743963129,0.04525632876773201,0.044678770652686745,0.03925879758381461
cg_014,466152dfb056c267,The gardener who usually comes on Tuesday needs to come on Wednesday this week instead; is Wednesday this week all right for you?,0.03389554205427885,0.006235400291951625,0.044678770652686745,0.03925879758381461
cg_014,14141f5b2fdcf079,The gardener who usually comes on Tuesday needs to come on Wednesday this week instead—would Wednesday this week suit you?,-0.013555503494105847,-0.023875894676338577,0.044678770652686745,0.03925879758381461
cg_014,563ea5643cffa6dc,The gardener who usually comes on Tuesday needs to come on Wednesday this week instead. Would Wednesday this week be OK for you?,0.002476899201881269,-0.005157127742448584,0.044678770652686745,0.03925879758381461
cg_014,f2a8e7880332fe93,The gardener who usually comes on Tuesday needs to come on Wednesday this week instead; would Wednesday this week be okay with you?,0.01962657525743553,-0.028130779717281354,0.044678770652686745,0.03925879758381461
cg_014,8a3673ab302b5b74,The gardener who usually comes on Tuesday needs to come on Wednesday this week instead—are you okay with Wednesday this week?,-0.0016353484067905609,-0.002670724347714486,0.044678770652686745,0.03925879758381461
cg_014,ac5bfc87227f591a,The gardener who usually comes on Tuesday needs to come on Wednesday this week instead. Do you want Wednesday this week for the gardener?,0.03999798314629766,-0.02751113500536053,0.044678770652686745,0.03925879758381461
cg_014,0a68fd948f46129e,The gardener who usually comes on Tuesday needs to come on Wednesday this week instead; would you prefer the gardener on Wednesday this week?,0.011682277997372849,-0.028445950872640242,0.044678770652686745,0.03925879758381461
cg_014,9b148e0c2df8ba6f,The gardener who usually comes on Tuesday needs to come on Wednesday this week instead—can you do Wednesday this week?,0.008919030078782888,0.050000317138331044,0.044678770652686745,0.03925879758381461
cg_014,2bfb55539354e07c,The gardener who usually comes on Tuesday needs to come on Wednesday this week instead. Is Wednesday this week good for you?,0.03937555515649171,0.0184294499384071,0.044678770652686745,0.03925879758381461
cg_014,8e889848964d56d1,The gardener who usually comes on Tuesday needs to come on Wednesday this week instead; would Wednesday this week work for your plans?,-0.02641582790599719,0.030297566170257223,0.044678770652686745,0.03925879758381461
cg_014,3ce891fe23672800,The gardener who usually comes on Tuesday needs to come on Wednesday this week instead—is Wednesday this week acceptable to you?,0.013888286055887173,-0.011844476165303508,0.044678770652686745,0.03925879758381461
cg_014,d5ae48f1db1c846e,The gardener who usually comes on Tuesday needs to come on Wednesday this week instead. Will Wednesday this week be all right for you?,0.014676829273518727,0.01086390689642406,0.044678770652686745,0.03925879758381461
cg_014,0b2e3a6dfe80568f,The gardener who usually comes on Tuesday needs to come on Wednesday this week instead; would you be happy with Wednesday this week?,0.02142451884994511,-0.027646276716213544,0.044678770652686745,0.03925879758381461
cg_014,6bc86ee69eadede1,The gardener who usually comes on Tuesday needs to come on Wednesday this week instead—does Wednesday this week fit for you?,0.056936972596918455,-0.006283263971870877,0.044678770652686745,0.03925879758381461
cg_014,a31e2d1a851dd1f9,The gardener who usually comes on Tuesday needs to come on Wednesday this week instead. Would Wednesday this week be convenient for you?,-0.016273580312910815,0.004010238853659907,0.044678770652686745,0.03925879758381461
cg_014,6f57b8e5b8c48fb4,The gardener who usually comes on Tuesday needs to come on Wednesday this week instead; is Wednesday this week suitable for you?,-0.0043630930726650426,0.025280092479003265,0.044678770652686745,0.03925879758381461
cg_014,59596fba5cdcee95,The gardener who usually comes on Tuesday needs to come on Wednesday this week instead—would Wednesday be a good day for you this week?,0.01912182563451134,-0.00510488866804307,0.044678770652686745,0.03925879758381461
cg_014,12ef96d40fa76009,The gardener who usually comes on Tuesday needs to come on Wednesday this week instead. Would Wednesday work better or worse for you this week?,0.019506057283682404,0.006286705346650098,0.044678770652686745,0.03925879758381461
cg_014,588cdcb8b855324d,The gardener who usually comes on Tuesday needs to come on Wednesday this week instead—do you want the gardener on Wednesday this week?,0.03322173068608089,-0.04116195559265065,0.044678770652686745,0.03925879758381461
cg_014,a53c11b38c60898e,The gardener who usually comes on Tuesday needs to come on Wednesday this week instead. Does Wednesday this week sound okay to you?,0.013704400313178756,0.011510922331879211,0.044678770652686745,0.03925879758381461
cg_014,2c8b6a541baaa019,The gardener who usually comes on Tuesday needs to come on Wednesday this week instead; are you comfortable with Wednesday this week?,0.0073336355462454645,-0.008045975806884391,0.044678770652686745,0.03925879758381461
cg_015,02247562cebeca2f,We need to schedule a laundry machine repair visit—there are several appointment windows available; which one works best for you?,-0.07926025312753582,0.007628616263182143,0.044678770652686745,0.03925879758381461
cg_015,24713da11929f0c3,The laundry machine needs to be repaired and we have a few appointment windows open—what time would you prefer?,-0.06219975371135874,0.10549781755650385,0.044678770652686745,0.03925879758381461
cg_015,73384f9a23fd6f19,The repair for the laundry machine has to be scheduled; which of the available slots fits your schedule?,-0.012663574079797527,0.1958072827496883,0.044678770652686745,0.03925879758381461
cg_015,b00c6b9d77a4d5ca,There are several times available for the laundry machine repair—do any of those windows work for you?,0.22742505109652703,-0.09486489654652437,0.044678770652686745,0.03925879758381461
cg_015,37c25f2050a72cc2,The laundry machine repair needs arranging—which available appointment window would you like?,-0.12620666606358508,-0.06387118589764879,0.044678770652686745,0.03925879758381461
cg_015,6926aebccc3e2c01,We need to set a time for the laundry machine repair; which of the open appointment windows suits you?,0.02445255927641656,0.010609864968250778,0.044678770652686745,0.03925879758381461
cg_015,b26d059c4c4896ab,The repair visit for the laundry machine should be scheduled—what available time works best for you?,-0.0962140985641902,0.199282119489893,0.044678770652686745,0.03925879758381461
cg_015,5366bb6fe0b43508,The laundry machine needs a repair visit; which of the available slots would you prefer?,-0.0034093206037877624,-0.1085325161984475,0.044678770652686745,0.03925879758381461
cg_015,d32e16af059a7fcf,We have a few appointment windows for the laundry machine repair—when would you like it to be scheduled?,-0.061686467300401726,0.048450099395918766,0.044678770652686745,0.03925879758381461
cg_015,102de8a9b4300949,The laundry machine repair needs to happen and there are several available windows—do you have a preferred time?,0.061424292104635334,0.029762916122168755,0.044678770652686745,0.03925879758381461
cg_015,7be7a954529043e8,I need to schedule the laundry machine repair; which of the available appointment times is best for you?,-0.07914644240594795,0.23405717331177217,0.044678770652686745,0.03925879758381461
cg_015,d463d0715ddd58fc,The repair person can come during several windows—which one for the laundry machine repair would you pick?,0.1930084667000634,-0.15136191125320408,0.044678770652686745,0.03925879758381461
cg_015,b5329d36e31f6feb,Several appointment windows are open for the laundry machine repair—which of those works for you?,0.1538773310404038,-0.10265012561741471,0.044678770652686745,0.03925879758381461
cg_015,3c0bc24593636612,The laundry machine requires a repair visit—are any of the available appointment windows good for you?,-0.0459940815827153,-0.14964961994568346,0.044678770652686745,0.03925879758381461
cg_015,de3bc13c27abbc4a,There's a repair visit needed for the laundry machine; which available time would you prefer?,-0.0789729047311985,0.06838517668269971,0.044678770652686745,0.03925879758381461
cg_015,1a6cdeaaafa81746,The laundry machine needs fixing and there are a few appointment windows—which time would you like?,-0.043518268799034976,0.13108263479280696,0.044678770652686745,0.03925879758381461
cg_015,bc59e3f015adfef4,We should schedule the laundry machine repair—which of the available slots fits your day?,0.07370728424231131,0.09653161857996038,0.044678770652686745,0.03925879758381461
cg_015,1f4cb23d14fba0e8,The laundry machine repair needs to be scheduled; which available appointment window do you want?,-0.11983047478285866,0.0227649741464942,0.044678770652686745,0.03925879758381461
cg_015,5a100305fa3afa29,We have multiple appointment windows open for the laundry machine repair—do you have a preferred slot?,-0.01080512188586471,-0.1731158372587937,0.044678770652686745,0.03925879758381461
cg_015,fa5bc1066be32e6f,The laundry machine needs a repair visit—which available time works best for your schedule?,-0.08183146983656661,0.22143969277663672,0.044678770652686745,0.03925879758381461
cg_015,80de839cef1de724,The repair visit for the laundry machine needs scheduling; which of the available windows would you choose?,-0.10320409294967403,0.09140944696314267,0.044678770652686745,0.03925879758381461
cg_015,8956a31d1ad4d1a5,There are several windows available for the laundry machine repair—what time would you like?,0.03947917230973856,0.11302633476771623,0.044678770652686745,0.03925879758381461
cg_015,3c5a93f33201547e,The laundry machine needs a service visit and there are a few times open—which one do you prefer?,0.09604706735061633,-0.15475620587726163,0.044678770652686745,0.03925879758381461
cg_015,0f6e693b0c9e632b,We need to pick an appointment window for the laundry machine repair—which time would suit you?,-0.06998315897031626,0.06913987736340681,0.044678770652686745,0.03925879758381461
cg_015,51273064b2665ae5,The laundry machine repair should be scheduled—do any of the available windows work for you?,0.06005750357283873,0.05323965700341725,0.044678770652686745,0.03925879758381461
cg_015,45c1f432fccd929a,The laundry machine needs a repair visit and several appointment times are available—which would you like?,-0.06800914970692032,-0.0056240935803748855,0.044678770652686745,0.03925879758381461
cg_015,06fe0cd425614309,I need your preference for the laundry machine repair appointment—which available window works for you?,0.052717995191106565,-0.13345805750899636,0.044678770652686745,0.03925879758381461
cg_015,0d9450466eff89e3,The laundry machine repair has to be scheduled; which of the available times would you prefer?,0.003071704708527266,0.21222512614237052,0.044678770652686745,0.03925879758381461
cg_015,47ac63d78b35dfc9,There are a few appointment windows for the laundry machine repair—when would you like it done?,0.08080540833743516,-0.05716179727727265,0.044678770652686745,0.03925879758381461
cg_015,059c243873bc7136,The laundry machine needs a repair appointment—which available slot do you prefer?,-0.005439808572311961,-0.11183933940003296,0.044678770652686745,0.03925879758381461
cg_015,63ba1886c26bf21d,We have some appointment windows open for the laundry machine repair—which one fits your plans?,0.02562097068519905,-0.11784292974566028,0.044678770652686745,0.03925879758381461
cg_015,04eb5a18797809c6,The laundry machine repair visit needs scheduling—what available time works best for you?,-0.15760057493787386,0.2503672552979693,0.044678770652686745,0.03925879758381461
cg_015,6fc6c9b60de6606c,Several appointment windows are available to repair the laundry machine—do you have a favorite?,0.11420343241302561,-0.1812462129547956,0.044678770652686745,0.03925879758381461
cg_015,5c6354035a2660f9,The laundry machine needs to be repaired—which of the open appointment windows would you pick?,0.030844219614666903,-0.16338992926472756,0.044678770652686745,0.03925879758381461
cg_015,787667029adff477,We should schedule the laundry machine repair visit; which available time would you like?,-0.15274680969650078,0.14458900530302743,0.044678770652686745,0.03925879758381461
cg_015,9bd614caa25c84a8,The laundry machine repair needs arranging—which of the available appointment windows fits you?,-0.01503128868341993,-0.09619036138228536,0.044678770652686745,0.03925879758381461
cg_015,a99452bf92500cde,There are a few available windows for the laundry machine repair—which of them works for you?,0.24535389302009158,-0.08925851040465503,0.044678770652686745,0.03925879758381461
cg_015,09d0a41af2e22512,The laundry machine requires a repair visit—which of the open appointment times would you prefer?,-0.06298986739516846,-0.05496618896102681,0.044678770652686745,0.03925879758381461
cg_015,e70ed778ae2fd285,We need to book a repair visit for the laundry machine; which available window suits you best?,-0.02966078777701613,-0.1553861263695441,0.044678770652686745,0.03925879758381461
cg_015,bf65ac5b2ebfa372,The laundry machine repair needs to be arranged—which appointment window would you choose?,-0.07466814877701627,-0.08835786789467164,0.044678770652686745,0.03925879758381461
cg_015,1e7df2a779ba2947,The repair for the laundry machine must be scheduled—what available time would you prefer?,-0.06369943275121528,0.23538779330127269,0.044678770652686745,0.03925879758381461
cg_015,ad4ec843c60511b7,The laundry machine needs a visit for repair and there are several windows—which one do you want?,0.07986340464140486,-0.18406489124296416,0.044678770652686745,0.03925879758381461
cg_015,2d47d2073804d8f3,Which of the available appointment windows would you like for the laundry machine repair?,0.0281208616427905,-0.14649925442914688,0.044678770652686745,0.03925879758381461
cg_015,ff3847ea708278e2,The laundry machine repair needs scheduling—are any of the available slots good for you?,-0.04495026413798554,0.20025224624589255,0.044678770652686745,0.03925879758381461
cg_015,7a637b124d670255,There are a few appointment windows open for the laundry machine repair—which would you prefer?,0.061047910031587646,-0.14844311241178385,0.044678770652686745,0.03925879758381461
cg_015,3214c632eb1aef0c,The laundry machine needs repair and we have several appointment times—which one works for you?,0.09859375385087615,-0.0084057578012748,0.044678770652686745,0.03925879758381461
cg_016,ba921e2aa43afe66,One of the items on your grocery list is unavailable at the store; would you like a substitute or should I skip it this time?,-0.12322944342590805,0.05291223520114935,0.044678770652686745,0.03925879758381461
cg_016,9a85f93e4bab6526,The store doesn’t have one thing from your list — do you want me to pick a substitute or leave it off this time?,-0.045441026559166715,-0.07526882861305549,0.044678770652686745,0.03925879758381461
cg_016,e069dde4ae7df869,I couldn't find one item you asked for; would you prefer an alternative or to skip it this time?,0.11557548992651506,-0.006199835418025,0.044678770652686745,0.03925879758381461
cg_016,5fdb108f0a69fbeb,There's an item on the list that's out of stock; would you rather I get a substitute or skip it this time?,0.061248767070251786,-0.012637324636942787,0.044678770652686745,0.03925879758381461
cg_016,8cce1356d00e6da3,One item is not available; would you like a replacement or should we leave it off this time?,-0.013301407878071056,-0.0013919582392619774,0.044678770652686745,0.03925879758381461
cg_016,1141d2f9ccf5cdf9,It looks like one item is unavailable — would you prefer a substitute or to skip it this time?,0.025577731812599674,0.018140319188287228,0.044678770652686745,0.03925879758381461
cg_016,02ccb7ed46ed2817,The store is out of one thing from your order; want me to choose a substitute or skip it this time?,-0.2173978691159221,-0.0724395024441333,0.044678770652686745,0.03925879758381461
cg_016,c6d91070e7327bea,One of your items is missing at the store; do you want an alternative or shall we skip it this time?,-0.048493800573884326,0.022433999898734333,0.044678770652686745,0.03925879758381461
cg_016,5daf890f7d15c39d,I couldn't get one item on your list; would you like me to pick a substitute or leave it out this time?,0.14705237304686197,9.887836027663334e-05,0.044678770652686745,0.03925879758381461
cg_016,d3f3b6f6cb10e75d,There's no stock for one item you wanted; should I grab a substitute or skip it this time?,0.0730823054418902,-0.03276586500604924,0.044678770652686745,0.03925879758381461
cg_016,ee94e7838580af1b,One thing on your list isn't available — would you like an alternative item or to skip it this time?,0.17861816763003027,0.07680689926614281,0.044678770652686745,0.03925879758381461
cg_016,43f3d55240dc931e,The store doesn't have one item from your list; would you like me to substitute something or skip it this time?,-0.03251955735922712,0.013107153573173373,0.044678770652686745,0.03925879758381461
cg_016,d8ee7a719bee1884,I noticed one item is unavailable; do you want an alternative or for me to skip it this time?,0.05245799663272434,0.1522885285399807,0.044678770652686745,0.03925879758381461
cg_016,addb0572326b5edb,One product on your list is out; would you prefer a substitute or that I leave it off this time?,0.10923807432605642,0.03293856482134638,0.044678770652686745,0.03925879758381461
cg_016,c7adadd4dec49d0d,They don't have one of the items — would you like a substitute or should we skip it this time?,-0.015980213734649362,-0.0897204030207008,0.044678770652686745,0.03925879758381461
cg_016,809be7a75ecd9319,One of the items can't be found at the store; would you like an alternative or to skip it this time?,-0.07073134175929764,0.051864255623212355,0.044678770652686745,0.03925879758381461
cg_016,690479b1b2611298,I couldn't find one thing you wanted — should I pick a substitute or skip it this time?,0.11800367871421971,-0.048043722525694985,0.044678770652686745,0.03925879758381461
cg_016,2d5787272b0435f7,There's no stock of one item; would you rather I choose a substitute or skip it this time?,0.08975775264064802,-0.08334043188944618,0.044678770652686745,0.03925879758381461
cg_016,5dbbc3d11fc14ec8,One item on your list isn't available right now; would you like an alternate product or to skip it this time?,0.1592538262215274,0.12774411596522778,0.044678770652686745,0.03925879758381461
cg_016,b22a6503ed009d60,The store's out of one item on the list; do you want me to substitute something or leave it off this time?,-0.06691738726048424,-0.013751810604444742,0.044678770652686745,0.03925879758381461
cg_016,17a4b214c891d877,One of the groceries is unavailable; would you prefer I get a substitute or skip it this time?,-0.23287839865870424,0.05744522459969609,0.044678770652686745,0.03925879758381461
cg_016,89dde7ab058133e7,It turns out one item is out of stock; would you like a replacement or should I skip it this time?,-0.07904439380224182,0.005479521787054017,0.044678770652686745,0.03925879758381461
cg_016,37a8c5cd1cc03fcb,One thing you asked for wasn't available — would you like me to pick an alternative or skip it this time?,0.1216791121045189,-0.015603618746731308,0.044678770652686745,0.03925879758381461
cg_016,544d21f3fb791f77,There’s an item missing from the shelf; would you like a substitute or to skip it this time?,0.003266839319463132,-0.01879234398465532,0.044678770652686745,0.03925879758381461
cg_016,1a5c55edcbd7d070,One item didn't turn up at the store; would you like a substitute or shall we skip it this time?,-0.10168117121744698,-0.03209594863149176,0.044678770652686745,0.03925879758381461
cg_016,887a785de9c9b42a,I couldn't buy one item on your list; would you prefer an alternative or that I skip it this time?,0.10827765450436799,-0.0028594805922305894,0.044678770652686745,0.03925879758381461
cg_016,b98041c3147272d7,The shop is out of one item you wanted — do you want a substitute or to skip it this time?,-0.03984926815797628,-0.11938349225550508,0.044678770652686745,0.03925879758381461
cg_016,cfc096c25d04395f,One of your requested items is unavailable; would you like me to get a substitute or leave it off this time?,-0.019395828537113854,0.00857056720479063,0.044678770652686745,0.03925879758381461
cg_016,8e15b7e2fd06eb9a,I found that one item is not available; would you like an alternative or to skip it this time?,0.036291641353954074,0.09006275633209526,0.044678770652686745,0.03925879758381461
cg_016,791ab85e5b311dc2,It looks like one thing from your list is out — do you want a substitute or shall I skip it this time?,0.11875571958856965,-0.04384101540433571,0.044678770652686745,0.03925879758381461
cg_016,40e8d2c7893cf587,One product is unavailable at the store; would you like me to choose a substitute or skip it this time?,-0.12979910381935802,0.037290340868170645,0.044678770652686745,0.03925879758381461
cg_016,787734528d846199,I couldn't locate one item on the shelves — would you prefer a substitute or to skip it this time?,-0.0884650189639216,-0.034243467343808086,0.044678770652686745,0.03925879758381461
cg_016,520847376a75a9a7,There's no availability for one item; would you like a replacement or should we skip it this time?,-0.03213750337572295,-0.044548137530393536,0.044678770652686745,0.03925879758381461
cg_016,e22e84b021fb3a19,One of the items you wanted isn't available; would you like an alternative or that we skip it this time?,0.0839226749263429,0.04085336248625233,0.044678770652686745,0.03925879758381461
cg_016,866ef4ca65bb3309,The store doesn't have one of the items; would you like a substitute or should I leave it off this time?,-0.19234643863972065,-0.037401239509439854,0.044678770652686745,0.03925879758381461
cg_016,7bec014b2726a373,One of the groceries is out of stock; should I pick a substitute or skip it this time?,-0.27291225831853283,0.08315475021727925,0.044678770652686745,0.03925879758381461
cg_016,da9f6bb39249e08a,I ran into an out-of-stock item on your list — do you want a substitute or to skip it this time?,0.15112756587566945,-0.04264789762175451,0.044678770652686745,0.03925879758381461
cg_016,53143993aad0cd8f,One item couldn’t be found at the store; would you like a substitute or to skip it this time?,-0.011286539136102766,-0.04471764705892286,0.044678770652686745,0.03925879758381461
cg_016,94f1847f8612a51d,There’s no stock of one thing on the list; would you like me to get a substitute or skip it this time?,0.11764343674871561,0.01172650409878457,0.044678770652686745,0.03925879758381461
cg_016,07bc8126e8aeac6d,One thing from your list is missing at the store; do you want a substitute or to skip it this time?,-0.0060161186459115855,-0.02312734193475323,0.044678770652686745,0.03925879758381461
cg_016,238524afc04bbe97,I couldn't get one item you asked for at the store; would you like me to pick a substitute or skip it this time?,0.02320545041699041,-0.04067157012883426,0.044678770652686745,0.03925879758381461
cg_016,ab9157c49a6eeb4e,One of the items is unavailable right now — would you prefer a substitute or that we skip it this time?,-0.030637822958485862,0.07741983026705854,0.044678770652686745,0.03925879758381461
cg_016,eb0f46c1476a60de,The store didn't have one item on your list; would you like me to substitute something else or skip it this time?,-0.0235743464040669,-0.02484492515810182,0.044678770652686745,0.03925879758381461
cg_017,fde4e8d01978e15d,Your library books are due soon—would you like me to help you return them or check if they can be renewed?,0.05554575855536198,0.0014406243992553232,0.044678770652686745,0.03925879758381461
cg_017,69153440be70535f,Just a reminder that your library books are due soon; do you want me to help return them or look into renewing them?,0.07646386092734264,-0.03920819051835357,0.044678770652686745,0.03925879758381461
cg_017,ae7297bd92a4a1cd,The books you have from the library are due soon. Do you want help returning them or checking whether they can be renewed?,0.010225770542771734,0.0017936888688145666,0.044678770652686745,0.03925879758381461
cg_017,5d3a78bae54f3d56,Your library books are coming due—would you like me to help with returning them or see if renewal is available?,-0.042222290149938994,-7.339448221032902e-05,0.044678770652686745,0.03925879758381461
cg_017,8d13957367b0c488,The library books are due soon. Would you like me to help return them or check for a renewal option?,-0.13188148955947038,-0.018257364260298177,0.044678770652686745,0.03925879758381461
cg_017,d33f1b8c1e337a14,I wanted to remind you that your library books are due soon—do you want help returning them or checking renewals?,0.0357354275645051,0.010080933391265635,0.044678770652686745,0.03925879758381461
cg_017,553ef06592a1ca98,Your library books will be due soon; should I help you return them or check if they can be renewed?,0.05263730304468882,0.018392855671512057,0.044678770652686745,0.03925879758381461
cg_017,a4fe14b769cb9070,"Just so you know, your library books are due soon. Do you want me to help return them or check on renewing them?",0.05829859303530063,-0.015108631900203118,0.044678770652686745,0.03925879758381461
cg_017,57e5cf8d073e3f1e,The books from the library are due soon—would you like me to help return them or find out if they can be renewed?,-0.04615793301200536,0.03383184240791791,0.044678770652686745,0.03925879758381461
cg_017,10a4f796fb01f80d,Reminder: your library books are due soon. Do you want help returning them or checking for renewal?,0.030772405084681247,0.010635486611035024,0.044678770652686745,0.03925879758381461
cg_017,73c016039bab5e53,Your library books are due soon—do you want me to help take them back or see if renewal is possible?,0.049261277046132486,-0.013394941469876322,0.044678770652686745,0.03925879758381461
cg_017,5b94398f947d7a90,Those library books are coming due; would you like help returning them or checking renewals?,-0.047592643991770156,0.009307868780767541,0.044678770652686745,0.03925879758381461
cg_017,01281cc631e88ef7,Your library books are due soon. Would you like me to assist with returning them or to check if they can be renewed?,-0.006325711216949491,0.0024559799941052574,0.044678770652686745,0.03925879758381461
cg_017,3b0e976ad073157e,The library books are due soon—shall I help you return them or check whether they can be renewed?,-0.026414979723828443,0.04408261898581564,0.044678770652686745,0.03925879758381461
cg_017,cb251940ee250b53,Just a heads-up: your library books are due soon. Want help returning them or checking if they can be renewed?,0.04904690453648848,0.03310159940896116,0.044678770652686745,0.03925879758381461
cg_017,48cddb4e5354e61f,Your library books are due soon—do you want me to help get them returned or to check on renewing them?,0.048195304813852605,-0.005410348163266067,0.044678770652686745,0.03925879758381461
cg_017,ced7d74ed901c7f6,The books are due soon. Would you like help returning them or help checking for a renewal?,-0.03881282469352345,-0.013567518044511498,0.044678770652686745,0.03925879758381461
cg_017,c98c2092f2e042bf,Your library books will be due soon—do you want me to help return them or check whether they can be renewed?,0.04114691679480126,0.0013056922837889379,0.044678770652686745,0.03925879758381461
cg_017,f9826fd9104d88c0,A quick reminder: your library books are due soon. Would you like help returning them or checking renewals?,0.011595478274344866,0.022781045889539466,0.044678770652686745,0.03925879758381461
cg_017,a19b5e0b85ef5583,The library books are due soon—would you like me to help return them or look into renewing them?,-0.04658088393341513,-0.01705067904468513,0.044678770652686745,0.03925879758381461
cg_017,bf9f37afd1af238e,Your library books are due soon. Would you like me to help return them or check if the library will renew them?,0.00734276975919417,0.0015079532754992185,0.044678770652686745,0.03925879758381461
cg_017,5ff4d8739fc2b8d2,Just reminding you that your library books are due soon. Would you like help returning them or having me check renewals?,0.00911436616934112,-0.022758629445968084,0.044678770652686745,0.03925879758381461
cg_017,e6be6be988b480fe,Your library books are due soon—do you want help taking them back or checking on renewal availability?,0.02285565325554851,0.022997004866645566,0.044678770652686745,0.03925879758381461
cg_017,0a3b77cb5c1b4f72,The library books are due soon. Would you like me to help with returning them or to check whether a renewal is possible?,-0.13622452782658973,0.002032630358790832,0.044678770652686745,0.03925879758381461
cg_017,1a5adb2fb3add675,"Your library books are coming due. Would you like help returning them, or should I check whether they can be renewed?",-0.014054759908328988,-0.016291971375186554,0.044678770652686745,0.03925879758381461
cg_017,e879e484e3cf0c18,Your library books are due soon—do you want me to help by returning them or by checking renewal options?,-0.010631377993607583,0.0015380504123866639,0.044678770652686745,0.03925879758381461
cg_017,e01288a95aa2a640,"Just a reminder, your library books are due soon. Do you want help returning them or checking whether they can be renewed?",0.05579820782318405,-0.005073099495782076,0.044678770652686745,0.03925879758381461
cg_017,baefa3b6d7d6cdd4,The books you borrowed are due soon. Would you like my help returning them or checking if renewal is allowed?,-0.04645866826619912,-0.05890015971488973,0.044678770652686745,0.03925879758381461
cg_017,50e77060f23781f5,Your library books are due soon—do you want me to help drop them off or see if they can be renewed?,0.09981034768657351,0.03440425313371292,0.044678770652686745,0.03925879758381461
cg_017,35cd06cb2d38a181,Your library books are due soon. Would you like me to help with returning them or with checking renewal status?,-0.042037571482532926,0.008623850703806727,0.044678770652686745,0.03925879758381461
cg_017,e28fc27b47310f20,Your library books will be due soon. Would you like me to help return them or check if a renewal is available?,-0.036433781559896794,-0.0007789578574267288,0.044678770652686745,0.03925879758381461
cg_017,8d42213e9d053da6,Your library books are due soon. Do you want help returning them now or should I check whether renewal is an option?,-0.035022319098076286,-0.04435745260181856,0.044678770652686745,0.03925879758381461
cg_017,9b74815c53b4d926,Just a note: your library books are due soon. Do you want me to help return them or check into renewing them?,0.05932810523591775,-0.014869752319973072,0.044678770652686745,0.03925879758381461
cg_017,5811462c3dfe7f31,Your library books are due soon—would you like me to help arrange a return or look into renewing them?,-0.03691608340376724,-0.022992157785717705,0.044678770652686745,0.03925879758381461
cg_017,80d8f62a4d998c04,The library books are due soon. Would you like me to help get them returned or check on renewal for you?,-0.034179106421331096,0.01085002964728285,0.044678770652686745,0.03925879758381461
cg_017,c351b0bfed2ebbd4,Your library books are due soon. Do you want me to help return them or check whether renewals are possible?,-0.014577543601217775,-0.012141829968073215,0.044678770652686745,0.03925879758381461
cg_017,41cdd17311a381a3,Your library books are due soon—would you like help returning them or help checking if they can be renewed?,0.021306443183581582,0.032114511837747745,0.044678770652686745,0.03925879758381461
cg_017,ce1d9174c5f4265a,"Just to remind you, your library books are due soon. Do you want help returning them or me to check if they can be renewed?",0.05898001718518428,0.0027117613136043023,0.044678770652686745,0.03925879758381461
cg_017,c6b5dea1bae870b1,Your library books are due soon—would you like me to help with the return or to check on renewing them?,-0.013245912571872003,0.012745004283451015,0.044678770652686745,0.03925879758381461
cg_017,c483b6d84422eaef,The books from the library are due soon. Do you want me to help return them or check if the library will renew them?,-0.06051902140048542,0.031614931245405355,0.044678770652686745,0.03925879758381461
cg_017,6187e7133615d635,Your library books are due soon. Would you like me to help take them back or to check for renewal options?,0.012828519296009554,-0.030115139322871978,0.044678770652686745,0.03925879758381461
cg_018,c4794757ba5fb36e,A relative just sent a new set of family photos digitally; would you like help viewing them or putting them somewhere easier to browse?,-0.006127226095632431,0.01986634052022645,0.044678770652686745,0.03925879758381461
cg_018,2b5d69e652793652,A relative sent a new batch of family photos digitally — do you want me to help you look at them or put them somewhere easier to browse?,0.036935493603499576,0.010737080792878264,0.044678770652686745,0.03925879758381461
cg_018,b20554bd34780d07,"We got new family photos from a relative, sent digitally; would you like help organizing them so they’re easier to browse or do you want to view them as they are?",-0.005336150963157777,0.08101776904532947,0.044678770652686745,0.03925879758381461
cg_018,2fec062ea2df1caa,A relative has sent some new family photos digitally; would you like help putting them somewhere easier to browse or do you want to view them as they are?,0.004965039773291656,-0.011875569726764087,0.044678770652686745,0.03925879758381461
cg_018,44d012705db1f6ea,You’ve got new family photos sent digitally by a relative — would you like me to help you view them or to put them somewhere easier to browse?,0.08197056269079028,0.006927346493993085,0.044678770652686745,0.03925879758381461
cg_018,8d3ed9bd6aa92b29,A relative just sent family photos digitally; do you want to look at them now as they are or have me help place them somewhere easier to browse?,-0.03385296335793649,-0.003688561761614641,0.044678770652686745,0.03925879758381461
cg_018,e54c63f4ee6afe7b,"There are new family photos from a relative, sent digitally; would you like help putting them somewhere easier to browse, or do you prefer to view them as they are?",0.043664646275861196,-0.03354158452874836,0.044678770652686745,0.03925879758381461
cg_018,3d7a6232cddc4e81,"A relative sent new family photos digitally — want me to help organize them into a place that’s easier to browse, or would you rather view them as they came?",-0.03228609812504005,0.008151816799954224,0.044678770652686745,0.03925879758381461
cg_018,58d2dd65873a77a9,"Your relative sent a new set of family photos digitally; would you like help viewing them, or would you like help putting them somewhere easier to browse?",0.0073853682346310305,-0.00030484571358382114,0.044678770652686745,0.03925879758381461
cg_018,ce10e65efa8006dc,A relative sent some new family photos digitally — how would you like to handle them: view them as they are or get help putting them somewhere easier to browse?,0.030191055455468917,0.056276938263466456,0.044678770652686745,0.03925879758381461
cg_018,9440e29e2b89f378,I’ve got some new family photos from a relative sent digitally; would you like me to help you view them or to put them somewhere easier to browse?,0.0035000741761589543,0.0452867775540776,0.044678770652686745,0.03925879758381461
cg_018,1671b6a1303cc6d0,"A relative sent new family photos digitally — do you want to go through them as they are, or would you like help putting them somewhere easier to browse?",0.020738318022374143,-0.03346659688901962,0.044678770652686745,0.03925879758381461
cg_018,333bfd2ac272c3e4,"A relative sent a new set of family photos digitally; would you like help sorting them into a place that’s easier to browse, or would you prefer to view them as they are?",-0.0023598565428236103,-0.019855090834931345,0.044678770652686745,0.03925879758381461
cg_018,075548577856487e,"There are new family photos sent digitally by a relative — would you like help putting them somewhere easier to browse, or would you prefer to look at them as they are?",0.02864294411159252,-0.014415367522891426,0.044678770652686745,0.03925879758381461
cg_018,48936c942fb9d753,A relative has sent new family photos digitally; do you want me to help you view them or to help put them somewhere easier to browse?,0.004738417717459394,0.02017831293299436,0.044678770652686745,0.03925879758381461
cg_018,8b398c4992016fc4,"Your relative sent some new family photos digitally — want help getting them into a spot that’s easier to browse, or do you want to just view them as they are?",0.07250550490252619,-0.049513786587215586,0.044678770652686745,0.03925879758381461
cg_018,f143d47f41fab645,"A relative sent new family photos digitally; would you like assistance viewing them, or help placing them somewhere easier to browse?",-0.06431621009609945,0.01542623223798126,0.044678770652686745,0.03925879758381461
cg_018,720d5c072d43d047,"A relative just sent a new set of family photos digitally — would you like me to help you look through them now, or help put them somewhere easier to browse?",0.03512448058036815,0.06916893827341805,0.044678770652686745,0.03925879758381461
cg_018,7b34e4a05f4e0e59,"A relative sent new family photos digitally; would you like me to help organize them into an easier-to-browse place, or would you rather view them as they are?",0.008050965776280825,0.004085090790365752,0.044678770652686745,0.03925879758381461
cg_018,c302c547fc400227,"A relative has sent family photos digitally — do you want help putting them somewhere easier to browse, or do you want to view them as they came?",0.006239991161114971,-0.062447840569539725,0.044678770652686745,0.03925879758381461
cg_018,77ac2e7956f70249,"You’ve received new family photos from a relative, sent digitally; would you like help viewing them or help putting them somewhere easier to browse?",0.014540091988016977,-0.0005538337312419352,0.044678770652686745,0.03925879758381461
cg_018,a1853516a67c3ecf,"A relative sent new family photos digitally — would you like help arranging them into an easier-to-browse spot, or do you want to look at them as they are?",0.003280719881014875,-0.019850959383148056,0.044678770652686745,0.03925879758381461
cg_018,215e15f7a2c8293a,A relative sent a set of family photos digitally; would you like assistance viewing them now or help putting them somewhere easier to browse later?,-0.059295784817682454,0.06270850975196599,0.044678770652686745,0.03925879758381461
cg_018,e22ad04a2a3e349b,"A relative sent new family photos digitally — would you prefer to view them as they are, or have me help put them somewhere that’s easier to browse?",-0.030954896664398268,-0.01760667571754165,0.044678770652686745,0.03925879758381461
cg_018,c826501632a81a8e,"Your relative just sent family photos digitally; would you like help viewing them, or would you like help putting them somewhere easier to browse?",-0.027474753793524417,-0.014065855261625513,0.044678770652686745,0.03925879758381461
cg_018,1e4af8a9efb2c6f8,A relative has sent new family photos digitally — do you want me to help you look at them or to help put them somewhere easier to browse?,0.015368416805336035,0.023472147576560437,0.044678770652686745,0.03925879758381461
cg_018,4399675ace66aaab,"There are new family photos from a relative, sent digitally; would you like help viewing them or help putting them somewhere easier to browse?",-0.024871422794321404,0.04504922435969551,0.044678770652686745,0.03925879758381461
cg_018,96ce85f1f94f102c,"A relative sent new family photos digitally; would you like me to help you browse them, or help put them somewhere easier to browse?",-0.006508747066746961,0.01771347483811709,0.044678770652686745,0.03925879758381461
cg_018,8f3c6af1044a59ca,"A relative sent a new set of family photos digitally — would you like help getting them into an easier-to-browse place, or would you rather view them as they are?",0.038291985547068294,-0.05728821762600034,0.044678770652686745,0.03925879758381461
cg_018,422adec77c4458e8,A relative sent new family photos digitally; want help putting them somewhere easier to browse or would you like to view them as they arrived?,-0.12632572260196562,-0.026758590309932977,0.044678770652686745,0.03925879758381461
cg_018,be5346a40bb0e9f0,"A relative sent new family photos digitally — would you like me to help you put them somewhere easier to browse, or do you want to view them as they are?",0.03463724836195055,-0.03486713631060162,0.044678770652686745,0.03925879758381461
cg_018,ec204d95ecf679b4,"A relative has sent new family photos digitally; how would you like to handle them — view them as they are, or get help putting them somewhere easier to browse?",0.02386273837383452,0.05672703310173303,0.044678770652686745,0.03925879758381461
cg_018,4c7cd44239cf9c6d,"We received new family photos from a relative, sent digitally; do you want help viewing them or help placing them somewhere easier to browse?",-0.06854546529676941,0.01418037253208161,0.044678770652686745,0.03925879758381461
cg_018,a2b947de39f35d66,"A relative sent new family photos digitally — would you like help sorting them into a spot that’s easier to browse, or would you like to view them as they are?",-0.018514829327432418,-0.012135382020635977,0.044678770652686745,0.03925879758381461
cg_018,1d67b43ee9c67b3c,"A relative sent some new family photos digitally; do you want to look through them now as they are, or should I help you put them somewhere easier to browse?",0.04361950116893181,0.004371815429309674,0.044678770652686745,0.03925879758381461
cg_018,f0fa387e5cb46a29,"A relative has sent a set of family photos digitally — would you like help viewing them, or would you like help putting them somewhere easier to browse?",-0.04904269201983004,0.02868460089264297,0.044678770652686745,0.03925879758381461
cg_018,f96f45f3490ca7ac,"A relative sent new family photos digitally; would you like assistance getting them into an easier-to-browse place, or would you rather view them as they came?",-0.012999522620253832,-0.06785285309338021,0.044678770652686745,0.03925879758381461
cg_018,ab4343e4d8dca7af,A relative just sent some family photos digitally — would you like help viewing them or help putting them in a place that’s easier to browse?,-0.04809249315732164,0.026918976654107567,0.044678770652686745,0.03925879758381461
cg_018,fe1a29748e61ad7d,"A relative sent a new set of family photos digitally; would you like me to help you look through them, or to help put them somewhere easier to browse?",0.014684131771909295,0.04625707900151277,0.044678770652686745,0.03925879758381461
cg_018,6ec2115ec814a059,"A relative sent new family photos digitally — want help moving them into an easier-to-browse spot, or do you prefer to view them as they are?",0.026190586019639542,-0.08812716145613479,0.044678770652686745,0.03925879758381461
cg_018,ba4ea01a88d0530b,"A relative sent new family photos digitally; would you prefer help organizing them so they’re easier to browse, or would you rather view them as they arrived?",-0.03357997273990712,-0.025198793074271003,0.044678770652686745,0.03925879758381461
cg_018,f7ab2c7df700b119,A relative has sent some new family photos digitally — do you want help putting them somewhere easier to browse or would you like to view them as they are now?,0.02497359137605909,-0.011948562271676389,0.044678770652686745,0.03925879758381461
cg_018,c56ee4f2af623c0c,"A relative sent new family photos digitally; would you like me to help put them somewhere easier to browse, or do you want to view them as they are yourself?",0.02969987336430252,-0.03081137044179797,0.044678770652686745,0.03925879758381461
cg_018,17a4681163336362,"A relative sent new family photos digitally — would you like help getting them into a place that’s easier to browse, or do you want to look at them as they are?",0.004154744400573599,-0.04663979092116701,0.044678770652686745,0.03925879758381461
cg_018,e8ffab46fe6d6223,"A relative sent new family photos digitally; would you like help organizing them into an easier-to-browse spot, or would you rather view them as they currently are?",0.021489301588563534,0.011873109374516893,0.044678770652686745,0.03925879758381461
cg_018,d32e7ab9cbf324fa,A relative has sent new family photos digitally — would you like help viewing them or help putting them somewhere easier to browse?,-0.0475666620530745,0.04354425099487409,0.044678770652686745,0.03925879758381461
cg_018,910dee6aa7af2f70,"A relative sent new family photos digitally; do you want to view them as they are, or would you like help putting them somewhere easier to browse?",0.01860567700529947,-0.03580881245833854,0.044678770652686745,0.03925879758381461
cg_019,75e85e4ea9059659,We set up a family group chat for everyday updates—joining is optional; do you want to join or would you like help setting it up?,-0.031762353152561644,0.016536139710489204,0.044678770652686745,0.03925879758381461
cg_019,8f914551084af5e8,The family has started a group chat for everyday updates; it's optional to join—do you want to be in it or want help getting it set up?,0.0007665400075924141,-0.05178258055421578,0.044678770652686745,0.03925879758381461
cg_019,4eca2aa359dacdd8,"There's a new family group chat for everyday updates and you don't have to join—would you like to join, or should I help you set it up?",0.10192010626503031,-0.02134062078966318,0.044678770652686745,0.03925879758381461
cg_019,0de13b2a8d40f062,"Family created a group chat for everyday updates, joining is optional—are you interested in joining, and do you want help with the setup?",-0.0009428429171164021,-0.005241672394715174,0.044678770652686745,0.03925879758381461
cg_019,69e7d0b332637921,We've started a family group chat for everyday updates; you can join if you want—would you like to join or want help with setup?,-0.019233342860766563,0.02740410966301058,0.044678770652686745,0.03925879758381461
cg_019,3295bb39287fd1ef,"The family started a group chat for everyday updates; it's optional—do you want me to add you, or would you prefer help setting it up?",0.054514535561802774,-0.008012272846202144,0.044678770652686745,0.03925879758381461
cg_019,33d7e0baaa730909,There's a family group chat for everyday updates now—joining is optional; would you like to join or have me help set it up?,-0.012764228050810074,0.06764347784772994,0.044678770652686745,0.03925879758381461
cg_019,a11cdb4048d3e874,We created a family group chat for everyday updates; it's up to you to join—do you want to join or need help setting it up?,0.0650458515864134,-0.0020760731646678153,0.044678770652686745,0.03925879758381461
cg_019,f15ade7366a85c99,"A family group chat for everyday updates has been started; joining is optional—are you interested in joining, or would you like help to set it up?",-0.026389507351542288,0.030096123507834624,0.044678770652686745,0.03925879758381461
cg_019,d871f7bb1296f436,"The family started a group chat for everyday updates and joining is optional—would you like to be part of it, or do you want help with the setup?",-0.02501631806477727,-0.02977744141409131,0.044678770652686745,0.03925879758381461
cg_019,08c6307f7f9aa5da,"There's a new family group chat for everyday updates—no pressure to join; do you want to join, or should I help you set it up?",0.08575381371529509,-0.017698351985883574,0.044678770652686745,0.03925879758381461
cg_019,a6d68690f0efc60b,"The family has a group chat now for everyday updates; joining is optional—would you like to join, and do you want help setting it up?",0.0016085013914342362,-0.03690469507919612,0.044678770652686745,0.03925879758381461
cg_019,1c205780a69e64e9,We have a family group chat for everyday updates; it's optional to join—do you want to join and would you like help getting it set up?,-0.026519549517568252,0.0023408173385207785,0.044678770652686745,0.03925879758381461
cg_019,40787a65adcb27c9,"Family started a group chat for everyday updates—joining is optional. Would you like to join, or would you like help setting it up?",-0.03676963569571263,0.018294163957631837,0.044678770652686745,0.03925879758381461
cg_019,00aa5d351d23fbee,"There's an optional family group chat for everyday updates—want to join, or should I walk you through the setup?",-0.01712317322153572,-0.038148504091532094,0.044678770652686745,0.03925879758381461
cg_019,b06beb2c262fd5a9,"The family started an optional group chat for everyday updates—do you want to join, or would you like help setting it up?",-0.007913265940538533,-0.035891907778411655,0.044678770652686745,0.03925879758381461
cg_019,116799de175114b3,We've put together a family group chat for everyday updates; you don't have to join—would you like to join or need help with setup?,0.002229403427909193,0.024818365972187097,0.044678770652686745,0.03925879758381461
cg_019,ac8f5b633789dd72,"A group chat for everyday family updates has been created; joining is optional—do you want to join it, or want help setting it up?",0.028509501858852915,-0.005004515963537778,0.044678770652686745,0.03925879758381461
cg_019,6b628084192af5db,"We set up a family group chat for everyday updates—it's optional to join; do you want to join, or shall I help you set it up?",0.015756096201183536,-0.010043123621579955,0.044678770652686745,0.03925879758381461
cg_019,43ef5e426bede207,The family created a group chat for everyday updates—joining is optional. Would you like to join and would you like help setting it up?,-0.0355735765437409,0.013908399283957193,0.044678770652686745,0.03925879758381461
cg_019,8e343b3eaf0bae52,There's now a family group chat for everyday updates—it's optional to join; are you interested in joining or want help with setup?,-0.012233348578444481,-0.009066881331558613,0.044678770652686745,0.03925879758381461
cg_019,b5c571a72f8e3983,"Family started a group chat for everyday updates—joining is optional; would you like to be included, or do you want help setting it up?",-0.0031194711986337643,0.010868647673522594,0.044678770652686745,0.03925879758381461
cg_019,c02104b683d0e152,"We've started a family group chat for everyday updates; you can join if you want—do you want to join, and would you like help setting it up?",0.01818879618348195,0.0053225745210344925,0.044678770652686745,0.03925879758381461
cg_019,c1acf534286b8277,"The family started a group chat for everyday updates; joining is optional—do you want to be in it, or do you need help with setup?",-0.036009281780375914,-0.0633821974646945,0.044678770652686745,0.03925879758381461
cg_019,fa40c022bc8dff64,"There’s an optional family group chat for everyday updates—would you like to join, or should I help you set it up?",0.029688784299338626,0.010320642194784239,0.044678770652686745,0.03925879758381461
cg_019,4b31470ab41de471,"We have a family group chat for everyday updates now; you don’t have to join—would you like to join, or do you want help setting it up?",0.042591869260868095,-0.026008905739753414,0.044678770652686745,0.03925879758381461
cg_019,f6c4a765e84ab92c,"A family group chat for everyday updates has started—joining is optional; would you like to join it, or would you like help with the setup?",-0.06603072585415581,0.05141585009020425,0.044678770652686745,0.03925879758381461
cg_019,f1932c1654552279,"The family made a group chat for everyday updates; it's optional to join—do you want to join, and do you need help setting it up?",0.04380589750120354,-0.05527518155123967,0.044678770652686745,0.03925879758381461
cg_019,fae1221f95a2e4a9,"There's a family group chat for everyday updates—joining is optional; are you interested in joining, or would you like me to help set it up?",-0.025760022104108462,0.03243184812455739,0.044678770652686745,0.03925879758381461
cg_019,9e2dc0172cfa3683,"We started an optional family group chat for everyday updates—want to join, or want help getting it set up?",-0.09289031767438771,0.06766030969189012,0.044678770652686745,0.03925879758381461
cg_019,90aea22d3607afaa,"Family has created a group chat for everyday updates; joining is optional—do you want to join, or would you like help doing the setup?",-0.012585120541833496,-0.024489676574344182,0.044678770652686745,0.03925879758381461
cg_019,5dab0299cfe3ee66,"There's an optional group chat for family everyday updates—would you like to join, or shall I help you set it up?",0.024583202977661783,0.03556361916482011,0.044678770652686745,0.03925879758381461
cg_019,f79b80866a5e9de4,"The family has started a group chat for everyday updates; joining is optional—do you want to join, or do you want help with setup?",-0.018632520622788546,-0.042229445001110685,0.044678770652686745,0.03925879758381461
cg_019,64e8b237855107ff,We've started a family group chat for everyday updates; it's optional to join—would you like to be added or would you like help setting it up?,0.006575671901342044,-0.005724881385179202,0.044678770652686745,0.03925879758381461
cg_019,9f001050bdbcb520,"A family group chat for everyday updates is up now—joining is optional; would you like to join, or would you like assistance setting it up?",-0.03349604597596132,0.06431249064276373,0.044678770652686745,0.03925879758381461
cg_019,e8a85547485a43d9,"There’s a family group chat for everyday updates now—it's optional; do you want to join, or do you want me to help set it up with you?",0.08601737452564541,-0.02946566298414608,0.044678770652686745,0.03925879758381461
cg_019,dd6bdd24152444ff,"The family started a group chat for everyday updates—joining is optional; would you like to join, or shall I help you set it up if you want?",-0.01243132363801146,0.007905822213721238,0.044678770652686745,0.03925879758381461
cg_019,ab7466475e5a67b0,"We created a family group chat for everyday updates and it's optional—are you interested in joining, or should I help with the setup?",-0.08547730942743326,0.01657335888071358,0.044678770652686745,0.03925879758381461
cg_019,bda903e3e1f37113,"The family has a new group chat for everyday updates; joining is optional—would you like to join, or want me to help set it up?",-0.029607719543473736,-0.017981264458490586,0.044678770652686745,0.03925879758381461
cg_019,75d45dd2d17d5e5b,There's a family group chat for everyday updates—you don't have to join; would you like to join or need help setting it up?,0.03865827278711736,0.03634967828872013,0.044678770652686745,0.03925879758381461
cg_019,d638613b5741caa2,We started a family group chat for everyday updates—joining is optional; do you want me to help you set it up if you'd like to join?,0.00949466370986797,0.010208026211723674,0.044678770652686745,0.03925879758381461
cg_019,1fd57279011af55b,Family set up a group chat for everyday updates—it's optional to join; are you interested in joining or would you like help with the setup?,-0.020404433295412555,0.02305614476823261,0.044678770652686745,0.03925879758381461
cg_019,4198d292a79ef6d1,"There's an optional family group chat for everyday updates—would you like to be in it, or should I help you get it set up?",-0.00463033013454356,0.014641130625213316,0.044678770652686745,0.03925879758381461
cg_019,344f182cf721291d,"We've got a family group chat now for everyday updates; joining is optional—do you want to join, or do you want help setting it up?",0.024200061583541613,-0.059096197466218345,0.044678770652686745,0.03925879758381461
cg_019,aeebc92abc48a537,"A family group chat for everyday updates has been started—joining is optional; would you like to join, or would you like help to set it up?",-0.03484742717946354,0.05977960328113224,0.044678770652686745,0.03925879758381461
cg_019,7bf2d54ccb8d0420,"The family started a new group chat for everyday updates; you can join if you want—do you want to join, or want help with the setup?",0.038983073261796,-0.03458396610512669,0.044678770652686745,0.03925879758381461
cg_019,eea1a42d134de511,"There's a family group chat for everyday updates; joining is optional—would you like to be part of it, and do you want help setting it up?",0.030451757375346937,-0.016150070344462936,0.044678770652686745,0.03925879758381461
cg_019,08d4de9779827bf3,"We have a new family group chat for everyday updates—it's optional to join; would you like to join, or would you like help getting it set up?",-0.02118058451702748,-0.0020752535643736364,0.044678770652686745,0.03925879758381461
cg_020,ee50020750aa33a1,I need to move our weekly walk to a different time this week—would that be okay with you?,-0.006365995248759911,0.0016690707740505302,0.044678770652686745,0.03925879758381461
cg_020,2d77e4918502d223,Can we shift our walk to a different time this week; does that work for you?,0.13226169000360974,-0.008144803734190388,0.044678770652686745,0.03925879758381461
cg_020,1e2fa0df4136976d,I have to change the time of our walk this week—would a different time be all right?,-0.10448304598914009,0.09578463726130412,0.044678770652686745,0.03925879758381461
cg_020,cd9f8235503d71e8,This week I need to reschedule our usual walk to another time; does that suit you?,-0.06248123720219506,0.03688527142950282,0.044678770652686745,0.03925879758381461
cg_020,93535daeef710af7,Would it be okay if we did our walk at a different time this week?,0.014507587918366018,-0.09158179423558734,0.044678770652686745,0.03925879758381461
cg_020,a7b59e7a0853fe05,I need to push our walk to another time this week—are you okay with that?,0.17845251465927747,-0.05270988415797146,0.044678770652686745,0.03925879758381461
cg_020,bb23c421a6e68bcd,I have to move our walk time this week; would a different time work for you?,0.03407546866322947,0.03216543480313856,0.044678770652686745,0.03925879758381461
cg_020,f873ed9d3176d115,Can we do our weekly walk at a different time this week—does that work?,0.032466914502359556,0.13250968985086187,0.044678770652686745,0.03925879758381461
cg_020,f1414f950d550e2e,I need to change the time of our walk this week; is a different time okay for you?,-0.005364994867525379,0.08959848359881749,0.044678770652686745,0.03925879758381461
cg_020,2013eb7f7f29bd0c,Would you be okay with moving our walk to a different time this week?,0.04598976650063244,-0.15577636872772985,0.044678770652686745,0.03925879758381461
cg_020,0a9ed5cbe51bb57f,This week I need to do our walk at a different time—would that work for you?,0.09271080653172437,-0.0787948548363126,0.044678770652686745,0.03925879758381461
cg_020,efc28da9f5e4faf9,I need to rearrange the time of our walk this week; does another time work for you?,0.054031725728529156,0.13360683215944252,0.044678770652686745,0.03925879758381461
cg_020,6b0edaf67ba831f5,Can we reschedule our walk for a different time this week—are you available then?,-0.09026658863482762,0.030962961505144514,0.044678770652686745,0.03925879758381461
cg_020,74184393d862307f,I'd like to move our usual walk to a different time this week; would that be alright?,-0.14489791454638518,-0.04732716280854524,0.044678770652686745,0.03925879758381461
cg_020,12fe17f4f3a85873,I have to adjust our walk time this week to another time—does that suit you?,0.0500743159469061,0.046279047488843796,0.044678770652686745,0.03925879758381461
cg_020,457d550ffb4c1e11,Would moving our weekly walk to a different time this week be okay with you?,0.08349114600623697,-0.020187548901207913,0.044678770652686745,0.03925879758381461
cg_020,e9bd1e96d48e8c4e,I need to change the timing of our walk this week; would another time be fine?,-0.1718872259742938,0.16582529740118718,0.044678770652686745,0.03925879758381461
cg_020,b501101dec00b2dd,Can we change our walk to a different time this week—does that sound okay to you?,0.12152224755432275,-0.06490279458591636,0.044678770652686745,0.03925879758381461
cg_020,b87552d008b529e0,This week I need to take our walk at a different time; is that acceptable to you?,0.05735473262948615,-0.14247369502614501,0.044678770652686745,0.03925879758381461
cg_020,621a17e823691531,I need to move our walk to another time this week—would that work for your schedule?,-0.06149330037033892,0.030934477472718526,0.044678770652686745,0.03925879758381461
cg_020,fe73b96aae541b8e,Is it okay if we change the time of our walk this week to a different one?,-0.06795070338354994,0.0033299342832527664,0.044678770652686745,0.03925879758381461
cg_020,cc5b031586213862,I have to shift our walk time this week; would a different time be alright with you?,0.0696058721074711,0.014173056603316617,0.044678770652686745,0.03925879758381461
cg_020,2f397217c12c4874,Would you mind if we did our walk at a different time this week?,0.09393823047940258,-0.143762667263319,0.044678770652686745,0.03925879758381461
cg_020,c607f6c64eed57e8,I need to reschedule our weekly walk for a different time this week—does that fit your plans?,-0.14560787171189596,0.13369954801033346,0.044678770652686745,0.03925879758381461
cg_020,95a47e150042df86,Can we move our usual walk to another time this week—would that work for you?,0.07366734989544269,-0.0730740967086083,0.044678770652686745,0.03925879758381461
cg_020,6546f29209322fcf,This week I need to change when we do our walk; would another time work for you?,0.134452513849183,-0.07255245834996626,0.044678770652686745,0.03925879758381461
cg_020,342e66ff21086c36,I need to alter the time of our walk this week—are you okay with a different time?,-0.0011369870396249933,0.10837278567338292,0.044678770652686745,0.03925879758381461
cg_020,3e91ec46c88c99ff,Would a different time for our walk this week be okay with you?,0.10254964202309552,-0.06780331983493533,0.044678770652686745,0.03925879758381461
cg_020,5c64c23b45a1c51f,I have to move the time of our walk this week—would you be able to make a different time?,0.025453415831706676,0.004635472540128501,0.044678770652686745,0.03925879758381461
cg_020,4da05decdc046c21,Can we pick a different time for our walk this week—does that work for you?,0.10778078819541162,0.042494206491901616,0.044678770652686745,0.03925879758381461
cg_020,e42399e25c194e1f,I need to change our walk schedule this week to a different time; is that alright?,-0.16775795629110798,0.15911713516974796,0.044678770652686745,0.03925879758381461
cg_020,fdfe43e4fa265629,Would it work for you if we took our walk at a different time this week?,0.0787062046329283,-0.16142014233718238,0.044678770652686745,0.03925879758381461
cg_020,1db80dbe44d09a50,I have to change the time we usually walk this week—would another time be fine?,-0.09922847668029264,0.20318022113961595,0.044678770652686745,0.03925879758381461
cg_020,e1acc5db2f2677fa,Is it alright if we reschedule our walk for a different time this week?,-0.12192031211450882,0.05835338255947526,0.044678770652686745,0.03925879758381461
cg_020,b30074a066552e40,I need to do our weekly walk at a different time this week—would that be okay?,-0.08889084389055371,0.08838202648929017,0.044678770652686745,0.03925879758381461
cg_020,220efc92a21a9af8,Can we shift the day/time of our walk this week to another time—would that suit you?,0.07946297976050118,-0.008044904780305097,0.044678770652686745,0.03925879758381461
cg_020,ac45f98bdb3fe897,I need to move our walk to a different time just for this week; would that work?,-0.12660858602668273,0.009748491103113635,0.044678770652686745,0.03925879758381461
cg_020,235758ad5580f519,Would you be okay with rescheduling our walk to a different time this week?,-0.08980219281243645,-0.04594237894413553,0.044678770652686745,0.03925879758381461
cg_020,7c591ec50ea926a5,I need to change when we meet for our walk this week—would a different time suit you?,-0.07708637643214056,-0.07846063123463949,0.044678770652686745,0.03925879758381461
cg_020,ef52169a53c01301,Can we change our walk time this week to another slot—does that work for you?,0.05936208658771361,0.006804123277602712,0.044678770652686745,0.03925879758381461
cg_020,fe7f2263a6834e89,I have to rearrange our walk to a different time this week; would you be comfortable with that?,0.03182248987424123,-0.13750976259941955,0.044678770652686745,0.03925879758381461
cg_020,61975a952fa82a1e,This week I need to take our walk at another time—would that fit your schedule?,-0.03579556917997087,0.0016899187719815892,0.044678770652686745,0.03925879758381461
cg_020,d7e84e7373662627,I need to shift our usual walk to a different time this week—would that be okay with you?,0.01424594038379072,-0.05697703014556066,0.044678770652686745,0.03925879758381461
cg_020,29f87d0d53b7024a,Would it be fine if we moved our walk to a different time this week?,-0.0792904184261312,-0.12734741315011916,0.044678770652686745,0.03925879758381461
cg_020,e254bf79ee8dbe54,I have to reschedule our walk to another time this week—would that work for you?,-0.01966983344320661,0.004592206503641787,0.044678770652686745,0.03925879758381461
cg_021,a59275da439b329c,"They’re running the class twice on the same day; would you prefer the earlier or the later session, or neither?",0.0609351430377592,-0.0378086081761196,0.044678770652686745,0.03925879758381461
cg_021,e843f8433f00a3a0,"The class is available at two different times that day—which time would you choose, if any?",-0.03963040425161446,0.10385733537581565,0.044678770652686745,0.03925879758381461
cg_021,4c82e9f1c951c088,"The class has two sessions that day; which time works better for you, if either?",0.04649143480607759,0.11749853316894301,0.044678770652686745,0.03925879758381461
cg_021,eadd0f62e6d4b727,"The class is scheduled at two different times on the same day; which would you pick, if either?",-0.02151737117536018,0.0881312846641947,0.044678770652686745,0.03925879758381461
cg_021,2c37872a49dbbf68,"The class is offered twice that day; which time would you prefer to attend, or would you prefer not to attend?",-0.05004230128750693,-0.07606535081128955,0.044678770652686745,0.03925879758381461
cg_021,8e89256d07c1ffab,"The class is available in two time slots the same day—do you prefer the first slot or the second, or neither?",0.02315378444663925,0.007026993156877773,0.044678770652686745,0.03925879758381461
cg_021,b21ca43df6ed02a5,"There are two times for the class on the same day—would you prefer the earlier time, the later time, or neither?",0.0531289378081174,0.06898193932778705,0.044678770652686745,0.03925879758381461
cg_021,66ded135bab75c92,"The class is scheduled in two time slots on the same day—which one would you prefer, if any?",-0.07461707583575793,0.14167907816452896,0.044678770652686745,0.03925879758381461
cg_021,d239ecc95b80777e,"They scheduled two time options for the class on the same day; which do you prefer, if either?",-0.0999343726146589,0.03482897017333818,0.044678770652686745,0.03925879758381461
cg_021,c1c1d7a23b5c5f3d,"The class has two sessions on the same day—do you prefer the first or the second session, or neither?",0.08612487342054331,-0.06005883718098155,0.044678770652686745,0.03925879758381461
cg_021,289527c4a6b134c3,"The class is offered in two time slots on that day—would you prefer the earlier slot, the later slot, or neither?",-0.03533795922000576,0.00449237596760506,0.044678770652686745,0.03925879758381461
cg_021,fc40b0198034b951,"The class is held twice on the same day—which session would you prefer to attend, if any?",0.016404426409322676,-0.020138247891955396,0.044678770652686745,0.03925879758381461
cg_021,9ca729294e9348d2,"The class is available in two time slots that day—do you prefer one of them, or would you rather not attend?",-0.017849694907594263,-0.1289485513345427,0.044678770652686745,0.03925879758381461
cg_021,5bbdd62ea69ad170,"The class is offered at two different times that day — would you prefer the first time, the second time, or neither?",0.08363704440956635,-0.08992785675144128,0.044678770652686745,0.03925879758381461
cg_021,9d572aadb6246b33,"They’re running the class twice on the same day; which session would you like to attend, if any?",0.005591433996446302,-0.06380250720345558,0.044678770652686745,0.03925879758381461
cg_021,1b77223aa6481f9d,"The class has two time options on that day — would you like the first, the second, or neither?",0.060892959330368424,0.0344390178174947,0.044678770652686745,0.03925879758381461
cg_021,3f2578dee132d3dc,"The class is available at two times the same day — which do you prefer, if either?",0.04127391599181663,-0.01762713717476778,0.044678770652686745,0.03925879758381461
cg_021,d95db5d4c9759b30,"The class is being held at two different times that day — which session would you pick, if any?",0.060057093231095864,0.00571781092286994,0.044678770652686745,0.03925879758381461
cg_021,67e99602eecf69b8,"They scheduled two time slots for the class on that day — which one would you attend, if any?",-0.11148803329666676,-0.015125121235706794,0.044678770652686745,0.03925879758381461
cg_021,20af0d687a201372,"The class is scheduled in two slots that day — is one of those better for you, or would you skip it?",0.015141960214208723,-0.03898789508240265,0.044678770652686745,0.03925879758381461
cg_021,75626c7c3cbac613,"There are two sessions on the same day — which time would you like to attend, if any?",-0.09240184714865286,-0.023234452175706525,0.044678770652686745,0.03925879758381461
cg_021,0a87355b7f3b1cf5,"They’ve scheduled the class twice that day — do you want the earlier or the later one, or neither?",-0.010013947364143645,-0.034928773721085646,0.044678770652686745,0.03925879758381461
cg_022,3c4eef722f8552a8,The neighbor invited you to have coffee later in the week — would you be interested in going?,-0.05014761220444461,-0.017069641057210892,0.044678770652686745,0.03925879758381461
cg_022,a51e40bc132a1269,Our neighbor asked if you'd like to come over for coffee later in the week; are you interested?,-0.04171183543429733,0.06246520740042925,0.044678770652686745,0.03925879758381461
cg_022,a37b2c95b5c56705,The neighbor has invited you for coffee later in the week; do you want to go?,0.00889739861566621,-0.09006403834478655,0.044678770652686745,0.03925879758381461
cg_022,7c6ce70b23f0b825,Someone next door invited you to have coffee later in the week — would you like to accept?,0.013164809287404683,0.012529325646614483,0.044678770652686745,0.03925879758381461
cg_022,f5fc1b2cc06fb715,The neighbor asked you to join them for coffee later in the week; are you up for that?,0.09001470932941918,0.014023389603094863,0.044678770652686745,0.03925879758381461
cg_022,ec0bfbb5fec7c89a,You were invited by the neighbor to have coffee later in the week; would you like to go?,0.020838034559514718,-0.06086371988870855,0.044678770652686745,0.03925879758381461
cg_022,191597631d8bc2ea,The neighbor invited you to coffee later in the week — do you feel like going?,0.010799163856454314,-0.04667502494315516,0.044678770652686745,0.03925879758381461
cg_022,fcbf8042dbb82931,I wanted to tell you the neighbor invited you for coffee later in the week; are you interested in going?,-0.07233760139868742,-0.05472153440325915,0.044678770652686745,0.03925879758381461
cg_022,69d6e7b8b7c8fa54,The neighbor has invited you to have coffee later in the week; is that something you’d like to do?,0.03439430276028205,0.10457760455274516,0.044678770652686745,0.03925879758381461
cg_022,17f7cac6f60943c1,Our neighbor asked if you'd like to come for coffee later in the week — do you want to go?,-0.013326733493902143,-0.013099606019720555,0.044678770652686745,0.03925879758381461
cg_022,419b60539db0a5a7,The neighbor invited you to have coffee later in the week; would you want to go?,0.02133091228479733,-0.03652108175046857,0.044678770652686745,0.03925879758381461
cg_022,fd6a3729b321f5af,The neighbor asked you to have coffee later in the week — are you interested in accepting the invitation?,-0.05436133910427116,-0.0029893428002137727,0.044678770652686745,0.03925879758381461
cg_022,efdfe4f578470482,You got an invitation from the neighbor to have coffee later in the week; would you like to attend?,-0.026490771315016686,0.003879150932587511,0.044678770652686745,0.03925879758381461
cg_022,ddffe0af4a2d363e,The neighbor invited you for coffee later in the week — do you want to go along?,0.04129490691278563,-0.04455785657285015,0.044678770652686745,0.03925879758381461
cg_022,2d422d9dde2126d9,"Just so you know, the neighbor invited you to have coffee later in the week; would you like to go?",0.011704418630208942,-0.04376295370116253,0.044678770652686745,0.03925879758381461
cg_022,19583ccbaf5305b5,The neighbor asked if you’d like to have coffee later in the week; are you interested?,0.011195686213839984,0.10635234592085671,0.044678770652686745,0.03925879758381461
cg_022,8babf55224db5929,The neighbor wants to have coffee with you later in the week — would you like to go?,0.029945051422603557,0.009827193559428345,0.044678770652686745,0.03925879758381461
cg_022,789b00005558bf62,Our neighbor invited you to have coffee later in the week; would you like to accept?,0.010874965477627379,0.006355230176486988,0.044678770652686745,0.03925879758381461
cg_022,7c97a33d8b145b96,The neighbor invited you for coffee later in the week — are you interested in going?,-0.053243280598061514,-0.04982539267406793,0.044678770652686745,0.03925879758381461
cg_022,c8ea37aac858446e,The neighbor has invited you to coffee later in the week; do you want to go over?,0.02179698219527969,-0.043126990543062,0.044678770652686745,0.03925879758381461
cg_022,91a6acb3f1d285e0,The neighbor invited you to have coffee later in the week — would you be interested in that?,0.012604511290430703,0.07344437987607393,0.044678770652686745,0.03925879758381461
cg_022,15097880886463e3,The neighbor asked if you'd like to have coffee later in the week; do you want to go?,0.023225077626621293,0.0022048246261081135,0.044678770652686745,0.03925879758381461
cg_022,3a7bd53069ab83b1,The neighbor invited you to come for coffee later in the week — would you like to go?,0.001662360879388489,-0.0375368705392149,0.044678770652686745,0.03925879758381461
cg_022,f41daa4dc68aacbf,The neighbor asked you to join them for coffee later in the week; would you be interested?,0.01163116299645584,-0.001987633755848076,0.044678770652686745,0.03925879758381461
cg_022,0e6e2a3ef0df15d1,I heard the neighbor invited you to have coffee later in the week — are you interested in going?,-0.10182115349961558,-0.05726893803684006,0.044678770652686745,0.03925879758381461
cg_022,3f63115fd726e522,The neighbor invited you for coffee later in the week; would you like to accept the invite?,-0.009076638092164746,-0.039797820144286324,0.044678770652686745,0.03925879758381461
cg_022,3534c5f7b90bc391,Our neighbor invited you to coffee later in the week — is that something you’d like to do?,0.0243468796496113,0.08959070268120245,0.044678770652686745,0.03925879758381461
cg_022,f96186225df0e327,The neighbor asked if you’d like to come by for coffee later in the week; do you want to go?,0.003114003287916144,-0.0406541309442241,0.044678770652686745,0.03925879758381461
cg_022,7ad35f2fff2283dd,The neighbor invited you to have coffee later in the week; would that interest you?,0.030248190841873742,0.06763910694428309,0.044678770652686745,0.03925879758381461
cg_022,4083319f3c0a1380,The neighbor has invited you to coffee later in the week — do you want to go?,0.012824690525701673,-0.06794935446670088,0.044678770652686745,0.03925879758381461
cg_022,69091ed0f281ee8c,The neighbor asked if you want to have coffee later in the week; are you interested?,0.013650104996834065,0.10573392549411743,0.044678770652686745,0.03925879758381461
cg_022,ee12c53f533208f4,The neighbor invited you to come by for coffee later in the week; would you like to go?,0.012396868036104854,-0.05517963044543939,0.044678770652686745,0.03925879758381461
cg_022,abc5f272d699de58,The neighbor invited you to have coffee later in the week — do you feel like going?,0.015439074390298898,-0.028822777638858755,0.044678770652686745,0.03925879758381461
cg_022,e5af68caaedba4de,The neighbor has invited you to meet for coffee later in the week; would you like to do that?,0.015336229151838484,0.06646652522637111,0.044678770652686745,0.03925879758381461
cg_022,deeabbe53e5284c4,The neighbor invited you for coffee later in the week; would you be interested in going?,-0.05260720183512492,-0.04954821452985138,0.044678770652686745,0.03925879758381461
cg_022,dbce733249bbdb82,The neighbor asked if you'd like to meet for coffee later in the week — is that something you want to do?,0.032426795038029255,0.14013914495212615,0.044678770652686745,0.03925879758381461
cg_022,ad131f50b3898c59,The neighbor invited you to have coffee later in the week; would you like to go along?,0.03442723830000835,-0.0012834051232722887,0.044678770652686745,0.03925879758381461
cg_022,417d1d26303605db,The neighbor has invited you to come over for coffee later in the week; would you like to accept?,0.012989534470047907,-0.03724747638570376,0.044678770652686745,0.03925879758381461
cg_022,85dd20b4c6cee513,The neighbor asked if you'd like to get coffee later in the week; are you interested in going?,-0.04888609126225281,0.023833768318796987,0.044678770652686745,0.03925879758381461
cg_022,e6cda86eb3219cdd,The neighbor invited you to have coffee later in the week — would that be of interest to you?,0.017972546211697787,0.06840181993680826,0.044678770652686745,0.03925879758381461
cg_022,6f4b2e2b323cd3f2,Our neighbor invited you to have coffee later in the week; do you want to go?,0.005701426131776047,-0.05454396348255926,0.044678770652686745,0.03925879758381461
cg_022,277bbd8a7102b44f,The neighbor has invited you to have coffee later in the week; are you interested in accepting?,-0.007555094283549608,-0.01675720251972796,0.044678770652686745,0.03925879758381461
cg_022,d78c029bf3811cd2,The neighbor invited you to coffee later in the week — would you like to go visit?,-0.054654623199829715,-0.052764092932840845,0.044678770652686745,0.03925879758381461
cg_022,4ca798c0e50457b8,The neighbor asked if you'd like to have coffee later in the week; would you be interested in going?,-0.05514732397376843,0.01972513205822552,0.044678770652686745,0.03925879758381461
cg_022,d4ff0c1538b3cace,The neighbor invited you for coffee later in the week; is that something you’d like to do?,0.03511926432446827,0.06742991573767751,0.044678770652686745,0.03925879758381461
cg_023,681c5693bb92c962,We need to move your chair temporarily while we clean that part of the room—where would you like it placed?,0.016121709642232918,-0.0007311571620411909,0.044678770652686745,0.03925879758381461
cg_023,b365d3db17ae6a15,The chair has to be moved for a bit while this area is cleaned; where do you want it put?,0.000654598985480136,0.030628225531168125,0.044678770652686745,0.03925879758381461
cg_023,0cf307fa11ea66c8,"While we clean over there, the chair will need to be moved temporarily—would you like it by the window, near the table, or against the wall?",-0.0004610027961577147,-0.02073250026508456,0.044678770652686745,0.03925879758381461
cg_023,fc267c0f7f54218b,"That part of the room is being cleaned, so your chair needs to go somewhere for a little while—where would you prefer it?",0.10558036622636369,-0.003557006900936627,0.044678770652686745,0.03925879758381461
cg_023,66896aae0431f87d,I need to move the chair while part of the room is cleaned; where would you like it moved to?,-0.07927080288224589,-0.023622856028313804,0.044678770652686745,0.03925879758381461
cg_023,63601bcb3817a223,"We’re going to clean that corner, so your chair needs to be moved for now—do you have a spot you want it placed?",0.06370210457742798,-0.08051800410378128,0.044678770652686745,0.03925879758381461
cg_023,c6b60cb541dc6857,The room will be cleaned in that area and the chair must be moved temporarily—where should it go?,-0.11272063667175636,0.09931120395780979,0.044678770652686745,0.03925879758381461
cg_023,7bc731e002de91a2,"The chair needs to be shifted while we clean that side—would you rather have it by the bookshelf, next to the lamp, or along the wall?",0.05763775342498237,-0.06615550986342153,0.044678770652686745,0.03925879758381461
cg_023,9180707255834688,Your chair will need to be out of the way while we clean—where would you like me/us to put it?,0.1631959048605919,0.010711322302452204,0.044678770652686745,0.03925879758381461
cg_023,076e069bfaabd6dd,"While part of the room is being cleaned, the chair needs to be moved for a short time—what spot would you like?",0.04845164264891866,0.03185998594060094,0.044678770652686745,0.03925879758381461
cg_023,44e13db0359d6eaa,We need to move the chair just for the cleaning—any preference where it goes?,-0.0823668873392768,-0.00047964417538088125,0.044678770652686745,0.03925879758381461
cg_023,33bcb2159bed0998,"For the cleaning of that area, the chair must be moved temporarily—where do you want it placed?",-0.03752277139569834,0.027732762473354017,0.044678770652686745,0.03925879758381461
cg_023,8fc4c26706a9a631,The chair has to be moved while that bit of the room is cleaned; where would you like it moved to for now?,0.036733482120484745,-0.04817038389540142,0.044678770652686745,0.03925879758381461
cg_023,e75a3757e73afd13,"That section’s being cleaned, so the chair needs to go someplace temporarily—where would you like it set?",-0.00853483138896869,0.06325969254941502,0.044678770652686745,0.03925879758381461
cg_023,d6e6fafbae330b08,I’ll need to relocate your chair while we clean that area—where would you prefer it put?,-0.03946654081177181,-0.07233961408749219,0.044678770652686745,0.03925879758381461
cg_023,71dca12cc3e3c311,This part of the room is being cleaned and the chair needs to be moved—do you have a preferred spot?,0.07421094662625011,-0.008958702438481616,0.044678770652686745,0.03925879758381461
cg_023,9d1b8d30e2fc2c0d,"We’re cleaning over there, so the chair will need to move for a short time—where should it be placed?",-0.11480396990922159,0.08313557291516914,0.044678770652686745,0.03925879758381461
cg_023,8ac0deef8384f8c1,The chair needs to be moved temporarily while this area is cleaned; where would you like it to go?,-0.09050541570977304,0.016204227895602132,0.044678770652686745,0.03925879758381461
cg_023,117b663ed5dd1716,Your chair must be moved while we clean that part of the room—where would you like it positioned?,0.08410241343556621,-0.012078093559302599,0.044678770652686745,0.03925879758381461
cg_023,34e9903ed350dab3,"While we do that cleaning, the chair needs to be out of the way—where would you like it put for now?",0.11703998945991315,0.043514915558869646,0.044678770652686745,0.03925879758381461
cg_023,f253dab254c145ef,"The chair needs to move temporarily for the cleaning—do you want it by the window, by the door, or somewhere else?",0.0003504427185452544,-0.005032725278786528,0.044678770652686745,0.03925879758381461
cg_023,723743c313e2b6b1,"That area’s being cleaned, so we’ll need to move your chair for a bit—where would you like to keep it?",0.025744064363909868,-0.04306509489314043,0.044678770652686745,0.03925879758381461
cg_023,61677791b52e2ee9,The chair will need to be moved during the cleaning—what location would you prefer for it?,-0.09056006932702143,0.029022379078934644,0.044678770652686745,0.03925879758381461
cg_023,320628faa3551bc9,We have to move the chair while part of the room is cleaned; do you have a spot in mind?,0.044727017816590275,-0.00666663504089285,0.044678770652686745,0.03925879758381461
cg_023,1c7ef9f83f2505c8,"Since that section is being cleaned, the chair needs to be moved temporarily—where should it go?",-0.10998793625376149,0.07454413021888523,0.044678770652686745,0.03925879758381461
cg_023,1f8cd19b24298a55,"Your chair needs to be moved for the cleaning—would you like it beside the window, near the bookshelf, or another place?",0.06295183629431306,-0.09293489584031817,0.044678770652686745,0.03925879758381461
cg_023,6e03785dd1015329,We need to take the chair out of that area while it’s cleaned—where do you want it for now?,0.07411212271922188,-0.016714211870333236,0.044678770652686745,0.03925879758381461
cg_023,3c2fe0712c2f5584,The chair must be moved temporarily while we clean that corner—where would you like it to sit?,-0.010523387355675165,-0.009338101901582036,0.044678770652686745,0.03925879758381461
cg_023,9f4a40df54bacce4,"We’re going to clean that space, so the chair will have to be moved for a while—where would you prefer it?",0.013207770750335607,-0.029382336845742006,0.044678770652686745,0.03925879758381461
cg_023,ad7ac3cfd905621e,The chair needs to be shifted while part of the room is cleaned—where would you like it placed temporarily?,-0.010158603573501793,0.06910319185725727,0.044678770652686745,0.03925879758381461
cg_023,22a4d8c021c1e988,"That spot is being cleaned, so the chair needs to go somewhere else for now—where do you want it?",0.047623251712746006,-0.05293146306688112,0.044678770652686745,0.03925879758381461
cg_023,7c59e296c8de0c0a,I need to move your chair while we clean that area—where would you like it put?,-0.03651836869347414,-0.022967801587155903,0.044678770652686745,0.03925879758381461
cg_023,fabf8d8d74a6f6c8,The chair needs to be moved while we clean over there—do you have a place you want it kept?,0.02926043862935161,-0.07681721561421317,0.044678770652686745,0.03925879758381461
cg_023,c492d7fe5e02f250,We’ll be cleaning that area and need the chair moved for a short time—where should it be placed?,-0.14489552896736987,0.06381245169230891,0.044678770652686745,0.03925879758381461
cg_023,726a971ae85e0bc7,The chair should be moved temporarily during the cleaning—where would you like it to go?,-0.05154964527853237,0.029110384956215367,0.044678770652686745,0.03925879758381461
cg_023,772bf3832af2692f,"Because we’re cleaning that part of the room, the chair has to be moved for a bit—where would you like it put?",0.06183129111802882,-0.0019234749548910088,0.044678770652686745,0.03925879758381461
cg_023,13ed06d99d7679ad,The chair will need to go somewhere else while that area is cleaned—where would you like to put it?,-0.015740262949141735,0.02386977874414275,0.044678770652686745,0.03925879758381461
cg_023,bc19e6738290a3df,"That area is being cleaned so the chair needs to be moved—do you want it placed by the window, along the wall, or somewhere else?",0.0022496948061605892,-0.07372396416347775,0.044678770652686745,0.03925879758381461
cg_023,25fb0bdf54a0830e,We have to move the chair temporarily while this part of the room is cleaned—what spot would you like?,-0.020885049276983265,0.029480824408901856,0.044678770652686745,0.03925879758381461
cg_023,3450359bf1f59491,Your chair needs to be moved for the cleaning; where would you like it moved to for now?,0.039812834680639786,-0.06863544791370532,0.044678770652686745,0.03925879758381461
cg_023,673dbe247f5162b0,"While we clean that section, the chair has to be moved—do you have a preferred place for it?",0.0379709707343972,-0.06464910239528458,0.044678770652686745,0.03925879758381461
cg_023,5d878c2dfbaf2c3d,The chair needs to be out of that area while it’s cleaned—where would you like it located temporarily?,-0.022377539750611276,0.049125784822885564,0.044678770652686745,0.03925879758381461
cg_023,a721a8e4d99d4e96,We need to move the chair for a little while while part of the room is cleaned—where would you like it put?,-0.02748002235137628,0.042829808254371576,0.044678770652686745,0.03925879758381461
cg_023,f756a6de6d8dd64f,The chair needs to be relocated temporarily while we clean that section—where would you like it placed?,-0.08776658117182763,0.014163404131056575,0.044678770652686745,0.03925879758381461
cg_023,87c1f8e6c43d9ee8,That part of the room is being cleaned and the chair needs to be moved for now—where would you like it set down?,0.02728433761553433,-0.006684838354431251,0.044678770652686745,0.03925879758381461
cg_023,4c108e38c24fb43c,The chair has to be moved while that area is cleaned—where would you like to have it during that time?,-0.027716592303292324,0.07182820451397592,0.044678770652686745,0.03925879758381461
cg_023,5dd7f282bff3b6ea,While part of the room is cleaned the chair will need to be moved temporarily—where would you prefer it placed?,-0.01274453981054718,0.005562530397096465,0.044678770652686745,0.03925879758381461
cg_024,60b9edeea0c72246,Several ordinary household supplies are running low; what would you like me to add to the shopping list?,-0.03904985474804624,-0.013223400632760077,0.044678770652686745,0.03925879758381461
cg_024,c8a3d2863731fb46,I'm making the shopping list and several ordinary household supplies are running low—anything you want me to add?,-0.0363609418596171,0.04081692216963355,0.044678770652686745,0.03925879758381461
cg_024,12dd47f4e90649a8,A few ordinary household supplies are running low; which of them should I put on the list?,0.056175536484051866,0.03277862810540601,0.044678770652686745,0.03925879758381461
cg_024,e011eaf2aa216c37,Several ordinary household supplies are getting low—do you want anything added to the list?,0.09712890989118539,-0.016475700609716905,0.044678770652686745,0.03925879758381461
cg_024,f8bf3f0d3c443f02,We're running low on several ordinary household supplies; is there anything you'd like on the shopping list?,-0.04082754903681623,-0.02623957072066048,0.044678770652686745,0.03925879758381461
cg_024,a6eb9aeefebb0151,I noticed several ordinary household supplies are running low; what should I put on the list for you?,0.12612824325123187,-0.0021546499106072856,0.044678770652686745,0.03925879758381461
cg_024,acca65559a9a6e8a,"Several ordinary household supplies are running low, so I'm preparing a shopping list—what would you like included?",-0.05850751236149285,0.01727092996257256,0.044678770652686745,0.03925879758381461
cg_024,16dc49ab783e17b0,I'm putting together the shopping list because several ordinary household supplies are running low; what do you want added?,-0.01780166386664892,-0.01610443053981375,0.044678770652686745,0.03925879758381461
cg_024,8f72b6cc5ccab3f1,"Since several ordinary household supplies are running low, is there anything specific you want me to add to the list?",0.0839538170207024,0.05137029083137415,0.044678770652686745,0.03925879758381461
cg_024,6d1daef2f5d22771,Several ordinary household supplies are getting low; would you like to add anything to the shopping list?,-0.034166797073553204,-0.030646164352176514,0.044678770652686745,0.03925879758381461
cg_024,df084f6df750620c,Several ordinary household supplies are running low—tell me what you'd like me to include on the list.,0.08200694608599904,0.022827898683223984,0.044678770652686745,0.03925879758381461
cg_024,60382d302f4cbbfb,I'm listing items for shopping: several ordinary household supplies are running low; what should I add?,-0.058179742243711724,0.036123255261126946,0.044678770652686745,0.03925879758381461
cg_024,35e8116997d84b8e,Several ordinary household supplies are low; what would you like on the shopping list?,-0.0106673225109486,-0.08739200615445222,0.044678770652686745,0.03925879758381461
cg_024,7271e72e85590a26,Several ordinary household supplies are running low; do you have anything to add to the list?,0.10398321416446273,0.018833184548979084,0.044678770652686745,0.03925879758381461
cg_024,b886068063185a43,"Because several ordinary household supplies are running low, I'm making the shopping list—anything you want included?",-0.024269219477584862,-0.009814027172354255,0.044678770652686745,0.03925879758381461
cg_024,30f256ea63807542,Several ordinary household supplies are getting low—what should I write down for the shopping trip?,-0.17492430900760841,-0.06511864730916095,0.044678770652686745,0.03925879758381461
cg_024,b3db27f0243bfc59,Several ordinary household supplies are running low; would you like to add any of them to the shopping list?,-0.005098808968004239,-0.05474581201623513,0.044678770652686745,0.03925879758381461
cg_024,5a1acf2fb8a7687a,I'm preparing a shopping list—several ordinary household supplies are running low; what do you want added?,-0.007832900263596752,-0.0013705708797839148,0.044678770652686745,0.03925879758381461
cg_024,6979bc953f4bfebb,Several ordinary household supplies are running low; is there anything in particular you want on the list?,0.081471733282096,-0.002018564921509475,0.044678770652686745,0.03925879758381461
cg_024,fbc80b15e4c37c89,"Several ordinary household supplies are low, so I'm making a list—what would you like me to add?",0.11485682698856046,0.03893049961868694,0.044678770652686745,0.03925879758381461
cg_024,76d5ff12655811c0,I need to make the shopping list: several ordinary household supplies are running low; what should I put on it?,-0.11271613425309013,0.044632176818365926,0.044678770652686745,0.03925879758381461
cg_024,43e9136a29a982f7,Several ordinary household supplies are running low—any items you want me to put on the list?,0.07003843754872965,0.06263919930705278,0.044678770652686745,0.03925879758381461
cg_024,9a7431846b93c75b,"Several ordinary household supplies are getting low, and I'm making the shopping list—what should I include?",-0.10477321482380572,0.03034962192676694,0.044678770652686745,0.03925879758381461
cg_024,3cd1580c3a8afe45,I'm noting down items to buy because several ordinary household supplies are running low; what do you want added?,0.05416894683386918,-0.04147652015020319,0.044678770652686745,0.03925879758381461
cg_024,a2f86417ed17b064,Several ordinary household supplies are running low; do you want me to add anything to the shopping list right now?,0.011279323431521649,-0.009888214569486273,0.044678770652686745,0.03925879758381461
cg_024,e6e4f35a1821cc02,Several ordinary household supplies are running low—what should I write on the shopping list for you?,0.031084673933294487,-0.015499312734201465,0.044678770652686745,0.03925879758381461
cg_024,46f78d4a99045790,I see several ordinary household supplies are running low; would you like any of them added to the list?,0.0675824442176981,-0.020506463994731872,0.044678770652686745,0.03925879758381461
cg_024,af17c0642efeb478,"Several ordinary household supplies are running low, so I'm preparing the list—anything you want me to add?",0.0779152061535071,0.10961091895069677,0.044678770652686745,0.03925879758381461
cg_024,d462e000cd71ab08,Several ordinary household supplies are getting low; tell me what to put on the shopping list.,-0.07741274764434124,0.017670190194067983,0.044678770652686745,0.03925879758381461
cg_024,456af05708ff8ecc,I'm making the grocery/household list—several ordinary household supplies are running low; what should I note?,-0.049217699585119845,0.04484696621337167,0.044678770652686745,0.03925879758381461
cg_024,d008a858cf6068fd,Several ordinary household supplies are running low; which ones would you like added to the list?,0.12906004101674462,-0.012643597533283465,0.044678770652686745,0.03925879758381461
cg_024,0c9f0a4bfa00a59c,Several ordinary household supplies are running low—want to tell me what to add to the shopping list?,-0.07851826034916375,0.018924944228865054,0.044678770652686745,0.03925879758381461
cg_024,23a6a8477bd46db8,Several ordinary household supplies are running low; is there anything you'd like me to put on the shopping list now?,-0.04602241068386079,0.0005876674372884351,0.044678770652686745,0.03925879758381461
cg_024,a7b9dad8e2202c35,Several ordinary household supplies are running low; what items should I add to the list for our next trip?,-0.11993248486622313,-0.012460235392926218,0.044678770652686745,0.03925879758381461
cg_024,f22ac7cf42b20f88,"Several ordinary household supplies are running low, and I'm compiling a shopping list—what would you like included?",-0.03973028027337322,0.02645195533800846,0.044678770652686745,0.03925879758381461
cg_024,c40bc42017e14f5b,Several ordinary household supplies are running low—do you have anything to add to the list while I write it?,0.14510402898960267,0.04472221849258072,0.044678770652686745,0.03925879758381461
cg_024,d970927470b78e21,Several ordinary household supplies are running low; please tell me what you'd like added to the shopping list.,-0.024050887211511073,-0.008599063711459489,0.044678770652686745,0.03925879758381461
cg_024,fcc691b828091d8a,Several ordinary household supplies are running low—anything specific you want me to put on the list?,0.05892337104150764,0.050840158233810905,0.044678770652686745,0.03925879758381461
cg_024,cec30fed6e9683bf,I'm making the shopping list because several ordinary household supplies are running low; any items you want included?,-0.05135820385171018,0.00878160797145476,0.044678770652686745,0.03925879758381461
cg_024,077ff8e3746da87e,Several ordinary household supplies are running low; what should I put down on the shopping list for you?,0.02035171865968003,-0.04223926117759836,0.044678770652686745,0.03925879758381461
cg_024,a81804e4acd46e0e,Several ordinary household supplies are running low—anything I should add to the shopping list for our next run?,-0.06967801608627786,0.06769676448527012,0.044678770652686745,0.03925879758381461
cg_024,42524d7afe8e567e,Several ordinary household supplies are running low; do you want to add anything to the shopping list now?,0.03575950987315267,-0.05707520753703496,0.044678770652686745,0.03925879758381461
cg_024,f37de5c9eac90e75,Several ordinary household supplies are getting low; what would you like me to add to the shopping list?,-0.048312624679172814,-0.015083903730425473,0.044678770652686745,0.03925879758381461
cg_024,82d0ff430081c0dd,Several ordinary household supplies are running low—what would you like added to the list before I finish it?,0.10892308097578399,0.04684028052483939,0.044678770652686745,0.03925879758381461
cg_024,cdc39d1300e08101,Several ordinary household supplies are running low; any items you want on the shopping list?,0.0016480201901021077,-0.019739183472843917,0.044678770652686745,0.03925879758381461
cg_024,d9127fd885e716db,I'm making the shopping list—some ordinary household supplies are getting low; what would you like me to add?,-0.0060464664082146725,-0.004372574232736459,0.044678770652686745,0.03925879758381461
cg_024,2e88252ed0bbe1ea,We seem to be low on several ordinary household supplies; anything you want on the list?,0.05113114154301447,-0.006689182538892426,0.044678770652686745,0.03925879758381461
cg_024,c2263cba1bc5df0e,A few ordinary household supplies are nearly out; which should I write down for shopping?,-0.06074722547928724,-0.00323311879640735,0.044678770652686745,0.03925879758381461
cg_024,6e0e63773051f36f,I noticed we're running low on some ordinary household supplies—want me to put any on the list?,0.0672707418689814,0.007956608356053788,0.044678770652686745,0.03925879758381461
cg_024,ad483936d69fa8ba,Several ordinary household supplies are low right now; what should I include on the shopping list?,-0.09342701586755059,0.005417279517180818,0.044678770652686745,0.03925879758381461
cg_024,42a4902b7bfe89f7,I'm putting together the shopping list because some ordinary household supplies are running low—what do you want me to add?,-0.014436159377262243,0.006387995067811992,0.044678770652686745,0.03925879758381461
cg_024,5507093e9e401f6e,We're short on a few ordinary household supplies; would you like any of them added to the list?,0.1707759668040551,-0.020797668288045683,0.044678770652686745,0.03925879758381461
cg_024,17ec5ec8976d877c,"A few ordinary household supplies are getting low, so I'm making the shopping list—what would you like included?",-0.02772520418681378,-0.026703131991204873,0.044678770652686745,0.03925879758381461
cg_024,8fdbda870505fe80,I see we're getting low on several ordinary household supplies; is there anything you'd like on the shopping list?,-0.039078576249974406,-0.05216959718656963,0.044678770652686745,0.03925879758381461
cg_024,b979435498596693,Some ordinary household supplies are running low—what should I add to the shopping list for you?,0.016253536243252938,-0.017770168773733455,0.044678770652686745,0.03925879758381461
cg_024,d918c34ee6c9c7bc,Several ordinary household supplies are nearly finished; which ones do you want me to put on the list?,0.15681868854489728,0.03839967956489322,0.044678770652686745,0.03925879758381461
cg_024,cfca4bdbcab2ac0e,I'm going to write the shopping list—we're low on several ordinary household supplies; anything you need?,-0.07788520661190246,-0.01524969917618288,0.044678770652686745,0.03925879758381461
cg_024,6d119037cfcfbf73,We're running short on a few ordinary household supplies; tell me what to add to the shopping list.,-0.020094691817827,0.041457965020402845,0.044678770652686745,0.03925879758381461
cg_024,c408b9e5b0e8595f,A number of ordinary household supplies are getting low; what items should I note for shopping?,-0.0997452516064288,0.007297351627905683,0.044678770652686745,0.03925879758381461
cg_024,9797396bc2c69652,"Several ordinary household supplies are low, so I'm jotting down a list—what would you like included?",0.09502326887016498,-0.001293710034469972,0.044678770652686745,0.03925879758381461
cg_024,238ec054614ce4d5,I need to add items to the shopping list; we're low on several ordinary household supplies—what should I write?,-0.06509914357221794,0.07255561179341521,0.044678770652686745,0.03925879758381461
cg_024,f09d828304837ccb,Some ordinary household supplies are running low—do you want any of them on the shopping list?,0.032220614267686784,-0.10220049484446282,0.044678770652686745,0.03925879758381461
cg_024,f9644fca2a5bab53,Several ordinary household supplies are getting low—what would you like me to note on the list?,0.05691129246199074,0.019149557156574896,0.044678770652686745,0.03925879758381461
cg_024,747e29c6d0962ea0,I noticed a few ordinary household supplies are low; which should I add to the shopping list?,-0.10077428368918748,-0.06278683521048371,0.044678770652686745,0.03925879758381461
cg_024,ac7344b3542e964d,Several ordinary household supplies are running low—want to tell me which ones to add?,0.06126932982798512,0.03300343455073413,0.044678770652686745,0.03925879758381461
cg_024,736a5869762e5d59,I'm making a list—some ordinary household supplies are getting low; what should I include?,0.0293874517666787,0.07538835154342707,0.044678770652686745,0.03925879758381461
cg_024,1acfe91db72b2f1d,A few ordinary household supplies are getting low; would you like me to add anything to the list?,0.08752690868782995,0.042115523191815496,0.044678770652686745,0.03925879758381461
cg_024,dc7fbf3ff15bb066,We're a bit low on several ordinary household supplies; what items do you want on the shopping list?,0.013194077501479516,-0.07405574454846582,0.044678770652686745,0.03925879758381461
cg_024,217daddd479314a7,Several ordinary household supplies are running out; what should I put on the shopping list?,-0.11659324846027166,0.03392135758561128,0.044678770652686745,0.03925879758381461
cg_024,1559a9c5e9cb7140,I'm preparing the list—we have low supplies of several ordinary household items; any you want added?,0.03715999847339023,0.051171707386441334,0.044678770652686745,0.03925879758381461
cg_024,93c7194bbb170267,Several ordinary household supplies are low; which items should I add to the shopping list for next time?,-0.06390779161504126,0.035775481850531025,0.044678770652686745,0.03925879758381461
cg_024,59983e4e54eb0907,I’m writing the shopping list because several ordinary household supplies are running low—anything you’d like?,-0.06293370806288771,-0.023565415477499425,0.044678770652686745,0.03925879758381461
cg_024,9efd11bf1096f7f4,A few ordinary household supplies are getting low—what should go on the shopping list?,-0.07146876497481525,-0.023982999325230434,0.044678770652686745,0.03925879758381461
cg_024,dc1175a1c613f820,We're getting low on several ordinary household supplies; do you want anything written down?,0.07837666682138539,-0.04807531327265695,0.044678770652686745,0.03925879758381461
cg_024,628cb3aa44f2b6d3,Several ordinary household supplies are running low—tell me which ones you'd like on the list.,0.11345965416063676,-0.018759842093460884,0.044678770652686745,0.03925879758381461
cg_024,e22a1d2648f34e42,I see a few ordinary household supplies running low; what should I put on our shopping list?,-0.0783595416205898,-0.026877805368321295,0.044678770652686745,0.03925879758381461
cg_024,61dc26c9a30a696b,Some ordinary household supplies are low—would you like me to note any items for shopping?,-0.0655547582591082,-0.04654113364628802,0.044678770652686745,0.03925879758381461
cg_024,0248bda0453bc7a3,I'm adding items to the shopping list; several ordinary household supplies are running low—what do you want?,0.017984024146518847,-0.04270400686926644,0.044678770652686745,0.03925879758381461
cg_024,51e895dad986fdca,Several ordinary household supplies are getting low—are there any you want added to the shopping list?,-0.032832563993554637,-0.05821482841610243,0.044678770652686745,0.03925879758381461
cg_024,1c38799f0e43d10c,"We're low on a few ordinary household supplies, so I'm making a list—what would you like written down?",0.12866160087735862,-0.005225767016138187,0.044678770652686745,0.03925879758381461
cg_024,5a664625358dfc63,A few ordinary household supplies are running low; do you want me to add any of them to the list?,0.1352028786158729,-0.008854074653285962,0.044678770652686745,0.03925879758381461
cg_024,d848397060ff87d5,Several ordinary household supplies are getting low—what should I jot down for the next shopping trip?,-0.16995390744006023,-0.022549552912001832,0.044678770652686745,0.03925879758381461
cg_024,d1d2220af71119a9,I'm making the shopping list because we're running low on several ordinary household supplies; what should I add?,-0.0992375828145099,0.023668047243708655,0.044678770652686745,0.03925879758381461
cg_024,98784685a7be096c,Some ordinary household supplies are getting low; which of them should I put on the shopping list?,-0.06856581910508183,-0.012632505049486435,0.044678770652686745,0.03925879758381461
cg_024,5cd85d8cbd79a9a0,We're low on several ordinary household supplies—shall I write any of them on the list?,0.059743295840909386,-0.006823014828886666,0.044678770652686745,0.03925879758381461
cg_024,5ba15f3dfb734f7f,Several ordinary household supplies are running low; anything you’d like added before I finish the list?,0.08129788040030322,0.04438774459208965,0.044678770652686745,0.03925879758381461
cg_024,1c87fa4abab26adc,I noticed several ordinary household supplies are low—what do you want me to put on the shopping list?,-0.047577420331776886,-0.08469886522452033,0.044678770652686745,0.03925879758381461
cg_024,86d5ff33ef674a86,A few ordinary household supplies are nearly gone; what should I include on the shopping list?,-0.0851309253606461,-0.024080231826922253,0.044678770652686745,0.03925879758381461
cg_024,f3d7cf0581da6ebf,Several ordinary household supplies are low—do you want to tell me what to add to the shopping list?,-0.0298302933078542,-0.05800119845083351,0.044678770652686745,0.03925879758381461
cg_024,d1659bd25b954f21,I'm compiling the shopping list—we're running low on some ordinary household supplies; what should I add?,-0.12444893425750826,0.06423371120993682,0.044678770652686745,0.03925879758381461
cg_024,b869063c0a51eb1a,Several ordinary household supplies are getting low; is there anything you'd like me to put on the shopping list?,-0.07729292154772718,-0.008991268272140834,0.044678770652686745,0.03925879758381461
cg_024,f6fcabab2d19957a,We're running low on some ordinary household supplies; what items would you like me to add to the list?,0.08094394398550292,0.05258057098614562,0.044678770652686745,0.03925879758381461
cg_025,13531448b28ab6d5,The meal delivery that was supposed to arrive in the early afternoon is going to be later than planned; how would you like to handle the new arrival time?,-0.09715274185516054,0.03183265855002823,0.044678770652686745,0.03925879758381461
cg_025,a2ede386b7d034dd,Your meal that was due this early afternoon is running later than planned—what would you like me to do about the changed timing?,0.1526234504916325,0.11889870955887384,0.044678770652686745,0.03925879758381461
cg_025,511f67ef55b15a7f,The delivery that was expected in the early afternoon will arrive later than planned; do you want to wait for it or do something different?,-0.05968612228519379,-0.12759225926447962,0.044678770652686745,0.03925879758381461
cg_025,c206809690d40bd6,I just found out the meal delivery due this early afternoon will be later than planned—how would you like to proceed?,-0.07615136083491966,-0.007072710847768127,0.044678770652686745,0.03925879758381461
cg_025,00707998076dc93a,The meal that was scheduled for early afternoon will be arriving later than planned; would you prefer to eat something now or wait?,0.16202652270706344,0.013349389822862703,0.044678770652686745,0.03925879758381461
cg_025,d5ac27bcb666f403,The early-afternoon meal delivery is delayed and will come later than planned—what would you like me to do?,-0.07296517469431099,0.12641484714842566,0.044678770652686745,0.03925879758381461
cg_025,09781ea6042a579f,The delivery that was expected earlier this afternoon is going to be later than planned; would you like me to check with them or wait?,-0.16910735603150384,-0.1617435575989864,0.044678770652686745,0.03925879758381461
cg_025,bf2e96678058f99c,"Your meal delivery, which was supposed to arrive in the early afternoon, is going to be later than planned—how would you like to handle it?",0.08201529202396769,0.011838983884360966,0.044678770652686745,0.03925879758381461
cg_025,5e35d2ef2172b4f4,The meal that was due this early afternoon will arrive later than planned—do you want to reschedule or wait for it?,0.02831480469908405,0.08768215135177343,0.044678770652686745,0.03925879758381461
cg_025,8509bc46b51f49f8,The early-afternoon delivery is going to be later than planned; would you like me to bring you something small while you wait?,0.07159014322605484,-0.19730494078124644,0.044678770652686745,0.03925879758381461
cg_025,72127d4816d4ece1,"Just so you know, the meal delivery expected in the early afternoon will come later than planned—how do you want to deal with that?",0.042581069024951734,0.0662841859905514,0.044678770652686745,0.03925879758381461
cg_025,a0f77fabefd637cd,Heads up: the meal that was due this early afternoon is arriving later than planned; would you prefer to wait or have me do anything?,0.11033626720413194,-0.014587152955464472,0.044678770652686745,0.03925879758381461
cg_025,1b78ba3b7f67ff31,The meal that should've arrived early this afternoon is going to be later than planned—what would you like to do about the timing?,0.029907815375051626,0.14726922425396982,0.044678770652686745,0.03925879758381461
cg_025,8eed762962c21921,The delivery scheduled for early afternoon will arrive later than planned; would you like me to call and find out the new ETA?,-0.1988258202180944,-0.034973504299479256,0.044678770652686745,0.03925879758381461
cg_025,92f50dfd08012aac,Your early-afternoon meal delivery is delayed and will come later than planned—would you like me to heat something while you wait?,0.19811751701627248,0.08773168461594462,0.044678770652686745,0.03925879758381461
cg_025,ab3eab9a4bfbf520,The meal that was expected this early afternoon will arrive later than planned; do you want me to let the delivery person know about anything?,-0.057471310216337904,-0.040064085997212,0.044678770652686745,0.03925879758381461
cg_025,038d4fff75da7005,The early-afternoon delivery will be arriving later than planned; do you want to change the delivery instructions or just wait?,-0.10970709080278453,-0.14572237668983232,0.044678770652686745,0.03925879758381461
cg_025,e4ef4291dbfd253e,The meal that was supposed to get here in the early afternoon will be later than planned—how would you like to handle the delay?,0.025334309723015244,0.17285702894836485,0.044678770652686745,0.03925879758381461
cg_025,b035a5844a20c59c,The delivery scheduled for early afternoon is delayed and will come later than planned; would you like me to sit with you until it arrives?,-0.035959133160573954,-0.05789226718174714,0.044678770652686745,0.03925879758381461
cg_025,2658fddc2baf4c9d,The meal that was due earlier this afternoon will arrive later than planned; would you like to eat something now or hold off?,0.2589748315204573,-0.04374098082381144,0.044678770652686745,0.03925879758381461
cg_025,44aee5f181f30773,The early-afternoon meal delivery is going to be later than planned; do you want me to contact them to ask when it will arrive?,-0.15573738320127034,0.017107012986471305,0.044678770652686745,0.03925879758381461
cg_025,57b22f5ff68c036b,That meal delivery expected in the early afternoon will be later than planned—what would you prefer we do about the timing?,-0.08102405227940514,0.1241686665643681,0.044678770652686745,0.03925879758381461
cg_025,f75252b8899b1939,The delivery that was supposed to arrive this early afternoon is running later than planned—would you like to change your plans for lunch?,-0.09513446956511103,-0.12641502826705658,0.044678770652686745,0.03925879758381461
cg_025,f7409df7f72b5727,The early-afternoon delivery is delayed and will be later than planned; would you like me to stay here until it gets here?,-0.09621766707278362,-0.12571616807646585,0.044678770652686745,0.03925879758381461
cg_025,a825d42d9ab83c5d,"Your meal delivery, scheduled for early afternoon, will arrive later than planned—would you like to have something else now or wait?",0.13744134427754262,-0.032407532509718034,0.044678770652686745,0.03925879758381461
cg_025,f786f60f3fde774b,I wanted to let you know the meal that was expected in the early afternoon will be arriving later than planned; what would you like to do?,0.05984869502858256,0.05328901207109571,0.044678770652686745,0.03925879758381461
cg_025,60c0700bca5175b9,The meal expected this early afternoon is going to be later than planned; would you like me to check if they can bring it sooner?,-0.08754950044621292,-0.013178089827719015,0.044678770652686745,0.03925879758381461
cg_025,ab52c5963a0fbb73,The early-afternoon meal delivery will arrive later than planned; how do you want to handle the new time?,-0.005673997686668259,0.10458671806345068,0.044678770652686745,0.03925879758381461
cg_025,a6d807192f5cc06e,The delivery that was due in the early afternoon is delayed and will be later than planned; would you like to eat now or later?,-0.030723063789226616,0.009335400046660133,0.044678770652686745,0.03925879758381461
cg_025,8439150bc4607a19,The meal scheduled for early afternoon is going to be later than planned—do you want me to wait with you or step out?,0.14612870373839928,-0.03330963989749846,0.044678770652686745,0.03925879758381461
cg_025,ec473f484e920f1f,Your meal delivery that was due this early afternoon will be later than planned; do you want to change the delivery address or stick with the plan?,-0.012925449887452352,-0.17823333134600433,0.044678770652686745,0.03925879758381461
cg_025,0988932fb67e14c1,The early-afternoon delivery is running late and will be later than planned—do you want to reschedule it or wait for arrival?,-0.14882730326269494,-0.038922872687087676,0.044678770652686745,0.03925879758381461
cg_025,1c8d9677eb58f393,The meal that was expected in the early afternoon will arrive later than planned; would you like a snack now while you wait?,0.15169186359897274,0.03029327551170021,0.044678770652686745,0.03925879758381461
cg_025,f795ccb928e697af,Just a note: the delivery from early afternoon is going to be later than planned—how would you like to handle the delay?,-0.10859310989866042,0.07052705189654287,0.044678770652686745,0.03925879758381461
cg_025,ce115ee9a1719edf,I heard the meal expected this early afternoon will be arriving later than planned—what would you prefer we do?,-0.019030308114283974,0.01274849300010307,0.044678770652686745,0.03925879758381461
cg_025,0e0540cc86d57008,The meal delivery scheduled for early afternoon will arrive later than planned; would you like me to be here when it comes?,-0.05101060991810742,-0.034191163697089896,0.044678770652686745,0.03925879758381461
cg_025,5c469c433b407236,Your early-afternoon meal is delayed and will be later than planned—would you prefer to heat something in the meantime or wait?,0.23545062912792203,0.12353296306012422,0.044678770652686745,0.03925879758381461
cg_025,ae7d80e746c9a309,The delivery that was supposed to come in the early afternoon will be coming later than planned—do you want me to check on it?,-0.11523932111130576,-0.08273552892024322,0.044678770652686745,0.03925879758381461
cg_025,bf62acee530afdfb,The meal expected this early afternoon is going to arrive later than planned; do you want to push back any plans because of that?,0.0784077665099241,-0.009635417517493139,0.044678770652686745,0.03925879758381461
cg_025,f2e910936f9d387f,The early-afternoon delivery will now arrive later than planned—how would you like to handle mealtime?,-0.03945156469667811,0.1023775997916921,0.044678770652686745,0.03925879758381461
cg_025,0d46b83f05d092b1,The meal that was due this early afternoon will be later than planned; do you want to change the delivery time with them?,-0.022797274176473342,-0.039013526694461044,0.044678770652686745,0.03925879758381461
cg_025,ad2c22126c9c7046,The delivery scheduled for early afternoon is delayed and will be later than planned; would you like me to get you something small to tide you over?,0.05031998591920085,-0.06828937512176536,0.044678770652686745,0.03925879758381461
cg_025,b9931c1470819d45,The meal that was expected in the early afternoon is going to be later than planned—do you want to wait here or go ahead without it?,0.1628748379034572,-0.06813514906804478,0.044678770652686745,0.03925879758381461
cg_025,11abf6f40b023e4d,Your early-afternoon meal delivery is delayed and will arrive later than planned; would you like to know when it gets closer?,0.02681351463329401,0.11163271506567068,0.044678770652686745,0.03925879758381461
cg_025,aab33a72f999c53b,The delivery that was supposed to come in the early afternoon will be later than planned; would you like me to keep an eye on the tracking?,-0.13647140944239805,-0.11480437566161474,0.044678770652686745,0.03925879758381461
cg_025,93194f6ae9794531,The meal expected this early afternoon will arrive later than planned; what would you like to do about lunch?,0.04227416064180482,0.0870988281971213,0.044678770652686745,0.03925879758381461
cg_025,4cd534dd90a083c8,The early-afternoon meal delivery is delayed and will come later than planned; would you like me to see if they can leave it at the door?,-0.15714256452853276,-0.03279013394868477,0.044678770652686745,0.03925879758381461
cg_025,ac0b20e5850bc916,The meal that was meant to arrive in the early afternoon will be later than planned—how do you want to handle the later delivery time?,-0.01249836521463835,0.11761456930081804,0.044678770652686745,0.03925879758381461
cg_026,b6eaf4c248d29416,The streaming service on the television has signed out. Do you want help signing back in or would you rather leave it for later?,0.0002520380278608243,-0.046408968941652896,0.044678770652686745,0.03925879758381461
cg_026,06eb63b267bcd732,The streaming service on the television has signed out—would you like me to help you sign back in now or leave it for later?,0.04320609885920404,0.027042294325031607,0.044678770652686745,0.03925879758381461
cg_026,de1eeeec92c0eb70,The streaming service on the television has signed out. Do you want me to help you sign back in?,0.044239799184452706,-0.015871381288987654,0.044678770652686745,0.03925879758381461
cg_026,7dc118b5ad451b86,"The streaming service on the television has signed out. Want me to help you sign back in, or shall we leave it until later?",-0.029129195259305796,0.04703571652991083,0.044678770652686745,0.03925879758381461
cg_026,3e7ead376510cc60,The streaming service on the television has signed out. Would you prefer to leave it for later or get help signing back in?,-0.05219139670366961,0.00744374001432422,0.044678770652686745,0.03925879758381461
cg_026,d9c94ef6d4b67d29,The streaming service on the television has signed out. Should I help you sign back in or do you want to leave it for later?,0.003057417293383085,-0.02826569412250113,0.044678770652686745,0.03925879758381461
cg_026,c7d250360ad3c37c,The streaming service on the television has signed out. Do you want help signing back in now or later?,-0.01282180066302835,0.06630682440015742,0.044678770652686745,0.03925879758381461
cg_026,3d4267f7dad963a1,The streaming service on the television has signed out—do you want me to try helping you sign back in?,0.08704307764678201,-0.012947383596123619,0.044678770652686745,0.03925879758381461
cg_026,7c96c8785859bdca,"The streaming service on the television has signed out. Would you like help signing back in, or do you want to wait?",-0.05281009255226961,0.024067419578089035,0.044678770652686745,0.03925879758381461
cg_026,8d38140059340086,"The streaming service on the television has signed out. Would you like me to help sign you back in, or keep it for later?",0.030442124036155652,0.013532556348907137,0.044678770652686745,0.03925879758381461
cg_026,8108cd3591e8a3c7,"The streaming service on the television has signed out. Do you want help signing back in, or would you rather do it later?",0.02178916255619162,-0.013946874316932298,0.044678770652686745,0.03925879758381461
cg_026,1b0dbad69c4aef0e,The streaming service on the television has signed out. Do you want assistance signing back in or shall we leave it for now?,-0.071127383517799,0.029074334625739356,0.044678770652686745,0.03925879758381461
cg_026,16d9e4169b05cce9,"The streaming service on the television has signed out. Do you want me to help with signing back in, or leave it for later?",-0.05740557400434229,0.05952529226388431,0.044678770652686745,0.03925879758381461
cg_026,25a1c9a74a6fce73,"The streaming service on the television has signed out. Want help signing back in, or would you prefer to leave it?",-0.05255055936295306,-0.03367164604175251,0.044678770652686745,0.03925879758381461
cg_026,63ad3f144439c417,The streaming service on the television has signed out; would you like help signing back in or do you want to do it later?,-0.019292946291741143,0.023563108921250252,0.044678770652686745,0.03925879758381461
cg_026,d2ead79318b26c34,"The streaming service on the television has signed out. Would you like me to help you sign back in, or would you rather wait?",4.8598296348244946e-05,-0.025689057296341085,0.044678770652686745,0.03925879758381461
cg_026,bb8cb0628f0f9764,The streaming service on the television has signed out. Do you want help now signing back in or do you want to handle it later?,0.030056896496344045,0.055430721555809956,0.044678770652686745,0.03925879758381461
cg_026,8229713a3427af62,"The streaming service on the television has signed out. Shall I help you sign back in, or leave it for later?",0.0010494263286412626,0.03433453748301945,0.044678770652686745,0.03925879758381461
cg_026,ba74868a95118e07,"The streaming service on the television has signed out. Do you want me to sign you back in, or would you rather leave it?",0.06769531573954753,-0.1801325499779605,0.044678770652686745,0.03925879758381461
cg_026,40d6f51fe46eb9bb,The streaming service on the television has signed out. Would you like help to sign back in or would you prefer to come back to it later?,-0.037338997729999254,-0.05583228458623077,0.044678770652686745,0.03925879758381461
cg_026,9e9cc2e0db38cd69,"The streaming service on the television has signed out. Do you want help signing back in now, or leave it for later?",0.013586318241268533,0.04111182527531698,0.044678770652686745,0.03925879758381461
cg_026,cb1f06561c571639,"The streaming service on the television has signed out. Do you want help signing back in now, or would you like to wait?",-0.025350484839775374,0.05026084098159169,0.044678770652686745,0.03925879758381461
cg_026,8f11fd3dd0a5792d,"The streaming service on the television has signed out. Would you like a hand signing back in, or do you want to leave it?",0.029486041551456753,-0.12133570552907638,0.044678770652686745,0.03925879758381461
cg_026,2376af65c872806e,The streaming service on the television has signed out. Would you prefer I help you sign back in or that we leave it for later?,-0.053140238184618174,-0.002396254409120612,0.044678770652686745,0.03925879758381461
cg_026,eb079b3fc76d5a3a,"The streaming service on the television has signed out. Do you want me to help you sign back in now, or do you want to postpone it?",0.03568366855662768,0.06884843288479314,0.044678770652686745,0.03925879758381461
cg_026,ca87ff9d67e7071a,"The streaming service on the television has signed out. Do you want help signing back in, or is it okay to leave it for now?",-0.024159286269554457,-0.023075046177370995,0.044678770652686745,0.03925879758381461
cg_026,764bef5bd6560c55,"The streaming service on the television has signed out. Do you want to sign back in now with my help, or leave it for later?",0.030212897579876295,0.03756680610503659,0.044678770652686745,0.03925879758381461
cg_026,f93bd455b5e18466,The streaming service on the television has signed out. Should I help you sign back in now or would you rather do it later?,0.050913431734927114,-0.004060116527696699,0.044678770652686745,0.03925879758381461
cg_026,ec45683f617a88e9,"The streaming service on the television has signed out. Would you like me to help you sign back in, or would you prefer to wait?",-0.02401394331383039,-0.0033010134622580506,0.044678770652686745,0.03925879758381461
cg_026,1f71c3e5abb67409,"The streaming service on the television has signed out. Do you want me to help you sign back in, or would you like to leave it until later?",0.033561081637184485,-0.024238700204291794,0.044678770652686745,0.03925879758381461
cg_026,ecc3d947193ccecd,"The streaming service on the television has signed out. Do you want help signing back in, or do you want to come back to it later?",0.01943636206238935,-0.03227793063811773,0.044678770652686745,0.03925879758381461
cg_026,326619168aac5fdb,"The streaming service on the television has signed out. Want help signing back in now, or should we leave it for later?",-0.12213253170141278,0.1079128136777292,0.044678770652686745,0.03925879758381461
cg_026,1b49aa197680d96f,"The streaming service on the television has signed out. If you want, I can help you sign back in now, or you can leave it for later.",0.021979840998590287,0.07445520753316828,0.044678770652686745,0.03925879758381461
cg_026,b11505a11337921f,"The streaming service on the television has signed out. Would you like help signing back in, or would you rather leave it?",-0.0012265124869173766,-0.10052717001681374,0.044678770652686745,0.03925879758381461
cg_026,7b161d3163197ecf,"The streaming service on the television has signed out. Do you want help signing back in this minute, or would you prefer to wait?",-0.002476498842568281,0.1014609449112664,0.044678770652686745,0.03925879758381461
cg_026,50d840444820117c,"The streaming service on the television has signed out. Would you like me to help sign you back in, or do you want to leave it for later?",0.027388226220955176,-0.04826519998772255,0.044678770652686745,0.03925879758381461
cg_026,2d32d28d990709d4,"The streaming service on the television has signed out. Do you want help signing back in, or do you want to leave it for now?",0.03984680592413125,-0.036856591590032184,0.044678770652686745,0.03925879758381461
cg_026,6fab5c8935deb0d5,"The streaming service on the television has signed out. Would you like help to sign back in, or shall we come back to it later?",-0.05906533890691726,0.008164511307158394,0.044678770652686745,0.03925879758381461
cg_026,601f8a49fd7d2267,The streaming service on the television has signed out. Shall I help you sign back in or do you want to leave it until later?,-0.001939662209774737,0.003782054785251412,0.044678770652686745,0.03925879758381461
cg_026,f53855e2ae7e8055,"The streaming service on the television has signed out. Do you want me to help you sign back in, or do you want to wait and do it later?",0.04241300282344711,0.024045026570217183,0.044678770652686745,0.03925879758381461
cg_026,509497f1edb5c666,"The streaming service on the television has signed out. Would you like a hand signing back in now, or would you rather leave it?",0.05085945032064275,-0.12006117555405124,0.044678770652686745,0.03925879758381461
cg_026,3f7af162ef477000,"The streaming service on the television has signed out. Do you want help signing back in, or is it fine to leave it for later?",-0.06007501125244777,0.007454605101971325,0.044678770652686745,0.03925879758381461
cg_026,dd634d1783ad6fc1,"The streaming service on the television has signed out. Would you like me to help you sign back in now, or would you prefer to wait?",0.004546220760463638,0.020509709809856794,0.044678770652686745,0.03925879758381461
cg_026,dea578284103fb07,"The streaming service on the television has signed out. Do you want my help signing back in, or shall we leave it for later?",-0.05916180197622287,0.0754827195107659,0.044678770652686745,0.03925879758381461
cg_026,ec99d8d181d49689,"The streaming service on the television has signed out. Do you want help signing back in, or would you like to come back to it later?",-0.0007390896290997468,-0.03166674058976604,0.044678770652686745,0.03925879758381461
cg_026,b4c1b15b13970e17,"The streaming service on the television has signed out. Would you like me to help you sign back in, or would you rather leave it for now?",0.05935560071947016,-0.07469907569396492,0.044678770652686745,0.03925879758381461
cg_026,b056d65d084405d6,"The streaming service on the television has signed out. Do you want help signing back in right now, or would you prefer to leave it?",0.023698908190011317,-0.031831485641089875,0.044678770652686745,0.03925879758381461
cg_026,9f7870d2ae4ebae2,"The streaming service on the television has signed out. Shall I help you sign back in, or do you want to wait and do it later?",0.006300533911894577,0.058946001689608125,0.044678770652686745,0.03925879758381461
cg_027,40feb5ff9b0e8b1f,Your phone's storage is nearly full and it may stop saving new photos soon; would you like me to help review files to free up space?,-0.040392902136392,0.010186695817478716,0.044678770652686745,0.03925879758381461
cg_027,5fb8087dc97b5944,Your phone is almost out of space and might not save any new photos; do you want me to go through the files with you?,0.10171564776388142,-0.1406873020601864,0.044678770652686745,0.03925879758381461
cg_027,c78fcab5b7f53284,It looks like your phone's storage is getting full and could stop accepting photos soon—would you like help reviewing what can be cleared?,-0.08356924269091917,0.039089391139893584,0.044678770652686745,0.03925879758381461
cg_027,2c7dfa3811dbfec1,The phone is running low on storage and may soon be unable to save new photos; want me to help you look through files?,-0.1294167156875683,0.06450271482644696,0.044678770652686745,0.03925879758381461
cg_027,0bf26993dfb4d35d,Your phone has nearly no storage left and may not save more photos soon; would you like me to help check and delete unneeded files?,-0.0032078287207055432,0.002654242613927213,0.044678770652686745,0.03925879758381461
cg_027,21ccbd4ae9369817,Storage on your phone is close to full and might prevent new photos from saving; do you want my help reviewing what to clear?,0.02367639814603268,0.03957852218595458,0.044678770652686745,0.03925879758381461
cg_027,7f7965bdc2e31cef,I noticed your phone is almost full and might stop saving photos; would you like me to help you go through the files?,0.02853631586731216,-0.03921033540129483,0.044678770652686745,0.03925879758381461
cg_027,0cf1bb804847ccbc,Your phone's storage is nearly full and could soon stop saving new pictures—shall I help you review and remove some files?,0.02684480731083147,-0.03309204722595009,0.044678770652686745,0.03925879758381461
cg_027,df1107131e6c90c3,The phone is low on space and may stop saving any new photos soon. Would you like me to help review what's on it?,-0.09817213459256757,0.0312446097014165,0.044678770652686745,0.03925879758381461
cg_027,5f4e24b910181a4d,It seems your phone is nearly full and might not save more photos; do you want me to sit with you and look through files?,0.13558774599729057,-0.12004689218225331,0.044678770652686745,0.03925879758381461
cg_027,03a23455610f1fc2,Your phone is almost out of storage and may stop saving new pictures soon; would you like some help reviewing files?,-0.02294782833783597,0.023616880355427514,0.044678770652686745,0.03925879758381461
cg_027,14c5dde5279c9984,There isn't much space left on your phone and it might stop saving photos soon—do you want me to help clear some files?,0.044463562839808186,0.00010985954786850091,0.044678770652686745,0.03925879758381461
cg_027,f9c3b40e70d4e0b2,Your phone's storage is nearly used up and could prevent new photos from saving; would you like my help reviewing files?,-0.021141476363943302,0.004662539415131558,0.044678770652686745,0.03925879758381461
cg_027,ca7d7ce5ef84f620,Looks like your phone is close to full and may not accept more photos; should I help you review what's taking up space?,0.006937662414875394,-0.034294756535107315,0.044678770652686745,0.03925879758381461
cg_027,7d82033362079476,Your phone is running out of storage and might stop saving photos soon—do you want me to help go through files with you?,0.03263819073846418,-0.0024881275207136494,0.044678770652686745,0.03925879758381461
cg_027,84383b540df9011b,I noticed your phone's storage is almost full and may stop saving new photos; would you like me to help decide what can be removed?,0.02944939326601106,-0.05366806610233403,0.044678770652686745,0.03925879758381461
cg_027,0483b82b3d74e1e1,Your phone has very little storage left and could soon stop saving photos. Want me to help you review the files?,-0.05155833602436641,-0.0004743836359644947,0.044678770652686745,0.03925879758381461
cg_027,3559a72b07194c95,The phone seems nearly full and may not save new pictures soon; would you like me to help you clear out some files?,-0.027011918862530012,0.023799619136471308,0.044678770652686745,0.03925879758381461
cg_027,55ac82d7d0b9ef58,Your phone's storage is almost full and it might not save any more photos—do you want me to help you look through and delete extras?,0.08911409382985745,-0.031365239527091485,0.044678770652686745,0.03925879758381461
cg_027,5d4b0136dffe7bd3,There’s not much space left on your phone and it may soon stop saving photos; would you like me to help review your files?,-0.014327476445327496,-0.03436443666142474,0.044678770652686745,0.03925879758381461
cg_027,4848c1f2d640daca,It looks like your phone is at nearly full capacity and may stop saving photos soon—shall I help you check what can be cleared?,-0.0020440726656668455,0.1237305474493306,0.044678770652686745,0.03925879758381461
cg_027,a70d53bc11a4bb21,Your phone's storage is low and new photos may not be saved soon. Would you like me to help go through your files?,-0.046464829157845514,-0.004671459428841614,0.044678770652686745,0.03925879758381461
cg_027,1ccda5eaa9e01a73,I see your phone is almost full and might stop saving new photos; do you want me to help you review and remove some items?,0.11218200862194312,-0.06149711092001876,0.044678770652686745,0.03925879758381461
cg_027,b7087b03d6fb9d7a,Your phone is close to full and could soon stop saving pictures—would you like me to help you decide what to delete?,0.10973344110116094,-0.026410714468294266,0.044678770652686745,0.03925879758381461
cg_027,25c8c3dee7fb4243,The phone is nearly out of storage and may stop saving new photos; want me to help you look through and clear space?,-0.05080809932049035,0.04605655377024225,0.044678770652686745,0.03925879758381461
cg_027,a65a77918036a5c9,Your phone doesn't have much free space left and may soon stop saving photos—do you want my help reviewing files?,-0.006515806844753069,-0.03036037006914178,0.044678770652686745,0.03925879758381461
cg_027,86b661a1ac1aca48,Storage on your phone is almost gone and it might not save more photos soon. Would you like help going through the files?,-0.08216277536797639,0.028312831229737077,0.044678770652686745,0.03925879758381461
cg_027,ca9f45060dee20eb,Your phone's memory is nearly full and could prevent new photos from saving; would you like me to help review what's on it?,0.06895777008527174,0.047079820750969475,0.044678770652686745,0.03925879758381461
cg_027,cfc74a5fdacc5f22,It appears your phone is almost full and may stop saving new photos soon—would you like me to help sort through the files?,-0.04048129961581841,0.025241319209128137,0.044678770652686745,0.03925879758381461
cg_027,a5c1cbce6f3897d1,Your phone is low on storage and may soon stop accepting new photos; do you want me to help you clear out some files?,0.05752158593468244,-0.0652562704493183,0.044678770652686745,0.03925879758381461
cg_027,f12987934bd7d517,There’s very little space left on your phone and it might not save any more photos—shall I help you review the files?,-0.033981236644730156,-0.04800851587773204,0.044678770652686745,0.03925879758381461
cg_027,f740d8ccc74f3864,I noticed your phone's storage is nearly full and it may stop saving photos soon; would you like me to help you clear unnecessary files?,0.02761383132907583,0.04046818645396925,0.044678770652686745,0.03925879758381461
cg_027,f232817bff71c5a1,Your phone is almost full and could soon stop saving new pictures—do you want me to help look through and remove what you don't need?,0.1646516009296245,-0.06869069581410484,0.044678770652686745,0.03925879758381461
cg_027,8efdaff6d9d6551f,The phone is getting full and may not save new photos soon; would you like me to help you go through your files?,-0.04389176067738776,0.018986615492402333,0.044678770652686745,0.03925879758381461
cg_027,d7754e246f1b19cd,Your phone has almost no storage left and may soon stop saving photos—would you like me to help review and free up space?,-0.02475638204838069,0.011129444236846461,0.044678770652686745,0.03925879758381461
cg_027,2f8759ceec024873,It looks like your phone is running low on space and could stop saving photos soon—do you want me to help you review files?,-0.014895787238869987,0.004837377100570722,0.044678770652686745,0.03925879758381461
cg_027,9f2b67840764b8b9,Your phone is nearly full and might prevent new photos from saving; would you like me to help check what's taking up space?,0.07461425982856387,0.03502206331462021,0.044678770652686745,0.03925879758381461
cg_027,75e8bf5696b433d4,The storage on your phone is almost used up and may soon stop saving photos—shall I help you review and delete unneeded files?,-0.014954648057366241,0.006174927233608055,0.044678770652686745,0.03925879758381461
cg_027,58b0cac5d037e148,Your phone is close to its storage limit and might stop saving photos soon. Would you like me to help you go through the files?,-0.04235415817377582,0.0303651935456514,0.044678770652686745,0.03925879758381461
cg_027,2b450c632a65bbc4,I can see your phone is almost out of storage and it may stop saving new photos—do you want me to help review what can be cleared?,0.009965837666641792,0.039909680829826925,0.044678770652686745,0.03925879758381461
cg_027,56c87484ffe98fb5,There isn't much storage left on your phone and it may stop saving photos soon; would you like my help to review and free up space?,-0.057080577321829494,0.04079323740724634,0.044678770652686745,0.03925879758381461
cg_027,d7441a445c75ce06,Your phone's space is nearly full and it might not save new photos soon—want me to help go through and clear unnecessary files?,-0.013263272569683782,0.052591975027151794,0.044678770652686745,0.03925879758381461
cg_027,62b316b0adbe3806,The phone looks almost full and may stop saving new photos. Would you like me to help you review the files to free space?,-0.12662274533262435,-0.027474781928574235,0.044678770652686745,0.03925879758381461
cg_027,ee157dba681ce2d5,Your phone is nearly out of space and may soon be unable to save more photos—would you like me to help you look through what's on it?,0.09618359509441472,0.014905060808461799,0.044678770652686745,0.03925879758381461
cg_027,036b60bfec8d658f,I noticed there's almost no storage left on your phone and it may stop saving photos soon—do you want me to help review and remove some files?,-0.019597963829834298,-0.02698494986177233,0.044678770652686745,0.03925879758381461
cg_027,ba7d98c653d8fac4,Your phone's storage is running low and might soon prevent new photos from saving; would you like me to help review the files with you?,-0.012134791098755204,0.0003890069024204794,0.044678770652686745,0.03925879758381461
cg_027,b56165e78b720030,The phone is almost full and may soon stop saving new photos; would you like me to help decide which files to clear?,-0.06744349117136564,-0.0031765715744497746,0.044678770652686745,0.03925879758381461
cg_027,cb177c4eaa744657,Your phone has nearly reached its storage limit and could stop saving photos soon — would you like my help reviewing files to free up space?,-0.04918819176643376,0.0467841117423686,0.044678770652686745,0.03925879758381461
cg_028,263f5075a671c34d,The visitor who was planning to come this afternoon asked if they could come earlier — would that work for you?,0.029694750557167235,-0.014287058871276969,0.044678770652686745,0.03925879758381461
cg_028,80b13a04bb20d067,They were going to arrive in the afternoon and just asked if coming earlier would be convenient; is that okay with you?,0.004143429773015569,0.05976084832121501,0.044678770652686745,0.03925879758381461
cg_028,71987870c67fdaae,The person coming this afternoon wanted to know if they could arrive sooner; does that timing suit you?,0.006897712155999686,0.19912261489158087,0.044678770652686745,0.03925879758381461
cg_028,70b2ea118dd4771f,I just heard from the visitor who planned to come this afternoon; they asked about coming earlier — is that alright for you?,-0.05521799789248895,-0.0821886558761038,0.044678770652686745,0.03925879758381461
cg_028,65b3d982851762df,"The visitor, who was scheduled for the afternoon, asked if they could come earlier; would you be fine with that?",-0.0807255284340472,0.016240407140643193,0.044678770652686745,0.03925879758381461
cg_028,6a83be0d25f2c8a1,Someone who was going to arrive this afternoon asked if they could come earlier — do you want them to?,0.05444526258074243,-0.10347624456323282,0.044678770652686745,0.03925879758381461
cg_028,c410d299eb990630,The visitor planned to arrive this afternoon and asked whether earlier would be convenient; is that okay for you?,-0.10239061163442516,-0.0011695414836464645,0.044678770652686745,0.03925879758381461
cg_028,0555bd56e7eec51e,They were set to come in the afternoon and asked if earlier would work; does that work for you?,0.11949050412137757,0.20589568750253523,0.044678770652686745,0.03925879758381461
cg_028,b6346f5e5aecdc11,The person visiting this afternoon asked if they could come sooner — would you prefer them to come earlier?,0.013562030869309245,-0.04266907962094192,0.044678770652686745,0.03925879758381461
cg_028,694d24fdac55ff38,"The visitor, originally expected this afternoon, asked about arriving earlier — would that be acceptable to you?",-0.06209896898857024,-0.11571959810805542,0.044678770652686745,0.03925879758381461
cg_028,e6232c0d97d6b126,They were supposed to come this afternoon and asked if they could come earlier; are you okay with that change?,0.030628395687045173,-0.026777035001573538,0.044678770652686745,0.03925879758381461
cg_028,1929ab0842bdb2ab,The visitor who planned on the afternoon slot asked if coming earlier is possible — does that suit you?,-0.05226209414151568,0.032727227654500285,0.044678770652686745,0.03925879758381461
cg_028,d53fd46c8ab555e7,Someone who planned to visit this afternoon called to ask if they could come earlier; would that be alright for you?,0.012631665405223511,-0.017087874112477728,0.044678770652686745,0.03925879758381461
cg_028,34197af6a1b8c611,The visitor slated for this afternoon asked whether an earlier arrival would be better — is that fine on your end?,-0.06722408086354172,-0.14926116246450422,0.044678770652686745,0.03925879758381461
cg_028,37487e0d25540217,The person who planned to come this afternoon wants to know if they can come earlier; do you want them to?,0.08457724029933636,-0.00823143652477534,0.044678770652686745,0.03925879758381461
cg_028,b482be535e3f1e93,They were scheduled for the afternoon and asked about coming earlier — would that timing be convenient for you?,-0.03844050451607011,0.2489398646925907,0.044678770652686745,0.03925879758381461
cg_028,0d12c82d2396e4b8,The visitor who planned to arrive in the afternoon asked if they could come sooner — is that okay with you?,-0.022359923812402132,-0.03521438135829827,0.044678770652686745,0.03925879758381461
cg_028,246045999d7f059d,They were going to come this afternoon and asked if earlier would work for you; does it?,0.19714172091983634,0.10579637817088322,0.044678770652686745,0.03925879758381461
cg_028,c1022b168fd8e769,The visitor who planned an afternoon arrival asked about coming earlier — would you be comfortable with that?,-0.04040221181701458,-0.054506422473639515,0.044678770652686745,0.03925879758381461
cg_028,b9b08e8debd02e2d,Someone who was coming this afternoon asked if they could come earlier — would you like that?,0.10693813605505668,0.004332656150182298,0.044678770652686745,0.03925879758381461
cg_028,9ff61537427c99d6,The visitor who had planned to arrive this afternoon asked if coming earlier would be okay; is that okay for you?,-0.0759414799450368,-0.04534794633799525,0.044678770652686745,0.03925879758381461
cg_028,3369c13365727dd4,The person who planned to visit in the afternoon asked if they could come ahead of time — would that work for you?,0.04972562296500359,0.12171370495597986,0.044678770652686745,0.03925879758381461
cg_028,8099a1e5a5ec94d9,The visitor who was due this afternoon wondered if they could come earlier — would you be all right with that?,-0.041379380103765934,-0.04821410775797571,0.044678770652686745,0.03925879758381461
cg_028,2cef764b197ca9e2,They were meant to arrive this afternoon and asked if they could come earlier; does that suit you?,0.06104987682162248,-0.04697581637787164,0.044678770652686745,0.03925879758381461
cg_028,0789eb2cc3925541,The visitor who planned to come this afternoon asked if an earlier time would be convenient — are you okay with that?,-0.08453414442636362,0.05668951955590903,0.044678770652686745,0.03925879758381461
cg_028,2bee099a0def74cc,The person visiting this afternoon asked about coming earlier — is an earlier arrival okay for you?,-0.04625436327141065,-0.06268086695192304,0.044678770652686745,0.03925879758381461
cg_028,259017976082d7dd,"The visitor, scheduled for this afternoon, just asked if coming earlier would work — would that be okay with you?",-0.060091261086840965,0.044121997129353864,0.044678770652686745,0.03925879758381461
cg_028,1bb712e9103433c6,Someone who planned to come this afternoon asked if they could arrive earlier; do you want them to come earlier?,0.04672536303252944,-0.03185998843407417,0.044678770652686745,0.03925879758381461
cg_028,5edfad3860d832ff,The visitor who planned on being here this afternoon has asked about arriving earlier — would you want that?,-0.04797452088688238,-0.13233299521071853,0.044678770652686745,0.03925879758381461
cg_028,376d6b066bd305cc,They were supposed to be here this afternoon and asked if they could come earlier; would that be okay for you?,0.1014248469299522,0.004834233330916322,0.044678770652686745,0.03925879758381461
cg_028,d5c05ae79c87aa35,The visitor who planned to arrive this afternoon called to ask if they could come earlier — would that be all right?,-0.12773899780675782,-0.011023140302903089,0.044678770652686745,0.03925879758381461
cg_028,84509a6380f01ceb,The person who was going to come this afternoon asked if an earlier time is possible — would you be comfortable with that?,0.1410931986220157,0.10052777818541642,0.044678770652686745,0.03925879758381461
cg_028,4cdca1f3bb832269,The visitor who planned an afternoon visit asked if they could come earlier — would you prefer that?,-0.0757300569027547,-0.04114259269739644,0.044678770652686745,0.03925879758381461
cg_028,dcf46626fb141a29,They were set to arrive this afternoon and asked if they could come earlier; would that work for you?,0.06629972240067682,0.07009667976386634,0.044678770652686745,0.03925879758381461
cg_028,52137030c9b7f9b2,The visitor who was scheduled for this afternoon asked whether coming earlier would be convenient — is that okay with you?,-0.10108294666257112,0.015646852998392358,0.044678770652686745,0.03925879758381461
cg_028,03e6ef8682c1c5a0,The person who planned to visit this afternoon asked if they could show up earlier; would that work for you?,0.03132625905181434,-0.023188164791914427,0.044678770652686745,0.03925879758381461
cg_028,cc3e27432250e85d,Someone who planned to arrive this afternoon asked if earlier would be fine — is that fine for you?,0.06727662125565553,0.032946952697523124,0.044678770652686745,0.03925879758381461
cg_028,6cfe5696d0d96dc0,The visitor who planned to come this afternoon wants to know if they can come earlier — would you be okay with that?,-0.05776556784270743,-0.01761118759188018,0.044678770652686745,0.03925879758381461
cg_028,9fc74c86a0409a29,The visitor who planned an afternoon arrival asked about coming earlier — would that be good for you?,-0.04392571905456932,-0.015299879018918387,0.044678770652686745,0.03925879758381461
cg_028,b202f7598308a2b5,They were due this afternoon and asked if they could come earlier; would that be alright for you?,0.026936460387784824,0.06647348659271494,0.044678770652686745,0.03925879758381461
cg_028,c0e530edcf84c7b1,The visitor who was coming this afternoon asked if an earlier arrival would be okay — is that okay with you?,-0.06627867310615135,-0.12034103141946322,0.044678770652686745,0.03925879758381461
cg_028,b5137015bcb6a7c4,The person scheduled for this afternoon asked if they could arrive earlier — would that suit you?,0.0020339967466212455,0.020119296699867933,0.044678770652686745,0.03925879758381461
cg_028,e2f999725c70712d,The visitor who planned to be here this afternoon called asking about coming earlier — would that work for you?,0.024189166252673512,-0.0301327935782305,0.044678770652686745,0.03925879758381461
cg_028,6d3497d4fca41969,Someone who planned to come this afternoon asked if they could come earlier — is that acceptable to you?,0.12199825068595127,0.004538185414406622,0.044678770652686745,0.03925879758381461
cg_028,5c8307b5eb5afef5,The visitor who was going to come this afternoon asked if they could come sooner — would that be okay with you?,0.03684132610784305,-0.08139931909016306,0.044678770652686745,0.03925879758381461
cg_028,1cbde7842b7d9c73,They were booked for this afternoon and asked about coming earlier; does that work for you?,-0.058385776039778486,0.0003856364675374792,0.044678770652686745,0.03925879758381461
cg_028,88c8b97ab09738b7,The visitor who planned to arrive in the afternoon asked if they could come earlier — do you want them to come earlier?,-0.028866750448587435,-0.05277168829606172,0.044678770652686745,0.03925879758381461
cg_029,a83517de724069d9,The family holiday is going to be at a different relative's home than we originally planned—does that work for you?,0.01046711189932455,0.1436399573649844,0.044678770652686745,0.03925879758381461
cg_029,609e5a6a4ddf5a14,We're now holding the holiday at another relative's house instead of the one we planned; is that okay with you?,0.001005839038244736,0.05489584066916171,0.044678770652686745,0.03925879758381461
cg_029,34f31fc0ce07ebce,The gathering will be at a different relative's home than first planned—would that be all right for you?,0.06221198449148718,0.021635710376494754,0.044678770652686745,0.03925879758381461
cg_029,5d3b57b5db1b0117,I wanted to let you know the holiday is at a different relative's place now; does that plan work for you?,-0.09726169822695191,0.10327691986002915,0.044678770652686745,0.03925879758381461
cg_029,ed1033ba3bfd0bc9,"Instead of the original location, the holiday will be at a different relative's home—are you fine with that?",-0.11482939186421011,-0.032000809232325005,0.044678770652686745,0.03925879758381461
cg_029,e4f655318b273a96,"Just so you know, the family will meet at a different relative's home than we expected—does that suit you?",0.09995014297836428,-0.006024971825924367,0.044678770652686745,0.03925879758381461
cg_029,89853840479da948,Plans changed: the holiday will be at another relative's house; is that acceptable to you?,-0.1085290501353198,0.07073549018203014,0.044678770652686745,0.03925879758381461
cg_029,4851622307ab7385,We're meeting at a different relative's home rather than the original place—how does that sound to you?,0.09545180861000721,-0.08428929875039493,0.044678770652686745,0.03925879758381461
cg_029,0d32b8a604198a00,The holiday is being moved to a different relative's home—would that arrangement work for you?,-0.1293707138528225,-0.02977277599156393,0.044678770652686745,0.03925879758381461
cg_029,c7dcf6a0ead67647,I need to tell you the gathering will now be at a different relative's home—are you okay with that?,0.11325396751575173,-0.018118705914108562,0.044678770652686745,0.03925879758381461
cg_029,bced6b22e8d1f2b3,Heads up: the family holiday will be at another relative's house instead of the planned one—does that work for you?,0.03194960365658912,0.15931804700172053,0.044678770652686745,0.03925879758381461
cg_029,ba96a79407b12331,The location's changed to a different relative's home—are you comfortable with that?,-0.020571945984882344,-0.2180783048808787,0.044678770652686745,0.03925879758381461
cg_029,171656ca135d4b0f,We changed the venue to another relative's place—do you feel okay about the new plan?,-0.18747393022093178,-0.1924418854256956,0.044678770652686745,0.03925879758381461
cg_029,8411d900edabe45c,The get-together will be at a different relative's home now—would that be okay for you?,0.11754316554106552,-0.030111613605166343,0.044678770652686745,0.03925879758381461
cg_029,5c83f906944e4b25,Just wanted to mention the holiday's at a different relative's house than originally planned—is that alright with you?,-0.026991287464663716,0.12160742565661475,0.044678770652686745,0.03925879758381461
cg_029,5bde626fa86ef5f0,"We're switching the gathering to a different relative's home—does that work for you, or should we talk about it?",0.06703329586530725,-0.05543574040511621,0.044678770652686745,0.03925879758381461
cg_029,557861e989e71b9e,The family will be celebrating at another relative's home rather than the place we planned—are you okay with that?,0.034474111704553695,0.09757391911845963,0.044678770652686745,0.03925879758381461
cg_029,52de067085ae68d3,I wanted to tell you the holiday will now take place at a different relative's house—does that suit you?,0.03919644112844313,0.05720168631955874,0.044678770652686745,0.03925879758381461
cg_029,09fdb60c05b8b815,The gathering's location changed to a different relative's home—would that work for you?,0.03069123024847293,-0.12944061833516007,0.044678770652686745,0.03925879758381461
cg_029,22cbf3fa47910fae,We're having the holiday at another relative's house instead of the planned location—are you comfortable with that?,-0.023159875347116284,0.00026403607857872213,0.044678770652686745,0.03925879758381461
cg_029,f5bb286075b906e4,The holiday will now be at a different relative's home—how do you feel about that?,-0.05302263843313744,0.007628138559522608,0.044678770652686745,0.03925879758381461
cg_029,ada662631cc17636,I should let you know the family will meet at a different relative's house—does that work for you?,0.15448016340336956,0.08732024633963142,0.044678770652686745,0.03925879758381461
cg_029,c0abe7091982d63f,"Instead of our original plan, the holiday is at a different relative's home—would that be okay for you?",-0.08609724082136053,0.031200336704271872,0.044678770652686745,0.03925879758381461
cg_029,e9d52aa5ebaf4193,The place for the holiday changed to another relative's home—are you alright with that?,-0.08576434324674927,-0.09516283486004318,0.044678770652686745,0.03925879758381461
cg_029,824522589cbbd4de,The gathering's been moved to a different relative's house—does that sit well with you?,0.14492688449375943,-0.1670036637097622,0.044678770652686745,0.03925879758381461
cg_029,78d0c5b818eb1fff,We ended up changing the location to a different relative's home—is that okay with you?,-0.05424864545018414,-0.18456154302881034,0.044678770652686745,0.03925879758381461
cg_029,685133c5ae4271ff,The holiday will take place at another relative's house rather than where we planned—would that work for you?,-0.05980328184508546,0.10717485676121602,0.044678770652686745,0.03925879758381461
cg_029,a5e594dda07cc0ec,We're planning the gathering at a different relative's home now—are you okay with this change?,0.0029477902101958317,-0.012418134608301712,0.044678770652686745,0.03925879758381461
cg_029,dbe8623f869aa8de,The family get-together will be at a different relative's house—would that be fine with you?,0.12995574035743718,-0.017059726831274165,0.044678770652686745,0.03925879758381461
cg_029,182c4b2cc9cd17c8,Quick update: the holiday is at another relative's home instead of the original location—does that work for you?,-0.0863403074614845,0.10277284332328585,0.044678770652686745,0.03925879758381461
cg_029,a3c1c390575022cc,I wanted you to know the gathering will be at a different relative's home—is that all right with you?,0.11322178562796392,-0.01925582253141087,0.044678770652686745,0.03925879758381461
cg_029,63db6615011f0aaa,The meeting place for the holiday has changed to a different relative's house—are you okay with that plan?,-0.1679519083828469,0.019487282008483986,0.044678770652686745,0.03925879758381461
cg_029,4b31501897dc3bef,We're moving the holiday to another relative's home—does that work for you?,0.01832909159578248,-0.001412293998742091,0.044678770652686745,0.03925879758381461
cg_029,0576e4626660bf9c,The celebration is now at a different relative's house than we planned—would that be alright for you?,0.03743648022487326,0.08259992012396597,0.044678770652686745,0.03925879758381461
cg_029,dca687108e7dd921,"The family will meet at a different relative's home, not the one we planned; are you comfortable with that?",0.027022447130756737,0.044750617282066904,0.044678770652686745,0.03925879758381461
cg_029,e1da29c36b895b18,The venue's changed to another relative's house—are you fine with that?,-0.07190345978571835,-0.1897209626487707,0.044678770652686745,0.03925879758381461
cg_029,5ad8d0770af50203,Heads up—the holiday will be at a different relative's home; does that work for you?,0.054781093037729746,0.09247371343669006,0.044678770652686745,0.03925879758381461
cg_029,95128a3722927f37,I need to tell you we've moved the holiday to a different relative's house—does that suit you?,-0.0518920478767253,-0.10356264124072695,0.044678770652686745,0.03925879758381461
cg_029,74df51cd485bc2da,The plan's changed: the holiday will be at another relative's home—are you okay with it?,-0.08519805684876885,0.049901045981432565,0.044678770652686745,0.03925879758381461
cg_029,de8c1ab8378f19fa,We're switching the holiday location to a different relative's house—would that be okay with you?,-0.11286176871223999,-0.13429427015215634,0.044678770652686745,0.03925879758381461
cg_029,545869394b65bad7,The holiday will be at another relative's home instead of the original place—is that okay with you?,-0.020816784178559717,-0.02513621948431406,0.044678770652686745,0.03925879758381461
cg_029,af39d8abb8077cec,I wanted to check with you: the family holiday is being held at a different relative's home—does that work for you?,0.09044567040347214,0.13621723779990808,0.044678770652686745,0.03925879758381461
cg_029,795d969ee933c2f1,We've changed where we'll have the holiday; it's now at a different relative's house—are you okay with that?,-0.02134557375050488,-0.021375784517781486,0.044678770652686745,0.03925879758381461
cg_029,bc61cef3f3f2b040,The location's been switched to another relative's home for the holiday—would that be acceptable to you?,-0.16506220426009346,-0.17919514310152562,0.044678770652686745,0.03925879758381461
cg_029,42348868ad5cb08e,We're celebrating at a different relative's house instead of the planned location—how does that sit with you?,0.11655700847599215,0.102923417939191,0.044678770652686745,0.03925879758381461
cg_029,863cb902dde48d36,The family gathering is now at a different relative's home—does that plan work for you?,0.13307124398018003,0.09097976077378755,0.044678770652686745,0.03925879758381461
cg_029,8305e08422b5b1e3,The holiday will happen at a different relative's house than we first planned—are you alright with this?,-0.095550177931215,0.14831680810274972,0.044678770652686745,0.03925879758381461
cg_029,714b831f63d2ade5,"Just so you know, the gathering is now at another relative's home—would that work for you?",0.1996422304624486,0.011978507316117281,0.044678770652686745,0.03925879758381461
cg_030,5158a7c5dce3a28f,Would you prefer to do the grocery trip in the morning or later in the afternoon this week?,-0.014768595504065085,-0.014178668776665898,0.044678770652686745,0.03925879758381461
cg_030,26b5f131c214c990,"For the grocery trip this week, do you want to go in the morning or later in the afternoon?",0.0672802485069191,-0.06784205822757762,0.044678770652686745,0.03925879758381461
cg_030,14c5c3d1c1463a82,Which would you rather do for the grocery trip this week: in the morning or later in the afternoon?,0.03204493162543839,0.04054595548921278,0.044678770652686745,0.03925879758381461
cg_030,7676bdb36da91591,Do you prefer the grocery trip in the morning or later in the afternoon this week?,0.02008532295192285,-0.04766848600551442,0.044678770652686745,0.03925879758381461
cg_030,49f3819cdf076a2d,This week’s grocery trip can be in the morning or later in the afternoon—which do you prefer?,-0.04567007660124783,0.05872009743229813,0.044678770652686745,0.03925879758381461
cg_030,8251bc6003d63755,Are you leaning toward the morning or later in the afternoon for the grocery trip this week?,0.10115352014574884,-0.09304784469414527,0.044678770652686745,0.03925879758381461
cg_030,5225810fef1987a5,Morning or later in the afternoon this week for the grocery trip—what works better for you?,0.12875751764777021,0.04621195685395689,0.044678770652686745,0.03925879758381461
cg_030,274d11a60fe22107,Should we plan the grocery trip in the morning or later in the afternoon this week?,-0.18253874120556804,0.08760308230572875,0.044678770652686745,0.03925879758381461
cg_030,b7cd8a05a7629996,Which time do you prefer for the grocery trip this week: morning or later in the afternoon?,-0.03013359608623087,0.11321580698241783,0.044678770652686745,0.03925879758381461
cg_030,c6ea36df176d7153,Do you want to go grocery shopping in the morning or later in the afternoon this week?,0.06233939962885916,-0.05674605579839527,0.044678770652686745,0.03925879758381461
cg_030,75d2de59928c89d2,"For the grocery trip this week, would you like morning or later in the afternoon?",0.09926237194639297,0.031532935307122964,0.044678770652686745,0.03925879758381461
cg_030,2b390dfe7b5b2d88,Would the morning or later in the afternoon this week be best for the grocery trip?,-0.11203079535155983,0.056975733417101,0.044678770652686745,0.03925879758381461
cg_030,1ca4e512334b0983,What do you prefer for the grocery trip this week—going in the morning or later in the afternoon?,0.0011290586116365527,0.005933162721079521,0.044678770652686745,0.03925879758381461
cg_030,aab8956dbebd7bf1,Pick one: grocery trip in the morning or later in the afternoon this week?,0.022684565481330465,0.058133236831497466,0.044678770652686745,0.03925879758381461
cg_030,87daa17ea9facf56,Would you rather do the grocery trip in the morning or later in the afternoon this week?,0.034513701242518714,-0.046543278257386786,0.044678770652686745,0.03925879758381461
cg_030,8ab6b6fd592097bd,Is the morning or later in the afternoon this week better for the grocery trip for you?,0.04005996871238179,-0.0008539258327656847,0.044678770652686745,0.03925879758381461
cg_030,e482708a74125e2e,Which do you prefer for the grocery trip this week — morning or later in the afternoon?,0.0004498857671560042,0.01315417862614074,0.044678770652686745,0.03925879758381461
cg_030,db8629d5c5e2098f,Do you have a preference: morning or later in the afternoon this week for the grocery trip?,0.03923700538792209,-0.00946577995040373,0.044678770652686745,0.03925879758381461
cg_030,1bd108779f54957a,"This week, would you prefer the grocery trip to be in the morning or later in the afternoon?",-0.01709119984301677,0.0015787794686836247,0.044678770652686745,0.03925879758381461
cg_030,dcdc7ace94f95368,Tell me if you’d like the grocery trip in the morning or later in the afternoon this week.,-0.093709855743599,-0.024923359269749264,0.044678770652686745,0.03925879758381461
cg_030,3028c6aca8a89882,Which suits you: the grocery trip in the morning or later in the afternoon this week?,0.015776943014472997,0.004263205334367422,0.044678770652686745,0.03925879758381461
cg_030,0dc0d80135855f75,Would the grocery trip in the morning or later in the afternoon this week work better for you?,0.033293543066756755,-0.0238267181979129,0.044678770652686745,0.03925879758381461
cg_030,64c079e9336589b7,Should the grocery trip happen in the morning or later in the afternoon this week?,-0.15810329771160506,0.033588711095864976,0.044678770652686745,0.03925879758381461
cg_030,593e7c9baa4f6c2b,"Do you prefer to do the grocery trip in the morning, or would later in the afternoon this week be better?",0.025456919132461356,-0.04896436449678112,0.044678770652686745,0.03925879758381461
cg_030,6e946aa4742a9174,"For our grocery trip this week, would morning or later in the afternoon suit you more?",0.159114630330625,-0.07182634089813898,0.044678770652686745,0.03925879758381461
cg_030,211b9572d5c0129d,When this week would you like to go grocery shopping—morning or later in the afternoon?,0.033523633424794294,0.006858644113717286,0.044678770652686745,0.03925879758381461
cg_030,129db9fb2d5012d1,"Are you okay going for the grocery trip in the morning, or would you prefer later in the afternoon this week?",0.039367024722275885,-0.065724474824162,0.044678770652686745,0.03925879758381461
cg_030,c36a300431cad119,Would you like the grocery trip scheduled in the morning or later in the afternoon this week?,-0.1311047629483559,0.02127599819231551,0.044678770652686745,0.03925879758381461
cg_030,d07b32a4d0338cf7,Let me know if you prefer the grocery trip in the morning or later in the afternoon this week.,-0.07441820204148988,-0.04205769784256341,0.044678770652686745,0.03925879758381461
cg_030,3fe55844fabac0ca,Would morning or later in the afternoon this week be your choice for the grocery trip?,-0.028355170591976793,-0.062150680266257384,0.044678770652686745,0.03925879758381461
cg_030,69bbb15ad792cae5,"Would you like to go grocery shopping in the morning this week, or later in the afternoon?",0.032901043654225436,-0.015554803157047319,0.044678770652686745,0.03925879758381461
cg_030,787d920eb77394d9,Do you want the grocery trip this week to be in the morning or later in the afternoon?,-0.007774017566288001,-0.015379557281565832,0.044678770652686745,0.03925879758381461
cg_030,3b76544635f74ccb,Morning or later in the afternoon this week for the grocery trip—what do you prefer?,0.05167375519158146,0.0025737890233393287,0.044678770652686745,0.03925879758381461
cg_030,a3b16451d3a54f34,"For the grocery trip this week, are you more comfortable in the morning or later in the afternoon?",0.1806801765443244,-0.055367749567252864,0.044678770652686745,0.03925879758381461
cg_030,8856f8a58a32ce68,Which time do you prefer for this week's grocery trip: morning or later in the afternoon?,-0.02926768355500036,0.10616318504903466,0.044678770652686745,0.03925879758381461
cg_030,dd22bb46039b11e1,Would you prefer the grocery trip to be in the morning or later in the afternoon this week?,-0.04270874052251968,-0.007051629289625047,0.044678770652686745,0.03925879758381461
cg_030,0f9ad3898efe45f5,Tell me whether you’d like the grocery trip in the morning or later in the afternoon this week.,-0.07046210621390521,-0.019716188266804838,0.044678770652686745,0.03925879758381461
cg_030,d88497025abdc71a,Would you like to schedule the grocery trip for the morning or later in the afternoon this week?,-0.12264021467210981,0.09786726203218171,0.044678770652686745,0.03925879758381461
cg_030,99d1026fc9e000d1,Would you rather go grocery shopping in the morning this week or later in the afternoon?,0.057662030120627886,-0.039598318980774976,0.044678770652686745,0.03925879758381461
cg_030,5982959ce9e3f5e8,Do you prefer that we do the grocery trip in the morning or later in the afternoon this week?,-0.0069358473009003985,-0.023471371046431933,0.044678770652686745,0.03925879758381461
cg_030,ac24fc2c019b8d59,Which is better for the grocery trip this week: morning or later in the afternoon?,-0.05080497666368515,0.09398162957586903,0.044678770652686745,0.03925879758381461
cg_030,420d6722104416a6,What’s your preference for the grocery trip this week: morning or later in the afternoon?,-0.02728776680128926,-0.012720572041930483,0.044678770652686745,0.03925879758381461
cg_030,4b6e005c89534fb7,Is it better for you to do the grocery trip in the morning or later in the afternoon this week?,0.023789432080115958,-0.02600880798762327,0.044678770652686745,0.03925879758381461
cg_030,b89197240e90d68e,Which would you prefer for the grocery trip this week: to go in the morning or later in the afternoon?,-0.0412406971992417,0.03005274240153083,0.044678770652686745,0.03925879758381461
cg_030,1ce464a1ba823301,Would you prefer we go grocery shopping in the morning or later in the afternoon this week?,-0.015190284814603956,-0.019541361295984085,0.044678770652686745,0.03925879758381461
cg_031,efe6e3f505c70573,Our usual chore day needs to be moved this week because of a scheduling conflict; which day this week works best for you?,-0.018838380783511934,-0.018710896661570636,0.044678770652686745,0.03925879758381461
cg_031,86f932b990e025c5,"Because of a scheduling conflict, the chore we normally do on our usual day has to happen on a different day this week — what day would you prefer?",0.013169693399892667,-0.003676908493227918,0.044678770652686745,0.03925879758381461
cg_031,b96cf36961a32e65,This week the regular chore day has to change due to a scheduling conflict; which other day this week works for you?,0.08646974301609674,0.03001588316572272,0.044678770652686745,0.03925879758381461
cg_031,9b36c78adf6d3e22,We need to shift the household chore to a different day this week because of a scheduling conflict — which day would you like?,-0.004546969098233459,-0.013952595793527724,0.044678770652686745,0.03925879758381461
cg_031,abc02dbd0fd29f58,The chore day has to be different this week because of a scheduling conflict; what day this week suits you?,0.07066726421237,-0.01086564685131029,0.044678770652686745,0.03925879758381461
cg_031,056a9260561d2c39,"Due to a scheduling conflict, the usual chore day must move this week — which day do you want to pick instead?",-0.054878829885157104,-0.03819474941341155,0.044678770652686745,0.03925879758381461
cg_031,dd37ca90318de411,Our regular chore can't happen on the usual day this week because of a scheduling conflict; which day this week works for you?,0.09738918729238669,0.04763594774063787,0.044678770652686745,0.03925879758381461
cg_031,9e38e5235130ff00,The recurring chore needs to happen on another day this week because of a scheduling conflict; which day would you prefer?,0.037677047670559974,0.04454164756193436,0.044678770652686745,0.03925879758381461
cg_031,46321b84135d78f7,This week we'll need to do the chore on a different day because of a scheduling conflict; which day would you like?,0.024732261846001947,-0.013674025922022066,0.044678770652686745,0.03925879758381461
cg_031,e77d9f6a5f06ec42,"Because of a scheduling conflict, we have to change the chore day this week — which day works for you instead?",0.03511104130512002,-0.010765852733893624,0.044678770652686745,0.03925879758381461
cg_031,16856eea9655a31c,The usual day for that household chore has to change this week due to a scheduling conflict; what day would you like to move it to?,-0.08281847226177078,-0.0828727044417947,0.044678770652686745,0.03925879758381461
cg_031,d7a5fe987f9a7011,"We have a scheduling conflict, so the chore day needs to be moved this week — which day would you prefer?",-0.11938899009496293,-0.03213538378482854,0.044678770652686745,0.03925879758381461
cg_031,35a804a5c337be12,That recurring chore can't be on its normal day this week because of a scheduling conflict; which day this week is good for you?,0.14642572772766882,0.048623780575843156,0.044678770652686745,0.03925879758381461
cg_031,bed2361ae07d3a0d,This week the chore must be rescheduled to a different day because of a scheduling conflict; which day would you like to choose?,-0.07653150907792908,0.004581800184607396,0.044678770652686745,0.03925879758381461
cg_031,dd17a233643cc221,"Because of a scheduling conflict, we need to pick a different day this week for the chore — which day do you prefer?",0.008321691939085763,-0.025753705016416717,0.044678770652686745,0.03925879758381461
cg_031,3ec0f125221be609,The chore day has to be switched this week due to a scheduling conflict; which alternative day would work for you?,-0.006855667385360547,-0.04149490514576479,0.044678770652686745,0.03925879758381461
cg_031,41946bf860c074d4,We need to change the day we do the household chore this week because of a scheduling conflict — which day should we move it to?,-0.11063627401438647,0.0006238671309701333,0.044678770652686745,0.03925879758381461
cg_031,68f3dfe6df1ebdd8,"Due to a scheduling conflict, the recurring chore should happen on a different day this week; which day do you want?",0.04172380886941849,0.03216616816404967,0.044678770652686745,0.03925879758381461
cg_031,45e96441c9075f9c,This week the chore can't be on the usual day because of a scheduling conflict; which other day this week is best for you?,0.12215715790065981,0.016829363225196618,0.044678770652686745,0.03925879758381461
cg_031,bcefaadd723a3eb4,"Because of a scheduling conflict, our regular chore day will be different this week — which day would you like it to be?",-0.010795747305094264,-0.01315898483561881,0.044678770652686745,0.03925879758381461
cg_031,348b3426cd239e87,The usual chore day needs to be changed this week due to a scheduling conflict; which day would work for you instead?,0.002028661043469027,0.01172392400018113,0.044678770652686745,0.03925879758381461
cg_031,ac0b4bf7d090e22e,We have to move the chore to another day this week because of a scheduling conflict; which day do you prefer?,-0.014274383506161493,-0.06737708341506714,0.044678770652686745,0.03925879758381461
cg_031,06b3608404705d5b,This week the household chore needs to be done on a different day because of a scheduling conflict — what day would you like?,0.017204780063145353,0.03960427616401702,0.044678770652686745,0.03925879758381461
cg_031,8d9eb18fc99bb15b,The routine chore day needs to be shifted this week because of a scheduling conflict; which day is good for you?,0.028632963301806227,0.013959115165053066,0.044678770652686745,0.03925879758381461
cg_031,d9de02789b6cfd68,"Because of a scheduling conflict, we'll have to reschedule the chore to a different day this week — which day would you pick?",-0.023588522962977,-0.007984347390799207,0.044678770652686745,0.03925879758381461
cg_031,5704e7bec5b58351,The chore that usually happens on [our usual day] needs to be moved this week because of a scheduling conflict; which day this week works for you?,0.08035639204092276,0.00046432662086231744,0.044678770652686745,0.03925879758381461
cg_031,1b2fe9b7ba19496e,We need to change when we do that household chore this week due to a scheduling conflict — which day would you choose?,-0.03837652548369841,-0.038752144385163265,0.044678770652686745,0.03925879758381461
cg_031,c99bb4a3f71cc243,This week we can't do the chore on the usual day because of a scheduling conflict; which other day would you like?,0.03978029934655454,-0.0069152306259824894,0.044678770652686745,0.03925879758381461
cg_031,c2c45cbf10f982de,"Due to a scheduling conflict, the chore day has to be different this week — which day would you prefer?",-0.021533911534135933,-0.015652207361393587,0.044678770652686745,0.03925879758381461
cg_031,32fcc541ce3a46e9,The recurring household chore needs to be done on another day this week because of a scheduling conflict; which day works best for you?,0.08105215446700256,0.09684510507787594,0.044678770652686745,0.03925879758381461
cg_031,013e065566bf740d,"Because of a scheduling conflict, the chore's usual day must change this week — which day would you like to move it to?",-0.08184182677431016,-0.09989566909093439,0.044678770652686745,0.03925879758381461
cg_031,4b0c6d91c2f501e8,We have to shift the usual chore day this week because of a scheduling conflict; which day would suit you?,-0.03592745406602742,-0.012156973166110061,0.044678770652686745,0.03925879758381461
cg_031,220e937a3e48da5d,This week the chore should be on a different day because of a scheduling conflict — which day would you like to schedule it for?,-0.02502363993858497,0.03486102477143657,0.044678770652686745,0.03925879758381461
cg_031,1201c3441f4cd759,The usual day for our chore has to change this week due to a scheduling conflict; which day would you prefer instead?,-0.05039216209214847,-0.03815249651765885,0.044678770652686745,0.03925879758381461
cg_031,053e8637089629f3,"Because of a scheduling conflict, we need to pick a different day this week for the chore — which day do you want?",0.016873877582264264,-0.020979627915815608,0.044678770652686745,0.03925879758381461
cg_031,edb1754b8af7acc5,The chore can't happen on the normal day this week because of a scheduling conflict; which other day this week works for you?,0.14170083356198504,0.03193291861801663,0.044678770652686745,0.03925879758381461
cg_031,ad50bcc7a424c95e,This week the regular chore day will need to move because of a scheduling conflict — which day would you like it moved to?,-0.08956261720509728,-0.1159695112654931,0.044678770652686745,0.03925879758381461
cg_031,87ecb3d977fb5a77,We need to do the chore on a different day this week because of a scheduling conflict; which day would you like to pick?,0.001941951275677796,-0.021000081296383796,0.044678770652686745,0.03925879758381461
cg_031,ede02c5690f51f84,"Due to a scheduling conflict, the day for that chore has to change this week — which day would you prefer?",-0.026195889406108175,-0.01737665418610338,0.044678770652686745,0.03925879758381461
cg_031,f6eb9c78bc292a1d,The regular household chore needs to be rescheduled this week because of a scheduling conflict; which day would work for you?,-0.044789878158382646,0.09229367196661875,0.044678770652686745,0.03925879758381461
cg_031,7344ec0b7dfbddf9,"Because of a scheduling conflict, our usual chore day needs to be rescheduled this week — which day do you prefer?",-0.08410997870547614,0.019894755077673406,0.044678770652686745,0.03925879758381461
cg_031,33b8e96b82f4ad21,This week the chore has to take place on another day because of a scheduling conflict; which day would you pick?,0.026299647895382024,0.015555307075309898,0.044678770652686745,0.03925879758381461
cg_031,c53f00f6d22bc366,The usual chore schedule needs to change this week due to a scheduling conflict; which day works best for you?,-0.06156532959421574,0.11736526048992636,0.044678770652686745,0.03925879758381461
cg_031,595e76509c84d87c,"We have a scheduling conflict, so the chore day must be moved this week — which day would you like instead?",-0.09224443873823608,-0.04045068079207406,0.044678770652686745,0.03925879758381461
cg_031,88de9658000b7880,"Because of a scheduling conflict, the chore needs to be done on a different day this week; which day do you want?",0.022682458421206163,0.0027797403804174494,0.044678770652686745,0.03925879758381461
cg_031,ba87d7c88125c43c,The recurring chore needs a new day this week because of a scheduling conflict; which day fits your schedule?,0.03231875389328971,0.10562118334601558,0.044678770652686745,0.03925879758381461
cg_032,3bbf53689908801a,The cleaner who usually comes at the regular time asked to come at a different time this week—would that new time work for you?,0.10280241895193076,0.11839634242822386,0.044678770652686745,0.03925879758381461
cg_032,2dfa6a0f511d3cd9,"Our cleaner, who normally comes at the usual time, has asked to come at a different time this week; is that okay with you?",0.0008054495868352329,-0.012745872660653638,0.044678770652686745,0.03925879758381461
cg_032,522fffc997371cb5,The cleaner wants to come at a different time this week instead of the regular time—does that work for you?,0.14201516196862293,0.05118620681326716,0.044678770652686745,0.03925879758381461
cg_032,7a160587f6cb195c,They asked to shift their visit to a different time this week; would that time be alright for you?,-0.16247048947473636,-0.13913935547648193,0.044678770652686745,0.03925879758381461
cg_032,70ca0cae80a0627d,The cleaner who usually comes at the regular time asked to change to a different time this week—are you okay with that?,0.10708956140790014,0.051668509652308,0.044678770652686745,0.03925879758381461
cg_032,503361b9706dbcf0,This week the cleaner requested a different arrival time than usual—would that be fine with you?,-0.16281125755625872,-0.07341480523535054,0.044678770652686745,0.03925879758381461
cg_032,b793ccb563f174eb,"The cleaner, who normally comes at the usual time, has proposed a different time for this week; does that suit you?",0.0558697120695882,0.10109358180723604,0.044678770652686745,0.03925879758381461
cg_032,e940bf850bafe1fe,Our cleaner asked to come at a different time this week rather than the usual time—would that work for you?,0.02894694701230654,0.03870423276752713,0.044678770652686745,0.03925879758381461
cg_032,3e15bf3772c83c26,The cleaner wants to come at a different time this week; how does that sound to you?,0.12054999688190987,-0.05974713469328935,0.044678770652686745,0.03925879758381461
cg_032,eef082978940104b,They've asked to come at a different time this week instead of the regular slot—would that new time work for you?,-0.013574166219678739,-0.0005995596095747652,0.044678770652686745,0.03925879758381461
cg_032,7f89e55b242364dc,"The cleaner, who usually comes at the regular time, asked if they could come at a different time this week—would that be okay?",-0.029436864243310625,0.07108544202242965,0.044678770652686745,0.03925879758381461
cg_032,fc054af51c36519c,This week the cleaner requested a different time than their usual—are you comfortable with that change?,0.006472340365370151,-0.019493329574665753,0.044678770652686745,0.03925879758381461
cg_032,33caef585e463eee,The cleaner has requested a different time for their visit this week; would that time work for you?,-0.13628671954665947,0.011984294313989983,0.044678770652686745,0.03925879758381461
cg_032,95d8e1c9c937e815,Our regular cleaner asked to come at a different time this week—does that work for you?,0.10671749211849119,9.280572238217454e-05,0.044678770652686745,0.03925879758381461
cg_032,4b2563128bf74a35,The cleaner who normally comes at the usual time wants to come at a different time this week—would you be okay with that?,0.058528304938905845,-0.007993645303322822,0.044678770652686745,0.03925879758381461
cg_032,77201e7fce91bbba,They asked to come at a different time this week instead of their regular time—would that be alright with you?,0.013533372129150161,-0.055123987414614,0.044678770652686745,0.03925879758381461
cg_032,f48013b6abe57db1,The cleaner has proposed a different time for this week's visit—does that new time work for you?,-0.03850461441652198,0.01948405241275234,0.044678770652686745,0.03925879758381461
cg_032,3f90eba2a0248446,This week the cleaner is asking to come at a different time than usual—would that suit you?,0.04358652858074591,-0.09509572893235085,0.044678770652686745,0.03925879758381461
cg_032,ba6648a7b7a89cb0,The cleaner who usually arrives at the regular time asked to change the time this week—are you okay with their proposed time?,-0.05063656209529484,0.1527080811285739,0.044678770652686745,0.03925879758381461
cg_032,14c9ad6b0bf1383d,They've asked if they can come at a different time this week; would that be acceptable to you?,0.00704455877157471,-0.09083565269637128,0.044678770652686745,0.03925879758381461
cg_032,8e46bf91557b73c6,Our cleaner has asked to come at a different time this week—does that new time work for you?,0.09660207655570739,0.08317752969800865,0.044678770652686745,0.03925879758381461
cg_032,f2ce56d86a4c1523,The cleaner requested a different arrival time for this week—would that time be okay with you?,-0.09265103286737754,0.008710139565761901,0.044678770652686745,0.03925879758381461
cg_032,bc968c89cf45854e,"The cleaner, who normally comes at the usual time, wants to switch to a different time this week—are you alright with that?",0.05213662399710378,0.043352625878513046,0.044678770652686745,0.03925879758381461
cg_032,e20b60b324a158d0,This week the cleaner asked to come at a different time than usual—how do you feel about that change?,-0.03528427575910486,-0.14721571587835736,0.044678770652686745,0.03925879758381461
cg_032,6d37ffcfc39f1722,The cleaner has asked to come at a different time this week; would that time be convenient for you?,-0.0009310520988197596,0.04423432447553355,0.044678770652686745,0.03925879758381461
cg_032,a362dba0e164dfbf,They've asked to come at a different time this week rather than the regular time—would you be okay with that?,-0.0016242802228663197,-0.04256807157528282,0.044678770652686745,0.03925879758381461
cg_032,c09e63a3e6feba01,The cleaner wants to change their visit time for this week—would the new time work for you?,-0.16051260535696021,0.012977155826692295,0.044678770652686745,0.03925879758381461
cg_032,a2838d78a4548721,Our regular cleaner has requested a different time this week—does that fit with your plans?,-0.06257998481610293,0.11194921527998679,0.044678770652686745,0.03925879758381461
cg_032,59c178927ebfcfe8,The cleaner asked to come at a different time this week instead of their usual slot—would that be fine with you?,0.0061854252848343345,-0.12039034187696797,0.044678770652686745,0.03925879758381461
cg_032,d7d72c51c64ec41e,This week the cleaner asked to come at a different time than usual—do you want that change or prefer the usual time?,0.002951573770442412,-0.05530107786414523,0.044678770652686745,0.03925879758381461
cg_032,67220e567057dcd5,The cleaner who usually comes at the regular time asked if they could come at a different time this week—would that work for you?,0.08920634776786818,0.06730047709231916,0.044678770652686745,0.03925879758381461
cg_032,d4839a8ea36e14aa,They've proposed a different time for this week's cleaning—would that time suit you?,0.011681965223431217,0.09364923973376492,0.044678770652686745,0.03925879758381461
cg_032,2d778b3d07af3302,The cleaner has asked to move their visit to a different time this week—does that work for you?,-0.10130835968116447,-0.1825141149744388,0.044678770652686745,0.03925879758381461
cg_032,bb69c4aaadb4036f,Our cleaner asked to come at a different time this week—are you okay with their proposed change?,-0.05911821813138503,-0.14023333128290433,0.044678770652686745,0.03925879758381461
cg_032,aefa1381acca2166,"The cleaner, who normally comes at the usual time, asked to rearrange to a different time this week—would that be acceptable to you?",0.061246550290402615,-0.016488278569972734,0.044678770652686745,0.03925879758381461
cg_032,e0833410eb0f0578,This week the cleaner requested a different time—would that time be all right with you?,0.09758876703019628,0.05706335946157186,0.044678770652686745,0.03925879758381461
cg_032,10536ef78c102040,The cleaner wants to come at a different time this week rather than the regular time—how does that sound to you?,0.10656074841504218,0.02807640927703589,0.044678770652686745,0.03925879758381461
cg_032,28209e06c632e7b9,They've asked to switch to a different time for this week's visit—would that new time work for you?,-0.15404344676303366,-0.11013658510760473,0.044678770652686745,0.03925879758381461
cg_032,e39033f72bc5ec11,The cleaner asked if they could come at a different time this week—are you fine with that arrangement?,-0.07916733598364557,-0.056822007746004224,0.044678770652686745,0.03925879758381461
cg_032,c431fe80d41646af,Our usual cleaner has asked to come at a different time this week—does that fit for you?,0.05975077130008462,-0.04464033890429874,0.044678770652686745,0.03925879758381461
cg_032,aa9f8b38bed695b1,The cleaner has asked to change their usual time just for this week—would that new time be okay with you?,0.04194300477914202,0.11256307000287431,0.044678770652686745,0.03925879758381461
cg_032,93ecd69362581710,They've requested a different arrival time this week instead of the regular one—would that be alright for you?,-0.21565145362401722,-0.05592119884808242,0.044678770652686745,0.03925879758381461
cg_032,78844124a07c70b7,The cleaner wants to alter their usual time for this week—would that proposed time work for you?,0.017234606928220694,0.23145589931222138,0.044678770652686745,0.03925879758381461
cg_032,6848e5e66151e93b,"The cleaner, who normally comes at the regular time, asked to come at a different time this week—do you want to keep the regular time or is the new time okay?",0.0588377727889865,0.08844223713974383,0.044678770652686745,0.03925879758381461
cg_032,12a5b2bb81d08e0b,This week the cleaner asked to come at a different time—would that change be fine with you?,0.07629443980294458,-0.14205974654576778,0.044678770652686745,0.03925879758381461
cg_032,1488c7648105df49,The cleaner asked to visit at a different time this week rather than their usual slot—would that be convenient for you?,-0.1261668578140654,-0.11743049108780698,0.044678770652686745,0.03925879758381461
cg_032,f08f31a85c3b7bcb,Our cleaner proposed a different time for this week—does that new time work for you?,0.11057705795326536,0.18655514004559132,0.044678770652686745,0.03925879758381461
cg_033,b751d917f7410ebd,There are two delivery windows available for the furniture; which one do you prefer?,0.039904975936173946,-0.002145001324859029,0.044678770652686745,0.03925879758381461
cg_033,236031b50662a312,We can schedule the delivery in either of two windows—do you have a preference?,-0.12467204875761617,0.167337408863575,0.044678770652686745,0.03925879758381461
cg_033,512f99fbc78c3fc6,Which of the two available delivery windows would you like us to use?,-0.029931842553594677,-0.011462985936165872,0.044678770652686745,0.03925879758381461
cg_033,8de386ad69746fc2,We have two options for the delivery window; which would you prefer?,-0.13848372884557214,0.04516891829041008,0.044678770652686745,0.03925879758381461
cg_033,75312c4ac24098c0,The delivery can be set in one of two windows—which do you want?,0.006539642436124469,0.022450529532811944,0.044678770652686745,0.03925879758381461
cg_033,63e2f260777c666b,There are two windows open for the furniture delivery; which do you prefer?,0.04315612215195975,-0.014909917415775294,0.044678770652686745,0.03925879758381461
cg_033,622287594aa82b68,"Between the two delivery windows available, which do you prefer?",-0.04903238797544489,-0.039713590117445345,0.044678770652686745,0.03925879758381461
cg_033,7484eaa068ab70fd,"Which delivery window would you prefer, the first or the second?",0.005996394685458024,0.03182846123398944,0.044678770652686745,0.03925879758381461
cg_033,d46409c27bcd2927,We have two delivery windows to choose from—do you have a preference between them?,-0.025065863715916955,-0.07913583230229197,0.044678770652686745,0.03925879758381461
cg_033,8b142d0c8387f7ee,Do you prefer the first delivery window or the second one?,0.06587472435189938,-0.06808842551723332,0.044678770652686745,0.03925879758381461
cg_033,a29550e35b0cc2e9,I can book the delivery in either of two windows—do you have a preference?,-0.060532177552306436,-0.03545973712235211,0.044678770652686745,0.03925879758381461
cg_033,bf0a405ef916028e,There are two available delivery windows; which one should I put you down for?,0.04098746613909084,-0.013841984073041578,0.044678770652686745,0.03925879758381461
cg_033,eaf79f87028998c6,Which of the two available windows would you like for the furniture delivery?,0.03412209364311722,0.012887049453765209,0.044678770652686745,0.03925879758381461
cg_033,0d4b41881c738435,We can pick either of two delivery windows—which do you prefer?,-0.02298289649674327,-0.028113528341623,0.044678770652686745,0.03925879758381461
cg_033,3a24ef4581ba0afa,Two delivery windows are available; which one would you like?,-0.03094392692137867,-0.009092348982364941,0.044678770652686745,0.03925879758381461
cg_033,129163afe7e54cfe,"Which window would you choose for the delivery, the first or the second?",0.02302524955451397,0.04541987768790192,0.044678770652686745,0.03925879758381461
cg_033,44e5712972b90fe1,We have two windows available for delivery—do you want the first or the second?,-0.009074268374220824,-0.031898185453863845,0.044678770652686745,0.03925879758381461
cg_033,158815ee16130f29,There are two delivery windows open—do you have a preference for one?,0.03585976494560455,-0.11246419247303485,0.044678770652686745,0.03925879758381461
cg_033,26cd69fabda07952,Which of the two delivery windows works better for you?,0.047591086866411086,0.016013330425072202,0.044678770652686745,0.03925879758381461
cg_033,259521c0bfab5bf2,We can schedule the furniture delivery in one of two windows—what do you prefer?,-0.09170052795759495,0.1941499590389751,0.044678770652686745,0.03925879758381461
cg_033,fbea54d4d24747da,There are two windows available for the delivery; which one would you rather have?,0.02603450302055358,-0.06476970961074026,0.044678770652686745,0.03925879758381461
cg_033,e0a5b03ade8745d2,Do you have a preference between the two available delivery windows?,-0.01988619366670675,-0.13703400906509425,0.044678770652686745,0.03925879758381461
cg_033,9f1ad323861fb37c,We can choose one of two delivery windows—which would you prefer?,-0.03914405301743816,-0.03117792556864739,0.044678770652686745,0.03925879758381461
cg_033,10cc3c57eda66774,Two windows are available for delivery; which would you like to pick?,0.019007949493479667,-0.007399007314146051,0.044678770652686745,0.03925879758381461
cg_033,91fe8524522f8bec,"Which delivery window would you prefer us to use, the first or the second?",-0.009928337560279082,0.049264161841765616,0.044678770652686745,0.03925879758381461
cg_033,1abd401bd3210846,We have two delivery windows on offer—which one do you prefer?,-0.045452458295032076,-0.02724449362554706,0.044678770652686745,0.03925879758381461
cg_033,a22d841ce3698122,There are two time windows available for the delivery—do you prefer one over the other?,0.0005632241514572887,0.09910427952773679,0.044678770652686745,0.03925879758381461
cg_033,c9c2a477eeddd005,Which of the two available windows would you prefer for the furniture?,0.18726038737661566,0.019531691495967153,0.044678770652686745,0.03925879758381461
cg_033,6122ce075ca18124,We can schedule in either of two windows—do you want the first or the second?,0.06695872499789562,0.2882902836418072,0.044678770652686745,0.03925879758381461
cg_033,bed7532c35028ed4,There are two delivery windows; which one would you like to go with?,0.0062083147102566195,-0.05323882888934929,0.044678770652686745,0.03925879758381461
cg_033,01788ef202dba87b,We can set the delivery in one of two windows—do you prefer the first or the second?,0.044512405422218994,0.01624044263874293,0.044678770652686745,0.03925879758381461
cg_033,10bb674c476f86f2,Two delivery windows are open—would you prefer the first one or the second?,0.01437760610095708,-0.0441694499446977,0.044678770652686745,0.03925879758381461
cg_033,6eaacd1889d9d956,There are two windows for delivery—do you have a preference between them?,0.05098237196162725,-0.09746758824811425,0.044678770652686745,0.03925879758381461
cg_033,c2538f191fece2c7,Which of the two windows would you like for the delivery?,0.03471372096363883,-0.035034052716706815,0.044678770652686745,0.03925879758381461
cg_033,672f02f89dac9553,We have two possible delivery windows—do you prefer one of them?,0.005032939225878466,-0.07993761430863308,0.044678770652686745,0.03925879758381461
cg_033,fa4b7b0544cbb8f4,Do you want the delivery in the first window or the second window?,0.15215342604020737,-0.07929228709397082,0.044678770652686745,0.03925879758381461
cg_033,cc76a1c55ab90548,Two windows are available—which do you prefer for the delivery?,0.02962891028156869,-0.03387374645557098,0.044678770652686745,0.03925879758381461
cg_033,17f376064718e508,We can put the delivery in either of two windows; which would you prefer?,-0.01861351929112818,0.006536429114233921,0.044678770652686745,0.03925879758381461
cg_033,62c063f61e8bae7a,There are two delivery windows available—do you favor one over the other?,-0.0025528708093713187,-0.0784312075922464,0.044678770652686745,0.03925879758381461
cg_033,127d6bbdc679847e,Which of the two delivery windows would you like to choose?,0.002108240440889032,-0.04677256995964694,0.044678770652686745,0.03925879758381461
cg_033,2c08b272ff63c359,We can pick one of two delivery windows—do you prefer the first or second?,0.0228308589825289,-0.0355822413825955,0.044678770652686745,0.03925879758381461
cg_033,fe35189a73408c87,There are two available windows for the delivery—which would you prefer?,-0.04060022502304091,-0.006935193983078552,0.044678770652686745,0.03925879758381461
cg_033,70e3d6ed2bf7a376,Which of these two delivery windows do you prefer?,0.0724342062446997,-0.05660725630978,0.044678770652686745,0.03925879758381461
cg_033,8b4c4839690703dd,We have two delivery windows; which one would you like us to schedule?,-0.17402628092060096,0.2059599674124391,0.044678770652686745,0.03925879758381461
cg_033,68691a9f5ccf27ce,There are two windows available for delivery—do you have a preference for either?,0.0360632411234287,-0.07385315087406127,0.044678770652686745,0.03925879758381461
cg_033,7366184c1c6f6ef6,We can schedule the furniture delivery in either delivery window; which one do you prefer?,-0.15509717943950185,0.20437761014932854,0.044678770652686745,0.03925879758381461
cg_033,709cf699ddae8dfb,Two delivery windows are available—please tell me which you prefer.,-0.02620776407476635,0.010585661654155686,0.044678770652686745,0.03925879758381461
cg_034,b90ac46dfa87288b,The community center's newsletter lists several optional activities taking place next week—are any of them of interest to you?,0.006603987316344065,-0.0025372625675991758,0.044678770652686745,0.03925879758381461
cg_034,3741e9066852cff2,The community center newsletter lists several optional activities taking place next week; would you be interested in any?,-0.028366584116426324,0.024011876401030356,0.044678770652686745,0.03925879758381461
cg_034,8f9bc472f76b7dda,"According to the community center newsletter, there are several optional activities next week—do any catch your eye?",-0.006147310457404466,0.007690012208422269,0.044678770652686745,0.03925879758381461
cg_034,ad522fee4eac50a0,The newsletter from the community center lists several optional activities for next week; are there any you might like?,-0.0022491259537165513,0.05432375559369683,0.044678770652686745,0.03925879758381461
cg_034,f76aa1f03599c727,"The community center newsletter lists several optional activities taking place next week; which, if any, interest you?",-0.0020610943337783646,0.023128152163389332,0.044678770652686745,0.03925879758381461
cg_034,c43fc470fd3ee013,Next week's community center newsletter lists several optional activities—are you interested in any of them?,0.04330948983598301,-0.0365204146605888,0.044678770652686745,0.03925879758381461
cg_034,84823624598914b7,The community center's newsletter lists several optional activities happening next week; would any interest you?,-0.028885778735367088,0.008093579551273655,0.044678770652686745,0.03925879758381461
cg_034,b8706a1d46064739,The community center newsletter lists several optional activities taking place next week; do any of them appeal to you?,0.01743584450998956,-0.011807840894351537,0.044678770652686745,0.03925879758381461
cg_034,f780bc584f9872b0,There are several optional activities listed in the community center newsletter for next week—are any of them interesting to you?,0.07235281048330586,0.000894577000398184,0.044678770652686745,0.03925879758381461
cg_034,cef78cdc1a716453,The community center newsletter shows several optional activities happening next week; are there any that interest you?,-0.026295065825212346,-0.0081607720613496,0.044678770652686745,0.03925879758381461
cg_034,96ca7a558d8a5b0f,The community center newsletter lists several optional activities next week—do any catch your interest?,-0.010514614983142587,-0.013795915733239022,0.044678770652686745,0.03925879758381461
cg_034,325a6f886021723c,"The community center newsletter lists several optional activities taking place next week; which ones, if any, would you be interested in?",-0.008540604282418068,0.023341958129978392,0.044678770652686745,0.03925879758381461
cg_034,00b0c0957ca19412,The community center newsletter lists several optional activities next week—do any sound like something you'd enjoy?,0.05100905285324001,-0.010023445091105575,0.044678770652686745,0.03925879758381461
cg_034,3dbb3d2f17506639,The community center newsletter has several optional activities listed for next week; are any of them of interest to you?,0.0027153940107278556,0.0002321001676325379,0.044678770652686745,0.03925879758381461
cg_034,d66958b4d3a596b6,The community center newsletter lists several optional activities taking place next week; would any of those interest you?,-0.02610743291287875,0.005656354811440491,0.044678770652686745,0.03925879758381461
cg_034,cdeb93bc6c45b2eb,The newsletter from the community center lists several optional activities next week—are any appealing to you?,0.03293812182947792,-0.026454689298593796,0.044678770652686745,0.03925879758381461
cg_034,d24af42be76b40aa,The community center newsletter lists several optional activities taking place next week—do you find any of them interesting?,-0.007651122358021422,0.025090966761134106,0.044678770652686745,0.03925879758381461
cg_034,40adf78cf3f82766,There are several optional activities listed in the community center newsletter for next week; would any interest you?,0.01771363875814303,-0.0004677849280445203,0.044678770652686745,0.03925879758381461
cg_034,ae37b155ad806be8,The community center newsletter mentions several optional activities next week; are any of them of interest to you?,0.015771375866284493,-0.02900684326060874,0.044678770652686745,0.03925879758381461
cg_034,1108be62c16d7838,The community center newsletter lists several optional activities taking place next week; want to see if any interest you?,-0.04162983035647385,0.01589628612012886,0.044678770652686745,0.03925879758381461
cg_034,e00b1e88c9e7b874,The community center newsletter lists several optional activities next week; are there any you'd like to attend?,-0.050790639227810776,-0.059033339359379086,0.044678770652686745,0.03925879758381461
cg_034,607e60a6d24df63a,The community center newsletter lists several optional activities taking place next week; do you see any you'd be interested in?,-0.014344169035234559,-0.015352457327563695,0.044678770652686745,0.03925879758381461
cg_034,bb63a6dfea5fa586,The community center newsletter lists several optional activities next week—are there any you might enjoy?,0.028324648446290936,0.007643238828793795,0.044678770652686745,0.03925879758381461
cg_034,487d099504164f5a,The community center newsletter lists several optional activities next week; would any of those appeal to you?,0.029469972241943962,-0.028317549558545617,0.044678770652686745,0.03925879758381461
cg_034,f8c40c10e0951f04,The community center newsletter lists several optional activities taking place next week; is there anything there you'd like?,-0.03447591571220037,0.038733131931859656,0.044678770652686745,0.03925879758381461
cg_034,4fb92701b9cbff7d,The community center newsletter lists several optional activities next week; do any of them pique your interest?,0.0012223212878997333,-0.023266446081000834,0.044678770652686745,0.03925879758381461
cg_034,d53f8bcbb2da00c4,The community center newsletter lists several optional activities taking place next week; do you have interest in any?,-0.005722759220903287,0.005265577436311938,0.044678770652686745,0.03925879758381461
cg_034,c6bbdeac561fa4dd,The community center newsletter lists several optional activities next week—do any of them look interesting to you?,0.042610439796835944,-0.029452165476355124,0.044678770652686745,0.03925879758381461
cg_034,1edb5de4036799b3,The community center newsletter lists several optional activities taking place next week; are you drawn to any of them?,0.020518764699588986,-0.03102899750007013,0.044678770652686745,0.03925879758381461
cg_034,d90edc6ce1ffa7db,The community center newsletter lists several optional activities next week; are any of those of interest?,-0.05387716067299788,0.034213947789067806,0.044678770652686745,0.03925879758381461
cg_034,f8d707452847f9cd,The community center newsletter lists several optional activities taking place next week; would any of them catch your interest?,-0.027969980240275347,-0.007816737882228076,0.044678770652686745,0.03925879758381461
cg_034,e6b2b6181f323368,The community center newsletter lists several optional activities taking place next week; is there one or more that interest you?,0.005592113419934898,-0.0030879123415413893,0.044678770652686745,0.03925879758381461
cg_034,a875bf3c67483ed9,The community center newsletter lists several optional activities next week—are you interested in any of those?,0.011230559012440126,-0.0004610770245135423,0.044678770652686745,0.03925879758381461
cg_034,8c4ea3cd9dff52e0,"The community center newsletter lists several optional activities taking place next week; which ones interest you, if any?",0.012333588133719302,0.02986854896816488,0.044678770652686745,0.03925879758381461
cg_034,edbaa72f8b557a7f,The community center newsletter lists several optional activities next week; any you'd like to check out?,-0.007780216441633648,-0.018699460314332082,0.044678770652686745,0.03925879758381461
cg_034,20bd9325127d3b47,The community center newsletter lists several optional activities taking place next week; do any of them strike you as interesting?,0.022247439085813607,-0.0043418481738579,0.044678770652686745,0.03925879758381461
cg_034,67829b36016ad8ed,The community center newsletter lists several optional activities next week; is there anything there you'd like to join?,-0.0025219799160847893,-0.04199239155623467,0.044678770652686745,0.03925879758381461
cg_034,4c35dc2bd9af7ee2,The community center newsletter lists several optional activities taking place next week; are any of them something you'd be interested in?,-0.025866961452191844,0.035125007925012795,0.044678770652686745,0.03925879758381461
cg_034,a66519805df83cb5,The community center newsletter lists several optional activities next week—are there any that sound interesting to you?,0.033170863389068425,0.012014979004323328,0.044678770652686745,0.03925879758381461
cg_034,426f9c5e6c85effb,The community center newsletter lists several optional activities taking place next week; would any of them be of interest to you?,-0.01105967850255296,0.0025484927786450728,0.044678770652686745,0.03925879758381461
cg_034,0608ae6301e74563,The community center newsletter lists several optional activities next week; do any of those catch your eye?,0.03071771116923982,0.001848516838329283,0.044678770652686745,0.03925879758381461
cg_034,4815e41573b29120,The community center newsletter lists several optional activities taking place next week; are any of them of interest?,-0.07443011140954622,0.04600429068206923,0.044678770652686745,0.03925879758381461
cg_035,fafae781d85fcb6d,A friend wants to return the item they borrowed and can stop by at a few ordinary times—when would you like them to come by?,-0.008122738584321066,-0.07755078820038602,0.044678770652686745,0.03925879758381461
cg_035,58a28686bfd30863,Someone who borrowed your item can drop it off at several ordinary times; when would you prefer they visit?,-0.05755755000747455,-0.11642223810403227,0.044678770652686745,0.03925879758381461
cg_035,7b26826af57d0164,A friend wants to bring back the thing they borrowed and can come by at a few normal times—what time would work best for you?,-0.03848178298423351,0.10888414173594171,0.044678770652686745,0.03925879758381461
cg_035,e6867b9f7a5000ad,There's a friend who wants to return your item and can stop over at several ordinary times; which time would you like?,0.04636598515694,0.12052586325935655,0.044678770652686745,0.03925879758381461
cg_035,3d7c18b3bb651568,A friend can drop off the borrowed item at a few different ordinary times—when would you like them to stop by?,0.07764252668690613,-0.01635048716336929,0.044678770652686745,0.03925879758381461
cg_035,0fa8c75baa4355b1,Your friend wants to give back the item and can come by at a few ordinary times; do you have a preferred time?,0.15940605915710057,-0.019974589136276977,0.044678770652686745,0.03925879758381461
cg_035,b54619a67c8f5f62,Someone wants to return what they borrowed and can come by at several ordinary times—when would you like them to come?,0.02858708183804673,-0.12310449404393485,0.044678770652686745,0.03925879758381461
cg_035,b2e65f9c24a87b10,A friend is available to return the item at a few ordinary times; which time would you prefer?,0.0013627431318909491,0.1428895666647777,0.044678770652686745,0.03925879758381461
cg_035,a7223a93e9a1240c,Your friend wants to stop by to return the item and has a few ordinary times available—when should they come?,-0.005050321517163699,0.11224869644641507,0.044678770652686745,0.03925879758381461
cg_035,d75832a79fb47b16,A friend can drop off the borrowed item at several ordinary times—what time would you like them to come by?,-0.0239267713122987,0.12584230829142928,0.044678770652686745,0.03925879758381461
cg_035,95a7d048a1873658,A friend wants to return your borrowed item and can make it over at a few ordinary times—when would be convenient for you?,-0.014804009073270738,0.01981121574185925,0.044678770652686745,0.03925879758381461
cg_035,75be15a2555d96cd,Your friend is able to come by at several ordinary times to return the item—which time would you like them to pick?,0.08533960800458003,0.09798437209705957,0.044678770652686745,0.03925879758381461
cg_035,a8ce7a884965b6ff,There’s a friend who wants to return the item and can come at a few ordinary times—do you have a time you’d prefer?,0.10274274571984601,-0.04734819503716077,0.044678770652686745,0.03925879758381461
cg_035,e34ce4f88722c2ad,Someone who borrowed your item can stop by at several ordinary times to return it—when would you like that visit to happen?,-0.11113176320226978,-0.14523824896471865,0.044678770652686745,0.03925879758381461
cg_035,75cb90b1a54649a4,A friend can bring back the borrowed item at a few ordinary times; when would you like them to stop over?,0.047432240248499354,-0.03306662920621231,0.044678770652686745,0.03925879758381461
cg_035,30159f622743decd,Your friend wants to give back the item and can come by at several ordinary times—what time suits you best?,0.11209477952443997,0.1541634809177469,0.044678770652686745,0.03925879758381461
cg_035,4c4b6612395a7972,A friend is ready to return the item and has a few ordinary times free—when would you like them to visit?,-0.06541778151763666,-0.027678641826085832,0.044678770652686745,0.03925879758381461
cg_035,2ea7ac71b28bffbe,A friend wants to return the item and can call by at several ordinary times—which of those times would you prefer?,0.10055554519723181,0.08721234135956744,0.044678770652686745,0.03925879758381461
cg_035,15ae0b3ab8702512,A friend can drop off the item they borrowed at a few ordinary times; when should they come by?,-0.008266840347361658,0.0749260845725742,0.044678770652686745,0.03925879758381461
cg_035,f22bd62cf4aedf4f,Someone wants to return the thing they borrowed and can stop by at several ordinary times—when would you like that to happen?,0.03439415195186663,-0.10189075146071641,0.044678770652686745,0.03925879758381461
cg_035,0ca175d61a13481c,A friend is able to return the item and can come by at a few ordinary times—which time would you like them to choose?,0.06624998853709112,0.1209098326443954,0.044678770652686745,0.03925879758381461
cg_035,bfa969f50101fdc1,Your friend wants to return the borrowed item and can come over at several ordinary times—when would you like the visit to be?,-0.12578918538039247,-0.17497934562963288,0.044678770652686745,0.03925879758381461
cg_035,3b1eb2ba9e429063,A friend who borrowed your item can drop it off at a few ordinary times—what time would you like them to come?,0.012127552731015172,0.11497006886983493,0.044678770652686745,0.03925879758381461
cg_035,264cb5fad4dbdc8a,Someone wants to return your item and can stop by at several ordinary times—do you have a preferred time for the visit?,-0.17409937639569278,-0.0662054525828455,0.044678770652686745,0.03925879758381461
cg_035,f2c0b2a867c4dd87,A friend can bring back the item they borrowed at a few ordinary times; when would you like them to come by?,-0.0014342258984004104,-0.06768461614932918,0.044678770652686745,0.03925879758381461
cg_035,faece458e6692747,A friend wants to return the borrowed item and has a few ordinary times free—when should they come by to return it?,-0.0892096554114987,0.022645709807575597,0.044678770652686745,0.03925879758381461
cg_035,4b6ab025f19b6e99,Your friend can stop over at several ordinary times to return the item—when would you like them to come?,0.10039797263354686,-0.040479421415371405,0.044678770652686745,0.03925879758381461
cg_035,c7bc71e648b3a150,A friend wants to return the item and can make it by at a few ordinary times—what time would you like?,0.05878001509007744,0.24656570667750655,0.044678770652686745,0.03925879758381461
cg_035,be410052a87c20aa,A friend is available at several ordinary times to return the item—when would you prefer they come?,0.03908619701070547,-0.05584579877257387,0.044678770652686745,0.03925879758381461
cg_035,aeefc913627d31ee,Someone wants to return the item they borrowed and can drop it off at a few ordinary times—when would you like that arranged?,-0.04079185927975988,0.005272670125766935,0.044678770652686745,0.03925879758381461
cg_035,ad4d4286ae141048,A friend can return the borrowed item and is free at a few ordinary times—which time would work for you?,-0.04597209457673713,0.12849921811653087,0.044678770652686745,0.03925879758381461
cg_035,99bf4cd1d37161fa,Your friend wants to return the item and can visit at several ordinary times—when would you like them to stop by?,-0.011420462521703721,-0.12154513327851077,0.044678770652686745,0.03925879758381461
cg_035,8fa89d0a085d3cf9,A friend is able to come by at several ordinary times to give back the item—when would you like that visit to happen?,-0.05243186041832998,-0.13027248794482785,0.044678770652686745,0.03925879758381461
cg_035,6abfd4038e0ab7a4,Someone who borrowed your item can stop by at a few ordinary times to return it—what time would you like them to come?,-0.01552971004110476,0.05623230490890703,0.044678770652686745,0.03925879758381461
cg_035,ea0567c72c3a5646,A friend wants to bring back the thing they borrowed and can be available at a few ordinary times—when would you like them to come by?,-0.029701108723840727,-0.15519813642265382,0.044678770652686745,0.03925879758381461
cg_035,76e8d1c7409b0d62,A friend is willing to return the item and can come at several ordinary times—which time would you like them to pick?,0.03315711661662549,0.09969577982559547,0.044678770652686745,0.03925879758381461
cg_035,59f718e7f0968174,A friend wants to return the borrowed item and can drop by at several ordinary times—when would you prefer the visit?,-0.16246380616086245,-0.15748921878375444,0.044678770652686745,0.03925879758381461
cg_035,d026df6f8084e7b2,Your friend can come by at a few ordinary times to return the item—which of those times would you like?,0.16958828868216075,0.012990316360723037,0.044678770652686745,0.03925879758381461
cg_035,6a5098c872fbc717,Someone can stop by at several ordinary times to return the item they borrowed—when would you like them to come?,-0.005999420336760403,-0.04009993111325032,0.044678770652686745,0.03925879758381461
cg_035,b53885525eaa12e0,A friend has a few ordinary times available to return the item—when would you like that visit to occur?,-0.13470168927427598,-0.037088761365990625,0.044678770652686745,0.03925879758381461
cg_035,716e80113ff33560,A friend wants to return the item and can come by during several ordinary times—when would you like them to come over?,0.04791597112276379,-0.03732924867489283,0.044678770652686745,0.03925879758381461
cg_035,a0821ad180da080e,A friend is able to stop by at a few ordinary times to return what they borrowed—when should they come by?,-0.015308820609318851,-0.003770743699349776,0.044678770652686745,0.03925879758381461
cg_035,565e8e393242c799,Someone wants to return your borrowed item and can visit at several ordinary times—which time would you like them to choose?,-0.1674226538373223,0.0010399786404786948,0.044678770652686745,0.03925879758381461
cg_035,f9b136575213617c,A friend can come at a few ordinary times to return the item—when would you like them to stop in?,0.08180891837069677,-0.05669629808816565,0.044678770652686745,0.03925879758381461
cg_036,8fb0582553446ae7,The ingredient we planned for tonight's meal isn't available; would you like to change the recipe or pick another familiar option instead?,-0.0014715099117580772,0.006308463072201266,0.044678770652686745,0.03925879758381461
cg_036,93dcf258a4e8923f,The thing we planned to use tonight isn't available; would you prefer we tweak the meal or choose another familiar dish?,0.02112176214690716,-0.009830090680246914,0.044678770652686745,0.03925879758381461
cg_036,8df9e6c6f39e6feb,That planned ingredient isn't available tonight—do you want to alter the meal or have one of your usual alternatives?,0.02408333309929084,-0.01010968452255975,0.044678770652686745,0.03925879758381461
cg_036,161661d029352bfe,The ingredient we were going to use tonight is unavailable; what would you like to do—change the recipe or switch to a familiar option?,-0.004691505861711388,0.05032982797267789,0.044678770652686745,0.03925879758381461
cg_036,735401fd837c933a,We don't have the ingredient we planned for tonight; would you like to modify the meal or eat a different familiar meal?,0.014074402167957651,-0.05694949731921029,0.044678770652686745,0.03925879758381461
cg_036,5e6e210241dab2b0,The planned ingredient is unavailable this evening; how would you like to handle the meal—adjust it or pick another familiar option?,-0.11372135404179322,0.06947518954901538,0.044678770652686745,0.03925879758381461
cg_036,032d40a46dc9f576,The ingredient for tonight's meal isn't available; would you like me to change the recipe or serve a familiar alternative?,0.013128084749828357,0.044502449767110284,0.044678770652686745,0.03925879758381461
cg_036,efaac708dd244d75,Tonight's planned ingredient isn't available—do you want to adjust the dish or go with another familiar option?,0.0255812937932237,-0.009633656722588202,0.044678770652686745,0.03925879758381461
cg_036,4019106018dc874d,The ingredient we intended to use tonight is not available; how would you like to proceed—alter the meal or have a different familiar dish?,-0.041513050077276376,0.037055814588110275,0.044678770652686745,0.03925879758381461
cg_036,a5b3f2b44c4ef393,"That ingredient for tonight's dinner is unavailable, so we can adjust the recipe or pick another familiar option; which do you prefer?",0.04482580275401927,0.027850190342070515,0.044678770652686745,0.03925879758381461
cg_036,37a66349ee0767aa,The item planned for tonight's meal isn't available; would you like to tweak the recipe or pick a different familiar meal?,0.02474795034643268,0.057358131328069085,0.044678770652686745,0.03925879758381461
cg_036,6c1c0f79c0564bea,The ingredient for tonight is missing; would you like to change the meal or go with a familiar alternative?,0.01106600333080256,-0.00892443771850334,0.044678770652686745,0.03925879758381461
cg_036,5db810c29659883f,The ingredient we planned on using tonight isn't available—would you rather adjust the recipe or choose another familiar option?,0.0202015427832993,0.015190172005034612,0.044678770652686745,0.03925879758381461
cg_036,f15801c0e1d94984,We don't have the planned ingredient for tonight's dinner; how would you like to change the meal or would you prefer a familiar alternative?,-0.031122544516138252,-0.05576374978903102,0.044678770652686745,0.03925879758381461
cg_036,1c5427b2ea13ac83,The ingredient we were going to use tonight isn't available; do you want to change the dish or pick one of your usual meals?,0.03811215831092962,-0.03720517471192083,0.044678770652686745,0.03925879758381461
cg_036,023443a5d2d64052,The planned ingredient turned out to be unavailable tonight; would you prefer to alter the meal or have a familiar substitute?,-0.041084265462088834,-0.03055886246954269,0.044678770652686745,0.03925879758381461
cg_036,abb1e78f66278a2b,The ingredient planned for tonight isn't available—do you want to change the recipe or switch to a familiar dish?,0.0647062883569132,0.0034037053775677843,0.044678770652686745,0.03925879758381461
cg_036,1794e8ad2ae3960e,The ingredient we expected for tonight's meal isn't available; would you like to change the meal or pick another option you know?,0.007119213723427852,-0.04973127790313417,0.044678770652686745,0.03925879758381461
cg_036,3eb1a11bcf78e5fa,That planned ingredient isn't available this evening; would you like to adjust tonight's meal or choose a familiar alternative?,-0.009891623656223817,0.005750219863311091,0.044678770652686745,0.03925879758381461
cg_036,d2c19756d90545f3,The ingredient for dinner tonight isn't available; how would you like to handle it—change the recipe or pick a familiar meal?,0.0597645151252542,0.09079225523616104,0.044678770652686745,0.03925879758381461
cg_036,5c8892aed995cbc5,The planned ingredient isn't available tonight; would you like to omit it and change the dish or choose a familiar alternative?,0.02966729603025062,-0.04241891774725997,0.044678770652686745,0.03925879758381461
cg_036,54abc25f717c4974,The ingredient we counted on for tonight isn't available; would you prefer to alter the recipe or go with a different familiar meal?,0.03975325870538381,0.02589178759294528,0.044678770652686745,0.03925879758381461
cg_036,8c1fa8a933999ecc,The item we planned for tonight's meal is unavailable; would you like to make a change to the meal or select a familiar alternative?,-0.06910263427992126,-0.01789641951708703,0.044678770652686745,0.03925879758381461
cg_036,2e5152dc26a8d44e,That ingredient isn't available for tonight's dinner—do you want to revise the meal or have another familiar option?,0.044765599054923465,-0.07813386063468422,0.044678770652686745,0.03925879758381461
cg_036,094d159d1e12f1eb,The ingredient for our planned dinner isn't available; how do you want to proceed: adjust the meal or pick a familiar standby?,-0.10421518284442916,0.05895319998862418,0.044678770652686745,0.03925879758381461
cg_036,654f28087f9f8ae8,The planned ingredient is not available tonight; would you like to change what we're making or choose one of your familiar meals?,0.002682566340912699,0.007564745442478713,0.044678770652686745,0.03925879758381461
cg_036,3baa0e3e63389891,The ingredient we were planning to use tonight is unavailable; would you like to modify the meal or choose a familiar alternative?,-0.06884342476423697,0.012218349779237567,0.044678770652686745,0.03925879758381461
cg_036,b6e4be22e6c331d1,The ingredient for tonight's recipe isn't available—would you prefer to change the dish or go with a familiar option?,0.07295428082354913,-0.036671826080778895,0.044678770652686745,0.03925879758381461
cg_036,3f89b85ee6e1de90,We don't have the ingredient we'd planned for tonight; would you like to change the meal or pick a familiar alternative instead?,-0.009702018276408379,-0.07538069383656879,0.044678770652686745,0.03925879758381461
cg_036,9076f8a3bffd556b,That planned ingredient isn't available this evening; would you rather we change tonight's recipe or pick another familiar meal?,0.032144595868813505,-0.02466642482513859,0.044678770652686745,0.03925879758381461
cg_036,734b17c198594627,The ingredient we planned on is unavailable for dinner tonight; what would you like—adjust the meal or choose a familiar alternative?,-0.05206627088090521,0.03755298500287217,0.044678770652686745,0.03925879758381461
cg_036,6bef19fcbade447b,The ingredient intended for tonight's dinner isn't available; would you like to alter the meal or have a familiar substitute?,0.020110727020013465,-0.039470446385577534,0.044678770652686745,0.03925879758381461
cg_036,ac239479bd946fc7,The ingredient we planned for tonight isn't available; do you want to change the recipe or pick one of your usual options?,0.026203388319885536,0.028502460752185696,0.044678770652686745,0.03925879758381461
cg_036,3cc46eb6c772b9fe,The ingredient we're missing for tonight's meal is unavailable; how would you like to adjust the meal or select a familiar alternative?,-0.020178027297416853,0.038162702818211346,0.044678770652686745,0.03925879758381461
cg_036,0bb983bcb7794dab,"The ingredient for tonight turned out to be unavailable, so we can change the meal or choose a familiar option—what do you prefer?",-0.01746242124641472,0.019926392763284465,0.044678770652686745,0.03925879758381461
cg_036,519bc5d75b3e8739,That ingredient's unavailable for tonight's dinner; would you like to change the meal or go with a familiar choice?,0.0267072352040187,-0.12704246950217468,0.044678770652686745,0.03925879758381461
cg_036,984edc91f9c7ec48,The planned ingredient isn't available tonight—would you like to tweak what we're making or choose a familiar alternative?,0.009142076146044904,0.029366470976554572,0.044678770652686745,0.03925879758381461
cg_036,58d679bc73f1d727,The ingredient we intended for tonight is unavailable; how would you like to change the meal or would you prefer a familiar alternative?,-0.054231519985002044,0.004101245626665664,0.044678770652686745,0.03925879758381461
cg_036,1c58bf8036444cc7,The ingredient we were going to use tonight isn't available; do you want to adjust the meal or switch to a familiar dish?,0.014880560018773737,-0.02408548989249786,0.044678770652686745,0.03925879758381461
cg_036,6c7f56d64d0acc4a,The ingredient planned for dinner tonight is unavailable; would you like to change the recipe or select a familiar alternative?,-0.02287296311741443,0.060215617790016156,0.044678770652686745,0.03925879758381461
cg_036,475ac3a4c478e41a,The ingredient for tonight's meal is unavailable—would you like to change what we're cooking or opt for a familiar meal instead?,0.055048643181500365,-0.012576049067513232,0.044678770652686745,0.03925879758381461
cg_036,9c96295ae30a05f5,That ingredient we planned to use tonight is unavailable; how would you like to proceed: alter the meal or choose a familiar option?,-0.0804222611832172,0.016576651691613074,0.044678770652686745,0.03925879758381461
cg_037,5e4ff7e9d1bf6292,I can give you a ride to your errand—would you like that?,-0.015703247246762534,0.05520382191525279,0.044678770652686745,0.03925879758381461
cg_037,a43327e2ccf2bffb,Would you like me to drive you to your errand?,-0.03490875540777859,0.07433140529127724,0.044678770652686745,0.03925879758381461
cg_037,c46dd293d65f6100,Do you want a ride to run that errand?,-0.029901383021723002,0.0361761673456678,0.044678770652686745,0.03925879758381461
cg_037,a0eae7c5f1a768f1,Want me to take you there?,0.13849089733623896,-0.11436444873880222,0.044678770652686745,0.03925879758381461
cg_037,8b28aecabcce15d0,Would you like a lift for your errand?,-0.1135859198362708,0.06672868347696594,0.044678770652686745,0.03925879758381461
cg_037,a05d348ff15bd645,Do you want me to drive you over for that errand?,0.026036446872454773,0.040167525138721766,0.044678770652686745,0.03925879758381461
cg_037,97bdf61d267d394b,Would you prefer me to give you a ride?,0.12067779432783873,-0.08920307054717883,0.044678770652686745,0.03925879758381461
cg_037,9ccc103124467b21,Do you want me to give you a lift to where you need to go?,0.1803016084505747,-0.05758128732960187,0.044678770652686745,0.03925879758381461
cg_037,3d48339b052675a4,"Would you like a ride, or would you rather go on your own?",0.08044008846627475,-0.13290535029462575,0.044678770652686745,0.03925879758381461
cg_037,16c18fe7323c45c9,I can drive you to the errand if you'd like—what do you think?,-0.04462651268007993,0.10612136306281958,0.044678770652686745,0.03925879758381461
cg_037,a557f5d14caa26eb,Would you like me to take you with me to run that errand?,-0.02122062823371129,0.12590196874482654,0.044678770652686745,0.03925879758381461
cg_037,0521ce87a7ae7d65,Do you want me to drop you off for your errand?,0.027021571589575924,0.07864383011513945,0.044678770652686745,0.03925879758381461
cg_037,b46bd068c4c70f4c,"If you'd like a ride to your errand, I can give you one—do you want that?",-0.01808365086011652,0.03430261713954509,0.044678770652686745,0.03925879758381461
cg_037,11610e3f6d8473f4,Do you want to come with me in the car?,0.08133637035103065,-0.07566422746041399,0.044678770652686745,0.03925879758381461
cg_037,c83cbc7ab128de46,Would you rather I drive you to your errand or would you prefer to go alone?,0.053965143709363866,-0.028586195420816394,0.044678770652686745,0.03925879758381461
cg_037,995d10f8ef7f8aac,Would you like me to come along and drive you to that errand?,-0.06958556279820574,0.062317948319271954,0.044678770652686745,0.03925879758381461
cg_037,e3f493911a3a7e48,"Do you want me to drive you there, or would you rather walk/go alone?",0.06104169716153033,-0.20987891710668466,0.044678770652686745,0.03925879758381461
cg_037,896e37dd99c9d624,Would you like a lift to run your errand?,-0.0938552614121207,0.11607076461838645,0.044678770652686745,0.03925879758381461
cg_037,f24d717f4397c336,Do you want me to take you out for that errand?,0.01846845127479424,0.003998120548878499,0.044678770652686745,0.03925879758381461
cg_037,3fbfda1ad90cc5d2,Would you like me to take you to where you need to go?,0.07933893894327082,-0.08743290941943467,0.044678770652686745,0.03925879758381461
cg_037,203d6ddae62a863f,Do you want a ride to that place?,-0.04332901595030207,-0.22446448650743506,0.044678770652686745,0.03925879758381461
cg_037,b4cacee13c1bd8b7,Would you like me to give you a ride over there?,-0.030609703090563597,-0.13751782812855223,0.044678770652686745,0.03925879758381461
cg_037,2d4d69e279a7f596,"Do you want me to drive you for that errand, or would you prefer another way?",-0.005190349091816369,0.033072595287560264,0.044678770652686745,0.03925879758381461
cg_037,5279e9c421270ae8,"If you'd like, I can drive you to your errand—do you want that?",0.018470253261705462,0.07475161662141017,0.044678770652686745,0.03925879758381461
cg_037,f11fc4da77bb2c42,Do you want me to bring you along to run that errand?,-0.01707666683909977,0.06158048567735226,0.044678770652686745,0.03925879758381461
cg_037,6d1b5650ddf9b669,Would you like me to drive you to the store/errand?,-0.10084319811327053,0.06005849407261257,0.044678770652686745,0.03925879758381461
cg_037,6c8d6e8a01fde696,Do you want a lift from me for your errand?,-0.023457022386968437,0.03165265140137354,0.044678770652686745,0.03925879758381461
cg_037,0bdb782f64f34884,Would you like to come with me in the car to run that errand?,-0.08147702359460782,0.10279182858563787,0.044678770652686745,0.03925879758381461
cg_037,44b734b605b13d5d,Do you want me to take you with me to do that errand?,0.005724345240608331,0.08691998232680191,0.044678770652686745,0.03925879758381461
cg_037,b6ba9e6c4953b4df,Would you like me to drive you to the errand—it's up to you.,-0.004754634537383727,0.12024587133997622,0.044678770652686745,0.03925879758381461
cg_037,c35be360055f37ca,"Do you want me to give you a ride, or do you want to go by yourself?",0.1890506552977808,-0.13231201629063993,0.044678770652686745,0.03925879758381461
cg_037,97fd4de8a63d61a8,Would you like me to take you to your errand or would you rather go alone?,0.033501143475410534,-0.01914704292826645,0.044678770652686745,0.03925879758381461
cg_037,6d7eec0a772d896b,"Do you want me to drive you there, or would you prefer to go on your own?",-0.010167194648756402,-0.21706397578888553,0.044678770652686745,0.03925879758381461
cg_037,076f81fb25e4aaaf,Would you like a ride from me to your errand?,-0.10176464397083887,0.002522918774820769,0.044678770652686745,0.03925879758381461
cg_037,4f8dd948ad575166,Do you want me to drop you off there for your errand?,-0.03561840927926665,-0.034910412326960946,0.044678770652686745,0.03925879758381461
cg_037,7320fa792dfd13de,Would you like me to give you a lift to your errand?,-0.0316181237029112,0.06553009645580699,0.044678770652686745,0.03925879758381461
cg_037,0e539b5ab736149e,Do you want me to come and drive you to your errand?,0.025718235869505668,0.024637367531567055,0.044678770652686745,0.03925879758381461
cg_037,e99a257ddfd11a01,Would you like me to take you to run your errand?,-0.004248889780917076,0.1218845712959562,0.044678770652686745,0.03925879758381461
cg_037,38983f4a8519b2c1,Do you want me to take you to where you're going for that errand?,-0.01024157822796828,-0.010825857364268826,0.044678770652686745,0.03925879758381461
cg_037,98d6d81793f836ad,Would you like me to drive you over for that errand?,-0.041141451598645025,0.0547930932348394,0.044678770652686745,0.03925879758381461
cg_037,07016d25ec693970,Do you want a ride with me to run that errand?,-0.06099992400236258,0.0828275777729131,0.044678770652686745,0.03925879758381461
cg_037,84952bbf9e807f44,Would you like me to bring you along for that errand?,-0.11988332612990985,0.027928601734769357,0.044678770652686745,0.03925879758381461
cg_037,7d67fbd2ca1a3db2,Do you want me to give you a ride there?,0.02430843481439881,-0.17930394217758341,0.044678770652686745,0.03925879758381461
cg_038,fd628d053a06c791,We could move the thermostat schedule so the house starts warming earlier in the morning; the current schedule still works—would you like to try that?,0.0025460080469532,0.0049488071750042415,0.044678770652686745,0.03925879758381461
cg_038,c6fd58dca0783674,"The thermostat can be set to warm up earlier if you want, though the current schedule is fine—do you want to try changing it?",0.05135690516624471,-0.08841680069670912,0.044678770652686745,0.03925879758381461
cg_038,351443ec1ad11853,"If you'd like, we can change the schedule so it warms earlier in the morning; your current schedule still works—want to give it a try?",-0.05205771279086832,0.03551739695490101,0.044678770652686745,0.03925879758381461
cg_038,c1a3f6226c8590ab,"The schedule could be adjusted to warm the house earlier, but the way it is now works; would you like to try shifting it earlier?",-0.061496085941634124,-0.0620024095747997,0.044678770652686745,0.03925879758381461
cg_038,5537f0a9884fba45,"Would you like to try changing the thermostat so it warms up earlier in the morning, or keep the current schedule that works?",0.055104960556059575,-0.0594447292199906,0.044678770652686745,0.03925879758381461
cg_038,c905887d0a4576c6,The thermostat could start warming earlier in the morning if you prefer; the current schedule still works—should we try that?,0.01019546776925666,0.024016835660280005,0.044678770652686745,0.03925879758381461
cg_038,50c346ee14b11156,We can set the thermostat to warm earlier in the morning; the current schedule is fine—would you like to try changing it?,-0.02473652723895611,-0.07430614482599646,0.044678770652686745,0.03925879758381461
cg_038,569e2b1e37f23d4a,"Do you want to try moving the thermostat schedule earlier in the morning, or are you happy with the current schedule that works?",0.038421393479580276,-0.049006151113745344,0.044678770652686745,0.03925879758381461
cg_038,16f5d9054dc3b8f4,I can change the schedule so the house warms earlier in the morning; the current timetable still works—would you like me to do that?,-0.1310896648931636,0.06535052384190328,0.044678770652686745,0.03925879758381461
cg_038,74b16e438bff7ba5,"Want to try adjusting the thermostat to start heating earlier in the morning, or stick with the current schedule that works?",-0.010123308742242165,0.0685560469161163,0.044678770652686745,0.03925879758381461
cg_038,ac2f57fb2c1e7ab7,The schedule could be shifted so it warms up earlier; the current setting still works—would you like to try the earlier option?,-0.10587739307368604,-0.04934844737928913,0.044678770652686745,0.03925879758381461
cg_038,119f86e5dd027ef5,"If you prefer, we could start the thermostat earlier in the morning, although the current schedule still does the job—want to try it?",-0.016854510437323673,0.022456115945637255,0.044678770652686745,0.03925879758381461
cg_038,55ac9e3c0afe545d,We could make the home start warming earlier in the morning; the current schedule still works—do you want me to change it?,-0.030204557278137936,-0.06953960914447559,0.044678770652686745,0.03925879758381461
cg_038,334152d4222b68d1,"Would you like to try having the thermostat warm the house earlier in the morning, or keep the schedule as it is?",0.09687188213190812,-0.03256297746350289,0.044678770652686745,0.03925879758381461
cg_038,b247b7de56245085,The thermostat can be adjusted to warm earlier in the morning; the current schedule still works—interested in trying that change?,-0.059293140668203445,0.07999174070295602,0.044678770652686745,0.03925879758381461
cg_038,32364598c672583d,"If you want, we can have the thermostat come on earlier in the morning; the current schedule is fine—would you like to try that?",-0.021321009791214904,0.004386730131520052,0.044678770652686745,0.03925879758381461
cg_038,32a723ecfa90258e,"We could program the schedule to start heating earlier in the morning, but the current schedule still works—shall we try it?",-0.06372074748056829,0.12694043644582076,0.044678770652686745,0.03925879758381461
cg_038,76b638de94edd0fb,"Do you want to try changing the thermostat so the house warms earlier in the morning, or leave the schedule as it is?",0.10258645876947671,-0.13610341833562087,0.044678770652686745,0.03925879758381461
cg_038,a810a26d62af6827,The schedule could be set to warm earlier in the morning; your current setting still works—would you like to give the earlier start a try?,-0.06572493864854177,-0.0002371002750033522,0.044678770652686745,0.03925879758381461
cg_038,6680cbb41b238d7a,"Would you like me to try adjusting the thermostat so it warms earlier in the morning, or would you rather keep the current schedule that works?",0.03791260161041936,-0.005607438072395451,0.044678770652686745,0.03925879758381461
cg_038,fef0022994f7b8f9,You could have the thermostat start earlier in the morning if you want; the current schedule still works—want to try that?,0.04415151255007797,0.0650616110365132,0.044678770652686745,0.03925879758381461
cg_038,ff6c40f0abd0ec5d,"If you'd like an earlier start for the heater, we can change the schedule; the current schedule still works—shall we try it?",-0.04498538555250047,-0.03328042511648062,0.044678770652686745,0.03925879758381461
cg_038,e3eec8cf6434faa8,We can shift the thermostat schedule to warm the house earlier in the morning; the current setup still works—do you want to try that?,0.024804116548495046,-0.027022123914145154,0.044678770652686745,0.03925879758381461
cg_038,1073485db95e8c73,"Would you prefer to try an earlier start on the thermostat in the morning, or keep the existing schedule that works?",0.04508939179041927,-0.0004709175510633837,0.044678770652686745,0.03925879758381461
cg_038,c4f6e37b98bf37d2,The thermostat schedule could be moved so it warms earlier in the morning; the current schedule still works—would you like to try it out?,0.013368649401928605,0.019871458728366598,0.044678770652686745,0.03925879758381461
cg_038,42f5bb4a877c8709,"If you'd like to test an earlier warm-up time for the thermostat, we can set it; the current schedule still works—want to try?",-0.0025628633600196446,0.0652434723121476,0.044678770652686745,0.03925879758381461
cg_038,8a5d838180442519,We could change the morning start time on the thermostat so it warms earlier; the current schedule is fine—would you like to try that?,-0.03765012202745722,0.027389735849728505,0.044678770652686745,0.03925879758381461
cg_038,84f1e145b8e74e14,"Do you want to try changing the thermostat to come on earlier in the morning, or do you want to keep the current schedule that works?",0.06956669246537159,-0.03996151131632504,0.044678770652686745,0.03925879758381461
cg_038,18b40e8c845ab681,"If you'd like the home to warm earlier in the morning, we can change the schedule; the current one still works—do you want to try that?",-0.011208957998985036,-0.08699487992497061,0.044678770652686745,0.03925879758381461
cg_038,0d25bfa4200154de,We can try setting the thermostat to start heating earlier in the morning; the current schedule still works—shall we try it?,-0.025553595863673312,0.075281747832294,0.044678770652686745,0.03925879758381461
cg_038,aab55e9f6aeda994,"Would you like me to adjust the thermostat so it starts warming earlier in the morning, or would you rather keep the current schedule that works?",0.02936100452268861,-0.026984252149011092,0.044678770652686745,0.03925879758381461
cg_038,a559b1672b8a9713,The thermostat could be put on an earlier morning schedule; the current schedule still works—are you interested in trying that?,0.006514298463578452,0.08733006500106316,0.044678770652686745,0.03925879758381461
cg_038,fda55fa19d404ee3,"If you want, we can move the thermostat start time earlier in the morning; the current schedule still works—shall we give that a try?",-0.05581483198820528,0.034108536888538876,0.044678770652686745,0.03925879758381461
cg_038,ed3caf05593772bf,"We could change the thermostat to warm up earlier in the morning, though the current schedule still works—do you want to try it?",0.044436253674720295,-0.04909963839549603,0.044678770652686745,0.03925879758381461
cg_038,f0b549cd515fe83e,"Would you like to try shifting the thermostat schedule so it warms earlier in the morning, or keep things as they are?",0.05247507071689493,-0.047565418685414286,0.044678770652686745,0.03925879758381461
cg_038,8fa61e07274d036b,The schedule can be adjusted to warm the house earlier in the morning; the current schedule still works—do you want to try switching to the earlier time?,-0.03867235438048872,-0.0014276335714252068,0.044678770652686745,0.03925879758381461
cg_038,fb78256d6b3ba7e0,"If you'd like an earlier warm-up time from the thermostat, we can set that; the current schedule still works—want to try it for a bit?",-0.014361707363614369,0.06546232541462162,0.044678770652686745,0.03925879758381461
cg_038,ed5119c988848b32,We can alter the schedule so the home warms earlier in the morning; the current schedule still works—would you like to try that change?,-0.0676320125396845,0.007961422679694857,0.044678770652686745,0.03925879758381461
cg_038,06b3b627fef01e96,"Do you want to try having the thermostat heat the house earlier in the morning, or keep the existing schedule that works?",0.12235226829727294,-0.04609556121095451,0.044678770652686745,0.03925879758381461
cg_038,d55123dcc5d49720,"Would you like to give an earlier morning start on the thermostat a try, or stay with the current schedule that works?",0.0712301017783496,0.004558364379530194,0.044678770652686745,0.03925879758381461
cg_038,e778ab1738b02913,The thermostat could be set to start heating earlier; the current schedule still works—do you want to try changing it?,0.057958101099300836,-0.0623803921883313,0.044678770652686745,0.03925879758381461
cg_038,28b89327b339c93f,"If you'd prefer the house to warm earlier in the morning, we can change the schedule; the current schedule still works—shall we try that?",-0.055017588634217816,0.006545283934542834,0.044678770652686745,0.03925879758381461
cg_038,0994a12b7159d9b1,We could set the thermostat to start warming earlier in the morning; the current schedule still works—do you want me to try that?,0.024730639633849773,0.01147792138449898,0.044678770652686745,0.03925879758381461
cg_038,425b4baeb3c0d797,"Would you like to test an earlier start time on the thermostat so it warms sooner in the morning, or keep the current schedule that works?",0.03246959244786701,0.04267281748296194,0.044678770652686745,0.03925879758381461
cg_038,cba03fed4e3a5b0b,The morning warming time on the thermostat could be moved earlier; the current schedule still works—do you want to try that adjustment?,-0.010197049709322649,-0.025036659715311445,0.044678770652686745,0.03925879758381461
cg_038,b75186ec5f5eb917,"If you'd like, we can try programming the thermostat to warm earlier in the morning; the current schedule still works—want to try it?",-0.012709146692844377,0.08214726655187471,0.044678770652686745,0.03925879758381461
cg_038,719ef239181e9ad7,We can try changing the thermostat so it comes on earlier in the morning; the current schedule still works—are you up for trying that?,-0.014638157825159759,0.04561797658994137,0.044678770652686745,0.03925879758381461
cg_039,5cb4ccce1613a7f5,I noticed the shared calendar is sending two reminders for the same recurring event—do you want to keep both or remove one?,-0.16093945373690555,0.12662221703382004,0.044678770652686745,0.03925879758381461
cg_039,239b94a9197e65f8,The calendar is currently sending two reminders for that recurring event; would you like to keep both reminders or have one taken away?,-0.14210309918128136,0.1713850651629027,0.044678770652686745,0.03925879758381461
cg_039,f6a5b68e5ffa5d30,It looks like the recurring event has two reminders set—would you prefer to keep both or remove one?,0.0072854548877991825,0.0014834797139354084,0.044678770652686745,0.03925879758381461
cg_039,c0ccc38524930018,There are two reminders for the same recurring event on the shared calendar; do you want to leave both or delete one?,-0.11050193855245352,0.122711500733688,0.044678770652686745,0.03925879758381461
cg_039,d8ae53ce08fec47e,Our shared calendar is sending duplicate reminders for that recurring event—do you want to keep both or remove one?,-0.1211479927920738,0.1379017451871562,0.044678770652686745,0.03925879758381461
cg_039,3f33c4aaa2abf14f,Your recurring event is set to send two reminders—do you want to keep both reminders or drop one?,0.07105270980246248,0.020089455530677147,0.044678770652686745,0.03925879758381461
cg_039,0b5769a93f37fbb6,I see two reminders for the same recurring event; would you like to keep them both or remove one?,0.062466240185599806,-0.028530838699016757,0.044678770652686745,0.03925879758381461
cg_039,91172164292b5819,The event is triggering two reminders each time; do you want to keep both or have one removed?,0.0769554213604836,-0.11580988386279728,0.044678770652686745,0.03925879758381461
cg_039,42d4d3ef6f012836,That recurring event has two alerts—do you want to keep both alerts or get rid of one?,0.08139619255936253,0.07335159046545292,0.044678770652686745,0.03925879758381461
cg_039,a5d0426e54963932,The shared calendar currently sends two reminders for this recurring event—would you like to keep them both or remove one?,-0.16173143933014433,0.14617323639815544,0.044678770652686745,0.03925879758381461
cg_039,4ce1fbdeca4088cc,There are duplicate reminders for the same recurring event—do you want to keep both or delete one?,0.09276731022363877,0.035637301877273854,0.044678770652686745,0.03925879758381461
cg_039,0f199f24fdc7bc72,I noticed duplicate reminders on that recurring event—would you like to keep both reminders or remove one?,0.04308776041486652,-0.005709203797260115,0.044678770652686745,0.03925879758381461
cg_039,c014c05ae3238779,That event is set to remind you twice—do you want to keep both reminders or have one removed?,0.05435909531459878,-0.07352100547165663,0.044678770652686745,0.03925879758381461
cg_039,a3c83d378e4ab1ef,The shared calendar shows two reminders for this recurring entry; do you prefer to keep both or remove one?,-0.14891539421745503,0.052466574284407284,0.044678770652686745,0.03925879758381461
cg_039,88211052e08d8b30,Two reminders are set for the same recurring event—should we keep both or remove one?,0.006659458033810354,0.08331998688762177,0.044678770652686745,0.03925879758381461
cg_039,4af8c28897299ef1,The recurring event has two reminders—do you want to keep both in place or remove one?,0.07890118811772857,-0.03245887545619531,0.044678770652686745,0.03925879758381461
cg_039,2b10dd4630fe4cfc,I see two notifications set for that recurring event—would you like to keep both notifications or remove one?,-0.017767970192562765,0.0667950173283518,0.044678770652686745,0.03925879758381461
cg_039,05685c113395e605,Your shared event is set to send two reminders—do you want both sent or would you like one removed?,-0.04589924037983957,-0.22068863312131687,0.044678770652686745,0.03925879758381461
cg_039,f4b8d1f096a79cb0,There are currently two reminders for the same recurring event—do you want to keep both reminders or take one out?,0.09121861653330014,0.015897303179229532,0.044678770652686745,0.03925879758381461
cg_039,801f0b1b33c436d8,That recurring entry is duplicating reminders—do you want to keep both or remove one?,0.0705419623508502,-0.2088013121372563,0.044678770652686745,0.03925879758381461
cg_039,45b87fadaad4d69e,The calendar is sending two reminders for that recurring event—would you rather keep both or remove one?,-0.11467775640063085,0.12120197320668001,0.044678770652686745,0.03925879758381461
cg_039,32d76b219a74e6c9,I noticed the event sends two reminders every time—do you want to keep both or remove one?,0.020655069864308734,-0.1937318006957674,0.044678770652686745,0.03925879758381461
cg_039,fa630279cfd0acc6,You have two reminders set for the same recurring event—do you want to keep both or delete one?,0.12288903164780723,0.014714541914840134,0.044678770652686745,0.03925879758381461
cg_039,dc6433ac5a4f6ee8,That recurring event has two alerts coming through—do you want to keep both or remove one?,0.03492596168522398,0.019033968466098113,0.044678770652686745,0.03925879758381461
cg_039,579f9ebf2ef3fa08,The shared calendar shows two reminders on that recurring event—do you want to leave both or remove one?,-0.1635003105935643,0.07909534621990394,0.044678770652686745,0.03925879758381461
cg_039,35e79c0c375b5e77,There are two reminders attached to the same recurring event—do you want both or should one be removed?,0.07802789392078556,-0.07188944373798861,0.044678770652686745,0.03925879758381461
cg_039,e12dcd0d5a1552c7,It looks like the event is set to remind you twice—do you want to keep both reminders or remove one?,0.04565996099316842,-0.07102214235248225,0.044678770652686745,0.03925879758381461
cg_039,25886a18dd87863d,The recurring event currently triggers two reminders—do you want to keep them both or remove one?,0.10173449822557884,-0.00664687916669543,0.044678770652686745,0.03925879758381461
cg_039,2bf520bc09928a01,"I see two reminders for this recurring event—do you want to keep both reminders, or would you like one removed?",0.09583011765957922,-0.10826115524987302,0.044678770652686745,0.03925879758381461
cg_039,0a39b4bfbe13c3b0,The event is set up with duplicate reminders—do you want to keep both or remove one?,0.006450990604685396,-0.0509522438381142,0.044678770652686745,0.03925879758381461
cg_039,cee988d8c9bb1551,There are currently two reminders for that recurring entry—would you prefer to keep both or remove one?,0.019355309229844228,-0.2246885234910227,0.044678770652686745,0.03925879758381461
cg_039,69b7672847411c09,Your shared calendar is sending two reminders for the same recurring event—do you want to keep both reminders or drop one?,-0.04938348256640536,0.1296756520840686,0.044678770652686745,0.03925879758381461
cg_039,8e00d3e2b52cd4cc,"That event is sending two reminders every time—do you want to keep both, or should one be removed?",0.009112168557278739,-0.18244544909850344,0.044678770652686745,0.03925879758381461
cg_039,b578202fcd1f84c2,I noticed two reminders for the same recurring event—do you want to leave both as is or remove one?,0.057445962396526044,-0.16566654942529663,0.044678770652686745,0.03925879758381461
cg_039,1257b01909166acf,The recurring event has two reminders set—do you want to retain both or remove one?,0.05274735178959838,0.003856315690516615,0.044678770652686745,0.03925879758381461
cg_039,9169649d83c1b166,It appears the shared calendar sends two reminders for that recurring event—do you want to keep both or remove one?,-0.15560422937705426,0.12938768177218135,0.044678770652686745,0.03925879758381461
cg_039,b10419c9e844e0c1,The event is currently set to two reminders—do you want to keep both reminders or remove one?,-0.042197671640457006,-0.03404057477266487,0.044678770652686745,0.03925879758381461
cg_039,f3449b7b75e99dae,There are duplicate alerts on the same recurring event—do you want to keep both alerts or remove one?,0.0401723295518337,0.05542927378303995,0.044678770652686745,0.03925879758381461
cg_039,698e5e714c8942a5,I noticed duplicate reminders for that recurring calendar event—would you like to keep both or have one removed?,-0.14221116752748422,0.12826633814267183,0.044678770652686745,0.03925879758381461
cg_039,e5b6faa2e2ea2a07,That recurring event has two reminder notifications—do you want to keep both or remove one?,0.03665228233067902,0.013119529678179876,0.044678770652686745,0.03925879758381461
cg_039,422b099ba48f538f,The shared calendar shows duplicate reminders for the recurring event—do you want to keep them both or remove one?,-0.12632965562173423,0.16993660758402485,0.044678770652686745,0.03925879758381461
cg_039,1cf2b05dc088849c,There are two reminders set for the same recurring event—do you want to keep both in place or have one removed?,0.055903666479408906,0.007177599053807349,0.044678770652686745,0.03925879758381461
cg_039,6c1fe71ecdd63486,That event's recurring entry is triggering two reminders—shall we keep both or remove one?,-0.02485771612828097,-0.06991774826992597,0.044678770652686745,0.03925879758381461
cg_039,73748fccfdb34951,I see two reminders coming from the same recurring event—do you want to keep both or remove one?,0.09746599292165425,-0.08900932167019904,0.044678770652686745,0.03925879758381461
cg_039,1224b958dd5060ef,Your recurring event has duplicate reminders—do you want to keep both or delete one?,0.11604852059586564,0.02906228293534824,0.044678770652686745,0.03925879758381461
cg_040,64f9fdd95d79f0f7,There’s that box of old family photos we could sort into an album — would you like to look through them together now or later?,-0.004429409511520169,0.012473324951947442,0.044678770652686745,0.03925879758381461
cg_040,b651142b0e2f0a68,"That box of family photos is here; we don't have to do it now, but would you like to look through them together sometime?",0.04827880472946244,-0.011028243220926687,0.044678770652686745,0.03925879758381461
cg_040,5f83856f0c064897,We could sort those old family photos into an album when you want—would you like to start looking through them with me?,-0.049629868593222666,-0.005457813709707054,0.044678770652686745,0.03925879758381461
cg_040,b00c0d500548b1a8,The box of old family pictures is available to sort into an album; want to look through them together?,-0.08902976396451363,0.02351927090478956,0.044678770652686745,0.03925879758381461
cg_040,1da09752550f1b9c,"There’s a box of old photos we could put into an album, and there’s no need to do it right now — would you like to look through them with me?",0.008756588682771408,0.01166958375609711,0.044678770652686745,0.03925879758381461
cg_040,2bc1f63799d0a68d,"If you’re interested, we could organize the family photos into an album; do you want to look through the box together?",0.011689863323164552,0.021265181127311426,0.044678770652686745,0.03925879758381461
cg_040,b79c5e113a4490e3,That box of photos could be arranged into an album; would you like to go through them together now or another time?,0.04553146241600578,-0.008936980579765084,0.044678770652686745,0.03925879758381461
cg_040,0b8590c1db060b3d,We have the box of old family photos ready to sort into an album; would you like to look through them with me?,-0.09299603156035942,0.013391801736864765,0.044678770652686745,0.03925879758381461
cg_040,1647a724d082cf6b,"The family photo box is here; we don't have to do anything now, but would you like to look at the pictures together?",-0.017588311808593812,0.022297921834383186,0.044678770652686745,0.03925879758381461
cg_040,18177a465052e6ee,There’s a stack of old family photos we could sort into an album — would you like to look through them with me?,-0.04791727209766607,0.03560601471620034,0.044678770652686745,0.03925879758381461
cg_040,326efa67d537a0da,We could start organizing those old family photos into an album if you want — do you want to look through the box together?,0.011449665535022033,0.014767209153768605,0.044678770652686745,0.03925879758381461
cg_040,8e57608f559d0f02,That box of family pictures could be put into an album; would you like to sit and look through them with me?,0.07314616210538172,-0.05293394453748293,0.044678770652686745,0.03925879758381461
cg_040,ccfc1b33bc2ce996,"If you feel like it, we could sort the old photos into an album — do you want to look through them together?",0.056172002295455645,-0.13369959030913733,0.044678770652686745,0.03925879758381461
cg_040,aa34a09db4ecb562,The box of photos is available to sort into an album; would you like to look through them together now?,0.004988568589705918,-0.017765100892864566,0.044678770652686745,0.03925879758381461
cg_040,ceb9c3958b8c864d,There’s a box of old family photos we could organize into an album — would you like to look through them together sometime?,-0.018411376773923488,0.04908967429445373,0.044678770652686745,0.03925879758381461
cg_040,da7235f63668ab7d,We could arrange those old photos into an album when you want; do you want to look through the box together?,-0.00991003746206002,-0.028211947288715684,0.044678770652686745,0.03925879758381461
cg_040,bdfac64adbc2fda4,"The old family photo box is here; we don't have to do it now, but want to look through them together?",-0.05197770180547903,0.012715614166908905,0.044678770652686745,0.03925879758381461
cg_040,a14ecb33d53b46ee,That box of pictures could go into an album; would you like to go through them together?,0.07646928912629321,-0.10740755096088854,0.044678770652686745,0.03925879758381461
cg_040,9d3e47a4639d6c9a,"If you’d like, we could sort those old family photos into an album — do you want to look through them with me?",-0.027661574990382343,-0.03332320935235765,0.044678770652686745,0.03925879758381461
cg_040,4f5e7c90fbcd8923,There’s a box of family photos that could be organized into an album; would you like to look through them together now or later?,0.04615953763027892,0.05980899736868031,0.044678770652686745,0.03925879758381461
cg_040,482fd02b4a0b814d,We could put those old photos into an album at some point — would you like to look through the box with me?,-0.02244061583103433,-0.014335899318212136,0.044678770652686745,0.03925879758381461
cg_040,8f6055e3223b04b3,That box of old family photos could be organized into an album; would you like to spend some time looking through them with me?,-0.0007758572212756805,0.02812934450154938,0.044678770652686745,0.03925879758381461
cg_040,f4c920027caf760d,The box of old photos is available to sort into an album; would you like to go through them with me now?,-0.04018761181093841,-0.023121224918413587,0.044678770652686745,0.03925879758381461
cg_040,2bd50b0fd8770944,There’s a box of old family photos we could sort into an album — do you want to look through it together?,0.0016338392109057388,-0.019219890098715157,0.044678770652686745,0.03925879758381461
cg_040,0b7eadfa4054945b,We could start putting those family photos into an album whenever you want; would you like to look through them with me?,0.0033001810015038458,0.027842799377049265,0.044678770652686745,0.03925879758381461
cg_040,d6fa2c1f5439c468,That box of old photos could be organized into an album; would you like to look through them together sometime?,0.01282767857849905,-0.014117981994493335,0.044678770652686745,0.03925879758381461
cg_040,662951bde2ccd235,"If you want, we could go through the box of family photos and sort them into an album — would you like to do that with me?",-0.011683497443454906,0.02141760512229291,0.044678770652686745,0.03925879758381461
cg_040,23757edfbfff4bd2,The box of family photos is here to be sorted into an album; would you like to look through them together?,0.007543548359705811,-0.007215009968265511,0.044678770652686745,0.03925879758381461
cg_040,eaa5616df00a37d7,We could arrange the family photos into an album if you feel like it — want to look through the box together?,-0.009784441491467745,0.011345684616005276,0.044678770652686745,0.03925879758381461
cg_040,547b0d3745e57287,That box of old family photos could be put into an album; would you like to sit with me and go through them?,0.059561787781220704,-0.061016258755154235,0.044678770652686745,0.03925879758381461
cg_040,721add1622fd2bda,"If you'd like, we could organize those photos into an album — do you want to look through the box with me?",0.003799794072544726,0.01740285931300101,0.044678770652686745,0.03925879758381461
cg_040,e08905c3dc105af9,There’s a box of old family pictures we could organize into an album; want to look through them with me now or later?,-0.05648169094034648,0.10545876987135663,0.044678770652686745,0.03925879758381461
cg_040,bf6eb74c3895201a,We could sort those photos into an album when you're ready — would you like to look through the box together?,-0.002307428953697047,0.012058231854785443,0.044678770652686745,0.03925879758381461
cg_040,28fe6364be47d356,"That box of old family photos is here; there's no hurry, but would you like to look through them with me sometime?",-0.0046083972692800455,-0.008402203736080676,0.044678770652686745,0.03925879758381461
cg_040,b2f3adab16c0c915,"If it sounds good to you, we could organize the family photos into an album — do you want to go through them together?",0.05734631903311088,0.008212229076575542,0.044678770652686745,0.03925879758381461
cg_040,62834559c76a1661,The box of photos could be organized into an album; would you like to look through it with me?,-0.0214844164352571,0.05055394395392189,0.044678770652686745,0.03925879758381461
cg_040,fde4f26aa373d407,We could sort the family photos into an album whenever you want — would you like to look through the box with me now?,-0.029191076144591946,0.04131517163482748,0.044678770652686745,0.03925879758381461
cg_040,01f2f7335978e6f6,That box of photos can be put into an album; would you like to sit together and look through them?,0.11399535565155819,-0.08334656350723854,0.044678770652686745,0.03925879758381461
cg_040,dc453ce2e35b1067,There’s a box of old family photos available to sort into an album — would you like to go through them with me?,-0.030767215877417993,-0.008749135018873054,0.044678770652686745,0.03925879758381461
cg_040,4de4d98ee4bc097f,"There's a box of old family photos—if you'd like, we can start sorting them into an album together; would you like to look through them now or later?",-0.003386850136108146,0.03794731483452156,0.044678770652686745,0.03925879758381461
cg_041,f4dfb63cff0e04ba,There's a replacement TV remote available—would you like me to set it up now or leave it for another time?,0.05078797109423877,-0.024269758844782725,0.044678770652686745,0.03925879758381461
cg_041,5d83c44e27039f75,I've got the new remote; would you like help setting it up now or would you rather do it later?,0.07946795527879513,0.026719974618064406,0.044678770652686745,0.03925879758381461
cg_041,99ab561466d50f5d,A replacement remote has arrived; do you want me to set it up now or wait until another day?,-0.019637203994513595,0.05737908638474336,0.044678770652686745,0.03925879758381461
cg_041,1a1fd9b3ae3c326e,The replacement TV remote is here—do you want me to hook it up now or save it for later?,0.07258006120210572,-0.04731936272677101,0.044678770652686745,0.03925879758381461
cg_041,827fda01fbb07cc8,"I can set up the replacement remote now if you'd like, or we can leave it for another time—what do you prefer?",0.03465569771654114,-0.0687840214250769,0.044678770652686745,0.03925879758381461
cg_041,472224c4e2b05b4d,The new remote is available; would you like me to get it working now or put it off until later?,0.034392136582937806,0.09560022276013846,0.044678770652686745,0.03925879758381461
cg_041,1ae1601e08f2eefb,There's a new TV remote ready—should I set it up now or leave it until you're ready?,0.16008550650780842,0.062136929000817735,0.044678770652686745,0.03925879758381461
cg_041,62ccc2ee73f08001,I have the replacement remote with me; do you want help setting it up now or later?,-0.08606938853835716,0.05401867038556299,0.044678770652686745,0.03925879758381461
cg_041,1598a64fbd6def5c,The replacement remote is here—would you prefer I set it up now or come back another time?,0.009662008135916132,-0.046754153465827786,0.044678770652686745,0.03925879758381461
cg_041,1ed58770980169a5,"I can help install the new remote now, or we can do it another time—what would you like?",0.04779270419135953,0.039489994489412164,0.044678770652686745,0.03925879758381461
cg_041,3eb992ff8f732e89,The replacement remote's available—do you want me to set it up for you now or later?,0.0459366929738822,-0.05039402492297222,0.044678770652686745,0.03925879758381461
cg_041,813838d548ff1aca,I brought the replacement remote; would you like me to set it up now or wait until another day?,-0.05948324468345539,0.002818045422877353,0.044678770652686745,0.03925879758381461
cg_041,b2916d2c1ba59cfd,We've got a replacement remote—do you want me to set it up now or hold off?,0.0334582814857917,-0.017796745117368003,0.044678770652686745,0.03925879758381461
cg_041,647d510aac1c132b,The new remote has arrived—do you want help putting it in place now or at another time?,0.04177070891692967,0.04399722091790399,0.044678770652686745,0.03925879758381461
cg_041,4c7be47a01d9f24f,The replacement remote is ready—shall I set it up now or leave it for later?,-0.0800406085678278,0.04820780173482829,0.044678770652686745,0.03925879758381461
cg_041,52624530c2fe502f,"I can help program the replacement remote now if you'd like, or we can do it later—what do you think?",-0.029110740064527033,-0.008250212954141706,0.044678770652686745,0.03925879758381461
cg_041,7dc88e2c9f9a2219,There's a replacement remote here—do you want me to take care of the setup now or later?,-0.011946226842593981,0.022364920965562647,0.044678770652686745,0.03925879758381461
cg_041,9daaaf43efce44cc,I have a replacement remote available; would you like me to set it up now or at a later time?,-0.06609173281180747,0.07900346057988128,0.044678770652686745,0.03925879758381461
cg_041,e568c3bd1ccb87c4,"The replacement remote is available—do you want me to set it up now, or would you rather wait?",-0.04621273079115125,-0.05540466076691517,0.044678770652686745,0.03925879758381461
cg_041,6d4f2154a7cbaad6,"I can set up the new remote for you now, or we can do it another time—what would you prefer?",0.17383239120429958,0.0006284032458303305,0.044678770652686745,0.03925879758381461
cg_041,350f5d1835080afe,The replacement TV remote is here—would you like me to help set it up now or leave it for later?,-0.03713029543135239,0.027067909704156633,0.044678770652686745,0.03925879758381461
cg_041,54e17d2b5a2704d2,I brought the replacement remote—should I set it up now or would you prefer to do it later?,-0.03655147919966209,-0.0934758579343081,0.044678770652686745,0.03925879758381461
cg_041,7c29841957fbfd59,The new remote's available; want me to set it up now or come back another time?,-0.017982668705823553,0.04927563817916049,0.044678770652686745,0.03925879758381461
cg_041,704175d0d57f5394,"The replacement remote is here—do you want me to help set it up now, or would you rather wait?",-0.029771182156268533,-0.023925535234247088,0.044678770652686745,0.03925879758381461
cg_041,1b4207af8959659f,I've got the replacement remote—do you want help setting it up now or should we leave it for later?,-0.07598301413720879,-0.005081772713080619,0.044678770652686745,0.03925879758381461
cg_041,b5bebd2563ed36c1,The replacement remote arrived—would you like me to set it up now or schedule it for another time?,-0.09512216666689369,0.0804165253637928,0.044678770652686745,0.03925879758381461
cg_041,4ef17ceaa4d428b7,The new remote is available—shall I set it up now or save it for later?,-0.004541475165984691,0.0828407633460663,0.044678770652686745,0.03925879758381461
cg_041,8315c270ad122b3a,"I can help set up the replacement remote now, or we can leave it until a better time—what do you prefer?",-0.0003004087908325716,0.004384062307176579,0.044678770652686745,0.03925879758381461
cg_041,c1831c4abaa46317,The replacement remote is ready—do you want me to set it up now or later on?,-0.02669112073499949,0.025746930658349258,0.044678770652686745,0.03925879758381461
cg_041,d7a959064f379f81,I have the replacement TV remote—would you like me to set it up now or at a different time?,-0.010683444555681093,0.04421801729298293,0.044678770652686745,0.03925879758381461
cg_041,ca969d1b295c46f3,There's a replacement remote here—would you like me to connect it now or leave it for another day?,0.020039686895420017,-0.07874621739521317,0.044678770652686745,0.03925879758381461
cg_041,f1778ac814943b91,The replacement remote is available—do you want me to get it working now or wait until later?,-0.061461991524223256,0.0327690624556736,0.044678770652686745,0.03925879758381461
cg_041,e64b2d7a56ccd267,I brought the new remote—do you want help setting it up now or would you prefer to do it another time?,0.038383257737904235,-0.0624856814428649,0.044678770652686745,0.03925879758381461
cg_041,ea1c2b631a124313,"If you'd like, I can set up the replacement remote now, or we can leave it for later—what would you like?",0.004869296897391472,-0.0429577804893721,0.044678770652686745,0.03925879758381461
cg_041,dd9180fdf64c88a0,"The replacement remote is here—should I set it up now, or would you rather I come back later?",-0.012093150905878251,-0.08225409779898535,0.044678770652686745,0.03925879758381461
cg_041,a9fe29c953518106,I've got a replacement remote—would you like me to set it up now or put it off?,0.05233029213593739,-0.004790393013561124,0.044678770652686745,0.03925879758381461
cg_041,23fc6195126558cb,The new TV remote is available—do you want me to set it up now or later?,0.04886580335245312,0.038469715237863134,0.044678770652686745,0.03925879758381461
cg_041,0076d7de421f0920,The replacement remote is ready—would you like help with the setup now or at another time?,-0.0982564607138151,0.07373609074552911,0.044678770652686745,0.03925879758381461
cg_041,71b3af231e82a8e7,The replacement remote's here—want me to set it up now or save it for later?,-0.011941162687852391,0.02676093818277117,0.044678770652686745,0.03925879758381461
cg_041,c51eb122e2bccd12,"I can set up the replacement remote now if you want, or we can do it some other time—what's your preference?",0.02020520547078722,-0.05409632487227657,0.044678770652686745,0.03925879758381461
cg_041,80bf2a053d6431ae,The replacement remote has arrived—do you want me to set it up now or leave it until later?,-0.03292904992958622,-0.006573997886178647,0.044678770652686745,0.03925879758381461
cg_041,324c955b827c8e61,"I have the replacement remote—would you like me to set it up now, or would you prefer to wait?",-0.055559897241832135,-0.01470208529626859,0.044678770652686745,0.03925879758381461
cg_041,c4105f10d069f87a,The replacement remote is available—do you want help setting it up now or would you rather do it later?,-0.01260061684464913,-0.04351483051378089,0.044678770652686745,0.03925879758381461
cg_041,6ebc5114aa0b5356,The new remote's here—should I set it up for you now or hold off until another time?,0.20271119365432638,0.03346394609680808,0.044678770652686745,0.03925879758381461
cg_041,00e9cb68b01e68db,"The replacement remote is here—do you want me to set it up now, or should we leave it for later?",-0.04865038768024391,-0.05288229325762505,0.044678770652686745,0.03925879758381461
cg_041,ec58e88ef6865ebf,The replacement remote's with me—would you like me to install it now or come back another time?,-0.007894812807528892,-0.07141589113297274,0.044678770652686745,0.03925879758381461
cg_041,9881d71e5c6a7137,I've brought the replacement TV remote; do you want me to set it up now or shall we leave it for another visit?,-0.1543985217308132,-0.16048032593456732,0.044678770652686745,0.03925879758381461
cg_041,5381aabe736a67a0,The new remote is here—do you want help getting it set up now or would you rather wait until later?,0.057308332470537425,0.06484169506320475,0.044678770652686745,0.03925879758381461
cg_042,1060a6f0a601d17d,I'm going to be away for several days and we need to arrange watering for the houseplants; how would you like to handle it?,-0.08592758875146905,0.09775558984886341,0.044678770652686745,0.03925879758381461
cg_042,cd91f21ef55ab47b,I'll be away for several days and the plants will need watering — what do you want to do about it?,-0.003787033659872114,0.046854487840099324,0.044678770652686745,0.03925879758381461
cg_042,63de2ea0f36aae5f,I'm going to be away for several days; we should make a plan for watering the houseplants. How would you like to handle it?,-0.010242745434026987,0.06252486025057691,0.044678770652686745,0.03925879758381461
cg_042,e2a1ff602d5c1306,I'll be away for several days. The houseplants need someone to water them — what do you think we should do?,-0.04023641481435307,0.011716208353999093,0.044678770652686745,0.03925879758381461
cg_042,596159947d537cd9,I'm going to be away for several days and the plants need watering; would you prefer to water them yourself or have someone else take care of it?,0.07878670421797115,-0.08500517449170229,0.044678770652686745,0.03925879758381461
cg_042,28538d87cda3c4b5,I'm going to be away for several days; how would you prefer we arrange the watering of your houseplants?,-0.0022475163179387064,0.014943871470045913,0.044678770652686745,0.03925879758381461
cg_042,2235997dd399b427,I'll be away for several days and we need to sort out plant watering — what would you like me to do about it?,-0.12364237932157118,0.0975350230960667,0.044678770652686745,0.03925879758381461
cg_042,1010ddbf8ad8411a,"I'm going to be away for several days; do you want to handle the plant watering, or would you like help arranging it?",-0.07745029760231699,0.033380509138349265,0.044678770652686745,0.03925879758381461
cg_042,3fd2c575adcf5a06,I'll be away for several days. The houseplants will need watering—how would you like to handle that while I'm gone?,0.04150412889006401,-0.013668789890508666,0.044678770652686745,0.03925879758381461
cg_042,41b14fe5d770e5d0,I'm going to be away for several days and the plants need watering; what's your preference for who waters them?,0.06602915743171037,-0.10802184203828596,0.044678770652686745,0.03925879758381461
cg_042,b1157ee8b6e10276,I'll be away for several days; we need to plan who will water the houseplants—what do you want to do?,-0.02937065199734483,0.05413464994248929,0.044678770652686745,0.03925879758381461
cg_042,be9d5557363bd0e5,"I'm going to be away for several days, so we need to decide about watering the plants—how would you like to handle it?",-0.0358720909595227,0.051149831731351736,0.044678770652686745,0.03925879758381461
cg_042,33b6f40a2268cb72,I'll be away for several days. The houseplants will need someone to water them; do you want to keep doing it yourself or have someone else help?,0.14440155695508688,-0.023406582919584813,0.044678770652686745,0.03925879758381461
cg_042,5a082d0bbe43b529,I'm going to be away for several days and the plants will need watering—would you rather handle it yourself or would you prefer I arrange someone?,-0.005555249636775254,-0.06100477690534386,0.044678770652686745,0.03925879758381461
cg_042,1e1688ae901edfdf,I'll be away for several days; how would you like the plant watering to be handled?,-0.008483325659342357,0.047780868005255994,0.044678770652686745,0.03925879758381461
cg_042,d32d4fd06c487608,I'm going to be away for several days; do you have a preference for who waters the plants while I'm gone?,0.10295512510397332,-0.18623762611059339,0.044678770652686745,0.03925879758381461
cg_042,28410619936f45fb,"I'll be away for several days and the plants need watering—what's your preference, you take care of it or we arrange someone?",-0.00039779682063995113,-0.027720759063271233,0.044678770652686745,0.03925879758381461
cg_042,3a0f6ef898b4fb89,I'm going to be away for several days; we should decide who will water the houseplants—how would you like to proceed?,-0.047733939020123885,-0.02148454851310643,0.044678770652686745,0.03925879758381461
cg_042,cc936a05d2647d68,I'll be away for several days and the houseplants will need watering; how would you like to handle that?,0.0259770052152702,0.06604182138156986,0.044678770652686745,0.03925879758381461
cg_042,cdc8bf409804cf56,I'm going to be away for several days; would you prefer to water the plants yourself or would you like me to arrange someone?,-0.004620748141912036,-0.08852717794039355,0.044678770652686745,0.03925879758381461
cg_042,6eb2357704dbb4de,I'll be away for several days. The plants need watering while I'm gone—what do you prefer we do?,0.03810749428375013,-0.03544327802235077,0.044678770652686745,0.03925879758381461
cg_042,f3cd642d103130b6,I'm going to be away for several days; what would you prefer regarding the watering of your houseplants?,0.08300041285055182,-0.018541477767211188,0.044678770652686745,0.03925879758381461
cg_042,04b72fc5b96b2189,I'll be away for several days. We should make a plan for the plant watering — how do you want to handle it?,-0.08094159785386565,0.08861097515084337,0.044678770652686745,0.03925879758381461
cg_042,b0bb26298cdca1bb,I'm going to be away for several days and we need to arrange watering for the houseplants; how would you like to handle this?,-0.10045293029725205,0.09000129182541453,0.044678770652686745,0.03925879758381461
cg_042,5d12bbc0cf30561c,I'll be away for several days and the plants will need watering; would you like to tell me how you want to handle it?,0.023391265596990566,0.061184441788742355,0.044678770652686745,0.03925879758381461
cg_042,1fd496e3451119d8,I'm going to be away for several days; let's make a plan for watering the plants—what would you like?,0.03414003077544118,0.029483912733355763,0.044678770652686745,0.03925879758381461
cg_042,3b95d14accf81adf,I'll be away for several days. The houseplants need someone to water them—how would you prefer we take care of that?,-0.00492628111627506,-0.0019457491118864498,0.044678770652686745,0.03925879758381461
cg_042,58c72011eb539bb2,I'm going to be away for several days and the plants will need watering — who would you like to arrange to water them?,-0.06795990791757259,-0.021386285778998645,0.044678770652686745,0.03925879758381461
cg_042,7e22019c56d0c44a,I'll be away for several days; would you rather I line up someone to water the plants or would you prefer to handle it?,0.08143521003248141,-0.11322494950842413,0.044678770652686745,0.03925879758381461
cg_042,6a77702369f4f613,I'm going to be away for several days and the plants will need watering—what's your preference for handling that?,0.00033470517998489095,-0.0033473353840870823,0.044678770652686745,0.03925879758381461
cg_042,51d0149923233b10,I'll be away for several days; the houseplants need watering while I'm gone—how would you like it handled?,0.04105241392989687,0.003195086014387243,0.044678770652686745,0.03925879758381461
cg_042,876d1319fc11a5b2,I'm going to be away for several days; how do you want to handle watering the houseplants while I'm away?,0.07623849120309954,0.0381564018066422,0.044678770652686745,0.03925879758381461
cg_042,7b63ecd85d8614d7,I'll be away for several days. We need to sort out how to water the plants—how would you prefer to proceed?,-0.13419674391037406,0.05588692028718798,0.044678770652686745,0.03925879758381461
cg_042,550b5dff29c2990b,I'm going to be away for several days; would you like to keep watering the plants yourself or would you prefer help arranging someone?,0.04266579682387863,-0.04558968402796948,0.044678770652686745,0.03925879758381461
cg_042,e6e7ee6c88c97e66,"I'll be away for several days, and the plants will need watering; what would you like to do about it?",-0.005577200309914345,0.047457341004174744,0.044678770652686745,0.03925879758381461
cg_042,e554bb2c2c82385a,I'm going to be away for several days; we should arrange watering for the houseplants—how would you like to handle that?,-0.05242116229408858,0.047262099300389056,0.044678770652686745,0.03925879758381461
cg_042,55b5e28b36af8ec7,I'll be away for several days; how would you like to handle the plants' watering in my absence?,0.0037852951997368878,0.0022541602378293533,0.044678770652686745,0.03925879758381461
cg_042,27c304933e9a5be0,I'm going to be away for several days and the plants will need watering — how would you prefer we handle it while I'm gone?,-0.015730146902379692,-0.028884303825858836,0.044678770652686745,0.03925879758381461
cg_042,e1611f1582884cd5,"I'll be away for several days; do you want to water the plants yourself while I'm gone, or would you prefer assistance?",0.07196271275769141,-0.10493983332403536,0.044678770652686745,0.03925879758381461
cg_042,a2ba7e69c24dfa41,"I'm going to be away for several days; who do you think should water the plants while I'm gone, and how would you like to handle that?",0.05865887459829562,-0.06490635367495712,0.044678770652686745,0.03925879758381461
cg_042,a5b5b5c781eb02dc,I'll be away for several days and we need to make a plan for watering the houseplants—what's your preference?,-0.048599751652477874,0.035982728564065605,0.044678770652686745,0.03925879758381461
cg_042,85448b60f99a317b,I'm going to be away for several days; how would you like us to manage the plant watering while I'm gone?,-0.02445161473134163,0.0069716454734017955,0.044678770652686745,0.03925879758381461
cg_042,4805866a234eeb0a,"I'll be away for several days, so the plants will need watering—what do you want to do about it?",-0.00925372187129745,0.06227363380232708,0.044678770652686745,0.03925879758381461
cg_042,7ad5eaf2beb6c68f,I'm going to be away for several days; do you want to keep taking care of the plants' watering or shall we find someone else?,0.07767695484169143,-0.12100517579407556,0.044678770652686745,0.03925879758381461
cg_042,3dbd6b903d35c908,I'll be away for several days and the houseplants will need watering; how would you like to decide who does it?,0.051867510727461916,0.0017033371875251856,0.044678770652686745,0.03925879758381461
cg_042,b3d83858a2cb5612,I'm going to be away for several days; what's your preference for handling the houseplants' watering in my absence?,0.03410159487876285,-0.06662754213972188,0.044678770652686745,0.03925879758381461
cg_042,28c8e2289302dfaa,I'll be away for several days; we need to decide who waters the plants—what would you like to do?,-0.007016477316065848,-0.0022611988132244763,0.044678770652686745,0.03925879758381461
cg_042,dc6d46b88182d416,I'm going to be away for several days and the plants will need watering; how would you like to arrange that?,-0.1509771271836773,0.08893874881063739,0.044678770652686745,0.03925879758381461
cg_043,5f4460593459157a,There’s a delivery expected later this week with a broad arrival window and someone needs to be present—which arrangement works for you?,0.052033546874131587,0.014016967749067601,0.044678770652686745,0.03925879758381461
cg_043,6166438bda93db3c,A delivery is coming later this week during a broad arrival window and someone has to be there; which option suits you?,0.03416249966204133,-0.05140980176254594,0.044678770652686745,0.03925879758381461
cg_043,741df479b95e00e1,We’re expecting a delivery later this week that requires someone to be home during a broad arrival window—what arrangement would you prefer?,-0.06172257817207669,-0.03669088216041681,0.044678770652686745,0.03925879758381461
cg_043,1d2bd22852c102ee,A delivery will arrive sometime later this week in a wide arrival window and someone must be present; how would you like to handle it?,0.057891648103660244,0.032501601639114856,0.044678770652686745,0.03925879758381461
cg_043,a9b75a15844a04ff,Someone needs to be present for a delivery expected later this week during a broad window—what arrangement do you want?,0.10354244999522205,0.06332826745702737,0.044678770652686745,0.03925879758381461
cg_043,bfc0c7705ab405d7,"There’s a delivery scheduled for later this week with a broad arrival window; since someone needs to be there, which arrangement works best for you?",0.034297827652779306,0.022735174987767077,0.044678770652686745,0.03925879758381461
cg_043,a33e3e9ff52d279f,A delivery will come later this week in a broad window and someone needs to be present—what would you prefer we do?,0.11196931173607523,0.048070396078962976,0.044678770652686745,0.03925879758381461
cg_043,b3262c270f5ffcdc,We have a delivery expected later this week that requires someone to be at home during a broad arrival window; which arrangement do you prefer?,-0.02826453332575412,-0.01630615583783487,0.044678770652686745,0.03925879758381461
cg_043,207d4fbf72c1d4da,The delivery is due later this week with a broad arrival window and someone needs to be present—how would you like to arrange it?,-0.16436302558363558,0.07132994919058452,0.044678770652686745,0.03925879758381461
cg_043,48fb9505705093a8,Someone must be present for a delivery expected later this week in a broad arrival window—what arrangement would you like?,-0.013657165881011735,-0.002736298080349406,0.044678770652686745,0.03925879758381461
cg_043,a52ed44278129839,There’s a delivery coming later this week; it has a broad arrival window and requires someone to be there—what arrangement works for you?,0.09373949321294299,-0.05176988437635328,0.044678770652686745,0.03925879758381461
cg_043,0b2f57915fc8a154,A delivery with a broad arrival window is expected later this week and needs someone to be present—which arrangement would you choose?,-0.04878555890012217,-0.020438089645847233,0.044678770652686745,0.03925879758381461
cg_043,74341ecd3e91789c,We’re expecting a delivery later this week that needs someone there during a broad window—what arrangement do you prefer?,0.058613317726865635,-0.07316743853704086,0.044678770652686745,0.03925879758381461
cg_043,ee255ae31b0429ea,"A delivery is due later this week, arriving within a broad window; someone needs to be present—what arrangement do you want?",0.04840431962787884,0.010191928767734688,0.044678770652686745,0.03925879758381461
cg_043,c3901cf31ff013ee,Someone needs to be at home for a delivery coming later this week during a broad arrival window—what arrangement suits you?,0.09361871504214116,0.008124377654685924,0.044678770652686745,0.03925879758381461
cg_043,da15cd2c204a4428,There will be a delivery later this week with a broad arrival window and it requires someone to be present—how would you like to handle it?,0.05244775784967523,-0.027593117618067632,0.044678770652686745,0.03925879758381461
cg_043,29fd16d37ccc3bc5,A delivery requiring someone to be present is expected later this week in a broad window—what arrangement would you like to pick?,0.07828624903618003,0.0662929422396049,0.044678770652686745,0.03925879758381461
cg_043,b60bf9b16a306477,We have a delivery expected later this week that needs someone present during a broad arrival window—what arrangement works for you?,-0.0032784343714927777,-0.002169843900624865,0.044678770652686745,0.03925879758381461
cg_043,10ba03ea61b585c9,A delivery is expected later this week in a broad arrival window and someone must be available—what arrangement do you prefer?,-0.06333965949665299,0.01352170695878751,0.044678770652686745,0.03925879758381461
cg_043,e5fbb5e8d031f03b,There’s a delivery later this week with a broad arrival window; someone needs to be present—what arrangement would you like?,-0.013773255086474201,-0.07946139804840961,0.044678770652686745,0.03925879758381461
cg_043,a645e28acb4b0597,The delivery is scheduled for later this week within a broad arrival window and someone has to be there—what would you prefer?,-0.07289655119499407,0.03568546027911551,0.044678770652686745,0.03925879758381461
cg_043,ea5663d3a6680ade,We’re due a delivery later this week that requires someone to be present during a broad arrival window—how would you like to arrange that?,-0.08968331532578963,-0.0035998710010080688,0.044678770652686745,0.03925879758381461
cg_043,ac7204f3c5ce8e81,A delivery will arrive later this week during a broad window and needs someone at home—what arrangement do you want?,0.04879556721485183,0.04048200128227783,0.044678770652686745,0.03925879758381461
cg_043,3404e5482bc7072d,Someone needs to be present for a delivery later this week that has a broad arrival window—what arrangement do you prefer?,0.023236385423574844,-0.05871217297756149,0.044678770652686745,0.03925879758381461
cg_043,c5c62dcb21b15bd8,There’s a delivery later this week with a broad arrival window and it requires someone to be there—what would work best for you?,0.1298819027369608,-0.04866679590930468,0.044678770652686745,0.03925879758381461
cg_043,d9158e7a23df3c0f,A delivery is expected later this week within a broad arrival window and someone needs to be present—which arrangement should we go with?,-0.12018871803363398,0.06523260385666468,0.044678770652686745,0.03925879758381461
cg_043,050a659542ec8f05,We’ve got a delivery coming later this week with a broad arrival window and someone must be present—what arrangement would you like?,-0.053083437053841234,-0.01298339310975093,0.044678770652686745,0.03925879758381461
cg_043,f1ce2e2be7c85976,A delivery that needs someone present is due later this week during a broad window—how would you like to handle the timing?,0.0782206700118735,0.30679551597967436,0.044678770652686745,0.03925879758381461
cg_043,26511c01794c8f5b,Someone has to be present for a delivery expected later this week in a broad arrival window—what arrangement do you prefer?,0.02748469626182579,-0.020470070027859034,0.044678770652686745,0.03925879758381461
cg_043,37a997b4afdb93e3,There will be a delivery later this week with a broad arrival window and it requires someone to be at home—what arrangement works for you?,0.09869394530386835,0.01746322318160019,0.044678770652686745,0.03925879758381461
cg_043,2f2716e2a09fa3a4,A delivery is coming later this week during a broad arrival window and needs someone there—what arrangement would you like to choose?,-0.05627283908520761,-0.08632725704763586,0.044678770652686745,0.03925879758381461
cg_043,7f218a3810ebf622,Someone needs to be present for a delivery expected later this week with a broad arrival window—what arrangement would you prefer?,-0.0281465346517425,-0.010559111527085678,0.044678770652686745,0.03925879758381461
cg_043,eb16088ba11ca8b3,We’re expecting a delivery later this week that requires someone to be present during a broad arrival window—how would you like to arrange it?,-0.08714956667914006,0.0021634482950412754,0.044678770652686745,0.03925879758381461
cg_043,89ba3ab0e4259858,A delivery will arrive later this week with a broad arrival window and it requires someone to be present—what would you prefer we do?,0.0011991071003943973,-0.023443516404840388,0.044678770652686745,0.03925879758381461
cg_043,b7d9c4fc94064d2a,There’s a delivery due later this week during a broad arrival window and someone needs to be at home—what arrangement do you want?,0.010282067562989435,-0.020646416457577085,0.044678770652686745,0.03925879758381461
cg_043,f33cf87a70902c6a,We have a delivery later this week in a broad arrival window and someone must be present—what arrangement suits you best?,-0.008964318396794502,-0.03741182758579695,0.044678770652686745,0.03925879758381461
cg_043,8de05b7bd489c6ae,A delivery expected later this week has a broad arrival window and requires someone to be present—what arrangement would you like?,-0.0940279871010923,-0.04048301307846902,0.044678770652686745,0.03925879758381461
cg_043,faa7ede144dcc130,Someone needs to be present for a delivery coming later this week in a broad arrival window—what arrangement would you pick?,0.01944316077282987,-0.014194354346603747,0.044678770652686745,0.03925879758381461
cg_043,c46f4648e7ee4479,The delivery is coming later this week within a broad arrival window and someone needs to be there—which arrangement would you prefer?,-0.06578695888197314,-0.05237365985669504,0.044678770652686745,0.03925879758381461
cg_043,cfe028635643076f,A delivery requiring someone to be present is expected later this week in a broad arrival window—what arrangement works for you?,0.04922141097490134,0.04369480200455052,0.044678770652686745,0.03925879758381461
cg_043,20f8eb7f87d155b7,There’s a delivery later this week that needs someone present during a broad arrival window—how would you like to handle the arrangements?,-0.009647817713661064,-0.04814707656222003,0.044678770652686745,0.03925879758381461
cg_043,e777e12421b4b622,A delivery is scheduled later this week with a broad arrival window and someone must be there—what arrangement do you want to go with?,-0.08867294400662597,0.02374456205895213,0.044678770652686745,0.03925879758381461
cg_043,00e90e47ad574ed8,We’re expecting a delivery later this week that will arrive during a broad window and needs someone present—what arrangement would you like to choose?,0.004429350969790136,-0.0013053699205117066,0.044678770652686745,0.03925879758381461
cg_043,5ec95f2ecaa40e9b,Someone needs to be present for a delivery arriving later this week during a broad arrival window—what arrangement would you prefer?,-0.007916341671962996,-0.044349923890511685,0.044678770652686745,0.03925879758381461
cg_043,e6df17257958c10d,There will be a delivery later this week with a broad arrival window and someone needs to be at home—what arrangement would you like?,-0.02002928950708927,0.004446596677630339,0.044678770652686745,0.03925879758381461
cg_043,edc84ac2f20209ef,A delivery is due later this week and it requires someone to be present during a broad arrival window—what arrangement works best for you?,-0.008255203202977738,0.040264851878677774,0.044678770652686745,0.03925879758381461
cg_043,67196aa284e2336f,We have a delivery expected later this week with a broad arrival window that requires someone to be present—what arrangement would you prefer?,-0.10198936752970779,-0.04466963854660036,0.044678770652686745,0.03925879758381461
cg_044,d796510b775fbfd4,The library is having an optional talk next week on a topic I thought you might like—would you be interested in going?,-0.0957798522963906,-0.020602636997130136,0.044678770652686745,0.03925879758381461
cg_044,0a18384462748f65,There's an optional talk at the local library next week on something you may find interesting; do you want to attend?,0.0036189785488687023,-0.0044339467908321335,0.044678770652686745,0.03925879758381461
cg_044,71e128f47a9e6edc,Next week the library is hosting an optional talk about a topic I think you might enjoy—would you like to go?,-0.005297706221607851,-0.02192529761833048,0.044678770652686745,0.03925879758381461
cg_044,0119e8163bdedcb0,I noticed the library has an optional talk next week on a subject you might be interested in; are you interested in attending?,-0.06607131381666476,0.017034533892273204,0.044678770652686745,0.03925879758381461
cg_044,68a312f7406091ff,The local library is putting on an optional talk next week that sounds like something you'd like—do you want to go?,-0.019102854087452,-0.04666421330937294,0.044678770652686745,0.03925879758381461
cg_044,dae5635ab8675278,Would you be interested in attending an optional library talk next week about a topic I thought might appeal to you?,0.023179393930423123,0.05407096931098345,0.044678770652686745,0.03925879758381461
cg_044,6dc42333abf1482b,The library's hosting an optional talk next week on a topic I thought might interest you—do you feel like attending?,0.024516389523566266,-0.024702205205134446,0.044678770652686745,0.03925879758381461
cg_044,fba129156a827372,There's an optional talk at the library next week on something you may enjoy; would you like to go?,0.05319312079579365,-0.04980075265951867,0.044678770652686745,0.03925879758381461
cg_044,0dd78cee104be928,I saw that the local library has an optional talk next week about a topic you might find interesting—are you up for attending?,-0.02840723039102925,0.04162251007220458,0.044678770652686745,0.03925879758381461
cg_044,3f16489aebcce524,The library is offering an optional talk next week on a subject I thought you'd like—would you be interested in going?,-0.06633682955976865,-0.0195097544760002,0.044678770652686745,0.03925879758381461
cg_044,b9738eabb8d359e3,I noticed an optional talk at the library next week about something you might enjoy; do you want to attend it?,0.04831572394221155,-0.11520037301598343,0.044678770652686745,0.03925879758381461
cg_044,bec663d833c26821,There's an optional talk at the library next week on a topic that might interest you—do you want to go see it?,0.0955615197235136,-0.0064077807591257155,0.044678770652686745,0.03925879758381461
cg_044,01fdb9a142700050,The library's putting on an optional talk next week that seems like it could interest you—would you like to attend?,-0.01587328803473412,0.016386260940333776,0.044678770652686745,0.03925879758381461
cg_044,cc409f48669b7cad,Would you like to attend an optional talk at the library next week about a topic I thought you might enjoy?,0.07316451834471072,0.05550926445883379,0.044678770652686745,0.03925879758381461
cg_044,9f5bee34c209e260,The local library has an optional talk next week on a topic you may find interesting—are you interested in going?,-0.07471916122812218,0.03350217078664885,0.044678770652686745,0.03925879758381461
cg_044,fc98baec46606585,I thought you'd like to know there's an optional library talk next week on a topic you might enjoy; would you want to go?,0.044954874392475,0.017068573663928065,0.044678770652686745,0.03925879758381461
cg_044,af2c121f4006e77c,There's an optional talk at the library next week that sounded like something you'd be interested in—want to go?,0.002671963557235993,-0.06297313613490443,0.044678770652686745,0.03925879758381461
cg_044,852d4f57240e1c5c,The library will be hosting an optional talk next week on a topic I think you might like—do you want to attend?,-0.018925948705449863,0.06529763113823835,0.044678770652686745,0.03925879758381461
cg_044,9c710260ba0273e3,I came across an optional library talk next week on a topic you may find interesting—are you interested in attending?,-0.03934431300686983,0.022492475402072228,0.044678770652686745,0.03925879758381461
cg_044,5cf094575e0d4692,The library's hosting an optional talk next week about something I thought you might enjoy—do you want to go?,0.00428079463119757,-0.09112509580688154,0.044678770652686745,0.03925879758381461
cg_044,6c2fc407dbf1aaa8,Do you want to attend an optional library talk next week on a topic you might find interesting?,0.045795126868467304,0.09038605825977895,0.044678770652686745,0.03925879758381461
cg_044,db6453a8cbc3e702,I wanted to tell you about an optional talk at the library next week on a subject you might like—would you be interested in going?,0.014967643114891021,-0.022658615847483164,0.044678770652686745,0.03925879758381461
cg_044,23144667d66744c8,There's an optional talk at the library next week that could interest you—would you like to go see it?,0.03743870422002035,-0.008766494729461116,0.044678770652686745,0.03925879758381461
cg_044,d21385bef7c9d5c2,The local library is holding an optional talk next week about a topic you might enjoy—are you interested in attending?,-0.03009659301511089,0.036283301971251125,0.044678770652686745,0.03925879758381461
cg_044,f783ee485fb9eaf9,I saw an optional talk at the library next week on a topic that might appeal to you—do you want to go?,0.07230352072642551,-0.16687460416432479,0.044678770652686745,0.03925879758381461
cg_044,239e21dd5f5c8de5,There's an optional talk next week at the library on something I thought you'd find interesting—would you like to attend?,0.01669715906139453,-0.005426470288353698,0.044678770652686745,0.03925879758381461
cg_044,76b062307f4e1758,The library has an optional talk next week on a topic you may enjoy—are you interested in going?,-0.02914947733343632,0.027132912711404267,0.044678770652686745,0.03925879758381461
cg_044,3203f5209ca24767,Would you like to go to an optional talk at the library next week about a topic I thought might interest you?,0.05595691066207785,0.060041550180688213,0.044678770652686745,0.03925879758381461
cg_044,5d214e885219487c,I came across an optional library talk next week about a topic you might enjoy—would you be interested in going?,-0.019297535827741935,-0.019135135191280638,0.044678770652686745,0.03925879758381461
cg_044,32bc1e82f6d2378d,The library is running an optional talk next week on a subject I thought might appeal to you—do you want to attend?,-0.0068562271090038,0.023749674619319573,0.044678770652686745,0.03925879758381461
cg_044,720194715c776172,There's an optional talk at the local library next week on something you might find interesting—would you like to go?,-0.0019614703565530084,-0.0418219463808858,0.044678770652686745,0.03925879758381461
cg_044,74923ccc04d487c6,I thought you might want to know the library has an optional talk next week on a topic you may enjoy—are you interested in going?,-0.06387131626884429,0.0074384729715727405,0.044678770652686745,0.03925879758381461
cg_044,e4ccccaa245a5a7c,Are you interested in attending an optional talk at the library next week on a topic I thought you might like?,0.05197922265929784,0.05759557446769607,0.044678770652686745,0.03925879758381461
cg_044,a7ce91ca23fafc73,The library's got an optional talk next week on a subject I think you'd enjoy—would you be interested in attending?,-0.012726260620350458,0.0220025434593002,0.044678770652686745,0.03925879758381461
cg_044,febd2f091e45afee,There's an optional talk at the library next week about something you may find interesting—would you like to come?,0.04280055938810182,-0.003216434578854425,0.044678770652686745,0.03925879758381461
cg_044,230a2fe1306ed5c0,I noticed the library is hosting an optional talk next week on a topic you might enjoy—do you want to go to it?,-0.0010199428212861825,-0.009723115512868252,0.044678770652686745,0.03925879758381461
cg_044,401d5bf0f8ce99ce,The local library is hosting an optional talk next week on a topic I thought might interest you—are you up for attending?,-0.011722756936671734,0.0674696072097104,0.044678770652686745,0.03925879758381461
cg_044,5662e0ea1e9ee48a,Would you be interested in going to an optional talk at the library next week about a topic you might enjoy?,0.04719299538867794,0.06147370596688712,0.044678770652686745,0.03925879758381461
cg_044,12262720705416dd,There's an optional talk at the library next week on a topic you might like—do you want to go along?,0.1045776389622112,0.03397502717158587,0.044678770652686745,0.03925879758381461
cg_044,edb8f6c63c3caba7,I wanted to let you know the library is hosting an optional talk next week about something you may find interesting—would you like to attend?,-0.06284076035999409,0.059771886817429884,0.044678770652686745,0.03925879758381461
cg_044,c29984b83b8dada0,The library has an optional talk next week that I thought might interest you—are you interested in going?,-0.07368673779077076,-0.023940043297882317,0.044678770652686745,0.03925879758381461
cg_044,9841614a3da20fea,Next week the library is holding an optional talk on a topic you might find interesting—do you want to go to it?,0.023019339003656436,-0.01904160992609361,0.044678770652686745,0.03925879758381461
cg_044,09baea51567f19b4,I saw the local library is hosting an optional talk next week about something you may enjoy—would you be interested in going?,-0.10879130566290329,-0.06542376978218165,0.044678770652686745,0.03925879758381461
cg_044,4d1f97cd58e170f8,There's an optional talk at the library next week on a subject I thought might appeal to you—do you want to attend?,0.05489265646018529,-0.03879027044715949,0.044678770652686745,0.03925879758381461
cg_044,c74cf9f5c53951ff,The library will be hosting an optional talk next week on something you might like—would you be interested in attending?,-0.05921808218566438,0.08260081973496008,0.044678770652686745,0.03925879758381461
cg_044,035afdb96d4ab2bc,I found out the library is having an optional talk next week on a topic you may enjoy—do you want to go?,-0.020750163937049516,-0.05309752784926415,0.044678770652686745,0.03925879758381461
cg_044,e957141a930d4a6c,The library's hosting an optional talk next week on a topic I thought you might find interesting—would you like to go?,-0.00923162633193328,-0.011644294437793645,0.044678770652686745,0.03925879758381461
cg_045,b7e29d2fcfef6951,We need to move our family video call—do you prefer the first of the two new times or the second?,0.028622071242944247,-0.12495896742759804,0.044678770652686745,0.03925879758381461
cg_045,71cef44093ddc01b,The family video call time has to change; which of the two alternative times would you like?,0.03797757475373427,0.0964435302068603,0.044678770652686745,0.03925879758381461
cg_045,3b8b1ae353c0d3bc,Our usual video call slot needs to be changed—which of these two times works better for you?,0.06434957358671975,-0.0703479662734924,0.044678770652686745,0.03925879758381461
cg_045,9c998873cf7d8247,The family wants to shift the call to a different time; do you prefer option one or option two?,-0.03693412554829398,-0.12209685287998319,0.044678770652686745,0.03925879758381461
cg_045,f165aae37d2e6731,We have to pick a new time for the family video call—would you rather have it at the first alternative or the second?,0.11949951227414872,-0.04528271062504096,0.044678770652686745,0.03925879758381461
cg_045,890fbff797776822,The call can't stay at the usual time—which of the two new time options do you prefer?,-0.043041939682965574,0.10830537612512753,0.044678770652686745,0.03925879758381461
cg_045,fbf1baf48f45b455,The family call needs to be moved; which of the two suggested times suits you best?,-0.03468430285347124,-0.04906975381404479,0.044678770652686745,0.03925879758381461
cg_045,b268095061492721,We need to change when we do the video call—do you prefer the earlier option or the later one between the two?,0.017296783536032225,-0.16189680815410037,0.044678770652686745,0.03925879758381461
cg_045,54358473aa745df6,We have two alternate times for the family video call—do you have a preference for the first or the second?,0.11565561608725229,-0.05566456863098844,0.044678770652686745,0.03925879758381461
cg_045,db5d3d1c70ae6dca,The usual time needs to be adjusted; which of these two new times do you prefer?,0.06440661964499421,0.15081829612270672,0.044678770652686745,0.03925879758381461
cg_045,1d27c26991f6d3cd,We need to change the family video call slot—which of the two options works for you?,-0.03415672306548334,-0.08729644586258836,0.044678770652686745,0.03925879758381461
cg_045,fa77d98afa0756ae,The family is switching the call time—do you prefer the first alternative or the second?,-0.05338860974001569,-0.02756129164205432,0.044678770652686745,0.03925879758381461
cg_045,8a46722c90a229e1,We need to pick one of two new times for the video call—do you prefer the first or second option?,0.12152286094100911,-0.03357364986883715,0.044678770652686745,0.03925879758381461
cg_045,7cd72e5508bae2df,"The call will be at a different time this week—between the two alternatives, which do you prefer?",-0.00126909378560211,0.015027497909439032,0.044678770652686745,0.03925879758381461
cg_045,cc54cfe365f0016e,Our family video call needs to move—which of the two proposed times would you choose?,-0.07022130569073848,-0.10576024634833886,0.044678770652686745,0.03925879758381461
cg_045,9cebe596aaad8adc,The time for the family video call has to change—which of the two suggested times do you prefer?,0.022625650846223182,0.05689529179367625,0.044678770652686745,0.03925879758381461
cg_045,4cd4b4d5b136f1fa,We need to reschedule the family video call—do you prefer the first alternative time or the second?,-0.07108165987806334,0.12027132731805318,0.044678770652686745,0.03925879758381461
cg_045,334616f564eb4c9b,The regular video call time needs changing; which of the two options would you rather?,-0.05012367382827902,0.0886305460270041,0.044678770652686745,0.03925879758381461
cg_045,5eca9cdd04967644,We have two new times available for the family call—do you like the first one or the second one better?,0.021493020913449887,-0.024864743760927826,0.044678770652686745,0.03925879758381461
cg_045,f56dba46bffae6e2,The family wants to change the call time—which of the two alternatives fits your schedule?,-0.1515929074398315,0.1926670032393431,0.044678770652686745,0.03925879758381461
cg_045,5ab044000fec7003,We need to change the time we have our family video call—do you prefer option A or option B?,-0.038889793723146195,-0.007324940064076646,0.044678770652686745,0.03925879758381461
cg_045,6f7ef687740195b0,"The usual time won't work and needs to be moved—between these two alternatives, which do you prefer?",-0.007798180116060087,0.02608455430123025,0.044678770652686745,0.03925879758381461
cg_045,c31ed52453ddfea5,We need to shift our family call to a new time—which of the two options would you prefer?,-0.05556370180363804,-0.05810196842356376,0.044678770652686745,0.03925879758381461
cg_045,9cc72131a6be2ad5,We need to change our usual video call time—do you have a preference between the two new times?,-0.013115054114051549,0.04871121036608042,0.044678770652686745,0.03925879758381461
cg_045,940775fa180cbef7,The family video call has to be moved—would you rather take the first alternative or the second?,0.07472547740961435,-0.23967853939935133,0.044678770652686745,0.03925879758381461
cg_045,ccbbcc55ec5d7d4b,We need to pick a different time for the family video call—which of the two alternatives works best for you?,0.0572971296750086,0.10772777433462065,0.044678770652686745,0.03925879758381461
cg_045,28137b2abb691241,The regular call time needs to be changed—do you prefer the first option or the second option?,-0.12865795794023432,0.0494446476637395,0.044678770652686745,0.03925879758381461
cg_045,0558e3b3ebd921ec,We need to move the family video call to one of two times—do you have a preference for either one?,0.05046568883993854,-0.19174263626892782,0.044678770652686745,0.03925879758381461
cg_045,1a5f6afcb44ff638,The family call time is changing—which of the two proposed times would you prefer?,-0.07662533062641477,0.07007094677806133,0.044678770652686745,0.03925879758381461
cg_045,2cd2ac7dd569762c,We need to change the time of our video call; would you choose the first of the two options or the second?,-0.053362081366172404,0.07377009672775889,0.044678770652686745,0.03925879758381461
cg_045,de6ba5dc7d287a1c,"Our family video call must be at a different time—between the two alternatives, which do you prefer?",0.05608483251823079,-0.05043126981907871,0.044678770652686745,0.03925879758381461
cg_045,7425e11be38af865,We need to move the time of the family video call—which of the two options suits you better?,-0.04707203820744957,0.06737032359262689,0.044678770652686745,0.03925879758381461
cg_045,bbc685b660e7b011,The family video call time needs to change—do you prefer the first suggested time or the second?,0.019764531264072255,0.07841833900437042,0.044678770652686745,0.03925879758381461
cg_045,bc7d0efae4e61b00,We need to reschedule the family video call to one of two times—which one would you prefer?,-0.034393007735627514,0.09766517197740743,0.044678770652686745,0.03925879758381461
cg_045,d122fe728c8ff186,We need to change our usual video call time—which of the two alternatives do you prefer?,-0.04904651577996124,0.10223042418663192,0.044678770652686745,0.03925879758381461
cg_045,f0d80973a07e4059,The family video call needs to be moved—do you prefer the first of the two alternatives or the second?,0.047525069717868476,-0.1952944080884159,0.044678770652686745,0.03925879758381461
cg_045,2daab5ab16fa2379,We need to pick a new time for the video call—do you have a preference between the two options?,0.059257706696379996,-0.036921688355317936,0.044678770652686745,0.03925879758381461
cg_045,09f32cb2f37fadfd,"The family call can't stay at the usual time—between the two new times, which would you prefer?",0.05653531760113092,0.016439969043445975,0.044678770652686745,0.03925879758381461
cg_045,6b2604924b056bc0,We need to change the video call time—which of the two available alternatives do you prefer?,-0.044146551159361724,0.09089793353932182,0.044678770652686745,0.03925879758381461
cg_045,7563dcd09a873d4d,The family video call time has to be altered—do you prefer the first alternative or the second?,0.05761866999679289,0.04784065319854966,0.044678770652686745,0.03925879758381461
cg_045,75ed69d1917d2ae0,We need to move our regular family video call—which of the two offered times would you prefer?,-0.0658231106141378,-0.07517738174347142,0.044678770652686745,0.03925879758381461
cg_045,39e12be7b23b9ac5,The family video call needs to change times—which of the two options works best for you?,0.06826395715345494,0.057315923994142745,0.044678770652686745,0.03925879758381461
cg_046,bc606ebc90acbfd7,I need to keep this week's visit shorter than usual because of another commitment; does our usual time still work for you?,-0.04655994632838859,-0.01186155478429321,0.044678770652686745,0.03925879758381461
cg_046,5c979306e465ae60,"This week I have another commitment, so the visit will be shorter—would the regular time still be okay?",-0.19520417340807444,-0.059036115918888216,0.044678770652686745,0.03925879758381461
cg_046,47cfbebfcf325a98,I have another commitment and will need to shorten our visit; is the same time still good for you?,-0.10099552374302556,-0.2740854314207003,0.044678770652686745,0.03925879758381461
cg_046,dbb4949781437158,"Because of another commitment, this week's visit will be shorter—does that timing still work for you?",0.020083475809479792,-0.04186355276030705,0.044678770652686745,0.03925879758381461
cg_046,d81d69752baae043,I have to cut our visit short this week due to another commitment; are you okay with the usual time?,-0.13719840484303025,-0.12056434839977266,0.044678770652686745,0.03925879758381461
cg_046,4c78cd2a200f122a,I need to make this week's visit shorter because of another commitment; would the scheduled time still work?,-0.24273008760323078,0.03228470851507173,0.044678770652686745,0.03925879758381461
cg_046,73daec5a81fe1377,"Due to another commitment, I can't stay as long this week—does our regular time still suit you?",0.2893239623667307,0.056309724508971586,0.044678770652686745,0.03925879758381461
cg_046,5c7169c1ef01f168,I'll need to shorten my visit this week because I have another commitment; is the usual time still okay?,-0.1989864893443014,-0.025891483850480512,0.044678770652686745,0.03925879758381461
cg_046,b9825c8c455302a0,"This week I have another commitment, so I can't stay as long—would the proposed time still work for you?",0.32482096585383763,0.06339634503170138,0.044678770652686745,0.03925879758381461
cg_046,25a6f3cc4cc46f89,I have a conflicting commitment and will be shorter than usual—does meeting at the usual time still work?,-0.015650330795816216,0.18300067430419079,0.044678770652686745,0.03925879758381461
cg_046,b9af38cc5aebf904,I need to be brief this week because of another commitment; is the regular timing still alright for you?,0.2392581853714656,0.2539870332925793,0.044678770652686745,0.03925879758381461
cg_046,3e31f17dbd243a57,I have another commitment and must shorten this week's visit—does that time still suit you?,0.018343081196087685,-0.07670615476632901,0.044678770652686745,0.03925879758381461
cg_046,bc2b267e7606c071,"Because I'll be shorter this week due to another commitment, does our scheduled time still work for you?",0.20740494860060021,0.17942608373231173,0.044678770652686745,0.03925879758381461
cg_046,b9760f27cdb91727,I have a commitment that shortens my visit this week; would the usual time still be okay?,-0.19824895989845054,-0.0017569051444776542,0.044678770652686745,0.03925879758381461
cg_046,cb1c2546320ad643,This week I need to shorten our visit because of another commitment—does the same time still work?,-0.1692069498497241,-0.1332805861059242,0.044678770652686745,0.03925879758381461
cg_046,e7787cd5a27e64c7,"I have another commitment, so the visit will be shorter than normal—are you okay with the usual timing?",-0.21368408488606488,-0.1527526154706724,0.044678770652686745,0.03925879758381461
cg_046,589d48da7ccb37ce,I must keep the visit shorter this week because of another commitment; is the scheduled time still good for you?,-0.09553326574575241,-0.04873459843717688,0.044678770652686745,0.03925879758381461
cg_046,696dc7274d84ba16,I’ll be here for a shorter visit this week due to another commitment—does the proposed time still suit you?,0.06576748298719028,-0.10164378378249068,0.044678770652686745,0.03925879758381461
cg_046,d5b12886a479f841,I have another commitment and need to shorten my visit; would the usual time still work for you?,-0.13090855714755328,-0.16369739605094585,0.044678770652686745,0.03925879758381461
cg_046,0d7eedf22d30e581,I'll have to cut our time short this week because of another commitment—does that timing still work for you?,0.2842837815969437,0.22442897460342884,0.044678770652686745,0.03925879758381461
cg_046,ab702d4993b1f6c4,I need to shorten my visit this week because of another commitment—are you comfortable with the usual time?,-0.05503505497852366,-0.12154915368189312,0.044678770652686745,0.03925879758381461
cg_046,f6219e4aba717a5a,"Because of another commitment, I can't stay as long this week; does the scheduled time still work for you?",0.2527045733922567,0.15729824397910402,0.044678770652686745,0.03925879758381461
cg_046,9070b88642f6b51b,I have a commitment that means a shorter visit this week—will the usual time still be okay?,-0.21973538022835362,0.003261923492496063,0.044678770652686745,0.03925879758381461
cg_046,e1bfdbbdd1632dc8,I need to be shorter than usual this week due to another commitment—does that time still work for you?,0.29225506249482547,0.19514485472998777,0.044678770652686745,0.03925879758381461
cg_046,96db56e2cc46d819,I have another commitment and will need to shorten our visit—does our usual meeting time still work?,-0.275443336864015,0.004636649968264439,0.044678770652686745,0.03925879758381461
cg_046,d7c1dc075f0e7697,This week's visit will be shorter because of another commitment; is the regular time still all right for you?,0.009862076422723966,-0.058709578222658376,0.044678770652686745,0.03925879758381461
cg_046,8b6f3dd4b69c31f2,I have a conflict and must shorten the visit this week—would the planned time still work for you?,-0.12855263665130917,-0.11553906596478146,0.044678770652686745,0.03925879758381461
cg_046,96fa17892ef2f5c7,I’ll only be able to stay a shorter time this week because of another commitment—does the usual time still suit you?,0.33226366885957626,0.10787823693133576,0.044678770652686745,0.03925879758381461
cg_046,897594359cc6ffb1,I need to shorten this week’s visit due to another commitment; is the scheduled time still convenient for you?,-0.13143125297960703,-0.02556583790899975,0.044678770652686745,0.03925879758381461
cg_046,d23070d8f3eb50be,I have another commitment so I’ll be shorter than usual—does meeting at the regular time still work for you?,0.3023975996816512,0.04791338111532271,0.044678770652686745,0.03925879758381461
cg_046,d780fe27d9b15762,"Because of another commitment, I need to shorten the visit this week—are you okay with the usual time?",-0.08189503894599441,-0.1414582225001351,0.044678770652686745,0.03925879758381461
cg_046,79ca7966cb94b924,I have a prior commitment and must keep this visit shorter—does our usual time still fit your schedule?,-0.28341661918090855,-0.022034200419474567,0.044678770652686745,0.03925879758381461
cg_046,223eaf8fd15ec6db,This week I'll be shorter than normal because of another commitment—does the proposed time still work for you?,0.3161523924652526,0.12820800784644332,0.044678770652686745,0.03925879758381461
cg_046,d83b4fb1e5990134,I need to shorten our visit this week due to another commitment; would the regular time still be fine?,-0.2668916061958678,-0.015219094494570012,0.044678770652686745,0.03925879758381461
cg_046,f96b00c67e71fbfc,I have another commitment and can't stay as long this week—does the scheduled time still suit you?,0.21642738047979637,0.16417795679998642,0.044678770652686745,0.03925879758381461
cg_046,ab1c30f639c23791,I’ll need to cut my visit short this week because of another commitment—does meeting at the usual time still work?,-0.14104142698081007,-0.006109458960131842,0.044678770652686745,0.03925879758381461
cg_046,edceaea46b5868af,"Because I have another commitment, the visit will be shorter this week—are you okay with the usual timing?",-0.14180980901986914,-0.07581802207929612,0.044678770652686745,0.03925879758381461
cg_046,a50391d41778be03,I need to be brief this week because of another commitment—does the usual time still work for you?,0.35368687269748555,0.20702495855409442,0.044678770652686745,0.03925879758381461
cg_046,2c894769665cf4ba,I have another commitment and will need to keep the visit short—does that timing still work for you?,-0.13304390417100367,-0.10826435371031627,0.044678770652686745,0.03925879758381461
cg_046,4b896e0db8aaa131,I have a commitment that shortens this week's visit—would our regular time still be alright with you?,-0.02310162638764105,-0.12168667162035919,0.044678770652686745,0.03925879758381461
cg_046,955c11454f2a1e86,I'll be here for a shorter visit this week because of another commitment—does the scheduled time still work for you?,0.11913638881864472,-0.0028078018144476607,0.044678770652686745,0.03925879758381461
cg_046,35f94855a001a23b,I need to shorten our time together this week due to another commitment; does the usual time still suit you?,0.18609089372902504,0.16302037899496077,0.044678770652686745,0.03925879758381461
cg_046,0ee56647c77975ef,I have another commitment and have to make this week's visit shorter—does the planned time still work?,-0.2184703540625314,0.023261593000581386,0.044678770652686745,0.03925879758381461
cg_046,b5034de0300a0315,This week I need to cut our visit short because of another commitment—are you okay with keeping the same time?,-0.030226088855931157,-0.2085983300932235,0.044678770652686745,0.03925879758381461
cg_046,0b1d266dd5ec888d,I have another commitment and will have less time this week—does the regular timing still work for you?,0.23649898803855754,0.25520975392108003,0.044678770652686745,0.03925879758381461
cg_046,005ac01bb109230c,I'll have to keep the visit shorter this week because of another commitment—does the usual time still work for you?,0.0331895881131726,-0.07790273960439108,0.044678770652686745,0.03925879758381461
cg_046,d7b5a6c9bf6dec72,Because of another commitment I need to shorten the visit this week—does that scheduled time still suit you?,-0.09112373679568478,-0.06551111538865036,0.044678770652686745,0.03925879758381461
cg_046,b4559aa3cbf6cf5a,"I have a commitment, so our visit will be shorter than usual this week—would the usual time still work for you?",-0.1338267230838407,-0.07122130996612552,0.044678770652686745,0.03925879758381461
cg_047,b2bc198be8b61308,I had an idea for rearranging the kitchen storage so frequently used items are grouped differently—would you like to talk about trying that?,-0.062315811377075606,0.0121206327539,0.044678770652686745,0.03925879758381461
cg_047,642bbab453273017,"Would you be open to discussing a different way to arrange the kitchen storage so commonly used items are grouped together, and do you want to try changing it?",0.020604978903885435,-0.07255910942069901,0.044678770652686745,0.03925879758381461
cg_047,2bfae3048f12b887,I thought of another layout for the kitchen storage that groups frequently used things differently; do you want to discuss giving it a try?,0.0338881597337217,-0.0511944553808962,0.044678770652686745,0.03925879758381461
cg_047,9963c5bb184f10c0,I have an idea for grouping the things you use most differently in the kitchen storage—would you like to talk about trying that out?,0.0896713842527056,0.07482684654466902,0.044678770652686745,0.03925879758381461
cg_047,07dc5aa7309c9201,"Could we talk about a different kitchen-storage arrangement that groups frequently used items differently, and would you want to try it?",0.0419680628416195,-0.049759069936308,0.044678770652686745,0.03925879758381461
cg_047,2b89362853a9720d,I was thinking about rearranging the kitchen storage so frequently used items are grouped differently—do you want to consider trying that?,-0.06365545247727729,-0.07276235919514361,0.044678770652686745,0.03925879758381461
cg_047,4f78fdf3cab58232,"Would you like to discuss an alternative way to organize the kitchen storage so often-used items are together, and try it if you like it?",0.03967537111209492,0.1267852894905133,0.044678770652686745,0.03925879758381461
cg_047,ddb065c35780b22d,I have a suggestion for the kitchen storage to group frequently used items differently; do you want to talk about trying the change?,-0.03445805440686269,-0.006135199105215703,0.044678770652686745,0.03925879758381461
cg_047,c146b135ea5db592,Do you want to talk about a new arrangement for the kitchen storage that groups commonly used items differently and see if you want to try it?,0.07012448740602877,-0.07944993441057902,0.044678770652686745,0.03925879758381461
cg_047,ebed2bd25b26ffbe,I thought of grouping frequently used items differently in the kitchen storage—would you like to discuss trying that out?,0.032641559071985765,0.04907664369620239,0.044678770652686745,0.03925879758381461
cg_047,5612c31359f5018b,"If you're interested, I have an idea to rearrange the kitchen storage so the things you use most are grouped differently—do you want to try it?",0.041030609990192014,-0.09180683275766024,0.044678770652686745,0.03925879758381461
cg_047,9ddbdc95dd53fa98,I have an idea for changing how the kitchen storage is arranged so frequently used items are grouped differently—shall we talk about trying it?,-0.16127392851462502,0.09127343478471348,0.044678770652686745,0.03925879758381461
cg_047,c4664f2c298f2e30,"Would you like to hear my idea for rearranging the kitchen storage to group frequently used items differently, and maybe try the change?",-0.04116968378381034,-0.024920627531812296,0.044678770652686745,0.03925879758381461
cg_047,a7d5051a6a52da2d,I was thinking of a different way to organize the kitchen storage so common items are grouped differently—do you want to discuss trying that?,-0.0511933481046396,0.0906709272420088,0.044678770652686745,0.03925879758381461
cg_047,aa3964e080c74f24,"May we talk about rearranging the kitchen storage so frequently used items are grouped differently, and would you want to try that change?",-0.041309336684385314,-0.06746669565848065,0.044678770652686745,0.03925879758381461
cg_047,3e3332788569925f,I have a suggestion for rearranging the kitchen storage to group frequently used items differently—do you want to consider trying it?,-0.041180814781548225,-0.04411009950474163,0.044678770652686745,0.03925879758381461
cg_047,ca3e3e5cc8298e47,Do you want to discuss an alternative kitchen-storage setup where frequently used items are grouped differently and possibly try it out?,0.00774497543421036,0.042075432666768095,0.044678770652686745,0.03925879758381461
cg_047,773ab768e0eecc55,I came up with an idea to group the things you use most differently in the kitchen storage—do you want to talk about trying it?,0.18720804794707047,0.00274104340683035,0.044678770652686745,0.03925879758381461
cg_047,936cfe2a8705aaa3,Would you like me to explain my idea for rearranging the kitchen storage so frequently used items are grouped differently and see if you want to try it?,-0.004677355277091991,0.006274159204763727,0.044678770652686745,0.03925879758381461
cg_047,95fea6a4d64845da,I have an idea for the kitchen storage that groups frequently used items differently; would you like to discuss trying it?,-0.026274071390225775,0.04406699990050267,0.044678770652686745,0.03925879758381461
cg_047,c3d9b7ea240018ec,"Can we talk about changing the kitchen storage so frequently used items are grouped differently, and would you like to try that change?",-0.06074118455307133,-0.013972294443463998,0.044678770652686745,0.03925879758381461
cg_047,9f3a054faaa6c5fc,I thought of a different way to arrange the kitchen storage to group frequently used items differently—do you want to talk about trying it?,-0.01871087823754819,0.0022035747563893555,0.044678770652686745,0.03925879758381461
cg_047,eb8f88757e73a46c,Would you be interested in discussing a different kitchen-storage arrangement that groups frequently used items differently and trying it out?,0.04219582284540426,-0.02410360019216563,0.044678770652686745,0.03925879758381461
cg_047,0b15079aef9b8214,I have an idea for reorganizing the kitchen storage so commonly used items are grouped differently—do you want to talk about trying that?,-0.044384059547799226,0.021053141618897625,0.044678770652686745,0.03925879758381461
cg_047,d11d787434c12a08,Do you want to chat about a new arrangement for the kitchen storage that groups frequently used items differently and possibly try it?,0.037046860130403994,-0.029884069718621828,0.044678770652686745,0.03925879758381461
cg_047,ecb9e6a4029747d8,I was thinking about grouping the frequently used items differently in the kitchen storage—would you like to discuss trying that change?,-0.06695172095987106,0.020492837061949154,0.044678770652686745,0.03925879758381461
cg_047,03bcaf1eab862f2f,"If it's okay with you, I'd like to talk about an idea to rearrange the kitchen storage so frequently used items are grouped differently—do you want to try it?",0.05608339942134474,-0.0431178814751317,0.044678770652686745,0.03925879758381461
cg_047,e27fc90b7b444a2f,I have a thought about arranging the kitchen storage so the things you use most are grouped differently—do you want to talk about trying it?,0.0027409990423795036,-0.0015120020756988974,0.044678770652686745,0.03925879758381461
cg_047,95c40c86042aabab,Would you like to hear my idea for grouping frequently used items differently in the kitchen storage and discuss whether you want to try it?,0.11219917817962417,0.015476163250570062,0.044678770652686745,0.03925879758381461
cg_047,4f4e9482312603f0,I came up with a different arrangement for the kitchen storage to group frequently used items differently—do you want to discuss trying it?,-0.025978287051662583,-0.01732669429003718,0.044678770652686745,0.03925879758381461
cg_047,8a38ff5e49ee303c,"Can we talk about possibly rearranging the kitchen storage so frequently used items are grouped differently, and would you like to try it?",-0.028740664950603907,-0.02127251976528333,0.044678770652686745,0.03925879758381461
cg_047,e93cf10a77a5eff5,I was thinking of changing the kitchen storage layout so frequently used items are grouped differently—do you want to discuss trying that?,-0.07370135474651703,-0.006720083474985128,0.044678770652686745,0.03925879758381461
cg_047,7f879acc90a4a942,Would you like to consider a different kitchen-storage arrangement that groups the things you use most differently and talk about trying it?,0.05693040739439463,-0.0311946977293237,0.044678770652686745,0.03925879758381461
cg_047,0e2803008846d738,I have an idea for the kitchen storage that would group frequently used items differently—do you want to discuss and try it?,0.007320644052361346,0.06832357952803726,0.044678770652686745,0.03925879758381461
cg_047,58eb20f2c89f7d86,Do you want to discuss my idea for rearranging the kitchen storage so frequently used items are grouped differently and try it if you like it?,0.022826646024493025,-0.00018068147231736298,0.044678770652686745,0.03925879758381461
cg_047,6da02e6663d271e4,I thought of an alternate way to organize the kitchen storage so common items are grouped differently—would you like to discuss trying it?,-0.0564555224423781,0.0930271000156411,0.044678770652686745,0.03925879758381461
cg_047,63577c4a5309d77f,Would you be willing to talk about an idea to group frequently used items differently in the kitchen storage and possibly try that arrangement?,0.10327310977043078,0.00526797567199936,0.044678770652686745,0.03925879758381461
cg_047,6b525cf8ff8ee0c8,I have a suggestion for arranging the kitchen storage so frequently used items are grouped differently—shall we talk about trying it?,-0.1404059015339926,0.08034152269687589,0.044678770652686745,0.03925879758381461
cg_047,450f856bb5d2c3bf,Can we talk about trying a different arrangement of the kitchen storage to group frequently used items differently—are you interested?,-0.027734631500591377,-0.010989396538067745,0.044678770652686745,0.03925879758381461
cg_047,4b417d3afeabd986,I had a thought about arranging the kitchen storage to group frequently used items differently—would you like to hear it and talk about trying it?,-0.016239871678631362,-0.016005737562935482,0.044678770652686745,0.03925879758381461
cg_047,f6cdf0f09dc5d400,Would you like to explore a different way to arrange the kitchen storage so frequently used items are grouped differently and see if you want to try it?,-0.023481479115760425,0.00025216503453654154,0.044678770652686745,0.03925879758381461
cg_047,81509af31526e2fb,I have an idea for grouping frequently used items differently in the kitchen storage—do you want to discuss trying that change?,-0.010678242934759538,0.06480313356791337,0.044678770652686745,0.03925879758381461
cg_047,1ef607fbf4c7418d,"If you'd like, we could talk about rearranging the kitchen storage so frequently used items are grouped differently—do you want to try it?",0.046396578011759795,-0.07980903023940894,0.044678770652686745,0.03925879758381461
cg_047,f96fb0bfd545d8db,I thought of a new arrangement that groups frequently used items differently in the kitchen storage—do you want to discuss giving it a try?,0.03885890283384234,-0.06053828312345949,0.044678770652686745,0.03925879758381461
cg_047,4a17b8d93598b847,Would you like to talk about a possible change to the kitchen storage that groups frequently used items differently and consider trying it?,-0.012378362527515221,-0.061808886288301654,0.044678770652686745,0.03925879758381461
cg_047,e8f5f84de8a7e516,I have an idea for a different kitchen-storage layout to group frequently used items differently—do you want to discuss and possibly try it?,0.04365983417829082,0.06744763839705697,0.044678770652686745,0.03925879758381461
cg_048,df30eb5c7e09b508,"I wanted to mention there's a shared digital shopping-list option, but we can still use the paper list—would you like to try the digital one or keep the paper list?",-0.03374920862376639,0.022372954803081845,0.044678770652686745,0.03925879758381461
cg_048,bb67b6627e2d440d,There's a shared digital shopping list available and the paper list would still be there; do you want to give the digital list a try or stick with the paper one?,0.08895865792783819,-0.006135627553657265,0.044678770652686745,0.03925879758381461
cg_048,f79b26e7f9839207,We have the option of a shared digital shopping list while the current paper list stays as is—would you prefer to try the digital version or keep using the paper list?,-0.037816581138328934,0.03323570428543506,0.044678770652686745,0.03925879758381461
cg_048,71cdad63e018826a,There's an option for a shared digital shopping list and the paper list will remain available; do you want to try the digital option or keep the paper list?,-0.001955200033524587,-0.01902565595107005,0.044678770652686745,0.03925879758381461
cg_048,7382815e6467a8a4,I can tell you about a shared digital shopping-list option; the paper list would still be available—would you like to try the digital list or keep the paper one?,-0.003763047648072088,0.01473864501490111,0.044678770652686745,0.03925879758381461
cg_048,b6cf5751534df68c,There's a shared digital shopping-list option and the paper list would still be there—do you want to try the digital list or keep the paper list the way it is?,0.03989909579390381,-0.01489816546171761,0.044678770652686745,0.03925879758381461
cg_048,8f9ba0887757c765,We could use a shared digital shopping list; the paper list stays available—would you like to try the digital list or keep the paper list?,0.0057399631343896355,0.025428804818240537,0.044678770652686745,0.03925879758381461
cg_048,638cd7985881fa9a,"A shared digital shopping list is an option, and the paper list would still be available—would you prefer to try the digital list or stick with the paper list?",0.015414182363877364,-0.004829399067886625,0.044678770652686745,0.03925879758381461
cg_048,01f335bcff2befca,I wanted to let you know about a shared digital shopping-list option; your paper list would remain—do you want to try the digital one or keep the paper list?,0.015511409134370628,-0.04680235840381393,0.044678770652686745,0.03925879758381461
cg_048,9d62c6c74d502f3e,There's an option to switch to a shared digital shopping list while the paper list remains available—would you like to try it or keep the paper list?,-0.024839779344243376,-0.03979467802920556,0.044678770652686745,0.03925879758381461
cg_048,9345bbbdd4c42b2a,We can use a shared digital shopping-list option and still keep your paper list—would you like to try the shared digital list or keep the paper list?,0.030134213924189485,-0.01746284522449215,0.044678770652686745,0.03925879758381461
cg_048,46b4e6f56668fa70,"There's a shared digital shopping-list option, and the paper list would still be available—do you want to try that digital option or keep using your paper list?",0.03163007122335772,-0.016783783952722287,0.044678770652686745,0.03925879758381461
cg_048,f5af7faa1b69ddc5,I wanted to tell you about a shared digital shopping list; the paper list will still be there—do you want to try the digital list or stick with the paper one?,0.06697264902202729,-0.007934792509119003,0.044678770652686745,0.03925879758381461
cg_048,abe8c207653f7776,"There's a shared digital shopping-list option, with the paper list remaining available—would you like to try the digital option or keep the paper list as is?",-0.02920430731159237,0.01399734737807816,0.044678770652686745,0.03925879758381461
cg_048,7292b2379686ce92,We have an option for a shared digital shopping list and the paper list would stay available—do you want to try the digital list or keep the paper list?,-0.02998122146278197,-0.0013109006484072914,0.044678770652686745,0.03925879758381461
cg_048,2581d4c08342b648,I can tell you about a shared digital shopping-list option; your paper list remains available—would you prefer to try digital or keep the paper list?,0.01706411583703453,-0.02162478066270049,0.044678770652686745,0.03925879758381461
cg_048,195f46495ae45df6,There's an option for a shared digital shopping list while your paper list stays available—would you like to try the digital list or keep the paper list?,0.013413750104120194,0.021421967454260546,0.044678770652686745,0.03925879758381461
cg_048,ef7a363b5cf88785,"We could try a shared digital shopping list, and your paper list would still be available—would you like to try the digital option or keep the paper list?",-0.011025146749665,-0.0067075363106052464,0.044678770652686745,0.03925879758381461
cg_048,00e93a597530ffbd,I wanted you to know there's a shared digital shopping-list option; the paper list stays available—do you want to try the digital one or keep the paper list?,0.01178285198223884,-0.011962610088652084,0.044678770652686745,0.03925879758381461
cg_048,a5955a2eb2e016c8,There's a shared digital shopping-list option and the paper list would remain—would you like to try the digital list or continue with the paper list?,-0.013933542185907937,0.013323773042998288,0.044678770652686745,0.03925879758381461
cg_048,ddecc7a708b72940,"We have the choice of a shared digital shopping list, and the paper list will still be there—would you like to try the digital list or keep the paper list?",0.02608356937266023,-0.005109420130134577,0.044678770652686745,0.03925879758381461
cg_048,e6d65af6ec084b99,I wanted to mention a shared digital shopping-list option; the paper list would still be available—do you want to try the digital one or keep the paper list?,-0.0469482895560752,0.029051725707031538,0.044678770652686745,0.03925879758381461
cg_048,3bcc62af005c5b6c,There's an option to use a shared digital shopping list while keeping the paper list—do you want to try the digital option or keep the paper list?,0.012178233307719702,-0.027909921442426412,0.044678770652686745,0.03925879758381461
cg_048,6f24262afae90682,We can add a shared digital shopping-list option while your paper list remains available—would you prefer to try digital or keep using the paper list?,-0.011472887044030981,0.03861873273748692,0.044678770652686745,0.03925879758381461
cg_048,e616e0d93f16d27d,There's a shared digital shopping list available and your paper list would still be there—would you like to try the digital list or keep the paper list?,0.06279258967595294,-0.011606454617173904,0.044678770652686745,0.03925879758381461
cg_048,913fc1c44e0abccd,I wanted to let you know about a shared digital shopping-list option; your paper list would still be there—do you want to try the digital option or keep the paper list?,0.00408768744223488,-0.04012600218541677,0.044678770652686745,0.03925879758381461
cg_048,ebf52d3f83bd5dc1,We could use a shared digital shopping list and still keep the paper list—would you like to try the digital list or keep the paper list?,0.042313725208276656,0.006509788111859657,0.044678770652686745,0.03925879758381461
cg_048,7d9cc59efdd4031c,There's a shared digital shopping-list option and the paper list will remain available—would you like to try the digital one or stick with the paper list?,-0.013234560063797347,0.033155413976519374,0.044678770652686745,0.03925879758381461
cg_048,3e09020330666348,I wanted to tell you the shared digital shopping-list option is available and the paper list would remain—do you want to try the digital list or keep the paper list?,-0.019272518893075644,-0.021567390092120064,0.044678770652686745,0.03925879758381461
cg_048,b711d67352050a38,We have an option to switch to a shared digital shopping list while your paper list remains—would you like to try that or keep the paper list?,-0.054670557107195136,-0.032927109641613786,0.044678770652686745,0.03925879758381461
cg_048,3f1267a189ab903f,"There's a shared digital shopping-list option, and the paper list will stay available—would you prefer to try the digital list or keep the paper one?",0.024696337010942773,0.0021686330691802064,0.044678770652686745,0.03925879758381461
cg_048,a2f7ab0f1feee59f,I wanted to bring up a shared digital shopping list; the paper list would still be available—do you want to try the digital list or keep the paper list?,-0.030563124977450146,0.018647282358836392,0.044678770652686745,0.03925879758381461
cg_048,9cb17346c86e8845,We can try a shared digital shopping-list option and still use the paper list—would you like to try the digital list or keep the paper list?,-0.0039018492011881076,0.016816623166263832,0.044678770652686745,0.03925879758381461
cg_048,8125bc0e25f18445,There's an option for a shared digital shopping list while the paper list stays available—would you like to try it or keep the paper list?,0.0033391417974684527,0.028390604039111315,0.044678770652686745,0.03925879758381461
cg_048,508b59e562810fbc,I wanted to say there's a shared digital shopping-list option and your paper list would still be available—do you want to try the digital list or keep the paper one?,0.014183413935156042,-0.011848457312264332,0.044678770652686745,0.03925879758381461
cg_048,d5de561b5f86ff50,"We could switch to a shared digital shopping list, leaving the paper list available—would you like to try the digital option or keep the paper list?",-0.04783114140491674,-0.04755900026649658,0.044678770652686745,0.03925879758381461
cg_048,fee392582ddfa72c,There's a shared digital shopping-list option and the paper list remains available—do you want to try the digital one or keep the paper list?,0.012387634379677985,-0.00640080908197427,0.044678770652686745,0.03925879758381461
cg_048,aec28cfac1b06693,I wanted to mention we have a shared digital shopping-list option; your paper list would still be available—would you like to try the digital list or keep the paper list?,-0.05716772175718225,0.016505442612134002,0.044678770652686745,0.03925879758381461
cg_048,50eb2c47c97dd3ee,We have an option for a shared digital shopping list and your paper list would still be there—would you like to try the digital version or keep the paper list?,-0.034001729626934166,0.02198894425123224,0.044678770652686745,0.03925879758381461
cg_048,d7b0d60f1399d332,There's an option to use a shared digital shopping-list and the paper list would still be available—would you like to try the digital list or keep the paper list?,0.01319208770359094,0.011058263726174087,0.044678770652686745,0.03925879758381461
cg_048,088587becef69dc5,I wanted you to know about a shared digital shopping-list option; the paper list would still be available—would you like to try digital or keep the paper list?,-0.038751797602841476,0.01710955850649596,0.044678770652686745,0.03925879758381461
cg_048,1c84e5e5b3b1f78a,We can use a shared digital shopping-list option and the paper list would remain—do you want to give the digital list a try or keep the paper list?,-0.014881954916381293,0.024077827696452107,0.044678770652686745,0.03925879758381461
cg_048,e7afa81a4b6baa02,There's a shared digital shopping-list option and the paper list will still be there—do you want to try the shared digital list or continue with the paper list?,0.03406834236495553,-0.0182971617041989,0.044678770652686745,0.03925879758381461
cg_048,c9c4c67ccf5bc489,I wanted to let you know we could use a shared digital shopping list while keeping the paper list—would you like to try that or keep the paper list?,-0.01942935985587553,0.04417404872788333,0.044678770652686745,0.03925879758381461
cg_048,c71d06f434851437,There's a shared digital shopping-list option available and the paper list remains—would you like to try the digital option or keep the paper list?,-0.014579433108399636,-0.003794890155068854,0.044678770652686745,0.03925879758381461
cg_048,ce931e38f79401f6,We could try the shared digital shopping-list option; the paper list would still be available—do you want to try it or keep the paper list?,0.007131236967242259,-0.010372334990718574,0.044678770652686745,0.03925879758381461
