source,user_id,episodes,events
thoughttrace,user1,2,6
thoughttrace,user10,2,10
thoughttrace,user100,2,28
thoughttrace,user1000,2,16
thoughttrace,user1001,2,8
thoughttrace,user1002,2,18
thoughttrace,user1003,2,12
thoughttrace,user1004,2,4
thoughttrace,user1005,2,40
thoughttrace,user1006,2,8
thoughttrace,user1007,2,34
thoughttrace,user1008,1,4
thoughttrace,user1009,1,8
thoughttrace,user101,2,22
thoughttrace,user1010,2,14
thoughttrace,user1011,1,6
thoughttrace,user1012,1,8
thoughttrace,user1013,2,12
thoughttrace,user1014,1,6
thoughttrace,user1015,2,16
thoughttrace,user1016,2,10
thoughttrace,user1017,1,8
thoughttrace,user1018,2,10
thoughttrace,user1019,2,36
thoughttrace,user102,2,16
thoughttrace,user1020,2,40
thoughttrace,user1021,2,6
thoughttrace,user1022,1,4
thoughttrace,user1023,1,16
thoughttrace,user1024,2,38
thoughttrace,user1025,1,12
thoughttrace,user1026,2,10
thoughttrace,user1027,2,6
thoughttrace,user1028,2,16
thoughttrace,user1029,1,6
thoughttrace,user103,2,10
thoughttrace,user1030,2,14
thoughttrace,user1031,1,14
thoughttrace,user1032,1,20
thoughttrace,user1033,2,26
thoughttrace,user1034,1,12
thoughttrace,user1035,1,2
thoughttrace,user1036,1,14
thoughttrace,user1037,1,4
thoughttrace,user1038,1,4
thoughttrace,user1039,1,6
thoughttrace,user104,2,6
thoughttrace,user1040,2,6
thoughttrace,user1041,2,8
thoughttrace,user1042,1,4
thoughttrace,user1043,1,10
thoughttrace,user1044,1,20
thoughttrace,user1045,1,14
thoughttrace,user1046,3,14
thoughttrace,user1047,1,4
thoughttrace,user1048,1,6
thoughttrace,user1049,2,16
thoughttrace,user105,2,26
thoughttrace,user1050,1,2
thoughttrace,user1051,1,4
thoughttrace,user1052,1,14
thoughttrace,user1053,1,6
thoughttrace,user1054,1,4
thoughttrace,user1055,3,20
thoughttrace,user1056,1,6
thoughttrace,user1057,1,10
thoughttrace,user1058,1,8
thoughttrace,user106,2,16
thoughttrace,user107,2,10
thoughttrace,user108,2,10
thoughttrace,user109,2,10
thoughttrace,user11,2,12
thoughttrace,user110,2,4
thoughttrace,user111,2,8
thoughttrace,user112,1,4
thoughttrace,user113,2,12
thoughttrace,user114,2,22
thoughttrace,user115,2,14
thoughttrace,user116,3,16
thoughttrace,user117,2,34
thoughttrace,user118,2,8
thoughttrace,user119,2,8
thoughttrace,user12,2,12
thoughttrace,user120,2,6
thoughttrace,user121,2,22
thoughttrace,user122,2,16
thoughttrace,user123,2,28
thoughttrace,user124,2,4
thoughttrace,user125,2,4
thoughttrace,user126,2,6
thoughttrace,user127,2,4
thoughttrace,user128,2,8
thoughttrace,user129,2,12
thoughttrace,user13,3,20
thoughttrace,user130,2,14
thoughttrace,user131,2,4
thoughttrace,user132,3,6
thoughttrace,user133,2,6
thoughttrace,user134,2,14
thoughttrace,user135,2,14
thoughttrace,user136,2,4
thoughttrace,user137,2,8
thoughttrace,user138,2,4
thoughttrace,user139,2,8
thoughttrace,user14,2,6
thoughttrace,user140,2,18
thoughttrace,user141,2,20
thoughttrace,user142,2,4
thoughttrace,user143,2,34
thoughttrace,user144,4,18
thoughttrace,user145,2,20
thoughttrace,user146,2,24
thoughttrace,user147,2,10
thoughttrace,user148,2,22
thoughttrace,user149,2,8
thoughttrace,user15,2,16
thoughttrace,user150,2,6
thoughttrace,user151,2,12
thoughttrace,user152,2,6
thoughttrace,user153,2,16
thoughttrace,user154,2,10
thoughttrace,user155,2,18
thoughttrace,user156,2,18
thoughttrace,user157,2,20
thoughttrace,user158,2,8
thoughttrace,user159,2,10
thoughttrace,user16,2,12
thoughttrace,user160,2,6
thoughttrace,user161,2,20
thoughttrace,user162,2,10
thoughttrace,user163,2,6
thoughttrace,user164,1,8
thoughttrace,user165,2,6
thoughttrace,user166,2,18
thoughttrace,user167,2,4
thoughttrace,user168,2,8
thoughttrace,user169,2,54
thoughttrace,user17,2,8
thoughttrace,user170,2,24
thoughttrace,user171,2,10
thoughttrace,user172,4,20
thoughttrace,user173,2,20
thoughttrace,user174,2,20
thoughttrace,user175,2,12
thoughttrace,user176,2,16
thoughttrace,user177,2,22
thoughttrace,user178,2,10
thoughttrace,user179,2,8
thoughttrace,user18,2,24
thoughttrace,user180,2,24
thoughttrace,user181,2,16
thoughttrace,user182,2,8
thoughttrace,user183,2,14
thoughttrace,user184,2,32
thoughttrace,user185,3,8
thoughttrace,user186,2,16
thoughttrace,user187,2,6
thoughttrace,user188,3,12
thoughttrace,user189,3,16
thoughttrace,user19,2,8
thoughttrace,user190,2,8
thoughttrace,user191,2,8
thoughttrace,user192,2,10
thoughttrace,user193,2,4
thoughttrace,user194,2,4
thoughttrace,user195,3,10
thoughttrace,user196,2,4
thoughttrace,user197,2,14
thoughttrace,user198,2,30
thoughttrace,user199,3,12
thoughttrace,user2,2,4
thoughttrace,user20,2,12
thoughttrace,user200,2,22
thoughttrace,user201,2,22
thoughttrace,user202,2,8
thoughttrace,user203,2,8
thoughttrace,user204,2,4
thoughttrace,user205,2,12
thoughttrace,user206,2,8
thoughttrace,user207,4,10
thoughttrace,user208,5,16
thoughttrace,user209,2,8
thoughttrace,user21,2,20
thoughttrace,user210,2,18
thoughttrace,user211,2,8
thoughttrace,user212,2,12
thoughttrace,user213,2,10
thoughttrace,user214,2,30
thoughttrace,user215,2,24
thoughttrace,user216,2,4
thoughttrace,user217,2,12
thoughttrace,user218,2,6
thoughttrace,user219,2,8
thoughttrace,user22,2,14
thoughttrace,user220,2,22
thoughttrace,user221,2,22
thoughttrace,user222,2,26
thoughttrace,user223,2,16
thoughttrace,user224,2,28
thoughttrace,user225,2,22
thoughttrace,user226,2,38
thoughttrace,user227,2,6
thoughttrace,user228,2,24
thoughttrace,user229,2,14
thoughttrace,user23,2,8
thoughttrace,user230,2,10
thoughttrace,user231,2,14
thoughttrace,user232,2,16
thoughttrace,user233,2,26
thoughttrace,user234,2,14
thoughttrace,user235,2,20
thoughttrace,user236,2,10
thoughttrace,user237,2,10
thoughttrace,user238,2,14
thoughttrace,user239,3,26
thoughttrace,user24,2,16
thoughttrace,user240,2,18
thoughttrace,user241,2,8
thoughttrace,user242,2,22
thoughttrace,user243,2,10
thoughttrace,user244,2,8
thoughttrace,user245,2,12
thoughttrace,user246,2,4
thoughttrace,user247,2,26
thoughttrace,user248,4,16
thoughttrace,user249,2,6
thoughttrace,user25,2,18
thoughttrace,user250,2,12
thoughttrace,user251,2,14
thoughttrace,user252,2,12
thoughttrace,user253,2,16
thoughttrace,user254,2,10
thoughttrace,user255,2,12
thoughttrace,user256,2,8
thoughttrace,user257,2,8
thoughttrace,user258,2,30
thoughttrace,user259,2,16
thoughttrace,user26,2,8
thoughttrace,user260,2,18
thoughttrace,user261,2,8
thoughttrace,user262,2,10
thoughttrace,user263,2,14
thoughttrace,user264,2,16
thoughttrace,user265,1,10
thoughttrace,user266,2,26
thoughttrace,user267,2,6
thoughttrace,user268,2,18
thoughttrace,user269,2,10
thoughttrace,user27,3,26
thoughttrace,user270,2,26
thoughttrace,user271,2,20
thoughttrace,user272,2,10
thoughttrace,user273,2,26
thoughttrace,user274,2,22
thoughttrace,user275,2,36
thoughttrace,user276,2,14
thoughttrace,user277,2,22
thoughttrace,user278,2,26
thoughttrace,user279,2,10
thoughttrace,user28,2,18
thoughttrace,user280,2,24
thoughttrace,user281,2,20
thoughttrace,user282,2,16
thoughttrace,user283,2,16
thoughttrace,user284,2,18
thoughttrace,user285,2,6
thoughttrace,user286,2,12
thoughttrace,user287,1,10
thoughttrace,user288,2,24
thoughttrace,user289,2,10
thoughttrace,user29,2,18
thoughttrace,user290,2,18
thoughttrace,user291,2,6
thoughttrace,user292,2,20
thoughttrace,user293,2,18
thoughttrace,user294,2,18
thoughttrace,user295,2,16
thoughttrace,user296,3,26
thoughttrace,user297,2,16
thoughttrace,user298,2,16
thoughttrace,user299,2,24
thoughttrace,user3,2,40
thoughttrace,user30,2,24
thoughttrace,user300,2,32
thoughttrace,user301,2,36
thoughttrace,user302,2,20
thoughttrace,user303,2,16
thoughttrace,user304,2,18
thoughttrace,user305,2,18
thoughttrace,user306,2,18
thoughttrace,user307,1,14
thoughttrace,user308,2,12
thoughttrace,user309,2,18
thoughttrace,user31,2,24
thoughttrace,user310,2,22
thoughttrace,user311,2,20
thoughttrace,user312,2,14
thoughttrace,user313,2,22
thoughttrace,user314,2,14
thoughttrace,user315,2,34
thoughttrace,user316,2,30
thoughttrace,user317,2,16
thoughttrace,user318,1,8
thoughttrace,user319,2,12
thoughttrace,user32,4,24
thoughttrace,user320,2,24
thoughttrace,user321,2,4
thoughttrace,user322,3,8
thoughttrace,user323,3,16
thoughttrace,user324,2,20
thoughttrace,user325,2,16
thoughttrace,user326,2,10
thoughttrace,user327,2,16
thoughttrace,user328,2,16
thoughttrace,user329,2,20
thoughttrace,user33,2,34
thoughttrace,user330,2,24
thoughttrace,user331,3,6
thoughttrace,user332,2,10
thoughttrace,user333,2,12
thoughttrace,user334,1,10
thoughttrace,user335,2,8
thoughttrace,user336,2,40
thoughttrace,user337,2,12
thoughttrace,user338,2,4
thoughttrace,user339,2,16
thoughttrace,user34,2,16
thoughttrace,user340,2,10
thoughttrace,user341,2,18
thoughttrace,user342,2,12
thoughttrace,user343,2,16
thoughttrace,user344,2,14
thoughttrace,user345,2,20
thoughttrace,user346,2,14
thoughttrace,user347,2,16
thoughttrace,user348,2,16
thoughttrace,user349,2,24
thoughttrace,user35,2,16
thoughttrace,user350,2,8
thoughttrace,user351,2,32
thoughttrace,user352,2,20
thoughttrace,user353,2,24
thoughttrace,user354,2,20
thoughttrace,user355,2,14
thoughttrace,user356,2,18
thoughttrace,user357,2,40
thoughttrace,user358,2,16
thoughttrace,user359,2,26
thoughttrace,user36,2,18
thoughttrace,user360,3,22
thoughttrace,user361,2,8
thoughttrace,user362,2,10
thoughttrace,user363,2,30
thoughttrace,user364,2,4
thoughttrace,user365,2,50
thoughttrace,user366,2,16
thoughttrace,user367,2,20
thoughttrace,user368,2,26
thoughttrace,user369,2,32
thoughttrace,user37,2,32
thoughttrace,user370,2,16
thoughttrace,user371,2,30
thoughttrace,user372,2,28
thoughttrace,user373,1,8
thoughttrace,user374,2,14
thoughttrace,user375,2,22
thoughttrace,user376,2,24
thoughttrace,user377,2,4
thoughttrace,user378,2,12
thoughttrace,user379,2,6
thoughttrace,user38,2,16
thoughttrace,user380,2,12
thoughttrace,user381,3,32
thoughttrace,user382,2,16
thoughttrace,user383,2,16
thoughttrace,user384,2,22
thoughttrace,user385,2,10
thoughttrace,user386,2,32
thoughttrace,user387,2,32
thoughttrace,user388,2,4
thoughttrace,user389,2,20
thoughttrace,user39,2,10
thoughttrace,user390,2,14
thoughttrace,user391,2,16
thoughttrace,user392,2,16
thoughttrace,user393,2,12
thoughttrace,user394,2,16
thoughttrace,user395,2,14
thoughttrace,user396,3,20
thoughttrace,user397,2,26
thoughttrace,user398,2,8
thoughttrace,user399,2,12
thoughttrace,user4,2,42
thoughttrace,user40,2,10
thoughttrace,user400,2,16
thoughttrace,user401,2,6
thoughttrace,user402,2,20
thoughttrace,user403,3,30
thoughttrace,user404,2,16
thoughttrace,user405,2,14
thoughttrace,user406,3,18
thoughttrace,user407,3,18
thoughttrace,user408,2,24
thoughttrace,user409,2,16
thoughttrace,user41,2,20
thoughttrace,user410,2,12
thoughttrace,user411,2,26
thoughttrace,user412,2,14
thoughttrace,user413,2,8
thoughttrace,user414,2,44
thoughttrace,user415,2,22
thoughttrace,user416,1,14
thoughttrace,user417,2,16
thoughttrace,user418,2,28
thoughttrace,user419,2,10
thoughttrace,user42,3,10
thoughttrace,user420,2,36
thoughttrace,user421,2,8
thoughttrace,user422,3,24
thoughttrace,user423,2,18
thoughttrace,user424,3,32
thoughttrace,user425,4,8
thoughttrace,user426,2,24
thoughttrace,user427,2,30
thoughttrace,user428,2,4
thoughttrace,user429,2,20
thoughttrace,user43,2,4
thoughttrace,user430,2,14
thoughttrace,user431,2,28
thoughttrace,user432,2,38
thoughttrace,user433,2,24
thoughttrace,user434,2,30
thoughttrace,user435,2,28
thoughttrace,user436,2,34
thoughttrace,user437,2,12
thoughttrace,user438,2,14
thoughttrace,user439,2,24
thoughttrace,user44,2,24
thoughttrace,user440,3,16
thoughttrace,user441,2,44
thoughttrace,user442,3,34
thoughttrace,user443,2,10
thoughttrace,user444,2,22
thoughttrace,user445,2,16
thoughttrace,user446,2,28
thoughttrace,user447,2,18
thoughttrace,user448,2,6
thoughttrace,user449,2,26
thoughttrace,user45,2,22
thoughttrace,user450,2,18
thoughttrace,user451,2,10
thoughttrace,user452,2,20
thoughttrace,user453,2,8
thoughttrace,user454,2,10
thoughttrace,user455,2,4
thoughttrace,user456,2,12
thoughttrace,user457,2,12
thoughttrace,user458,2,18
thoughttrace,user459,2,14
thoughttrace,user46,2,22
thoughttrace,user460,3,12
thoughttrace,user461,2,14
thoughttrace,user462,2,10
thoughttrace,user463,3,6
thoughttrace,user464,2,10
thoughttrace,user465,2,26
thoughttrace,user466,2,18
thoughttrace,user467,2,14
thoughttrace,user468,2,20
thoughttrace,user469,2,18
thoughttrace,user47,3,8
thoughttrace,user470,2,16
thoughttrace,user471,2,4
thoughttrace,user472,2,20
thoughttrace,user473,2,42
thoughttrace,user474,2,12
thoughttrace,user475,2,6
thoughttrace,user476,2,18
thoughttrace,user477,2,10
thoughttrace,user478,2,14
thoughttrace,user479,2,22
thoughttrace,user48,2,4
thoughttrace,user480,3,20
thoughttrace,user481,2,22
thoughttrace,user482,2,4
thoughttrace,user483,2,8
thoughttrace,user484,2,24
thoughttrace,user485,1,10
thoughttrace,user486,2,4
thoughttrace,user487,3,14
thoughttrace,user488,2,10
thoughttrace,user489,2,12
thoughttrace,user49,2,14
thoughttrace,user490,2,4
thoughttrace,user491,2,12
thoughttrace,user492,2,8
thoughttrace,user493,2,16
thoughttrace,user494,2,14
thoughttrace,user495,1,8
thoughttrace,user496,2,4
thoughttrace,user497,2,12
thoughttrace,user498,2,10
thoughttrace,user499,2,22
thoughttrace,user5,2,4
thoughttrace,user50,2,14
thoughttrace,user500,2,18
thoughttrace,user501,2,12
thoughttrace,user502,2,14
thoughttrace,user503,3,16
thoughttrace,user504,2,28
thoughttrace,user505,2,28
thoughttrace,user506,2,22
thoughttrace,user507,2,24
thoughttrace,user508,2,26
thoughttrace,user509,2,36
thoughttrace,user51,2,16
thoughttrace,user510,2,38
thoughttrace,user511,2,6
thoughttrace,user512,2,22
thoughttrace,user513,2,32
thoughttrace,user514,2,20
thoughttrace,user515,2,32
thoughttrace,user516,2,24
thoughttrace,user517,2,30
thoughttrace,user518,2,38
thoughttrace,user519,2,4
thoughttrace,user52,2,8
thoughttrace,user520,2,24
thoughttrace,user521,2,18
thoughttrace,user522,2,14
thoughttrace,user523,2,6
thoughttrace,user524,2,4
thoughttrace,user525,2,14
thoughttrace,user526,2,4
thoughttrace,user527,3,20
thoughttrace,user528,2,40
thoughttrace,user529,2,60
thoughttrace,user53,2,12
thoughttrace,user530,2,28
thoughttrace,user531,2,28
thoughttrace,user532,2,24
thoughttrace,user533,2,16
thoughttrace,user534,2,14
thoughttrace,user535,2,14
thoughttrace,user536,1,8
thoughttrace,user537,2,36
thoughttrace,user538,2,4
thoughttrace,user539,2,24
thoughttrace,user54,2,14
thoughttrace,user540,8,30
thoughttrace,user541,2,16
thoughttrace,user542,2,40
thoughttrace,user543,2,24
thoughttrace,user544,2,16
thoughttrace,user545,2,32
thoughttrace,user546,2,22
thoughttrace,user547,2,26
thoughttrace,user548,2,8
thoughttrace,user549,2,14
thoughttrace,user55,2,32
thoughttrace,user550,2,14
thoughttrace,user551,2,12
thoughttrace,user552,1,8
thoughttrace,user553,2,8
thoughttrace,user554,2,4
thoughttrace,user555,2,20
thoughttrace,user556,2,14
thoughttrace,user557,2,22
thoughttrace,user558,2,18
thoughttrace,user559,2,22
thoughttrace,user56,2,8
thoughttrace,user560,2,12
thoughttrace,user561,2,12
thoughttrace,user562,2,10
thoughttrace,user563,2,4
thoughttrace,user564,2,22
thoughttrace,user565,2,4
thoughttrace,user566,2,8
thoughttrace,user567,2,8
thoughttrace,user568,2,18
thoughttrace,user569,2,8
thoughttrace,user57,2,10
thoughttrace,user570,2,20
thoughttrace,user571,2,16
thoughttrace,user572,3,26
thoughttrace,user573,1,6
thoughttrace,user574,2,20
thoughttrace,user575,3,8
thoughttrace,user576,2,14
thoughttrace,user577,2,16
thoughttrace,user578,2,34
thoughttrace,user579,2,8
thoughttrace,user58,2,8
thoughttrace,user580,2,6
thoughttrace,user581,2,12
thoughttrace,user582,1,14
thoughttrace,user583,2,16
thoughttrace,user584,2,32
thoughttrace,user585,2,34
thoughttrace,user586,3,28
thoughttrace,user587,2,6
thoughttrace,user588,2,12
thoughttrace,user589,1,8
thoughttrace,user59,4,8
thoughttrace,user590,2,6
thoughttrace,user591,1,8
thoughttrace,user592,2,16
thoughttrace,user593,2,12
thoughttrace,user594,2,4
thoughttrace,user595,2,14
thoughttrace,user596,2,8
thoughttrace,user597,2,12
thoughttrace,user598,2,10
thoughttrace,user599,2,12
thoughttrace,user6,2,30
thoughttrace,user60,2,8
thoughttrace,user600,2,6
thoughttrace,user601,1,4
thoughttrace,user602,2,4
thoughttrace,user603,2,8
thoughttrace,user604,2,16
thoughttrace,user605,2,8
thoughttrace,user606,2,6
thoughttrace,user607,2,6
thoughttrace,user608,2,18
thoughttrace,user609,2,22
thoughttrace,user61,2,12
thoughttrace,user610,2,6
thoughttrace,user611,2,14
thoughttrace,user612,2,12
thoughttrace,user613,2,4
thoughttrace,user614,2,18
thoughttrace,user615,2,14
thoughttrace,user616,3,18
thoughttrace,user617,2,10
thoughttrace,user618,2,10
thoughttrace,user619,2,20
thoughttrace,user62,2,16
thoughttrace,user620,3,8
thoughttrace,user621,2,14
thoughttrace,user622,2,10
thoughttrace,user623,2,14
thoughttrace,user624,2,12
thoughttrace,user625,2,24
thoughttrace,user626,2,8
thoughttrace,user627,2,16
thoughttrace,user628,2,18
thoughttrace,user629,2,18
thoughttrace,user63,2,10
thoughttrace,user630,2,20
thoughttrace,user631,2,16
thoughttrace,user632,2,28
thoughttrace,user633,2,28
thoughttrace,user634,2,14
thoughttrace,user635,2,20
thoughttrace,user636,2,10
thoughttrace,user637,2,8
thoughttrace,user638,2,16
thoughttrace,user639,2,10
thoughttrace,user64,2,8
thoughttrace,user640,2,18
thoughttrace,user641,3,20
thoughttrace,user642,2,8
thoughttrace,user643,2,22
thoughttrace,user644,2,16
thoughttrace,user645,5,14
thoughttrace,user646,2,24
thoughttrace,user647,2,18
thoughttrace,user648,2,16
thoughttrace,user649,2,14
thoughttrace,user65,2,14
thoughttrace,user650,2,26
thoughttrace,user651,1,14
thoughttrace,user652,2,16
thoughttrace,user653,2,14
thoughttrace,user654,1,6
thoughttrace,user655,2,22
thoughttrace,user656,2,24
thoughttrace,user657,2,12
thoughttrace,user658,3,12
thoughttrace,user659,2,14
thoughttrace,user66,2,18
thoughttrace,user660,2,32
thoughttrace,user661,2,36
thoughttrace,user662,2,8
thoughttrace,user663,2,22
thoughttrace,user664,4,10
thoughttrace,user665,2,16
thoughttrace,user666,2,16
thoughttrace,user667,2,20
thoughttrace,user668,2,22
thoughttrace,user669,2,22
thoughttrace,user67,2,22
thoughttrace,user670,2,12
thoughttrace,user671,2,20
thoughttrace,user672,2,22
thoughttrace,user673,2,18
thoughttrace,user674,2,22
thoughttrace,user675,2,18
thoughttrace,user676,2,22
thoughttrace,user677,2,20
thoughttrace,user678,2,10
thoughttrace,user679,2,34
thoughttrace,user68,2,16
thoughttrace,user680,2,30
thoughttrace,user681,3,26
thoughttrace,user682,2,16
thoughttrace,user683,2,22
thoughttrace,user684,2,18
thoughttrace,user685,3,12
thoughttrace,user686,2,22
thoughttrace,user687,2,4
thoughttrace,user688,2,34
thoughttrace,user689,2,8
thoughttrace,user69,2,18
thoughttrace,user690,3,16
thoughttrace,user691,1,14
thoughttrace,user692,2,12
thoughttrace,user693,2,32
thoughttrace,user694,3,14
thoughttrace,user695,2,14
thoughttrace,user696,4,38
thoughttrace,user697,1,8
thoughttrace,user698,3,20
thoughttrace,user699,1,20
thoughttrace,user7,2,14
thoughttrace,user70,2,20
thoughttrace,user700,2,20
thoughttrace,user701,2,8
thoughttrace,user702,2,20
thoughttrace,user703,2,10
thoughttrace,user704,2,18
thoughttrace,user705,2,8
thoughttrace,user706,2,14
thoughttrace,user707,2,26
thoughttrace,user708,2,12
thoughttrace,user709,2,14
thoughttrace,user71,2,12
thoughttrace,user710,2,14
thoughttrace,user711,2,12
thoughttrace,user712,2,10
thoughttrace,user713,2,12
thoughttrace,user714,1,16
thoughttrace,user715,1,4
thoughttrace,user716,1,8
thoughttrace,user717,2,22
thoughttrace,user718,2,16
thoughttrace,user719,2,28
thoughttrace,user72,2,8
thoughttrace,user720,2,10
thoughttrace,user721,2,16
thoughttrace,user722,3,18
thoughttrace,user723,2,16
thoughttrace,user724,2,12
thoughttrace,user725,2,22
thoughttrace,user726,2,18
thoughttrace,user727,2,36
thoughttrace,user728,2,16
thoughttrace,user729,2,24
thoughttrace,user73,2,6
thoughttrace,user730,2,16
thoughttrace,user731,2,14
thoughttrace,user732,2,20
thoughttrace,user733,2,6
thoughttrace,user734,2,10
thoughttrace,user735,2,16
thoughttrace,user736,2,20
thoughttrace,user737,2,20
thoughttrace,user738,2,32
thoughttrace,user739,2,16
thoughttrace,user74,2,14
thoughttrace,user740,2,20
thoughttrace,user741,2,22
thoughttrace,user742,2,24
thoughttrace,user743,2,8
thoughttrace,user744,2,32
thoughttrace,user745,2,34
thoughttrace,user746,2,24
thoughttrace,user747,2,8
thoughttrace,user748,1,6
thoughttrace,user749,2,12
thoughttrace,user75,2,10
thoughttrace,user750,2,40
thoughttrace,user751,2,8
thoughttrace,user752,2,8
thoughttrace,user753,2,20
thoughttrace,user754,2,16
thoughttrace,user755,2,28
thoughttrace,user756,2,24
thoughttrace,user757,2,20
thoughttrace,user758,2,24
thoughttrace,user759,2,10
thoughttrace,user76,2,12
thoughttrace,user760,2,12
thoughttrace,user761,2,16
thoughttrace,user762,2,10
thoughttrace,user763,2,16
thoughttrace,user764,1,16
thoughttrace,user765,2,20
thoughttrace,user766,2,26
thoughttrace,user767,2,14
thoughttrace,user768,1,12
thoughttrace,user769,2,14
thoughttrace,user77,2,4
thoughttrace,user770,2,18
thoughttrace,user771,2,42
thoughttrace,user772,2,4
thoughttrace,user773,2,16
thoughttrace,user774,2,32
thoughttrace,user775,2,8
thoughttrace,user776,2,30
thoughttrace,user777,2,20
thoughttrace,user778,2,18
thoughttrace,user779,2,10
thoughttrace,user78,2,12
thoughttrace,user780,2,6
thoughttrace,user781,2,20
thoughttrace,user782,2,14
thoughttrace,user783,2,40
thoughttrace,user784,2,20
thoughttrace,user785,3,42
thoughttrace,user786,2,26
thoughttrace,user787,2,20
thoughttrace,user788,2,24
thoughttrace,user789,2,16
thoughttrace,user79,2,8
thoughttrace,user790,2,20
thoughttrace,user791,2,18
thoughttrace,user792,2,12
thoughttrace,user793,3,18
thoughttrace,user794,2,16
thoughttrace,user795,2,18
thoughttrace,user796,2,28
thoughttrace,user797,2,4
thoughttrace,user798,2,14
thoughttrace,user799,2,14
thoughttrace,user8,2,12
thoughttrace,user80,2,22
thoughttrace,user800,2,32
thoughttrace,user801,2,22
thoughttrace,user802,2,8
thoughttrace,user803,3,24
thoughttrace,user804,2,24
thoughttrace,user805,2,14
thoughttrace,user806,2,38
thoughttrace,user807,3,16
thoughttrace,user808,2,22
thoughttrace,user809,2,16
thoughttrace,user81,2,10
thoughttrace,user810,2,24
thoughttrace,user811,2,4
thoughttrace,user812,2,12
thoughttrace,user813,2,18
thoughttrace,user814,2,6
thoughttrace,user815,2,26
thoughttrace,user816,2,8
thoughttrace,user817,2,12
thoughttrace,user818,2,16
thoughttrace,user819,3,6
thoughttrace,user82,2,4
thoughttrace,user820,2,16
thoughttrace,user821,2,14
thoughttrace,user822,2,12
thoughttrace,user823,2,18
thoughttrace,user824,2,18
thoughttrace,user825,2,22
thoughttrace,user826,2,34
thoughttrace,user827,2,26
thoughttrace,user828,2,4
thoughttrace,user829,2,20
thoughttrace,user83,2,12
thoughttrace,user830,2,14
thoughttrace,user831,2,26
thoughttrace,user832,2,12
thoughttrace,user833,2,16
thoughttrace,user834,2,40
thoughttrace,user835,2,10
thoughttrace,user836,2,12
thoughttrace,user837,3,16
thoughttrace,user838,3,40
thoughttrace,user839,2,26
thoughttrace,user84,2,4
thoughttrace,user840,2,32
thoughttrace,user841,2,10
thoughttrace,user842,3,16
thoughttrace,user843,2,16
thoughttrace,user844,2,4
thoughttrace,user845,2,10
thoughttrace,user846,2,6
thoughttrace,user847,2,14
thoughttrace,user848,2,18
thoughttrace,user849,2,8
thoughttrace,user85,2,4
thoughttrace,user850,2,14
thoughttrace,user851,2,10
thoughttrace,user852,2,18
thoughttrace,user853,2,4
thoughttrace,user854,1,6
thoughttrace,user855,2,12
thoughttrace,user856,3,24
thoughttrace,user857,1,2
thoughttrace,user858,2,16
thoughttrace,user859,4,12
thoughttrace,user86,2,4
thoughttrace,user860,2,10
thoughttrace,user861,2,14
thoughttrace,user862,2,8
thoughttrace,user863,2,10
thoughttrace,user864,2,8
thoughttrace,user865,3,18
thoughttrace,user866,2,6
thoughttrace,user867,2,20
thoughttrace,user868,2,14
thoughttrace,user869,2,8
thoughttrace,user87,3,16
thoughttrace,user870,2,22
thoughttrace,user871,2,12
thoughttrace,user872,2,14
thoughttrace,user873,2,8
thoughttrace,user874,2,28
thoughttrace,user875,2,20
thoughttrace,user876,2,12
thoughttrace,user877,2,14
thoughttrace,user878,2,16
thoughttrace,user879,2,24
thoughttrace,user88,2,6
thoughttrace,user880,2,36
thoughttrace,user881,4,12
thoughttrace,user882,2,26
thoughttrace,user883,2,14
thoughttrace,user884,2,34
thoughttrace,user885,2,14
thoughttrace,user886,5,14
thoughttrace,user887,2,12
thoughttrace,user888,2,16
thoughttrace,user889,2,20
thoughttrace,user89,2,16
thoughttrace,user890,2,22
thoughttrace,user891,2,10
thoughttrace,user892,2,8
thoughttrace,user893,2,8
thoughttrace,user894,3,14
thoughttrace,user895,2,14
thoughttrace,user896,2,12
thoughttrace,user897,2,34
thoughttrace,user898,2,10
thoughttrace,user899,2,18
thoughttrace,user9,2,6
thoughttrace,user90,1,4
thoughttrace,user900,2,10
thoughttrace,user901,2,18
thoughttrace,user902,2,20
thoughttrace,user903,2,8
thoughttrace,user904,2,14
thoughttrace,user905,2,8
thoughttrace,user906,2,12
thoughttrace,user907,2,16
thoughttrace,user908,2,10
thoughttrace,user909,2,22
thoughttrace,user91,2,4
thoughttrace,user910,2,18
thoughttrace,user911,2,22
thoughttrace,user912,2,4
thoughttrace,user913,2,18
thoughttrace,user914,2,14
thoughttrace,user915,2,4
thoughttrace,user916,2,12
thoughttrace,user917,2,24
thoughttrace,user918,2,16
thoughttrace,user919,2,12
thoughttrace,user92,2,10
thoughttrace,user920,2,28
thoughttrace,user921,2,8
thoughttrace,user922,2,14
thoughttrace,user923,2,16
thoughttrace,user924,2,20
thoughttrace,user925,2,18
thoughttrace,user926,2,6
thoughttrace,user927,2,20
thoughttrace,user928,2,18
thoughttrace,user929,2,6
thoughttrace,user93,2,24
thoughttrace,user930,2,14
thoughttrace,user931,2,18
thoughttrace,user932,2,8
thoughttrace,user933,2,18
thoughttrace,user934,2,22
thoughttrace,user935,2,14
thoughttrace,user936,2,20
thoughttrace,user937,2,18
thoughttrace,user938,2,14
thoughttrace,user939,3,20
thoughttrace,user94,2,16
thoughttrace,user940,2,26
thoughttrace,user941,3,12
thoughttrace,user942,2,16
thoughttrace,user943,2,14
thoughttrace,user944,2,14
thoughttrace,user945,2,6
thoughttrace,user946,2,14
thoughttrace,user947,2,18
thoughttrace,user948,2,26
thoughttrace,user949,2,24
thoughttrace,user95,2,10
thoughttrace,user950,2,14
thoughttrace,user951,2,12
thoughttrace,user952,2,14
thoughttrace,user953,2,22
thoughttrace,user954,2,8
thoughttrace,user955,2,12
thoughttrace,user956,2,26
thoughttrace,user957,2,22
thoughttrace,user958,2,22
thoughttrace,user959,2,12
thoughttrace,user96,2,12
thoughttrace,user960,2,8
thoughttrace,user961,2,20
thoughttrace,user962,2,14
thoughttrace,user963,2,10
thoughttrace,user964,2,24
thoughttrace,user965,2,14
thoughttrace,user966,3,30
thoughttrace,user967,2,42
thoughttrace,user968,2,16
thoughttrace,user969,2,18
thoughttrace,user97,2,12
thoughttrace,user970,2,46
thoughttrace,user971,2,8
thoughttrace,user972,2,14
thoughttrace,user973,2,18
thoughttrace,user974,2,18
thoughttrace,user975,1,8
thoughttrace,user976,3,28
thoughttrace,user977,2,24
thoughttrace,user978,2,22
thoughttrace,user979,4,10
thoughttrace,user98,2,20
thoughttrace,user980,2,10
thoughttrace,user981,2,10
thoughttrace,user982,2,18
thoughttrace,user983,2,12
thoughttrace,user984,2,12
thoughttrace,user985,2,14
thoughttrace,user986,2,16
thoughttrace,user987,2,20
thoughttrace,user988,4,8
thoughttrace,user989,2,32
thoughttrace,user99,2,10
thoughttrace,user990,2,16
thoughttrace,user991,2,12
thoughttrace,user992,2,24
thoughttrace,user993,2,16
thoughttrace,user994,2,40
thoughttrace,user995,2,24
thoughttrace,user996,2,24
thoughttrace,user997,2,10
thoughttrace,user998,2,6
thoughttrace,user999,2,16
community_alignment,61571086213998,26,150
community_alignment,61571428663700,27,146
community_alignment,61571535067898,28,154
community_alignment,61571645173270,28,154
community_alignment,61571759696523,29,164
community_alignment,61572588880916,19,92
community_alignment,61572607540933,28,146
community_alignment,61572611921169,26,144
community_alignment,61572620411327,30,168
community_alignment,61572629921625,25,136
community_alignment,61572643031348,25,128
community_alignment,61572673361821,25,138
community_alignment,61572683111520,28,152
community_alignment,61572702917563,25,132
community_alignment,61572723287435,15,32
community_alignment,61572724157090,27,146
community_alignment,61572727877346,27,150
community_alignment,61572728411956,39,208
community_alignment,61572731112276,26,142
community_alignment,61572766786766,27,148
community_alignment,61572773292795,27,134
community_alignment,61572773866178,4,24
community_alignment,61572775512570,27,156
community_alignment,61572775543166,22,120
community_alignment,61572786436276,28,150
community_alignment,61572788022898,30,164
community_alignment,61572803443414,28,152
community_alignment,61572806113212,28,152
community_alignment,61572815085425,249,1538
community_alignment,61572817333773,25,132
community_alignment,61572830323521,24,122
community_alignment,61572836863942,31,166
community_alignment,61572854504279,26,140
community_alignment,61572871334638,31,176
community_alignment,61572882850263,30,162
community_alignment,61572892659615,29,164
community_alignment,61572893499743,26,138
community_alignment,61572894219651,27,150
community_alignment,61572894309691,26,144
community_alignment,61572896739506,22,118
community_alignment,61572897099580,21,96
community_alignment,61572905289253,29,156
community_alignment,61572907778982,28,156
community_alignment,61572910058877,27,146
community_alignment,61572911049040,7,38
community_alignment,61572912788486,29,160
community_alignment,61572914558646,29,158
community_alignment,61572924338324,31,172
community_alignment,61572930967924,28,134
community_alignment,61572931087920,32,180
community_alignment,61572939577297,28,144
community_alignment,61572939997623,44,246
community_alignment,61572943207332,26,146
community_alignment,61572945636998,30,164
community_alignment,61572946057675,29,160
community_alignment,61572949386705,2,8
community_alignment,61572954306907,30,166
community_alignment,61572954786814,21,108
community_alignment,61572964686191,25,132
community_alignment,61572965826051,25,132
community_alignment,61572976475726,24,134
community_alignment,61572980405370,41,196
community_alignment,61572985534941,23,134
community_alignment,61572986945032,22,124
community_alignment,61572987845124,11,74
community_alignment,61572990814920,28,130
community_alignment,61572991877824,28,152
community_alignment,61572994007723,30,168
community_alignment,61572995087805,35,186
community_alignment,61572995584458,21,116
community_alignment,61572997037834,30,160
community_alignment,61572999467476,55,310
community_alignment,61573001614545,2,12
community_alignment,61573003997283,24,132
community_alignment,61573007524060,30,158
community_alignment,61573009923799,29,160
community_alignment,61573011363724,26,142
community_alignment,61573012877681,27,146
community_alignment,61573015803295,111,572
community_alignment,61573016133369,29,158
community_alignment,61573018383344,31,168
community_alignment,61573021846202,28,150
community_alignment,61573022597906,28,148
community_alignment,61573022866409,24,124
community_alignment,61573023483077,27,148
community_alignment,61573024936314,20,102
community_alignment,61573025103065,4,16
community_alignment,61573026166194,27,152
community_alignment,61573026362927,2,8
community_alignment,61573029377619,21,118
community_alignment,61573029962728,22,44
community_alignment,61573033592817,84,432
community_alignment,61573036322799,25,144
community_alignment,61573036773006,25,128
community_alignment,61573040625137,29,158
community_alignment,61573040866594,27,148
community_alignment,61573041212282,28,156
community_alignment,61573042665508,26,136
community_alignment,61573043372523,26,140
community_alignment,61573044002499,27,148
community_alignment,61573044255129,25,138
community_alignment,61573044272015,28,144
community_alignment,61573045845052,1,4
community_alignment,61573049582066,30,160
community_alignment,61573050061893,32,176
community_alignment,61573050134709,26,142
community_alignment,61573051725192,14,52
community_alignment,61573053375071,29,162
community_alignment,61573054454503,30,162
community_alignment,61573059764597,19,102
community_alignment,61573060664322,4,16
community_alignment,61573062134347,31,170
community_alignment,61573068253886,26,134
community_alignment,61573071750653,26,146
community_alignment,61573072801000,29,148
community_alignment,61573074840596,28,148
community_alignment,61573077210264,27,142
community_alignment,61573079190124,23,126
community_alignment,61573081243092,28,156
community_alignment,61573082100143,23,118
community_alignment,61573082234749,28,156
community_alignment,61573088549702,31,172
community_alignment,61573089179589,27,146
community_alignment,61573090242830,18,94
community_alignment,61573091892807,30,168
community_alignment,61573096872644,9,52
community_alignment,61573098852520,92,470
community_alignment,61573098989704,29,162
community_alignment,61573101102368,29,164
community_alignment,61573103532085,1,4
community_alignment,61573104929262,34,190
community_alignment,61573108228452,27,148
community_alignment,61573108333376,21,110
community_alignment,61573111393018,30,166
community_alignment,61573112278516,29,156
community_alignment,61573112383233,26,138
community_alignment,61573114108669,28,152
community_alignment,61573116313116,19,106
community_alignment,61573116551721,25,128
community_alignment,61573117901512,28,146
community_alignment,61573119868261,19,108
community_alignment,61573121848000,93,556
community_alignment,61573123138096,32,164
community_alignment,61573126917814,15,82
community_alignment,61573127877600,1,8
community_alignment,61573128238099,30,160
community_alignment,61573129617310,27,148
community_alignment,61573131942114,25,138
community_alignment,61573132062403,25,134
community_alignment,61573134147587,30,160
community_alignment,61573135150612,17,34
community_alignment,61573135240533,28,148
community_alignment,61573135722026,2,12
community_alignment,61573139860340,27,144
community_alignment,61573141390378,38,198
community_alignment,61573143011510,25,132
community_alignment,61573143206908,28,154
community_alignment,61573144706564,15,76
community_alignment,61573149746621,22,116
community_alignment,61573150689906,13,72
community_alignment,61573151409659,18,88
community_alignment,61573153136488,29,146
community_alignment,61573157499430,27,144
community_alignment,61573160110760,28,152
community_alignment,61573160396182,29,142
community_alignment,61573161129574,21,100
community_alignment,61573163020742,40,220
community_alignment,61573163948929,28,150
community_alignment,61573164866365,1,4
community_alignment,61573166365827,29,164
community_alignment,61573167310365,19,38
community_alignment,61573167969034,28,152
community_alignment,61573168045832,27,152
community_alignment,61573175695316,24,134
community_alignment,61573181588473,29,158
community_alignment,61573181815163,11,54
community_alignment,61573182145121,23,128
community_alignment,61573182549450,23,122
community_alignment,61573183358303,27,144
community_alignment,61573185384919,23,114
community_alignment,61573191204630,23,122
community_alignment,61573191954824,27,152
community_alignment,61573194127645,26,136
community_alignment,61573196827185,44,214
community_alignment,61573197384523,25,134
community_alignment,61573198854543,29,154
community_alignment,61573204057105,24,126
community_alignment,61573205543869,28,156
community_alignment,61573205754045,27,150
community_alignment,61573206864084,28,146
community_alignment,61573207823837,32,176
community_alignment,61573212398163,26,140
community_alignment,61573212683548,28,150
community_alignment,61573212846972,29,162
community_alignment,61573216118266,21,98
community_alignment,61573216356608,28,156
community_alignment,61573217543255,28,154
community_alignment,61573218173433,31,166
community_alignment,61573218216442,6,32
community_alignment,61573219236268,4,14
community_alignment,61573221277776,27,154
community_alignment,61573221426285,27,150
community_alignment,61573230966143,29,156
community_alignment,61573238632843,28,156
community_alignment,61573246867422,27,140
community_alignment,61573250572741,31,168
community_alignment,61573259482479,28,154
community_alignment,61573286615490,28,146
community_alignment,61573291102125,26,134
community_alignment,61573294025385,21,114
community_alignment,61573296905353,29,162
community_alignment,61573297146648,22,108
community_alignment,61573306072107,27,138
community_alignment,61573326904800,26,140
community_alignment,61573334466336,21,114
community_alignment,61573358494546,30,164
community_alignment,61573361584445,100,484
community_alignment,61573376404449,26,146
community_alignment,61573376435892,34,184
community_alignment,61573380245557,28,158
community_alignment,61573382044188,51,238
community_alignment,61573382480931,29,160
community_alignment,61573384551006,30,166
community_alignment,61573386275336,29,162
community_alignment,61573389545206,25,142
community_alignment,61573394763409,26,150
community_alignment,61573395394803,30,166
community_alignment,61573397313375,28,152
community_alignment,61573399053277,23,122
community_alignment,61573401574373,25,128
community_alignment,61573402803084,29,160
community_alignment,61573411504187,26,134
community_alignment,61573420533626,30,162
community_alignment,61573421973727,27,148
community_alignment,61573423472399,24,136
community_alignment,61573425182192,25,140
community_alignment,61573432681814,28,148
community_alignment,61573432831868,25,136
community_alignment,61573433221729,24,128
community_alignment,61573436851390,27,140
community_alignment,61573437931596,25,142
community_alignment,61573445402717,26,146
community_alignment,61573450021139,30,162
community_alignment,61573450170903,18,96
community_alignment,61573455300594,30,158
community_alignment,61573456230509,28,154
community_alignment,61573457190528,27,138
community_alignment,61573457460786,26,140
community_alignment,61573466431893,25,130
community_alignment,61573471080048,29,158
community_alignment,61573482989719,27,148
community_alignment,61573489649730,28,154
community_alignment,61573496429300,28,148
community_alignment,61573499489519,24,128
community_alignment,61573501187041,27,136
community_alignment,61573503322985,28,146
community_alignment,61573503869339,11,72
community_alignment,61573504109295,1,8
community_alignment,61573504404587,22,120
community_alignment,61573504853111,55,298
community_alignment,61573506173288,28,146
community_alignment,61573508699440,28,154
community_alignment,61573509419161,25,136
community_alignment,61573516080607,26,132
community_alignment,61573519258936,26,138
community_alignment,61573523878226,25,136
community_alignment,61573528079981,29,158
community_alignment,61573528558180,28,150
community_alignment,61573535127953,24,134
community_alignment,61573535549602,26,132
community_alignment,61573536537887,25,130
community_alignment,61573536988081,22,114
community_alignment,61573537227813,60,308
community_alignment,61573539089036,28,154
community_alignment,61573540619004,27,146
community_alignment,61573540677615,72,442
community_alignment,61573543259106,28,152
community_alignment,61573544637558,22,122
community_alignment,61573545838807,23,130
community_alignment,61573549288635,24,122
community_alignment,61573551358407,23,130
community_alignment,61573552737149,29,150
community_alignment,61573552948536,26,140
community_alignment,61573560026602,32,164
community_alignment,61573560866595,27,142
community_alignment,61573561197818,28,150
community_alignment,61573562696534,27,144
community_alignment,61573564257978,27,152
community_alignment,61573566207733,71,384
community_alignment,61573568066335,27,142
community_alignment,61573569477537,16,78
community_alignment,61573569926200,29,156
community_alignment,61573577515864,29,158
community_alignment,61573578415761,25,126
community_alignment,61573579197036,7,40
community_alignment,61573579945781,24,132
community_alignment,61573581955402,30,166
community_alignment,61573584145193,29,158
community_alignment,61573584325587,46,256
community_alignment,61573587415133,25,136
community_alignment,61573588616749,28,156
community_alignment,61573590145100,28,148
community_alignment,61573593806567,22,100
community_alignment,61573594224561,8,38
community_alignment,61573596774794,27,144
community_alignment,61573597434647,27,144
community_alignment,61573598186103,31,168
community_alignment,61573600314562,23,132
community_alignment,61573600374605,30,162
community_alignment,61573601696076,20,116
community_alignment,61573604424378,3,12
community_alignment,61573619065225,27,142
community_alignment,61573620977018,27,150
community_alignment,61573623174956,27,148
community_alignment,61573623976958,24,134
community_alignment,61573624637189,24,138
community_alignment,61573638622824,25,128
community_alignment,61573639284043,28,154
community_alignment,61573639576797,25,138
community_alignment,61573643991690,28,56
community_alignment,61573645455245,27,144
community_alignment,61573657275638,28,148
community_alignment,61573657822094,23,124
community_alignment,61573666185135,28,146
community_alignment,61573677201218,25,134
community_alignment,61573678732836,27,56
community_alignment,61573680682759,31,172
community_alignment,61573682391107,27,150
community_alignment,61573684430927,29,156
community_alignment,61573686134471,27,138
community_alignment,61573689080850,6,38
community_alignment,61573693491518,14,64
community_alignment,61573697084008,30,166
community_alignment,61573712511017,39,192
community_alignment,61573715443354,25,134
community_alignment,61573725732921,23,134
community_alignment,61573733412627,26,130
community_alignment,61573733892332,30,160
community_alignment,61573754471228,23,122
community_alignment,61573765840632,17,90
community_alignment,61573772530162,28,146
community_alignment,61573794759369,3,12
community_alignment,61573815667956,24,132
community_alignment,61573817167860,26,146
community_alignment,61573827278089,25,134
community_alignment,61573849896345,24,128
community_alignment,61573850384791,25,140
community_alignment,61573876354741,27,150
community_alignment,61573898073852,23,134
community_alignment,61573902003588,25,136
community_alignment,61573912293182,26,148
community_alignment,61573913763035,19,102
community_alignment,61573921443182,29,164
community_alignment,61573929602122,25,136
community_alignment,61573930771989,26,138
community_alignment,61573931822972,28,146
community_alignment,61573941970022,26,140
community_alignment,61573950781191,23,128
community_alignment,61573964580457,24,128
community_alignment,61573966770908,11,64
community_alignment,61573991159649,27,152
community_alignment,61574002618292,32,176
community_alignment,61574016357743,25,136
community_alignment,61574024547460,22,114
community_alignment,61574047196829,26,146
community_alignment,61574051276067,24,130
community_alignment,61574052716001,22,90
community_alignment,61574053119016,18,108
community_alignment,61574069335708,28,152
community_alignment,61574071554987,35,178
community_alignment,61574074315502,27,140
community_alignment,61574075455618,26,134
community_alignment,61574078395311,25,138
community_alignment,61574082594447,23,130
community_alignment,61574083374955,6,38
community_alignment,61574083854222,29,154
community_alignment,61574087694242,28,144
community_alignment,61574089824069,25,142
community_alignment,61574100204041,27,148
community_alignment,61574121743134,22,116
community_alignment,61574128582078,28,154
community_alignment,61574131042566,26,144
community_alignment,61574133694746,36,202
community_alignment,61574134851681,28,154
community_alignment,61574145531188,24,136
community_alignment,61574154680750,15,66
community_alignment,61574526892093,29,164
community_alignment,61574638517874,17,108
community_alignment,61574638637795,32,172
community_alignment,61574645717602,3,18
community_alignment,61574646287639,19,88
community_alignment,61574647307311,2,16
community_alignment,61574647397560,28,150
community_alignment,61574651897378,29,162
community_alignment,61574652767188,26,140
community_alignment,61574663446781,25,142
community_alignment,61574663866130,13,60
community_alignment,61574668876113,5,10
community_alignment,61574671366073,7,28
community_alignment,61574671996116,1,6
community_alignment,61574673286186,7,54
community_alignment,61574673706107,28,148
community_alignment,61574674005988,27,154
community_alignment,61574675836237,14,62
community_alignment,61574679645828,30,166
community_alignment,61574680215788,28,56
community_alignment,61574683665690,7,36
community_alignment,61574685795214,12,24
community_alignment,61574688555170,25,138
community_alignment,61574689937883,31,164
community_alignment,61574691045068,17,92
community_alignment,61574691255198,28,150
community_alignment,61574691677772,8,50
community_alignment,61574691705220,26,142
community_alignment,61574695874868,15,68
community_alignment,61574696837820,6,34
community_alignment,61574697317538,1,8
community_alignment,61574698277658,27,152
community_alignment,61574699474640,26,140
community_alignment,61574708867579,31,170
community_alignment,61574709194793,5,36
community_alignment,61574709227973,26,142
community_alignment,61574709377155,29,158
community_alignment,61574710427546,51,272
community_alignment,61574710487320,22,120
community_alignment,61574711024379,16,100
community_alignment,61574712167927,30,160
community_alignment,61574713064341,29,160
community_alignment,61574713663955,43,224
community_alignment,61574713698005,3,6
community_alignment,61574714597809,26,132
community_alignment,61574714834557,12,68
community_alignment,61574715014007,2,12
community_alignment,61574715494235,23,132
community_alignment,61574715914295,9,36
community_alignment,61574715977919,33,212
community_alignment,61574716667968,26,134
community_alignment,61574716877116,26,142
community_alignment,61574717327660,28,92
community_alignment,61574717894352,15,72
community_alignment,61574718794139,6,48
community_alignment,61574718977998,3,24
community_alignment,61574719394258,20,108
community_alignment,61574719937749,2,6
community_alignment,61574720774023,29,162
community_alignment,61574720836998,1,2
community_alignment,61574721496879,2,4
community_alignment,61574722303813,31,164
community_alignment,61574722963735,27,154
community_alignment,61574723117491,17,94
community_alignment,61574723297680,28,158
community_alignment,61574724694065,2,10
community_alignment,61574724737317,30,162
community_alignment,61574724887390,22,126
community_alignment,61574724947307,23,132
community_alignment,61574725486505,29,162
community_alignment,61574726476500,28,150
community_alignment,61574727227287,61,306
community_alignment,61574727287239,3,24
community_alignment,61574727556591,16,80
community_alignment,61574727767195,26,144
community_alignment,61574728307426,27,148
community_alignment,61574728486539,26,144
community_alignment,61574728786524,19,38
community_alignment,61574729597565,1,8
community_alignment,61574730076215,28,150
community_alignment,61574730557113,24,126
community_alignment,61574730673607,64,288
community_alignment,61574731753300,13,56
community_alignment,61574732863301,28,148
community_alignment,61574733253298,1,4
community_alignment,61574733616962,3,12
community_alignment,61574733766948,27,146
community_alignment,61574733946017,21,116
community_alignment,61574734366074,6,34
community_alignment,61574734876790,24,128
community_alignment,61574735236203,3,16
community_alignment,61574736013050,8,44
community_alignment,61574737216943,24,126
community_alignment,61574737663085,21,116
community_alignment,61574738293203,17,86
community_alignment,61574738537928,26,136
community_alignment,61574739676017,37,208
community_alignment,61574744595777,23,126
community_alignment,61574744746717,3,24
community_alignment,61574746156276,17,34
community_alignment,61574747655692,11,44
community_alignment,61574749516599,16,50
community_alignment,61574749756596,27,140
community_alignment,61574749786537,27,154
community_alignment,61574750145593,24,118
community_alignment,61574751465729,17,98
community_alignment,61574752002783,31,176
community_alignment,61574752065681,21,110
community_alignment,61574752273127,36,200
community_alignment,61574753417725,21,62
community_alignment,61574754285907,32,168
community_alignment,61574754916100,30,136
community_alignment,61574755186419,10,40
community_alignment,61574756147526,21,114
community_alignment,61574756175343,13,26
community_alignment,61574756837546,13,26
community_alignment,61574756985933,4,18
community_alignment,61574757192455,26,142
community_alignment,61574757195996,16,98
community_alignment,61574758032506,35,192
community_alignment,61574759116162,6,24
community_alignment,61574759507518,11,22
community_alignment,61574759775784,15,66
community_alignment,61574760312216,27,142
community_alignment,61574760582067,26,142
community_alignment,61574761245232,29,158
community_alignment,61574761452174,36,154
community_alignment,61574761572305,27,152
community_alignment,61574761845458,28,154
community_alignment,61574763015832,26,136
community_alignment,61574764455076,25,140
community_alignment,61574764605724,24,124
community_alignment,61574764996945,21,112
community_alignment,61574765504912,2,8
community_alignment,61574766821949,30,168
community_alignment,61574767872008,27,150
community_alignment,61574768265684,35,192
community_alignment,61574768291978,5,38
community_alignment,61574768956950,29,160
community_alignment,61574769614945,18,96
community_alignment,61574769976794,20,88
community_alignment,61574770391897,30,172
community_alignment,61574770785493,20,128
community_alignment,61574771265471,31,174
community_alignment,61574771655226,20,104
community_alignment,61574772255183,31,172
community_alignment,61574772375215,29,156
community_alignment,61574773815444,35,196
community_alignment,61574773905204,22,92
community_alignment,61574774205222,23,126
community_alignment,61574774474598,7,38
community_alignment,61574774501694,23,116
community_alignment,61574775255311,4,32
community_alignment,61574775281781,29,156
community_alignment,61574775285340,26,144
community_alignment,61574775586737,18,100
community_alignment,61574775824444,24,130
community_alignment,61574775825212,20,112
community_alignment,61574776031679,2,10
community_alignment,61574776454928,29,150
community_alignment,61574776511642,26,136
community_alignment,61574776634820,6,20
community_alignment,61574777985171,41,204
community_alignment,61574779274978,62,298
community_alignment,61574779424322,24,128
community_alignment,61574779544083,17,94
community_alignment,61574779755000,28,160
community_alignment,61574780144844,31,172
community_alignment,61574780864094,26,58
community_alignment,61574781164604,2,10
community_alignment,61574781734933,27,140
community_alignment,61574782514001,29,158
community_alignment,61574783294621,30,160
community_alignment,61574784614138,17,86
community_alignment,61574784704159,27,140
community_alignment,61574784854788,20,106
community_alignment,61574785423820,29,156
community_alignment,61574785483945,24,128
community_alignment,61574785511174,27,148
community_alignment,61574785574733,29,162
community_alignment,61574785663807,29,148
community_alignment,61574785991066,31,176
community_alignment,61574786411172,28,150
community_alignment,61574786775997,29,154
community_alignment,61574786863896,28,156
community_alignment,61574787194317,27,136
community_alignment,61574787224668,10,44
community_alignment,61574787341036,28,156
community_alignment,61574787645954,26,146
community_alignment,61574787854878,12,60
community_alignment,61574788001360,18,98
community_alignment,61574788035043,16,68
community_alignment,61574788510914,6,44
community_alignment,61574789140859,8,44
community_alignment,61574791065312,6,28
community_alignment,61574791274667,25,146
community_alignment,61574791274699,2,8
community_alignment,61574791305958,8,40
community_alignment,61574791514348,26,144
community_alignment,61574792174421,12,76
community_alignment,61574793433849,29,158
community_alignment,61574793554229,28,156
community_alignment,61574793760589,5,14
community_alignment,61574793914100,28,160
community_alignment,61574794094170,11,44
community_alignment,61574794544279,27,146
community_alignment,61574795804001,20,94
community_alignment,61574795980625,27,150
community_alignment,61574796285279,19,80
community_alignment,61574796344244,23,126
community_alignment,61574796794269,26,140
community_alignment,61574797064038,18,116
community_alignment,61574797090550,1,4
community_alignment,61574797244085,4,24
community_alignment,61574798083899,25,138
community_alignment,61574798204257,29,162
community_alignment,61574798593973,12,92
community_alignment,61574798804240,30,152
community_alignment,61574798865283,24,132
community_alignment,61574798953280,4,8
community_alignment,61574799343860,12,24
community_alignment,61574800573862,4,30
community_alignment,61574801265187,26,142
community_alignment,61574801413926,26,148
community_alignment,61574801715376,54,284
community_alignment,61574801923917,23,126
community_alignment,61574802162827,28,160
community_alignment,61574802793931,18,94
community_alignment,61574804293779,23,128
community_alignment,61574805613763,7,36
community_alignment,61574806123823,3,20
community_alignment,61574806573141,23,138
community_alignment,61574806809674,21,112
community_alignment,61574807892520,11,70
community_alignment,61574808193570,2,8
community_alignment,61574810564565,22,116
community_alignment,61574810863039,24,130
community_alignment,61574810952235,29,150
community_alignment,61574810979559,28,152
community_alignment,61574811219699,56,318
community_alignment,61574811489884,31,170
community_alignment,61574811733365,2,12
community_alignment,61574812184858,15,84
community_alignment,61574812569668,15,94
community_alignment,61574812843464,23,110
community_alignment,61574813263384,30,162
community_alignment,61574813383123,55,284
community_alignment,61574814822672,54,306
community_alignment,61574815482213,29,162
community_alignment,61574815842320,16,84
community_alignment,61574815989520,22,120
community_alignment,61574816352433,28,150
community_alignment,61574816503147,27,146
community_alignment,61574816892552,23,126
community_alignment,61574817372804,23,130
community_alignment,61574817464063,33,182
community_alignment,61574817494524,24,128
community_alignment,61574817674499,33,158
community_alignment,61574818422918,3,12
community_alignment,61574819052961,26,132
community_alignment,61574819382149,24,126
community_alignment,61574819532188,28,156
community_alignment,61574820492941,27,152
community_alignment,61574820912289,24,128
community_alignment,61574820972362,33,162
community_alignment,61574821092842,29,148
community_alignment,61574821569203,29,160
community_alignment,61574821782730,22,112
community_alignment,61574821811900,60,338
community_alignment,61574821932712,15,80
community_alignment,61574821932736,32,176
community_alignment,61574821934016,9,56
community_alignment,61574822052874,26,130
community_alignment,61574822349643,27,144
community_alignment,61574822682989,27,150
community_alignment,61574823402084,25,50
community_alignment,61574824212849,15,30
community_alignment,61574824811782,30,166
community_alignment,61574826673491,28,148
community_alignment,61574828049137,2,8
community_alignment,61574828293698,25,108
community_alignment,61574828802630,21,104
community_alignment,61574828922126,12,54
community_alignment,61574829698864,29,160
community_alignment,61574830932348,26,146
community_alignment,61574831112197,6,42
community_alignment,61574831318714,28,154
community_alignment,61574831382328,36,202
community_alignment,61574831978505,30,164
community_alignment,61574832038597,10,38
community_alignment,61574832578684,26,148
community_alignment,61574832908862,27,148
community_alignment,61574833902251,30,164
community_alignment,61574833932186,17,94
community_alignment,61574834232276,1,2
community_alignment,61574834441667,28,158
community_alignment,61574834743412,37,74
community_alignment,61574835341215,37,180
community_alignment,61574835491851,29,156
community_alignment,61574835581368,1,4
community_alignment,61574837653380,8,44
community_alignment,61574837711195,26,140
community_alignment,61574838672120,20,120
community_alignment,61574839002069,19,76
community_alignment,61574839903015,14,66
community_alignment,61574840202077,23,132
community_alignment,61574840801931,52,288
community_alignment,61574841068020,21,114
community_alignment,61574842453119,52,282
community_alignment,61574842718165,28,152
community_alignment,61574842748293,8,32
community_alignment,61574843291704,16,88
community_alignment,61574844431621,25,130
community_alignment,61574844700938,27,144
community_alignment,61574844701705,17,90
community_alignment,61574844702985,39,212
community_alignment,61574844818294,2,8
community_alignment,61574845121589,12,46
community_alignment,61574845148248,24,102
community_alignment,61574845181237,17,90
community_alignment,61574845421715,29,154
community_alignment,61574845720886,4,24
community_alignment,61574845812864,18,100
community_alignment,61574845871548,25,142
community_alignment,61574846917976,30,166
community_alignment,61574847821385,27,142
community_alignment,61574848360778,25,134
community_alignment,61574848721366,1,4
community_alignment,61574849077868,85,442
community_alignment,61574849407716,34,182
community_alignment,61574850341077,10,48
community_alignment,61574851031497,23,126
community_alignment,61574851057580,30,158
community_alignment,61574852047631,6,34
community_alignment,61574853131282,23,96
community_alignment,61574853522414,27,148
community_alignment,61574853997569,93,186
community_alignment,61574854241050,29,154
community_alignment,61574855051268,22,124
community_alignment,61574855347399,3,22
community_alignment,61574855530567,21,118
community_alignment,61574855621301,27,142
community_alignment,61574855827469,6,32
community_alignment,61574856367645,1,8
community_alignment,61574857390663,31,156
community_alignment,61574857450977,29,160
community_alignment,61574857987392,3,8
community_alignment,61574858352338,31,62
community_alignment,61574859160574,7,42
community_alignment,61574859160576,39,222
community_alignment,61574860840587,31,168
community_alignment,61574860900970,10,64
community_alignment,61574861412012,30,162
community_alignment,61574861712206,10,66
community_alignment,61574861890951,6,24
community_alignment,61574862217223,26,138
community_alignment,61574863180647,20,104
community_alignment,61574863692089,21,114
community_alignment,61574863810860,8,44
community_alignment,61574863962100,32,154
community_alignment,61574864499916,18,98
community_alignment,61574864946828,29,166
community_alignment,61574865220091,189,1226
community_alignment,61574865520445,30,166
community_alignment,61574865641861,24,136
community_alignment,61574866212142,54,296
community_alignment,61574866931821,17,78
community_alignment,61574870231406,30,164
community_alignment,61574870709711,30,168
community_alignment,61574870950012,14,72
community_alignment,61574871850190,8,16
community_alignment,61574871970308,23,130
community_alignment,61574872450233,25,136
community_alignment,61574872566415,13,26
community_alignment,61574873230179,22,130
community_alignment,61574873290287,34,70
community_alignment,61574873830469,14,76
community_alignment,61574874069972,29,158
community_alignment,61574874549995,1,2
community_alignment,61574874640168,2,10
community_alignment,61574874791318,20,110
community_alignment,61574874880039,24,48
community_alignment,61574875659187,26,140
community_alignment,61574878026509,1,8
community_alignment,61574878089192,36,190
community_alignment,61574879046050,15,72
community_alignment,61574879646085,31,62
community_alignment,61574880039090,29,158
community_alignment,61574881596040,1,2
community_alignment,61574883069816,23,118
community_alignment,61574884506218,12,48
community_alignment,61574884719731,29,154
community_alignment,61574884750735,3,12
community_alignment,61574884989863,14,66
community_alignment,61574885619731,2,16
community_alignment,61574885769787,10,46
community_alignment,61574885771005,27,150
community_alignment,61574888769613,5,28
community_alignment,61574889549209,31,164
community_alignment,61574889725701,53,290
community_alignment,61574890600589,4,16
community_alignment,61574890779488,21,92
community_alignment,61574891529296,21,42
community_alignment,61574891585571,17,78
community_alignment,61574892248987,31,166
community_alignment,61574892429125,30,156
community_alignment,61574893088361,4,18
community_alignment,61574893270334,29,164
community_alignment,61574893839306,38,220
community_alignment,61574893990061,27,152
community_alignment,61574894075463,30,162
community_alignment,61574894079154,23,128
community_alignment,61574894465658,13,60
community_alignment,61574894859022,10,72
community_alignment,61574896539027,27,148
community_alignment,61574896568851,28,156
community_alignment,61574898248805,30,160
community_alignment,61574898638788,12,24
community_alignment,61574899088980,32,84
community_alignment,61574899477087,18,36
community_alignment,61574900650042,14,64
community_alignment,61574900918548,29,132
community_alignment,61574901935438,29,144
community_alignment,61574902358586,24,130
community_alignment,61574902538611,8,16
community_alignment,61574903135277,28,154
community_alignment,61574904009699,25,132
community_alignment,61574905325036,10,48
community_alignment,61574905567721,29,156
community_alignment,61574905929896,30,66
community_alignment,61574905989922,30,158
community_alignment,61574906948470,42,208
community_alignment,61574907997635,28,146
community_alignment,61574908268434,26,136
community_alignment,61574908324926,27,148
community_alignment,61574908928372,30,162
community_alignment,61574908954913,30,162
community_alignment,61574910338296,4,16
community_alignment,61574910369629,4,24
community_alignment,61574911149534,23,122
community_alignment,61574911657486,30,164
community_alignment,61574912044626,25,108
community_alignment,61574912768148,7,32
community_alignment,61574912859129,6,24
community_alignment,61574913877788,22,122
community_alignment,61574914234585,29,160
community_alignment,61574914507358,52,280
community_alignment,61574914657931,27,146
community_alignment,61574914747007,20,80
community_alignment,61574914984442,4,16
community_alignment,61574915764340,21,98
community_alignment,61574915977031,26,144
community_alignment,61574916907302,19,104
community_alignment,61574917027824,22,44
community_alignment,61574917417569,27,152
community_alignment,61574917834269,33,180
community_alignment,61574917839061,26,146
community_alignment,61574918374451,24,136
community_alignment,61574918917633,20,106
community_alignment,61574919097819,1,8
community_alignment,61574919187169,17,96
community_alignment,61574919189214,29,158
community_alignment,61574919303983,47,252
community_alignment,61574919337749,1,8
community_alignment,61574919847818,18,48
community_alignment,61574921194031,21,116
community_alignment,61574921438928,41,202
community_alignment,61574921619079,25,130
community_alignment,61574922094244,26,140
community_alignment,61574923117609,24,116
community_alignment,61574923267001,23,122
community_alignment,61574923626614,27,152
community_alignment,61574924644086,29,158
community_alignment,61574924977414,8,52
community_alignment,61574925813885,26,148
community_alignment,61574927256711,31,172
community_alignment,61574927343930,4,24
community_alignment,61574927523813,60,324
community_alignment,61574928127303,30,164
community_alignment,61574928307197,24,130
community_alignment,61574928336440,22,68
community_alignment,61574928787493,23,116
community_alignment,61574928906639,28,152
community_alignment,61574930167159,1,4
community_alignment,61574930586709,18,90
community_alignment,61574931123562,29,164
community_alignment,61574931846511,33,182
community_alignment,61574932146613,28,152
community_alignment,61574932177407,32,176
community_alignment,61574933347215,40,204
community_alignment,61574934126943,21,122
community_alignment,61574934188327,14,68
community_alignment,61574935446661,5,26
community_alignment,61574935477073,22,130
community_alignment,61574935776887,29,158
community_alignment,61574935896129,29,158
community_alignment,61574936016860,27,148
community_alignment,61574936137013,20,106
community_alignment,61574936286895,21,122
community_alignment,61574936797110,29,158
community_alignment,61574937547028,30,160
community_alignment,61574937697048,3,22
community_alignment,61574938117018,1,8
community_alignment,61574938928127,25,138
community_alignment,61574939766846,27,146
community_alignment,61574939916042,1,4
community_alignment,61574939973195,14,112
community_alignment,61574940156254,22,110
community_alignment,61574940158280,19,102
community_alignment,61574940548040,21,120
community_alignment,61574940786036,23,134
community_alignment,61574941922911,6,30
community_alignment,61574942166735,22,128
community_alignment,61574942256705,17,34
community_alignment,61574943096649,18,36
community_alignment,61574943633252,27,150
community_alignment,61574943757668,19,84
community_alignment,61574943786684,28,154
community_alignment,61574943905607,24,126
community_alignment,61574945107743,42,216
community_alignment,61574945645686,29,156
community_alignment,61574945976316,29,160
community_alignment,61574946005580,26,144
community_alignment,61574946005614,21,114
community_alignment,61574946186396,22,122
community_alignment,61574946606723,4,20
community_alignment,61574946906387,12,84
community_alignment,61574947832842,7,48
community_alignment,61574948466298,28,152
community_alignment,61574949187385,31,162
community_alignment,61574949276269,19,102
community_alignment,61574949937616,23,114
community_alignment,61574951432810,26,134
community_alignment,61574951645380,28,78
community_alignment,61574951766226,15,90
community_alignment,61574953026160,12,78
community_alignment,61574953115083,21,120
community_alignment,61574953357151,26,140
community_alignment,61574953896268,18,114
community_alignment,61574955275865,23,124
community_alignment,61574957042426,27,140
community_alignment,61574957285889,11,50
community_alignment,61574957915732,30,168
community_alignment,61574958755699,26,146
community_alignment,61574959175073,21,110
community_alignment,61574959205760,36,188
community_alignment,61574960914553,1,8
community_alignment,61574961635443,8,30
community_alignment,61574961992075,39,222
community_alignment,61574962145808,1,8
community_alignment,61574962504790,8,62
community_alignment,61574963164784,1,4
community_alignment,61574963792194,18,88
community_alignment,61574963854539,1,4
community_alignment,61574963854572,21,102
community_alignment,61574963971962,9,48
community_alignment,61574964602105,28,156
community_alignment,61574964812063,9,42
community_alignment,61574964965314,25,132
community_alignment,61574965232024,30,162
community_alignment,61574965324818,18,114
community_alignment,61574965626651,30,164
community_alignment,61574965654909,23,98
community_alignment,61574965804523,21,114
community_alignment,61574966045552,3,12
community_alignment,61574966165566,26,144
community_alignment,61574966237701,31,170
community_alignment,61574966941859,9,56
community_alignment,61574967244321,12,48
community_alignment,61574967335335,5,28
community_alignment,61574967454494,3,24
community_alignment,61574967965313,27,146
community_alignment,61574968531658,5,34
community_alignment,61574969491826,20,126
community_alignment,61574970545248,26,142
community_alignment,61574971025183,8,44
community_alignment,61574971534226,26,132
community_alignment,61574973994241,24,134
community_alignment,61574974025215,44,226
community_alignment,61574974981301,39,216
community_alignment,61574975464357,28,134
community_alignment,61574976334820,14,66
community_alignment,61574977145144,27,160
community_alignment,61574977474091,29,154
community_alignment,61574977774571,19,104
community_alignment,61574977866022,29,158
community_alignment,61574978944598,28,152
community_alignment,61574978975929,29,156
community_alignment,61574979245998,23,48
community_alignment,61574979845984,34,188
community_alignment,61574980024843,16,86
community_alignment,61574980203825,25,130
community_alignment,61574980264136,6,38
community_alignment,61574980744814,2,16
community_alignment,61574981251275,29,156
community_alignment,61574981251318,98,196
community_alignment,61574982480978,30,86
community_alignment,61574984613779,10,64
community_alignment,61574984644503,15,72
community_alignment,61574984850248,33,186
community_alignment,61574984884502,90,492
community_alignment,61574985124336,30,72
community_alignment,61574986230957,1,8
community_alignment,61574986230958,2,8
community_alignment,61574986803376,29,158
community_alignment,61574986834225,2,8
community_alignment,61574986877886,22,120
community_alignment,61574987014334,25,144
community_alignment,61574987285584,37,194
community_alignment,61574987435734,17,98
community_alignment,61574987614491,25,138
community_alignment,61574987700816,50,272
community_alignment,61574988213687,7,52
community_alignment,61574988933508,94,568
community_alignment,61574989954106,31,164
community_alignment,61574990103457,23,130
community_alignment,61574990104175,42,212
community_alignment,61574990494310,12,62
community_alignment,61574990880521,5,24
community_alignment,61574991695405,26,148
community_alignment,61574992173271,18,92
community_alignment,61574992560566,26,138
community_alignment,61574992757840,6,12
community_alignment,61574992834078,30,174
community_alignment,61574993434152,1,2
community_alignment,61574994845337,24,128
community_alignment,61574995775252,14,70
community_alignment,61574996507842,25,140
community_alignment,61574996550205,26,136
community_alignment,61574996597830,49,250
community_alignment,61574996910322,16,78
community_alignment,61574997227664,7,14
community_alignment,61574997242939,9,30
community_alignment,61574997930238,61,350
community_alignment,61574997963879,14,94
community_alignment,61574998323875,24,136
community_alignment,61574999357636,1,8
community_alignment,61574999417406,30,118
community_alignment,61574999537806,11,22
community_alignment,61574999640260,27,150
community_alignment,61574999644968,32,184
community_alignment,61574999733878,3,6
community_alignment,61574999765096,29,156
community_alignment,61574999867383,12,66
community_alignment,61575000107512,15,80
community_alignment,61575000797529,22,116
community_alignment,61575000809915,27,146
community_alignment,61575000899895,19,98
community_alignment,61575001503649,28,150
community_alignment,61575001534754,88,442
community_alignment,61575001679910,121,610
community_alignment,61575001774953,29,156
community_alignment,61575002314937,25,144
community_alignment,61575002403660,21,106
community_alignment,61575002477902,23,116
community_alignment,61575002687495,1,2
community_alignment,61575002987353,1,8
community_alignment,61575003004721,25,142
community_alignment,61575003453521,29,160
community_alignment,61575003543784,61,308
community_alignment,61575003572712,11,70
community_alignment,61575003934835,24,126
community_alignment,61575004409946,37,200
community_alignment,61575005164655,25,130
community_alignment,61575005252655,20,60
community_alignment,61575005447655,26,132
community_alignment,61575005582648,26,148
community_alignment,61575005853006,28,150
community_alignment,61575006329871,8,42
community_alignment,61575006479915,1,6
community_alignment,61575006539991,28,150
community_alignment,61575006754716,21,114
community_alignment,61575007354364,26,146
community_alignment,61575008819859,27,152
community_alignment,61575009136623,11,60
community_alignment,61575009257243,12,46
community_alignment,61575010292520,24,128
community_alignment,61575010292556,4,8
community_alignment,61575010937205,10,22
community_alignment,61575011283063,22,118
community_alignment,61575011999356,24,174
community_alignment,61575012089575,3,12
community_alignment,61575012302860,1,6
community_alignment,61575012632343,30,158
community_alignment,61575013019611,29,158
community_alignment,61575013426758,6,12
community_alignment,61575013502873,21,116
community_alignment,61575014103022,31,168
community_alignment,61575014133073,30,164
community_alignment,61575014612951,25,154
community_alignment,61575014824224,6,36
community_alignment,61575015123109,98,484
community_alignment,61575015706813,29,148
community_alignment,61575015827044,1,4
community_alignment,61575015869244,5,34
community_alignment,61575016052070,28,158
community_alignment,61575016472925,23,128
community_alignment,61575016624046,8,56
community_alignment,61575016892037,17,82
community_alignment,61575017162875,13,76
community_alignment,61575017314037,25,140
community_alignment,61575017699118,2,12
community_alignment,61575017759285,27,146
community_alignment,61575017822158,17,90
community_alignment,61575018269201,28,154
community_alignment,61575018602707,47,234
community_alignment,61575018784121,7,40
community_alignment,61575018901950,24,136
community_alignment,61575019006784,1,2
community_alignment,61575019532593,7,44
community_alignment,61575019682654,18,98
community_alignment,61575019756700,30,162
community_alignment,61575019828965,10,60
community_alignment,61575020206369,31,172
community_alignment,61575021212595,19,118
community_alignment,61575021496566,26,140
community_alignment,61575021542608,18,36
community_alignment,61575021691845,29,156
community_alignment,61575022292025,30,168
community_alignment,61575022726666,15,80
community_alignment,61575022876324,19,106
community_alignment,61575023402627,13,28
community_alignment,61575023446404,4,32
community_alignment,61575024032269,22,114
community_alignment,61575024602457,54,306
community_alignment,61575024899211,28,148
community_alignment,61575024946334,28,156
community_alignment,61575025023617,32,178
community_alignment,61575025108897,21,42
community_alignment,61575025261491,29,158
community_alignment,61575025306519,29,152
community_alignment,61575025996296,29,162
community_alignment,61575026161546,23,118
community_alignment,61575026553769,31,168
community_alignment,61575026908562,30,162
community_alignment,61575027123549,24,128
community_alignment,61575027268639,30,156
community_alignment,61575027298560,45,254
community_alignment,61575027361469,10,42
community_alignment,61575027451341,28,156
community_alignment,61575028442180,16,104
community_alignment,61575028591581,38,204
community_alignment,61575028711256,25,132
community_alignment,61575030062083,4,16
community_alignment,61575030063337,25,136
community_alignment,61575030406021,29,156
community_alignment,61575030584417,28,150
community_alignment,61575030931557,26,146
community_alignment,61575031471293,11,68
community_alignment,61575031771268,29,164
community_alignment,61575031888377,1,4
community_alignment,61575031995934,23,120
community_alignment,61575033991993,55,278
community_alignment,61575034022089,68,320
community_alignment,61575034833207,22,114
community_alignment,61575035761122,24,124
community_alignment,61575035761920,27,140
community_alignment,61575036301861,27,148
community_alignment,61575036330853,28,152
community_alignment,61575036691879,24,126
community_alignment,61575037263146,27,150
community_alignment,61575037651046,25,140
community_alignment,61575037923063,26,148
community_alignment,61575038341824,25,134
community_alignment,61575038403062,27,134
community_alignment,61575038521879,15,60
community_alignment,61575038608217,30,108
community_alignment,61575038821094,29,158
community_alignment,61575039211521,10,38
community_alignment,61575039255404,13,78
community_alignment,61575039781543,31,140
community_alignment,61575039795456,28,140
community_alignment,61575039871610,30,60
community_alignment,61575040080892,58,314
community_alignment,61575040950775,29,156
community_alignment,61575041217922,28,140
community_alignment,61575041521718,18,94
community_alignment,61575042373949,53,288
community_alignment,61575043185325,26,148
community_alignment,61575043677622,85,432
community_alignment,61575043801409,27,146
community_alignment,61575043892770,20,108
community_alignment,61575044432669,8,44
community_alignment,61575044985283,25,138
community_alignment,61575045237644,140,664
community_alignment,61575045361247,2,8
community_alignment,61575045451300,8,32
community_alignment,61575045675245,28,154
community_alignment,61575046350558,33,182
community_alignment,61575046500552,29,164
community_alignment,61575046887816,4,30
community_alignment,61575047071332,1,4
community_alignment,61575047221353,27,144
community_alignment,61575048301295,29,154
community_alignment,61575048421274,2,4
community_alignment,61575049142560,131,832
community_alignment,61575049741188,17,82
community_alignment,61575049831217,48,216
community_alignment,61575050491098,39,238
community_alignment,61575051030996,23,138
community_alignment,61575051032223,27,146
community_alignment,61575051151020,4,16
community_alignment,61575051315179,17,76
community_alignment,61575051344844,2,16
community_alignment,61575051841154,25,128
community_alignment,61575052321025,28,152
community_alignment,61575052409614,30,166
community_alignment,61575052436867,24,122
community_alignment,61575052441638,25,132
community_alignment,61575052695262,29,164
community_alignment,61575052742145,22,104
community_alignment,61575053100909,25,130
community_alignment,61575053672371,9,38
community_alignment,61575053907477,28,148
community_alignment,61575054571119,10,42
community_alignment,61575054840889,44,254
community_alignment,61575055740877,25,142
community_alignment,61575055844802,43,86
community_alignment,61575055887323,3,18
community_alignment,61575055982050,3,18
community_alignment,61575056234975,5,28
community_alignment,61575056492109,57,114
community_alignment,61575056520905,13,58
community_alignment,61575056637344,42,212
community_alignment,61575056760708,32,178
community_alignment,61575057134662,14,74
community_alignment,61575057779980,25,140
community_alignment,61575057854744,4,24
community_alignment,61575058034388,6,24
community_alignment,61575058064722,27,146
community_alignment,61575059161870,18,100
community_alignment,61575059787159,23,46
community_alignment,61575059909980,2,12
community_alignment,61575060134525,1,8
community_alignment,61575060224730,1,4
community_alignment,61575060960691,27,138
community_alignment,61575061077037,19,104
community_alignment,61575061559762,29,156
community_alignment,61575061680510,17,108
community_alignment,61575062519607,48,256
community_alignment,61575062566013,28,152
community_alignment,61575063570467,31,172
community_alignment,61575063630602,14,54
community_alignment,61575063781469,22,118
community_alignment,61575064826619,26,150
community_alignment,61575065535942,30,160
community_alignment,61575065580212,35,148
community_alignment,61575065846600,31,170
community_alignment,61575066026615,25,132
community_alignment,61575066764308,5,20
community_alignment,61575067409540,1,4
community_alignment,61575067680107,3,22
community_alignment,61575067740289,4,16
community_alignment,61575067856735,21,42
community_alignment,61575068070323,31,168
community_alignment,61575068759658,25,122
community_alignment,61575068876545,7,28
community_alignment,61575068880176,28,154
community_alignment,61575069119500,26,136
community_alignment,61575069571460,26,140
community_alignment,61575069764285,39,188
community_alignment,61575070651124,30,166
community_alignment,61575070724083,6,12
community_alignment,61575071516789,68,352
community_alignment,61575071786676,3,18
community_alignment,61575072331376,28,158
community_alignment,61575073619986,30,154
community_alignment,61575073676425,30,166
community_alignment,61575074653840,1,4
community_alignment,61575074773964,20,40
community_alignment,61575074893530,14,90
community_alignment,61575074909869,28,150
community_alignment,61575075284018,23,124
community_alignment,61575075331227,7,40
community_alignment,61575075716110,30,168
community_alignment,61575076843497,28,158
community_alignment,61575076976215,42,240
community_alignment,61575077936161,29,158
community_alignment,61575079169748,25,136
community_alignment,61575079453209,27,150
community_alignment,61575079829677,19,38
community_alignment,61575080220981,26,138
community_alignment,61575082168845,9,36
community_alignment,61575082285907,28,148
community_alignment,61575082318696,19,84
community_alignment,61575082408585,19,104
community_alignment,61575082649503,53,262
community_alignment,61575082769521,24,128
community_alignment,61575083275984,32,166
community_alignment,61575083399465,7,40
community_alignment,61575084119219,28,134
community_alignment,61575084673290,27,108
community_alignment,61575084959651,2,12
community_alignment,61575085075880,31,170
community_alignment,61575085318694,27,152
community_alignment,61575085619309,28,156
community_alignment,61575085753355,6,12
community_alignment,61575085934710,25,144
community_alignment,61575087119240,29,158
community_alignment,61575087330351,1,4
community_alignment,61575087508942,26,134
community_alignment,61575087912997,26,140
community_alignment,61575088062953,43,242
community_alignment,61575088470429,21,66
community_alignment,61575088512942,30,164
community_alignment,61575088525393,31,62
community_alignment,61575088649259,21,110
community_alignment,61575088738423,4,24
community_alignment,61575088795707,6,48
community_alignment,61575089190494,28,158
community_alignment,61575089203217,16,56
community_alignment,61575089848976,38,76
community_alignment,61575090343090,21,116
community_alignment,61575090989206,22,118
community_alignment,61575091169103,24,122
community_alignment,61575091408988,1,2
community_alignment,61575091678915,21,116
community_alignment,61575093088823,25,132
community_alignment,61575093462909,5,30
community_alignment,61575093658843,8,50
community_alignment,61575093688146,2,10
community_alignment,61575094075379,25,134
community_alignment,61575094168037,31,174
community_alignment,61575094710147,26,142
community_alignment,61575094888815,6,28
community_alignment,61575095245405,30,164
community_alignment,61575095592770,36,194
community_alignment,61575095755348,66,384
community_alignment,61575095908382,25,140
community_alignment,61575096268918,8,32
community_alignment,61575096445152,17,80
community_alignment,61575097497793,19,108
community_alignment,61575098248730,24,118
community_alignment,61575098652701,31,166
community_alignment,61575098742695,22,118
community_alignment,61575098818802,28,152
community_alignment,61575099222398,11,22
community_alignment,61575099568667,11,42
community_alignment,61575100104962,22,136
community_alignment,61575100457947,23,80
community_alignment,61575100558562,23,122
community_alignment,61575100647735,28,146
community_alignment,61575100662412,11,64
community_alignment,61575101140748,28,156
community_alignment,61575101309770,26,134
community_alignment,61575101398513,22,118
community_alignment,61575101398524,26,142
community_alignment,61575102144774,38,216
community_alignment,61575102178425,4,32
community_alignment,61575102988734,4,18
community_alignment,61575103528360,3,16
community_alignment,61575104142597,19,86
community_alignment,61575104893354,29,158
community_alignment,61575105527927,28,158
community_alignment,61575106258450,3,16
community_alignment,61575106332463,25,124
community_alignment,61575106468153,10,76
community_alignment,61575106559544,1,4
community_alignment,61575106577835,21,86
community_alignment,61575106794786,30,168
community_alignment,61575106947287,27,150
community_alignment,61575107638183,31,164
community_alignment,61575108132151,27,132
community_alignment,61575108419376,4,18
community_alignment,61575108797883,8,42
community_alignment,61575108972180,6,36
community_alignment,61575109288197,25,142
community_alignment,61575109794481,28,152
community_alignment,61575109818001,27,142
community_alignment,61575109948108,15,64
community_alignment,61575109962017,12,42
community_alignment,61575110099442,25,134
community_alignment,61575110267712,2,4
community_alignment,61575110334456,31,68
community_alignment,61575111327419,27,152
community_alignment,61575111478220,30,162
community_alignment,61575111774369,26,132
community_alignment,61575111887987,15,70
community_alignment,61575112067630,26,128
community_alignment,61575112074522,28,146
community_alignment,61575112227227,31,170
community_alignment,61575112367614,29,156
community_alignment,61575112769306,1,8
community_alignment,61575112979064,26,138
community_alignment,61575113368313,17,34
community_alignment,61575113577900,27,150
community_alignment,61575113807720,6,22
community_alignment,61575114161642,33,184
community_alignment,61575114197509,25,138
community_alignment,61575114491828,29,160
community_alignment,61575115079212,23,122
community_alignment,61575115337609,59,246
community_alignment,61575115487467,8,30
community_alignment,61575115558862,27,150
community_alignment,61575115584213,23,106
community_alignment,61575115607446,27,152
community_alignment,61575115631484,19,104
community_alignment,61575115637534,31,184
community_alignment,61575115826950,8,52
community_alignment,61575116351597,25,128
community_alignment,61575116366956,12,48
community_alignment,61575116637922,1,4
community_alignment,61575117264144,33,180
community_alignment,61575117357728,25,136
community_alignment,61575117567021,13,58
community_alignment,61575117911828,27,140
community_alignment,61575118317554,6,36
community_alignment,61575118524020,16,98
community_alignment,61575118601516,9,40
community_alignment,61575118817471,6,34
community_alignment,61575118887623,7,28
community_alignment,61575119006934,31,168
community_alignment,61575119127509,24,102
community_alignment,61575119187638,25,134
community_alignment,61575119501527,32,174
community_alignment,61575119561738,10,48
community_alignment,61575119906899,28,154
community_alignment,61575119951355,30,168
community_alignment,61575120347462,2,14
community_alignment,61575120497120,31,138
community_alignment,61575120507560,24,130
community_alignment,61575120977268,8,32
community_alignment,61575121557487,24,128
community_alignment,61575121871252,7,28
community_alignment,61575122184024,16,88
community_alignment,61575122561316,28,152
community_alignment,61575122567285,24,128
community_alignment,61575122597136,2,8
community_alignment,61575122606762,29,158
community_alignment,61575122847288,7,14
community_alignment,61575123077172,28,150
community_alignment,61575123251347,7,42
community_alignment,61575123447467,62,344
community_alignment,61575123566620,29,154
community_alignment,61575123683864,58,324
community_alignment,61575124347197,30,170
community_alignment,61575124421520,24,134
community_alignment,61575124541164,28,152
community_alignment,61575124766625,2,16
community_alignment,61575125081294,54,294
community_alignment,61575125349572,25,140
community_alignment,61575125577298,2,10
community_alignment,61575125741155,6,36
community_alignment,61575125876415,10,66
community_alignment,61575126328545,28,154
community_alignment,61575126533596,33,164
community_alignment,61575127366918,28,154
community_alignment,61575127557258,1,6
community_alignment,61575127697257,30,166
community_alignment,61575127707029,32,176
community_alignment,61575128231189,30,164
community_alignment,61575128367322,4,18
community_alignment,61575128621057,7,48
community_alignment,61575128697169,27,146
community_alignment,61575128723709,23,128
community_alignment,61575128936954,20,98
community_alignment,61575128956704,25,112
community_alignment,61575129077117,24,68
community_alignment,61575129190978,18,98
community_alignment,61575129237018,15,60
community_alignment,61575129328475,26,144
community_alignment,61575129443453,28,156
community_alignment,61575130078431,26,134
community_alignment,61575130703446,76,292
community_alignment,61575131026893,25,138
community_alignment,61575131086927,26,114
community_alignment,61575131153481,56,310
community_alignment,61575131350840,28,156
community_alignment,61575131446982,28,156
community_alignment,61575131566595,22,130
community_alignment,61575131576367,22,124
community_alignment,61575131747244,13,58
community_alignment,61575131806640,30,60
community_alignment,61575131847014,27,152
community_alignment,61575132100893,5,10
community_alignment,61575132399157,29,158
community_alignment,61575132716094,28,152
community_alignment,61575133126653,24,130
community_alignment,61575133420619,26,134
community_alignment,61575134096229,25,144
community_alignment,61575134170861,13,26
community_alignment,61575134236693,25,140
community_alignment,61575134320519,28,160
community_alignment,61575134336073,1,2
community_alignment,61575134756215,35,184
community_alignment,61575134770738,6,48
community_alignment,61575134907982,31,162
community_alignment,61575134935995,26,142
community_alignment,61575135526367,5,24
community_alignment,61575136193176,32,156
community_alignment,61575136426391,52,184
community_alignment,61575136765917,24,128
community_alignment,61575136901866,28,150
community_alignment,61575137440397,31,174
community_alignment,61575137726022,30,164
community_alignment,61575137876604,18,70
community_alignment,61575137995791,26,142
community_alignment,61575137997816,11,52
community_alignment,61575138556380,10,42
community_alignment,61575138610629,11,56
community_alignment,61575138623198,27,150
community_alignment,61575138713072,2,8
community_alignment,61575139510566,35,188
community_alignment,61575139527917,24,136
community_alignment,61575139726547,16,64
community_alignment,61575139756553,18,36
community_alignment,61575140171610,22,122
community_alignment,61575140242986,15,60
community_alignment,61575140755780,24,134
community_alignment,61575140785755,27,144
community_alignment,61575140786572,23,100
community_alignment,61575140890194,19,38
community_alignment,61575141087700,16,80
community_alignment,61575141626479,28,152
community_alignment,61575142102852,32,178
community_alignment,61575142186223,27,156
community_alignment,61575142838919,29,152
community_alignment,61575143006497,22,122
community_alignment,61575144555723,34,176
community_alignment,61575144747663,20,96
community_alignment,61575144850354,1,2
community_alignment,61575144867487,27,154
community_alignment,61575145166306,28,152
community_alignment,61575145346143,21,122
community_alignment,61575145467469,42,232
community_alignment,61575145552649,31,170
community_alignment,61575145576107,31,152
community_alignment,61575145586216,1,8
community_alignment,61575145756092,29,154
community_alignment,61575145990139,2,6
community_alignment,61575146036382,30,166
community_alignment,61575146115727,28,152
community_alignment,61575146272793,28,56
community_alignment,61575146272833,14,54
community_alignment,61575146602688,18,84
community_alignment,61575147146122,18,96
community_alignment,61575147357302,27,156
community_alignment,61575147566126,45,90
community_alignment,61575147567358,62,332
community_alignment,61575147596115,3,24
community_alignment,61575147806028,29,154
community_alignment,61575148336060,28,156
community_alignment,61575148359774,23,118
community_alignment,61575148425849,27,144
community_alignment,61575148630149,30,164
community_alignment,61575148797368,38,212
community_alignment,61575149005237,29,162
community_alignment,61575149055819,23,118
community_alignment,61575149080091,15,62
community_alignment,61575149632689,35,114
community_alignment,61575149805861,12,50
community_alignment,61575149985527,27,152
community_alignment,61575150165660,28,158
community_alignment,61575150235999,3,20
community_alignment,61575150555733,31,172
community_alignment,61575150880078,21,112
community_alignment,61575151119869,29,162
community_alignment,61575151246045,21,42
community_alignment,61575151375760,3,14
community_alignment,61575151569802,2,6
community_alignment,61575151689708,21,116
community_alignment,61575151995924,30,158
community_alignment,61575152050067,34,174
community_alignment,61575152125100,26,134
community_alignment,61575152145495,21,116
community_alignment,61575152187335,25,136
community_alignment,61575152261525,30,166
community_alignment,61575152385454,30,128
community_alignment,61575152395919,19,102
community_alignment,61575152565446,19,106
community_alignment,61575152979706,27,148
community_alignment,61575153045795,35,156
community_alignment,61575153195537,25,142
community_alignment,61575153235057,22,86
community_alignment,61575153357056,27,148
community_alignment,61575154180000,9,60
community_alignment,61575154509778,26,136
community_alignment,61575154635451,23,128
community_alignment,61575154942146,28,154
community_alignment,61575155125049,29,162
community_alignment,61575155199593,29,118
community_alignment,61575155725833,20,100
community_alignment,61575155845573,27,150
community_alignment,61575155889841,20,104
community_alignment,61575156865865,29,164
community_alignment,61575158005578,26,134
community_alignment,61575158572060,12,24
community_alignment,61575158695568,26,142
community_alignment,61575158919664,6,28
community_alignment,61575159055532,27,152
community_alignment,61575159116773,22,118
community_alignment,61575159445487,27,144
community_alignment,61575159562070,26,138
community_alignment,61575159669551,25,134
community_alignment,61575160042015,36,200
community_alignment,61575160494494,26,134
community_alignment,61575160569222,40,212
community_alignment,61575160987799,30,164
community_alignment,61575161036747,20,104
community_alignment,61575161155570,27,150
community_alignment,61575161185543,28,140
community_alignment,61575161305509,17,102
community_alignment,61575161362001,27,144
community_alignment,61575161469537,26,140
community_alignment,61575161685429,28,158
community_alignment,61575161785561,19,102
community_alignment,61575162261889,7,52
community_alignment,61575162475372,28,154
community_alignment,61575162489311,26,144
community_alignment,61575162879216,30,162
community_alignment,61575163345362,16,90
community_alignment,61575163365121,86,398
community_alignment,61575163975346,26,142
community_alignment,61575164631789,26,144
community_alignment,61575164786639,26,142
community_alignment,61575164835011,21,114
community_alignment,61575165415117,25,138
community_alignment,61575165654493,24,128
community_alignment,61575165704942,2,8
community_alignment,61575165711738,42,248
community_alignment,61575165795094,28,142
community_alignment,61575165805362,21,120
community_alignment,61575165865356,22,118
community_alignment,61575166718931,46,246
community_alignment,61575167439026,16,86
community_alignment,61575167504945,43,86
community_alignment,61575168115148,30,168
community_alignment,61575168338780,21,114
community_alignment,61575168609096,7,34
community_alignment,61575168818906,7,28
community_alignment,61575168865233,28,150
community_alignment,61575169064734,9,28
community_alignment,61575169251615,26,146
community_alignment,61575169251717,35,190
community_alignment,61575169856226,29,158
community_alignment,61575170066469,60,332
community_alignment,61575171008851,25,136
community_alignment,61575171074787,28,156
community_alignment,61575171116206,22,120
community_alignment,61575171374363,32,168
community_alignment,61575171524686,20,64
community_alignment,61575171764840,2,8
community_alignment,61575171891319,36,98
community_alignment,61575171998717,1,4
community_alignment,61575172016084,29,156
community_alignment,61575172208722,15,70
community_alignment,61575172646079,26,140
community_alignment,61575172671299,28,150
community_alignment,61575173184893,5,24
community_alignment,61575173304172,30,160
community_alignment,61575173335119,111,574
community_alignment,61575173834792,27,54
community_alignment,61575174051207,24,116
community_alignment,61575174564777,7,30
community_alignment,61575174584515,31,170
community_alignment,61575175274435,13,56
community_alignment,61575175376019,30,158
community_alignment,61575175574626,26,146
community_alignment,61575175703900,4,16
community_alignment,61575175844377,38,178
community_alignment,61575176273985,12,48
community_alignment,61575176354332,28,134
community_alignment,61575176453944,25,138
community_alignment,61575176588501,19,100
community_alignment,61575176784018,82,418
community_alignment,61575177104039,6,12
community_alignment,61575177824548,10,20
community_alignment,61575177944341,21,118
community_alignment,61575178004319,29,150
community_alignment,61575178135876,29,154
community_alignment,61575178284754,26,146
community_alignment,61575178315938,25,148
community_alignment,61575178484252,31,162
community_alignment,61575178538545,46,234
community_alignment,61575178604610,34,190
community_alignment,61575178904532,25,142
community_alignment,61575178964523,21,112
community_alignment,61575179138929,31,164
community_alignment,61575179154623,32,176
community_alignment,61575179204422,18,42
community_alignment,61575179333818,42,240
community_alignment,61575179444503,30,162
community_alignment,61575179504190,34,190
community_alignment,61575179948005,1,4
community_alignment,61575180083634,17,66
community_alignment,61575180353795,23,134
community_alignment,61575180414410,20,108
community_alignment,61575180835678,30,162
community_alignment,61575180854127,31,62
community_alignment,61575181034422,29,166
community_alignment,61575181357924,8,48
community_alignment,61575181718394,12,42
community_alignment,61575181808145,3,24
community_alignment,61575182174151,10,64
community_alignment,61575182438189,1,6
community_alignment,61575182649538,46,258
community_alignment,61575182858010,29,158
community_alignment,61575182934226,13,60
community_alignment,61575183128253,15,30
community_alignment,61575183734143,3,12
community_alignment,61575183774467,30,166
community_alignment,61575183834424,16,100
community_alignment,61575183853947,21,104
community_alignment,61575183980808,32,174
community_alignment,61575184134497,21,116
community_alignment,61575184183801,24,138
community_alignment,61575184464216,26,132
community_alignment,61575184523495,29,158
community_alignment,61575184700780,32,174
community_alignment,61575184850763,40,204
community_alignment,61575184880681,29,160
community_alignment,61575184883496,4,10
community_alignment,61575185048045,24,132
community_alignment,61575185215540,32,144
community_alignment,61575185270726,26,144
community_alignment,61575185444017,29,158
community_alignment,61575185665511,5,24
community_alignment,61575186265522,54,290
community_alignment,61575186644114,31,176
community_alignment,61575186938061,20,108
community_alignment,61575187214281,25,132
community_alignment,61575187585374,1,4
community_alignment,61575187598053,26,136
community_alignment,61575188275516,26,142
community_alignment,61575188455354,30,164
community_alignment,61575189127860,8,36
community_alignment,61575189595265,4,16
community_alignment,61575189890579,29,158
community_alignment,61575190033990,10,38
community_alignment,61575191120363,22,118
community_alignment,61575191317891,27,146
community_alignment,61575191407772,27,132
community_alignment,61575191533648,38,188
community_alignment,61575191803877,6,28
community_alignment,61575191863415,29,156
community_alignment,61575191993854,21,112
community_alignment,61575192013645,25,144
community_alignment,61575192170378,29,144
community_alignment,61575192313600,16,72
community_alignment,61575192343398,9,40
community_alignment,61575192533877,27,138
community_alignment,61575192817795,25,132
community_alignment,61575193033802,11,56
community_alignment,61575193043903,4,18
community_alignment,61575193177628,12,62
community_alignment,61575193327886,22,118
community_alignment,61575193753567,22,44
community_alignment,61575194273558,28,144
community_alignment,61575194437497,26,150
community_alignment,61575194453909,22,110
community_alignment,61575194887656,17,92
community_alignment,61575195620241,37,216
community_alignment,61575195653637,25,136
community_alignment,61575195673690,34,172
community_alignment,61575195823790,25,132
community_alignment,61575196063640,6,12
community_alignment,61575196266354,26,138
community_alignment,61575196430025,30,160
community_alignment,61575196823636,25,136
community_alignment,61575197063677,24,132
community_alignment,61575197214892,5,18
community_alignment,61575197443570,8,36
community_alignment,61575197780172,14,82
community_alignment,61575197783629,25,128
community_alignment,61575198172815,31,170
community_alignment,61575198313376,11,36
community_alignment,61575198368711,25,50
community_alignment,61575198623528,24,110
community_alignment,61575199633160,38,208
community_alignment,61575200332740,44,234
community_alignment,61575200353453,24,128
community_alignment,61575200393456,22,124
community_alignment,61575200677396,15,84
community_alignment,61575200737328,28,150
community_alignment,61575200813439,28,154
community_alignment,61575200947430,2,12
community_alignment,61575201373332,31,166
community_alignment,61575201412694,28,158
community_alignment,61575201803459,2,12
community_alignment,61575201823318,13,70
community_alignment,61575202535455,29,148
community_alignment,61575202633062,21,124
community_alignment,61575202747259,29,158
community_alignment,61575203023035,27,142
community_alignment,61575203153375,24,66
community_alignment,61575203154702,29,160
community_alignment,61575203233193,30,174
community_alignment,61575203322869,9,32
community_alignment,61575203363269,22,122
community_alignment,61575203873244,9,50
community_alignment,61575204173147,23,122
community_alignment,61575204503352,31,172
community_alignment,61575205147180,45,250
community_alignment,61575205357133,50,252
community_alignment,61575205573015,21,94
community_alignment,61575205733090,29,156
community_alignment,61575205783063,28,156
community_alignment,61575206172740,25,136
community_alignment,61575206263031,6,36
community_alignment,61575206423273,27,152
community_alignment,61575206593229,24,126
community_alignment,61575206663158,20,96
community_alignment,61575206886818,25,128
community_alignment,61575206982936,2,4
community_alignment,61575207102945,2,4
community_alignment,61575207112351,28,154
community_alignment,61575207162938,21,114
community_alignment,61575207187220,25,132
community_alignment,61575207216928,26,144
community_alignment,61575207594362,28,148
community_alignment,61575207653082,25,136
community_alignment,61575207732884,28,150
community_alignment,61575207773071,42,232
community_alignment,61575208087101,143,772
community_alignment,61575208237020,22,124
community_alignment,61575208314427,10,54
community_alignment,61575208464247,30,168
community_alignment,61575208582970,8,32
community_alignment,61575208852298,26,150
community_alignment,61575208957114,3,6
community_alignment,61575208972156,17,84
community_alignment,61575209202677,12,62
community_alignment,61575209213090,18,98
community_alignment,61575209322828,2,4
community_alignment,61575209617003,3,24
community_alignment,61575209724467,23,128
community_alignment,61575210112934,12,70
community_alignment,61575210202963,1,2
community_alignment,61575210563029,27,136
community_alignment,61575210912858,29,160
community_alignment,61575211162353,4,24
community_alignment,61575211332811,28,156
community_alignment,61575212768289,28,148
community_alignment,61575213172800,50,202
community_alignment,61575213426598,6,40
community_alignment,61575213636737,26,136
community_alignment,61575213712850,28,152
community_alignment,61575213712851,31,170
community_alignment,61575213786638,26,144
community_alignment,61575213802912,24,118
community_alignment,61575214122495,20,108
community_alignment,61575214162123,48,266
community_alignment,61575214282867,24,128
community_alignment,61575214542218,36,190
community_alignment,61575214852696,26,136
community_alignment,61575215511942,31,172
community_alignment,61575215662750,27,150
community_alignment,61575215922342,27,146
community_alignment,61575216833978,6,26
community_alignment,61575217192659,36,192
community_alignment,61575217242530,20,96
community_alignment,61575217992331,1,8
community_alignment,61575218136536,7,38
community_alignment,61575218271749,1,8
community_alignment,61575218512614,26,134
community_alignment,61575218982200,28,154
community_alignment,61575219052523,1,8
community_alignment,61575219937983,11,68
community_alignment,61575220341921,2,4
community_alignment,61575220452128,73,260
community_alignment,61575220522447,8,44
community_alignment,61575220572212,25,136
community_alignment,61575220672434,46,230
community_alignment,61575220722146,28,154
community_alignment,61575220913669,57,282
community_alignment,61575221052035,26,132
community_alignment,61575221212539,3,6
community_alignment,61575221286306,28,152
community_alignment,61575221512411,21,102
community_alignment,61575221826234,28,152
community_alignment,61575222441560,24,132
community_alignment,61575222742411,27,138
community_alignment,61575223032287,32,164
community_alignment,61575223042460,3,18
community_alignment,61575223102368,28,152
community_alignment,61575223692078,15,84
community_alignment,61575223732196,27,150
community_alignment,61575224033569,10,54
community_alignment,61575224243685,22,104
community_alignment,61575224706492,13,62
community_alignment,61575224736246,26,138
community_alignment,61575224752277,29,156
community_alignment,61575224796183,28,156
community_alignment,61575224901312,29,156
community_alignment,61575225052159,50,258
community_alignment,61575225591449,4,8
community_alignment,61575225621439,32,182
community_alignment,61575225952116,28,144
community_alignment,61575226252249,30,166
community_alignment,61575226372155,25,144
community_alignment,61575226432039,27,148
community_alignment,61575226491299,26,136
community_alignment,61575227003442,27,146
community_alignment,61575227382038,29,158
community_alignment,61575227471920,30,188
community_alignment,61575227644589,24,132
community_alignment,61575227652155,27,138
community_alignment,61575227901999,9,36
community_alignment,61575229057307,30,160
community_alignment,61575229511719,25,126
community_alignment,61575229541515,19,94
community_alignment,61575229631870,18,96
community_alignment,61575229661702,28,152
community_alignment,61575229721815,23,130
community_alignment,61575230391948,28,150
community_alignment,61575230511981,37,210
community_alignment,61575230951648,21,126
community_alignment,61575232161982,16,64
community_alignment,61575232553026,32,172
community_alignment,61575232601470,23,134
community_alignment,61575232685670,1,4
community_alignment,61575233361080,27,148
community_alignment,61575233451054,22,110
community_alignment,61575233451831,28,150
community_alignment,61575233571086,24,134
community_alignment,61575234201748,28,148
community_alignment,61575234731508,4,16
community_alignment,61575234951758,7,38
community_alignment,61575235041706,41,82
community_alignment,61575235145623,26,138
community_alignment,61575235457745,18,84
community_alignment,61575236285568,44,96
community_alignment,61575236351657,27,146
community_alignment,61575236435207,23,130
community_alignment,61575236645717,21,106
community_alignment,61575237281286,28,160
community_alignment,61575237291575,27,108
community_alignment,61575237995537,11,50
community_alignment,61575238011610,1,8
community_alignment,61575238131572,14,76
community_alignment,61575238222911,1,6
community_alignment,61575238462755,27,148
community_alignment,61575239195372,7,32
community_alignment,61575239345239,88,466
community_alignment,61575239957578,6,38
community_alignment,61575240185294,8,56
community_alignment,61575240371188,4,16
community_alignment,61575240461266,26,140
community_alignment,61575240712764,30,158
community_alignment,61575241672508,27,144
community_alignment,61575241691039,1,8
community_alignment,61575242331382,19,100
community_alignment,61575242890282,32,176
community_alignment,61575243183575,28,150
community_alignment,61575243311101,27,134
community_alignment,61575243441350,25,134
community_alignment,61575243455099,44,244
community_alignment,61575243677655,23,134
community_alignment,61575244115181,34,174
community_alignment,61575244145099,7,36
community_alignment,61575244820416,29,158
community_alignment,61575245182508,36,200
community_alignment,61575245195091,22,116
community_alignment,61575245207410,3,18
community_alignment,61575245285321,21,114
community_alignment,61575245441106,28,160
community_alignment,61575245571245,24,120
community_alignment,61575246022295,24,140
community_alignment,61575246141097,3,12
community_alignment,61575246635176,28,152
community_alignment,61575247115078,15,66
community_alignment,61575247240959,29,158
community_alignment,61575247551051,25,136
community_alignment,61575247900849,28,158
community_alignment,61575248000254,25,138
community_alignment,61575248710745,26,140
community_alignment,61575248751082,10,40
community_alignment,61575248771116,28,148
community_alignment,61575248801181,2,4
community_alignment,61575249017115,20,108
community_alignment,61575249167330,1,2
community_alignment,61575249411018,29,150
community_alignment,61575249640975,33,172
community_alignment,61575249940957,26,142
community_alignment,61575249940987,1,4
community_alignment,61575250010970,57,314
community_alignment,61575250086546,27,138
community_alignment,61575250157025,33,160
community_alignment,61575250222252,27,148
community_alignment,61575250540402,1,4
community_alignment,61575250990671,27,152
community_alignment,61575251410667,20,100
community_alignment,61575251482144,27,152
community_alignment,61575251554800,26,140
community_alignment,61575251690862,3,12
community_alignment,61575251884570,30,164
community_alignment,61575251950915,27,146
community_alignment,61575252340775,26,138
community_alignment,61575252370580,11,52
community_alignment,61575252650029,26,140
community_alignment,61575253341968,24,136
community_alignment,61575253840617,41,252
community_alignment,61575254242039,23,128
community_alignment,61575254572008,29,158
community_alignment,61575254650741,23,114
community_alignment,61575254950513,41,208
community_alignment,61575255040324,28,154
community_alignment,61575255680659,25,132
community_alignment,61575256546492,24,134
community_alignment,61575256610549,26,144
community_alignment,61575256696629,32,164
community_alignment,61575256804626,29,158
community_alignment,61575257361849,14,68
community_alignment,61575257481813,23,106
community_alignment,61575257675809,23,124
community_alignment,61575257686699,2,4
community_alignment,61575257740412,20,96
community_alignment,61575258094300,24,124
community_alignment,61575258484381,5,20
community_alignment,61575258724354,17,84
community_alignment,61575258935897,29,154
community_alignment,61575259270245,28,148
community_alignment,61575259594442,2,16
community_alignment,61575259760425,70,380
community_alignment,61575260350384,27,144
community_alignment,61575260650253,39,216
community_alignment,61575260781729,25,134
community_alignment,61575260930330,27,148
community_alignment,61575261580163,2,16
community_alignment,61575262040357,18,90
community_alignment,61575262144291,27,156
community_alignment,61575262461413,35,160
community_alignment,61575262720315,27,148
community_alignment,61575262786641,6,42
community_alignment,61575262870032,44,208
community_alignment,61575262880279,31,64
community_alignment,61575262936745,15,30
community_alignment,61575263014083,13,52
community_alignment,61575263074351,23,120
community_alignment,61575263206752,21,112
community_alignment,61575263480275,28,148
community_alignment,61575263799927,24,130
community_alignment,61575263859746,1,6
community_alignment,61575264034178,36,194
community_alignment,61575264110196,10,42
community_alignment,61575264280119,28,146
community_alignment,61575264680237,22,124
community_alignment,61575264860231,31,164
community_alignment,61575265353888,25,138
community_alignment,61575265701333,25,136
community_alignment,61575265851383,27,154
community_alignment,61575266409821,16,72
community_alignment,61575266811505,29,158
community_alignment,61575267050019,31,158
community_alignment,61575267394192,25,140
community_alignment,61575267489949,31,166
community_alignment,61575267620030,24,130
community_alignment,61575268509952,21,114
community_alignment,61575269031229,30,160
community_alignment,61575269529694,1,4
community_alignment,61575269721277,15,86
community_alignment,61575270033631,6,48
community_alignment,61575270286053,29,160
community_alignment,61575270286056,4,14
community_alignment,61575270639527,34,104
community_alignment,61575270759607,22,118
community_alignment,61575271084032,6,36
community_alignment,61575271516188,11,66
community_alignment,61575271539970,26,162
community_alignment,61575272109398,3,6
community_alignment,61575274269379,36,192
community_alignment,61575274479231,31,168
community_alignment,61575274509620,22,66
community_alignment,61575274875915,3,14
community_alignment,61575274899327,19,94
community_alignment,61575275282247,30,164
community_alignment,61575275643651,21,100
community_alignment,61575275709369,1,6
community_alignment,61575276286309,18,98
community_alignment,61575276333496,8,46
community_alignment,61575276699223,30,160
community_alignment,61575276789549,28,152
community_alignment,61575277119536,10,40
community_alignment,61575277190886,27,144
community_alignment,61575277305874,24,130
community_alignment,61575277599444,4,18
community_alignment,61575278175509,16,86
community_alignment,61575278199162,6,26
community_alignment,61575278643409,13,70
community_alignment,61575278649258,3,10
community_alignment,61575278750789,6,36
community_alignment,61575280113437,48,232
community_alignment,61575280143316,25,122
community_alignment,61575280539096,11,42
community_alignment,61575281043341,15,76
community_alignment,61575281169106,29,86
community_alignment,61575281349169,1,6
community_alignment,61575281379106,23,124
community_alignment,61575281379125,28,116
community_alignment,61575282129145,16,80
community_alignment,61575282129146,3,12
community_alignment,61575282939129,1,4
community_alignment,61575283059200,27,54
community_alignment,61575283425918,1,2
community_alignment,61575283718902,26,146
community_alignment,61575284018966,13,56
community_alignment,61575284104535,26,140
community_alignment,61575284943120,3,16
community_alignment,61575285903180,30,158
community_alignment,61575285909107,28,156
community_alignment,61575288458576,27,148
community_alignment,61575288482739,27,148
community_alignment,61575288632779,27,146
community_alignment,61575289269088,30,60
community_alignment,61575289802878,25,140
community_alignment,61575289868659,27,140
community_alignment,61575289892654,6,34
community_alignment,61575289928805,25,144
community_alignment,61575290060142,12,48
community_alignment,61575290768892,19,38
community_alignment,61575291278519,2,6
community_alignment,61575291848717,20,128
community_alignment,61575292040096,8,30
community_alignment,61575292058797,24,132
community_alignment,61575292208468,18,92
community_alignment,61575292508392,5,24
community_alignment,61575292864003,31,170
community_alignment,61575293048793,25,68
community_alignment,61575293438641,19,92
community_alignment,61575293504986,18,68
community_alignment,61575293558861,15,76
community_alignment,61575293612857,30,154
community_alignment,61575293614198,85,518
community_alignment,61575294698428,24,136
community_alignment,61575296828314,27,154
community_alignment,61575297002302,1,4
community_alignment,61575297938775,26,140
community_alignment,61575299168368,9,40
community_alignment,61575299348163,26,138
community_alignment,61575301268192,29,160
community_alignment,61575301322254,4,24
community_alignment,61575302048069,19,102
community_alignment,61575302234656,30,174
community_alignment,61575302492181,29,164
community_alignment,61575302504611,39,218
community_alignment,61575303902251,26,144
community_alignment,61575304682136,27,142
community_alignment,61575304844283,44,214
community_alignment,61575304904461,19,98
community_alignment,61575305287673,19,102
community_alignment,61575305648078,26,128
community_alignment,61575306397643,26,128
community_alignment,61575306397650,8,34
community_alignment,61575306427918,31,172
community_alignment,61575306824315,3,6
community_alignment,61575307141915,14,28
community_alignment,61575307694452,27,140
community_alignment,61575308401890,30,160
community_alignment,61575308731871,1,4
community_alignment,61575308947711,23,70
community_alignment,61575309277787,24,150
community_alignment,61575309757898,18,84
community_alignment,61575309787861,15,66
community_alignment,61575310034038,23,138
community_alignment,61575311377502,26,136
community_alignment,61575311491588,26,140
community_alignment,61575312817624,9,54
community_alignment,61575313410082,29,164
community_alignment,61575313441528,28,154
community_alignment,61575314377578,27,142
community_alignment,61575314767501,1,6
community_alignment,61575314851612,26,138
community_alignment,61575315517473,14,76
community_alignment,61575315757634,29,160
community_alignment,61575316321515,1,4
community_alignment,61575317113475,35,166
community_alignment,61575318511359,30,166
community_alignment,61575318607485,30,160
community_alignment,61575318811347,27,136
community_alignment,61575319057259,16,64
community_alignment,61575320377109,18,98
community_alignment,61575320767058,2,12
community_alignment,61575320856906,28,150
community_alignment,61575320971187,4,20
community_alignment,61575322057042,24,116
community_alignment,61575322081045,5,36
community_alignment,61575322866986,36,140
community_alignment,61575323113578,24,132
community_alignment,61575323221107,8,44
community_alignment,61575323256914,20,120
community_alignment,61575323976887,44,88
community_alignment,61575324090992,18,94
community_alignment,61575324156825,8,44
community_alignment,61575324216831,25,138
community_alignment,61575324330999,27,146
community_alignment,61575324666873,16,76
community_alignment,61575324990974,20,64
community_alignment,61575326197106,23,138
community_alignment,61575326293375,8,32
community_alignment,61575326402538,29,158
community_alignment,61575326407158,28,134
community_alignment,61575326856811,22,116
community_alignment,61575327006862,26,146
community_alignment,61575327722596,27,144
community_alignment,61575328033604,7,32
community_alignment,61575328303165,10,44
community_alignment,61575329252391,25,134
community_alignment,61575329580712,3,16
community_alignment,61575331140964,18,98
community_alignment,61575331806749,22,116
community_alignment,61575331980945,23,126
community_alignment,61575332580750,27,146
community_alignment,61575332676594,8,42
community_alignment,61575332760625,1,2
community_alignment,61575336973098,27,148
community_alignment,61575337067734,5,10
community_alignment,61575337260599,7,44
community_alignment,61575337302838,18,102
community_alignment,61575338016283,6,30
community_alignment,61575338076453,33,66
community_alignment,61575338256874,8,46
community_alignment,61575338256889,13,30
community_alignment,61575338790653,51,256
community_alignment,61575340116503,41,210
community_alignment,61575341406350,29,166
community_alignment,61575341466231,24,134
community_alignment,61575341550292,25,134
community_alignment,61575341616290,31,170
community_alignment,61575341850245,9,60
community_alignment,61575341976096,28,158
community_alignment,61575342510431,21,108
community_alignment,61575342510446,32,178
community_alignment,61575342966469,6,24
community_alignment,61575344447618,2,14
community_alignment,61575346320362,24,114
community_alignment,61575347826373,22,118
community_alignment,61575350435971,8,16
community_alignment,61575350580359,44,216
community_alignment,61575350837380,5,30
community_alignment,61575351270255,6,26
community_alignment,61575351276108,2,6
community_alignment,61575352950188,23,134
community_alignment,61575353172276,4,8
community_alignment,61575354690114,29,152
community_alignment,61575355296120,15,86
community_alignment,61575356045890,47,248
community_alignment,61575356315971,2,8
community_alignment,61575356640134,4,28
community_alignment,61575356807181,4,8
community_alignment,61575359326799,22,132
community_alignment,61575362495753,4,16
community_alignment,61575362555772,21,112
community_alignment,61575362585882,42,144
community_alignment,61575368459933,14,84
community_alignment,61575368807075,6,28
community_alignment,61575368825973,5,20
community_alignment,61575370115649,6,38
community_alignment,61575370332013,23,132
community_alignment,61575370757097,1,2
community_alignment,61575370919761,62,346
community_alignment,61575371015595,23,116
community_alignment,61575371045747,16,78
community_alignment,61575371315638,27,148
community_alignment,61575373079577,15,80
community_alignment,61575373096844,38,262
community_alignment,61575376319681,5,10
community_alignment,61575377656941,4,32
community_alignment,61575380549834,23,126
community_alignment,61575382295615,27,140
community_alignment,61575388175227,1,8
community_alignment,61575391036487,13,44
community_alignment,61575391235416,26,140
community_alignment,61575394229554,23,132
community_alignment,61575397109457,25,138
community_alignment,61575397169754,36,184
community_alignment,61575398536225,2,12
community_alignment,61575403025562,1,2
community_alignment,61575406109433,10,68
community_alignment,61575412036535,2,16
community_alignment,61575413429528,16,78
community_alignment,61575413429579,20,112
community_alignment,61575413789357,1,8
community_alignment,61575416806073,25,140
community_alignment,61575418091745,50,304
community_alignment,61575420616334,1,8
community_alignment,61575420837697,6,44
community_alignment,61575421301471,22,96
community_alignment,61575422374980,42,222
community_alignment,61575422729180,24,128
community_alignment,61575424137595,29,148
community_alignment,61575424295278,23,118
community_alignment,61575425519121,27,128
community_alignment,61575425639207,28,152
community_alignment,61575427325056,23,120
community_alignment,61575431699297,64,128
community_alignment,61575433245776,24,130
community_alignment,61575434374955,24,128
community_alignment,61575434554956,21,124
community_alignment,61575436324943,27,144
community_alignment,61575437819050,4,28
community_alignment,61575442115008,30,168
community_alignment,61575443764902,40,190
community_alignment,61575448259022,5,10
community_alignment,61575449674736,26,138
community_alignment,61575454259067,27,144
community_alignment,61575455591111,18,104
community_alignment,61575455669010,4,8
community_alignment,61575455824883,8,64
community_alignment,61575457030949,25,138
community_alignment,61575458614770,30,164
community_alignment,61575459945486,166,908
community_alignment,61575460005891,23,132
community_alignment,61575460061250,24,134
community_alignment,61575460144896,1,4
community_alignment,61575460306026,1,8
community_alignment,61575461561304,18,36
community_alignment,61575461655829,6,48
community_alignment,61575463174605,29,156
community_alignment,61575463414519,20,98
community_alignment,61575463714708,11,22
community_alignment,61575464608892,26,142
community_alignment,61575467734757,26,146
community_alignment,61575470764521,13,82
community_alignment,61575475324424,29,156
community_alignment,61575479801057,25,140
community_alignment,61575480928585,43,218
community_alignment,61575481156189,1,4
community_alignment,61575482824609,29,82
community_alignment,61575484211181,21,106
community_alignment,61575484228667,10,72
community_alignment,61575484258756,12,60
community_alignment,61575485818749,13,66
community_alignment,61575487245315,9,42
community_alignment,61575487324647,29,156
community_alignment,61575491668497,13,62
community_alignment,61575491764448,23,132
community_alignment,61575492124300,1,6
community_alignment,61575493264466,8,42
community_alignment,61575493414049,29,158
community_alignment,61575493624380,29,58
community_alignment,61575493768326,10,40
community_alignment,61575494098464,32,172
community_alignment,61575494134571,26,160
community_alignment,61575494246952,44,242
community_alignment,61575494398591,22,114
community_alignment,61575494740784,20,114
community_alignment,61575495928545,4,24
community_alignment,61575496054013,5,30
community_alignment,61575496125684,35,70
community_alignment,61575496258385,29,156
community_alignment,61575496414111,27,144
community_alignment,61575496894142,30,158
community_alignment,61575497680533,27,136
community_alignment,61575498604089,5,24
community_alignment,61575498628260,136,892
community_alignment,61575499054322,23,128
community_alignment,61575499452704,15,72
community_alignment,61575499799651,27,152
community_alignment,61575500380726,1,8
community_alignment,61575500475082,8,64
community_alignment,61575500764165,29,82
community_alignment,61575501268009,21,120
community_alignment,61575501784018,27,150
community_alignment,61575502108193,27,148
community_alignment,61575502234010,21,114
community_alignment,61575502300509,25,128
community_alignment,61575502377990,22,116
community_alignment,61575502533779,23,120
community_alignment,61575502743854,20,104
community_alignment,61575503098098,29,154
community_alignment,61575503818164,19,98
community_alignment,61575503980281,47,248
community_alignment,61575504723745,15,30
community_alignment,61575504734904,15,80
community_alignment,61575504867971,7,48
community_alignment,61575505107976,36,180
community_alignment,61575505173866,14,78
community_alignment,61575505803676,21,112
community_alignment,61575506103793,6,30
community_alignment,61575506804548,13,58
community_alignment,61575507285280,4,32
community_alignment,61575507513709,11,22
community_alignment,61575508263839,19,108
community_alignment,61575508270361,23,122
community_alignment,61575509253652,7,32
community_alignment,61575509307728,29,152
community_alignment,61575510183566,19,136
community_alignment,61575511113557,18,82
community_alignment,61575512114823,3,6
community_alignment,61575512133483,26,142
community_alignment,61575512757622,18,96
community_alignment,61575514053357,59,120
community_alignment,61575514113421,28,156
community_alignment,61575514209869,13,70
community_alignment,61575514233503,11,22
community_alignment,61575514394444,1,8
community_alignment,61575514833486,28,152
community_alignment,61575515217619,2,12
community_alignment,61575515733376,13,58
community_alignment,61575516309944,21,108
community_alignment,61575516567465,6,34
community_alignment,61575517023121,2,10
community_alignment,61575517154714,21,114
community_alignment,61575517659677,24,140
community_alignment,61575517923280,1,2
community_alignment,61575518103435,24,136
community_alignment,61575518397332,2,12
community_alignment,61575519009521,13,76
community_alignment,61575519242899,32,156
community_alignment,61575519603508,23,98
community_alignment,61575520813998,8,16
community_alignment,61575521493182,18,36
community_alignment,61575521817077,22,128
community_alignment,61575522387091,10,68
community_alignment,61575522519731,8,56
community_alignment,61575522794525,3,6
community_alignment,61575524139393,6,36
community_alignment,61575524612942,15,78
community_alignment,61575524757110,7,54
community_alignment,61575525387062,8,34
community_alignment,61575525507209,22,118
community_alignment,61575525969186,44,148
community_alignment,61575526077107,5,32
community_alignment,61575527222862,25,148
community_alignment,61575527427067,22,116
community_alignment,61575527462883,17,38
community_alignment,61575527623912,2,16
community_alignment,61575527762976,21,114
community_alignment,61575528403746,34,142
community_alignment,61575528493934,1,2
community_alignment,61575528692861,29,164
community_alignment,61575529022791,36,198
community_alignment,61575530402770,29,158
community_alignment,61575530695320,65,344
community_alignment,61575531062633,27,82
community_alignment,61575531152948,30,168
community_alignment,61575531302736,2,16
community_alignment,61575531302775,12,24
community_alignment,61575532453881,4,22
community_alignment,61575532618099,26,140
community_alignment,61575532832693,29,160
community_alignment,61575533036716,18,94
community_alignment,61575533222749,11,22
community_alignment,61575533426830,17,80
community_alignment,61575533882644,29,150
community_alignment,61575534002323,26,146
community_alignment,61575534343952,3,18
community_alignment,61575534553626,4,14
community_alignment,61575535599312,11,58
community_alignment,61575535652402,26,122
community_alignment,61575536653829,7,26
community_alignment,61575537236413,18,100
community_alignment,61575537512546,19,102
community_alignment,61575537806806,21,122
community_alignment,61575537956540,20,80
community_alignment,61575538982232,23,114
community_alignment,61575539348962,30,176
community_alignment,61575539882427,18,92
community_alignment,61575540703575,8,48
community_alignment,61575540878939,26,136
community_alignment,61575541172249,28,154
community_alignment,61575541183385,2,16
community_alignment,61575541256468,29,160
community_alignment,61575541616400,16,84
community_alignment,61575541922330,14,80
community_alignment,61575542078870,22,124
community_alignment,61575542323407,2,4
community_alignment,61575542936262,21,118
community_alignment,61575543853427,129,692
community_alignment,61575544152962,79,540
community_alignment,61575544862178,29,156
community_alignment,61575545102013,23,130
community_alignment,61575545546366,27,146
community_alignment,61575545911944,26,76
community_alignment,61575546242060,3,20
community_alignment,61575546518562,30,168
community_alignment,61575547112027,1,2
community_alignment,61575547478469,5,34
community_alignment,61575548018214,19,110
community_alignment,61575548396066,24,122
community_alignment,61575548713041,15,76
community_alignment,61575548756054,28,150
community_alignment,61575549266014,7,34
community_alignment,61575549451850,1,2
community_alignment,61575549901920,26,142
community_alignment,61575549973082,3,16
community_alignment,61575550148274,30,160
community_alignment,61575551011743,29,152
community_alignment,61575552061888,18,98
community_alignment,61575552217980,28,156
community_alignment,61575552548257,5,40
community_alignment,61575552835868,31,174
community_alignment,61575553045861,30,168
community_alignment,61575554348076,25,130
community_alignment,61575555145714,23,132
community_alignment,61575555181554,18,104
community_alignment,61575555492593,22,108
community_alignment,61575555567384,28,144
community_alignment,61575556867889,29,58
community_alignment,61575556914293,26,126
community_alignment,61575557408009,15,30
community_alignment,61575557761520,29,152
community_alignment,61575557971497,20,104
community_alignment,61575558031385,27,148
community_alignment,61575558056850,1,2
community_alignment,61575558235562,3,10
community_alignment,61575558867103,28,146
community_alignment,61575559657962,3,18
community_alignment,61575559741449,30,166
community_alignment,61575559885525,31,62
community_alignment,61575560532360,7,34
community_alignment,61575561427679,18,104
community_alignment,61575561445414,12,68
community_alignment,61575561745423,26,130
community_alignment,61575562062738,6,30
community_alignment,61575562147700,29,162
community_alignment,61575562471116,61,122
community_alignment,61575562681015,27,152
community_alignment,61575562736575,29,154
community_alignment,61575562855407,46,256
community_alignment,61575563047814,7,28
community_alignment,61575563107619,4,20
community_alignment,61575563652554,39,88
community_alignment,61575563881042,1,2
community_alignment,61575565225400,25,138
community_alignment,61575565885130,23,128
community_alignment,61575567026504,2,12
community_alignment,61575567360947,32,172
community_alignment,61575567781112,23,120
community_alignment,61575568080955,10,42
community_alignment,61575568321122,29,164
community_alignment,61575568405010,11,22
community_alignment,61575568530764,2,12
community_alignment,61575568620980,17,102
community_alignment,61575568950765,12,50
community_alignment,61575569197336,14,78
community_alignment,61575569215048,19,102
community_alignment,61575569461048,10,42
community_alignment,61575570054989,42,252
community_alignment,61575570234922,1,2
community_alignment,61575570481034,13,58
community_alignment,61575570571033,28,154
community_alignment,61575571147433,16,84
community_alignment,61575571571675,17,98
community_alignment,61575571627333,2,16
community_alignment,61575571722233,14,74
community_alignment,61575572010654,22,122
community_alignment,61575572484923,1,6
community_alignment,61575572827551,2,16
community_alignment,61575573270617,3,6
community_alignment,61575573720690,28,158
community_alignment,61575573971789,3,24
community_alignment,61575574230690,12,52
community_alignment,61575574524688,54,328
community_alignment,61575574860669,48,252
community_alignment,61575575544615,30,150
community_alignment,61575575574825,27,136
community_alignment,61575575604669,29,144
community_alignment,61575576180403,29,150
community_alignment,61575576330602,27,150
community_alignment,61575577331768,4,20
community_alignment,61575578274585,14,102
community_alignment,61575579161687,15,40
community_alignment,61575579240396,14,86
community_alignment,61575579420329,23,46
community_alignment,61575580080566,36,188
community_alignment,61575580421441,34,202
community_alignment,61575582540110,9,48
community_alignment,61575582750038,27,152
community_alignment,61575583914253,5,24
community_alignment,61575584406708,30,176
community_alignment,61575584640300,1,2
community_alignment,61575586061241,50,326
community_alignment,61575586206484,21,112
community_alignment,61575587711344,11,22
community_alignment,61575589271257,17,72
community_alignment,61575589320065,37,160
community_alignment,61575593514192,20,116
community_alignment,61575593526385,28,152
community_alignment,61575593550063,17,38
community_alignment,61575593711315,9,40
community_alignment,61575595206496,23,124
community_alignment,61575596766424,19,98
community_alignment,61575597900160,31,176
community_alignment,61575600087094,10,42
community_alignment,61575601110141,24,144
community_alignment,61575601407792,4,20
community_alignment,61575601629118,34,158
community_alignment,61575601911978,25,140
community_alignment,61575602097750,28,64
community_alignment,61575603027841,15,88
community_alignment,61575603778005,24,126
community_alignment,61575605365272,31,168
community_alignment,61575605376491,19,106
community_alignment,61575605951092,15,82
community_alignment,61575606263930,21,112
community_alignment,61575606443963,27,150
community_alignment,61575607469556,4,10
community_alignment,61575607559731,8,32
community_alignment,61575608339692,30,164
community_alignment,61575608669721,2,4
community_alignment,61575609186023,27,138
community_alignment,61575609593809,24,132
community_alignment,61575609869498,29,158
community_alignment,61575610349444,33,190
community_alignment,61575610626046,6,34
community_alignment,61575611249680,26,144
community_alignment,61575611459686,42,228
community_alignment,61575611560869,1,8
community_alignment,61575611759627,2,16
community_alignment,61575612269544,25,136
community_alignment,61575612940599,15,92
community_alignment,61575614110894,4,24
community_alignment,61575614489368,25,142
community_alignment,61575614639292,10,54
community_alignment,61575614841893,31,166
community_alignment,61575615023394,26,150
community_alignment,61575615053422,4,20
community_alignment,61575615149255,22,114
community_alignment,61575615485706,19,104
community_alignment,61575615569383,2,4
community_alignment,61575615869363,34,176
community_alignment,61575615899415,30,164
community_alignment,61575616150537,44,88
community_alignment,61575616199388,66,132
community_alignment,61575616559379,26,144
community_alignment,61575617069194,15,58
community_alignment,61575617813432,27,142
community_alignment,61575617909167,36,178
community_alignment,61575617999236,34,180
community_alignment,61575618485389,25,138
community_alignment,61575619289287,20,110
community_alignment,61575619799184,27,134
community_alignment,61575620033270,38,212
community_alignment,61575620075531,2,8
community_alignment,61575621239139,42,212
community_alignment,61575621359093,3,12
community_alignment,61575621419066,26,140
community_alignment,61575621478987,25,142
community_alignment,61575621629048,5,28
community_alignment,61575622469014,28,128
community_alignment,61575622528838,26,146
community_alignment,61575622629793,85,170
community_alignment,61575622703059,23,128
community_alignment,61575624382959,21,114
community_alignment,61575624868902,15,50
community_alignment,61575625025576,20,102
community_alignment,61575625073003,15,66
community_alignment,61575625613003,25,136
community_alignment,61575625918798,25,136
community_alignment,61575626045233,24,142
community_alignment,61575626398602,28,154
community_alignment,61575626548762,14,66
community_alignment,61575626782963,27,136
community_alignment,61575626818886,14,76
community_alignment,61575628348501,15,86
community_alignment,61575628354963,24,140
community_alignment,61575628828552,11,54
community_alignment,61575629031202,30,160
community_alignment,61575629128778,1,6
community_alignment,61575629709808,25,130
community_alignment,61575629889393,21,122
community_alignment,61575630155113,1,2
community_alignment,61575631438414,26,138
community_alignment,61575631462624,32,172
community_alignment,61575631468636,23,126
community_alignment,61575631599627,32,134
community_alignment,61575631794140,24,122
community_alignment,61575632008603,2,8
community_alignment,61575632169437,19,78
community_alignment,61575633442519,25,134
community_alignment,61575633489883,4,8
community_alignment,61575633562577,10,40
community_alignment,61575633808414,5,22
community_alignment,61575634312550,27,140
community_alignment,61575634528316,25,142
community_alignment,61575635229721,20,108
community_alignment,61575635319362,3,6
community_alignment,61575635698445,41,230
community_alignment,61575636279443,1,2
community_alignment,61575636412404,26,144
community_alignment,61575636699554,2,10
community_alignment,61575636999621,22,114
community_alignment,61575637659482,1,2
community_alignment,61575637714655,31,140
community_alignment,61575637732290,15,80
community_alignment,61575637913685,30,164
community_alignment,61575638074541,11,48
community_alignment,61575638398207,10,56
community_alignment,61575642154332,15,82
community_alignment,61575642477991,27,136
community_alignment,61575642687931,25,138
community_alignment,61575643340473,26,138
community_alignment,61575644092150,17,94
community_alignment,61575644812072,8,56
community_alignment,61575645178036,1,2
community_alignment,61575645447768,29,154
community_alignment,61575645777843,27,152
community_alignment,61575646167901,4,16
community_alignment,61575646521885,17,88
community_alignment,61575646568912,12,60
community_alignment,61575646731852,5,10
community_alignment,61575646821903,27,148
community_alignment,61575647091890,21,104
community_alignment,61575647284322,19,102
community_alignment,61575647757746,14,56
community_alignment,61575647991754,51,262
community_alignment,61575649047722,20,108
community_alignment,61575649178716,31,162
community_alignment,61575649491662,27,138
community_alignment,61575649624207,34,176
community_alignment,61575649917344,29,160
community_alignment,61575650018322,7,42
community_alignment,61575650547675,23,116
community_alignment,61575650907325,3,12
community_alignment,61575650931635,13,76
community_alignment,61575651027623,30,160
community_alignment,61575651233044,23,130
community_alignment,61575651818818,1,2
community_alignment,61575652047563,25,140
community_alignment,61575652402843,15,76
community_alignment,61575652808289,18,36
community_alignment,61575653247545,26,142
community_alignment,61575653601569,18,98
community_alignment,61575654807398,17,106
community_alignment,61575655683613,2,8
community_alignment,61575656577386,22,122
community_alignment,61575656661446,7,48
community_alignment,61575657153747,22,118
community_alignment,61575657477255,23,132
community_alignment,61575657657480,28,154
community_alignment,61575657758124,98,196
community_alignment,61575658047213,19,94
community_alignment,61575658173803,37,74
community_alignment,61575658298375,6,12
community_alignment,61575658881311,18,90
community_alignment,61575659187155,23,124
community_alignment,61575659217087,30,156
community_alignment,61575659637024,1,4
community_alignment,61575660215637,3,24
community_alignment,61575660236885,25,140
community_alignment,61575660381242,28,56
community_alignment,61575661611123,27,150
community_alignment,61575661897870,7,30
community_alignment,61575661911069,45,252
community_alignment,61575662108150,9,42
community_alignment,61575662223420,23,120
community_alignment,61575662366989,2,8
community_alignment,61575663518165,1,2
community_alignment,61575664252387,21,82
community_alignment,61575664522323,28,154
community_alignment,61575664880939,20,102
community_alignment,61575665510979,4,16
community_alignment,61575665966748,30,148
community_alignment,61575666020765,22,116
community_alignment,61575666080849,27,150
community_alignment,61575666806664,31,170
community_alignment,61575667162213,29,156
community_alignment,61575667346713,30,168
community_alignment,61575668857457,6,48
community_alignment,61575669290680,2,8
community_alignment,61575669723077,24,134
community_alignment,61575669907882,4,8
community_alignment,61575670886568,34,68
community_alignment,61575671456434,15,60
community_alignment,61575671576471,20,110
community_alignment,61575671996440,4,20
community_alignment,61575673046603,10,48
community_alignment,61575673610425,19,104
community_alignment,61575674120473,25,136
community_alignment,61575674126417,26,146
community_alignment,61575674246428,22,114
community_alignment,61575674347673,1,6
community_alignment,61575674762828,25,108
community_alignment,61575676016227,6,30
community_alignment,61575676166192,29,160
community_alignment,61575676466212,28,152
community_alignment,61575676472631,27,142
community_alignment,61575676760293,1,6
community_alignment,61575676796256,24,132
community_alignment,61575677252798,28,154
community_alignment,61575677426201,31,168
community_alignment,61575678336895,38,262
community_alignment,61575679070290,30,162
community_alignment,61575679370162,25,144
community_alignment,61575679597396,28,158
community_alignment,61575680395993,27,144
community_alignment,61575680527041,34,176
community_alignment,61575680612546,10,52
community_alignment,61575680875975,27,148
community_alignment,61575680942688,25,138
community_alignment,61575682146968,6,12
community_alignment,61575682345613,46,92
community_alignment,61575683150027,21,114
community_alignment,61575683330035,5,26
community_alignment,61575684662253,5,30
community_alignment,61575684746061,12,84
community_alignment,61575685105868,17,92
community_alignment,61575685345537,19,96
community_alignment,61575685765856,24,126
community_alignment,61575686035702,28,152
community_alignment,61575686125649,22,44
community_alignment,61575686485825,18,78
community_alignment,61575687126807,1,4
community_alignment,61575688105742,22,124
community_alignment,61575688825781,30,144
community_alignment,61575689245677,28,152
community_alignment,61575689365656,24,120
community_alignment,61575689432183,22,44
community_alignment,61575689515528,28,106
community_alignment,61575689515548,34,180
community_alignment,61575689695617,36,170
community_alignment,61575689995509,19,38
community_alignment,61575689995513,13,80
community_alignment,61575690336408,33,196
community_alignment,61575690601850,23,120
community_alignment,61575691142068,2,14
community_alignment,61575691375374,44,220
community_alignment,61575691375427,24,130
community_alignment,61575691416622,19,38
community_alignment,61575692065409,28,152
community_alignment,61575692226475,27,150
community_alignment,61575692545328,32,170
community_alignment,61575694045476,24,124
community_alignment,61575694070867,27,154
community_alignment,61575694165481,29,106
community_alignment,61575694975249,20,82
community_alignment,61575695365318,15,84
community_alignment,61575695425340,17,68
community_alignment,61575695455292,29,58
community_alignment,61575695695222,12,48
community_alignment,61575695886572,4,16
community_alignment,61575696805191,31,168
community_alignment,61575697836365,3,24
community_alignment,61575698875003,28,144
community_alignment,61575699565121,73,310
community_alignment,61575699966114,1,2
community_alignment,61575700975022,32,182
community_alignment,61575701900305,25,132
community_alignment,61575702234870,22,116
community_alignment,61575702594899,30,164
community_alignment,61575702864923,2,10
community_alignment,61575702991271,18,90
community_alignment,61575703284990,2,4
community_alignment,61575703824823,25,144
community_alignment,61575703884782,4,8
community_alignment,61575704856021,25,136
community_alignment,61575704915918,1,8
community_alignment,61575706164902,25,142
community_alignment,61575706584624,4,14
community_alignment,61575707904529,21,102
community_alignment,61575707940901,30,166
community_alignment,61575708481122,2,4
community_alignment,61575708605758,31,148
community_alignment,61575709055784,7,16
community_alignment,61575709404481,24,132
community_alignment,61575709944426,3,6
community_alignment,61575710705834,5,30
community_alignment,61575712524277,26,130
community_alignment,61575713754465,31,176
community_alignment,61575714084201,2,4
community_alignment,61575714924287,27,136
community_alignment,61575715434103,36,144
community_alignment,61575716045581,34,198
community_alignment,61575716184237,25,136
community_alignment,61575716705547,3,8
community_alignment,61575716964202,30,162
community_alignment,61575717444093,33,66
community_alignment,61575717624126,23,132
community_alignment,61575717804104,25,140
community_alignment,61575718530436,8,32
community_alignment,61575719040520,22,126
community_alignment,61575719364055,28,144
community_alignment,61575719454096,28,150
community_alignment,61575719525164,2,8
community_alignment,61575720113985,2,8
community_alignment,61575720245109,18,90
community_alignment,61575721133931,20,106
community_alignment,61575721254191,7,22
community_alignment,61575721793931,19,104
community_alignment,61575722454007,31,174
community_alignment,61575723083906,21,114
community_alignment,61575723184837,82,376
community_alignment,61575723210299,28,158
community_alignment,61575723784812,24,126
community_alignment,61575724823817,26,140
community_alignment,61575725250115,25,142
community_alignment,61575726833751,29,170
community_alignment,61575728153617,29,154
community_alignment,61575728753782,27,146
community_alignment,61575728765062,21,110
community_alignment,61575729844682,38,78
community_alignment,61575730084604,3,24
community_alignment,61575730553308,28,152
community_alignment,61575730823474,20,104
community_alignment,61575731069908,29,160
community_alignment,61575731093467,26,148
community_alignment,61575731423501,29,146
community_alignment,61575731644661,27,140
community_alignment,61575731693400,24,124
community_alignment,61575731693479,25,136
community_alignment,61575732154813,18,122
community_alignment,61575732533301,28,152
community_alignment,61575733193453,7,28
community_alignment,61575733919835,19,108
community_alignment,61575734273286,23,126
community_alignment,61575734633308,31,170
community_alignment,61575734813252,17,84
community_alignment,61575736174665,36,84
community_alignment,61575737494217,12,44
community_alignment,61575738322958,1,4
community_alignment,61575738713155,27,152
community_alignment,61575746819395,33,166
community_alignment,61575747023015,1,4
community_alignment,61575747052955,24,132
community_alignment,61575748253070,4,16
community_alignment,61575748703029,53,184
community_alignment,61575749164363,2,4
community_alignment,61575749572905,7,28
community_alignment,61575749584064,10,64
community_alignment,61575750832822,19,104
community_alignment,61575750929302,1,2
community_alignment,61575751049240,22,126
community_alignment,61575751312964,13,68
community_alignment,61575751593811,25,116
community_alignment,61575751852752,45,238
community_alignment,61575752692807,22,124
community_alignment,61575753232660,3,14
community_alignment,61575753603926,14,28
community_alignment,61575754102760,27,54
community_alignment,61575754942558,27,144
community_alignment,61575755039100,22,106
community_alignment,61575755242672,24,48
community_alignment,61575755463985,2,4
community_alignment,61575756783527,11,66
community_alignment,61575758698921,32,162
community_alignment,61575758703690,19,104
community_alignment,61575759112312,57,114
community_alignment,61575759538891,14,66
community_alignment,61575760372346,29,156
community_alignment,61575762112202,4,22
community_alignment,61575763252248,26,142
community_alignment,61575763702217,1,2
community_alignment,61575764032203,2,6
community_alignment,61575764362148,21,112
community_alignment,61575765232077,1,6
community_alignment,61575765602949,18,92
community_alignment,61575768561883,3,6
community_alignment,61575768753223,8,56
community_alignment,61575769108329,15,80
community_alignment,61575769203176,32,64
community_alignment,61575770163014,15,30
community_alignment,61575770421876,25,132
community_alignment,61575770523168,30,144
community_alignment,61575770758381,23,126
community_alignment,61575772131802,21,120
community_alignment,61575772202952,5,40
community_alignment,61575775228386,8,52
community_alignment,61575778198261,11,38
community_alignment,61575778203150,27,126
community_alignment,61575779301775,19,102
community_alignment,61575779571680,22,120
community_alignment,61575779991697,33,166
community_alignment,61575780002599,20,54
community_alignment,61575780141654,14,74
community_alignment,61575780231673,26,52
community_alignment,61575781048206,27,146
community_alignment,61575781281687,22,70
community_alignment,61575781431638,38,246
community_alignment,61575781641608,29,142
community_alignment,61575782102855,4,8
community_alignment,61575782342773,1,8
community_alignment,61575782391589,29,154
community_alignment,61575782702675,38,188
community_alignment,61575783141467,7,22
community_alignment,61575783171432,31,172
community_alignment,61575784911443,29,162
community_alignment,61575785121564,1,4
community_alignment,61575785541455,4,8
community_alignment,61575785727945,24,128
community_alignment,61575786231324,70,374
community_alignment,61575787611385,32,106
community_alignment,61575787832729,29,160
community_alignment,61575788091185,23,122
community_alignment,61575788391313,10,64
community_alignment,61575788451303,6,12
community_alignment,61575789231197,3,18
community_alignment,61575789602629,1,8
community_alignment,61575790322301,9,56
community_alignment,61575790371127,33,66
community_alignment,61575790472079,27,160
community_alignment,61575790671190,24,130
community_alignment,61575790741986,5,28
community_alignment,61575791427444,22,116
community_alignment,61575791451110,31,172
community_alignment,61575791511179,7,38
community_alignment,61575791751165,25,124
community_alignment,61575791907302,8,28
community_alignment,61575792327507,39,186
community_alignment,61575792591030,29,160
community_alignment,61575793191107,27,138
community_alignment,61575793370914,28,56
community_alignment,61575793790937,10,64
community_alignment,61575794120990,2,4
community_alignment,61575794282221,17,34
community_alignment,61575794367448,25,134
community_alignment,61575794757479,12,70
community_alignment,61575795812142,2,12
community_alignment,61575796370877,25,140
community_alignment,61575796651817,20,104
community_alignment,61575796887177,2,12
community_alignment,61575796940771,29,58
community_alignment,61575797240901,19,98
community_alignment,61575798722032,17,92
community_alignment,61575798740803,29,154
community_alignment,61575798830806,20,116
community_alignment,61575799107152,25,136
community_alignment,61575801061910,10,54
community_alignment,61575802010645,7,14
community_alignment,61575802100612,27,144
community_alignment,61575802520533,26,146
community_alignment,61575802550533,39,204
community_alignment,61575802610452,18,36
community_alignment,61575802730513,6,36
community_alignment,61575803180545,19,92
community_alignment,61575803360565,28,144
community_alignment,61575804620435,29,160
community_alignment,61575805711531,13,26
community_alignment,61575806960249,19,92
community_alignment,61575807620249,7,14
community_alignment,61575807980348,39,222
community_alignment,61575808130332,28,152
community_alignment,61575808411173,29,126
community_alignment,61575809341597,12,46
community_alignment,61575809660218,27,146
community_alignment,61575809690253,14,68
community_alignment,61575809810275,22,118
community_alignment,61575810061327,6,12
community_alignment,61575810151508,9,18
community_alignment,61575810230093,25,138
community_alignment,61575810386687,4,16
community_alignment,61575810506515,52,246
community_alignment,61575811190129,8,42
community_alignment,61575811310219,4,18
community_alignment,61575814130033,12,64
community_alignment,61575815456450,7,24
community_alignment,61575816656229,20,120
community_alignment,61575817620916,65,206
community_alignment,61575817741084,10,60
community_alignment,61575819446078,25,132
community_alignment,61575819990874,1,8
community_alignment,61575820316125,3,6
community_alignment,61575821610647,25,142
community_alignment,61575822930514,8,16
community_alignment,61575823410579,50,284
community_alignment,61575826765746,22,124
community_alignment,61575828570433,10,62
community_alignment,61575828955706,10,40
community_alignment,61575829405493,25,126
community_alignment,61575829620469,9,70
community_alignment,61575829680247,33,178
community_alignment,61575830575557,11,44
community_alignment,61575830879821,18,100
community_alignment,61575831810257,2,16
community_alignment,61575831930225,1,2
community_alignment,61575832169963,24,130
community_alignment,61575832225561,26,148
community_alignment,61575834625282,6,12
community_alignment,61575838795093,64,288
community_alignment,61575840179777,26,156
community_alignment,61575840869927,6,40
community_alignment,61575841199519,10,60
community_alignment,61575841559775,6,12
community_alignment,61575841859721,2,16
community_alignment,61575843929653,15,82
community_alignment,61575844494846,21,114
community_alignment,61575844644768,2,12
community_alignment,61575844709659,15,76
community_alignment,61575845189526,4,10
community_alignment,61575845879261,80,472
community_alignment,61575846444720,19,106
community_alignment,61575847709478,7,52
community_alignment,61575849144462,31,158
community_alignment,61575849234543,26,142
community_alignment,61575849294548,19,108
community_alignment,61575849719275,10,20
community_alignment,61575850974558,21,116
community_alignment,61575851968995,1,2
community_alignment,61575852749289,23,128
community_alignment,61575854874351,36,188
community_alignment,61575856914114,29,152
community_alignment,61575860278967,2,16
community_alignment,61575861143895,16,80
community_alignment,61575861748685,9,18
community_alignment,61575861774039,18,114
community_alignment,61575864418422,10,44
community_alignment,61575865798210,7,52
community_alignment,61575866128498,7,32
community_alignment,61575866273792,22,110
community_alignment,61575866728616,7,36
community_alignment,61575866968255,1,2
community_alignment,61575870478320,14,28
community_alignment,61575872908128,43,124
community_alignment,61575878397816,13,74
community_alignment,61575881302884,1,4
community_alignment,61575884542892,14,58
community_alignment,61575884787588,1,8
community_alignment,61575884842080,27,148
community_alignment,61575885982810,28,154
community_alignment,61575886737243,2,6
community_alignment,61575886917432,2,16
community_alignment,61575889192539,25,142
community_alignment,61575889822419,2,8
community_alignment,61575893482315,22,120
community_alignment,61575895552193,10,20
community_alignment,61575897177020,32,140
community_alignment,61575897416787,2,16
community_alignment,61575898226718,1,2
community_alignment,61575899246662,2,4
community_alignment,61575900051871,23,128
community_alignment,61575902006629,4,20
community_alignment,61575903621869,7,18
community_alignment,61575905006200,64,408
community_alignment,61575905331775,21,110
community_alignment,61575906176404,26,156
community_alignment,61575906921720,28,154
community_alignment,61575907311759,28,148
community_alignment,61575910161531,53,320
community_alignment,61575913340965,5,26
community_alignment,61575914150967,23,126
community_alignment,61575923485787,26,134
community_alignment,61575923541054,26,144
community_alignment,61575926455376,4,32
community_alignment,61575926875472,4,8
community_alignment,61575928885451,6,24
community_alignment,61575929155740,5,24
community_alignment,61575935725181,2,10
community_alignment,61575936385119,1,2
community_alignment,61575936740421,28,210
community_alignment,61575939565143,14,110
community_alignment,61575940640156,8,44
community_alignment,61575940674829,28,146
community_alignment,61575941514488,1,2
community_alignment,61575942084779,17,130
community_alignment,61575949404378,1,8
community_alignment,61575950694180,8,36
community_alignment,61575953244525,21,116
community_alignment,61575956484127,12,76
community_alignment,61575958373893,18,90
community_alignment,61575971333740,43,270
community_alignment,61575975173468,31,62
community_alignment,61575975233483,2,16
community_alignment,61575986572834,1,8
community_alignment,61575988462983,1,6
community_alignment,61575989812987,21,112
community_alignment,61575992633083,11,54
community_alignment,61575997402469,3,6
community_alignment,61575999142555,7,38
community_alignment,61575999292569,15,76
community_alignment,61576000492249,5,38
community_alignment,61576002082198,9,18
community_alignment,61576007272271,3,8
community_alignment,61576007392189,3,24
community_alignment,61576010962045,4,22
community_alignment,61576025451429,8,38
community_alignment,61576037541216,5,10
community_alignment,61576040600875,22,120
community_alignment,61576045131085,3,24
community_alignment,61576046600961,1,8
community_alignment,61576047020745,49,108
community_alignment,61576049420961,12,92
community_alignment,61576051490728,1,8
community_alignment,61576056530279,66,292
community_alignment,61576059230191,21,122
community_alignment,61576073780317,27,68
community_alignment,61576080110126,1,8
community_alignment,61576080110127,46,237
community_alignment,61576080110128,32,202
community_alignment,61576080110129,45,237
community_alignment,61576080110130,52,292
community_alignment,61576080110131,42,227
community_alignment,61576080110132,53,303
community_alignment,61576080110133,48,262
community_alignment,61576080110134,36,211
community_alignment,61576080110135,20,100
community_alignment,61576080110136,33,176
community_alignment,61576080110137,23,122
community_alignment,61576080110138,35,168
community_alignment,61576080110139,16,74
community_alignment,61576080110140,28,160
community_alignment,61576080110141,55,306
community_alignment,61576080110142,48,261
community_alignment,61576080110143,48,262
community_alignment,61576080110144,48,260
community_alignment,61576080110145,56,318
community_alignment,61576080110146,16,83
community_alignment,61576080110147,48,260
community_alignment,61576080110148,48,257
community_alignment,61576080110149,33,152
community_alignment,61576080110150,48,260
community_alignment,61576080110151,54,294
community_alignment,61576080110152,14,66
community_alignment,61576080110153,24,145
community_alignment,61576080110154,48,261
community_alignment,61576080110155,46,252
community_alignment,61576080110156,44,241
community_alignment,61576080110157,41,216
community_alignment,61576080110158,45,248
community_alignment,61576080110159,48,264
community_alignment,61576080110160,40,228
community_alignment,61576080110161,31,163
community_alignment,61576080110162,47,257
community_alignment,61576080110163,40,206
community_alignment,61576080110164,46,248
community_alignment,61576080110165,21,100
community_alignment,61576080110166,28,120
community_alignment,61576080110167,47,254
community_alignment,61576080110168,56,312
community_alignment,61576080110169,61,334
community_alignment,61576080110170,19,106
community_alignment,61576080110171,15,77
community_alignment,61576080110172,41,227
community_alignment,61576080110173,48,263
community_alignment,61576080110174,48,263
community_alignment,61576080110175,56,317
community_alignment,61576080110176,46,247
community_alignment,61576080110177,55,295
community_alignment,61576080110178,48,262
community_alignment,61576080110179,48,259
community_alignment,61576080110180,52,283
community_alignment,61576080110181,33,195
community_alignment,61576080110182,39,202
community_alignment,61576080110183,55,314
community_alignment,61576080110184,43,225
community_alignment,61576080110185,48,261
community_alignment,61576080110186,45,245
community_alignment,61576080110187,48,263
community_alignment,61576080110188,18,75
community_alignment,61576080110189,50,265
community_alignment,61576080110190,44,240
community_alignment,61576080110191,55,302
community_alignment,61576080110192,25,104
community_alignment,61576080110193,46,252
community_alignment,61576080110194,47,255
community_alignment,61576080110195,45,236
community_alignment,61576080110196,32,146
community_alignment,61576080110197,48,261
community_alignment,61576080110198,45,238
community_alignment,61576080110199,33,177
community_alignment,61576080110200,45,238
community_alignment,61576080110201,13,82
community_alignment,61576080110202,59,323
community_alignment,61576080110203,48,257
community_alignment,61576080110204,52,284
community_alignment,61576080110205,25,138
community_alignment,61576080110206,47,261
community_alignment,61576080110207,34,186
community_alignment,61576080110208,38,224
community_alignment,61576080110209,49,270
community_alignment,61576080110210,48,254
community_alignment,61576080110211,61,351
community_alignment,61576080110212,48,261
community_alignment,61576080110213,48,258
community_alignment,61576080110214,47,245
community_alignment,61576080110215,46,254
community_alignment,61576080110216,32,179
community_alignment,61576080110217,42,235
community_alignment,61576080110218,46,255
community_alignment,61576080110219,51,269
community_alignment,61576080110220,51,284
community_alignment,61576080110221,44,236
community_alignment,61576080110222,50,272
community_alignment,61576080110223,31,195
community_alignment,61576080110224,36,214
community_alignment,61576080110225,48,263
community_alignment,61576080110226,48,264
community_alignment,61576080110227,54,303
community_alignment,61576080110228,42,224
community_alignment,61576080110229,48,258
community_alignment,61576080110230,15,64
community_alignment,61576080110231,48,262
community_alignment,61576080110232,15,96
community_alignment,61576080110233,48,259
community_alignment,61576080110234,41,196
community_alignment,61576080110235,47,254
community_alignment,61576080110236,40,217
community_alignment,61576080110237,39,190
community_alignment,61576080110238,39,214
community_alignment,61576080110239,48,263
community_alignment,61576080110240,46,251
community_alignment,61576080110241,54,304
community_alignment,61576080110242,48,264
community_alignment,61576080110243,49,272
community_alignment,61576080110244,42,218
community_alignment,61576080110245,27,143
community_alignment,61576080110246,74,430
community_alignment,61576080110247,50,279
community_alignment,61576080110248,65,365
community_alignment,61576080110249,48,259
community_alignment,61576080110250,45,235
community_alignment,61576080110251,39,204
community_alignment,61576080110252,17,79
community_alignment,61576080110253,55,289
community_alignment,61576080110254,56,318
community_alignment,61576080110255,45,240
community_alignment,61576080110256,48,259
community_alignment,61576080110257,44,223
community_alignment,61576080110258,31,158
community_alignment,61576080110259,47,255
community_alignment,61576080110260,47,252
community_alignment,61576080110261,48,262
community_alignment,61576080110262,48,255
community_alignment,61576080110263,48,255
community_alignment,61576080110264,44,248
community_alignment,61576080110265,34,200
community_alignment,61576080110266,48,258
community_alignment,61576080110267,55,308
community_alignment,61576080110268,44,246
community_alignment,61576080110269,31,146
community_alignment,61576080110270,47,254
community_alignment,61576080110271,42,210
community_alignment,61576080110272,50,272
community_alignment,61576080110273,58,323
community_alignment,61576080110274,36,173
community_alignment,61576080110275,47,251
community_alignment,61576080110276,47,251
community_alignment,61576080110277,49,270
community_alignment,61576080110278,48,255
community_alignment,61576080110279,47,257
community_alignment,61576080110280,45,233
community_alignment,61576080110281,45,246
community_alignment,61576080110282,66,370
community_alignment,61576080110283,32,155
community_alignment,61576080110284,47,251
community_alignment,61576080110285,47,254
community_alignment,61576080110286,36,216
community_alignment,61576080110287,48,260
community_alignment,61576080110288,47,256
community_alignment,61576080110289,37,184
community_alignment,61576080110290,39,210
community_alignment,61576080110291,48,254
community_alignment,61576080110292,48,262
community_alignment,61576080110293,37,213
community_alignment,61576080110294,48,263
community_alignment,61576080110295,57,316
community_alignment,61576080110296,37,181
community_alignment,61576080110297,56,319
community_alignment,61576080110298,15,82
community_alignment,61576080110299,55,305
community_alignment,61576080110300,41,227
community_alignment,61576080110301,18,84
community_alignment,61576080110302,54,295
community_alignment,61576080110303,46,248
community_alignment,61576080110304,31,164
community_alignment,61576080110305,23,89
community_alignment,61576080110306,56,318
community_alignment,61576080110307,53,278
community_alignment,61576080110308,59,316
community_alignment,61576080110309,45,243
community_alignment,61576080110310,61,343
community_alignment,61576080110311,57,305
community_alignment,61576080110312,54,293
community_alignment,61576080110313,48,259
community_alignment,61576080110314,47,248
community_alignment,61576080110315,50,269
community_alignment,61576080110316,55,311
community_alignment,61576080110317,48,255
community_alignment,61576080110318,47,260
community_alignment,61576080110319,48,256
community_alignment,61576080110320,48,263
community_alignment,61576080110321,56,311
community_alignment,61576080110322,46,255
community_alignment,61576080110323,4,17
community_alignment,61576080110324,46,254
community_alignment,61576080110325,48,258
community_alignment,61576080110326,39,192
community_alignment,61576080110327,18,80
community_alignment,61576080110328,55,314
community_alignment,61576080110329,60,330
community_alignment,61576080110330,60,331
community_alignment,61576080110331,52,278
community_alignment,61576080110332,31,138
community_alignment,61576080110333,69,408
community_alignment,61576080110334,56,316
community_alignment,61576080110335,48,264
community_alignment,61576080110336,48,253
community_alignment,61576080110337,37,194
community_alignment,61576080110338,41,205
community_alignment,61576080110339,56,302
community_alignment,61576080110340,46,244
community_alignment,61576080110341,36,176
community_alignment,61576080110342,63,367
community_alignment,61576080110343,47,256
community_alignment,61576080110344,56,316
community_alignment,61576080110345,48,262
community_alignment,61576080110346,46,254
community_alignment,61576080110347,48,263
community_alignment,61576080110348,48,255
community_alignment,61576080110349,45,246
community_alignment,61576080110350,48,251
community_alignment,61576080110351,48,262
community_alignment,61576080110352,33,155
community_alignment,61576080110353,54,295
community_alignment,61576080110354,35,207
community_alignment,61576080110355,32,151
community_alignment,61576080110356,27,108
community_alignment,61576080110357,17,67
community_alignment,61576080110358,37,185
community_alignment,61576080110359,34,148
community_alignment,61576080110360,48,238
community_alignment,61576080110361,56,316
community_alignment,61576080110362,53,291
community_alignment,61576080110363,28,138
community_alignment,61576080110364,37,222
community_alignment,61576080110365,48,264
community_alignment,61576080110366,56,316
community_alignment,61576080110367,48,254
community_alignment,61576080110368,63,349
community_alignment,61576080110369,48,253
community_alignment,61576080110370,56,318
community_alignment,61576080110371,48,262
community_alignment,61576080110372,26,114
community_alignment,61576080110373,46,246
community_alignment,61576080110374,48,262
community_alignment,61576080110375,27,111
community_alignment,61576080110376,5,20
community_alignment,61576080110377,16,68
community_alignment,61576080110378,49,264
community_alignment,61576080110379,48,255
community_alignment,61576080110380,54,302
community_alignment,61576080110381,47,257
community_alignment,61576080110382,25,119
community_alignment,61576080110383,51,291
community_alignment,61576080110384,31,149
community_alignment,61576080110385,48,233
community_alignment,61576080110386,42,214
community_alignment,61576080110387,47,253
community_alignment,61576080110388,43,223
community_alignment,61576080110389,26,124
community_alignment,61576080110390,10,44
community_alignment,61576080110391,47,258
community_alignment,61576080110392,33,166
community_alignment,61576080110393,48,256
community_alignment,61576080110394,48,259
community_alignment,61576080110395,43,222
community_alignment,61576080110396,47,252
community_alignment,61576080110397,56,313
community_alignment,61576080110398,30,173
community_alignment,61576080110399,17,68
community_alignment,61576080110400,37,217
community_alignment,61576080110401,35,168
community_alignment,61576080110402,37,220
community_alignment,61576080110403,59,328
community_alignment,61576080110404,50,275
community_alignment,61576080110405,46,240
community_alignment,61576080110406,45,237
community_alignment,61576080110407,48,264
community_alignment,61576080110408,45,248
community_alignment,61576080110409,28,119
community_alignment,61576080110410,68,382
community_alignment,61576080110411,54,303
community_alignment,61576080110412,36,178
community_alignment,61576080110413,48,260
community_alignment,61576080110414,48,260
community_alignment,61576080110415,40,229
community_alignment,61576080110416,58,331
community_alignment,61576080110417,56,316
community_alignment,61576080110418,36,188
community_alignment,61576080110419,37,219
community_alignment,61576080110420,51,277
community_alignment,61576080110421,53,291
community_alignment,61576080110422,42,212
community_alignment,61576080110423,52,294
community_alignment,61576080110424,33,182
community_alignment,61576080110425,48,260
community_alignment,61576080110426,47,258
community_alignment,61576080110427,46,242
community_alignment,61576080110428,50,264
community_alignment,61576080110429,54,311
community_alignment,61576080110430,45,240
community_alignment,61576080110431,45,241
community_alignment,61576080110432,61,355
community_alignment,61576080110433,51,272
community_alignment,61576080110434,25,121
community_alignment,61576080110435,46,241
community_alignment,61576080110436,55,306
community_alignment,61576080110437,45,243
community_alignment,61576080110438,53,286
community_alignment,61576080110439,60,337
community_alignment,61576080110440,55,312
community_alignment,61576080110441,39,194
community_alignment,61576080110442,18,84
community_alignment,61576080110443,48,263
community_alignment,61576080110444,45,239
community_alignment,61576080110445,43,224
community_alignment,61576080110446,50,275
community_alignment,61576080110447,45,236
community_alignment,61576080110448,7,28
community_alignment,61576080110449,48,263
community_alignment,61576080110450,41,216
community_alignment,61576080110451,21,113
community_alignment,61576080110452,49,266
community_alignment,61576080110453,47,256
community_alignment,61576080110454,42,222
community_alignment,61576080110455,54,282
community_alignment,61576080110456,54,300
community_alignment,61576080110457,48,262
community_alignment,61576080110458,46,254
community_alignment,61576080110459,26,89
community_alignment,61576080110460,44,231
community_alignment,61576080110461,58,334
community_alignment,61576080110462,6,24
community_alignment,61576080110463,45,240
community_alignment,61576080110464,42,224
community_alignment,61576080110465,52,292
community_alignment,61576080110466,43,228
community_alignment,61576080110467,52,296
community_alignment,61576080110468,46,252
community_alignment,61576080110469,46,244
community_alignment,61576080110470,45,231
community_alignment,61576080110471,48,259
community_alignment,61576080110472,48,261
community_alignment,61576080110473,51,275
community_alignment,61576080110474,36,180
community_alignment,61576080110475,21,107
community_alignment,61576080110476,40,191
community_alignment,61576080110477,47,252
community_alignment,61576080110478,56,298
community_alignment,61576080110479,40,177
community_alignment,61576080110480,47,255
community_alignment,61576080110481,30,129
community_alignment,61576080110482,31,151
community_alignment,61576080110483,54,307
community_alignment,61576080110484,47,251
community_alignment,61576080110485,11,43
community_alignment,61576080110486,50,271
community_alignment,61576080110487,46,251
community_alignment,61576080110488,41,206
community_alignment,61576080110489,30,129
community_alignment,61576080110490,46,252
community_alignment,61576080110491,34,179
community_alignment,61576080110492,35,175
community_alignment,61576080110493,29,150
community_alignment,61576080110494,55,306
community_alignment,61576080110495,20,86
community_alignment,61576080110496,41,217
community_alignment,61576080110497,56,320
community_alignment,61576080110498,48,263
community_alignment,61576080110499,45,251
community_alignment,61576080110500,39,210
community_alignment,61576080110501,48,260
community_alignment,61576080110502,13,52
community_alignment,61576080110503,47,253
community_alignment,61576080110504,48,263
community_alignment,61576080110505,36,180
community_alignment,61576080110506,56,317
community_alignment,61576080110507,33,161
community_alignment,61576080110508,45,241
community_alignment,61576080110509,48,259
community_alignment,61576080110510,47,256
community_alignment,61576080110511,44,231
community_alignment,61576080110512,46,254
community_alignment,61576080110513,19,103
community_alignment,61576080110514,48,263
community_alignment,61576080110515,48,257
community_alignment,61576080110516,48,263
community_alignment,61576080110517,30,142
community_alignment,61576080110518,47,253
community_alignment,61576080110519,56,319
community_alignment,61576080110520,47,250
community_alignment,61576080110521,46,243
community_alignment,61576080110522,11,44
community_alignment,61576080110523,36,172
community_alignment,61576080110524,48,261
community_alignment,61576080110525,43,240
community_alignment,61576080110526,47,251
community_alignment,61576080110527,27,140
community_alignment,61576080110528,55,307
community_alignment,61576080110529,48,263
community_alignment,61576080110530,48,257
community_alignment,61576080110531,48,261
community_alignment,61576080110532,60,340
community_alignment,61576080110533,55,309
community_alignment,61576080110534,48,263
community_alignment,61576080110535,48,255
community_alignment,61576080110536,75,442
community_alignment,61576080110537,14,60
community_alignment,61576080110538,50,271
community_alignment,61576080110539,48,264
community_alignment,61576080110540,56,317
community_alignment,61576080110541,48,262
community_alignment,61576080110542,31,144
community_alignment,61576080110543,17,78
community_alignment,61576080110544,35,174
community_alignment,61576080110545,49,270
community_alignment,61576080110546,25,89
community_alignment,61576080110547,19,95
community_alignment,61576080110548,68,387
community_alignment,61576080110549,31,138
community_alignment,61576080110550,3,14
community_alignment,61576080110551,56,313
community_alignment,61576080110552,47,250
community_alignment,61576080110553,46,251
community_alignment,61576080110554,54,303
community_alignment,61576080110555,10,44
community_alignment,61576080110556,43,242
community_alignment,61576080110557,48,264
community_alignment,61576080110558,44,237
community_alignment,61576080110559,54,298
community_alignment,61576080110560,26,109
community_alignment,61576080110561,48,261
community_alignment,61576080110562,53,295
community_alignment,61576080110563,14,58
community_alignment,61576080110564,53,296
community_alignment,61576080110565,10,39
community_alignment,61576080110566,17,118
community_alignment,61576080110567,64,363
community_alignment,61576080110568,47,259
community_alignment,61576080110569,42,214
community_alignment,61576080110570,33,149
community_alignment,61576080110571,55,310
community_alignment,61576080110572,4,16
community_alignment,61576080110573,53,297
community_alignment,61576080110574,18,83
community_alignment,61576080110575,43,239
community_alignment,61576080110576,50,270
community_alignment,61576080110577,56,313
