persona_id,raw_persona_file,scenario,block_index_within_scenario,pref_type,who,old_preference,new_preference,pair_in_preference_updates_map,n_messages,split
953,data/raw_data/raw_data_250826_131038_persona953.json,knowledge_query,0,stereotypical_pref,self,Enjoys listening to contemporary Portuguese pop music,Enjoys listening to traditional Portuguese folk music,True,2,train
953,data/raw_data/raw_data_250826_131038_persona953.json,knowledge_query,1,stereotypical_pref,self,Keeps a close connection to family gatherings on weekends,Rarely attends family gatherings on weekends.,True,2,train
953,data/raw_data/raw_data_250826_131038_persona953.json,knowledge_query,2,stereotypical_pref,self,Uses Strava to track cycling performance,Does not use Strava to track cycling performance,True,2,train
953,data/raw_data/raw_data_250826_131038_persona953.json,knowledge_query,5,anti_stereotypical_pref,self,Prefers Nordic and Baltic cuisines like pickled herring,Prefers Mediterranean and Southern European cuisines like grilled seafood.,True,2,train
953,data/raw_data/raw_data_250826_131038_persona953.json,knowledge_query,7,anti_stereotypical_pref,self,Drinks herbal teas instead of coffee,Drinks coffee instead of herbal teas,True,2,train
953,data/raw_data/raw_data_250826_131038_persona953.json,knowledge_query,9,anti_stereotypical_pref,self,Admires winter sports athletes like ski jumpers,Admires summer sports athletes like sprinters,True,4,train
953,data/raw_data/raw_data_250826_131038_persona953.json,knowledge_query,10,anti_stereotypical_pref,self,Wants to travel extensively in Central Asia rather than Southern Europe,Wants to travel extensively in Southern Europe rather than Central Asia.,True,4,train
953,data/raw_data/raw_data_250826_131038_persona953.json,knowledge_query,11,anti_stereotypical_pref,self,Uses Telegram more often than WhatsApp,Uses WhatsApp more often than Telegram,True,4,train
953,data/raw_data/raw_data_250826_131038_persona953.json,knowledge_query,12,anti_stereotypical_pref,self,Likes ambient electronic music over party anthems,Likes party anthems over ambient electronic music,True,2,train
953,data/raw_data/raw_data_250826_131038_persona953.json,knowledge_query,13,neutral_preferences,self,Collects interesting stones and shells,Does not collect stones or shells,True,4,train
953,data/raw_data/raw_data_250826_131038_persona953.json,knowledge_query,14,neutral_preferences,self,Loves exploring local markets,Dislikes exploring local markets,True,4,train
953,data/raw_data/raw_data_250826_131038_persona953.json,knowledge_query,16,neutral_preferences,self,Likes watching animated films from different countries,Dislikes watching animated films from different countries,True,4,train
953,data/raw_data/raw_data_250826_131038_persona953.json,knowledge_query,19,neutral_preferences,self,Likes visiting science museums,Dislikes visiting science museums,True,2,train
953,data/raw_data/raw_data_250826_131038_persona953.json,knowledge_query,20,health_and_medical_conditions,self,Mild seasonal pollen allergy causing occasional hay fever,No pollen allergies or hay fever.,True,4,train
953,data/raw_data/raw_data_250826_131038_persona953.json,knowledge_query,21,health_and_medical_conditions,self,History of adolescent knee ligament strain from cycling,History of adolescent knee ligament strain not from cycling,True,4,train
953,data/raw_data/raw_data_250826_131038_persona953.json,knowledge_query,22,health_and_medical_conditions,self,Diagnosed with mild lactose intolerance,Not diagnosed with lactose intolerance,True,2,train
953,data/raw_data/raw_data_250826_131038_persona953.json,knowledge_query,23,health_and_medical_conditions,self,Past concussion from a cycling crash at age 15,No history of concussion from a cycling crash at age 15,True,2,train
478,data/raw_data/raw_data_250819_225921_persona478.json,knowledge_query,0,stereotypical_pref,self,Values close-knit family gatherings,Values independence over family gatherings,True,4,train
478,data/raw_data/raw_data_250819_225921_persona478.json,knowledge_query,1,stereotypical_pref,self,Enjoys tropical fruits such as mango and rambutan,Dislikes tropical fruits such as mango and rambutan.,True,2,train
478,data/raw_data/raw_data_250819_225921_persona478.json,knowledge_query,2,stereotypical_pref,self,Participates in cultural festivals regularly,Does not participate in cultural festivals regularly,True,2,train
478,data/raw_data/raw_data_250819_225921_persona478.json,knowledge_query,3,stereotypical_pref,self,Enjoys shopping at local markets,Prefers shopping at large chain stores,True,4,train
478,data/raw_data/raw_data_250819_225921_persona478.json,knowledge_query,4,anti_stereotypical_pref,self,Likes strong espresso over tea for daily caffeine,Likes tea over strong espresso for daily caffeine.,True,4,train
478,data/raw_data/raw_data_250819_225921_persona478.json,knowledge_query,5,anti_stereotypical_pref,self,Wears contemporary Western fashion most days,Wears traditional or cultural clothing most days,True,2,train
478,data/raw_data/raw_data_250819_225921_persona478.json,knowledge_query,6,anti_stereotypical_pref,self,Speaks confidently and assertively in large groups,Speaks timidly and hesitantly in large groups.,True,4,train
478,data/raw_data/raw_data_250819_225921_persona478.json,knowledge_query,7,anti_stereotypical_pref,self,Enjoys rock and indie music over traditional performances,Enjoys traditional performances over rock and indie music,True,4,train
478,data/raw_data/raw_data_250819_225921_persona478.json,knowledge_query,8,anti_stereotypical_pref,self,Loves mountain hiking in rugged terrains,"Prefers relaxing on flat, easy trails.",True,4,train
478,data/raw_data/raw_data_250819_225921_persona478.json,knowledge_query,9,anti_stereotypical_pref,self,Uses bold perfume scents rather than floral,Uses floral perfume scents rather than bold.,True,4,train
478,data/raw_data/raw_data_250819_225921_persona478.json,knowledge_query,10,anti_stereotypical_pref,self,Engages in political debates openly,Avoids political debates openly,True,2,train
478,data/raw_data/raw_data_250819_225921_persona478.json,knowledge_query,11,anti_stereotypical_pref,self,Prefers minimal gift-exchange traditions,Prefers elaborate gift-exchange traditions,True,4,train
478,data/raw_data/raw_data_250819_225921_persona478.json,knowledge_query,12,anti_stereotypical_pref,self,Enjoys sci-fi literature,Does not enjoy sci-fi literature,True,4,train
478,data/raw_data/raw_data_250819_225921_persona478.json,knowledge_query,15,anti_stereotypical_pref,self,Enjoys contemporary dance rather than folk styles,Enjoys folk styles rather than contemporary dance,True,4,train
478,data/raw_data/raw_data_250819_225921_persona478.json,knowledge_query,16,neutral_preferences,self,Enjoys watching nature documentaries,Does not enjoy watching nature documentaries,True,4,train
478,data/raw_data/raw_data_250819_225921_persona478.json,knowledge_query,17,neutral_preferences,self,Likes going for evening walks,Dislikes going for evening walks,True,2,train
478,data/raw_data/raw_data_250819_225921_persona478.json,knowledge_query,19,neutral_preferences,self,Enjoys swimming as a leisure activity,Does not enjoy swimming as a leisure activity.,True,4,train
478,data/raw_data/raw_data_250819_225921_persona478.json,knowledge_query,20,neutral_preferences,self,Regularly listens to podcasts,Does not regularly listen to podcasts,True,2,train
478,data/raw_data/raw_data_250819_225921_persona478.json,knowledge_query,22,neutral_preferences,self,Enjoys learning new cooking techniques,Dislikes learning new cooking techniques,True,2,train
478,data/raw_data/raw_data_250819_225921_persona478.json,knowledge_query,23,neutral_preferences,self,Regularly recycles household waste,Does not regularly recycle household waste,True,2,train
478,data/raw_data/raw_data_250819_225921_persona478.json,knowledge_query,24,neutral_preferences,self,Loves attending outdoor food festivals,Does not enjoy attending outdoor food festivals,True,2,train
478,data/raw_data/raw_data_250819_225921_persona478.json,knowledge_query,25,health_and_medical_conditions,self,Mild lactose intolerance causing digestive discomfort,"No lactose intolerance, can consume dairy without issues.",True,2,train
478,data/raw_data/raw_data_250819_225921_persona478.json,knowledge_query,26,health_and_medical_conditions,self,Contact allergy to certain fabric detergents,No contact allergy to fabric detergents,True,4,train
478,data/raw_data/raw_data_250819_225921_persona478.json,knowledge_query,27,health_and_medical_conditions,self,Once underwent minor surgery to remove a benign skin cyst,Never underwent any surgery to remove a benign skin cyst.,True,2,train
906,data/raw_data/raw_data_250825_220103_persona906.json,knowledge_query,0,stereotypical_pref,self,Keeps in touch with extended family overseas regularly via calls,Rarely contacts extended family overseas.,True,4,train
906,data/raw_data/raw_data_250825_220103_persona906.json,knowledge_query,1,stereotypical_pref,self,Reads diaspora-focused news portals,Reads local-focused news portals,True,2,train
906,data/raw_data/raw_data_250825_220103_persona906.json,knowledge_query,2,stereotypical_pref,self,Listens to devotional bhajans during certain holidays,Does not listen to devotional bhajans during certain holidays.,True,2,train
906,data/raw_data/raw_data_250825_220103_persona906.json,knowledge_query,3,stereotypical_pref,self,Enjoys Indian buffet restaurants with family,Dislikes Indian buffet restaurants with family,True,4,train
906,data/raw_data/raw_data_250825_220103_persona906.json,knowledge_query,8,anti_stereotypical_pref,self,Cuts down on sugar and avoids traditional sweets most of the time,Enjoys sugary foods and traditional sweets regularly.,True,4,train
906,data/raw_data/raw_data_250825_220103_persona906.json,knowledge_query,9,anti_stereotypical_pref,self,Frequently experiments with fusion cuisine,Rarely experiments with fusion cuisine,True,4,train
906,data/raw_data/raw_data_250825_220103_persona906.json,knowledge_query,10,anti_stereotypical_pref,self,Often chooses podcasts over music playlists,Often chooses music playlists over podcasts,True,2,train
906,data/raw_data/raw_data_250825_220103_persona906.json,knowledge_query,13,anti_stereotypical_pref,self,Does not follow religious festivals strictly,Follows religious festivals strictly,True,2,train
906,data/raw_data/raw_data_250825_220103_persona906.json,knowledge_query,14,anti_stereotypical_pref,self,Cooks Italian pasta dishes from scratch,Orders Italian pasta dishes from restaurants,True,2,train
906,data/raw_data/raw_data_250825_220103_persona906.json,knowledge_query,15,anti_stereotypical_pref,self,Enjoys stand-up comedy over dance performances,Enjoys dance performances over stand-up comedy,True,4,train
906,data/raw_data/raw_data_250825_220103_persona906.json,knowledge_query,18,anti_stereotypical_pref,self,Enjoys wine tasting experiences,Does not enjoy wine tasting experiences,True,2,train
906,data/raw_data/raw_data_250825_220103_persona906.json,knowledge_query,19,neutral_preferences,self,Enjoys photography of urban scenes,Enjoys photography of natural landscapes.,True,4,train
906,data/raw_data/raw_data_250825_220103_persona906.json,knowledge_query,20,neutral_preferences,self,Likes journaling for personal reflection,Dislikes journaling for personal reflection,True,4,train
906,data/raw_data/raw_data_250825_220103_persona906.json,knowledge_query,21,neutral_preferences,self,Prefers reusable water bottles over disposable ones,Prefers disposable water bottles over reusable ones,True,2,train
906,data/raw_data/raw_data_250825_220103_persona906.json,knowledge_query,24,neutral_preferences,self,Enjoys podcasts about storytelling,Does not enjoy podcasts about storytelling,True,2,train
906,data/raw_data/raw_data_250825_220103_persona906.json,knowledge_query,25,neutral_preferences,self,Likes planning short weekend getaways,Dislikes planning short weekend getaways,True,4,train
906,data/raw_data/raw_data_250825_220103_persona906.json,knowledge_query,26,neutral_preferences,self,Enjoys browsing used bookstores,Prefers buying new books from bookstores,True,4,train
906,data/raw_data/raw_data_250825_220103_persona906.json,knowledge_query,27,neutral_preferences,self,Likes keeping an organized workspace,Likes a cluttered workspace,True,2,train
906,data/raw_data/raw_data_250825_220103_persona906.json,knowledge_query,28,neutral_preferences,self,Feels comfortable working remotely,Feels comfortable working on-site,True,4,train
906,data/raw_data/raw_data_250825_220103_persona906.json,knowledge_query,29,neutral_preferences,self,"Enjoys cooking simple, healthy meals","Enjoys cooking elaborate, indulgent meals",True,4,train
906,data/raw_data/raw_data_250825_220103_persona906.json,knowledge_query,30,neutral_preferences,self,Appreciates handmade gifts,Prefers store-bought gifts,True,2,train
906,data/raw_data/raw_data_250825_220103_persona906.json,knowledge_query,31,health_and_medical_conditions,self,Mild seasonal allergic rhinitis triggered by pollen,No seasonal allergic rhinitis triggered by pollen,True,4,train
906,data/raw_data/raw_data_250825_220103_persona906.json,knowledge_query,34,health_and_medical_conditions,self,Mild myopia requiring prescription glasses,No vision correction needed,True,4,train
906,data/raw_data/raw_data_250825_220103_persona906.json,knowledge_query,35,health_and_medical_conditions,self,Previous ankle sprain from cycling accident,No previous ankle sprain from cycling accident,True,2,train
906,data/raw_data/raw_data_250825_220103_persona906.json,knowledge_query,36,health_and_medical_conditions,self,Vitamin D deficiency managed through supplements,Vitamin D deficiency managed through diet,True,4,train
906,data/raw_data/raw_data_250825_220103_persona906.json,knowledge_query,38,health_and_medical_conditions,self,Mild eczema flare-ups during dry winter months,No eczema flare-ups during humid summer months,True,2,train
673,data/raw_data/raw_data_250820_224501_persona673.json,knowledge_query,0,stereotypical_pref,self,Regularly listens to mainstream pop hits during workouts,Rarely listens to mainstream pop hits during workouts.,True,2,train
673,data/raw_data/raw_data_250820_224501_persona673.json,knowledge_query,1,stereotypical_pref,self,Frequently uses wellness mobile apps,Rarely uses wellness mobile apps,True,4,train
673,data/raw_data/raw_data_250820_224501_persona673.json,knowledge_query,2,stereotypical_pref,self,"Drives a compact, eco-friendly car","Drives a large, gas-guzzling vehicle",True,2,train
673,data/raw_data/raw_data_250820_224501_persona673.json,knowledge_query,9,stereotypical_pref,self,Reads lifestyle and fitness blogs,Does not read lifestyle and fitness blogs,True,4,train
673,data/raw_data/raw_data_250820_224501_persona673.json,knowledge_query,10,stereotypical_pref,self,Appreciates well-presented food in restaurants,Does not care about food presentation in restaurants,True,2,train
673,data/raw_data/raw_data_250820_224501_persona673.json,knowledge_query,11,stereotypical_pref,self,Enjoys organizing weekend getaways with friends,Prefers relaxing at home alone on weekends.,True,2,train
673,data/raw_data/raw_data_250820_224501_persona673.json,knowledge_query,12,stereotypical_pref,self,Likes boutique fitness studio experiences,Prefers large commercial gym experiences,True,2,train
673,data/raw_data/raw_data_250820_224501_persona673.json,knowledge_query,13,stereotypical_pref,self,Keeps a vision board for life goals,Does not keep a vision board for life goals,True,2,train
673,data/raw_data/raw_data_250820_224501_persona673.json,knowledge_query,14,anti_stereotypical_pref,self,Regularly watches historical documentaries,Rarely watches historical documentaries,True,2,train
673,data/raw_data/raw_data_250820_224501_persona673.json,knowledge_query,15,anti_stereotypical_pref,self,Prefers practical sports watches over fashionable ones,Prefers fashionable sports watches over practical ones,True,4,train
673,data/raw_data/raw_data_250820_224501_persona673.json,knowledge_query,17,anti_stereotypical_pref,self,"Loves visiting small, off-the-map rural towns","Loves exploring major, well-known cities",True,4,train
673,data/raw_data/raw_data_250820_224501_persona673.json,knowledge_query,18,anti_stereotypical_pref,self,Enjoys fishing trips with her uncle,Does not enjoy fishing trips with her uncle,True,4,train
673,data/raw_data/raw_data_250820_224501_persona673.json,knowledge_query,19,anti_stereotypical_pref,self,Prefers camping in rugged terrains over beach resorts,Prefers beach resorts over camping in rugged terrains.,True,2,train
673,data/raw_data/raw_data_250820_224501_persona673.json,knowledge_query,21,anti_stereotypical_pref,self,Favours thrift shopping rather than boutique stores,Prefers boutique stores rather than thrift shopping,True,2,train
673,data/raw_data/raw_data_250820_224501_persona673.json,knowledge_query,22,anti_stereotypical_pref,self,Enjoys fixing small home appliances herself,Prefers hiring professionals to fix small home appliances,True,2,train
673,data/raw_data/raw_data_250820_224501_persona673.json,knowledge_query,23,anti_stereotypical_pref,self,Prefers strong black coffee to flavored lattes,Prefers flavored lattes to strong black coffee.,True,2,train
673,data/raw_data/raw_data_250820_224501_persona673.json,knowledge_query,24,anti_stereotypical_pref,self,Enjoys winter hikes in snowy conditions,Enjoys summer hikes in warm conditions,True,2,train
673,data/raw_data/raw_data_250820_224501_persona673.json,knowledge_query,25,anti_stereotypical_pref,self,Likes playing strategy board games,Dislikes playing strategy board games,True,2,train
673,data/raw_data/raw_data_250820_224501_persona673.json,knowledge_query,28,anti_stereotypical_pref,self,Enjoys attending live theatre over music festivals,Enjoys attending music festivals over live theatre,True,2,train
673,data/raw_data/raw_data_250820_224501_persona673.json,knowledge_query,29,anti_stereotypical_pref,self,Prefers practical gifts over decorative items,Prefers decorative items over practical gifts,True,4,train
673,data/raw_data/raw_data_250820_224501_persona673.json,knowledge_query,30,anti_stereotypical_pref,self,Prefers old-fashioned pen-and-paper journaling,Prefers digital journaling,True,2,train
673,data/raw_data/raw_data_250820_224501_persona673.json,knowledge_query,31,anti_stereotypical_pref,self,Prefers hearty traditional breakfasts to brunch cafes,Prefers brunch cafes to hearty traditional breakfasts,True,2,train
673,data/raw_data/raw_data_250820_224501_persona673.json,knowledge_query,32,neutral_preferences,self,Likes listening to audiobooks on long drives,Dislikes listening to audiobooks on long drives,True,2,train
673,data/raw_data/raw_data_250820_224501_persona673.json,knowledge_query,33,neutral_preferences,self,Likes strolling through art museums,Dislikes strolling through art museums,True,2,train
673,data/raw_data/raw_data_250820_224501_persona673.json,knowledge_query,37,neutral_preferences,self,Likes watching sunrise from a hilltop,Likes watching sunset from a hilltop,True,2,train
673,data/raw_data/raw_data_250820_224501_persona673.json,knowledge_query,38,neutral_preferences,self,Enjoys baking fresh bread on weekends,Prefers not to bake bread on weekends,True,4,train
673,data/raw_data/raw_data_250820_224501_persona673.json,knowledge_query,40,neutral_preferences,self,Enjoys learning basic phrases in different languages,Does not enjoy learning basic phrases in different languages,True,2,train
673,data/raw_data/raw_data_250820_224501_persona673.json,knowledge_query,43,health_and_medical_conditions,self,History of mild sports-induced asthma managed with inhalers,No history of asthma or need for inhalers.,True,2,train
673,data/raw_data/raw_data_250820_224501_persona673.json,knowledge_query,44,health_and_medical_conditions,self,Recurring shin splints from overtraining in sprint sessions,No shin splints and well-balanced sprint training without overtraining.,True,2,train
673,data/raw_data/raw_data_250820_224501_persona673.json,knowledge_query,45,health_and_medical_conditions,self,Mild iron deficiency anemia during heavy competition seasons,Optimal iron levels during off-season training,True,4,train
580,data/raw_data/raw_data_250820_165412_persona580.json,knowledge_query,0,stereotypical_pref,self,Frequently listens to slack-key guitar music,Rarely listens to slack-key guitar music,True,2,train
580,data/raw_data/raw_data_250820_165412_persona580.json,knowledge_query,3,stereotypical_pref,self,Highly values extended family gatherings,Prefers minimal extended family gatherings,True,4,train
580,data/raw_data/raw_data_250820_165412_persona580.json,knowledge_query,4,stereotypical_pref,self,Enjoys surfing in her free time,Does not enjoy surfing in her free time.,True,4,train
580,data/raw_data/raw_data_250820_165412_persona580.json,knowledge_query,7,stereotypical_pref,self,Keeps fresh leis in the house for special occasions,Does not keep fresh leis in the house for special occasions.,True,2,train
580,data/raw_data/raw_data_250820_165412_persona580.json,knowledge_query,8,stereotypical_pref,self,Uses natural plumeria-scented products,Uses unscented products,True,4,train
580,data/raw_data/raw_data_250820_165412_persona580.json,knowledge_query,9,stereotypical_pref,self,Believes strongly in oral storytelling tradition,Prefers written records over oral storytelling.,True,2,train
580,data/raw_data/raw_data_250820_165412_persona580.json,knowledge_query,11,stereotypical_pref,self,Enjoys island reggae and Jawaiian music,Dislikes island reggae and Jawaiian music,True,2,train
580,data/raw_data/raw_data_250820_165412_persona580.json,knowledge_query,12,stereotypical_pref,self,Wears flower hair accessories on festive days,Does not wear flower hair accessories on festive days,True,2,train
580,data/raw_data/raw_data_250820_165412_persona580.json,knowledge_query,13,stereotypical_pref,self,Enjoys canoe paddling events,Dislikes canoe paddling events,True,2,train
580,data/raw_data/raw_data_250820_165412_persona580.json,knowledge_query,14,anti_stereotypical_pref,self,Enjoys attending opera performances,Does not enjoy attending opera performances,True,4,train
580,data/raw_data/raw_data_250820_165412_persona580.json,knowledge_query,15,anti_stereotypical_pref,self,Prefers snowy mountain destinations for getaways,Prefers sunny beach destinations for getaways,True,2,train
580,data/raw_data/raw_data_250820_165412_persona580.json,knowledge_query,16,anti_stereotypical_pref,self,Loves wearing sharp tailored suits for events,"Loves wearing casual, relaxed outfits for events.",True,2,train
580,data/raw_data/raw_data_250820_165412_persona580.json,knowledge_query,17,anti_stereotypical_pref,self,Drinks espresso instead of tropical coffee blends,Drinks tropical coffee blends instead of espresso,True,2,train
580,data/raw_data/raw_data_250820_165412_persona580.json,knowledge_query,18,anti_stereotypical_pref,self,Enjoys Scottish folk music,Does not enjoy Scottish folk music,True,2,train
580,data/raw_data/raw_data_250820_165412_persona580.json,knowledge_query,19,anti_stereotypical_pref,self,Keeps a fondness for Scandinavian interior design styles,Keeps a fondness for Mediterranean interior design styles,True,2,train
580,data/raw_data/raw_data_250820_165412_persona580.json,knowledge_query,22,anti_stereotypical_pref,self,Studies medieval European history,Studies modern non-European history,True,2,train
580,data/raw_data/raw_data_250820_165412_persona580.json,knowledge_query,25,neutral_preferences,self,Prefers walking over driving for short distances,Prefers driving over walking for short distances,True,4,train
580,data/raw_data/raw_data_250820_165412_persona580.json,knowledge_query,27,neutral_preferences,self,Enjoys cooking comfort food recipes,Enjoys cooking healthy gourmet recipes,True,2,train
580,data/raw_data/raw_data_250820_165412_persona580.json,knowledge_query,28,neutral_preferences,self,Enjoys volunteering at community events,Avoids volunteering at community events,True,4,train
580,data/raw_data/raw_data_250820_165412_persona580.json,knowledge_query,29,neutral_preferences,self,Enjoys puzzle-solving activities like crosswords,Does not enjoy puzzle-solving activities like crosswords.,True,2,train
580,data/raw_data/raw_data_250820_165412_persona580.json,knowledge_query,30,neutral_preferences,self,Listens to podcasts about history,Does not listen to podcasts about history,True,2,train
580,data/raw_data/raw_data_250820_165412_persona580.json,knowledge_query,31,neutral_preferences,self,Prefers soft instrumental music while working,Prefers upbeat vocal music while working,True,4,train
580,data/raw_data/raw_data_250820_165412_persona580.json,knowledge_query,32,neutral_preferences,self,Enjoys visiting local farmers markets,Avoids visiting local farmers markets,True,4,train
580,data/raw_data/raw_data_250820_165412_persona580.json,knowledge_query,33,neutral_preferences,self,Keeps fresh flowers in the living room,Does not keep fresh flowers in the living room,True,2,train
580,data/raw_data/raw_data_250820_165412_persona580.json,knowledge_query,34,neutral_preferences,self,Wears comfortable cotton clothing around the house,Wears formal or stylish clothing around the house,True,2,train
580,data/raw_data/raw_data_250820_165412_persona580.json,knowledge_query,35,neutral_preferences,self,Enjoys morning walks in the park,Prefers to stay indoors in the morning,True,4,train
580,data/raw_data/raw_data_250820_165412_persona580.json,knowledge_query,36,neutral_preferences,self,Regularly attends small-town fairs and festivals,Rarely attends small-town fairs and festivals,True,2,train
580,data/raw_data/raw_data_250820_165412_persona580.json,knowledge_query,37,neutral_preferences,self,Keeps photo albums of family events,Does not keep photo albums of family events,True,2,train
580,data/raw_data/raw_data_250820_165412_persona580.json,knowledge_query,38,health_and_medical_conditions,self,Seasonal allergic rhinitis triggered by Florida pollen,Seasonal allergic rhinitis not triggered by Florida pollen,True,2,train
580,data/raw_data/raw_data_250820_165412_persona580.json,knowledge_query,41,health_and_medical_conditions,self,Occasional acid reflux managed with over-the-counter medication,No history of acid reflux.,True,4,train
580,data/raw_data/raw_data_250820_165412_persona580.json,knowledge_query,42,health_and_medical_conditions,self,Past shoulder rotator cuff repair from a fall during a charity wrestling event,No history of shoulder rotator cuff injury or surgery.,True,2,train
580,data/raw_data/raw_data_250820_165412_persona580.json,knowledge_query,46,health_and_medical_conditions,self,Glaucoma in early stages treated with daily eye drops,Glaucoma in early stages treated with surgery.,True,2,train
580,data/raw_data/raw_data_250820_165412_persona580.json,knowledge_query,48,health_and_medical_conditions,self,Family history of type 2 diabetes on maternal side,No family history of type 2 diabetes on maternal side,True,2,train
580,data/raw_data/raw_data_250820_165412_persona580.json,knowledge_query,49,health_and_medical_conditions,self,Menopausal symptoms including hot flashes and sleep disruptions,No menopausal symptoms and normal sleep patterns,True,2,train
167,data/raw_data/raw_data_250815_163935_persona167.json,knowledge_query,0,stereotypical_pref,self,Frequently visits modern Asian fusion restaurants,Rarely visits modern Asian fusion restaurants,True,2,train
167,data/raw_data/raw_data_250815_163935_persona167.json,knowledge_query,1,stereotypical_pref,self,Keeps organized and tidy living spaces,Prefers a cluttered and messy living space,True,2,train
167,data/raw_data/raw_data_250815_163935_persona167.json,knowledge_query,2,stereotypical_pref,self,Often photographed while traveling to East Asian countries,Rarely photographed while traveling to East Asian countries,True,2,train
167,data/raw_data/raw_data_250815_163935_persona167.json,knowledge_query,3,stereotypical_pref,self,Follows Asian-American community events and festivals,Does not follow Asian-American community events and festivals,True,2,train
167,data/raw_data/raw_data_250815_163935_persona167.json,knowledge_query,11,stereotypical_pref,self,Chooses skincare products from Korean or Japanese brands,Chooses skincare products from non-Korean and non-Japanese brands.,True,2,train
167,data/raw_data/raw_data_250815_163935_persona167.json,knowledge_query,12,stereotypical_pref,self,Regularly consumes rice-based meals,Does not regularly consume rice-based meals,True,4,train
167,data/raw_data/raw_data_250815_163935_persona167.json,knowledge_query,13,stereotypical_pref,self,Shows interest in Asian cinema and dramas,Shows no interest in Asian cinema and dramas,True,2,train
167,data/raw_data/raw_data_250815_163935_persona167.json,knowledge_query,14,stereotypical_pref,self,Collects household items with symbolic good fortune motifs,Collects household items without symbolic good fortune motifs,True,2,train
167,data/raw_data/raw_data_250815_163935_persona167.json,knowledge_query,15,stereotypical_pref,self,Favors quiet and safe neighborhoods,Favors lively and bustling neighborhoods,True,4,train
167,data/raw_data/raw_data_250815_163935_persona167.json,knowledge_query,16,anti_stereotypical_pref,self,Prefers pickup trucks over compact vehicles for utility,Prefers compact vehicles over pickup trucks for utility,True,6,train
167,data/raw_data/raw_data_250815_163935_persona167.json,knowledge_query,17,anti_stereotypical_pref,self,"Prefers camping in rugged, remote areas over tourist trips","Prefers tourist trips over camping in rugged, remote areas.",True,2,train
167,data/raw_data/raw_data_250815_163935_persona167.json,knowledge_query,22,anti_stereotypical_pref,self,Reads Scandinavian crime novels,Does not read Scandinavian crime novels,True,2,train
167,data/raw_data/raw_data_250815_163935_persona167.json,knowledge_query,23,anti_stereotypical_pref,self,Enjoys winter sports such as snowboarding,Prefers to avoid winter sports such as snowboarding,True,4,train
167,data/raw_data/raw_data_250815_163935_persona167.json,knowledge_query,28,anti_stereotypical_pref,self,Happily works on DIY home renovation projects,Prefers to avoid DIY home renovation projects,True,4,train
167,data/raw_data/raw_data_250815_163935_persona167.json,knowledge_query,35,neutral_preferences,self,Watches documentaries on history and culture,Watches fictional movies and TV shows,True,2,train
167,data/raw_data/raw_data_250815_163935_persona167.json,knowledge_query,36,neutral_preferences,self,Finds relaxation in gardening small plants,Finds relaxation in avoiding gardening activities,True,2,train
167,data/raw_data/raw_data_250815_163935_persona167.json,knowledge_query,37,neutral_preferences,self,Enjoys swimming for exercise,Dislikes swimming for exercise,True,2,train
167,data/raw_data/raw_data_250815_163935_persona167.json,knowledge_query,38,neutral_preferences,self,Values lifelong learning and attending skill workshops,Does not value lifelong learning or attending skill workshops.,True,4,train
167,data/raw_data/raw_data_250815_163935_persona167.json,knowledge_query,39,neutral_preferences,self,Likes watching thunderstorms from indoors,Dislikes watching thunderstorms from indoors,True,2,train
167,data/raw_data/raw_data_250815_163935_persona167.json,knowledge_query,40,neutral_preferences,self,Frequently donates to disaster relief programs,Rarely donates to disaster relief programs,True,2,train
167,data/raw_data/raw_data_250815_163935_persona167.json,knowledge_query,43,neutral_preferences,self,Likes experimenting with new cooking recipes,Dislikes experimenting with new cooking recipes,True,2,train
167,data/raw_data/raw_data_250815_163935_persona167.json,knowledge_query,44,neutral_preferences,self,Explores different hiking trails each month,Sticks to the same hiking trail each month,True,2,train
167,data/raw_data/raw_data_250815_163935_persona167.json,knowledge_query,45,neutral_preferences,self,Goes to local street fairs for fun,Avoids local street fairs for fun,True,2,train
167,data/raw_data/raw_data_250815_163935_persona167.json,knowledge_query,46,neutral_preferences,self,Always carries a reusable water bottle,Always uses disposable water bottles,True,4,train
167,data/raw_data/raw_data_250815_163935_persona167.json,knowledge_query,47,health_and_medical_conditions,self,Early-onset hypertension managed with low-dose medication,Late-onset hypertension managed with high-dose medication,True,4,train
167,data/raw_data/raw_data_250815_163935_persona167.json,knowledge_query,48,health_and_medical_conditions,self,Mild lactose intolerance managed through dietary adjustments,"No lactose intolerance, no dietary restrictions regarding dairy",True,4,train
167,data/raw_data/raw_data_250815_163935_persona167.json,knowledge_query,49,health_and_medical_conditions,self,Family history of type 2 diabetes on maternal side,No family history of type 2 diabetes on maternal side,True,2,train
167,data/raw_data/raw_data_250815_163935_persona167.json,knowledge_query,52,health_and_medical_conditions,self,Mild hearing loss in left ear from repeated exposure to loud gun training,Normal hearing in left ear with no damage from loud noise exposure,True,2,train
164,data/raw_data/raw_data_250815_163935_persona164.json,knowledge_query,0,stereotypical_pref,self,Prefers oud and qanun performances at cultural events,Prefers modern electronic music performances at cultural events,True,2,train
164,data/raw_data/raw_data_250815_163935_persona164.json,knowledge_query,5,stereotypical_pref,self,Appreciates henna designs for special occasions,Does not appreciate henna designs for special occasions.,True,2,train
164,data/raw_data/raw_data_250815_163935_persona164.json,knowledge_query,6,stereotypical_pref,self,Values high-quality imported teas,Values locally-produced teas,True,4,train
164,data/raw_data/raw_data_250815_163935_persona164.json,knowledge_query,7,stereotypical_pref,self,Enjoys curated dining experiences with celebrity chefs,"Prefers casual, local dining spots without celebrity affiliations",True,2,train
164,data/raw_data/raw_data_250815_163935_persona164.json,knowledge_query,8,anti_stereotypical_pref,self,Likes participating in community gardening initiatives,Dislikes participating in community gardening initiatives,True,4,train
164,data/raw_data/raw_data_250815_163935_persona164.json,knowledge_query,9,anti_stereotypical_pref,self,Follows underground street art scenes,Follows mainstream art exhibitions,True,2,train
164,data/raw_data/raw_data_250815_163935_persona164.json,knowledge_query,10,anti_stereotypical_pref,self,Favors DIY home décor projects,Favors professionally-made home décor items,True,2,train
164,data/raw_data/raw_data_250815_163935_persona164.json,knowledge_query,11,anti_stereotypical_pref,self,Learns folk dances from different world regions,Does not learn folk dances from different world regions,True,2,train
164,data/raw_data/raw_data_250815_163935_persona164.json,knowledge_query,12,anti_stereotypical_pref,self,Supports experimental theater groups,Does not support experimental theater groups,True,2,train
164,data/raw_data/raw_data_250815_163935_persona164.json,knowledge_query,13,anti_stereotypical_pref,self,Enjoys volunteering at wildlife rehabilitation centers,Prefers not to volunteer at wildlife rehabilitation centers,True,2,train
164,data/raw_data/raw_data_250815_163935_persona164.json,knowledge_query,14,anti_stereotypical_pref,self,Prefers small-town festivals over grand city events,Prefers grand city events over small-town festivals,True,2,train
164,data/raw_data/raw_data_250815_163935_persona164.json,knowledge_query,15,anti_stereotypical_pref,self,Supports grassroots cultural exchange programs,Opposes grassroots cultural exchange programs,True,2,train
164,data/raw_data/raw_data_250815_163935_persona164.json,knowledge_query,18,anti_stereotypical_pref,self,Enjoys urban sketching in modest cafés,Enjoys rural painting in grand restaurants,True,2,train
164,data/raw_data/raw_data_250815_163935_persona164.json,knowledge_query,23,neutral_preferences,self,Enjoys reading historical fiction novels,Does not enjoy reading historical fiction novels.,True,2,train
164,data/raw_data/raw_data_250815_163935_persona164.json,knowledge_query,24,neutral_preferences,self,Prefers watching sunsets by the sea,Prefers watching sunrises in the mountains,True,4,train
164,data/raw_data/raw_data_250815_163935_persona164.json,knowledge_query,25,neutral_preferences,self,Enjoys birdwatching in nature reserves,Prefers indoor activities unrelated to birdwatching,True,2,train
164,data/raw_data/raw_data_250815_163935_persona164.json,knowledge_query,26,neutral_preferences,self,Appreciates watching classic black-and-white films,Prefers watching modern color films,True,2,train
164,data/raw_data/raw_data_250815_163935_persona164.json,knowledge_query,27,neutral_preferences,self,Enjoys visiting science museums,Does not enjoy visiting science museums,True,2,train
164,data/raw_data/raw_data_250815_163935_persona164.json,knowledge_query,28,neutral_preferences,self,Likes playing board games with family,Dislikes playing board games with family,True,4,train
164,data/raw_data/raw_data_250815_163935_persona164.json,knowledge_query,29,neutral_preferences,self,Loves attending cooking workshops,Dislikes attending cooking workshops,True,2,train
164,data/raw_data/raw_data_250815_163935_persona164.json,knowledge_query,31,neutral_preferences,self,Likes browsing independent bookstores,Likes shopping at large chain bookstores,True,4,train
164,data/raw_data/raw_data_250815_163935_persona164.json,knowledge_query,32,neutral_preferences,self,Likes attending poetry readings,Dislikes attending poetry readings,True,2,train
164,data/raw_data/raw_data_250815_163935_persona164.json,knowledge_query,34,neutral_preferences,self,Enjoys crafting homemade greeting cards,Does not enjoy crafting homemade greeting cards,True,2,train
164,data/raw_data/raw_data_250815_163935_persona164.json,knowledge_query,35,neutral_preferences,self,Likes listening to nature sound recordings,Dislikes listening to nature sound recordings,True,4,train
164,data/raw_data/raw_data_250815_163935_persona164.json,knowledge_query,36,neutral_preferences,self,Enjoys attending lectures on new scientific discoveries,Prefers not to attend lectures on new scientific discoveries,True,4,train
164,data/raw_data/raw_data_250815_163935_persona164.json,knowledge_query,39,health_and_medical_conditions,self,History of mild postpartum depression after her second child,No history of postpartum depression after childbirth,True,2,train
164,data/raw_data/raw_data_250815_163935_persona164.json,knowledge_query,40,health_and_medical_conditions,self,Past laparoscopic appendectomy in her late twenties,No history of laparoscopic appendectomy in her late twenties,True,2,train
164,data/raw_data/raw_data_250815_163935_persona164.json,knowledge_query,41,health_and_medical_conditions,self,Family history of type 2 diabetes on her maternal side,No family history of type 2 diabetes on her maternal side,True,2,train
164,data/raw_data/raw_data_250815_163935_persona164.json,knowledge_query,42,health_and_medical_conditions,self,Mild scoliosis monitored but not requiring surgery,Severe scoliosis requiring surgical intervention,True,4,train
654,data/raw_data/raw_data_250820_224501_persona654.json,knowledge_query,0,stereotypical_pref,self,Enjoys drinking fine wines from Marlborough,Prefers not to drink fine wines from Marlborough,True,4,train
654,data/raw_data/raw_data_250820_224501_persona654.json,knowledge_query,1,stereotypical_pref,self,Attends art galleries and literary festivals regularly,Rarely attends art galleries or literary festivals,True,2,train
654,data/raw_data/raw_data_250820_224501_persona654.json,knowledge_query,2,stereotypical_pref,self,Listens to classical music during writing sessions,Listens to upbeat modern music during writing sessions,True,2,train
654,data/raw_data/raw_data_250820_224501_persona654.json,knowledge_query,3,stereotypical_pref,self,"Appreciates slow, scenic train journeys","Prefers fast, direct train journeys",True,4,train
654,data/raw_data/raw_data_250820_224501_persona654.json,knowledge_query,5,stereotypical_pref,self,Loves coastal walks and seaside cottages,Prefers mountain hikes and alpine cabins,True,4,train
654,data/raw_data/raw_data_250820_224501_persona654.json,knowledge_query,6,stereotypical_pref,self,"Decorates home in a minimalist, light-filled style","Decorates home in a maximalist, cozy, richly colored style",True,4,train
654,data/raw_data/raw_data_250820_224501_persona654.json,knowledge_query,7,stereotypical_pref,self,Follows BBC and Radio New Zealand for news,Does not follow BBC or Radio New Zealand for news,True,2,train
654,data/raw_data/raw_data_250820_224501_persona654.json,knowledge_query,8,stereotypical_pref,self,Vacations in France or Italy for inspiration,Vacations outside France and Italy for inspiration,True,2,train
654,data/raw_data/raw_data_250820_224501_persona654.json,knowledge_query,9,stereotypical_pref,self,"Favors soft, folk-inspired background music","Favors energetic, rock-inspired background music",True,2,train
654,data/raw_data/raw_data_250820_224501_persona654.json,knowledge_query,11,stereotypical_pref,self,Collects pottery from local artisans,Does not collect pottery from local artisans,True,2,train
654,data/raw_data/raw_data_250820_224501_persona654.json,knowledge_query,12,stereotypical_pref,self,Displays framed black-and-white photography,Displays unframed color photography,True,2,train
654,data/raw_data/raw_data_250820_224501_persona654.json,knowledge_query,16,anti_stereotypical_pref,self,Keeps a collection of vintage comic books,Does not keep a collection of vintage comic books,True,2,train
654,data/raw_data/raw_data_250820_224501_persona654.json,knowledge_query,19,anti_stereotypical_pref,self,Enjoys DIY home repair projects,Dislikes DIY home repair projects,True,4,train
654,data/raw_data/raw_data_250820_224501_persona654.json,knowledge_query,20,anti_stereotypical_pref,self,Rides a motorbike on scenic routes,Drives a car on scenic routes,True,2,train
654,data/raw_data/raw_data_250820_224501_persona654.json,knowledge_query,24,anti_stereotypical_pref,self,Enjoys crafting quirky pop-culture fan art,Dislikes creating quirky pop-culture fan art,True,2,train
654,data/raw_data/raw_data_250820_224501_persona654.json,knowledge_query,25,anti_stereotypical_pref,self,Participates in escape room challenges,Does not participate in escape room challenges,True,2,train
654,data/raw_data/raw_data_250820_224501_persona654.json,knowledge_query,28,anti_stereotypical_pref,self,Enjoys themed costume parties,Dislikes themed costume parties,True,4,train
654,data/raw_data/raw_data_250820_224501_persona654.json,knowledge_query,29,neutral_preferences,self,Values spending quality time with family,Values spending time alone,True,4,train
654,data/raw_data/raw_data_250820_224501_persona654.json,knowledge_query,33,neutral_preferences,self,Enjoys baking homemade bread,Prefers not to bake homemade bread,True,2,train
654,data/raw_data/raw_data_250820_224501_persona654.json,knowledge_query,34,neutral_preferences,self,Likes visiting public gardens,Dislikes visiting public gardens,True,4,train
654,data/raw_data/raw_data_250820_224501_persona654.json,knowledge_query,37,neutral_preferences,self,Engages in photography for memories,Engages in photography for artistic expression,True,2,train
654,data/raw_data/raw_data_250820_224501_persona654.json,knowledge_query,38,neutral_preferences,self,Plays casual card games,Plays competitive card games,True,2,train
654,data/raw_data/raw_data_250820_224501_persona654.json,knowledge_query,39,neutral_preferences,self,Enjoys picnics in the park,Dislikes picnics in the park,True,2,train
654,data/raw_data/raw_data_250820_224501_persona654.json,knowledge_query,40,neutral_preferences,self,Collects postcards from travels,Does not collect postcards from travels,True,2,train
654,data/raw_data/raw_data_250820_224501_persona654.json,knowledge_query,41,neutral_preferences,self,Learns new recipes from cookbooks,Learns new recipes from online sources,True,2,train
654,data/raw_data/raw_data_250820_224501_persona654.json,knowledge_query,44,neutral_preferences,self,Likes weekend road trips,Dislikes weekend road trips,True,2,train
654,data/raw_data/raw_data_250820_224501_persona654.json,knowledge_query,45,neutral_preferences,self,Explores new walking trails,Prefers familiar walking routes,True,2,train
654,data/raw_data/raw_data_250820_224501_persona654.json,knowledge_query,46,neutral_preferences,self,Watches wildlife in nature reserves,Watches wildlife in zoos,True,2,train
654,data/raw_data/raw_data_250820_224501_persona654.json,knowledge_query,47,neutral_preferences,self,Appreciates comfortable loungewear at home,"Prefers stylish, formal wear at home",True,4,train
654,data/raw_data/raw_data_250820_224501_persona654.json,knowledge_query,48,health_and_medical_conditions,self,History of a minor wrist surgery from a past sports injury,No history of wrist surgery or past sports injury,True,2,train
654,data/raw_data/raw_data_250820_224501_persona654.json,knowledge_query,50,health_and_medical_conditions,self,Mild lactose intolerance requiring dietary adjustments,"No lactose intolerance, no dietary restrictions",True,2,train
654,data/raw_data/raw_data_250820_224501_persona654.json,knowledge_query,51,health_and_medical_conditions,self,Uses prescription reading glasses for eye strain,Does not use prescription reading glasses for eye strain,True,2,train
654,data/raw_data/raw_data_250820_224501_persona654.json,knowledge_query,52,health_and_medical_conditions,self,Past iron deficiency anemia managed through supplements,No history of iron deficiency anemia or supplement use,True,2,train
792,data/raw_data/raw_data_250820_224501_persona792.json,knowledge_query,0,stereotypical_pref,self,Travels frequently for both business and leisure,Travels infrequently for both business and leisure,True,2,train
792,data/raw_data/raw_data_250820_224501_persona792.json,knowledge_query,1,stereotypical_pref,self,Enthusiastic about high-tech gadgets and smart home devices,Skeptical about high-tech gadgets and smart home devices,True,2,train
792,data/raw_data/raw_data_250820_224501_persona792.json,knowledge_query,2,stereotypical_pref,self,Follows the latest business news obsessively,Ignores business news entirely,True,2,train
792,data/raw_data/raw_data_250820_224501_persona792.json,knowledge_query,3,stereotypical_pref,self,Has a private financial advisor and tax consultant,Does not have a private financial advisor or tax consultant,True,4,train
792,data/raw_data/raw_data_250820_224501_persona792.json,knowledge_query,5,anti_stereotypical_pref,self,Enjoys backpacking and staying in hostels during certain trips,Prefers luxury travel and staying in high-end hotels during trips,True,2,train
792,data/raw_data/raw_data_250820_224501_persona792.json,knowledge_query,6,anti_stereotypical_pref,self,Avoids overreliance on traditional investment models,Favors reliance on traditional investment models,True,2,train
792,data/raw_data/raw_data_250820_224501_persona792.json,knowledge_query,7,anti_stereotypical_pref,self,Listens to underground podcasts on unconventional topics,Listens to mainstream podcasts on popular topics,True,2,train
792,data/raw_data/raw_data_250820_224501_persona792.json,knowledge_query,8,anti_stereotypical_pref,self,Participates in public transport initiatives,Does not participate in public transport initiatives,True,2,train
792,data/raw_data/raw_data_250820_224501_persona792.json,knowledge_query,9,anti_stereotypical_pref,self,Enjoys spontaneous travel without detailed plans,Prefers well-planned and structured travel itineraries.,True,2,train
792,data/raw_data/raw_data_250820_224501_persona792.json,knowledge_query,10,anti_stereotypical_pref,self,Spends time gardening in the condo balcony area,Spends little to no time gardening in the condo balcony area.,True,2,train
792,data/raw_data/raw_data_250820_224501_persona792.json,knowledge_query,11,anti_stereotypical_pref,self,Enjoys learning regional dialects from local guides while traveling,Prefers learning standardized language from formal sources while traveling.,True,2,train
792,data/raw_data/raw_data_250820_224501_persona792.json,knowledge_query,13,neutral_preferences,self,Uses a fitness tracker to monitor health,Does not use a fitness tracker to monitor health,True,2,train
792,data/raw_data/raw_data_250820_224501_persona792.json,knowledge_query,14,neutral_preferences,self,Prefers window seats during flights,Prefers aisle seats during flights,True,4,train
792,data/raw_data/raw_data_250820_224501_persona792.json,knowledge_query,15,neutral_preferences,self,Takes photos while traveling for personal memories,Takes photos while traveling for sharing on social media,True,2,train
792,data/raw_data/raw_data_250820_224501_persona792.json,knowledge_query,16,neutral_preferences,self,Likes sunrise views over sunsets,Likes sunset views over sunrises,True,2,train
792,data/raw_data/raw_data_250820_224501_persona792.json,knowledge_query,17,neutral_preferences,self,Prefers moderate climate destinations,Prefers extreme climate destinations,True,4,train
792,data/raw_data/raw_data_250820_224501_persona792.json,knowledge_query,20,health_and_medical_conditions,self,History of mild gastritis after periods of high stress,"No history of gastritis, even during periods of high stress",True,2,train
792,data/raw_data/raw_data_250820_224501_persona792.json,knowledge_query,22,health_and_medical_conditions,self,Mild tinnitus likely linked to frequent air travel,No tinnitus despite frequent air travel,True,2,train
557,data/raw_data/raw_data_250819_225921_persona557.json,knowledge_query,0,stereotypical_pref,self,Enjoys visiting cherry blossom festivals in spring,Does not enjoy visiting cherry blossom festivals in spring.,True,2,train
557,data/raw_data/raw_data_250819_225921_persona557.json,knowledge_query,1,stereotypical_pref,self,Takes pride in polished presentation and neat appearance,Does not mind a casual or unpolished appearance,True,4,train
557,data/raw_data/raw_data_250819_225921_persona557.json,knowledge_query,2,stereotypical_pref,self,Places strong emphasis on personal responsibility,Places strong emphasis on societal responsibility,True,2,train
557,data/raw_data/raw_data_250819_225921_persona557.json,knowledge_query,3,stereotypical_pref,self,Saves diligently for family and future needs,Spends freely for present enjoyment and experiences,True,4,train
557,data/raw_data/raw_data_250819_225921_persona557.json,knowledge_query,4,stereotypical_pref,self,Enjoys flower arrangement as a leisure activity,Does not enjoy flower arrangement as a leisure activity.,True,2,train
557,data/raw_data/raw_data_250819_225921_persona557.json,knowledge_query,5,stereotypical_pref,self,Prefers staying in well-reviewed and spotless accommodations,Prefers staying in budget accommodations even if reviews and cleanliness are not a priority.,True,4,train
557,data/raw_data/raw_data_250819_225921_persona557.json,knowledge_query,6,stereotypical_pref,self,Values continuous self-improvement through certifications and courses,Values practical experience over formal certifications and courses.,True,2,train
557,data/raw_data/raw_data_250819_225921_persona557.json,knowledge_query,8,anti_stereotypical_pref,self,Prefers rustic and eclectic home decor over minimalism,Prefers minimalism over rustic and eclectic home decor,True,2,train
557,data/raw_data/raw_data_250819_225921_persona557.json,knowledge_query,9,anti_stereotypical_pref,self,Eager to take spontaneous weekend trips without set plans,Prefers to have well-planned and scheduled weekend activities.,True,2,train
557,data/raw_data/raw_data_250819_225921_persona557.json,knowledge_query,10,anti_stereotypical_pref,self,Appreciates outspoken and direct debate in discussions,Prefers polite and tactful dialogue in discussions,True,2,train
557,data/raw_data/raw_data_250819_225921_persona557.json,knowledge_query,11,anti_stereotypical_pref,self,Loves cold brew coffee over hot tea,Loves hot tea over cold brew coffee,True,4,train
557,data/raw_data/raw_data_250819_225921_persona557.json,knowledge_query,12,anti_stereotypical_pref,self,Has a collection of quirky novelty kitchen gadgets,Does not own any quirky novelty kitchen gadgets,True,4,train
557,data/raw_data/raw_data_250819_225921_persona557.json,knowledge_query,13,anti_stereotypical_pref,self,Engages in direct conflict resolution without subtlety,Avoids direct conflict through subtle and indirect approaches.,True,2,train
557,data/raw_data/raw_data_250819_225921_persona557.json,knowledge_query,15,anti_stereotypical_pref,self,Occasionally disregards schedules for creative flexibility,Consistently follows schedules for structured productivity,True,2,train
557,data/raw_data/raw_data_250819_225921_persona557.json,knowledge_query,16,anti_stereotypical_pref,self,Enjoys camping in rugged outdoor areas,Prefers staying in comfortable indoor accommodations,True,2,train
557,data/raw_data/raw_data_250819_225921_persona557.json,knowledge_query,17,anti_stereotypical_pref,self,"Prefers small, independent accommodations over luxury hotels when traveling personally","Prefers luxury hotels over small, independent accommodations when traveling personally.",True,2,train
557,data/raw_data/raw_data_250819_225921_persona557.json,knowledge_query,18,neutral_preferences,self,Enjoys spending time outdoors on pleasant days,Prefers staying indoors on pleasant days.,True,4,train
557,data/raw_data/raw_data_250819_225921_persona557.json,knowledge_query,19,neutral_preferences,self,Volunteers for local community events,Paid workers for local community events,True,2,train
557,data/raw_data/raw_data_250819_225921_persona557.json,knowledge_query,21,neutral_preferences,self,Listens to podcasts during commutes,Does not listen to podcasts during commutes,True,2,train
557,data/raw_data/raw_data_250819_225921_persona557.json,knowledge_query,24,neutral_preferences,self,Explores local hiking trails,Stays indoors,True,2,train
557,data/raw_data/raw_data_250819_225921_persona557.json,knowledge_query,25,neutral_preferences,self,Tries new cooking recipes every month,Does not try new cooking recipes every month.,True,2,train
557,data/raw_data/raw_data_250819_225921_persona557.json,knowledge_query,27,neutral_preferences,self,Keeps up with global current events,Does not keep up with global current events,True,2,train
557,data/raw_data/raw_data_250819_225921_persona557.json,knowledge_query,28,neutral_preferences,self,Enjoys a warm cup of cocoa in winter,Prefers a cold glass of iced tea in summer,True,2,train
557,data/raw_data/raw_data_250819_225921_persona557.json,knowledge_query,29,neutral_preferences,self,Plays casual video games for relaxation,Does not play casual video games for relaxation,True,4,train
557,data/raw_data/raw_data_250819_225921_persona557.json,knowledge_query,30,neutral_preferences,self,Keeps a small collection of favorite books,Keeps a large collection of books,True,2,train
557,data/raw_data/raw_data_250819_225921_persona557.json,knowledge_query,31,neutral_preferences,self,Organizes photo albums for family memories,Does not organize photo albums for family memories,True,2,train
557,data/raw_data/raw_data_250819_225921_persona557.json,knowledge_query,32,health_and_medical_conditions,self,Occasional tension headaches linked to work-related stress,Occasional relaxation and mental clarity from effective stress management at work,True,4,train
557,data/raw_data/raw_data_250819_225921_persona557.json,knowledge_query,33,health_and_medical_conditions,self,Past LASIK eye surgery to improve vision,No past LASIK eye surgery to improve vision,True,4,train
557,data/raw_data/raw_data_250819_225921_persona557.json,knowledge_query,34,health_and_medical_conditions,self,Occasional mild acid reflux after late evening meals,"No acid reflux, even after late evening meals",True,4,train
152,data/raw_data/raw_data_250815_163935_persona152.json,knowledge_query,0,stereotypical_pref,self,Enjoys mariachi and regional Mexican music at family events,Dislikes mariachi and regional Mexican music at family events.,True,2,train
152,data/raw_data/raw_data_250815_163935_persona152.json,knowledge_query,1,stereotypical_pref,self,Has a special appreciation for Day of the Dead traditions,Does not have a special appreciation for Day of the Dead traditions,True,2,train
152,data/raw_data/raw_data_250815_163935_persona152.json,knowledge_query,2,stereotypical_pref,self,Enjoys listening to Spanish guitar music,Does not enjoy listening to Spanish guitar music.,True,2,train
152,data/raw_data/raw_data_250815_163935_persona152.json,knowledge_query,3,stereotypical_pref,self,"Prefers storytelling with personal, emotive flair","Prefers factual, concise, and objective style",True,2,train
152,data/raw_data/raw_data_250815_163935_persona152.json,knowledge_query,6,stereotypical_pref,self,Values respect for elders and family hierarchy,Values equality over hierarchy in family relationships.,True,2,train
152,data/raw_data/raw_data_250815_163935_persona152.json,knowledge_query,9,anti_stereotypical_pref,self,Is more interested in NBA basketball than soccer leagues,Is more interested in soccer leagues than NBA basketball.,True,2,train
152,data/raw_data/raw_data_250815_163935_persona152.json,knowledge_query,10,anti_stereotypical_pref,self,Favors plant-based dishes over meat-centric meals,Favors meat-centric meals over plant-based dishes,True,4,train
152,data/raw_data/raw_data_250815_163935_persona152.json,knowledge_query,11,anti_stereotypical_pref,self,Loves attending classical music concerts,Dislikes attending classical music concerts,True,2,train
152,data/raw_data/raw_data_250815_163935_persona152.json,knowledge_query,12,anti_stereotypical_pref,self,"Prefers understated, neutral-toned clothing","Prefers bold, vibrant-colored clothing",True,4,train
152,data/raw_data/raw_data_250815_163935_persona152.json,knowledge_query,13,anti_stereotypical_pref,self,Spends weekends hiking in solitude rather than in large gatherings,Spends weekends in large gatherings rather than hiking in solitude.,True,2,train
152,data/raw_data/raw_data_250815_163935_persona152.json,knowledge_query,14,anti_stereotypical_pref,self,Enjoys indie folk music more than Latin pop,Enjoys Latin pop more than indie folk music.,True,4,train
152,data/raw_data/raw_data_250815_163935_persona152.json,knowledge_query,15,anti_stereotypical_pref,self,Prefers Japanese anime to telenovelas,Prefers telenovelas to Japanese anime,True,2,train
152,data/raw_data/raw_data_250815_163935_persona152.json,knowledge_query,16,anti_stereotypical_pref,self,Takes vacations to Nordic countries,Takes vacations to tropical countries,True,2,train
152,data/raw_data/raw_data_250815_163935_persona152.json,knowledge_query,17,anti_stereotypical_pref,self,Enjoys solo travel experiences,Enjoys group travel experiences,True,2,train
152,data/raw_data/raw_data_250815_163935_persona152.json,knowledge_query,18,anti_stereotypical_pref,self,Eats sushi regularly,Does not eat sushi regularly,True,2,train
152,data/raw_data/raw_data_250815_163935_persona152.json,knowledge_query,19,anti_stereotypical_pref,self,Wears business-casual attire daily,Wears casual attire daily,True,2,train
152,data/raw_data/raw_data_250815_163935_persona152.json,knowledge_query,20,anti_stereotypical_pref,self,Collects minimalist photography prints,Collects maximalist photography prints,True,2,train
152,data/raw_data/raw_data_250815_163935_persona152.json,knowledge_query,21,neutral_preferences,self,Enjoys trying new food trends,Prefers sticking to familiar foods,True,4,train
152,data/raw_data/raw_data_250815_163935_persona152.json,knowledge_query,22,neutral_preferences,self,Likes playing board games with friends,Dislikes playing board games with friends,True,2,train
152,data/raw_data/raw_data_250815_163935_persona152.json,knowledge_query,24,neutral_preferences,self,Enjoys gardening on weekends,Dislikes gardening on weekends,True,2,train
152,data/raw_data/raw_data_250815_163935_persona152.json,knowledge_query,25,neutral_preferences,self,Enjoys photography as a hobby,Does not enjoy photography as a hobby,True,4,train
152,data/raw_data/raw_data_250815_163935_persona152.json,knowledge_query,26,neutral_preferences,self,Regularly attends open mic nights,Rarely attends open mic nights,True,2,train
152,data/raw_data/raw_data_250815_163935_persona152.json,knowledge_query,27,neutral_preferences,self,Likes working in coffee shops,Prefers working at home,True,2,train
152,data/raw_data/raw_data_250815_163935_persona152.json,knowledge_query,28,neutral_preferences,self,Appreciates community volunteer work,Prefers not to engage in community volunteer work,True,2,train
152,data/raw_data/raw_data_250815_163935_persona152.json,knowledge_query,29,neutral_preferences,self,Enjoys attending thought-provoking lectures,Prefers to avoid thought-provoking lectures,True,2,train
152,data/raw_data/raw_data_250815_163935_persona152.json,knowledge_query,30,neutral_preferences,self,Uses public transport regularly,Does not use public transport regularly,True,2,train
152,data/raw_data/raw_data_250815_163935_persona152.json,knowledge_query,31,neutral_preferences,self,Loves going to art-house cinemas,Prefers mainstream blockbuster movies,True,2,train
152,data/raw_data/raw_data_250815_163935_persona152.json,knowledge_query,32,neutral_preferences,self,Likes exploring new city neighborhoods,Dislikes exploring new city neighborhoods,True,2,train
152,data/raw_data/raw_data_250815_163935_persona152.json,knowledge_query,33,neutral_preferences,self,Enjoys swimming in the summer,Enjoys avoiding swimming in the summer,True,4,train
152,data/raw_data/raw_data_250815_163935_persona152.json,knowledge_query,34,neutral_preferences,self,Appreciates modern architecture,Prefers traditional architecture,True,2,train
152,data/raw_data/raw_data_250815_163935_persona152.json,knowledge_query,37,health_and_medical_conditions,self,Mild seasonal allergies to pollen,No allergies to pollen,True,4,train
152,data/raw_data/raw_data_250815_163935_persona152.json,knowledge_query,38,health_and_medical_conditions,self,Occasional tension headaches during high-stress periods,"No tension headaches, even during high-stress periods.",True,4,train
152,data/raw_data/raw_data_250815_163935_persona152.json,knowledge_query,39,health_and_medical_conditions,self,Underwent wisdom tooth extraction without complications,Underwent wisdom tooth extraction with complications,True,2,train
152,data/raw_data/raw_data_250815_163935_persona152.json,knowledge_query,43,health_and_medical_conditions,self,Uses corrective lenses for mild nearsightedness,Does not use corrective lenses and has normal vision,True,2,train
82,data/raw_data/raw_data_250815_163935_persona82.json,knowledge_query,0,stereotypical_pref,self,Attends local folklore festivals,Does not attend local folklore festivals,True,4,train
82,data/raw_data/raw_data_250815_163935_persona82.json,knowledge_query,1,stereotypical_pref,self,Likes fermented foods such as kimchi,Dislikes fermented foods such as kimchi,True,2,train
82,data/raw_data/raw_data_250815_163935_persona82.json,knowledge_query,4,stereotypical_pref,self,Drinks green tea regularly,Does not drink green tea regularly,True,2,train
82,data/raw_data/raw_data_250815_163935_persona82.json,knowledge_query,5,stereotypical_pref,self,Enjoys photography of landscapes,Enjoys photography of people,True,4,train
82,data/raw_data/raw_data_250815_163935_persona82.json,knowledge_query,6,anti_stereotypical_pref,self,Likes extreme sports such as indoor climbing,Dislikes extreme sports such as indoor climbing,True,2,train
82,data/raw_data/raw_data_250815_163935_persona82.json,knowledge_query,7,anti_stereotypical_pref,self,Experiments with virtual reality gaming,Experiments with traditional tabletop gaming,True,2,train
82,data/raw_data/raw_data_250815_163935_persona82.json,knowledge_query,8,anti_stereotypical_pref,self,Spontaneously rearranges her schedule,Strictly follows her schedule,True,4,train
82,data/raw_data/raw_data_250815_163935_persona82.json,knowledge_query,9,anti_stereotypical_pref,self,Loves spicy street food from around the world,Dislikes spicy street food from around the world,True,2,train
82,data/raw_data/raw_data_250815_163935_persona82.json,knowledge_query,10,anti_stereotypical_pref,self,Prefers online shopping for convenience,Prefers in-store shopping for experience,True,2,train
82,data/raw_data/raw_data_250815_163935_persona82.json,knowledge_query,11,anti_stereotypical_pref,self,Uses high-tech gadgets for daily chores,Prefers doing daily chores manually,True,4,train
82,data/raw_data/raw_data_250815_163935_persona82.json,knowledge_query,12,anti_stereotypical_pref,self,Watches satirical political shows,Does not watch satirical political shows,True,2,train
82,data/raw_data/raw_data_250815_163935_persona82.json,knowledge_query,13,neutral_preferences,self,Plays board games with friends,Plays board games alone,True,2,train
82,data/raw_data/raw_data_250815_163935_persona82.json,knowledge_query,14,neutral_preferences,self,Enjoys planning road trips,Dislikes planning road trips,True,2,train
82,data/raw_data/raw_data_250815_163935_persona82.json,knowledge_query,15,neutral_preferences,self,Keeps a personal journal,Does not keep a personal journal,True,2,train
82,data/raw_data/raw_data_250815_163935_persona82.json,knowledge_query,16,neutral_preferences,self,Loves picnics in the park,Dislikes picnics in the park,True,4,train
82,data/raw_data/raw_data_250815_163935_persona82.json,knowledge_query,17,neutral_preferences,self,Enjoys arranging books by color,Enjoys arranging books by genre,True,2,train
82,data/raw_data/raw_data_250815_163935_persona82.json,knowledge_query,18,neutral_preferences,self,Likes sketching in a travel notebook,Dislikes sketching in a travel notebook,True,2,train
82,data/raw_data/raw_data_250815_163935_persona82.json,knowledge_query,19,neutral_preferences,self,Prefers scented candles in the home,Prefers unscented candles in the home,True,4,train
82,data/raw_data/raw_data_250815_163935_persona82.json,knowledge_query,20,neutral_preferences,self,Watches cooking tutorial videos online,Does not watch cooking tutorial videos online,True,2,train
82,data/raw_data/raw_data_250815_163935_persona82.json,knowledge_query,23,health_and_medical_conditions,self,Lactose intolerance managed through diet,No dietary restrictions related to lactose,True,4,train
82,data/raw_data/raw_data_250815_163935_persona82.json,knowledge_query,24,health_and_medical_conditions,self,Mild osteoarthritis in the knees from years of hiking,"No joint issues and strong, healthy knees from years of hiking",True,2,train
82,data/raw_data/raw_data_250815_163935_persona82.json,knowledge_query,27,health_and_medical_conditions,self,Family history of type 2 diabetes on maternal side,No family history of type 2 diabetes on maternal side,True,4,train
82,data/raw_data/raw_data_250815_163935_persona82.json,knowledge_query,28,health_and_medical_conditions,self,Previous appendectomy in her late twenties,No previous appendectomy in her late twenties,True,2,train
82,data/raw_data/raw_data_250815_163935_persona82.json,knowledge_query,29,health_and_medical_conditions,self,"Mild eczema flare-ups during cold, dry winters","Mild eczema flare-ups during hot, humid summers",True,2,train
82,data/raw_data/raw_data_250815_163935_persona82.json,knowledge_query,32,health_and_medical_conditions,self,Allergic reaction to penicillin,No allergic reaction to penicillin,True,4,train
735,data/raw_data/raw_data_250820_224501_persona735.json,knowledge_query,2,stereotypical_pref,self,Follows popular Nigerian influencers,Does not follow popular Nigerian influencers,True,4,train
735,data/raw_data/raw_data_250820_224501_persona735.json,knowledge_query,3,stereotypical_pref,self,Enjoys palm wine during celebrations,Does not enjoy palm wine during celebrations.,True,2,train
735,data/raw_data/raw_data_250820_224501_persona735.json,knowledge_query,4,stereotypical_pref,self,Enjoys African drumming rhythms,Dislikes African drumming rhythms,True,4,train
735,data/raw_data/raw_data_250820_224501_persona735.json,knowledge_query,6,stereotypical_pref,self,Values respect for elders,Values independence from elders,True,4,train
735,data/raw_data/raw_data_250820_224501_persona735.json,knowledge_query,7,stereotypical_pref,self,Enjoys Sunday rice and stew traditions,Does not enjoy Sunday rice and stew traditions,True,2,train
735,data/raw_data/raw_data_250820_224501_persona735.json,knowledge_query,8,stereotypical_pref,self,Appreciates African print fabrics,Does not appreciate African print fabrics,True,4,train
735,data/raw_data/raw_data_250820_224501_persona735.json,knowledge_query,9,stereotypical_pref,self,Values extended family support systems,Values independence from family support systems,True,2,train
735,data/raw_data/raw_data_250820_224501_persona735.json,knowledge_query,10,anti_stereotypical_pref,self,Loves indie rock and alternative music scenes,Loves mainstream pop and commercial music scenes,True,2,train
735,data/raw_data/raw_data_250820_224501_persona735.json,knowledge_query,11,anti_stereotypical_pref,self,"Prefers mild, subtly flavored foods","Prefers bold, strongly flavored foods",True,2,train
735,data/raw_data/raw_data_250820_224501_persona735.json,knowledge_query,12,anti_stereotypical_pref,self,Listens to long-form educational podcasts,Listens to short-form educational podcasts,True,2,train
735,data/raw_data/raw_data_250820_224501_persona735.json,knowledge_query,13,anti_stereotypical_pref,self,Keeps up with Japanese manga series,Does not keep up with Japanese manga series,True,2,train
735,data/raw_data/raw_data_250820_224501_persona735.json,knowledge_query,14,anti_stereotypical_pref,self,Appreciates modernist architecture,Prefers traditional architecture,True,2,train
735,data/raw_data/raw_data_250820_224501_persona735.json,knowledge_query,15,anti_stereotypical_pref,self,Enjoys craft beer tastings,Does not enjoy craft beer tastings,True,2,train
735,data/raw_data/raw_data_250820_224501_persona735.json,knowledge_query,16,anti_stereotypical_pref,self,Participates in comic conventions,Does not participate in comic conventions,True,2,train
735,data/raw_data/raw_data_250820_224501_persona735.json,knowledge_query,17,anti_stereotypical_pref,self,Takes interest in gourmet vegetarian dishes,Takes interest in gourmet non-vegetarian dishes,True,4,train
735,data/raw_data/raw_data_250820_224501_persona735.json,knowledge_query,18,anti_stereotypical_pref,self,Values individualism in decision making,Values collectivism in decision making,True,2,train
735,data/raw_data/raw_data_250820_224501_persona735.json,knowledge_query,19,anti_stereotypical_pref,self,Loves ambient music for relaxation,Dislikes ambient music for relaxation,True,2,train
735,data/raw_data/raw_data_250820_224501_persona735.json,knowledge_query,20,neutral_preferences,self,Loves exploring new cafés,Dislikes exploring new cafés,True,2,train
735,data/raw_data/raw_data_250820_224501_persona735.json,knowledge_query,21,neutral_preferences,self,Enjoys swimming in the pool,Enjoys staying out of the pool,True,2,train
735,data/raw_data/raw_data_250820_224501_persona735.json,knowledge_query,22,neutral_preferences,self,Uses public transportation regularly,Does not use public transportation regularly,True,2,train
735,data/raw_data/raw_data_250820_224501_persona735.json,knowledge_query,23,neutral_preferences,self,Keeps up with weather updates,Does not keep up with weather updates,True,2,train
735,data/raw_data/raw_data_250820_224501_persona735.json,knowledge_query,24,neutral_preferences,self,Loves taking midafternoon naps,Dislikes taking midafternoon naps,True,4,train
735,data/raw_data/raw_data_250820_224501_persona735.json,knowledge_query,25,neutral_preferences,self,Checks movie reviews before watching films,Watches films without checking reviews,True,2,train
735,data/raw_data/raw_data_250820_224501_persona735.json,knowledge_query,26,neutral_preferences,self,Keeps reusable shopping bags,Does not keep reusable shopping bags,True,2,train
735,data/raw_data/raw_data_250820_224501_persona735.json,knowledge_query,27,health_and_medical_conditions,self,Occasional lower back pain from prolonged desk work,No back pain from prolonged desk work,True,2,train
735,data/raw_data/raw_data_250820_224501_persona735.json,knowledge_query,30,health_and_medical_conditions,self,Past bout of malaria requiring brief hospitalization,No history of malaria or hospitalization,True,2,train
830,data/raw_data/raw_data_250820_224501_persona830.json,knowledge_query,2,stereotypical_pref,self,Keeps family recipes handwritten in a notebook,Keeps family recipes in a digital format,True,2,train
830,data/raw_data/raw_data_250820_224501_persona830.json,knowledge_query,3,stereotypical_pref,self,Enjoys sharing cultural traditions with non-Latino friends,Prefers to keep cultural traditions within the Latino community.,True,4,train
830,data/raw_data/raw_data_250820_224501_persona830.json,knowledge_query,4,stereotypical_pref,self,Calls parents multiple times each week,Calls parents less than once a week,True,2,train
830,data/raw_data/raw_data_250820_224501_persona830.json,knowledge_query,5,stereotypical_pref,self,Prefers fresh tortillas over store-bought packaged ones,Prefers store-bought packaged tortillas over fresh ones.,True,4,train
830,data/raw_data/raw_data_250820_224501_persona830.json,knowledge_query,7,stereotypical_pref,self,Supports Latino-owned small businesses,Does not support Latino-owned small businesses,True,2,train
830,data/raw_data/raw_data_250820_224501_persona830.json,knowledge_query,9,anti_stereotypical_pref,self,Loves exploring Nordic and Japanese cuisines,Dislikes exploring Nordic and Japanese cuisines,True,4,train
830,data/raw_data/raw_data_250820_224501_persona830.json,knowledge_query,10,anti_stereotypical_pref,self,Tends to travel to cold-weather destinations for adventure,Tends to travel to warm-weather destinations for relaxation,True,4,train
830,data/raw_data/raw_data_250820_224501_persona830.json,knowledge_query,11,anti_stereotypical_pref,self,Rarely watches television and prefers online educational content,Frequently watches television and prefers entertainment content.,True,2,train
830,data/raw_data/raw_data_250820_224501_persona830.json,knowledge_query,14,anti_stereotypical_pref,self,Avoids traditional holiday gatherings if they become overcrowded,Seeks out traditional holiday gatherings even if they become overcrowded.,True,2,train
830,data/raw_data/raw_data_250820_224501_persona830.json,knowledge_query,15,anti_stereotypical_pref,self,Spends more on high-tech gadgets than on jewelry,Spends more on jewelry than on high-tech gadgets,True,2,train
830,data/raw_data/raw_data_250820_224501_persona830.json,knowledge_query,16,anti_stereotypical_pref,self,Uses reusable silicone bags instead of plastic wrapping for food,Uses plastic wrapping for food instead of reusable silicone bags,True,2,train
830,data/raw_data/raw_data_250820_224501_persona830.json,knowledge_query,17,anti_stereotypical_pref,self,Supports tech startups internationally beyond cultural circles,Supports tech startups within cultural circles only,True,2,train
830,data/raw_data/raw_data_250820_224501_persona830.json,knowledge_query,18,neutral_preferences,self,Enjoys reading non-fiction books on various subjects,Enjoys reading fiction books on various subjects,True,4,train
830,data/raw_data/raw_data_250820_224501_persona830.json,knowledge_query,19,neutral_preferences,self,Loves solving logic puzzles and brain games,Dislikes solving logic puzzles and brain games,True,4,train
830,data/raw_data/raw_data_250820_224501_persona830.json,knowledge_query,22,neutral_preferences,self,Enjoys swimming for exercise,Prefers not to swim for exercise,True,2,train
830,data/raw_data/raw_data_250820_224501_persona830.json,knowledge_query,23,neutral_preferences,self,Takes interest in space exploration news,Not interested in space exploration news,True,4,train
830,data/raw_data/raw_data_250820_224501_persona830.json,knowledge_query,24,neutral_preferences,self,Enjoys baking bread at home,Dislikes baking bread at home,True,2,train
830,data/raw_data/raw_data_250820_224501_persona830.json,knowledge_query,26,neutral_preferences,self,Enjoys listening to instrumental music while working,Enjoys listening to music with lyrics while working.,True,4,train
830,data/raw_data/raw_data_250820_224501_persona830.json,knowledge_query,27,neutral_preferences,self,Keeps her workspace organized and tidy,Keeps her workspace cluttered and messy,True,2,train
830,data/raw_data/raw_data_250820_224501_persona830.json,knowledge_query,28,neutral_preferences,self,Enjoys making handmade greeting cards,Dislikes making handmade greeting cards,True,2,train
830,data/raw_data/raw_data_250820_224501_persona830.json,knowledge_query,31,health_and_medical_conditions,self,Mild seasonal allergic rhinitis triggered by pollen,No seasonal allergic rhinitis triggered by pollen,True,4,train
830,data/raw_data/raw_data_250820_224501_persona830.json,knowledge_query,33,health_and_medical_conditions,self,Occasional migraines related to prolonged screen time,No migraines related to prolonged screen time,True,2,train
830,data/raw_data/raw_data_250820_224501_persona830.json,knowledge_query,34,health_and_medical_conditions,self,Mild lactose intolerance managed through diet adjustments,No lactose intolerance and no dietary restrictions related to lactose,True,2,train
830,data/raw_data/raw_data_250820_224501_persona830.json,knowledge_query,35,health_and_medical_conditions,self,Recovering from a past right ankle sprain from bouldering,Currently training to prevent a future right ankle sprain from bouldering,True,4,train
830,data/raw_data/raw_data_250820_224501_persona830.json,knowledge_query,36,health_and_medical_conditions,self,Uses prescription glasses for mild myopia,Does not use prescription glasses for mild myopia,True,2,train
160,data/raw_data/raw_data_250815_163935_persona160.json,knowledge_query,0,stereotypical_pref,self,Frequent traveler to Italy for family visits,Rarely travels to Italy for family visits,True,4,train
160,data/raw_data/raw_data_250815_163935_persona160.json,knowledge_query,1,stereotypical_pref,self,Enjoys high-quality olive oil varieties,Prefers not to use high-quality olive oil varieties,True,2,train
160,data/raw_data/raw_data_250815_163935_persona160.json,knowledge_query,3,anti_stereotypical_pref,self,Enjoys hiking in remote mountainous areas,Prefers relaxing in urban city environments.,True,2,train
160,data/raw_data/raw_data_250815_163935_persona160.json,knowledge_query,4,anti_stereotypical_pref,self,Likes minimalist home interiors,Likes maximalist home interiors,True,4,train
160,data/raw_data/raw_data_250815_163935_persona160.json,knowledge_query,5,anti_stereotypical_pref,self,Eats most meals quickly due to work schedule,Eats most meals slowly and leisurely.,True,4,train
160,data/raw_data/raw_data_250815_163935_persona160.json,knowledge_query,6,anti_stereotypical_pref,self,"Has intimate, quiet dinners instead of large gatherings","Has large gatherings instead of intimate, quiet dinners.",True,4,train
160,data/raw_data/raw_data_250815_163935_persona160.json,knowledge_query,9,anti_stereotypical_pref,self,Prefers smart home technology over traditional appliances,Prefers traditional appliances over smart home technology,True,2,train
160,data/raw_data/raw_data_250815_163935_persona160.json,knowledge_query,10,anti_stereotypical_pref,self,Drives an electric automatic car,Drives a gasoline manual car,True,4,train
160,data/raw_data/raw_data_250815_163935_persona160.json,knowledge_query,13,neutral_preferences,self,Enjoys reading mystery novels,Enjoys reading romance novels,True,2,train
160,data/raw_data/raw_data_250815_163935_persona160.json,knowledge_query,16,neutral_preferences,self,Enjoys learning new languages,Dislikes learning new languages,True,4,train
160,data/raw_data/raw_data_250815_163935_persona160.json,knowledge_query,17,neutral_preferences,self,Takes long walks to unwind,Stays indoors to relax,True,2,train
160,data/raw_data/raw_data_250815_163935_persona160.json,knowledge_query,18,neutral_preferences,self,Appreciates modern photography,Prefers classic photography,True,2,train
160,data/raw_data/raw_data_250815_163935_persona160.json,knowledge_query,19,neutral_preferences,self,Works on DIY home projects,Does not work on DIY home projects,True,4,train
160,data/raw_data/raw_data_250815_163935_persona160.json,knowledge_query,20,neutral_preferences,self,Keeps a regular sleep schedule,Has an irregular sleep schedule,True,2,train
160,data/raw_data/raw_data_250815_163935_persona160.json,knowledge_query,21,neutral_preferences,self,Engages in online learning courses,Does not engage in online learning courses,True,4,train
160,data/raw_data/raw_data_250815_163935_persona160.json,knowledge_query,24,neutral_preferences,self,Visits national parks,Does not visit national parks,True,4,train
160,data/raw_data/raw_data_250815_163935_persona160.json,knowledge_query,25,neutral_preferences,self,Keeps a personal journal,Does not keep a personal journal,True,2,train
160,data/raw_data/raw_data_250815_163935_persona160.json,knowledge_query,26,neutral_preferences,self,Likes trying out new fitness routines,Dislikes trying out new fitness routines,True,2,train
160,data/raw_data/raw_data_250815_163935_persona160.json,knowledge_query,27,neutral_preferences,self,Uses libraries for research,Does not use libraries for research,True,2,train
160,data/raw_data/raw_data_250815_163935_persona160.json,knowledge_query,28,neutral_preferences,self,Regularly practices yoga,Does not regularly practice yoga,True,2,train
160,data/raw_data/raw_data_250815_163935_persona160.json,knowledge_query,33,health_and_medical_conditions,self,Family history of type 2 diabetes on his maternal side.,No family history of type 2 diabetes on his maternal side.,True,2,train
160,data/raw_data/raw_data_250815_163935_persona160.json,knowledge_query,34,health_and_medical_conditions,self,Previous sports-related knee strain from cycling accident.,No history of sports-related knee strain.,True,2,train
65,data/raw_data/raw_data_250815_163935_persona65.json,knowledge_query,4,stereotypical_pref,self,Invests in Ghanaian real estate,Does not invest in Ghanaian real estate,True,2,train
65,data/raw_data/raw_data_250815_163935_persona65.json,knowledge_query,5,stereotypical_pref,self,Buys artisanal crafts from Ghanaian markets,Buys mass-produced crafts from non-Ghanaian markets,True,2,train
65,data/raw_data/raw_data_250815_163935_persona65.json,knowledge_query,6,stereotypical_pref,self,Attends fundraising galas for political campaigns,Does not attend fundraising galas for political campaigns,True,2,train
65,data/raw_data/raw_data_250815_163935_persona65.json,knowledge_query,7,anti_stereotypical_pref,self,"Keeps a minimalist, modern-style apartment interior","Keeps a maximalist, traditional-style apartment interior",True,2,train
65,data/raw_data/raw_data_250815_163935_persona65.json,knowledge_query,8,anti_stereotypical_pref,self,Values collaborations with young European tech entrepreneurs,Values collaborations with experienced non-European tech entrepreneurs,True,2,train
65,data/raw_data/raw_data_250815_163935_persona65.json,knowledge_query,10,anti_stereotypical_pref,self,Drinks herbal teas instead of alcoholic beverages in daily life,Drinks alcoholic beverages instead of herbal teas in daily life.,True,4,train
65,data/raw_data/raw_data_250815_163935_persona65.json,knowledge_query,11,anti_stereotypical_pref,self,Reads biographies of Scandinavian business leaders,Reads fiction about Scandinavian artists,True,2,train
65,data/raw_data/raw_data_250815_163935_persona65.json,knowledge_query,12,anti_stereotypical_pref,self,Supports avant-garde art exhibitions,Does not support avant-garde art exhibitions,True,2,train
65,data/raw_data/raw_data_250815_163935_persona65.json,knowledge_query,15,anti_stereotypical_pref,self,Follows Asian cinema rather than African political documentaries,Follows African political documentaries rather than Asian cinema,True,4,train
65,data/raw_data/raw_data_250815_163935_persona65.json,knowledge_query,16,anti_stereotypical_pref,self,Prefers economy class travel for short trips,Prefers business class travel for short trips,True,4,train
65,data/raw_data/raw_data_250815_163935_persona65.json,knowledge_query,17,anti_stereotypical_pref,self,Enjoys solitary reading rather than public debates,Enjoys public debates rather than solitary reading,True,4,train
65,data/raw_data/raw_data_250815_163935_persona65.json,knowledge_query,19,anti_stereotypical_pref,self,Keeps no political memorabilia in his home office,Keeps political memorabilia in his home office,True,2,train
65,data/raw_data/raw_data_250815_163935_persona65.json,knowledge_query,20,neutral_preferences,self,Loves watching well-written political thrillers,Dislikes watching well-written political thrillers,True,4,train
65,data/raw_data/raw_data_250815_163935_persona65.json,knowledge_query,21,neutral_preferences,self,Keeps up with major global news headlines,Does not keep up with major global news headlines.,True,2,train
65,data/raw_data/raw_data_250815_163935_persona65.json,knowledge_query,22,neutral_preferences,self,Listens to podcasts on history and technology,Listens to podcasts on entertainment and lifestyle,True,2,train
65,data/raw_data/raw_data_250815_163935_persona65.json,knowledge_query,23,neutral_preferences,self,Keeps a collection of old maps,Does not keep a collection of old maps,True,2,train
65,data/raw_data/raw_data_250815_163935_persona65.json,knowledge_query,24,neutral_preferences,self,Uses high-quality leather notebooks,Uses inexpensive paper notebooks,True,2,train
65,data/raw_data/raw_data_250815_163935_persona65.json,knowledge_query,25,neutral_preferences,self,"Appreciates strong, character-driven television dramas",Prefers plot-driven television dramas,True,2,train
65,data/raw_data/raw_data_250815_163935_persona65.json,knowledge_query,26,neutral_preferences,self,Enjoys watching sunrise from a balcony,Enjoys watching sunset from a balcony,True,2,train
65,data/raw_data/raw_data_250815_163935_persona65.json,knowledge_query,27,neutral_preferences,self,Likes photographing interesting architecture,Dislikes photographing interesting architecture,True,2,train
65,data/raw_data/raw_data_250815_163935_persona65.json,knowledge_query,28,neutral_preferences,self,Enjoys organizing personal archives and documents,Dislikes organizing personal archives and documents,True,2,train
65,data/raw_data/raw_data_250815_163935_persona65.json,knowledge_query,29,neutral_preferences,self,Appreciates conversations with intelligent strangers,Prefers conversations with familiar people,True,4,train
65,data/raw_data/raw_data_250815_163935_persona65.json,knowledge_query,30,health_and_medical_conditions,self,Vitamin D deficiency diagnosed during a European winter stay,Vitamin D sufficiency maintained during a European winter stay,True,2,train
65,data/raw_data/raw_data_250815_163935_persona65.json,knowledge_query,31,health_and_medical_conditions,self,Family history of type 2 diabetes on his mother's side,No family history of type 2 diabetes on his mother's side,True,2,train
854,data/raw_data/raw_data_250820_224501_persona854.json,knowledge_query,3,stereotypical_pref,self,Enjoys family picnics in local parks,Dislikes family picnics in local parks,True,4,train
854,data/raw_data/raw_data_250820_224501_persona854.json,knowledge_query,5,stereotypical_pref,self,Enjoys mehendi art for weddings,Dislikes mehendi art for weddings,True,2,train
854,data/raw_data/raw_data_250820_224501_persona854.json,knowledge_query,6,stereotypical_pref,self,Participates in community volunteer work,Does not participate in community volunteer work,True,4,train
854,data/raw_data/raw_data_250820_224501_persona854.json,knowledge_query,7,stereotypical_pref,self,Loves visiting temples during holidays,Dislikes visiting temples during holidays,True,2,train
854,data/raw_data/raw_data_250820_224501_persona854.json,knowledge_query,8,stereotypical_pref,self,Enjoys sari-wearing on formal occasions,Prefers not to wear saris on formal occasions,True,2,train
854,data/raw_data/raw_data_250820_224501_persona854.json,knowledge_query,9,stereotypical_pref,self,Participates in traditional dance during festivals,Does not participate in traditional dance during festivals,True,4,train
854,data/raw_data/raw_data_250820_224501_persona854.json,knowledge_query,12,anti_stereotypical_pref,self,Passionate about environmental activism beyond cultural festivals,Not passionate about environmental activism beyond cultural festivals,True,4,train
854,data/raw_data/raw_data_250820_224501_persona854.json,knowledge_query,13,anti_stereotypical_pref,self,Celebrates New Year's Eve with close friends instead of large family gatherings,Celebrates New Year's Eve with large family gatherings instead of close friends.,True,2,train
854,data/raw_data/raw_data_250820_224501_persona854.json,knowledge_query,16,anti_stereotypical_pref,self,Enjoys abstract digital art creation,Enjoys realistic traditional art creation,True,4,train
854,data/raw_data/raw_data_250820_224501_persona854.json,knowledge_query,17,anti_stereotypical_pref,self,Values peer collaboration in decision-making,Prefers independent decision-making,True,2,train
854,data/raw_data/raw_data_250820_224501_persona854.json,knowledge_query,18,anti_stereotypical_pref,self,Practices calligraphy as a hobby,Does not practice calligraphy as a hobby,True,2,train
854,data/raw_data/raw_data_250820_224501_persona854.json,knowledge_query,19,anti_stereotypical_pref,self,Prefers traveling to less touristy international destinations,Prefers traveling to popular touristy international destinations,True,2,train
854,data/raw_data/raw_data_250820_224501_persona854.json,knowledge_query,20,anti_stereotypical_pref,self,"Finds small, intimate weddings more appealing","Finds large, grand weddings more appealing",True,2,train
854,data/raw_data/raw_data_250820_224501_persona854.json,knowledge_query,21,anti_stereotypical_pref,self,Favors dark chocolate desserts,Favors milk chocolate desserts,True,2,train
854,data/raw_data/raw_data_250820_224501_persona854.json,knowledge_query,22,anti_stereotypical_pref,self,Explores architecture tours in foreign cities,Explores architecture tours in local cities,True,2,train
854,data/raw_data/raw_data_250820_224501_persona854.json,knowledge_query,23,neutral_preferences,self,Loves reading mystery novels,Dislikes reading mystery novels,True,2,train
854,data/raw_data/raw_data_250820_224501_persona854.json,knowledge_query,24,neutral_preferences,self,Enjoys swimming at local pools,Prefers not to swim at local pools,True,2,train
854,data/raw_data/raw_data_250820_224501_persona854.json,knowledge_query,25,neutral_preferences,self,Keeps a daily personal journal,Does not keep a daily personal journal,True,2,train
854,data/raw_data/raw_data_250820_224501_persona854.json,knowledge_query,26,neutral_preferences,self,Loves trying new dessert spots,Dislikes trying new dessert spots,True,2,train
854,data/raw_data/raw_data_250820_224501_persona854.json,knowledge_query,27,neutral_preferences,self,Enjoys solving crossword puzzles,Dislikes solving crossword puzzles,True,4,train
854,data/raw_data/raw_data_250820_224501_persona854.json,knowledge_query,28,neutral_preferences,self,Loves board game nights,Dislikes board game nights,True,4,train
854,data/raw_data/raw_data_250820_224501_persona854.json,knowledge_query,29,neutral_preferences,self,Enjoys watching documentaries,Enjoys watching fiction movies,True,4,train
854,data/raw_data/raw_data_250820_224501_persona854.json,knowledge_query,30,neutral_preferences,self,Likes visiting science museums,Dislikes visiting science museums,True,4,train
854,data/raw_data/raw_data_250820_224501_persona854.json,knowledge_query,33,neutral_preferences,self,Loves planting flowers in the garden,Hates planting flowers in the garden,True,2,train
854,data/raw_data/raw_data_250820_224501_persona854.json,knowledge_query,34,neutral_preferences,self,Likes stargazing on clear nights,Dislikes stargazing on clear nights,True,2,train
854,data/raw_data/raw_data_250820_224501_persona854.json,knowledge_query,35,neutral_preferences,self,Likes home improvement DIY projects,Dislikes home improvement DIY projects,True,2,train
854,data/raw_data/raw_data_250820_224501_persona854.json,knowledge_query,36,neutral_preferences,self,Plays badminton recreationally,Does not play badminton recreationally,True,2,train
854,data/raw_data/raw_data_250820_224501_persona854.json,knowledge_query,37,health_and_medical_conditions,self,Occasional migraine headaches triggered by stress,No history of migraine headaches regardless of stress levels.,True,2,train
854,data/raw_data/raw_data_250820_224501_persona854.json,knowledge_query,38,health_and_medical_conditions,self,Past bout of dengue fever in her early teens,No history of dengue fever,True,2,train
781,data/raw_data/raw_data_250820_224501_persona781.json,knowledge_query,0,stereotypical_pref,self,Wears flannel shirts in cooler weather,Wears flannel shirts in warmer weather,True,2,train
781,data/raw_data/raw_data_250820_224501_persona781.json,knowledge_query,1,stereotypical_pref,self,Enjoys hiking and camping regularly,Prefers indoor activities and avoids hiking or camping.,True,2,train
781,data/raw_data/raw_data_250820_224501_persona781.json,knowledge_query,2,stereotypical_pref,self,Uses eco-friendly cleaning products,Uses conventional cleaning products,True,2,train
781,data/raw_data/raw_data_250820_224501_persona781.json,knowledge_query,3,stereotypical_pref,self,Loves autumn foliage drives,Dislikes autumn foliage drives,True,2,train
781,data/raw_data/raw_data_250820_224501_persona781.json,knowledge_query,4,stereotypical_pref,self,Keeps a compost bin in the backyard,Does not keep a compost bin in the backyard.,True,4,train
781,data/raw_data/raw_data_250820_224501_persona781.json,knowledge_query,5,stereotypical_pref,self,"Favors practical, sturdy outdoor gear","Favors stylish, trendy outdoor gear",True,2,train
781,data/raw_data/raw_data_250820_224501_persona781.json,knowledge_query,6,stereotypical_pref,self,Often photographs scenic landscapes,Rarely photographs scenic landscapes.,True,4,train
781,data/raw_data/raw_data_250820_224501_persona781.json,knowledge_query,12,stereotypical_pref,self,Uses mason jars for storage,Does not use mason jars for storage,True,4,train
781,data/raw_data/raw_data_250820_224501_persona781.json,knowledge_query,13,stereotypical_pref,self,Hosts potluck dinners with neighbors,Does not host potluck dinners with neighbors,True,2,train
781,data/raw_data/raw_data_250820_224501_persona781.json,knowledge_query,14,stereotypical_pref,self,Uses paper maps for backcountry navigation,Uses GPS for backcountry navigation,True,2,train
781,data/raw_data/raw_data_250820_224501_persona781.json,knowledge_query,15,stereotypical_pref,self,Supports local artisans and crafters,Prefers mass-produced goods,True,2,train
781,data/raw_data/raw_data_250820_224501_persona781.json,knowledge_query,16,anti_stereotypical_pref,self,Enjoys contemporary electronic music festivals,Enjoys classical music concerts,True,2,train
781,data/raw_data/raw_data_250820_224501_persona781.json,knowledge_query,17,anti_stereotypical_pref,self,Loves experimenting with avant-garde interior design,Prefers classic and traditional interior design,True,4,train
781,data/raw_data/raw_data_250820_224501_persona781.json,knowledge_query,18,anti_stereotypical_pref,self,Frequently orders fusion cuisine from trendy delivery spots,"Prefers traditional, classic dishes from established local restaurants.",True,2,train
781,data/raw_data/raw_data_250820_224501_persona781.json,knowledge_query,19,anti_stereotypical_pref,self,Uses voice-controlled smart home devices,Does not use voice-controlled smart home devices,True,2,train
781,data/raw_data/raw_data_250820_224501_persona781.json,knowledge_query,22,anti_stereotypical_pref,self,Prefers stainless steel minimalist kitchen tools over rustic variants,Prefers rustic kitchen tools over stainless steel minimalist variants.,True,4,train
781,data/raw_data/raw_data_250820_224501_persona781.json,knowledge_query,23,anti_stereotypical_pref,self,Travels to bustling metropolitan cities for inspiration,Travels to peaceful rural areas for inspiration,True,2,train
781,data/raw_data/raw_data_250820_224501_persona781.json,knowledge_query,26,anti_stereotypical_pref,self,Likes playing complex strategy video games,Dislikes playing complex strategy video games,True,2,train
781,data/raw_data/raw_data_250820_224501_persona781.json,knowledge_query,29,anti_stereotypical_pref,self,Uses subscription meal kits for convenience sometimes,Does not use subscription meal kits for convenience.,True,4,train
781,data/raw_data/raw_data_250820_224501_persona781.json,knowledge_query,30,anti_stereotypical_pref,self,Enjoys themed escape room challenges,Does not enjoy themed escape room challenges,True,2,train
781,data/raw_data/raw_data_250820_224501_persona781.json,knowledge_query,35,anti_stereotypical_pref,self,Enjoys virtual reality travel experiences,Prefers real-world travel experiences,True,4,train
781,data/raw_data/raw_data_250820_224501_persona781.json,knowledge_query,36,anti_stereotypical_pref,self,Frequents rooftop cocktail bars during city visits,Prefers cozy ground-level pubs during city visits,True,4,train
781,data/raw_data/raw_data_250820_224501_persona781.json,knowledge_query,37,anti_stereotypical_pref,self,Loves photography of industrial architecture,Loves photography of natural landscapes,True,2,train
781,data/raw_data/raw_data_250820_224501_persona781.json,knowledge_query,38,neutral_preferences,self,Frequently plays board games with family,Rarely plays board games with family,True,4,train
781,data/raw_data/raw_data_250820_224501_persona781.json,knowledge_query,42,neutral_preferences,self,Enjoys going to science museums,Does not enjoy going to science museums,True,2,train
781,data/raw_data/raw_data_250820_224501_persona781.json,knowledge_query,44,neutral_preferences,self,Collects magnets from places visited,Does not collect magnets from places visited,True,4,train
781,data/raw_data/raw_data_250820_224501_persona781.json,knowledge_query,45,neutral_preferences,self,Likes visiting botanical gardens,Dislikes visiting botanical gardens,True,2,train
781,data/raw_data/raw_data_250820_224501_persona781.json,knowledge_query,47,health_and_medical_conditions,self,Vitamin D deficiency during winter months,Vitamin D sufficiency during winter months,True,2,train
781,data/raw_data/raw_data_250820_224501_persona781.json,knowledge_query,48,health_and_medical_conditions,self,Migraines related to weather changes,Migraines not related to weather changes,True,4,train
781,data/raw_data/raw_data_250820_224501_persona781.json,knowledge_query,49,health_and_medical_conditions,self,Mild lactose intolerance,No lactose intolerance,True,2,train
781,data/raw_data/raw_data_250820_224501_persona781.json,knowledge_query,50,health_and_medical_conditions,self,Eczema flare-ups during dry winter conditions,Eczema relief during humid summer conditions,True,2,train
380,data/raw_data/raw_data_250818_011555_persona380.json,knowledge_query,0,stereotypical_pref,self,"Prefers traditional, home-cooked meals over restaurant dining","Prefers restaurant dining over traditional, home-cooked meals.",True,4,train
380,data/raw_data/raw_data_250818_011555_persona380.json,knowledge_query,1,stereotypical_pref,self,Enjoys tea as a daily ritual,Prefers coffee as a daily ritual,True,2,train
380,data/raw_data/raw_data_250818_011555_persona380.json,knowledge_query,2,stereotypical_pref,self,Supports local farmers and cooperatives,Supports large-scale commercial farming,True,4,train
380,data/raw_data/raw_data_250818_011555_persona380.json,knowledge_query,3,stereotypical_pref,self,Values thrift and careful financial management,Values luxury and generous spending,True,2,train
380,data/raw_data/raw_data_250818_011555_persona380.json,knowledge_query,4,stereotypical_pref,self,Takes pride in agricultural achievements within the community,Does not take pride in agricultural achievements within the community.,True,2,train
380,data/raw_data/raw_data_250818_011555_persona380.json,knowledge_query,5,stereotypical_pref,self,Shows hospitality to visitors and strangers,Avoids hospitality to visitors and strangers,True,4,train
380,data/raw_data/raw_data_250818_011555_persona380.json,knowledge_query,6,stereotypical_pref,self,Appreciates folk music and traditional songs,Prefers modern and contemporary music.,True,2,train
380,data/raw_data/raw_data_250818_011555_persona380.json,knowledge_query,7,stereotypical_pref,self,Values intergenerational living and cooperation,Values independence and individual living,True,2,train
380,data/raw_data/raw_data_250818_011555_persona380.json,knowledge_query,10,anti_stereotypical_pref,self,Interested in global travel destinations outside heritage sites,Interested in global travel destinations within heritage sites,True,4,train
380,data/raw_data/raw_data_250818_011555_persona380.json,knowledge_query,11,anti_stereotypical_pref,self,Participates in yoga and wellness activities,Does not participate in yoga and wellness activities,True,4,train
380,data/raw_data/raw_data_250818_011555_persona380.json,knowledge_query,12,anti_stereotypical_pref,self,Reads science fiction novels in addition to local literature,Reads only local literature and not science fiction novels.,True,2,train
380,data/raw_data/raw_data_250818_011555_persona380.json,knowledge_query,14,anti_stereotypical_pref,self,Can appreciate abstract art exhibitions,Cannot appreciate abstract art exhibitions,True,2,train
380,data/raw_data/raw_data_250818_011555_persona380.json,knowledge_query,15,anti_stereotypical_pref,self,Follows technology news closely,Does not follow technology news closely,True,4,train
380,data/raw_data/raw_data_250818_011555_persona380.json,knowledge_query,16,anti_stereotypical_pref,self,"Enjoys dancing to upbeat, modern rhythms at community events","Prefers relaxing to calm, traditional melodies in quiet settings.",True,2,train
380,data/raw_data/raw_data_250818_011555_persona380.json,knowledge_query,17,anti_stereotypical_pref,self,Might wear a smartwatch,Might not wear a smartwatch,True,2,train
380,data/raw_data/raw_data_250818_011555_persona380.json,knowledge_query,18,anti_stereotypical_pref,self,Joins cross-cultural cooking workshops,Avoids cross-cultural cooking workshops,True,2,train
380,data/raw_data/raw_data_250818_011555_persona380.json,knowledge_query,19,anti_stereotypical_pref,self,Enjoys hiking trails not related to farmland,Enjoys hiking trails related to farmland,True,2,train
380,data/raw_data/raw_data_250818_011555_persona380.json,knowledge_query,20,anti_stereotypical_pref,self,Likes experimenting with solar energy gadgets,Dislikes experimenting with solar energy gadgets,True,2,train
380,data/raw_data/raw_data_250818_011555_persona380.json,knowledge_query,21,neutral_preferences,self,Collects interesting stones or shells,Does not collect interesting stones or shells,True,2,train
380,data/raw_data/raw_data_250818_011555_persona380.json,knowledge_query,22,neutral_preferences,self,Likes fresh bread from a local bakery,Prefers packaged bread from a supermarket,True,2,train
380,data/raw_data/raw_data_250818_011555_persona380.json,knowledge_query,34,health_and_medical_conditions,self,Seasonal pollen allergies causing occasional sinus issues,No seasonal pollen allergies or sinus issues,True,2,train
380,data/raw_data/raw_data_250818_011555_persona380.json,knowledge_query,35,health_and_medical_conditions,self,Early-stage osteoarthritis in the knees,Advanced-stage osteoarthritis in the knees,True,4,train
380,data/raw_data/raw_data_250818_011555_persona380.json,knowledge_query,36,health_and_medical_conditions,self,Occasional acid reflux treated with lifestyle adjustments,Frequent acid reflux requiring medication,True,4,train
380,data/raw_data/raw_data_250818_011555_persona380.json,knowledge_query,37,health_and_medical_conditions,self,Slight hearing loss in the right ear from prolonged exposure to farm machinery,Normal hearing in the right ear.,True,2,train
380,data/raw_data/raw_data_250818_011555_persona380.json,knowledge_query,38,health_and_medical_conditions,self,Vitamin D deficiency managed with supplements,No Vitamin D deficiency and no supplements needed,True,2,train
400,data/raw_data/raw_data_250818_011555_persona400.json,knowledge_query,0,stereotypical_pref,self,Appreciates mariachi and traditional Latin music,Prefers modern and non-traditional music styles over mariachi and traditional Latin music.,True,4,train
400,data/raw_data/raw_data_250818_011555_persona400.json,knowledge_query,1,stereotypical_pref,self,Has a strong sense of loyalty to friends,Has little sense of loyalty to friends,True,2,train
400,data/raw_data/raw_data_250818_011555_persona400.json,knowledge_query,2,anti_stereotypical_pref,self,"Prefers quiet, minimalist home environments over vibrant decor","Prefers vibrant, lively home environments over quiet minimalism.",True,2,train
400,data/raw_data/raw_data_250818_011555_persona400.json,knowledge_query,3,anti_stereotypical_pref,self,"Prefers mild, subtly flavored dishes","Prefers bold, strongly flavored dishes",True,2,train
400,data/raw_data/raw_data_250818_011555_persona400.json,knowledge_query,4,anti_stereotypical_pref,self,Likes monochromatic and muted clothing styles,Likes colorful and vibrant clothing styles,True,2,train
400,data/raw_data/raw_data_250818_011555_persona400.json,knowledge_query,6,anti_stereotypical_pref,self,Follows British detective dramas instead of telenovelas,Follows telenovelas instead of British detective dramas,True,2,train
400,data/raw_data/raw_data_250818_011555_persona400.json,knowledge_query,7,anti_stereotypical_pref,self,Prefers sourdough bread from artisanal bakeries,Prefers commercially produced white bread from supermarkets,True,2,train
400,data/raw_data/raw_data_250818_011555_persona400.json,knowledge_query,8,anti_stereotypical_pref,self,Does not engage in cultural holiday festivities every year,Engages in cultural holiday festivities every year.,True,4,train
400,data/raw_data/raw_data_250818_011555_persona400.json,knowledge_query,9,anti_stereotypical_pref,self,Enjoys individual hobbies over group activities,Enjoys group activities over individual hobbies,True,4,train
400,data/raw_data/raw_data_250818_011555_persona400.json,knowledge_query,10,anti_stereotypical_pref,self,Listens primarily to ambient and minimalist electronic music,Listens primarily to energetic and complex acoustic music,True,4,train
400,data/raw_data/raw_data_250818_011555_persona400.json,knowledge_query,11,anti_stereotypical_pref,self,Has a minimalist cooking style with few ingredients,Has an elaborate cooking style with many ingredients,True,2,train
400,data/raw_data/raw_data_250818_011555_persona400.json,knowledge_query,12,anti_stereotypical_pref,self,Avoids home cooking in favor of simple prepared meals,Prefers home cooking over prepared meals,True,2,train
400,data/raw_data/raw_data_250818_011555_persona400.json,knowledge_query,13,anti_stereotypical_pref,self,Prefers reading at home over attending outdoor markets,Prefers attending outdoor markets over reading at home,True,2,train
400,data/raw_data/raw_data_250818_011555_persona400.json,knowledge_query,14,anti_stereotypical_pref,self,Enjoys modern dance over Latin dance styles,Enjoys Latin dance styles over modern dance.,True,4,train
400,data/raw_data/raw_data_250818_011555_persona400.json,knowledge_query,15,neutral_preferences,self,Regularly watches critically acclaimed films,Rarely watches critically acclaimed films,True,2,train
400,data/raw_data/raw_data_250818_011555_persona400.json,knowledge_query,18,neutral_preferences,self,Enjoys visiting art museums,Does not enjoy visiting art museums,True,2,train
400,data/raw_data/raw_data_250818_011555_persona400.json,knowledge_query,19,neutral_preferences,self,Enjoys afternoon walks in city parks,Prefers to avoid afternoon walks in city parks,True,2,train
400,data/raw_data/raw_data_250818_011555_persona400.json,knowledge_query,22,neutral_preferences,self,Follows indie film screenings,Follows mainstream film screenings,True,2,train
400,data/raw_data/raw_data_250818_011555_persona400.json,knowledge_query,23,neutral_preferences,self,Likes taking photographs of urban architecture,Likes taking photographs of natural landscapes,True,2,train
400,data/raw_data/raw_data_250818_011555_persona400.json,knowledge_query,28,neutral_preferences,self,Likes attending local theatre performances,Dislikes attending local theatre performances,True,2,train
400,data/raw_data/raw_data_250818_011555_persona400.json,knowledge_query,29,health_and_medical_conditions,self,Mild seasonal pollen allergies,No pollen allergies,True,2,train
400,data/raw_data/raw_data_250818_011555_persona400.json,knowledge_query,30,health_and_medical_conditions,self,Family history of type 2 diabetes on paternal side,Family history of type 2 diabetes on maternal side,True,2,train
400,data/raw_data/raw_data_250818_011555_persona400.json,knowledge_query,31,health_and_medical_conditions,self,Uses testosterone therapy under endocrinologist supervision,Does not use testosterone therapy under endocrinologist supervision,True,2,train
400,data/raw_data/raw_data_250818_011555_persona400.json,knowledge_query,32,health_and_medical_conditions,self,History of vitamin D deficiency addressed with supplements,History of adequate vitamin D levels without need for supplements,True,2,train
400,data/raw_data/raw_data_250818_011555_persona400.json,knowledge_query,33,health_and_medical_conditions,self,Slightly elevated cholesterol monitored annually,Normal cholesterol levels monitored annually,True,2,train
569,data/raw_data/raw_data_250820_165412_persona569.json,knowledge_query,0,stereotypical_pref,self,Values storytelling traditions around the dinner table,"Prefers quiet, independent meals without storytelling",True,2,val
569,data/raw_data/raw_data_250820_165412_persona569.json,knowledge_query,3,anti_stereotypical_pref,self,"Loves snowy, mountainous destinations over warm coastal ones","Loves warm coastal destinations over snowy, mountainous ones.",True,2,val
569,data/raw_data/raw_data_250820_165412_persona569.json,knowledge_query,6,anti_stereotypical_pref,self,Avoids political discussions in casual gatherings,Engages in political discussions in casual gatherings,True,2,val
569,data/raw_data/raw_data_250820_165412_persona569.json,knowledge_query,7,anti_stereotypical_pref,self,Rarely attends cultural heritage festivals,Frequently attends cultural heritage festivals.,True,2,val
569,data/raw_data/raw_data_250820_165412_persona569.json,knowledge_query,8,anti_stereotypical_pref,self,Follows environmental documentaries more closely than heritage documentaries,Follows heritage documentaries more closely than environmental documentaries,True,4,val
569,data/raw_data/raw_data_250820_165412_persona569.json,knowledge_query,9,anti_stereotypical_pref,self,Chooses podcasts over watching movies in free time,Chooses watching movies over podcasts in free time,True,2,val
569,data/raw_data/raw_data_250820_165412_persona569.json,knowledge_query,17,neutral_preferences,self,Likes attending creative writing workshops,Dislikes attending creative writing workshops,True,2,val
569,data/raw_data/raw_data_250820_165412_persona569.json,knowledge_query,18,neutral_preferences,self,Listens to audiobooks when cooking,Does not listen to audiobooks when cooking,True,2,val
569,data/raw_data/raw_data_250820_165412_persona569.json,knowledge_query,19,neutral_preferences,self,Enjoys watching the sunrise on occasional early mornings,Prefers sleeping in and missing the sunrise,True,4,val
569,data/raw_data/raw_data_250820_165412_persona569.json,knowledge_query,20,neutral_preferences,self,Often sketches characters while brainstorming stories,Rarely sketches characters while brainstorming stories,True,2,val
569,data/raw_data/raw_data_250820_165412_persona569.json,knowledge_query,22,neutral_preferences,self,Keeps a playlist of instrumental music for focus,Keeps a playlist of lyrical music for focus,True,2,val
569,data/raw_data/raw_data_250820_165412_persona569.json,knowledge_query,23,neutral_preferences,self,Uses public libraries regularly,Does not use public libraries regularly,True,4,val
569,data/raw_data/raw_data_250820_165412_persona569.json,knowledge_query,24,neutral_preferences,self,Occasionally participates in local charity events,Does not participate in local charity events,True,4,val
569,data/raw_data/raw_data_250820_165412_persona569.json,knowledge_query,25,neutral_preferences,self,Tries new bakeries when they open nearby,Avoids trying new bakeries when they open nearby,True,2,val
569,data/raw_data/raw_data_250820_165412_persona569.json,knowledge_query,26,neutral_preferences,self,Enjoys petting cats at animal shelters,Avoids petting cats at animal shelters,True,4,val
569,data/raw_data/raw_data_250820_165412_persona569.json,knowledge_query,27,neutral_preferences,self,Buys stationery and notebooks frequently,Buys stationery and notebooks rarely,True,2,val
569,data/raw_data/raw_data_250820_165412_persona569.json,knowledge_query,28,neutral_preferences,self,Watches educational YouTube channels,Watches entertainment YouTube channels,True,2,val
569,data/raw_data/raw_data_250820_165412_persona569.json,knowledge_query,29,neutral_preferences,self,Keeps digital photo albums organized,Keeps digital photo albums unorganized,True,2,val
569,data/raw_data/raw_data_250820_165412_persona569.json,knowledge_query,30,neutral_preferences,self,"Likes evening strolls in safe, quiet streets","Likes morning walks in lively, bustling streets.",True,4,val
569,data/raw_data/raw_data_250820_165412_persona569.json,knowledge_query,33,health_and_medical_conditions,self,Lower back strain from sedentary writing habits,Core strength from active lifestyle habits,True,2,val
766,data/raw_data/raw_data_250820_224501_persona766.json,knowledge_query,0,stereotypical_pref,self,Enjoys Indian classical music and bhajans,Does not enjoy Indian classical music and bhajans,True,2,val
766,data/raw_data/raw_data_250820_224501_persona766.json,knowledge_query,1,stereotypical_pref,self,Saves money for children’s education,Spends money instead of saving for children’s education,True,2,val
766,data/raw_data/raw_data_250820_224501_persona766.json,knowledge_query,2,stereotypical_pref,self,Supports local artisans and handicrafts,Prefers mass-produced goods,True,4,val
766,data/raw_data/raw_data_250820_224501_persona766.json,knowledge_query,3,stereotypical_pref,self,Believes in the value of formal education,Believes formal education is not essential,True,4,val
766,data/raw_data/raw_data_250820_224501_persona766.json,knowledge_query,4,stereotypical_pref,self,Loves roadside street food like pani puri and bhel puri,Dislikes roadside street food like pani puri and bhel puri.,True,2,val
766,data/raw_data/raw_data_250820_224501_persona766.json,knowledge_query,5,anti_stereotypical_pref,self,Likes dark chocolate and avoids overly sweet desserts,Likes milk chocolate and prefers sweet desserts,True,4,val
766,data/raw_data/raw_data_250820_224501_persona766.json,knowledge_query,7,anti_stereotypical_pref,self,Enjoys non-vegetarian seafood dishes when traveling,Enjoys vegetarian seafood alternatives when traveling.,True,4,val
766,data/raw_data/raw_data_250820_224501_persona766.json,knowledge_query,10,anti_stereotypical_pref,self,Frequently reads translated works from Japanese and Latin American authors,Rarely reads translated works from Japanese and Latin American authors.,True,2,val
766,data/raw_data/raw_data_250820_224501_persona766.json,knowledge_query,11,anti_stereotypical_pref,self,Enjoys storytelling in futuristic science fiction genres,Enjoys storytelling in historical nonfiction genres,True,4,val
766,data/raw_data/raw_data_250820_224501_persona766.json,knowledge_query,12,anti_stereotypical_pref,self,Invests in mutual funds rather than physical gold,Invests in physical gold rather than mutual funds,True,2,val
766,data/raw_data/raw_data_250820_224501_persona766.json,knowledge_query,14,neutral_preferences,self,Collects stationery and bookmarks,Does not collect stationery and bookmarks,True,2,val
766,data/raw_data/raw_data_250820_224501_persona766.json,knowledge_query,15,neutral_preferences,self,Appreciates learning about world history,Does not appreciate learning about world history,True,4,val
766,data/raw_data/raw_data_250820_224501_persona766.json,knowledge_query,16,neutral_preferences,self,Keeps indoor plants,Does not keep indoor plants,True,2,val
766,data/raw_data/raw_data_250820_224501_persona766.json,knowledge_query,18,neutral_preferences,self,Likes tasting seasonal fruits,Dislikes tasting seasonal fruits,True,2,val
766,data/raw_data/raw_data_250820_224501_persona766.json,knowledge_query,19,neutral_preferences,self,Reads travel guides before planning trips,Does not read travel guides before planning trips,True,4,val
766,data/raw_data/raw_data_250820_224501_persona766.json,knowledge_query,21,neutral_preferences,self,Likes experimenting with different writing pens,Prefers using the same writing pen consistently,True,2,val
766,data/raw_data/raw_data_250820_224501_persona766.json,knowledge_query,23,health_and_medical_conditions,self,Occasional acid reflux managed with dietary adjustments,No acid reflux or dietary restrictions needed,True,4,val
766,data/raw_data/raw_data_250820_224501_persona766.json,knowledge_query,24,health_and_medical_conditions,self,Family history of type 2 diabetes on his mother's side,Family history of type 2 diabetes on his father's side,True,2,val
53,data/raw_data/raw_data_250815_163935_persona53.json,knowledge_query,0,stereotypical_pref,self,Shops at farmer's markets for fresh produce,Shops at supermarkets for produce,True,4,val
53,data/raw_data/raw_data_250815_163935_persona53.json,knowledge_query,1,stereotypical_pref,self,Reads classic literature by Hemingway or Steinbeck,Reads contemporary literature by modern authors,True,4,val
53,data/raw_data/raw_data_250815_163935_persona53.json,knowledge_query,2,stereotypical_pref,self,Listens to NPR for news and culture,Watches commercial TV for news and culture,True,2,val
53,data/raw_data/raw_data_250815_163935_persona53.json,knowledge_query,3,stereotypical_pref,self,Skis or snowboards in winter,Bikes or skateboards in summer,True,2,val
53,data/raw_data/raw_data_250815_163935_persona53.json,knowledge_query,4,stereotypical_pref,self,"Favors small, independent music venues","Favors large, mainstream music venues",True,2,val
53,data/raw_data/raw_data_250815_163935_persona53.json,knowledge_query,5,stereotypical_pref,self,Travels to explore cultural festivals,Travels to avoid cultural festivals,True,4,val
53,data/raw_data/raw_data_250815_163935_persona53.json,knowledge_query,6,stereotypical_pref,self,Collects band merch from concerts,Does not collect band merch from concerts,True,4,val
53,data/raw_data/raw_data_250815_163935_persona53.json,knowledge_query,7,stereotypical_pref,self,Savors dark chocolate,Savors milk chocolate,True,2,val
53,data/raw_data/raw_data_250815_163935_persona53.json,knowledge_query,8,stereotypical_pref,self,Prefers podcasts over TV,Prefers TV over podcasts,True,2,val
53,data/raw_data/raw_data_250815_163935_persona53.json,knowledge_query,10,stereotypical_pref,self,Uses reusable tote bags for shopping,Uses disposable plastic bags for shopping,True,2,val
53,data/raw_data/raw_data_250815_163935_persona53.json,knowledge_query,11,anti_stereotypical_pref,self,Enjoys watching big-budget superhero movies,"Prefers independent, low-budget superhero movies",True,2,val
53,data/raw_data/raw_data_250815_163935_persona53.json,knowledge_query,14,anti_stereotypical_pref,self,Has an interest in electronic dance music festivals,Has no interest in electronic dance music festivals,True,2,val
53,data/raw_data/raw_data_250815_163935_persona53.json,knowledge_query,15,anti_stereotypical_pref,self,Prefers chain restaurants for certain comfort foods,Prefers local or independent restaurants for certain comfort foods.,True,2,val
53,data/raw_data/raw_data_250815_163935_persona53.json,knowledge_query,16,anti_stereotypical_pref,self,Has a small collection of comic books,Does not have a small collection of comic books,True,4,val
53,data/raw_data/raw_data_250815_163935_persona53.json,knowledge_query,17,anti_stereotypical_pref,self,Visits shopping malls for leisure,Avoids shopping malls for leisure,True,2,val
53,data/raw_data/raw_data_250815_163935_persona53.json,knowledge_query,18,anti_stereotypical_pref,self,Owns logo-heavy branded clothing,Owns minimal or no logo-branded clothing,True,4,val
53,data/raw_data/raw_data_250815_163935_persona53.json,knowledge_query,19,anti_stereotypical_pref,self,Likes sparkly or metallic accessories,Dislikes sparkly or metallic accessories,True,2,val
53,data/raw_data/raw_data_250815_163935_persona53.json,knowledge_query,20,anti_stereotypical_pref,self,Enjoys commercial jingles ironically,Does not enjoy commercial jingles.,True,2,val
53,data/raw_data/raw_data_250815_163935_persona53.json,knowledge_query,21,anti_stereotypical_pref,self,Uses popular pre-made playlists instead of curating his own,Curates his own playlists instead of using popular pre-made ones,True,4,val
53,data/raw_data/raw_data_250815_163935_persona53.json,knowledge_query,22,neutral_preferences,self,Enjoys trying new recipes at home,Prefers not to cook at home,True,2,val
53,data/raw_data/raw_data_250815_163935_persona53.json,knowledge_query,23,neutral_preferences,self,Finds relaxation in taking long walks,Finds relaxation in staying indoors and resting,True,2,val
53,data/raw_data/raw_data_250815_163935_persona53.json,knowledge_query,24,neutral_preferences,self,Occasionally bakes homemade bread,Rarely bakes homemade bread,True,2,val
53,data/raw_data/raw_data_250815_163935_persona53.json,knowledge_query,25,neutral_preferences,self,Gives handwritten notes for special occasions,Does not give handwritten notes for special occasions,True,4,val
53,data/raw_data/raw_data_250815_163935_persona53.json,knowledge_query,26,neutral_preferences,self,Savors seasonal fruits,Avoids seasonal fruits,True,2,val
53,data/raw_data/raw_data_250815_163935_persona53.json,knowledge_query,29,neutral_preferences,self,Enjoys watching the night sky,Enjoys watching the day sky,True,2,val
53,data/raw_data/raw_data_250815_163935_persona53.json,knowledge_query,30,neutral_preferences,self,Likes collecting smooth stones from beaches,Dislikes collecting smooth stones from beaches,True,2,val
53,data/raw_data/raw_data_250815_163935_persona53.json,knowledge_query,31,neutral_preferences,self,Loves fresh-baked cookies,Hates fresh-baked cookies,True,4,val
53,data/raw_data/raw_data_250815_163935_persona53.json,knowledge_query,32,health_and_medical_conditions,self,Occasional migraine headaches with sensory sensitivity,No migraine headaches or sensory sensitivity,True,4,val
53,data/raw_data/raw_data_250815_163935_persona53.json,knowledge_query,36,health_and_medical_conditions,self,"History of mild childhood asthma, now mostly dormant",No history of asthma.,True,4,val
53,data/raw_data/raw_data_250815_163935_persona53.json,knowledge_query,37,health_and_medical_conditions,self,Occasional lower back stiffness from long periods of sitting and playing guitar,No issues with lower back stiffness from sitting or playing guitar.,True,2,val
53,data/raw_data/raw_data_250815_163935_persona53.json,knowledge_query,38,health_and_medical_conditions,self,Vitamin D deficiency noted during recent winter months,Vitamin D levels sufficient during recent winter months,True,2,val
653,data/raw_data/raw_data_250820_224501_persona653.json,knowledge_query,0,stereotypical_pref,self,Values educational achievement as a key life goal,Values educational achievement as less important in life,True,2,val
653,data/raw_data/raw_data_250820_224501_persona653.json,knowledge_query,1,stereotypical_pref,self,Values hospitality and offering food to guests,Does not value hospitality or offering food to guests,True,2,val
653,data/raw_data/raw_data_250820_224501_persona653.json,knowledge_query,2,stereotypical_pref,self,Listens to devotional or spiritual music occasionally,Does not listen to devotional or spiritual music.,True,4,val
653,data/raw_data/raw_data_250820_224501_persona653.json,knowledge_query,3,stereotypical_pref,self,Watches Indian cooking shows for inspiration,Watches non-Indian cooking shows for inspiration,True,2,val
653,data/raw_data/raw_data_250820_224501_persona653.json,knowledge_query,6,anti_stereotypical_pref,self,Listens primarily to Scandinavian folk and ambient music,Listens primarily to upbeat pop and energetic dance music,True,2,val
653,data/raw_data/raw_data_250820_224501_persona653.json,knowledge_query,7,anti_stereotypical_pref,self,Enjoys contemporary art installations over traditional stage performances,Enjoys traditional stage performances over contemporary art installations.,True,2,val
653,data/raw_data/raw_data_250820_224501_persona653.json,knowledge_query,8,anti_stereotypical_pref,self,Enjoys high-altitude mountaineering in non-tropical climates,Enjoys low-altitude trekking in tropical climates,True,4,val
653,data/raw_data/raw_data_250820_224501_persona653.json,knowledge_query,9,anti_stereotypical_pref,self,Loves eating Scandinavian open sandwiches and salted fish,Dislikes eating Scandinavian open sandwiches and salted fish.,True,2,val
653,data/raw_data/raw_data_250820_224501_persona653.json,knowledge_query,10,anti_stereotypical_pref,self,Keeps a capsule wardrobe for travel efficiency,Maintains an extensive wardrobe for diverse travel styles,True,2,val
653,data/raw_data/raw_data_250820_224501_persona653.json,knowledge_query,12,anti_stereotypical_pref,self,Prefers podcasts over film as evening entertainment,Prefers film over podcasts as evening entertainment.,True,2,val
653,data/raw_data/raw_data_250820_224501_persona653.json,knowledge_query,13,anti_stereotypical_pref,self,Chooses high-protein expedition food over elaborate cooking,Chooses elaborate cooking over high-protein expedition food,True,4,val
653,data/raw_data/raw_data_250820_224501_persona653.json,knowledge_query,14,anti_stereotypical_pref,self,Finds spiritual connection more in nature than religious ritual,Finds spiritual connection more in religious ritual than nature.,True,2,val
653,data/raw_data/raw_data_250820_224501_persona653.json,knowledge_query,15,anti_stereotypical_pref,self,Attends climate science symposiums instead of cultural fairs,Attends cultural fairs instead of climate science symposiums,True,2,val
653,data/raw_data/raw_data_250820_224501_persona653.json,knowledge_query,16,anti_stereotypical_pref,self,Enjoys kayaking through icy waters,Enjoys kayaking through warm tropical waters,True,2,val
653,data/raw_data/raw_data_250820_224501_persona653.json,knowledge_query,17,anti_stereotypical_pref,self,Prefers northern lights viewing trips over traditional pilgrimage,Prefers traditional pilgrimage over northern lights viewing trips,True,2,val
653,data/raw_data/raw_data_250820_224501_persona653.json,knowledge_query,19,anti_stereotypical_pref,self,Prefers freezing temperatures to warm weather,Prefers warm weather to freezing temperatures,True,2,val
653,data/raw_data/raw_data_250820_224501_persona653.json,knowledge_query,21,neutral_preferences,self,Loves watching documentaries about nature and history,Dislikes watching documentaries about nature and history.,True,2,val
653,data/raw_data/raw_data_250820_224501_persona653.json,knowledge_query,22,neutral_preferences,self,Enjoys hiking trails in the countryside,Prefers urban city walks,True,2,val
653,data/raw_data/raw_data_250820_224501_persona653.json,knowledge_query,23,neutral_preferences,self,Keeps a well-organized home office space,Keeps a cluttered and disorganized home office space,True,2,val
653,data/raw_data/raw_data_250820_224501_persona653.json,knowledge_query,24,neutral_preferences,self,Occasionally goes cycling on weekends,Rarely cycles on weekends,True,2,val
653,data/raw_data/raw_data_250820_224501_persona653.json,knowledge_query,29,neutral_preferences,self,Enjoys assembling puzzles during quiet time,Prefers engaging in active group activities during social time,True,2,val
653,data/raw_data/raw_data_250820_224501_persona653.json,knowledge_query,32,health_and_medical_conditions,self,Previous frostbite injury to toes from early expedition,No previous frostbite injury to toes from early expedition,True,2,val
653,data/raw_data/raw_data_250820_224501_persona653.json,knowledge_query,33,health_and_medical_conditions,self,Occasional migraines linked to stress and bright glare,"Rarely experiences headaches, unaffected by stress or bright glare.",True,4,val
653,data/raw_data/raw_data_250820_224501_persona653.json,knowledge_query,37,health_and_medical_conditions,self,Vitamin D deficiency due to limited sun exposure in polar regions,Vitamin D sufficiency due to abundant sun exposure in tropical regions,True,2,val
653,data/raw_data/raw_data_250820_224501_persona653.json,knowledge_query,38,health_and_medical_conditions,self,Family history of type 2 diabetes on maternal side,No family history of type 2 diabetes on maternal side,True,2,val
653,data/raw_data/raw_data_250820_224501_persona653.json,knowledge_query,39,health_and_medical_conditions,self,Motion sickness during extended sea voyages,No motion sickness during extended sea voyages,True,4,val
701,data/raw_data/raw_data_250820_224501_persona701.json,knowledge_query,0,stereotypical_pref,self,Enjoys sushi and sashimi dining experiences,Dislikes sushi and sashimi dining experiences,True,2,val
701,data/raw_data/raw_data_250820_224501_persona701.json,knowledge_query,1,stereotypical_pref,self,Participates in community-oriented cultural festivals,Does not participate in community-oriented cultural festivals,True,2,val
701,data/raw_data/raw_data_250820_224501_persona701.json,knowledge_query,2,stereotypical_pref,self,Has a fondness for cherry blossom viewing,Has a dislike for cherry blossom viewing,True,2,val
701,data/raw_data/raw_data_250820_224501_persona701.json,knowledge_query,5,stereotypical_pref,self,Enjoys matcha-flavored desserts,Does not enjoy matcha-flavored desserts,True,2,val
701,data/raw_data/raw_data_250820_224501_persona701.json,knowledge_query,6,stereotypical_pref,self,Shops for durable and functional clothing over trendy items,Shops for trendy items over durable and functional clothing,True,2,val
701,data/raw_data/raw_data_250820_224501_persona701.json,knowledge_query,7,stereotypical_pref,self,Enjoys precision-driven sports like archery,"Enjoys free-flowing, improvisational sports like freestyle skateboarding",True,4,val
701,data/raw_data/raw_data_250820_224501_persona701.json,knowledge_query,8,stereotypical_pref,self,Likes public transportation for convenience,Prefers private transportation for flexibility,True,2,val
701,data/raw_data/raw_data_250820_224501_persona701.json,knowledge_query,9,stereotypical_pref,self,Keeps sentimental items neatly stored,Keeps sentimental items casually scattered,True,2,val
701,data/raw_data/raw_data_250820_224501_persona701.json,knowledge_query,10,anti_stereotypical_pref,self,Finds joy in messy creative projects,Finds joy in neat and orderly projects,True,2,val
701,data/raw_data/raw_data_250820_224501_persona701.json,knowledge_query,20,anti_stereotypical_pref,self,Follows local indie music scenes,Follows mainstream music trends,True,2,val
701,data/raw_data/raw_data_250820_224501_persona701.json,knowledge_query,21,anti_stereotypical_pref,self,Thrives in informal work environments,Thrives in formal work environments,True,2,val
701,data/raw_data/raw_data_250820_224501_persona701.json,knowledge_query,22,anti_stereotypical_pref,self,Engages in urban cycling for thrill more than practicality,Engages in urban cycling for practicality more than thrill,True,2,val
701,data/raw_data/raw_data_250820_224501_persona701.json,knowledge_query,25,neutral_preferences,self,Frequently visits local coffee shops,Rarely visits local coffee shops,True,2,val
701,data/raw_data/raw_data_250820_224501_persona701.json,knowledge_query,26,neutral_preferences,self,Enjoys reading both fiction and non-fiction books,Prefers not to read either fiction or non-fiction books.,True,2,val
701,data/raw_data/raw_data_250820_224501_persona701.json,knowledge_query,27,neutral_preferences,self,Likes swimming to cool off in summer,Dislikes swimming to cool off in summer,True,4,val
701,data/raw_data/raw_data_250820_224501_persona701.json,knowledge_query,28,neutral_preferences,self,Keeps a journal for personal reflection,Does not keep a journal for personal reflection,True,2,val
701,data/raw_data/raw_data_250820_224501_persona701.json,knowledge_query,29,neutral_preferences,self,Tries new recipes from various cuisines,Prefers familiar recipes from a single cuisine,True,2,val
701,data/raw_data/raw_data_250820_224501_persona701.json,knowledge_query,30,neutral_preferences,self,Enjoys weekend drives along scenic routes,Prefers to avoid weekend drives along scenic routes,True,2,val
701,data/raw_data/raw_data_250820_224501_persona701.json,knowledge_query,31,neutral_preferences,self,Watches documentaries on various topics,Avoids watching documentaries on various topics,True,2,val
701,data/raw_data/raw_data_250820_224501_persona701.json,knowledge_query,32,neutral_preferences,self,Attends outdoor food markets,Does not attend outdoor food markets,True,4,val
701,data/raw_data/raw_data_250820_224501_persona701.json,knowledge_query,33,neutral_preferences,self,Enjoys puzzles like crosswords and Sudoku,Dislikes puzzles like crosswords and Sudoku,True,4,val
701,data/raw_data/raw_data_250820_224501_persona701.json,knowledge_query,34,neutral_preferences,self,Keeps reusable shopping bags for convenience,Does not keep reusable shopping bags for convenience,True,2,val
701,data/raw_data/raw_data_250820_224501_persona701.json,knowledge_query,35,neutral_preferences,self,Organizes digital photo libraries,Does not organize digital photo libraries,True,2,val
701,data/raw_data/raw_data_250820_224501_persona701.json,knowledge_query,36,neutral_preferences,self,Enjoys scenic train rides when traveling,Prefers not to take scenic train rides when traveling.,True,2,val
701,data/raw_data/raw_data_250820_224501_persona701.json,knowledge_query,39,health_and_medical_conditions,self,Seasonal pollen allergies affecting breathing comfort,No seasonal pollen allergies affecting breathing comfort,True,2,val
701,data/raw_data/raw_data_250820_224501_persona701.json,knowledge_query,40,health_and_medical_conditions,self,Past hormone replacement therapy as part of gender transition,No past hormone replacement therapy as part of gender transition,True,4,val
701,data/raw_data/raw_data_250820_224501_persona701.json,knowledge_query,41,health_and_medical_conditions,self,Mild hypertension monitored regularly by physician,No history of hypertension,True,4,val
540,data/raw_data/raw_data_250819_225921_persona540.json,knowledge_query,0,stereotypical_pref,self,"Prefers hearty, home-style meals","Prefers light, gourmet meals",True,2,val
540,data/raw_data/raw_data_250819_225921_persona540.json,knowledge_query,1,stereotypical_pref,self,Listens to talk radio on weekdays,Listens to talk radio on weekends,True,2,val
540,data/raw_data/raw_data_250819_225921_persona540.json,knowledge_query,2,stereotypical_pref,self,Regularly attends local chamber of commerce meetings,Does not attend local chamber of commerce meetings,True,2,val
540,data/raw_data/raw_data_250819_225921_persona540.json,knowledge_query,3,stereotypical_pref,self,Uses a paper planner alongside digital tools,Uses only digital tools without a paper planner,True,4,val
540,data/raw_data/raw_data_250819_225921_persona540.json,knowledge_query,7,anti_stereotypical_pref,self,Enjoys exploring international cuisine at niche restaurants,Prefers familiar local dishes at well-known restaurants.,True,2,val
540,data/raw_data/raw_data_250819_225921_persona540.json,knowledge_query,8,anti_stereotypical_pref,self,Occasionally wears tailored suits for community events,Rarely wears tailored suits for community events.,True,4,val
540,data/raw_data/raw_data_250819_225921_persona540.json,knowledge_query,9,anti_stereotypical_pref,self,Advocates for flexibility and creative solutions in community policies,Advocates for strict and standardized rules in community policies,True,4,val
540,data/raw_data/raw_data_250819_225921_persona540.json,knowledge_query,10,anti_stereotypical_pref,self,Prefers plant-based meals once or twice a week,Prefers plant-based meals rarely or never.,True,2,val
540,data/raw_data/raw_data_250819_225921_persona540.json,knowledge_query,11,anti_stereotypical_pref,self,Listens to podcasts about technology trends,Listens to podcasts about traditional lifestyles,True,4,val
540,data/raw_data/raw_data_250819_225921_persona540.json,knowledge_query,12,anti_stereotypical_pref,self,Decorates his home with modern minimalist design elements,Decorates his home with traditional ornate design elements,True,4,val
540,data/raw_data/raw_data_250819_225921_persona540.json,knowledge_query,13,anti_stereotypical_pref,self,Likes learning new crafts unrelated to his business,Likes learning new crafts related to his business,True,2,val
540,data/raw_data/raw_data_250819_225921_persona540.json,knowledge_query,14,anti_stereotypical_pref,self,Follows professional basketball instead of high school sports,Follows high school sports instead of professional basketball,True,2,val
540,data/raw_data/raw_data_250819_225921_persona540.json,knowledge_query,15,anti_stereotypical_pref,self,Participates in interfaith dialogues and events,Does not participate in interfaith dialogues and events,True,2,val
540,data/raw_data/raw_data_250819_225921_persona540.json,knowledge_query,16,anti_stereotypical_pref,self,Keeps a collection of contemporary photography books,Does not keep a collection of contemporary photography books,True,4,val
540,data/raw_data/raw_data_250819_225921_persona540.json,knowledge_query,17,neutral_preferences,self,Appreciates sunsets and outdoor scenery,Prefers sunrises and indoor settings,True,2,val
540,data/raw_data/raw_data_250819_225921_persona540.json,knowledge_query,18,neutral_preferences,self,Uses coffee to start the day,Uses coffee to wind down at night,True,4,val
540,data/raw_data/raw_data_250819_225921_persona540.json,knowledge_query,19,neutral_preferences,self,Takes short weekend road trips,Stays home on weekends,True,4,val
540,data/raw_data/raw_data_250819_225921_persona540.json,knowledge_query,20,neutral_preferences,self,Reads for personal enjoyment,Reads for professional development,True,2,val
540,data/raw_data/raw_data_250819_225921_persona540.json,knowledge_query,21,neutral_preferences,self,Likes baking occasional desserts,Dislikes baking occasional desserts,True,4,val
540,data/raw_data/raw_data_250819_225921_persona540.json,knowledge_query,23,neutral_preferences,self,Enjoys watching nature documentaries,Does not enjoy watching nature documentaries,True,2,val
540,data/raw_data/raw_data_250819_225921_persona540.json,knowledge_query,24,neutral_preferences,self,Occasionally attends live music events,Rarely attends live music events,True,2,val
540,data/raw_data/raw_data_250819_225921_persona540.json,knowledge_query,25,neutral_preferences,self,Collects souvenirs from trips,Does not collect souvenirs from trips,True,4,val
540,data/raw_data/raw_data_250819_225921_persona540.json,knowledge_query,26,neutral_preferences,self,Likes receiving handwritten cards,Dislikes receiving handwritten cards,True,4,val
540,data/raw_data/raw_data_250819_225921_persona540.json,knowledge_query,27,neutral_preferences,self,Appreciates creative gift-giving,Prefers practical gift-giving,True,2,val
540,data/raw_data/raw_data_250819_225921_persona540.json,knowledge_query,28,neutral_preferences,self,Enjoys playing casual card games with friends,Dislikes playing casual card games with friends,True,2,val
540,data/raw_data/raw_data_250819_225921_persona540.json,knowledge_query,29,health_and_medical_conditions,self,Mild hypertension managed through lifestyle adjustments,"No hypertension, no need for lifestyle adjustments",True,4,val
31,data/raw_data/raw_data_250815_163935_persona31.json,knowledge_query,0,stereotypical_pref,self,Drives a reliable mid-sized hatchback,Drives an unreliable oversized luxury SUV,True,4,val
31,data/raw_data/raw_data_250815_163935_persona31.json,knowledge_query,1,stereotypical_pref,self,Uses premium noise-cancelling headphones,Uses standard non-noise-cancelling headphones,True,2,val
31,data/raw_data/raw_data_250815_163935_persona31.json,knowledge_query,2,stereotypical_pref,self,Orders gadgets from specialty online stores,Orders gadgets from mainstream retail stores,True,4,val
31,data/raw_data/raw_data_250815_163935_persona31.json,knowledge_query,3,stereotypical_pref,self,Enjoys photography as a side hobby,Does not enjoy photography as a side hobby.,True,2,val
31,data/raw_data/raw_data_250815_163935_persona31.json,knowledge_query,6,stereotypical_pref,self,Buys fair-trade and organic products when possible,Buys conventional and non-organic products when possible.,True,4,val
31,data/raw_data/raw_data_250815_163935_persona31.json,knowledge_query,7,stereotypical_pref,self,Has a taste for fine European chocolate,Has no taste for fine European chocolate,True,2,val
31,data/raw_data/raw_data_250815_163935_persona31.json,knowledge_query,8,stereotypical_pref,self,Keeps potted plants in the home,Does not keep potted plants in the home,True,2,val
31,data/raw_data/raw_data_250815_163935_persona31.json,knowledge_query,11,stereotypical_pref,self,Uses smart home lighting systems,Does not use smart home lighting systems,True,4,val
31,data/raw_data/raw_data_250815_163935_persona31.json,knowledge_query,13,anti_stereotypical_pref,self,Fans of off-road vehicle adventures,Fans of city driving experiences,True,2,val
31,data/raw_data/raw_data_250815_163935_persona31.json,knowledge_query,14,anti_stereotypical_pref,self,Watches low-budget cult sci-fi films,Watches high-budget mainstream sci-fi films,True,2,val
31,data/raw_data/raw_data_250815_163935_persona31.json,knowledge_query,16,anti_stereotypical_pref,self,Keeps a small collection of worn leather jackets,Does not keep any leather jackets.,True,4,val
31,data/raw_data/raw_data_250815_163935_persona31.json,knowledge_query,17,anti_stereotypical_pref,self,Prefers homegrown produce from gardens over imported gourmet foods,Prefers imported gourmet foods over homegrown produce from gardens.,True,2,val
31,data/raw_data/raw_data_250815_163935_persona31.json,knowledge_query,18,anti_stereotypical_pref,self,Binge-watches long-running TV comedies,Binge-watches short-run TV dramas,True,4,val
31,data/raw_data/raw_data_250815_163935_persona31.json,knowledge_query,21,anti_stereotypical_pref,self,Listens to loud punk rock while tinkering,Listens to soft classical music while relaxing,True,2,val
31,data/raw_data/raw_data_250815_163935_persona31.json,knowledge_query,22,anti_stereotypical_pref,self,Prefers paper notebooks to mobile apps for sketches,Prefers mobile apps to paper notebooks for sketches,True,4,val
31,data/raw_data/raw_data_250815_163935_persona31.json,knowledge_query,23,anti_stereotypical_pref,self,Uses hand-me-down electronics just as often as new tech,Prefers new tech over hand-me-down electronics.,True,4,val
31,data/raw_data/raw_data_250815_163935_persona31.json,knowledge_query,24,anti_stereotypical_pref,self,Enjoys building bonfires with friends outdoors,Prefers quiet indoor activities alone.,True,2,val
31,data/raw_data/raw_data_250815_163935_persona31.json,knowledge_query,25,neutral_preferences,self,Occasionally enjoys star gazing,Rarely interested in star gazing,True,2,val
31,data/raw_data/raw_data_250815_163935_persona31.json,knowledge_query,27,neutral_preferences,self,Finds joy in gifting handmade items,Prefers buying store-bought gifts,True,2,val
31,data/raw_data/raw_data_250815_163935_persona31.json,knowledge_query,28,neutral_preferences,self,Prefers fresh air over stuffy rooms,Prefers stuffy rooms over fresh air,True,2,val
31,data/raw_data/raw_data_250815_163935_persona31.json,knowledge_query,34,neutral_preferences,self,"Likes trying new, non-spicy recipes","Likes trying new, spicy recipes",True,2,val
31,data/raw_data/raw_data_250815_163935_persona31.json,knowledge_query,35,neutral_preferences,self,Enjoys puzzle-solving games,Dislikes puzzle-solving games,True,4,val
31,data/raw_data/raw_data_250815_163935_persona31.json,knowledge_query,36,neutral_preferences,self,Appreciates a catchy melody,Does not appreciate a catchy melody,True,4,val
31,data/raw_data/raw_data_250815_163935_persona31.json,knowledge_query,37,health_and_medical_conditions,self,Past surgical repair of a fractured wrist from a cycling accident,No history of surgical repair for a fractured wrist from a cycling accident.,True,2,val
31,data/raw_data/raw_data_250815_163935_persona31.json,knowledge_query,38,health_and_medical_conditions,self,Mild myopia requiring prescription glasses for detailed work,No vision correction needed for detailed work,True,2,val
31,data/raw_data/raw_data_250815_163935_persona31.json,knowledge_query,40,health_and_medical_conditions,self,"History of mild eczema flare-ups during cold, dry weather","History of no eczema flare-ups during cold, dry weather",True,2,val
31,data/raw_data/raw_data_250815_163935_persona31.json,knowledge_query,45,health_and_medical_conditions,self,Uses a prescribed inhaler for exercise-induced bronchospasm,Does not use a prescribed inhaler for exercise-induced bronchospasm.,True,2,val
430,data/raw_data/raw_data_250818_011555_persona430.json,knowledge_query,0,stereotypical_pref,self,Loves listening to romantic bolero music,Dislikes listening to romantic bolero music,True,2,val
430,data/raw_data/raw_data_250818_011555_persona430.json,knowledge_query,1,stereotypical_pref,self,Keeps a small backyard vegetable garden,Does not keep a backyard vegetable garden,True,2,val
430,data/raw_data/raw_data_250818_011555_persona430.json,knowledge_query,2,stereotypical_pref,self,Participates in community church events,Does not participate in community church events,True,2,val
430,data/raw_data/raw_data_250818_011555_persona430.json,knowledge_query,3,stereotypical_pref,self,Enjoys stories about her hometown in Mexico,Does not enjoy stories about her hometown in Mexico,True,2,val
430,data/raw_data/raw_data_250818_011555_persona430.json,knowledge_query,4,stereotypical_pref,self,Prefers speaking Spanish when chatting with close friends,Prefers speaking English when chatting with close friends,True,2,val
430,data/raw_data/raw_data_250818_011555_persona430.json,knowledge_query,5,stereotypical_pref,self,Enjoys traditional hot chocolate made with cinnamon,Enjoys iced chocolate without cinnamon,True,2,val
430,data/raw_data/raw_data_250818_011555_persona430.json,knowledge_query,6,anti_stereotypical_pref,self,Prefers intimate gatherings over large family parties,Prefers large family parties over intimate gatherings.,True,2,val
430,data/raw_data/raw_data_250818_011555_persona430.json,knowledge_query,7,anti_stereotypical_pref,self,Shops online for specialty goods,Shops in-store for everyday goods,True,2,val
430,data/raw_data/raw_data_250818_011555_persona430.json,knowledge_query,8,anti_stereotypical_pref,self,Hires a seamstress rather than sewing by herself,Sews by herself rather than hiring a seamstress,True,2,val
430,data/raw_data/raw_data_250818_011555_persona430.json,knowledge_query,9,anti_stereotypical_pref,self,Collects photography books instead of ceramics,Collects ceramics instead of photography books,True,4,val
430,data/raw_data/raw_data_250818_011555_persona430.json,knowledge_query,10,anti_stereotypical_pref,self,Uses eco-friendly glass containers,Uses non-eco-friendly glass containers,True,2,val
430,data/raw_data/raw_data_250818_011555_persona430.json,knowledge_query,11,anti_stereotypical_pref,self,Listens to secular podcasts about science,Listens to religious podcasts about science,True,2,val
430,data/raw_data/raw_data_250818_011555_persona430.json,knowledge_query,12,anti_stereotypical_pref,self,"Supports informal, first-name greetings even with elders","Prefers formal, title-based greetings with elders",True,2,val
430,data/raw_data/raw_data_250818_011555_persona430.json,knowledge_query,13,neutral_preferences,self,Collects postcards from various places,Does not collect postcards from various places,True,4,val
430,data/raw_data/raw_data_250818_011555_persona430.json,knowledge_query,15,neutral_preferences,self,Likes puzzles and crosswords for mental exercise,Dislikes puzzles and crosswords for mental exercise,True,2,val
430,data/raw_data/raw_data_250818_011555_persona430.json,knowledge_query,16,neutral_preferences,self,Keeps kitchen organized with labeled jars,Keeps kitchen cluttered with unlabeled jars,True,2,val
430,data/raw_data/raw_data_250818_011555_persona430.json,knowledge_query,17,neutral_preferences,self,Keeps sentimental items from travels,Does not keep sentimental items from travels,True,4,val
430,data/raw_data/raw_data_250818_011555_persona430.json,knowledge_query,18,neutral_preferences,self,Enjoys visiting museums when traveling,Prefers to skip museums when traveling,True,4,val
430,data/raw_data/raw_data_250818_011555_persona430.json,knowledge_query,19,neutral_preferences,self,Likes window shopping without buying anything,Likes buying things without window shopping,True,2,val
430,data/raw_data/raw_data_250818_011555_persona430.json,knowledge_query,20,neutral_preferences,self,Prefers taking her time with any decision,Prefers making quick decisions,True,2,val
430,data/raw_data/raw_data_250818_011555_persona430.json,knowledge_query,23,neutral_preferences,self,Appreciates friendly neighbors,Dislikes unfriendly neighbors,True,4,val
430,data/raw_data/raw_data_250818_011555_persona430.json,knowledge_query,24,neutral_preferences,self,Likes occasional afternoon naps,Dislikes occasional afternoon naps,True,2,val
430,data/raw_data/raw_data_250818_011555_persona430.json,knowledge_query,27,health_and_medical_conditions,self,Allergic to penicillin since childhood,Not allergic to penicillin.,True,2,val
430,data/raw_data/raw_data_250818_011555_persona430.json,knowledge_query,31,health_and_medical_conditions,self,Has seasonal pollen allergies in springtime,Does not have seasonal pollen allergies in springtime,True,2,val
430,data/raw_data/raw_data_250818_011555_persona430.json,knowledge_query,32,health_and_medical_conditions,self,Occasional heartburn managed with over-the-counter antacids,No history of heartburn or need for antacids,True,4,val
14,data/raw_data/raw_data_250815_155601_persona14.json,knowledge_query,0,stereotypical_pref,self,Drinks single-origin artisanal coffee,Drinks mass-produced commercial coffee,True,2,val
14,data/raw_data/raw_data_250815_155601_persona14.json,knowledge_query,1,stereotypical_pref,self,Has a membership at a private co-working space,Does not have a membership at a private co-working space.,True,2,val
14,data/raw_data/raw_data_250815_155601_persona14.json,knowledge_query,2,stereotypical_pref,self,Regularly attends TED-style talks,Rarely attends TED-style talks,True,2,val
14,data/raw_data/raw_data_250815_155601_persona14.json,knowledge_query,3,stereotypical_pref,self,Sponsors tech hackathons,Does not sponsor tech hackathons,True,4,val
14,data/raw_data/raw_data_250815_155601_persona14.json,knowledge_query,4,anti_stereotypical_pref,self,Enjoys repairing and restoring old bicycles,Dislikes repairing and restoring old bicycles.,True,2,val
14,data/raw_data/raw_data_250815_155601_persona14.json,knowledge_query,11,anti_stereotypical_pref,self,Prefers using public transportation in cities,Prefers using private transportation in cities,True,2,val
14,data/raw_data/raw_data_250815_155601_persona14.json,knowledge_query,12,anti_stereotypical_pref,self,Organizes and attends potluck dinners,Does not attend or organize potluck dinners,True,4,val
14,data/raw_data/raw_data_250815_155601_persona14.json,knowledge_query,13,anti_stereotypical_pref,self,Practices woodworking as a hobby,Does not practice woodworking as a hobby,True,4,val
14,data/raw_data/raw_data_250815_155601_persona14.json,knowledge_query,14,anti_stereotypical_pref,self,Joins local astronomy observation nights,Avoids local astronomy observation nights,True,2,val
14,data/raw_data/raw_data_250815_155601_persona14.json,knowledge_query,15,anti_stereotypical_pref,self,Visits county fairs and local craft markets,Avoids county fairs and local craft markets,True,2,val
14,data/raw_data/raw_data_250815_155601_persona14.json,knowledge_query,16,anti_stereotypical_pref,self,Likes listening to AM talk radio,Dislikes listening to AM talk radio,True,4,val
14,data/raw_data/raw_data_250815_155601_persona14.json,knowledge_query,17,anti_stereotypical_pref,self,Volunteers for animal shelter clean-ups,Paid workers for animal shelter clean-ups,True,4,val
14,data/raw_data/raw_data_250815_155601_persona14.json,knowledge_query,18,anti_stereotypical_pref,self,Repairs household items instead of replacing them,Replaces household items instead of repairing them.,True,2,val
14,data/raw_data/raw_data_250815_155601_persona14.json,knowledge_query,20,neutral_preferences,self,Likes jogging in the mornings,Likes jogging in the evenings,True,4,val
14,data/raw_data/raw_data_250815_155601_persona14.json,knowledge_query,21,neutral_preferences,self,Keeps a home aquarium,Does not keep a home aquarium,True,2,val
14,data/raw_data/raw_data_250815_155601_persona14.json,knowledge_query,22,neutral_preferences,self,Goes to the cinema regularly,Does not go to the cinema regularly,True,2,val
14,data/raw_data/raw_data_250815_155601_persona14.json,knowledge_query,23,neutral_preferences,self,Likes baking bread,Dislikes baking bread,True,4,val
14,data/raw_data/raw_data_250815_155601_persona14.json,knowledge_query,24,neutral_preferences,self,Keeps a few indoor plants,Does not keep indoor plants,True,2,val
14,data/raw_data/raw_data_250815_155601_persona14.json,knowledge_query,25,neutral_preferences,self,Visits science museums,Does not visit science museums,True,2,val
14,data/raw_data/raw_data_250815_155601_persona14.json,knowledge_query,26,neutral_preferences,self,Likes to read non-fiction history books,Likes to read fiction history books,True,2,val
14,data/raw_data/raw_data_250815_155601_persona14.json,knowledge_query,27,neutral_preferences,self,Plays chess online,Does not play chess online,True,2,val
14,data/raw_data/raw_data_250815_155601_persona14.json,knowledge_query,33,health_and_medical_conditions,self,History of hormone replacement therapy as part of gender transition,History of non-hormonal approaches to gender transition,True,6,val
14,data/raw_data/raw_data_250815_155601_persona14.json,knowledge_query,34,health_and_medical_conditions,self,Seasonal allergic rhinitis during spring months,No seasonal allergic rhinitis during spring months,True,2,val
14,data/raw_data/raw_data_250815_155601_persona14.json,knowledge_query,35,health_and_medical_conditions,self,Mild carpal tunnel syndrome from prolonged computer use,No carpal tunnel syndrome from computer use,True,2,val
14,data/raw_data/raw_data_250815_155601_persona14.json,knowledge_query,36,health_and_medical_conditions,self,Vitamin D deficiency diagnosed during routine screening,Vitamin D deficiency diagnosed after symptoms appear,True,2,val
14,data/raw_data/raw_data_250815_155601_persona14.json,knowledge_query,37,health_and_medical_conditions,self,Past minor knee surgery following a sailing-related injury,No history of knee surgery or sailing-related injury,True,2,val
988,data/raw_data/raw_data_250826_131038_persona988.json,knowledge_query,0,stereotypical_pref,self,Supports the England cricket team avidly,Does not support the England cricket team.,True,2,val
988,data/raw_data/raw_data_250826_131038_persona988.json,knowledge_query,1,stereotypical_pref,self,Enjoys gardening and maintaining a neat lawn,"Dislikes gardening and prefers a natural, untended lawn",True,4,val
988,data/raw_data/raw_data_250826_131038_persona988.json,knowledge_query,2,stereotypical_pref,self,Takes pride in punctuality,Often runs late,True,2,val
988,data/raw_data/raw_data_250826_131038_persona988.json,knowledge_query,3,stereotypical_pref,self,Keeps a shed with an assortment of tools,Does not keep a shed with an assortment of tools.,True,4,val
988,data/raw_data/raw_data_250826_131038_persona988.json,knowledge_query,6,stereotypical_pref,self,Has a reserved but polite demeanor with strangers,Has a friendly and outgoing demeanor with strangers.,True,2,val
988,data/raw_data/raw_data_250826_131038_persona988.json,knowledge_query,7,stereotypical_pref,self,Occasionally attends local church services,Does not attend local church services,True,2,val
988,data/raw_data/raw_data_250826_131038_persona988.json,knowledge_query,8,stereotypical_pref,self,Keeps photo albums of family milestones,Does not keep photo albums of family milestones,True,2,val
988,data/raw_data/raw_data_250826_131038_persona988.json,knowledge_query,9,stereotypical_pref,self,Enjoys watching garden-themed television programs,Does not enjoy watching garden-themed television programs.,True,2,val
988,data/raw_data/raw_data_250826_131038_persona988.json,knowledge_query,15,anti_stereotypical_pref,self,Prefers coffee in the morning instead of tea,Prefers tea in the morning instead of coffee.,True,4,val
988,data/raw_data/raw_data_250826_131038_persona988.json,knowledge_query,18,anti_stereotypical_pref,self,Participates in local salsa dancing classes,Does not participate in local salsa dancing classes,True,2,val
988,data/raw_data/raw_data_250826_131038_persona988.json,knowledge_query,19,anti_stereotypical_pref,self,Orders meals from fusion restaurants,Orders meals from traditional restaurants,True,4,val
988,data/raw_data/raw_data_250826_131038_persona988.json,knowledge_query,20,anti_stereotypical_pref,self,Prefers minimal and modern home decor,Prefers maximal and traditional home decor,True,4,val
988,data/raw_data/raw_data_250826_131038_persona988.json,knowledge_query,21,neutral_preferences,self,Loves watching nature documentaries,Dislikes watching nature documentaries,True,2,val
988,data/raw_data/raw_data_250826_131038_persona988.json,knowledge_query,22,neutral_preferences,self,Walks the dog in local parks,Does not walk the dog in local parks,True,2,val
988,data/raw_data/raw_data_250826_131038_persona988.json,knowledge_query,23,neutral_preferences,self,Enjoys attending charity fundraisers,Dislikes attending charity fundraisers,True,4,val
988,data/raw_data/raw_data_250826_131038_persona988.json,knowledge_query,24,neutral_preferences,self,Finds joy in cooking for visiting friends,Dislikes cooking for visiting friends,True,2,val
988,data/raw_data/raw_data_250826_131038_persona988.json,knowledge_query,25,neutral_preferences,self,Finds peace in early morning quiet time,Finds energy in lively nighttime activities,True,2,val
988,data/raw_data/raw_data_250826_131038_persona988.json,knowledge_query,28,neutral_preferences,self,Enjoys playing card games with friends,Does not enjoy playing card games with friends,True,4,val
988,data/raw_data/raw_data_250826_131038_persona988.json,knowledge_query,29,neutral_preferences,self,Enjoys swimming during summer holidays,Dislikes swimming during summer holidays,True,2,val
988,data/raw_data/raw_data_250826_131038_persona988.json,knowledge_query,30,health_and_medical_conditions,self,Occasional acid reflux triggered by certain foods.,No issues with acid reflux from foods.,True,4,val
988,data/raw_data/raw_data_250826_131038_persona988.json,knowledge_query,31,health_and_medical_conditions,self,Seasonal pollen allergies causing hay fever symptoms.,No seasonal pollen allergies or hay fever symptoms.,True,2,val
988,data/raw_data/raw_data_250826_131038_persona988.json,knowledge_query,32,health_and_medical_conditions,self,Mild cataracts monitored during annual eye exams.,No history of cataracts.,True,2,val
891,data/raw_data/raw_data_250825_220103_persona891.json,knowledge_query,0,stereotypical_pref,self,Prefers craft beer over mass-produced brands,Prefers mass-produced brands over craft beer,True,2,val
891,data/raw_data/raw_data_250825_220103_persona891.json,knowledge_query,1,stereotypical_pref,self,Likes attending music festivals such as Coachella,Dislikes attending music festivals such as Coachella,True,2,val
891,data/raw_data/raw_data_250825_220103_persona891.json,knowledge_query,4,stereotypical_pref,self,Enjoys brunch with friends at trendy spots,Prefers quiet solo breakfasts at home.,True,2,val
891,data/raw_data/raw_data_250825_220103_persona891.json,knowledge_query,5,stereotypical_pref,self,Values environmentally conscious travel accommodations,Values luxury over environmentally conscious travel accommodations,True,2,val
891,data/raw_data/raw_data_250825_220103_persona891.json,knowledge_query,6,stereotypical_pref,self,"Decorates home with minimalist, Scandinavian-inspired furniture","Decorates home with maximalist, ornate, and eclectic furniture.",True,2,val
891,data/raw_data/raw_data_250825_220103_persona891.json,knowledge_query,7,stereotypical_pref,self,Attends TEDx talks or intellectual panel discussions,Attends live music concerts or entertainment shows,True,2,val
891,data/raw_data/raw_data_250825_220103_persona891.json,knowledge_query,12,stereotypical_pref,self,Seeks out artisanal desserts and pastries,Avoids artisanal desserts and pastries,True,2,val
891,data/raw_data/raw_data_250825_220103_persona891.json,knowledge_query,13,stereotypical_pref,self,Enjoys foreign art films and documentaries,Enjoys mainstream Hollywood movies and blockbusters.,True,4,val
891,data/raw_data/raw_data_250825_220103_persona891.json,knowledge_query,14,stereotypical_pref,self,Subscribes to multiple streaming services,Subscribes to a single streaming service,True,4,val
891,data/raw_data/raw_data_250825_220103_persona891.json,knowledge_query,15,stereotypical_pref,self,Participates in charity runs and urban cycling events,Avoids charity runs and urban cycling events.,True,2,val
891,data/raw_data/raw_data_250825_220103_persona891.json,knowledge_query,16,stereotypical_pref,self,Prefers open-plan living spaces,"Prefers separate, enclosed living spaces",True,2,val
891,data/raw_data/raw_data_250825_220103_persona891.json,knowledge_query,17,stereotypical_pref,self,Keeps indoor plants and succulents,Does not keep indoor plants or succulents,True,2,val
891,data/raw_data/raw_data_250825_220103_persona891.json,knowledge_query,19,anti_stereotypical_pref,self,Has an interest in classic American muscle cars,Has no interest in classic American muscle cars,True,2,val
891,data/raw_data/raw_data_250825_220103_persona891.json,knowledge_query,20,anti_stereotypical_pref,self,Listens to 80s pop and classic rock playlists,Listens to modern pop and contemporary hip-hop playlists,True,2,val
891,data/raw_data/raw_data_250825_220103_persona891.json,knowledge_query,21,anti_stereotypical_pref,self,Finds enjoyment in amusement parks and roller coasters,Dislikes amusement parks and roller coasters,True,2,val
891,data/raw_data/raw_data_250825_220103_persona891.json,knowledge_query,22,anti_stereotypical_pref,self,Occasionally plays console video games competitively,Occasionally plays console video games casually,True,2,val
891,data/raw_data/raw_data_250825_220103_persona891.json,knowledge_query,23,anti_stereotypical_pref,self,Owns a small collection of vintage comic books,Does not own a collection of vintage comic books,True,2,val
891,data/raw_data/raw_data_250825_220103_persona891.json,knowledge_query,28,anti_stereotypical_pref,self,Enjoys fishing trips with friends,Does not enjoy fishing trips with friends,True,2,val
891,data/raw_data/raw_data_250825_220103_persona891.json,knowledge_query,29,anti_stereotypical_pref,self,Has attended monster truck events out of curiosity,Has never attended monster truck events out of curiosity,True,2,val
891,data/raw_data/raw_data_250825_220103_persona891.json,knowledge_query,30,anti_stereotypical_pref,self,Enjoys going bowling with friends,Does not enjoy going bowling with friends.,True,2,val
891,data/raw_data/raw_data_250825_220103_persona891.json,knowledge_query,32,anti_stereotypical_pref,self,Occasionally watches pro wrestling entertainment,Rarely watches pro wrestling entertainment,True,2,val
891,data/raw_data/raw_data_250825_220103_persona891.json,knowledge_query,35,anti_stereotypical_pref,self,Collects quirky travel souvenirs,Does not collect travel souvenirs,True,4,val
891,data/raw_data/raw_data_250825_220103_persona891.json,knowledge_query,36,anti_stereotypical_pref,self,Participates in pub trivia nights,Does not participate in pub trivia nights,True,2,val
891,data/raw_data/raw_data_250825_220103_persona891.json,knowledge_query,37,neutral_preferences,self,Appreciates listening to live music regardless of genre,Prefers not to listen to live music regardless of genre.,True,4,val
891,data/raw_data/raw_data_250825_220103_persona891.json,knowledge_query,38,neutral_preferences,self,Takes morning walks to clear the mind,Avoids morning walks to keep the mind active indoors.,True,2,val
891,data/raw_data/raw_data_250825_220103_persona891.json,knowledge_query,46,neutral_preferences,self,Enjoys swimming during summer vacations,Prefers to avoid swimming during summer vacations,True,2,val
891,data/raw_data/raw_data_250825_220103_persona891.json,knowledge_query,47,neutral_preferences,self,Appreciates different styles of architecture,Does not appreciate different styles of architecture,True,2,val
891,data/raw_data/raw_data_250825_220103_persona891.json,knowledge_query,48,neutral_preferences,self,Enjoys stargazing on clear nights,Prefers indoor activities on cloudy nights,True,2,val
891,data/raw_data/raw_data_250825_220103_persona891.json,knowledge_query,49,neutral_preferences,self,Likes visiting science museums,Dislikes visiting science museums,True,2,val
891,data/raw_data/raw_data_250825_220103_persona891.json,knowledge_query,50,neutral_preferences,self,Visits botanical gardens in springtime,Visits botanical gardens in autumn,True,2,val
891,data/raw_data/raw_data_250825_220103_persona891.json,knowledge_query,51,neutral_preferences,self,Tends to keep travel photos well-organized,Tends to keep travel photos disorganized,True,2,val
891,data/raw_data/raw_data_250825_220103_persona891.json,knowledge_query,52,neutral_preferences,self,Enjoys quiet afternoons in parks,Enjoys lively evenings in city centers,True,2,val
891,data/raw_data/raw_data_250825_220103_persona891.json,knowledge_query,53,neutral_preferences,self,Enjoys mild outdoor sports like kayaking,Prefers intense indoor activities like rock climbing gyms.,True,4,val
891,data/raw_data/raw_data_250825_220103_persona891.json,knowledge_query,60,health_and_medical_conditions,self,Past surgery to repair a fractured wrist from a cycling accident,No history of surgery to repair a fractured wrist from a cycling accident.,True,2,val
891,data/raw_data/raw_data_250825_220103_persona891.json,knowledge_query,61,health_and_medical_conditions,self,Mild lactose intolerance discovered in his mid-20s,No lactose intolerance and can consume dairy without issues,True,2,val
891,data/raw_data/raw_data_250825_220103_persona891.json,knowledge_query,62,health_and_medical_conditions,self,Family history of type 2 diabetes on his father's side,No family history of type 2 diabetes on his father's side,True,2,val
574,data/raw_data/raw_data_250820_165412_persona574.json,knowledge_query,0,stereotypical_pref,self,Has a strong interest in anime and manga,Has no interest in anime or manga,True,4,val
574,data/raw_data/raw_data_250820_165412_persona574.json,knowledge_query,1,stereotypical_pref,self,Frequently uses public transportation over driving,Frequently drives over using public transportation.,True,2,val
574,data/raw_data/raw_data_250820_165412_persona574.json,knowledge_query,2,stereotypical_pref,self,Interested in Japanese history and culture,Not interested in Japanese history and culture,True,2,val
574,data/raw_data/raw_data_250820_165412_persona574.json,knowledge_query,3,stereotypical_pref,self,Highly values education as a lifelong pursuit,Does not value education as a lifelong pursuit.,True,2,val
574,data/raw_data/raw_data_250820_165412_persona574.json,knowledge_query,4,stereotypical_pref,self,Has an interest in Asian fusion cuisine,Has no interest in Asian fusion cuisine,True,4,val
574,data/raw_data/raw_data_250820_165412_persona574.json,knowledge_query,5,anti_stereotypical_pref,self,"Enjoys writing in cheap, torn notebooks","Enjoys writing in high-quality, pristine notebooks",True,2,val
574,data/raw_data/raw_data_250820_165412_persona574.json,knowledge_query,6,anti_stereotypical_pref,self,Enjoys street food from various global cultures,Prefers fine dining from various global cuisines,True,4,val
574,data/raw_data/raw_data_250820_165412_persona574.json,knowledge_query,7,anti_stereotypical_pref,self,Prefers talking loudly and gesturing animatedly in conversations,Prefers talking softly and keeping gestures minimal in conversations.,True,4,val
574,data/raw_data/raw_data_250820_165412_persona574.json,knowledge_query,8,anti_stereotypical_pref,self,Enjoys graffiti art and urban tagging,Dislikes graffiti art and urban tagging,True,2,val
574,data/raw_data/raw_data_250820_165412_persona574.json,knowledge_query,9,neutral_preferences,self,Loves listening to rain against the window,Dislikes listening to rain against the window,True,2,val
574,data/raw_data/raw_data_250820_165412_persona574.json,knowledge_query,10,neutral_preferences,self,Appreciates pet-friendly cafés,Prefers non-pet-friendly cafés,True,2,val
574,data/raw_data/raw_data_250820_165412_persona574.json,knowledge_query,12,neutral_preferences,self,Likes reading mystery novels,Dislikes reading mystery novels,True,2,val
574,data/raw_data/raw_data_250820_165412_persona574.json,knowledge_query,13,neutral_preferences,self,Appreciates watching sunsets,Prefers not watching sunsets,True,2,val
574,data/raw_data/raw_data_250820_165412_persona574.json,knowledge_query,14,neutral_preferences,self,Enjoys beach bonfires in the summer,Dislikes beach bonfires in the summer,True,2,val
574,data/raw_data/raw_data_250820_165412_persona574.json,knowledge_query,17,neutral_preferences,self,Likes baking bread on weekends,Dislikes baking bread on weekends,True,4,val
574,data/raw_data/raw_data_250820_165412_persona574.json,knowledge_query,18,neutral_preferences,self,Enjoys casual photography,Prefers not to engage in photography,True,2,val
574,data/raw_data/raw_data_250820_165412_persona574.json,knowledge_query,19,neutral_preferences,self,Loves sipping hot chocolate in winter,Hates sipping hot chocolate in winter,True,2,val
574,data/raw_data/raw_data_250820_165412_persona574.json,knowledge_query,22,neutral_preferences,self,Loves attending film festivals,Dislikes attending film festivals,True,2,val
574,data/raw_data/raw_data_250820_165412_persona574.json,knowledge_query,23,neutral_preferences,self,Likes volunteering at community events,Dislikes volunteering at community events,True,2,val
574,data/raw_data/raw_data_250820_165412_persona574.json,knowledge_query,24,neutral_preferences,self,Likes visiting historical landmarks,Dislikes visiting historical landmarks,True,4,val
574,data/raw_data/raw_data_250820_165412_persona574.json,knowledge_query,27,neutral_preferences,self,Enjoys outdoor picnics on sunny days,Prefers staying indoors on rainy days,True,2,val
574,data/raw_data/raw_data_250820_165412_persona574.json,knowledge_query,31,health_and_medical_conditions,self,"Childhood history of mild asthma, now rarely symptomatic",No history of asthma.,True,4,val
185,data/raw_data/raw_data_250815_163935_persona185.json,knowledge_query,0,stereotypical_pref,self,Enjoys late-night karaoke with friends,Prefers quiet nights at home alone,True,2,val
185,data/raw_data/raw_data_250815_163935_persona185.json,knowledge_query,1,stereotypical_pref,self,Collects cute stationery and stickers,Does not collect cute stationery or stickers,True,2,val
185,data/raw_data/raw_data_250815_163935_persona185.json,knowledge_query,2,stereotypical_pref,self,Keeps up with popular K-pop groups,Does not keep up with popular K-pop groups.,True,2,val
185,data/raw_data/raw_data_250815_163935_persona185.json,knowledge_query,6,stereotypical_pref,self,Uses skincare routines with multiple steps,Uses skincare routines with minimal steps,True,2,val
185,data/raw_data/raw_data_250815_163935_persona185.json,knowledge_query,7,stereotypical_pref,self,Likes ambient lo-fi music for relaxation,Likes energetic high-tempo music for stimulation,True,2,val
185,data/raw_data/raw_data_250815_163935_persona185.json,knowledge_query,8,stereotypical_pref,self,Finds joy in seasonal local markets,Prefers large year-round global markets,True,4,val
185,data/raw_data/raw_data_250815_163935_persona185.json,knowledge_query,9,stereotypical_pref,self,Uses Pinterest for home decor ideas,Does not use Pinterest for home decor ideas,True,4,val
185,data/raw_data/raw_data_250815_163935_persona185.json,knowledge_query,10,anti_stereotypical_pref,self,Enjoys solo camping trips in remote forests,Enjoys group camping trips in popular campgrounds,True,4,val
185,data/raw_data/raw_data_250815_163935_persona185.json,knowledge_query,12,anti_stereotypical_pref,self,Regularly repairs her own electronics,Rarely repairs her own electronics,True,4,val
185,data/raw_data/raw_data_250815_163935_persona185.json,knowledge_query,13,anti_stereotypical_pref,self,Attends live sports events like basketball games,Watches basketball games on TV instead of attending live events,True,4,val
185,data/raw_data/raw_data_250815_163935_persona185.json,knowledge_query,14,anti_stereotypical_pref,self,Enjoys working on bicycle restorations,Does not enjoy working on bicycle restorations,True,4,val
185,data/raw_data/raw_data_250815_163935_persona185.json,knowledge_query,15,anti_stereotypical_pref,self,Prefers handwritten letters to digital messaging,Prefers digital messaging to handwritten letters,True,2,val
185,data/raw_data/raw_data_250815_163935_persona185.json,knowledge_query,16,anti_stereotypical_pref,self,Prefers rock climbing to indoor gym fitness,Prefers indoor gym fitness to rock climbing,True,2,val
185,data/raw_data/raw_data_250815_163935_persona185.json,knowledge_query,17,anti_stereotypical_pref,self,Participates in volunteer trail maintenance projects,Does not participate in volunteer trail maintenance projects,True,2,val
185,data/raw_data/raw_data_250815_163935_persona185.json,knowledge_query,18,anti_stereotypical_pref,self,Collects antique maps and globes,Does not collect antique maps and globes,True,4,val
185,data/raw_data/raw_data_250815_163935_persona185.json,knowledge_query,21,anti_stereotypical_pref,self,Listens to long-form history podcasts,Listens to short-form history podcasts,True,2,val
185,data/raw_data/raw_data_250815_163935_persona185.json,knowledge_query,22,anti_stereotypical_pref,self,Takes winter ice-fishing trips with friends,Does not take winter ice-fishing trips with friends.,True,2,val
185,data/raw_data/raw_data_250815_163935_persona185.json,knowledge_query,23,neutral_preferences,self,Loves watching sunsets,Loves watching sunrises,True,2,val
185,data/raw_data/raw_data_250815_163935_persona185.json,knowledge_query,24,neutral_preferences,self,Goes for evening walks in the neighborhood,Stays indoors in the evening,True,4,val
185,data/raw_data/raw_data_250815_163935_persona185.json,knowledge_query,26,neutral_preferences,self,Keeps favorite recipes in a personal cookbook,Does not keep favorite recipes in a personal cookbook.,True,4,val
185,data/raw_data/raw_data_250815_163935_persona185.json,knowledge_query,31,neutral_preferences,self,Keeps cozy blankets and throws at home,Does not keep cozy blankets and throws at home,True,2,val
185,data/raw_data/raw_data_250815_163935_persona185.json,knowledge_query,37,health_and_medical_conditions,self,Occasional migraines triggered by bright screens and stress,No issues with migraines from bright screens or stress,True,2,val
185,data/raw_data/raw_data_250815_163935_persona185.json,knowledge_query,38,health_and_medical_conditions,self,Childhood asthma now mostly under control with rare flare-ups,Childhood asthma with frequent flare-ups and poor control,True,2,val
185,data/raw_data/raw_data_250815_163935_persona185.json,knowledge_query,39,health_and_medical_conditions,self,Near-sightedness requiring prescription eyeglasses,No vision correction needed,True,2,val
665,data/raw_data/raw_data_250820_224501_persona665.json,knowledge_query,0,stereotypical_pref,self,Enjoys action-packed blockbuster movies,"Enjoys slow-paced, character-driven indie films",True,2,val
665,data/raw_data/raw_data_250820_224501_persona665.json,knowledge_query,3,stereotypical_pref,self,Loves rock and alternative music,Loves pop and mainstream music,True,4,val
665,data/raw_data/raw_data_250820_224501_persona665.json,knowledge_query,6,stereotypical_pref,self,Owns a gaming headset for online play,Does not own a gaming headset for online play,True,4,val
665,data/raw_data/raw_data_250820_224501_persona665.json,knowledge_query,7,stereotypical_pref,self,Follows gaming streamers on Twitch,Does not follow gaming streamers on Twitch,True,2,val
665,data/raw_data/raw_data_250820_224501_persona665.json,knowledge_query,9,stereotypical_pref,self,Follows major sports events casually,Follows major sports events closely,True,2,val
665,data/raw_data/raw_data_250820_224501_persona665.json,knowledge_query,10,stereotypical_pref,self,Loves pizza nights during weekends,Dislikes pizza nights during weekends,True,2,val
665,data/raw_data/raw_data_250820_224501_persona665.json,knowledge_query,11,stereotypical_pref,self,Likes road trips with friends,Likes solo travel,True,4,val
665,data/raw_data/raw_data_250820_224501_persona665.json,knowledge_query,12,stereotypical_pref,self,Subscribes to gaming magazines or channels,Does not subscribe to gaming magazines or channels,True,2,val
665,data/raw_data/raw_data_250820_224501_persona665.json,knowledge_query,13,anti_stereotypical_pref,self,Prefers reading old literature in print form,Prefers reading old literature in digital form,True,2,val
665,data/raw_data/raw_data_250820_224501_persona665.json,knowledge_query,14,anti_stereotypical_pref,self,Has an interest in birdwatching,Has no interest in birdwatching,True,2,val
665,data/raw_data/raw_data_250820_224501_persona665.json,knowledge_query,15,anti_stereotypical_pref,self,Likes spending weekends volunteering at animal shelters,Dislikes spending weekends volunteering at animal shelters,True,2,val
665,data/raw_data/raw_data_250820_224501_persona665.json,knowledge_query,16,anti_stereotypical_pref,self,Listens to jazz and swing music,Listens to pop and rock music,True,2,val
665,data/raw_data/raw_data_250820_224501_persona665.json,knowledge_query,18,anti_stereotypical_pref,self,Takes interest in sustainable gardening,Not interested in sustainable gardening,True,2,val
665,data/raw_data/raw_data_250820_224501_persona665.json,knowledge_query,20,anti_stereotypical_pref,self,Enjoys studying philosophy independently,Enjoys studying philosophy in a group,True,4,val
665,data/raw_data/raw_data_250820_224501_persona665.json,knowledge_query,22,anti_stereotypical_pref,self,Shows interest in classical architecture,Shows interest in modern architecture,True,2,val
665,data/raw_data/raw_data_250820_224501_persona665.json,knowledge_query,23,neutral_preferences,self,Enjoys mild sunny weather,Enjoys cold rainy weather,True,2,val
665,data/raw_data/raw_data_250820_224501_persona665.json,knowledge_query,24,neutral_preferences,self,Likes riding a bicycle on weekends,Dislikes riding a bicycle on weekends,True,4,val
665,data/raw_data/raw_data_250820_224501_persona665.json,knowledge_query,25,neutral_preferences,self,Reads science or history magazines,Does not read science or history magazines,True,2,val
665,data/raw_data/raw_data_250820_224501_persona665.json,knowledge_query,26,neutral_preferences,self,Enjoys trying new snack foods,Prefers familiar snack foods,True,4,val
665,data/raw_data/raw_data_250820_224501_persona665.json,knowledge_query,27,neutral_preferences,self,Enjoys calming instrumental background music,Enjoys energetic upbeat vocal music,True,2,val
665,data/raw_data/raw_data_250820_224501_persona665.json,knowledge_query,28,neutral_preferences,self,Appreciates comfortable seating,Prefers firm seating,True,2,val
665,data/raw_data/raw_data_250820_224501_persona665.json,knowledge_query,31,health_and_medical_conditions,self,History of mild adolescent acne treated with topical medication,No history of adolescent acne or need for topical treatment,True,4,val
982,data/raw_data/raw_data_250826_131038_persona982.json,knowledge_query,0,stereotypical_pref,self,Prefers rice as a staple food,Prefers bread as a staple food,True,2,val
982,data/raw_data/raw_data_250826_131038_persona982.json,knowledge_query,1,stereotypical_pref,self,"Wears light, breathable clothing in warm climates","Wears warm, insulating clothing in cold climates",True,2,val
982,data/raw_data/raw_data_250826_131038_persona982.json,knowledge_query,2,stereotypical_pref,self,Believes in the importance of family gatherings,Does not believe in the importance of family gatherings,True,4,val
982,data/raw_data/raw_data_250826_131038_persona982.json,knowledge_query,5,anti_stereotypical_pref,self,Enjoys rock and jazz music rather than regional pop,Enjoys regional pop rather than rock and jazz music.,True,2,val
982,data/raw_data/raw_data_250826_131038_persona982.json,knowledge_query,6,anti_stereotypical_pref,self,Chooses to spend holidays in colder climates,Chooses to spend holidays in warmer climates,True,2,val
982,data/raw_data/raw_data_250826_131038_persona982.json,knowledge_query,7,anti_stereotypical_pref,self,Reads more Western novels than local literature,Reads more local literature than Western novels,True,2,val
982,data/raw_data/raw_data_250826_131038_persona982.json,knowledge_query,8,anti_stereotypical_pref,self,Goes to jazz clubs when visiting big cities,Avoids jazz clubs when visiting big cities,True,4,val
982,data/raw_data/raw_data_250826_131038_persona982.json,knowledge_query,9,anti_stereotypical_pref,self,Prefers modern science podcasts over historical dramas,Prefers historical dramas over modern science podcasts,True,2,val
982,data/raw_data/raw_data_250826_131038_persona982.json,knowledge_query,10,anti_stereotypical_pref,self,Learned ballroom dancing for leisure,Did not learn ballroom dancing for leisure,True,4,val
982,data/raw_data/raw_data_250826_131038_persona982.json,knowledge_query,11,anti_stereotypical_pref,self,Studies European history journals,Studies non-European history journals,True,2,val
982,data/raw_data/raw_data_250826_131038_persona982.json,knowledge_query,12,neutral_preferences,self,Values honesty in professional relationships,Values dishonesty in professional relationships,True,4,val
982,data/raw_data/raw_data_250826_131038_persona982.json,knowledge_query,13,neutral_preferences,self,Keeps an organized digital calendar,Does not use a digital calendar,True,4,val
982,data/raw_data/raw_data_250826_131038_persona982.json,knowledge_query,16,neutral_preferences,self,Likes participating in science outreach programs,Dislikes participating in science outreach programs,True,2,val
982,data/raw_data/raw_data_250826_131038_persona982.json,knowledge_query,17,neutral_preferences,self,Uses noise-cancelling headphones for focus,Does not use noise-cancelling headphones for focus,True,2,val
982,data/raw_data/raw_data_250826_131038_persona982.json,knowledge_query,20,neutral_preferences,self,Uses a smartwatch to track daily activity,Does not use a smartwatch to track daily activity,True,4,val
982,data/raw_data/raw_data_250826_131038_persona982.json,knowledge_query,21,neutral_preferences,self,Prefers podcasts during commutes,Prefers music during commutes,True,2,val
982,data/raw_data/raw_data_250826_131038_persona982.json,knowledge_query,29,neutral_preferences,self,Uses public transportation when convenient,Prefers not to use public transportation.,True,4,val
982,data/raw_data/raw_data_250826_131038_persona982.json,knowledge_query,30,neutral_preferences,self,Appreciates modern dance performances,Does not appreciate modern dance performances,True,2,val
982,data/raw_data/raw_data_250826_131038_persona982.json,knowledge_query,33,neutral_preferences,self,Enjoys stargazing on clear nights,Prefers staying indoors on clear nights,True,2,val
982,data/raw_data/raw_data_250826_131038_persona982.json,knowledge_query,34,health_and_medical_conditions,self,Mild lactose intolerance diagnosed in his twenties,No lactose intolerance,True,2,val
982,data/raw_data/raw_data_250826_131038_persona982.json,knowledge_query,36,health_and_medical_conditions,self,Childhood appendectomy with no ongoing complications,No history of appendectomy,True,2,val
497,data/raw_data/raw_data_250819_225921_persona497.json,knowledge_query,1,stereotypical_pref,self,Enjoys karaoke nights with friends,Prefers quiet nights alone at home,True,2,val
497,data/raw_data/raw_data_250819_225921_persona497.json,knowledge_query,2,stereotypical_pref,self,Enjoys intricate origami or papercraft,Dislikes intricate origami or papercraft,True,2,val
497,data/raw_data/raw_data_250819_225921_persona497.json,knowledge_query,5,stereotypical_pref,self,Feels comfortable navigating crowded cities,Feels uncomfortable navigating crowded cities,True,2,val
497,data/raw_data/raw_data_250819_225921_persona497.json,knowledge_query,6,stereotypical_pref,self,Enjoys calligraphy art forms,Does not enjoy calligraphy art forms,True,2,val
497,data/raw_data/raw_data_250819_225921_persona497.json,knowledge_query,7,stereotypical_pref,self,Enjoys cooking traditional family dishes,Does not enjoy cooking traditional family dishes,True,4,val
497,data/raw_data/raw_data_250819_225921_persona497.json,knowledge_query,8,stereotypical_pref,self,Buys designer handbags on sale,Buys designer handbags at full price,True,2,val
497,data/raw_data/raw_data_250819_225921_persona497.json,knowledge_query,10,anti_stereotypical_pref,self,Enjoys hosting loud game nights at home,"Prefers quiet, relaxing evenings at home",True,2,val
497,data/raw_data/raw_data_250819_225921_persona497.json,knowledge_query,11,anti_stereotypical_pref,self,Enters amateur car racing events,Does not enter amateur car racing events,True,2,val
497,data/raw_data/raw_data_250819_225921_persona497.json,knowledge_query,12,anti_stereotypical_pref,self,"Prefers abstract, chaotic art styles","Prefers realistic, orderly art styles",True,2,val
497,data/raw_data/raw_data_250819_225921_persona497.json,knowledge_query,13,anti_stereotypical_pref,self,Likes thrift shopping for quirky finds,Prefers buying brand-new mainstream items,True,2,val
497,data/raw_data/raw_data_250819_225921_persona497.json,knowledge_query,14,anti_stereotypical_pref,self,Sings in open mic nights without stage fright,Sings in open mic nights with stage fright,True,4,val
497,data/raw_data/raw_data_250819_225921_persona497.json,knowledge_query,15,anti_stereotypical_pref,self,Adopts an unstructured daily routine on weekends,Follows a structured daily routine on weekends,True,2,val
497,data/raw_data/raw_data_250819_225921_persona497.json,knowledge_query,16,neutral_preferences,self,Enjoys going to the beach on sunny days,Prefers staying indoors on sunny days,True,2,val
497,data/raw_data/raw_data_250819_225921_persona497.json,knowledge_query,17,neutral_preferences,self,Keeps a few indoor houseplants,Does not keep indoor houseplants,True,2,val
497,data/raw_data/raw_data_250819_225921_persona497.json,knowledge_query,18,neutral_preferences,self,Loves traveling to see natural wonders,Dislikes traveling to see natural wonders,True,2,val
497,data/raw_data/raw_data_250819_225921_persona497.json,knowledge_query,19,neutral_preferences,self,Plays casual board games,Plays competitive board games,True,4,val
497,data/raw_data/raw_data_250819_225921_persona497.json,knowledge_query,20,neutral_preferences,self,Keeps a daily gratitude journal,Does not keep a daily gratitude journal,True,4,val
497,data/raw_data/raw_data_250819_225921_persona497.json,knowledge_query,21,neutral_preferences,self,Volunteers for local charity events,Does not volunteer for local charity events,True,4,val
497,data/raw_data/raw_data_250819_225921_persona497.json,knowledge_query,22,neutral_preferences,self,Likes exploring new restaurants,Prefers familiar restaurants,True,2,val
497,data/raw_data/raw_data_250819_225921_persona497.json,knowledge_query,23,neutral_preferences,self,Goes cycling on weekends,Stays home on weekends,True,2,val
497,data/raw_data/raw_data_250819_225921_persona497.json,knowledge_query,24,neutral_preferences,self,Watches documentary films,Watches fictional films,True,4,val
497,data/raw_data/raw_data_250819_225921_persona497.json,knowledge_query,25,neutral_preferences,self,Prefers home-cooked meals with friends,Prefers dining out alone.,True,2,val
497,data/raw_data/raw_data_250819_225921_persona497.json,knowledge_query,28,health_and_medical_conditions,self,Occasional migraine headaches triggered by stress,No migraine headaches regardless of stress levels,True,2,val
497,data/raw_data/raw_data_250819_225921_persona497.json,knowledge_query,34,health_and_medical_conditions,self,Recovering from mild carpal tunnel syndrome in her right wrist,No issues with carpal tunnel syndrome in her right wrist,True,2,val
834,data/raw_data/raw_data_250820_224501_persona834.json,knowledge_query,1,stereotypical_pref,self,Enjoys henna art during festive occasions,Does not enjoy henna art during festive occasions.,True,4,val
834,data/raw_data/raw_data_250820_224501_persona834.json,knowledge_query,2,stereotypical_pref,self,Likes gold jewelry for formal events,Likes silver jewelry for formal events,True,2,val
834,data/raw_data/raw_data_250820_224501_persona834.json,knowledge_query,3,stereotypical_pref,self,Believes in incorporating natural spices into all cooking,Avoids incorporating natural spices into cooking,True,2,val
834,data/raw_data/raw_data_250820_224501_persona834.json,knowledge_query,4,stereotypical_pref,self,Values academic achievement highly,Values academic achievement lowly,True,2,val
834,data/raw_data/raw_data_250820_224501_persona834.json,knowledge_query,5,stereotypical_pref,self,Enjoys sari shopping during visits to India,Does not enjoy sari shopping during visits to India.,True,2,val
834,data/raw_data/raw_data_250820_224501_persona834.json,knowledge_query,6,stereotypical_pref,self,Chooses modest yet elegant attire for work,Chooses bold and glamorous attire for work,True,2,val
834,data/raw_data/raw_data_250820_224501_persona834.json,knowledge_query,7,stereotypical_pref,self,Keeps traditional kitchen utensils like a mortar and pestle,Prefers modern electric kitchen appliances like a blender.,True,2,val
834,data/raw_data/raw_data_250820_224501_persona834.json,knowledge_query,8,stereotypical_pref,self,Reads Indian authors like Arundhati Roy or Jhumpa Lahiri,Reads non-Indian authors unlike Arundhati Roy or Jhumpa Lahiri,True,2,val
834,data/raw_data/raw_data_250820_224501_persona834.json,knowledge_query,9,anti_stereotypical_pref,self,Loves trying Scandinavian pastries and breads,Dislikes trying Scandinavian pastries and breads,True,4,val
834,data/raw_data/raw_data_250820_224501_persona834.json,knowledge_query,10,anti_stereotypical_pref,self,Has a passion for rock climbing,Has no interest in rock climbing,True,4,val
834,data/raw_data/raw_data_250820_224501_persona834.json,knowledge_query,11,anti_stereotypical_pref,self,Enjoys volunteering at animal shelters rather than cultural organizations,Enjoys volunteering at cultural organizations rather than animal shelters.,True,2,val
834,data/raw_data/raw_data_250820_224501_persona834.json,knowledge_query,12,anti_stereotypical_pref,self,Enjoys cooking fusion dishes mixing unrelated cuisines,Prefers traditional dishes from a single cuisine,True,2,val
834,data/raw_data/raw_data_250820_224501_persona834.json,knowledge_query,13,anti_stereotypical_pref,self,Prefers podcasts about urban design in Europe over Bollywood entertainment news,Prefers Bollywood entertainment news over podcasts about urban design in Europe.,True,4,val
834,data/raw_data/raw_data_250820_224501_persona834.json,knowledge_query,14,anti_stereotypical_pref,self,Enjoys sampling street food from Latin America,Avoids sampling street food from Latin America,True,4,val
834,data/raw_data/raw_data_250820_224501_persona834.json,knowledge_query,15,anti_stereotypical_pref,self,Chooses high-performance sneakers over traditional footwear,Chooses traditional footwear over high-performance sneakers,True,2,val
834,data/raw_data/raw_data_250820_224501_persona834.json,knowledge_query,16,anti_stereotypical_pref,self,Follows Formula 1 racing closely,Does not follow Formula 1 racing closely,True,4,val
834,data/raw_data/raw_data_250820_224501_persona834.json,knowledge_query,17,anti_stereotypical_pref,self,"Likes cool, muted color palettes in clothing","Likes warm, vibrant color palettes in clothing",True,4,val
834,data/raw_data/raw_data_250820_224501_persona834.json,knowledge_query,18,anti_stereotypical_pref,self,Enjoys visiting Northern European cities in winter,Enjoys visiting Northern European cities in summer,True,2,val
834,data/raw_data/raw_data_250820_224501_persona834.json,knowledge_query,19,neutral_preferences,self,Prefers comfortable desk chairs for long work sessions,Prefers stylish desk chairs over long-session comfort.,True,4,val
834,data/raw_data/raw_data_250820_224501_persona834.json,knowledge_query,20,neutral_preferences,self,Appreciates well-planned public parks,Dislikes poorly planned public parks,True,4,val
834,data/raw_data/raw_data_250820_224501_persona834.json,knowledge_query,21,neutral_preferences,self,Likes weekend brunch outings,Dislikes weekend brunch outings,True,2,val
834,data/raw_data/raw_data_250820_224501_persona834.json,knowledge_query,22,neutral_preferences,self,Enjoys watching documentaries,Does not enjoy watching documentaries,True,2,val
834,data/raw_data/raw_data_250820_224501_persona834.json,knowledge_query,23,neutral_preferences,self,Values walkable neighborhoods,Values drivable neighborhoods,True,2,val
834,data/raw_data/raw_data_250820_224501_persona834.json,knowledge_query,24,neutral_preferences,self,Appreciates inclusive public art installations,Prefers exclusive private art collections,True,2,val
834,data/raw_data/raw_data_250820_224501_persona834.json,knowledge_query,25,health_and_medical_conditions,self,Mild lactose intolerance,No lactose intolerance,True,2,val
834,data/raw_data/raw_data_250820_224501_persona834.json,knowledge_query,27,health_and_medical_conditions,self,Vitamin D deficiency noted during annual check-ups,Vitamin D levels within normal range during annual check-ups,True,2,val
223,data/raw_data/raw_data_250815_163935_persona223.json,knowledge_query,0,stereotypical_pref,self,Values large family gatherings and extended family connections,"Prefers small, intimate gatherings and minimal extended family interaction.",True,2,val
223,data/raw_data/raw_data_250815_163935_persona223.json,knowledge_query,2,stereotypical_pref,self,Rooting for African athletes in international sports,Rooting for non-African athletes in international sports,True,2,val
223,data/raw_data/raw_data_250815_163935_persona223.json,knowledge_query,3,stereotypical_pref,self,Engages in urban African photography,Engages in rural African photography,True,2,val
223,data/raw_data/raw_data_250815_163935_persona223.json,knowledge_query,4,stereotypical_pref,self,Loves travel within the African continent,Loves travel outside the African continent,True,2,val
223,data/raw_data/raw_data_250815_163935_persona223.json,knowledge_query,5,stereotypical_pref,self,Collects African art pieces,Does not collect African art pieces,True,4,val
223,data/raw_data/raw_data_250815_163935_persona223.json,knowledge_query,6,stereotypical_pref,self,Supports local African entrepreneurs,Does not support local African entrepreneurs,True,2,val
223,data/raw_data/raw_data_250815_163935_persona223.json,knowledge_query,7,anti_stereotypical_pref,self,Attends silent meditation retreats instead of dance events,Attends dance events instead of silent meditation retreats,True,2,val
223,data/raw_data/raw_data_250815_163935_persona223.json,knowledge_query,10,anti_stereotypical_pref,self,"Enjoys mild, subtly flavored dishes","Enjoys bold, strongly flavored dishes",True,2,val
223,data/raw_data/raw_data_250815_163935_persona223.json,knowledge_query,11,anti_stereotypical_pref,self,Watches Nordic noir television dramas,Watches lighthearted romantic comedies,True,2,val
223,data/raw_data/raw_data_250815_163935_persona223.json,knowledge_query,12,anti_stereotypical_pref,self,Favors solo travel to quiet historical towns,Favors group travel to vibrant modern cities,True,2,val
223,data/raw_data/raw_data_250815_163935_persona223.json,knowledge_query,13,anti_stereotypical_pref,self,Collects vintage European cinema posters,Collects modern Asian cinema posters,True,4,val
223,data/raw_data/raw_data_250815_163935_persona223.json,knowledge_query,15,anti_stereotypical_pref,self,Prefers modernist architecture,Prefers traditional architecture,True,4,val
223,data/raw_data/raw_data_250815_163935_persona223.json,knowledge_query,16,anti_stereotypical_pref,self,Enjoys quiet libraries more than bustling markets,Enjoys bustling markets more than quiet libraries.,True,2,val
223,data/raw_data/raw_data_250815_163935_persona223.json,knowledge_query,17,anti_stereotypical_pref,self,Enjoys fine French pastries,Dislikes fine French pastries,True,4,val
223,data/raw_data/raw_data_250815_163935_persona223.json,knowledge_query,18,anti_stereotypical_pref,self,Follows NASA space exploration news,Does not follow NASA space exploration news,True,4,val
223,data/raw_data/raw_data_250815_163935_persona223.json,knowledge_query,19,anti_stereotypical_pref,self,Takes interest in chess tournaments,Does not take interest in chess tournaments,True,2,val
223,data/raw_data/raw_data_250815_163935_persona223.json,knowledge_query,22,neutral_preferences,self,Loves sunsets over natural landscapes,Loves sunrises over urban landscapes,True,2,val
223,data/raw_data/raw_data_250815_163935_persona223.json,knowledge_query,23,neutral_preferences,self,Follows popular streaming series,Does not follow popular streaming series,True,2,val
223,data/raw_data/raw_data_250815_163935_persona223.json,knowledge_query,24,neutral_preferences,self,Keeps a personal journal,Does not keep a personal journal,True,2,val
223,data/raw_data/raw_data_250815_163935_persona223.json,knowledge_query,25,neutral_preferences,self,Attends art exhibitions locally,Attends art exhibitions abroad,True,4,val
223,data/raw_data/raw_data_250815_163935_persona223.json,knowledge_query,26,neutral_preferences,self,Enjoys swimming for exercise,Prefers not to swim for exercise,True,2,val
223,data/raw_data/raw_data_250815_163935_persona223.json,knowledge_query,27,neutral_preferences,self,Enjoys weekend road trips,Prefers staying home on weekends,True,2,val
223,data/raw_data/raw_data_250815_163935_persona223.json,knowledge_query,28,neutral_preferences,self,Keeps a collection of postcards,Does not keep a collection of postcards,True,2,val
223,data/raw_data/raw_data_250815_163935_persona223.json,knowledge_query,30,neutral_preferences,self,Uses fitness tracking devices,Does not use fitness tracking devices,True,4,val
223,data/raw_data/raw_data_250815_163935_persona223.json,knowledge_query,31,neutral_preferences,self,Likes planning travel itineraries,Dislikes planning travel itineraries,True,2,val
223,data/raw_data/raw_data_250815_163935_persona223.json,knowledge_query,32,neutral_preferences,self,Keeps up with tech gadgets,Doesn't keep up with tech gadgets,True,2,val
223,data/raw_data/raw_data_250815_163935_persona223.json,knowledge_query,33,neutral_preferences,self,Plays board games with friends,Plays board games alone,True,2,val
223,data/raw_data/raw_data_250815_163935_persona223.json,knowledge_query,34,neutral_preferences,self,Keeps a neatly organized workspace,Keeps a cluttered workspace,True,4,val
223,data/raw_data/raw_data_250815_163935_persona223.json,knowledge_query,37,health_and_medical_conditions,self,Mild seasonal allergic rhinitis triggered during spring months,No seasonal allergic rhinitis during spring months,True,4,val
223,data/raw_data/raw_data_250815_163935_persona223.json,knowledge_query,38,health_and_medical_conditions,self,"Past ACL knee injury from high school sports, fully recovered but with occasional stiffness","No history of knee injuries, full mobility with no stiffness.",True,2,val
223,data/raw_data/raw_data_250815_163935_persona223.json,knowledge_query,39,health_and_medical_conditions,self,Episodic migraine headaches occurring a few times per year,No history of migraine headaches,True,2,val
796,data/raw_data/raw_data_250820_224501_persona796.json,knowledge_query,0,stereotypical_pref,self,Enjoys gardening with native Malaysian plants like hibiscus,Enjoys gardening with non-native plants instead of Malaysian natives like hibiscus.,True,2,val
796,data/raw_data/raw_data_250820_224501_persona796.json,knowledge_query,2,stereotypical_pref,self,Prefers open-air markets for fresh vegetable shopping,Prefers supermarkets for fresh vegetable shopping,True,2,val
796,data/raw_data/raw_data_250820_224501_persona796.json,knowledge_query,3,stereotypical_pref,self,Uses herbal remedies like lemongrass tea for minor ailments,Relies on conventional medicine for minor ailments.,True,2,val
796,data/raw_data/raw_data_250820_224501_persona796.json,knowledge_query,4,stereotypical_pref,self,"Favors eco-friendly, handmade home décor","Favors mass-produced, conventional home décor",True,2,val
796,data/raw_data/raw_data_250820_224501_persona796.json,knowledge_query,5,stereotypical_pref,self,Follows local soap operas and regional dramas,Follows international series and global dramas,True,4,val
796,data/raw_data/raw_data_250820_224501_persona796.json,knowledge_query,8,stereotypical_pref,self,Enjoys wearing sarong during leisure time at home,Prefers not to wear sarong during leisure time at home.,True,2,val
796,data/raw_data/raw_data_250820_224501_persona796.json,knowledge_query,9,stereotypical_pref,self,Values passing down family recipes to her children,Does not value passing down family recipes to her children,True,4,val
796,data/raw_data/raw_data_250820_224501_persona796.json,knowledge_query,10,stereotypical_pref,self,Prefers walking leisurely in botanical gardens,Prefers brisk hiking in rugged landscapes,True,4,val
796,data/raw_data/raw_data_250820_224501_persona796.json,knowledge_query,11,stereotypical_pref,self,Enjoys preparing festive dishes for Hari Raya,Does not enjoy preparing festive dishes for Hari Raya,True,4,val
796,data/raw_data/raw_data_250820_224501_persona796.json,knowledge_query,12,stereotypical_pref,self,Delights in traditional handmade crafts,Prefers modern machine-made products,True,2,val
796,data/raw_data/raw_data_250820_224501_persona796.json,knowledge_query,13,anti_stereotypical_pref,self,Follows international indie rock and jazz music,Follows mainstream pop and classical music,True,2,val
796,data/raw_data/raw_data_250820_224501_persona796.json,knowledge_query,14,anti_stereotypical_pref,self,Values modern technology-based gardening tools and automation,"Values traditional, manual gardening methods and tools.",True,2,val
796,data/raw_data/raw_data_250820_224501_persona796.json,knowledge_query,15,anti_stereotypical_pref,self,Advocates for urban rooftop farms over large rural plantations,Advocates for large rural plantations over urban rooftop farms,True,2,val
796,data/raw_data/raw_data_250820_224501_persona796.json,knowledge_query,16,anti_stereotypical_pref,self,Keeps a minimalist succulent collection instead of large floral beds,Maintains large floral beds instead of a minimalist succulent collection,True,4,val
796,data/raw_data/raw_data_250820_224501_persona796.json,knowledge_query,19,anti_stereotypical_pref,self,Enjoys experimenting with fusion cuisine from around the world,Prefers traditional dishes from a single cuisine.,True,4,val
796,data/raw_data/raw_data_250820_224501_persona796.json,knowledge_query,20,anti_stereotypical_pref,self,Interested in photography of architecture rather than nature alone,Interested in photography of nature rather than architecture alone.,True,4,val
796,data/raw_data/raw_data_250820_224501_persona796.json,knowledge_query,27,anti_stereotypical_pref,self,Prefers shopping in international department stores when abroad,Prefers shopping in local markets when abroad,True,2,val
796,data/raw_data/raw_data_250820_224501_persona796.json,knowledge_query,28,neutral_preferences,self,Appreciates scenic train journeys,"Prefers faster, non-scenic train travel",True,4,val
796,data/raw_data/raw_data_250820_224501_persona796.json,knowledge_query,29,neutral_preferences,self,Likes exploring new hobbies on weekends,Dislikes exploring new hobbies on weekends,True,2,val
796,data/raw_data/raw_data_250820_224501_persona796.json,knowledge_query,30,neutral_preferences,self,Likes browsing bookstores and libraries,Dislikes browsing bookstores and libraries,True,2,val
796,data/raw_data/raw_data_250820_224501_persona796.json,knowledge_query,31,neutral_preferences,self,Enjoys picnic lunches in quiet parks,Prefers lively restaurant lunches in bustling city areas,True,2,val
796,data/raw_data/raw_data_250820_224501_persona796.json,knowledge_query,32,neutral_preferences,self,Values being punctual for appointments,Doesn't mind being late for appointments,True,2,val
796,data/raw_data/raw_data_250820_224501_persona796.json,knowledge_query,37,health_and_medical_conditions,self,Occasional migraines managed with prescribed medication,No history of migraines.,True,2,val
796,data/raw_data/raw_data_250820_224501_persona796.json,knowledge_query,38,health_and_medical_conditions,self,Family history of hypertension on maternal side,Family history of hypertension on paternal side,True,2,val
796,data/raw_data/raw_data_250820_224501_persona796.json,knowledge_query,39,health_and_medical_conditions,self,Recovering from a minor wrist fracture sustained during a fall,"Currently have strong, healthy wrists with no history of fractures or injury.",True,4,val
220,data/raw_data/raw_data_250815_163935_persona220.json,knowledge_query,0,stereotypical_pref,self,Follows seasonal anime releases closely,Does not follow seasonal anime releases closely,True,4,val
220,data/raw_data/raw_data_250815_163935_persona220.json,knowledge_query,3,stereotypical_pref,self,Enjoys fan-subtitled anime instead of dubbed versions,Enjoys dubbed anime instead of fan-subtitled versions,True,2,val
220,data/raw_data/raw_data_250815_163935_persona220.json,knowledge_query,4,stereotypical_pref,self,Draws chibi-style art for fun,Draws realistic-style art for work,True,2,val
220,data/raw_data/raw_data_250815_163935_persona220.json,knowledge_query,5,stereotypical_pref,self,Enjoys origami as a relaxing hobby,Dislikes origami and finds it stressful.,True,2,val
220,data/raw_data/raw_data_250815_163935_persona220.json,knowledge_query,6,stereotypical_pref,self,Watches cooking shows about Japanese cuisine,Watches cooking shows about non-Japanese cuisine,True,4,val
220,data/raw_data/raw_data_250815_163935_persona220.json,knowledge_query,7,stereotypical_pref,self,Regularly streams anime OSTs while working,Rarely streams anime OSTs while working,True,2,val
220,data/raw_data/raw_data_250815_163935_persona220.json,knowledge_query,8,stereotypical_pref,self,Takes off shoes when entering home,Keeps shoes on when entering home,True,4,val
220,data/raw_data/raw_data_250815_163935_persona220.json,knowledge_query,9,stereotypical_pref,self,Keeps manga neatly organized by genre on shelves,Keeps manga randomly mixed on shelves without regard to genre,True,4,val
220,data/raw_data/raw_data_250815_163935_persona220.json,knowledge_query,10,anti_stereotypical_pref,self,Likes action-heavy Western TV shows,Likes slow-paced Eastern TV shows,True,2,val
220,data/raw_data/raw_data_250815_163935_persona220.json,knowledge_query,12,anti_stereotypical_pref,self,Enjoys DIY furniture building,Dislikes DIY furniture building,True,2,val
220,data/raw_data/raw_data_250815_163935_persona220.json,knowledge_query,14,anti_stereotypical_pref,self,Follows stand-up comedy circuits,Does not follow stand-up comedy circuits,True,2,val
220,data/raw_data/raw_data_250815_163935_persona220.json,knowledge_query,18,anti_stereotypical_pref,self,Watches classic black-and-white Hollywood films,Watches modern color Hollywood films,True,4,val
220,data/raw_data/raw_data_250815_163935_persona220.json,knowledge_query,19,anti_stereotypical_pref,self,Keeps pet reptiles instead of cats or dogs,Keeps cats or dogs instead of pet reptiles,True,2,val
220,data/raw_data/raw_data_250815_163935_persona220.json,knowledge_query,20,anti_stereotypical_pref,self,Follows space exploration news closely,Does not follow space exploration news closely,True,2,val
220,data/raw_data/raw_data_250815_163935_persona220.json,knowledge_query,25,neutral_preferences,self,Enjoys watching documentaries about history,Does not enjoy watching documentaries about history,True,2,val
220,data/raw_data/raw_data_250815_163935_persona220.json,knowledge_query,26,neutral_preferences,self,Loves rainy days for staying indoors to read,Loves sunny days for spending time outdoors,True,4,val
220,data/raw_data/raw_data_250815_163935_persona220.json,knowledge_query,28,neutral_preferences,self,Likes planning travel itineraries in detail,Dislikes planning travel itineraries in detail,True,4,val
220,data/raw_data/raw_data_250815_163935_persona220.json,knowledge_query,29,neutral_preferences,self,Likes baking cookies occasionally,Dislikes baking cookies occasionally,True,4,val
220,data/raw_data/raw_data_250815_163935_persona220.json,knowledge_query,31,neutral_preferences,self,Volunteers at community events sometimes,Does not volunteer at community events,True,2,val
220,data/raw_data/raw_data_250815_163935_persona220.json,knowledge_query,32,neutral_preferences,self,Finds satisfaction in organizing home spaces,Finds satisfaction in a more spontaneous and unstructured home environment,True,4,val
220,data/raw_data/raw_data_250815_163935_persona220.json,knowledge_query,37,health_and_medical_conditions,self,Mild seasonal allergic rhinitis triggered by pollen,No seasonal allergic rhinitis triggered by pollen,True,2,val
220,data/raw_data/raw_data_250815_163935_persona220.json,knowledge_query,38,health_and_medical_conditions,self,History of mild anxiety disorder managed with lifestyle changes,No history of anxiety disorder.,True,2,val
220,data/raw_data/raw_data_250815_163935_persona220.json,knowledge_query,42,health_and_medical_conditions,self,Recovered from appendectomy in late teens,Never had an appendectomy,True,2,val
328,data/raw_data/raw_data_250815_163935_persona328.json,knowledge_query,0,stereotypical_pref,self,Values educational success for her children,Does not value educational success for her children,True,6,test
328,data/raw_data/raw_data_250815_163935_persona328.json,knowledge_query,1,stereotypical_pref,self,Takes annual trips to East Asia for both leisure and business,Does not take annual trips to East Asia for either leisure or business.,True,4,test
328,data/raw_data/raw_data_250815_163935_persona328.json,knowledge_query,2,stereotypical_pref,self,Enjoys art galleries and design exhibitions,Does not enjoy art galleries and design exhibitions.,True,4,test
328,data/raw_data/raw_data_250815_163935_persona328.json,knowledge_query,3,stereotypical_pref,self,Speaks conversational Mandarin,Does not speak conversational Mandarin,True,2,test
328,data/raw_data/raw_data_250815_163935_persona328.json,knowledge_query,4,stereotypical_pref,self,Attends children’s extracurricular performances,Does not attend children’s extracurricular performances,True,4,test
328,data/raw_data/raw_data_250815_163935_persona328.json,knowledge_query,5,stereotypical_pref,self,Enjoys Michelin-starred dining experiences,"Prefers casual, budget-friendly dining experiences",True,2,test
328,data/raw_data/raw_data_250815_163935_persona328.json,knowledge_query,6,anti_stereotypical_pref,self,Has a passion for gardening and homegrown vegetables,Has no interest in gardening or homegrown vegetables,True,2,test
328,data/raw_data/raw_data_250815_163935_persona328.json,knowledge_query,7,anti_stereotypical_pref,self,Prefers secondhand bookstores over bestseller lists,Prefers bestseller lists over secondhand bookstores,True,2,test
328,data/raw_data/raw_data_250815_163935_persona328.json,knowledge_query,9,anti_stereotypical_pref,self,Prefers hearty rustic meals like stews,"Prefers light, delicate meals like salads",True,2,test
328,data/raw_data/raw_data_250815_163935_persona328.json,knowledge_query,12,anti_stereotypical_pref,self,Collects vintage board games,Does not collect vintage board games,True,2,test
328,data/raw_data/raw_data_250815_163935_persona328.json,knowledge_query,13,anti_stereotypical_pref,self,Listens to retro rock music,Listens to modern pop music,True,2,test
328,data/raw_data/raw_data_250815_163935_persona328.json,knowledge_query,16,anti_stereotypical_pref,self,Enjoys exploring ghost towns,Enjoys exploring vibrant cities,True,2,test
328,data/raw_data/raw_data_250815_163935_persona328.json,knowledge_query,17,anti_stereotypical_pref,self,Swaps clothes with friends instead of frequent designer shopping,Frequently shops for designer clothes instead of swapping with friends.,True,2,test
328,data/raw_data/raw_data_250815_163935_persona328.json,knowledge_query,18,anti_stereotypical_pref,self,Uses a basic feature phone while traveling for simplicity,Uses a smartphone with advanced features while traveling for convenience,True,2,test
328,data/raw_data/raw_data_250815_163935_persona328.json,knowledge_query,19,anti_stereotypical_pref,self,Prefers public transport when commuting downtown,Prefers driving when commuting downtown,True,2,test
328,data/raw_data/raw_data_250815_163935_persona328.json,knowledge_query,20,anti_stereotypical_pref,self,"Loves unpolished, small family-run eateries","Prefers upscale, polished fine-dining restaurants",True,4,test
328,data/raw_data/raw_data_250815_163935_persona328.json,knowledge_query,21,neutral_preferences,self,Appreciates live music of various genres,Does not appreciate live music of various genres,True,2,test
328,data/raw_data/raw_data_250815_163935_persona328.json,knowledge_query,24,neutral_preferences,self,Enjoys moderate running or jogging,Prefers to avoid running or jogging,True,2,test
328,data/raw_data/raw_data_250815_163935_persona328.json,knowledge_query,27,neutral_preferences,self,Skips breakfast sometimes,Eats breakfast regularly,True,2,test
328,data/raw_data/raw_data_250815_163935_persona328.json,knowledge_query,30,neutral_preferences,self,Keeps a balanced diet,Follows an unbalanced diet,True,4,test
44,data/raw_data/raw_data_250815_163935_persona44.json,knowledge_query,0,stereotypical_pref,self,Drawn to music with poetic or socially conscious lyrics,"Drawn to music with fun, lighthearted, or purely entertaining lyrics",True,4,test
44,data/raw_data/raw_data_250815_163935_persona44.json,knowledge_query,1,stereotypical_pref,self,Engages in community events with immigrant or diaspora themes,Does not engage in community events with immigrant or diaspora themes,True,4,test
44,data/raw_data/raw_data_250815_163935_persona44.json,knowledge_query,2,stereotypical_pref,self,"Enjoys spices like cumin, coriander, and saffron in cooking","Prefers to avoid spices like cumin, coriander, and saffron in cooking.",True,2,test
44,data/raw_data/raw_data_250815_163935_persona44.json,knowledge_query,3,stereotypical_pref,self,Participates in Ramadan social dinners with friends/family,Does not participate in Ramadan social dinners with friends/family.,True,2,test
44,data/raw_data/raw_data_250815_163935_persona44.json,knowledge_query,6,stereotypical_pref,self,Wears culturally inspired accessories at times,Does not wear culturally inspired accessories.,True,2,test
44,data/raw_data/raw_data_250815_163935_persona44.json,knowledge_query,7,anti_stereotypical_pref,self,Enjoys indie folk music alongside hip-hop,Dislikes indie folk music and hip-hop,True,4,test
44,data/raw_data/raw_data_250815_163935_persona44.json,knowledge_query,9,anti_stereotypical_pref,self,Collects electronic ambient playlists,Does not collect electronic ambient playlists,True,2,test
44,data/raw_data/raw_data_250815_163935_persona44.json,knowledge_query,10,anti_stereotypical_pref,self,Attends art museums more than music festivals,Attends music festivals more than art museums,True,2,test
44,data/raw_data/raw_data_250815_163935_persona44.json,knowledge_query,11,anti_stereotypical_pref,self,Enjoys herbal teas more than strong espresso at times,Enjoys strong espresso more than herbal teas at times.,True,4,test
44,data/raw_data/raw_data_250815_163935_persona44.json,knowledge_query,12,anti_stereotypical_pref,self,Prefers literature over spoken word performance,Prefers spoken word performance over literature,True,4,test
44,data/raw_data/raw_data_250815_163935_persona44.json,knowledge_query,13,anti_stereotypical_pref,self,Joins meditation groups,Doesn't join meditation groups,True,2,test
44,data/raw_data/raw_data_250815_163935_persona44.json,knowledge_query,20,neutral_preferences,self,Carries a reusable water bottle,Does not carry a reusable water bottle,True,2,test
44,data/raw_data/raw_data_250815_163935_persona44.json,knowledge_query,21,neutral_preferences,self,Uses music streaming apps daily,Does not use music streaming apps daily,True,2,test
44,data/raw_data/raw_data_250815_163935_persona44.json,knowledge_query,22,neutral_preferences,self,Values punctuality,Values flexibility,True,4,test
44,data/raw_data/raw_data_250815_163935_persona44.json,knowledge_query,23,neutral_preferences,self,Enjoys watching sunsets,Dislikes watching sunsets,True,2,test
44,data/raw_data/raw_data_250815_163935_persona44.json,knowledge_query,24,neutral_preferences,self,Keeps indoor plants,Does not keep indoor plants,True,2,test
44,data/raw_data/raw_data_250815_163935_persona44.json,knowledge_query,27,neutral_preferences,self,Keeps a well-organized workspace,Keeps a cluttered workspace,True,2,test
44,data/raw_data/raw_data_250815_163935_persona44.json,knowledge_query,28,neutral_preferences,self,Uses note-taking apps,Does not use note-taking apps,True,4,test
44,data/raw_data/raw_data_250815_163935_persona44.json,knowledge_query,29,neutral_preferences,self,Enjoys casual bike rides,Prefers not to bike ride casually,True,4,test
44,data/raw_data/raw_data_250815_163935_persona44.json,knowledge_query,30,neutral_preferences,self,Works on small creative projects in free time,Prefers not to work on small creative projects in free time.,True,2,test
44,data/raw_data/raw_data_250815_163935_persona44.json,knowledge_query,31,neutral_preferences,self,Enjoys iced drinks on hot days,Prefers hot drinks on cold days,True,4,test
44,data/raw_data/raw_data_250815_163935_persona44.json,knowledge_query,34,health_and_medical_conditions,self,History of a minor wrist fracture from a skateboarding accident,No history of wrist fracture from a skateboarding accident,True,2,test
44,data/raw_data/raw_data_250815_163935_persona44.json,knowledge_query,35,health_and_medical_conditions,self,Past episode of gastritis during a stressful work period,No history of gastritis during stressful work periods.,True,2,test
44,data/raw_data/raw_data_250815_163935_persona44.json,knowledge_query,36,health_and_medical_conditions,self,Occasional insomnia related to irregular work shifts,Regular sleep patterns with consistent work shifts,True,2,test
499,data/raw_data/raw_data_250819_225921_persona499.json,knowledge_query,0,stereotypical_pref,self,Reads Indian authors writing in English and Hindi,Reads non-Indian authors writing in languages other than English and Hindi,True,2,test
499,data/raw_data/raw_data_250819_225921_persona499.json,knowledge_query,1,anti_stereotypical_pref,self,Prefers indie art-house films over Bollywood blockbusters,Prefers Bollywood blockbusters over indie art-house films.,True,2,test
499,data/raw_data/raw_data_250819_225921_persona499.json,knowledge_query,5,anti_stereotypical_pref,self,Favors global luxury clothing brands,Favors local non-luxury clothing brands,True,2,test
499,data/raw_data/raw_data_250819_225921_persona499.json,knowledge_query,6,anti_stereotypical_pref,self,Decorates without visible religious or spiritual symbols,Decorates with visible religious or spiritual symbols,True,2,test
499,data/raw_data/raw_data_250819_225921_persona499.json,knowledge_query,7,anti_stereotypical_pref,self,Imports specific rare design tools and materials,Sources common design tools and materials locally,True,4,test
499,data/raw_data/raw_data_250819_225921_persona499.json,knowledge_query,10,neutral_preferences,self,Loves the scent of freshly baked bread,Dislikes the scent of freshly baked bread,True,4,test
499,data/raw_data/raw_data_250819_225921_persona499.json,knowledge_query,13,neutral_preferences,self,Appreciates unusual building facades,Prefers conventional building facades,True,2,test
499,data/raw_data/raw_data_250819_225921_persona499.json,knowledge_query,14,health_and_medical_conditions,self,History of gallbladder removal surgery in his late 30s,No history of gallbladder removal surgery in his late 30s,True,2,test
499,data/raw_data/raw_data_250819_225921_persona499.json,knowledge_query,15,health_and_medical_conditions,self,Minor hearing reduction in one ear from past noise exposure,Normal hearing in both ears,True,2,test
451,data/raw_data/raw_data_250818_011555_persona451.json,knowledge_query,0,stereotypical_pref,self,Enjoys sushi and sashimi at traditional Japanese restaurants,Dislikes sushi and sashimi at traditional Japanese restaurants.,True,4,test
451,data/raw_data/raw_data_250818_011555_persona451.json,knowledge_query,1,stereotypical_pref,self,Has a deep respect for family traditions and elders,Has little regard for family traditions and elders.,True,2,test
451,data/raw_data/raw_data_250818_011555_persona451.json,knowledge_query,4,stereotypical_pref,self,Owns high-quality camera gear for photography,Does not own high-quality camera gear for photography,True,4,test
451,data/raw_data/raw_data_250818_011555_persona451.json,knowledge_query,6,stereotypical_pref,self,Enjoys calligraphy as a cultural art form,Does not enjoy calligraphy as a cultural art form.,True,2,test
451,data/raw_data/raw_data_250818_011555_persona451.json,knowledge_query,7,stereotypical_pref,self,Practices bonsai cultivation,Does not practice bonsai cultivation,True,2,test
451,data/raw_data/raw_data_250818_011555_persona451.json,knowledge_query,8,anti_stereotypical_pref,self,Is spontaneous in making travel plans without detailed itineraries,Prefers making travel plans with detailed itineraries.,True,2,test
451,data/raw_data/raw_data_250818_011555_persona451.json,knowledge_query,9,anti_stereotypical_pref,self,"Prefers bold, maximalist interior design styles","Prefers minimalist, understated interior design styles",True,2,test
451,data/raw_data/raw_data_250818_011555_persona451.json,knowledge_query,10,anti_stereotypical_pref,self,Is fascinated by graffiti and street art,Is not interested in graffiti and street art,True,4,test
451,data/raw_data/raw_data_250818_011555_persona451.json,knowledge_query,12,anti_stereotypical_pref,self,Enjoys spicy Tex-Mex cuisine,Prefers mild Tex-Mex cuisine,True,2,test
451,data/raw_data/raw_data_250818_011555_persona451.json,knowledge_query,15,anti_stereotypical_pref,self,Rides a motorcycle on weekends,Does not ride a motorcycle on weekends,True,2,test
451,data/raw_data/raw_data_250818_011555_persona451.json,knowledge_query,16,anti_stereotypical_pref,self,Repurposes found objects for music or art,"Uses only new, purpose-made materials for music or art",True,2,test
451,data/raw_data/raw_data_250818_011555_persona451.json,knowledge_query,17,anti_stereotypical_pref,self,Enjoys crowd surfing at rock shows,Prefers avoiding crowds at concerts,True,4,test
451,data/raw_data/raw_data_250818_011555_persona451.json,knowledge_query,18,neutral_preferences,self,Enjoys reading historical non-fiction,Enjoys reading historical fiction,True,2,test
451,data/raw_data/raw_data_250818_011555_persona451.json,knowledge_query,19,neutral_preferences,self,Likes walking in the park on weekends,Dislikes walking in the park on weekends,True,2,test
451,data/raw_data/raw_data_250818_011555_persona451.json,knowledge_query,20,neutral_preferences,self,Enjoys cooking pasta dishes,Dislikes cooking pasta dishes,True,2,test
451,data/raw_data/raw_data_250818_011555_persona451.json,knowledge_query,22,neutral_preferences,self,Saves photos from family events,Does not save photos from family events,True,2,test
451,data/raw_data/raw_data_250818_011555_persona451.json,knowledge_query,23,neutral_preferences,self,Keeps indoor plants at home,Does not keep indoor plants at home,True,4,test
451,data/raw_data/raw_data_250818_011555_persona451.json,knowledge_query,24,neutral_preferences,self,Enjoys going to the farmers’ market,Does not enjoy going to the farmers’ market,True,4,test
451,data/raw_data/raw_data_250818_011555_persona451.json,knowledge_query,25,neutral_preferences,self,Writes in a personal journal,Shares publicly online,True,2,test
451,data/raw_data/raw_data_250818_011555_persona451.json,knowledge_query,26,neutral_preferences,self,Enjoys making homemade pizza,Prefers not to make homemade pizza,True,2,test
451,data/raw_data/raw_data_250818_011555_persona451.json,knowledge_query,31,neutral_preferences,self,Likes to light a candle when relaxing,Does not like to light a candle when relaxing,True,4,test
451,data/raw_data/raw_data_250818_011555_persona451.json,knowledge_query,32,health_and_medical_conditions,self,Borderline high cholesterol detected during routine screening,Normal cholesterol levels detected during routine screening,True,2,test
973,data/raw_data/raw_data_250826_131038_persona973.json,knowledge_query,2,stereotypical_pref,self,Participates in church community events regularly,Does not participate in church community events regularly,True,4,test
973,data/raw_data/raw_data_250826_131038_persona973.json,knowledge_query,3,stereotypical_pref,self,Supports local Latino-owned businesses,Does not support local Latino-owned businesses,True,4,test
973,data/raw_data/raw_data_250826_131038_persona973.json,knowledge_query,4,stereotypical_pref,self,"Enjoys spicy, home-cooked meals","Prefers mild, restaurant-prepared meals",True,4,test
973,data/raw_data/raw_data_250826_131038_persona973.json,knowledge_query,5,stereotypical_pref,self,Favors Latin dance styles like salsa and merengue,Favors non-Latin dance styles like waltz and tango,True,4,test
973,data/raw_data/raw_data_250826_131038_persona973.json,knowledge_query,6,stereotypical_pref,self,Collects handmade pottery from Mexico,Does not collect handmade pottery from Mexico,True,4,test
973,data/raw_data/raw_data_250826_131038_persona973.json,knowledge_query,7,stereotypical_pref,self,Has a strong sense of loyalty to her community,Has little sense of loyalty to her community,True,2,test
973,data/raw_data/raw_data_250826_131038_persona973.json,knowledge_query,8,stereotypical_pref,self,Believes in the importance of keeping cultural traditions alive,Believes cultural traditions are not important to maintain,True,2,test
973,data/raw_data/raw_data_250826_131038_persona973.json,knowledge_query,10,stereotypical_pref,self,Loves sharing meals with large groups,Prefers eating alone,True,2,test
973,data/raw_data/raw_data_250826_131038_persona973.json,knowledge_query,13,stereotypical_pref,self,Enjoys roadside taco stands,Does not enjoy roadside taco stands,True,2,test
973,data/raw_data/raw_data_250826_131038_persona973.json,knowledge_query,14,anti_stereotypical_pref,self,Enjoys experimenting with vegan recipes,Enjoys cooking with meat and animal products,True,2,test
973,data/raw_data/raw_data_250826_131038_persona973.json,knowledge_query,16,anti_stereotypical_pref,self,Uses meditation apps daily,Does not use meditation apps daily,True,2,test
973,data/raw_data/raw_data_250826_131038_persona973.json,knowledge_query,17,anti_stereotypical_pref,self,Loves hiking in quiet forests,Loves hiking in bustling city parks,True,4,test
973,data/raw_data/raw_data_250826_131038_persona973.json,knowledge_query,18,anti_stereotypical_pref,self,Learns basic phrases from unfamiliar languages,Avoids learning phrases from unfamiliar languages,True,2,test
973,data/raw_data/raw_data_250826_131038_persona973.json,knowledge_query,19,anti_stereotypical_pref,self,Enjoys Japanese calligraphy as a hobby,Does not enjoy Japanese calligraphy as a hobby,True,2,test
973,data/raw_data/raw_data_250826_131038_persona973.json,knowledge_query,20,anti_stereotypical_pref,self,Travels to nontraditional vacation spots like Iceland,Travels to traditional vacation spots like tropical beaches.,True,4,test
973,data/raw_data/raw_data_250826_131038_persona973.json,knowledge_query,21,anti_stereotypical_pref,self,Has interest in high-tech gadgets,Has no interest in high-tech gadgets,True,2,test
973,data/raw_data/raw_data_250826_131038_persona973.json,knowledge_query,23,neutral_preferences,self,Loves dogs and cats equally,Prefers neither dogs nor cats,True,2,test
973,data/raw_data/raw_data_250826_131038_persona973.json,knowledge_query,29,neutral_preferences,self,Follows a regular exercise routine,Does not follow a regular exercise routine,True,2,test
973,data/raw_data/raw_data_250826_131038_persona973.json,knowledge_query,30,neutral_preferences,self,Keeps up with current events through online news,Keeps up with current events through print newspapers.,True,2,test
973,data/raw_data/raw_data_250826_131038_persona973.json,knowledge_query,31,neutral_preferences,self,Finds comfort in knitting scarves,Finds comfort in avoiding knitting scarves,True,4,test
973,data/raw_data/raw_data_250826_131038_persona973.json,knowledge_query,32,neutral_preferences,self,Keeps a gratitude journal,Does not keep a gratitude journal,True,2,test
973,data/raw_data/raw_data_250826_131038_persona973.json,knowledge_query,33,neutral_preferences,self,Appreciates good storytelling in books and films,Does not appreciate storytelling in books and films,True,2,test
973,data/raw_data/raw_data_250826_131038_persona973.json,knowledge_query,34,neutral_preferences,self,Enjoys simple weekend getaways,Prefers extended adventurous trips,True,4,test
973,data/raw_data/raw_data_250826_131038_persona973.json,knowledge_query,37,health_and_medical_conditions,self,Occasional migraines triggered by stress,"No history of migraines, even under stress",True,4,test
973,data/raw_data/raw_data_250826_131038_persona973.json,knowledge_query,38,health_and_medical_conditions,self,Mild lactose intolerance,No lactose intolerance,True,4,test
787,data/raw_data/raw_data_250820_224501_persona787.json,knowledge_query,0,stereotypical_pref,self,Enjoys Sunday family dinners with pasta and homemade sauce,Prefers to skip Sunday family dinners and avoid pasta and homemade sauce.,True,2,test
787,data/raw_data/raw_data_250820_224501_persona787.json,knowledge_query,1,stereotypical_pref,self,"Collects sports memorabilia, especially baseball cards","Does not collect sports memorabilia, especially baseball cards.",True,2,test
787,data/raw_data/raw_data_250820_224501_persona787.json,knowledge_query,2,stereotypical_pref,self,Values hard work and perseverance in career and personal life,Values ease and enjoying the moment over hard work and perseverance in career and personal life.,True,2,test
787,data/raw_data/raw_data_250820_224501_persona787.json,knowledge_query,3,stereotypical_pref,self,Feels nostalgia for her childhood in Georgia,Does not feel nostalgia for her childhood in Georgia,True,4,test
787,data/raw_data/raw_data_250820_224501_persona787.json,knowledge_query,4,stereotypical_pref,self,Participates in local charity events,Does not participate in local charity events,True,2,test
787,data/raw_data/raw_data_250820_224501_persona787.json,knowledge_query,5,stereotypical_pref,self,Keeps traditions from both Southern U.S. and Italian heritage,"Blends modern influences, avoiding Southern U.S. and Italian traditions",True,2,test
787,data/raw_data/raw_data_250820_224501_persona787.json,knowledge_query,6,anti_stereotypical_pref,self,"Is interested in experimental, avant-garde music","Is interested in traditional, mainstream music",True,4,test
787,data/raw_data/raw_data_250820_224501_persona787.json,knowledge_query,9,anti_stereotypical_pref,self,Is a devoted fan of indie video games,Is not interested in indie video games,True,2,test
787,data/raw_data/raw_data_250820_224501_persona787.json,knowledge_query,10,anti_stereotypical_pref,self,Prefers urban exploration in big metropolitan cities,Prefers nature exploration in rural and remote areas,True,4,test
787,data/raw_data/raw_data_250820_224501_persona787.json,knowledge_query,11,anti_stereotypical_pref,self,Frequently listens to Korean pop music,Rarely listens to Korean pop music,True,2,test
787,data/raw_data/raw_data_250820_224501_persona787.json,knowledge_query,16,anti_stereotypical_pref,self,Is learning Japanese for cultural interest,Is learning Japanese for practical purposes,True,4,test
787,data/raw_data/raw_data_250820_224501_persona787.json,knowledge_query,17,neutral_preferences,self,Enjoys watching sunsets,Enjoys watching sunrises,True,2,test
787,data/raw_data/raw_data_250820_224501_persona787.json,knowledge_query,18,neutral_preferences,self,Appreciates handmade crafts and pottery,Prefers mass-produced and factory-made items,True,4,test
787,data/raw_data/raw_data_250820_224501_persona787.json,knowledge_query,19,neutral_preferences,self,Watches nature documentaries,Does not watch nature documentaries,True,2,test
787,data/raw_data/raw_data_250820_224501_persona787.json,knowledge_query,20,neutral_preferences,self,Enjoys walking in the park after work,Dislikes walking in the park after work,True,2,test
787,data/raw_data/raw_data_250820_224501_persona787.json,knowledge_query,21,neutral_preferences,self,Has an interest in learning new cooking techniques,Has no interest in learning new cooking techniques,True,2,test
787,data/raw_data/raw_data_250820_224501_persona787.json,knowledge_query,22,neutral_preferences,self,Enjoys puzzles and crosswords,Dislikes puzzles and crosswords,True,2,test
787,data/raw_data/raw_data_250820_224501_persona787.json,knowledge_query,23,neutral_preferences,self,Attends occasional live concerts,Does not attend live concerts,True,4,test
787,data/raw_data/raw_data_250820_224501_persona787.json,knowledge_query,24,neutral_preferences,self,Likes visiting historical landmarks while traveling,Dislikes visiting historical landmarks while traveling,True,2,test
787,data/raw_data/raw_data_250820_224501_persona787.json,knowledge_query,29,neutral_preferences,self,Enjoys seasonal decorations at home,Does not enjoy seasonal decorations at home,True,4,test
787,data/raw_data/raw_data_250820_224501_persona787.json,knowledge_query,30,neutral_preferences,self,Keeps a comfortable home reading nook,"Keeps an unadorned, minimal home space",True,2,test
787,data/raw_data/raw_data_250820_224501_persona787.json,knowledge_query,31,health_and_medical_conditions,self,Mild seasonal allergies to pollen,No allergies to pollen,True,2,test
787,data/raw_data/raw_data_250820_224501_persona787.json,knowledge_query,32,health_and_medical_conditions,self,Occasional lower back pain from an old sports-related strain,No history of lower back pain or injuries.,True,2,test
787,data/raw_data/raw_data_250820_224501_persona787.json,knowledge_query,33,health_and_medical_conditions,self,"History of mild asthma during childhood, now well-controlled",No history of asthma.,True,2,test
787,data/raw_data/raw_data_250820_224501_persona787.json,knowledge_query,34,health_and_medical_conditions,self,Surgical removal of appendix at age 16,No surgical removal of appendix at age 16,True,2,test
787,data/raw_data/raw_data_250820_224501_persona787.json,knowledge_query,35,health_and_medical_conditions,self,Family history of type 2 diabetes on maternal side,No family history of type 2 diabetes on maternal side,True,2,test
787,data/raw_data/raw_data_250820_224501_persona787.json,knowledge_query,36,health_and_medical_conditions,self,Occasional acid reflux episodes after large meals,No acid reflux episodes after large meals,True,2,test
822,data/raw_data/raw_data_250820_224501_persona822.json,knowledge_query,0,stereotypical_pref,self,Enjoys bubble tea with creative toppings,Dislikes bubble tea with creative toppings,True,2,test
822,data/raw_data/raw_data_250820_224501_persona822.json,knowledge_query,1,stereotypical_pref,self,Values advanced technical skills and constant self-education,Values basic practical skills and stability over continual learning.,True,2,test
822,data/raw_data/raw_data_250820_224501_persona822.json,knowledge_query,6,stereotypical_pref,self,Enjoys karaoke with friends,Prefers not to do karaoke with friends,True,4,test
822,data/raw_data/raw_data_250820_224501_persona822.json,knowledge_query,7,stereotypical_pref,self,Enjoys traveling to East Asian countries for vacation,Prefers not to travel to East Asian countries for vacation.,True,4,test
822,data/raw_data/raw_data_250820_224501_persona822.json,knowledge_query,9,stereotypical_pref,self,Enjoys complex puzzle-based games,"Prefers simple, casual games",True,2,test
822,data/raw_data/raw_data_250820_224501_persona822.json,knowledge_query,10,stereotypical_pref,self,Likes high-quality photography gear,Dislikes high-quality photography gear,True,2,test
822,data/raw_data/raw_data_250820_224501_persona822.json,knowledge_query,11,stereotypical_pref,self,Has an affinity for anime art styles,Does not have an affinity for anime art styles,True,4,test
822,data/raw_data/raw_data_250820_224501_persona822.json,knowledge_query,12,stereotypical_pref,self,Enjoys gardening small ornamental plants,Enjoys gardening large functional plants,True,2,test
822,data/raw_data/raw_data_250820_224501_persona822.json,knowledge_query,22,anti_stereotypical_pref,self,Drinks black coffee without sugar or milk,Drinks coffee with sugar and milk,True,4,test
822,data/raw_data/raw_data_250820_224501_persona822.json,knowledge_query,23,anti_stereotypical_pref,self,Collects vintage leather-bound books,Does not collect vintage leather-bound books,True,2,test
822,data/raw_data/raw_data_250820_224501_persona822.json,knowledge_query,24,anti_stereotypical_pref,self,Participates in local motorsports events,Does not participate in local motorsports events,True,2,test
822,data/raw_data/raw_data_250820_224501_persona822.json,knowledge_query,25,anti_stereotypical_pref,self,Loves stand-up comedy shows,Dislikes stand-up comedy shows,True,2,test
822,data/raw_data/raw_data_250820_224501_persona822.json,knowledge_query,26,anti_stereotypical_pref,self,Favors rough sketching over formal art techniques,Favors formal art techniques over rough sketching,True,2,test
822,data/raw_data/raw_data_250820_224501_persona822.json,knowledge_query,27,anti_stereotypical_pref,self,Listens to country music playlists,Listens to non-country music playlists,True,2,test
822,data/raw_data/raw_data_250820_224501_persona822.json,knowledge_query,28,anti_stereotypical_pref,self,Enjoys downhill mountain biking,Enjoys cross-country mountain biking,True,2,test
822,data/raw_data/raw_data_250820_224501_persona822.json,knowledge_query,29,anti_stereotypical_pref,self,Likes spicy Tex-Mex street food,Dislikes spicy Tex-Mex street food,True,4,test
822,data/raw_data/raw_data_250820_224501_persona822.json,knowledge_query,33,anti_stereotypical_pref,self,Spends weekends at outdoor music festivals,Spends weekends relaxing at home.,True,4,test
822,data/raw_data/raw_data_250820_224501_persona822.json,knowledge_query,35,anti_stereotypical_pref,self,Loves snowboarding during winter holidays,Hates snowboarding during winter holidays,True,2,test
822,data/raw_data/raw_data_250820_224501_persona822.json,knowledge_query,36,neutral_preferences,self,Keeps a daily gratitude journal,Does not keep a daily gratitude journal,True,4,test
822,data/raw_data/raw_data_250820_224501_persona822.json,knowledge_query,37,neutral_preferences,self,Likes taking evening walks for relaxation,Dislikes taking evening walks for relaxation,True,2,test
822,data/raw_data/raw_data_250820_224501_persona822.json,knowledge_query,40,neutral_preferences,self,Attends weekly yoga classes,Does not attend weekly yoga classes,True,2,test
822,data/raw_data/raw_data_250820_224501_persona822.json,knowledge_query,41,neutral_preferences,self,Enjoys swimming during summer,Enjoys avoiding swimming during summer,True,4,test
822,data/raw_data/raw_data_250820_224501_persona822.json,knowledge_query,42,neutral_preferences,self,Likes baking cookies during holidays,Dislikes baking cookies during holidays,True,2,test
822,data/raw_data/raw_data_250820_224501_persona822.json,knowledge_query,43,neutral_preferences,self,Likes visiting science museums,Dislikes visiting science museums,True,2,test
822,data/raw_data/raw_data_250820_224501_persona822.json,knowledge_query,46,health_and_medical_conditions,self,Mild lactose intolerance managed through diet adjustments,No lactose intolerance and no dietary restrictions related to dairy,True,2,test
822,data/raw_data/raw_data_250820_224501_persona822.json,knowledge_query,47,health_and_medical_conditions,self,Mild myopia requiring prescription glasses for computer use,No vision correction needed for computer use,True,2,test
822,data/raw_data/raw_data_250820_224501_persona822.json,knowledge_query,48,health_and_medical_conditions,self,Occasional episodes of insomnia during high-stress work periods,"Consistently able to maintain regular, restful sleep even during high-stress work periods.",True,2,test
822,data/raw_data/raw_data_250820_224501_persona822.json,knowledge_query,49,health_and_medical_conditions,self,History of mild eczema flare-ups triggered by cold weather,History of mild eczema flare-ups triggered by hot weather,True,2,test
822,data/raw_data/raw_data_250820_224501_persona822.json,knowledge_query,50,health_and_medical_conditions,self,Completed LASIK eye surgery five years ago with successful results,Never had LASIK eye surgery.,True,2,test
549,data/raw_data/raw_data_250819_225921_persona549.json,knowledge_query,0,stereotypical_pref,self,Enjoys traditional Mexican cuisine such as enchiladas and tamales,Dislikes traditional Mexican cuisine such as enchiladas and tamales.,True,2,test
549,data/raw_data/raw_data_250819_225921_persona549.json,knowledge_query,1,stereotypical_pref,self,Attends colorful community festivals and parades,Avoids colorful community festivals and parades,True,2,test
549,data/raw_data/raw_data_250819_225921_persona549.json,knowledge_query,2,stereotypical_pref,self,"Prefers small, family-owned restaurants over large chains","Prefers large chains over small, family-owned restaurants.",True,2,test
549,data/raw_data/raw_data_250819_225921_persona549.json,knowledge_query,3,stereotypical_pref,self,Likes warm climate vacations to Mexico or Latin America,Likes cold climate vacations to Canada or Northern Europe,True,2,test
549,data/raw_data/raw_data_250819_225921_persona549.json,knowledge_query,4,stereotypical_pref,self,"Enjoys vibrant, patterned clothing and textiles","Prefers simple, solid-colored clothing and textiles",True,4,test
549,data/raw_data/raw_data_250819_225921_persona549.json,knowledge_query,5,stereotypical_pref,self,Believes strongly in close-knit family support systems,Believes strongly in independence over close family reliance,True,2,test
549,data/raw_data/raw_data_250819_225921_persona549.json,knowledge_query,6,stereotypical_pref,self,Enjoys storytelling about family history,Dislikes storytelling about family history,True,2,test
549,data/raw_data/raw_data_250819_225921_persona549.json,knowledge_query,7,stereotypical_pref,self,Listens to Spanish-language news and radio,Listens to English-language news and radio,True,2,test
549,data/raw_data/raw_data_250819_225921_persona549.json,knowledge_query,8,anti_stereotypical_pref,self,Watches Scandinavian noir TV series in her free time,Does not watch Scandinavian noir TV series in her free time.,True,2,test
549,data/raw_data/raw_data_250819_225921_persona549.json,knowledge_query,9,anti_stereotypical_pref,self,Loves skiing trips to the Rockies,Dislikes skiing trips to the Rockies,True,4,test
549,data/raw_data/raw_data_250819_225921_persona549.json,knowledge_query,10,anti_stereotypical_pref,self,Prefers herbal teas from East Asia over coffee,Prefers coffee over herbal teas from East Asia.,True,4,test
549,data/raw_data/raw_data_250819_225921_persona549.json,knowledge_query,11,anti_stereotypical_pref,self,Is an avid fan of British period dramas,Is not a fan of British period dramas,True,4,test
549,data/raw_data/raw_data_250819_225921_persona549.json,knowledge_query,12,anti_stereotypical_pref,self,Enjoys abstract modernist architecture,Enjoys traditional classical architecture,True,4,test
549,data/raw_data/raw_data_250819_225921_persona549.json,knowledge_query,16,anti_stereotypical_pref,self,Enjoys visiting Arctic research stations,Enjoys visiting tropical research stations,True,2,test
549,data/raw_data/raw_data_250819_225921_persona549.json,knowledge_query,17,anti_stereotypical_pref,self,Uses Japanese knives and cookware in the kitchen,Uses Western knives and cookware in the kitchen,True,4,test
549,data/raw_data/raw_data_250819_225921_persona549.json,knowledge_query,20,anti_stereotypical_pref,self,Prefers quiet countryside retreats over bustling cities,Prefers bustling cities over quiet countryside retreats,True,4,test
549,data/raw_data/raw_data_250819_225921_persona549.json,knowledge_query,21,anti_stereotypical_pref,self,Has a passion for bonsai cultivation,Has no interest in bonsai cultivation,True,4,test
549,data/raw_data/raw_data_250819_225921_persona549.json,knowledge_query,23,anti_stereotypical_pref,self,Practices Scandinavian hygge lifestyle principles,"Practices a fast-paced, high-intensity lifestyle",True,2,test
549,data/raw_data/raw_data_250819_225921_persona549.json,knowledge_query,24,anti_stereotypical_pref,self,Enjoys foraging for wild mushrooms in the forest,Dislikes foraging for wild mushrooms in the forest,True,4,test
549,data/raw_data/raw_data_250819_225921_persona549.json,knowledge_query,27,neutral_preferences,self,Enjoys walking her dog in the evenings,Does not enjoy walking her dog in the evenings,True,4,test
549,data/raw_data/raw_data_250819_225921_persona549.json,knowledge_query,28,neutral_preferences,self,Likes doing crossword puzzles on Sunday mornings,Dislikes doing crossword puzzles on Sunday mornings,True,4,test
549,data/raw_data/raw_data_250819_225921_persona549.json,knowledge_query,31,neutral_preferences,self,Likes experimenting with different camera lenses,Dislikes experimenting with different camera lenses,True,2,test
549,data/raw_data/raw_data_250819_225921_persona549.json,knowledge_query,33,neutral_preferences,self,Follows online science podcasts,Does not follow online science podcasts,True,2,test
549,data/raw_data/raw_data_250819_225921_persona549.json,knowledge_query,34,neutral_preferences,self,Enjoys cycling through scenic routes,Prefers not to cycle through scenic routes,True,2,test
549,data/raw_data/raw_data_250819_225921_persona549.json,knowledge_query,38,neutral_preferences,self,Enjoys browsing local farmer's markets,Prefers shopping at large supermarkets,True,2,test
549,data/raw_data/raw_data_250819_225921_persona549.json,knowledge_query,39,neutral_preferences,self,Uses sketching as a way to relax,Does not use sketching as a way to relax,True,2,test
549,data/raw_data/raw_data_250819_225921_persona549.json,knowledge_query,40,neutral_preferences,self,Loves weekend camping trips,Dislikes weekend camping trips,True,2,test
549,data/raw_data/raw_data_250819_225921_persona549.json,knowledge_query,43,neutral_preferences,self,Supports conservation charities,Does not support conservation charities,True,4,test
549,data/raw_data/raw_data_250819_225921_persona549.json,knowledge_query,44,neutral_preferences,self,Likes baking fresh bread,Dislikes baking fresh bread,True,4,test
549,data/raw_data/raw_data_250819_225921_persona549.json,knowledge_query,57,health_and_medical_conditions,self,Past knee injury from hiking in steep terrain,No history of knee injury from hiking in steep terrain,True,2,test
549,data/raw_data/raw_data_250819_225921_persona549.json,knowledge_query,62,health_and_medical_conditions,self,Occasional stress-related migraine episodes,No stress-related migraine episodes,True,4,test
332,data/raw_data/raw_data_250815_163935_persona332.json,knowledge_query,0,stereotypical_pref,self,"Enjoys Asian pop music, especially K-pop and Mandopop","Enjoys Western pop music, especially American and European pop.",True,4,test
332,data/raw_data/raw_data_250815_163935_persona332.json,knowledge_query,1,stereotypical_pref,self,Enjoys taking group photos during social events,Prefers not to take group photos during social events.,True,2,test
332,data/raw_data/raw_data_250815_163935_persona332.json,knowledge_query,2,stereotypical_pref,self,Likes seafood-rich meals,Dislikes seafood-rich meals,True,2,test
332,data/raw_data/raw_data_250815_163935_persona332.json,knowledge_query,3,stereotypical_pref,self,Enjoys sweet red bean desserts,Dislikes sweet red bean desserts,True,2,test
332,data/raw_data/raw_data_250815_163935_persona332.json,knowledge_query,4,stereotypical_pref,self,Enjoys hot pot meals with friends,Prefers to dine alone instead of having hot pot with friends.,True,2,test
332,data/raw_data/raw_data_250815_163935_persona332.json,knowledge_query,5,stereotypical_pref,self,Uses natural skincare remedies,Uses commercial skincare products,True,4,test
332,data/raw_data/raw_data_250815_163935_persona332.json,knowledge_query,6,stereotypical_pref,self,Enjoys Asian street food like baozi and skewers,Dislikes Asian street food like baozi and skewers.,True,4,test
332,data/raw_data/raw_data_250815_163935_persona332.json,knowledge_query,7,anti_stereotypical_pref,self,Prefers coffee over tea for a morning boost,Prefers tea over coffee for a morning boost,True,2,test
332,data/raw_data/raw_data_250815_163935_persona332.json,knowledge_query,8,anti_stereotypical_pref,self,Enjoys baking European-style desserts,Does not enjoy baking European-style desserts,True,2,test
332,data/raw_data/raw_data_250815_163935_persona332.json,knowledge_query,9,anti_stereotypical_pref,self,Likes sci-fi and fantasy over martial arts films,Likes martial arts films over sci-fi and fantasy.,True,4,test
332,data/raw_data/raw_data_250815_163935_persona332.json,knowledge_query,10,anti_stereotypical_pref,self,Loves eating spicy Tex-Mex cuisine,Hates eating spicy Tex-Mex cuisine.,True,4,test
332,data/raw_data/raw_data_250815_163935_persona332.json,knowledge_query,11,anti_stereotypical_pref,self,Collects vinyl records from global artists,Does not collect vinyl records from global artists,True,2,test
332,data/raw_data/raw_data_250815_163935_persona332.json,knowledge_query,12,anti_stereotypical_pref,self,Prefers watching basketball to football at times,Prefers watching football to basketball at times,True,6,test
332,data/raw_data/raw_data_250815_163935_persona332.json,knowledge_query,13,anti_stereotypical_pref,self,"Likes unstructured, free-form group activities","Likes structured, organized individual activities",True,4,test
332,data/raw_data/raw_data_250815_163935_persona332.json,knowledge_query,14,anti_stereotypical_pref,self,Enjoys gourmet fusion restaurants,"Prefers traditional, authentic cuisine",True,2,test
332,data/raw_data/raw_data_250815_163935_persona332.json,knowledge_query,15,neutral_preferences,self,Likes watching nature documentaries,Dislikes watching nature documentaries,True,2,test
332,data/raw_data/raw_data_250815_163935_persona332.json,knowledge_query,16,neutral_preferences,self,Enjoys cycling on weekends,Does not enjoy cycling on weekends,True,4,test
332,data/raw_data/raw_data_250815_163935_persona332.json,knowledge_query,17,neutral_preferences,self,Likes trying new dessert spots,Dislikes trying new dessert spots,True,2,test
332,data/raw_data/raw_data_250815_163935_persona332.json,knowledge_query,18,neutral_preferences,self,Uses planners to organize weekly tasks,Does not use planners to organize weekly tasks,True,2,test
332,data/raw_data/raw_data_250815_163935_persona332.json,knowledge_query,19,neutral_preferences,self,Keeps a journal for personal reflections,Does not keep a journal for personal reflections,True,4,test
332,data/raw_data/raw_data_250815_163935_persona332.json,knowledge_query,23,neutral_preferences,self,Regularly does yoga stretches,Does not do yoga stretches,True,4,test
332,data/raw_data/raw_data_250815_163935_persona332.json,knowledge_query,24,neutral_preferences,self,Likes listening to acoustic music playlists,Likes listening to electronic music playlists,True,4,test
332,data/raw_data/raw_data_250815_163935_persona332.json,knowledge_query,25,neutral_preferences,self,Enjoys spontaneous weekend getaways,Prefers planned and scheduled weekends,True,2,test
332,data/raw_data/raw_data_250815_163935_persona332.json,knowledge_query,26,neutral_preferences,self,Enjoys moderate gardening at home,Dislikes gardening at home,True,2,test
332,data/raw_data/raw_data_250815_163935_persona332.json,knowledge_query,34,health_and_medical_conditions,self,Seasonal pollen allergy causing mild rhinitis,No seasonal pollen allergy or rhinitis,True,2,test
332,data/raw_data/raw_data_250815_163935_persona332.json,knowledge_query,35,health_and_medical_conditions,self,Mild lactose intolerance identified in adulthood,No lactose intolerance,True,2,test
650,data/raw_data/raw_data_250820_224501_persona650.json,knowledge_query,0,stereotypical_pref,self,Enjoys brunch culture on weekends,Avoids brunch culture on weekends,True,2,test
650,data/raw_data/raw_data_250820_224501_persona650.json,knowledge_query,1,stereotypical_pref,self,Enjoys going to weekend farmers' markets,Dislikes going to weekend farmers' markets,True,2,test
650,data/raw_data/raw_data_250820_224501_persona650.json,knowledge_query,2,stereotypical_pref,self,Follows healthy eating trends like avocado toast and smoothie bowls,Prefers traditional comfort foods like burgers and fried chicken,True,4,test
650,data/raw_data/raw_data_250820_224501_persona650.json,knowledge_query,3,stereotypical_pref,self,Supports public broadcasting channels like TVNZ,Does not support public broadcasting channels like TVNZ,True,2,test
650,data/raw_data/raw_data_250820_224501_persona650.json,knowledge_query,4,stereotypical_pref,self,Enjoys sailing or kayaking in the summer,Prefers indoor activities during the summer.,True,4,test
650,data/raw_data/raw_data_250820_224501_persona650.json,knowledge_query,5,stereotypical_pref,self,Gifts locally made artisanal products,Gifts mass-produced commercial products,True,2,test
650,data/raw_data/raw_data_250820_224501_persona650.json,knowledge_query,6,stereotypical_pref,self,Enjoys lively discussions about politics over drinks,Prefers to avoid political discussions while drinking.,True,4,test
650,data/raw_data/raw_data_250820_224501_persona650.json,knowledge_query,8,anti_stereotypical_pref,self,Wears bold neon fashion at concerts,"Wears neutral, understated fashion at concerts",True,2,test
650,data/raw_data/raw_data_250820_224501_persona650.json,knowledge_query,9,anti_stereotypical_pref,self,Chooses imported craft beer over local brews,Chooses local brews over imported craft beer,True,4,test
650,data/raw_data/raw_data_250820_224501_persona650.json,knowledge_query,10,anti_stereotypical_pref,self,Loves spicy street food from Asian night markets,Dislikes spicy street food from Asian night markets,True,4,test
650,data/raw_data/raw_data_250820_224501_persona650.json,knowledge_query,11,anti_stereotypical_pref,self,Has more houseplants than outdoor plants,Has more outdoor plants than houseplants,True,4,test
650,data/raw_data/raw_data_250820_224501_persona650.json,knowledge_query,12,anti_stereotypical_pref,self,Prefers competitive board games to pub trivia,Prefers pub trivia to competitive board games,True,2,test
650,data/raw_data/raw_data_250820_224501_persona650.json,knowledge_query,13,anti_stereotypical_pref,self,Does not watch national rugby matches regularly,Watches national rugby matches regularly,True,2,test
650,data/raw_data/raw_data_250820_224501_persona650.json,knowledge_query,14,anti_stereotypical_pref,self,Wears statement jewelry with football jerseys,Wears minimal jewelry with football jerseys,True,2,test
650,data/raw_data/raw_data_250820_224501_persona650.json,knowledge_query,15,anti_stereotypical_pref,self,Buys groceries from international specialty stores,Buys groceries from local stores,True,2,test
650,data/raw_data/raw_data_250820_224501_persona650.json,knowledge_query,16,anti_stereotypical_pref,self,Keeps up with high fashion runway events,Does not keep up with high fashion runway events,True,4,test
650,data/raw_data/raw_data_250820_224501_persona650.json,knowledge_query,17,anti_stereotypical_pref,self,Loves attending stage plays in intimate theaters,Prefers attending large-scale productions in grand theaters.,True,2,test
650,data/raw_data/raw_data_250820_224501_persona650.json,knowledge_query,18,anti_stereotypical_pref,self,Spends free time on creative writing projects,Spends free time on analytical problem‑solving tasks,True,2,test
650,data/raw_data/raw_data_250820_224501_persona650.json,knowledge_query,19,neutral_preferences,self,Enjoys cooking pasta dishes at home,Does not enjoy cooking pasta dishes at home,True,2,test
650,data/raw_data/raw_data_250820_224501_persona650.json,knowledge_query,21,neutral_preferences,self,Prefers cats but enjoys spending time with dogs too,Prefers dogs but enjoys spending time with cats too.,True,2,test
650,data/raw_data/raw_data_250820_224501_persona650.json,knowledge_query,22,neutral_preferences,self,Plays casual mobile games during commutes,Does not play casual mobile games during commutes,True,4,test
650,data/raw_data/raw_data_250820_224501_persona650.json,knowledge_query,24,neutral_preferences,self,Listens to podcasts on various topics,Does not listen to podcasts on various topics,True,4,test
650,data/raw_data/raw_data_250820_224501_persona650.json,knowledge_query,27,neutral_preferences,self,Likes baking cookies in the winter,Dislikes baking cookies in the winter,True,2,test
650,data/raw_data/raw_data_250820_224501_persona650.json,knowledge_query,28,neutral_preferences,self,Enjoys visiting national museums,Does not enjoy visiting national museums,True,2,test
650,data/raw_data/raw_data_250820_224501_persona650.json,knowledge_query,29,neutral_preferences,self,Keeps souvenirs from travels,Does not keep souvenirs from travels,True,4,test
650,data/raw_data/raw_data_250820_224501_persona650.json,knowledge_query,30,neutral_preferences,self,Participates in quiz apps online,Does not participate in quiz apps online,True,2,test
650,data/raw_data/raw_data_250820_224501_persona650.json,knowledge_query,31,neutral_preferences,self,Practices basic meditation techniques,Does not practice meditation techniques,True,2,test
650,data/raw_data/raw_data_250820_224501_persona650.json,knowledge_query,32,neutral_preferences,self,Enjoys decorating for the holidays,Does not enjoy decorating for the holidays,True,2,test
650,data/raw_data/raw_data_250820_224501_persona650.json,knowledge_query,33,neutral_preferences,self,Enjoys learning simple magic tricks,Does not enjoy learning simple magic tricks,True,2,test
650,data/raw_data/raw_data_250820_224501_persona650.json,knowledge_query,38,health_and_medical_conditions,self,Seasonal allergic rhinitis triggered by springtime pollen,No seasonal allergic rhinitis triggered by springtime pollen,True,4,test
650,data/raw_data/raw_data_250820_224501_persona650.json,knowledge_query,42,health_and_medical_conditions,self,Past surgical removal of benign ovarian cyst,No past surgical removal of benign ovarian cyst,True,4,test
139,data/raw_data/raw_data_250815_163935_persona139.json,knowledge_query,0,stereotypical_pref,self,Likes upbeat African gospel music,Dislikes upbeat African gospel music,True,2,test
139,data/raw_data/raw_data_250815_163935_persona139.json,knowledge_query,1,stereotypical_pref,self,Appreciates bold and flavorful foods,Prefers mild and subtle flavors,True,2,test
139,data/raw_data/raw_data_250815_163935_persona139.json,knowledge_query,2,stereotypical_pref,self,Watches English Premier League football matches,Does not watch English Premier League football matches,True,2,test
139,data/raw_data/raw_data_250815_163935_persona139.json,knowledge_query,3,stereotypical_pref,self,Celebrates African Independence Day events,Does not celebrate African Independence Day events,True,4,test
139,data/raw_data/raw_data_250815_163935_persona139.json,knowledge_query,4,stereotypical_pref,self,Saves for family-oriented priorities,Saves for self-oriented priorities,True,2,test
139,data/raw_data/raw_data_250815_163935_persona139.json,knowledge_query,5,stereotypical_pref,self,Celebrates religious holidays with communal meals,Does not celebrate religious holidays with communal meals,True,2,test
139,data/raw_data/raw_data_250815_163935_persona139.json,knowledge_query,6,stereotypical_pref,self,Values respect for elders,Values challenging authority,True,4,test
139,data/raw_data/raw_data_250815_163935_persona139.json,knowledge_query,7,stereotypical_pref,self,Enjoys African drumming at cultural events,Dislikes African drumming at cultural events,True,4,test
139,data/raw_data/raw_data_250815_163935_persona139.json,knowledge_query,8,stereotypical_pref,self,Likes scenic nature photography,Dislikes scenic nature photography,True,2,test
139,data/raw_data/raw_data_250815_163935_persona139.json,knowledge_query,9,stereotypical_pref,self,Takes pride in African heritage-inspired home décor,Prefers modern minimalist home décor without cultural influences,True,4,test
139,data/raw_data/raw_data_250815_163935_persona139.json,knowledge_query,10,anti_stereotypical_pref,self,Prefers classical violin concerts,Prefers modern electric violin concerts,True,2,test
139,data/raw_data/raw_data_250815_163935_persona139.json,knowledge_query,11,anti_stereotypical_pref,self,Practices solo meditation rather than group worship,Practices group worship rather than solo meditation,True,2,test
139,data/raw_data/raw_data_250815_163935_persona139.json,knowledge_query,14,anti_stereotypical_pref,self,Prefers understated neutral clothing tones,Prefers bold vibrant clothing tones,True,2,test
139,data/raw_data/raw_data_250815_163935_persona139.json,knowledge_query,15,anti_stereotypical_pref,self,Collects contemporary abstract art,Collects classical realistic art,True,2,test
139,data/raw_data/raw_data_250815_163935_persona139.json,knowledge_query,16,anti_stereotypical_pref,self,Follows North American baseball,Does not follow North American baseball,True,2,test
139,data/raw_data/raw_data_250815_163935_persona139.json,knowledge_query,17,anti_stereotypical_pref,self,Vacation preference is Arctic cruises,Vacation preference is Tropical cruises,True,2,test
139,data/raw_data/raw_data_250815_163935_persona139.json,knowledge_query,21,anti_stereotypical_pref,self,Participates in silent yoga retreats,Does not participate in silent yoga retreats,True,4,test
139,data/raw_data/raw_data_250815_163935_persona139.json,knowledge_query,22,anti_stereotypical_pref,self,Prefers private dining over large banquets,Prefers large banquets over private dining,True,4,test
139,data/raw_data/raw_data_250815_163935_persona139.json,knowledge_query,23,anti_stereotypical_pref,self,Drinks herbal infusions from East Asia,Drinks herbal infusions not from East Asia,True,2,test
139,data/raw_data/raw_data_250815_163935_persona139.json,knowledge_query,26,anti_stereotypical_pref,self,Values minimalist capsule wardrobe,Values maximalist diverse wardrobe,True,4,test
139,data/raw_data/raw_data_250815_163935_persona139.json,knowledge_query,28,anti_stereotypical_pref,self,Reads peer-reviewed science journals,Does not read peer-reviewed science journals,True,4,test
139,data/raw_data/raw_data_250815_163935_persona139.json,knowledge_query,29,neutral_preferences,self,Likes trying new dessert recipes,Dislikes trying new dessert recipes,True,2,test
139,data/raw_data/raw_data_250815_163935_persona139.json,knowledge_query,30,neutral_preferences,self,Keeps fitness through regular jogging,Avoids fitness and does not jog regularly,True,2,test
139,data/raw_data/raw_data_250815_163935_persona139.json,knowledge_query,31,neutral_preferences,self,Enjoys reading mystery novels,Enjoys reading romance novels,True,4,test
139,data/raw_data/raw_data_250815_163935_persona139.json,knowledge_query,32,neutral_preferences,self,Uses public libraries frequently,Does not use public libraries frequently,True,4,test
139,data/raw_data/raw_data_250815_163935_persona139.json,knowledge_query,34,neutral_preferences,self,Enjoys visiting museums,Does not enjoy visiting museums,True,2,test
139,data/raw_data/raw_data_250815_163935_persona139.json,knowledge_query,35,neutral_preferences,self,Tends to recycle regularly,Tends to recycle rarely,True,2,test
139,data/raw_data/raw_data_250815_163935_persona139.json,knowledge_query,36,neutral_preferences,self,Enjoys swimming in summer,Enjoys avoiding swimming in summer,True,2,test
139,data/raw_data/raw_data_250815_163935_persona139.json,knowledge_query,39,neutral_preferences,self,Keeps a small herb planter in kitchen,Does not keep a small herb planter in kitchen,True,4,test
139,data/raw_data/raw_data_250815_163935_persona139.json,knowledge_query,40,neutral_preferences,self,Enjoys cooking weekend breakfasts,Dislikes cooking weekend breakfasts,True,4,test
139,data/raw_data/raw_data_250815_163935_persona139.json,knowledge_query,41,neutral_preferences,self,Watches talent competition shows,Does not watch talent competition shows,True,2,test
139,data/raw_data/raw_data_250815_163935_persona139.json,knowledge_query,42,health_and_medical_conditions,self,Family history of type 2 diabetes on maternal side,No family history of type 2 diabetes on maternal side,True,2,test
139,data/raw_data/raw_data_250815_163935_persona139.json,knowledge_query,43,health_and_medical_conditions,self,Myopia requiring corrective lenses,No myopia requiring corrective lenses,True,2,test
589,data/raw_data/raw_data_250820_165412_persona589.json,knowledge_query,0,stereotypical_pref,self,Participates in cultural festivals organized by Indian community associations,Does not participate in cultural festivals organized by Indian community associations.,True,2,test
589,data/raw_data/raw_data_250820_165412_persona589.json,knowledge_query,1,stereotypical_pref,self,Often gifts books or crafts from India to friends,Rarely gifts books or crafts from India to friends.,True,2,test
589,data/raw_data/raw_data_250820_165412_persona589.json,knowledge_query,2,stereotypical_pref,self,Uses Ayurveda-inspired herbal remedies for minor ailments,Avoids Ayurveda-inspired herbal remedies for minor ailments.,True,4,test
589,data/raw_data/raw_data_250820_165412_persona589.json,knowledge_query,5,stereotypical_pref,self,Watches Bollywood period dramas occasionally,Watches Bollywood period dramas rarely,True,4,test
589,data/raw_data/raw_data_250820_165412_persona589.json,knowledge_query,6,stereotypical_pref,self,Collects handloom textiles from different regions of India,Does not collect handloom textiles from different regions of India,True,2,test
589,data/raw_data/raw_data_250820_165412_persona589.json,knowledge_query,7,stereotypical_pref,self,Enjoys vegetarian dishes for festive days,Enjoys non-vegetarian dishes for festive days,True,2,test
589,data/raw_data/raw_data_250820_165412_persona589.json,knowledge_query,8,stereotypical_pref,self,Reads Indian historical novels alongside her research,Does not read Indian historical novels alongside her research,True,2,test
589,data/raw_data/raw_data_250820_165412_persona589.json,knowledge_query,9,stereotypical_pref,self,Uses mehndi for weddings and special events,Does not use mehndi for weddings and special events,True,2,test
589,data/raw_data/raw_data_250820_165412_persona589.json,knowledge_query,10,anti_stereotypical_pref,self,Is an avid fan of competitive ice hockey,Is not a fan of competitive ice hockey,True,2,test
589,data/raw_data/raw_data_250820_165412_persona589.json,knowledge_query,11,anti_stereotypical_pref,self,Prefers minimalist Scandinavian-style interior design,Prefers maximalist eclectic-style interior design,True,2,test
589,data/raw_data/raw_data_250820_165412_persona589.json,knowledge_query,12,anti_stereotypical_pref,self,Follows American country music and attends live shows,Does not follow American country music and avoids live shows.,True,2,test
589,data/raw_data/raw_data_250820_165412_persona589.json,knowledge_query,13,anti_stereotypical_pref,self,Collects vintage American political campaign buttons,Does not collect vintage American political campaign buttons,True,4,test
589,data/raw_data/raw_data_250820_165412_persona589.json,knowledge_query,17,anti_stereotypical_pref,self,Studies colonial American architecture with equal zeal as Indian styles,Studies colonial American architecture with less zeal than Indian styles,True,4,test
589,data/raw_data/raw_data_250820_165412_persona589.json,knowledge_query,18,anti_stereotypical_pref,self,Enjoys maple syrup tasting events,Dislikes maple syrup tasting events,True,4,test
589,data/raw_data/raw_data_250820_165412_persona589.json,knowledge_query,19,anti_stereotypical_pref,self,Spends autumn weekends visiting pumpkin festivals,Spends autumn weekends avoiding pumpkin festivals,True,2,test
589,data/raw_data/raw_data_250820_165412_persona589.json,knowledge_query,20,anti_stereotypical_pref,self,Seeks out historic covered bridges during road trips,Avoids historic covered bridges during road trips,True,2,test
589,data/raw_data/raw_data_250820_165412_persona589.json,knowledge_query,22,neutral_preferences,self,Keeps a journal for personal reflection,Does not keep a journal for personal reflection,True,4,test
589,data/raw_data/raw_data_250820_165412_persona589.json,knowledge_query,23,neutral_preferences,self,Enjoys stargazing on clear nights,Prefers staying indoors at night,True,2,test
589,data/raw_data/raw_data_250820_165412_persona589.json,knowledge_query,25,neutral_preferences,self,Loves planting flowers in her front garden,Dislikes planting flowers in her front garden,True,4,test
589,data/raw_data/raw_data_250820_165412_persona589.json,knowledge_query,26,neutral_preferences,self,Enjoys swimming in community pools,Does not enjoy swimming in community pools,True,2,test
589,data/raw_data/raw_data_250820_165412_persona589.json,knowledge_query,27,neutral_preferences,self,Likes experimenting with new salad recipes,Dislikes experimenting with new salad recipes,True,2,test
589,data/raw_data/raw_data_250820_165412_persona589.json,knowledge_query,28,neutral_preferences,self,Attends historical lectures at local libraries,Does not attend historical lectures at local libraries,True,4,test
589,data/raw_data/raw_data_250820_165412_persona589.json,knowledge_query,29,neutral_preferences,self,Participates in charity fundraising events,Does not participate in charity fundraising events,True,2,test
589,data/raw_data/raw_data_250820_165412_persona589.json,knowledge_query,30,neutral_preferences,self,Enjoys scenic train rides,Prefers not to take scenic train rides,True,4,test
589,data/raw_data/raw_data_250820_165412_persona589.json,knowledge_query,32,neutral_preferences,self,Regularly donates books to the library,Does not donate books to the library,True,2,test
589,data/raw_data/raw_data_250820_165412_persona589.json,knowledge_query,35,health_and_medical_conditions,self,Occasional lower back pain from extended hours of archival work,No lower back pain from extended hours of archival work,True,2,test
280,data/raw_data/raw_data_250815_163935_persona280.json,knowledge_query,0,stereotypical_pref,self,Keeps some bilingual traditions alive in daily life,Does not maintain bilingual traditions in daily life.,True,2,test
280,data/raw_data/raw_data_250815_163935_persona280.json,knowledge_query,1,stereotypical_pref,self,Prefers close-knit social networks,Prefers broad social networks,True,4,test
280,data/raw_data/raw_data_250815_163935_persona280.json,knowledge_query,2,stereotypical_pref,self,Enjoys mariachi music at special events,Does not enjoy mariachi music at special events,True,2,test
280,data/raw_data/raw_data_250815_163935_persona280.json,knowledge_query,3,stereotypical_pref,self,Values hospitality and gracious hosting,Prefers privacy and minimal hosting,True,2,test
280,data/raw_data/raw_data_250815_163935_persona280.json,knowledge_query,4,anti_stereotypical_pref,self,Regularly attends classical music concerts,Does not attend classical music concerts regularly,True,2,test
280,data/raw_data/raw_data_250815_163935_persona280.json,knowledge_query,5,anti_stereotypical_pref,self,Enjoys practicing Japanese tea ceremony,Does not enjoy practicing Japanese tea ceremony,True,2,test
280,data/raw_data/raw_data_250815_163935_persona280.json,knowledge_query,6,anti_stereotypical_pref,self,Shops mostly at local farmers' markets regardless of cultural background,Shops mostly at large supermarkets regardless of cultural background.,True,2,test
280,data/raw_data/raw_data_250815_163935_persona280.json,knowledge_query,7,anti_stereotypical_pref,self,Chooses modern abstract art over traditional cultural pieces,Chooses traditional cultural pieces over modern abstract art,True,2,test
280,data/raw_data/raw_data_250815_163935_persona280.json,knowledge_query,12,anti_stereotypical_pref,self,Enjoys reading Nordic crime thrillers,Does not enjoy reading Nordic crime thrillers,True,2,test
280,data/raw_data/raw_data_250815_163935_persona280.json,knowledge_query,15,neutral_preferences,self,Drinks herbal tea in the afternoon,Drinks coffee in the afternoon,True,4,test
280,data/raw_data/raw_data_250815_163935_persona280.json,knowledge_query,16,neutral_preferences,self,Appreciates well-made handmade stationery,Prefers mass-produced stationery,True,4,test
280,data/raw_data/raw_data_250815_163935_persona280.json,knowledge_query,17,neutral_preferences,self,Follows developments in renewable energy tech,Follows developments in fossil fuel technology,True,2,test
280,data/raw_data/raw_data_250815_163935_persona280.json,knowledge_query,18,neutral_preferences,self,Does amateur photography during travels,Does not do amateur photography during travels,True,2,test
280,data/raw_data/raw_data_250815_163935_persona280.json,knowledge_query,19,neutral_preferences,self,Uses fitness apps to track health goals,Does not use fitness apps to track health goals,True,4,test
280,data/raw_data/raw_data_250815_163935_persona280.json,knowledge_query,20,neutral_preferences,self,Enjoys meditation for relaxation,Prefers active activities for relaxation,True,2,test
280,data/raw_data/raw_data_250815_163935_persona280.json,knowledge_query,21,neutral_preferences,self,Downloads educational podcasts,Streams entertainment podcasts,True,4,test
280,data/raw_data/raw_data_250815_163935_persona280.json,knowledge_query,22,neutral_preferences,self,Plays board games with friends sometimes,Does not play board games with friends.,True,2,test
280,data/raw_data/raw_data_250815_163935_persona280.json,knowledge_query,23,neutral_preferences,self,Keeps indoor plants for aesthetics,Does not keep indoor plants for aesthetics.,True,2,test
280,data/raw_data/raw_data_250815_163935_persona280.json,knowledge_query,24,health_and_medical_conditions,self,Occasional migraines related to screen overuse,No migraines from screen use,True,4,test
280,data/raw_data/raw_data_250815_163935_persona280.json,knowledge_query,29,health_and_medical_conditions,self,Family history of type 2 diabetes on maternal side,Family history of type 2 diabetes on paternal side,True,2,test
280,data/raw_data/raw_data_250815_163935_persona280.json,knowledge_query,30,health_and_medical_conditions,self,Corrective laser eye surgery performed in her late twenties,Never had corrective laser eye surgery,True,2,test
494,data/raw_data/raw_data_250819_225921_persona494.json,knowledge_query,0,stereotypical_pref,self,Values strong academic achievements and high educational qualifications,Values practical skills and real-world experience over formal education.,True,4,test
494,data/raw_data/raw_data_250819_225921_persona494.json,knowledge_query,1,stereotypical_pref,self,Keeps a neat and well-organized home space,Keeps a relaxed and casually organized home space,True,2,test
494,data/raw_data/raw_data_250819_225921_persona494.json,knowledge_query,2,stereotypical_pref,self,Has a strong preference for vegetarian food at least part of the week,Has no strong preference for vegetarian food.,True,2,test
494,data/raw_data/raw_data_250819_225921_persona494.json,knowledge_query,3,stereotypical_pref,self,Enjoys discussing career advancement strategies,Does not enjoy discussing career advancement strategies.,True,2,test
494,data/raw_data/raw_data_250819_225921_persona494.json,knowledge_query,4,stereotypical_pref,self,Believes in saving diligently for the future,Believes in enjoying money in the present,True,4,test
494,data/raw_data/raw_data_250819_225921_persona494.json,knowledge_query,5,stereotypical_pref,self,Prefers home-cooked meals over takeout,Prefers takeout over home-cooked meals,True,4,test
494,data/raw_data/raw_data_250819_225921_persona494.json,knowledge_query,7,stereotypical_pref,self,Values community gatherings with other Indians abroad,Prefers private activities over community gatherings with other Indians abroad.,True,4,test
494,data/raw_data/raw_data_250819_225921_persona494.json,knowledge_query,8,stereotypical_pref,self,Often gives relatives tech support remotely,Rarely gives relatives tech support remotely,True,2,test
494,data/raw_data/raw_data_250819_225921_persona494.json,knowledge_query,9,stereotypical_pref,self,Prefers family vacations over solo travel,Prefers solo travel over family vacations,True,2,test
494,data/raw_data/raw_data_250819_225921_persona494.json,knowledge_query,10,anti_stereotypical_pref,self,Prefers baseball over cricket when watching sports,Prefers cricket over baseball when watching sports,True,2,test
494,data/raw_data/raw_data_250819_225921_persona494.json,knowledge_query,11,anti_stereotypical_pref,self,Prefers street photography over staged portraiture,Prefers staged portraiture over street photography.,True,2,test
494,data/raw_data/raw_data_250819_225921_persona494.json,knowledge_query,12,anti_stereotypical_pref,self,Frequently wears casual athleisure instead of formal outfits,Frequently wears formal outfits instead of casual athleisure,True,4,test
494,data/raw_data/raw_data_250819_225921_persona494.json,knowledge_query,13,anti_stereotypical_pref,self,Prefers working in collaborative flat-structure environments,Prefers working in hierarchical structured environments,True,6,test
494,data/raw_data/raw_data_250819_225921_persona494.json,knowledge_query,14,anti_stereotypical_pref,self,Would rather explore African safaris than visit popular Indian tourist spots,Would rather visit popular Indian tourist spots than explore African safaris.,True,4,test
494,data/raw_data/raw_data_250819_225921_persona494.json,knowledge_query,15,anti_stereotypical_pref,self,Engages in hands-on woodworking projects,Prefers not to engage in hands-on woodworking projects,True,2,test
494,data/raw_data/raw_data_250819_225921_persona494.json,knowledge_query,16,anti_stereotypical_pref,self,Prefers minimalist digital designs for personal projects,"Prefers intricate, detailed digital designs for personal projects",True,4,test
494,data/raw_data/raw_data_250819_225921_persona494.json,knowledge_query,19,anti_stereotypical_pref,self,Reads graphic novels instead of classic literature,Reads classic literature instead of graphic novels,True,2,test
494,data/raw_data/raw_data_250819_225921_persona494.json,knowledge_query,20,anti_stereotypical_pref,self,Is curious about Polynesian culture,Is not curious about Polynesian culture,True,4,test
494,data/raw_data/raw_data_250819_225921_persona494.json,knowledge_query,21,neutral_preferences,self,Enjoys listening to podcasts,Does not enjoy listening to podcasts,True,2,test
494,data/raw_data/raw_data_250819_225921_persona494.json,knowledge_query,22,neutral_preferences,self,Watches science documentaries,Watches science fiction movies,True,4,test
494,data/raw_data/raw_data_250819_225921_persona494.json,knowledge_query,23,neutral_preferences,self,Goes to the gym three times a week,Does not go to the gym three times a week,True,2,test
494,data/raw_data/raw_data_250819_225921_persona494.json,knowledge_query,26,neutral_preferences,self,Values high-speed internet connectivity,Values slow internet connectivity,True,2,test
494,data/raw_data/raw_data_250819_225921_persona494.json,knowledge_query,27,neutral_preferences,self,Takes public transportation when convenient,Prefers not to take public transportation.,True,2,test
494,data/raw_data/raw_data_250819_225921_persona494.json,knowledge_query,28,neutral_preferences,self,Enjoys planning trips in detail before traveling,"Prefers spontaneous, unplanned travel",True,2,test
494,data/raw_data/raw_data_250819_225921_persona494.json,knowledge_query,29,neutral_preferences,self,Appreciates fine craftsmanship in furniture,Does not value fine craftsmanship in furniture,True,4,test
494,data/raw_data/raw_data_250819_225921_persona494.json,knowledge_query,30,neutral_preferences,self,Likes attending live concerts,Dislikes attending live concerts,True,2,test
494,data/raw_data/raw_data_250819_225921_persona494.json,knowledge_query,31,neutral_preferences,self,Keeps handwritten notes for ideas,Types notes digitally for ideas,True,2,test
494,data/raw_data/raw_data_250819_225921_persona494.json,knowledge_query,32,neutral_preferences,self,Relishes weekend brunches,Avoids weekend brunches,True,2,test
494,data/raw_data/raw_data_250819_225921_persona494.json,knowledge_query,33,health_and_medical_conditions,self,Family history of type 2 diabetes,No family history of type 2 diabetes,True,4,test
494,data/raw_data/raw_data_250819_225921_persona494.json,knowledge_query,34,health_and_medical_conditions,self,Past LASIK eye surgery for vision correction,No past LASIK eye surgery for vision correction,True,2,test
494,data/raw_data/raw_data_250819_225921_persona494.json,knowledge_query,35,health_and_medical_conditions,self,Occasional migraine headaches after long screen-time sessions,No migraine headaches after long screen-time sessions,True,2,test
584,data/raw_data/raw_data_250820_165412_persona584.json,knowledge_query,0,stereotypical_pref,self,Has a strong sense of national pride for Mexico,Has little or no sense of national pride for Mexico.,True,4,test
584,data/raw_data/raw_data_250820_165412_persona584.json,knowledge_query,1,stereotypical_pref,self,Likes cooking traditional family recipes,Dislikes cooking traditional family recipes,True,4,test
584,data/raw_data/raw_data_250820_165412_persona584.json,knowledge_query,2,anti_stereotypical_pref,self,Prefers minimalistic Scandinavian interior design over vibrant décor,Prefers vibrant décor over minimalistic Scandinavian interior design.,True,4,test
584,data/raw_data/raw_data_250820_165412_persona584.json,knowledge_query,3,anti_stereotypical_pref,self,"Enjoys mild, delicately flavored Nordic dishes like gravlax","Enjoys bold, intensely flavored spicy dishes like vindaloo",True,2,test
584,data/raw_data/raw_data_250820_165412_persona584.json,knowledge_query,4,anti_stereotypical_pref,self,Prefers quiet evenings to large social parties,Prefers large social parties to quiet evenings.,True,2,test
584,data/raw_data/raw_data_250820_165412_persona584.json,knowledge_query,5,anti_stereotypical_pref,self,Enjoys winter getaways in snowy mountains,Enjoys summer vacations on sunny beaches,True,2,test
584,data/raw_data/raw_data_250820_165412_persona584.json,knowledge_query,6,anti_stereotypical_pref,self,"Speaks with a calm, measured tone rather than animated gestures","Speaks with animated gestures rather than a calm, measured tone.",True,2,test
584,data/raw_data/raw_data_250820_165412_persona584.json,knowledge_query,7,anti_stereotypical_pref,self,Has a network of primarily international student friends,Has a network of primarily local student friends,True,4,test
584,data/raw_data/raw_data_250820_165412_persona584.json,knowledge_query,8,anti_stereotypical_pref,self,"Enjoys small-scale, private cultural events","Enjoys large-scale, public cultural events",True,2,test
584,data/raw_data/raw_data_250820_165412_persona584.json,knowledge_query,10,anti_stereotypical_pref,self,Listens to indie rock and alternative Scandinavian bands,Listens to mainstream pop and American commercial bands,True,2,test
584,data/raw_data/raw_data_250820_165412_persona584.json,knowledge_query,11,anti_stereotypical_pref,self,Keeps conversations concise and to the point,Provides detailed and elaborate conversations,True,2,test
584,data/raw_data/raw_data_250820_165412_persona584.json,knowledge_query,14,neutral_preferences,self,Likes good coffee from local cafés,Prefers coffee from large chain cafés,True,2,test
584,data/raw_data/raw_data_250820_165412_persona584.json,knowledge_query,15,neutral_preferences,self,Practices mindfulness meditation,Does not practice mindfulness meditation,True,2,test
584,data/raw_data/raw_data_250820_165412_persona584.json,knowledge_query,16,neutral_preferences,self,Loves discovering new learning resources online,Dislikes discovering new learning resources online,True,2,test
584,data/raw_data/raw_data_250820_165412_persona584.json,knowledge_query,17,neutral_preferences,self,Appreciates well-made films regardless of genre,Prefers only specific genres of films.,True,4,test
584,data/raw_data/raw_data_250820_165412_persona584.json,knowledge_query,18,neutral_preferences,self,Attends academic conferences,Does not attend academic conferences,True,2,test
584,data/raw_data/raw_data_250820_165412_persona584.json,knowledge_query,19,neutral_preferences,self,Prefers reusable bottles and eco-friendly products,Prefers single-use bottles and conventional products,True,4,test
584,data/raw_data/raw_data_250820_165412_persona584.json,knowledge_query,20,neutral_preferences,self,Uses a bike for short commutes,Uses a car for short commutes,True,4,test
584,data/raw_data/raw_data_250820_165412_persona584.json,knowledge_query,23,neutral_preferences,self,Likes trying new tech gadgets,Dislikes trying new tech gadgets,True,4,test
584,data/raw_data/raw_data_250820_165412_persona584.json,knowledge_query,24,neutral_preferences,self,Takes weekend trips out of the city,Prefers to stay in the city on weekends,True,4,test
584,data/raw_data/raw_data_250820_165412_persona584.json,knowledge_query,27,health_and_medical_conditions,self,History of a sprained ankle from an ice hockey accident,No history of a sprained ankle from an ice hockey accident,True,2,test
584,data/raw_data/raw_data_250820_165412_persona584.json,knowledge_query,33,health_and_medical_conditions,self,Mild lactose intolerance leading to dietary adjustments,"No lactose intolerance, no dietary restrictions.",True,4,test
310,data/raw_data/raw_data_250815_163935_persona310.json,knowledge_query,0,stereotypical_pref,self,Keeps a tidy and organized home space,Keeps a cluttered and messy home space,True,2,test
310,data/raw_data/raw_data_250815_163935_persona310.json,knowledge_query,1,stereotypical_pref,self,Attends yoga classes regularly,Does not attend yoga classes regularly.,True,2,test
310,data/raw_data/raw_data_250815_163935_persona310.json,knowledge_query,2,stereotypical_pref,self,Enjoys bargaining at local markets when traveling abroad,Prefers fixed prices when shopping abroad,True,2,test
310,data/raw_data/raw_data_250815_163935_persona310.json,knowledge_query,3,stereotypical_pref,self,Speaks with parents in Hindi regularly,Speaks with parents in Hindi rarely,True,2,test
310,data/raw_data/raw_data_250815_163935_persona310.json,knowledge_query,4,stereotypical_pref,self,Keeps small religious symbols as cultural heritage markers,Does not keep small religious symbols as cultural heritage markers,True,2,test
310,data/raw_data/raw_data_250815_163935_persona310.json,knowledge_query,5,stereotypical_pref,self,Enjoys Indian street food when visiting home country,Does not enjoy Indian street food when visiting home country,True,2,test
310,data/raw_data/raw_data_250815_163935_persona310.json,knowledge_query,7,anti_stereotypical_pref,self,Regularly drinks black coffee instead of tea,Regularly drinks tea instead of black coffee,True,2,test
310,data/raw_data/raw_data_250815_163935_persona310.json,knowledge_query,8,anti_stereotypical_pref,self,Watches Nordic noir thrillers instead of Bollywood dramas,Watches Bollywood dramas instead of Nordic noir thrillers,True,2,test
310,data/raw_data/raw_data_250815_163935_persona310.json,knowledge_query,9,anti_stereotypical_pref,self,Owns more Western casual wear than traditional clothing,Owns more traditional clothing than Western casual wear.,True,2,test
310,data/raw_data/raw_data_250815_163935_persona310.json,knowledge_query,10,anti_stereotypical_pref,self,Prefers silver jewelry over gold,Prefers gold jewelry over silver,True,2,test
310,data/raw_data/raw_data_250815_163935_persona310.json,knowledge_query,11,anti_stereotypical_pref,self,Plays in a local community ultimate frisbee league,Does not play in a local community ultimate frisbee league.,True,4,test
310,data/raw_data/raw_data_250815_163935_persona310.json,knowledge_query,12,anti_stereotypical_pref,self,Listens primarily to indie folk and alternative rock,Listens primarily to mainstream pop and electronic dance music,True,4,test
310,data/raw_data/raw_data_250815_163935_persona310.json,knowledge_query,13,anti_stereotypical_pref,self,Takes improv comedy classes for fun,Does not take improv comedy classes for fun,True,2,test
310,data/raw_data/raw_data_250815_163935_persona310.json,knowledge_query,14,anti_stereotypical_pref,self,Volunteers at an animal shelter rather than cultural organizations,Volunteers at cultural organizations rather than an animal shelter,True,4,test
310,data/raw_data/raw_data_250815_163935_persona310.json,knowledge_query,17,anti_stereotypical_pref,self,Enjoys stand-up comedy shows,Does not enjoy stand-up comedy shows,True,4,test
310,data/raw_data/raw_data_250815_163935_persona310.json,knowledge_query,18,anti_stereotypical_pref,self,Uses high-tech kitchen gadgets,Prefers traditional kitchen tools,True,2,test
310,data/raw_data/raw_data_250815_163935_persona310.json,knowledge_query,19,anti_stereotypical_pref,self,Participates in local political activism,Does not participate in local political activism,True,4,test
310,data/raw_data/raw_data_250815_163935_persona310.json,knowledge_query,20,neutral_preferences,self,Loves reading mystery and detective novels,Dislikes reading mystery and detective novels.,True,4,test
310,data/raw_data/raw_data_250815_163935_persona310.json,knowledge_query,21,neutral_preferences,self,Enjoys watching nature documentaries,Does not enjoy watching nature documentaries,True,4,test
310,data/raw_data/raw_data_250815_163935_persona310.json,knowledge_query,22,neutral_preferences,self,Enjoys listening to podcasts on personal development,Does not enjoy listening to podcasts on personal development.,True,4,test
310,data/raw_data/raw_data_250815_163935_persona310.json,knowledge_query,26,neutral_preferences,self,Enjoys swimming during summer,Enjoys avoiding swimming during summer,True,4,test
310,data/raw_data/raw_data_250815_163935_persona310.json,knowledge_query,27,neutral_preferences,self,Frequently visits art museums,Rarely visits art museums,True,2,test
310,data/raw_data/raw_data_250815_163935_persona310.json,knowledge_query,28,neutral_preferences,self,Likes experimenting with smoothie recipes,Dislikes experimenting with smoothie recipes,True,2,test
310,data/raw_data/raw_data_250815_163935_persona310.json,knowledge_query,29,neutral_preferences,self,Enjoys attending small acoustic live music shows,Enjoys attending large amplified live music concerts,True,2,test
310,data/raw_data/raw_data_250815_163935_persona310.json,knowledge_query,30,neutral_preferences,self,Follows health and nutrition blogs,Does not follow health and nutrition blogs,True,2,test
310,data/raw_data/raw_data_250815_163935_persona310.json,knowledge_query,32,neutral_preferences,self,Likes rearranging and redecorating living space seasonally,Dislikes rearranging and redecorating living space seasonally,True,2,test
310,data/raw_data/raw_data_250815_163935_persona310.json,knowledge_query,39,health_and_medical_conditions,self,Family history of type 2 diabetes on paternal side,Family history of type 2 diabetes on maternal side,True,4,test
310,data/raw_data/raw_data_250815_163935_persona310.json,knowledge_query,40,health_and_medical_conditions,self,Borderline iron deficiency detected during routine screening,No iron deficiency detected during routine screening,True,2,test
590,data/raw_data/raw_data_250820_165412_persona590.json,knowledge_query,0,stereotypical_pref,self,Enjoys eating spicy Indonesian street food like sambal-laden nasi goreng,"Prefers mild Indonesian street food without spicy sambal, such as plain nasi goreng.",True,2,test
590,data/raw_data/raw_data_250820_165412_persona590.json,knowledge_query,2,stereotypical_pref,self,Wears batik patterns for special occasions,Wears batik patterns regularly,True,2,test
590,data/raw_data/raw_data_250820_165412_persona590.json,knowledge_query,3,stereotypical_pref,self,Prefers street markets over large supermarkets for daily groceries,Prefers large supermarkets over street markets for daily groceries.,True,4,test
590,data/raw_data/raw_data_250820_165412_persona590.json,knowledge_query,4,anti_stereotypical_pref,self,Decorates her home with industrial modern interiors instead of traditional motifs,Decorates her home with traditional motifs instead of industrial modern interiors.,True,4,test
590,data/raw_data/raw_data_250820_165412_persona590.json,knowledge_query,5,anti_stereotypical_pref,self,Listens primarily to instrumental film scores and classical music,Listens primarily to popular vocal music and songs with lyrics.,True,2,test
590,data/raw_data/raw_data_250820_165412_persona590.json,knowledge_query,8,anti_stereotypical_pref,self,Enjoys crime thrillers and mystery novels over romantic dramas,Enjoys romantic dramas over crime thrillers and mystery novels.,True,2,test
590,data/raw_data/raw_data_250820_165412_persona590.json,knowledge_query,9,anti_stereotypical_pref,self,Prefers silver jewelry with clean lines to gold pieces,Prefers gold jewelry with clean lines to silver pieces,True,4,test
590,data/raw_data/raw_data_250820_165412_persona590.json,knowledge_query,10,anti_stereotypical_pref,self,Has little interest in learning traditional dance moves,Has strong interest in learning traditional dance moves,True,2,test
590,data/raw_data/raw_data_250820_165412_persona590.json,knowledge_query,11,anti_stereotypical_pref,self,Uses Behance and portfolio sites more than Instagram,Uses Instagram more than Behance and portfolio sites,True,2,test
590,data/raw_data/raw_data_250820_165412_persona590.json,knowledge_query,13,anti_stereotypical_pref,self,Uses minimal emojis to maintain concise communication,Uses frequent emojis to enhance expressive communication,True,2,test
590,data/raw_data/raw_data_250820_165412_persona590.json,knowledge_query,14,anti_stereotypical_pref,self,Keeps abstract art prints at home instead of family portraits,Keeps family portraits at home instead of abstract art prints,True,2,test
590,data/raw_data/raw_data_250820_165412_persona590.json,knowledge_query,18,anti_stereotypical_pref,self,Collects rare military art prints instead of tourist souvenirs,Collects tourist souvenirs instead of rare military art prints.,True,2,test
590,data/raw_data/raw_data_250820_165412_persona590.json,knowledge_query,19,neutral_preferences,self,Prefers comfortable seating when working long hours,Prefers minimal seating comfort when working long hours,True,2,test
590,data/raw_data/raw_data_250820_165412_persona590.json,knowledge_query,20,neutral_preferences,self,Likes reading biographies of inspiring figures,Dislikes reading biographies of inspiring figures,True,2,test
590,data/raw_data/raw_data_250820_165412_persona590.json,knowledge_query,21,neutral_preferences,self,Uses noise-cancelling headphones for focus,Does not use noise-cancelling headphones for focus,True,2,test
590,data/raw_data/raw_data_250820_165412_persona590.json,knowledge_query,22,neutral_preferences,self,Enjoys solving jigsaw puzzles,Dislikes solving jigsaw puzzles,True,2,test
590,data/raw_data/raw_data_250820_165412_persona590.json,knowledge_query,23,neutral_preferences,self,Enjoys silent reading afternoons,Enjoys lively social afternoons,True,4,test
590,data/raw_data/raw_data_250820_165412_persona590.json,knowledge_query,26,neutral_preferences,self,Keeps her workspace well-lit with natural light,Keeps her workspace dimly lit with artificial light.,True,2,test
590,data/raw_data/raw_data_250820_165412_persona590.json,knowledge_query,27,neutral_preferences,self,Enjoys listening to podcasts about history,Dislikes listening to podcasts about history,True,2,test
590,data/raw_data/raw_data_250820_165412_persona590.json,knowledge_query,32,health_and_medical_conditions,self,Vitamin D deficiency due to limited outdoor exposure,Vitamin D sufficiency due to ample outdoor exposure,True,2,test
590,data/raw_data/raw_data_250820_165412_persona590.json,knowledge_query,33,health_and_medical_conditions,self,History of mild anemia in her early twenties,No history of anemia in her early twenties.,True,2,test
590,data/raw_data/raw_data_250820_165412_persona590.json,knowledge_query,34,health_and_medical_conditions,self,Family history of type 2 diabetes on her maternal side,No family history of type 2 diabetes on her maternal side,True,2,test
644,data/raw_data/raw_data_250820_224501_persona644.json,knowledge_query,0,anti_stereotypical_pref,self,Plays tennis instead of cricket,Plays cricket instead of tennis,True,2,test
644,data/raw_data/raw_data_250820_224501_persona644.json,knowledge_query,1,anti_stereotypical_pref,self,Prefers mild Mediterranean cuisine over spicy food,Prefers spicy food over mild Mediterranean cuisine.,True,2,test
644,data/raw_data/raw_data_250820_224501_persona644.json,knowledge_query,2,anti_stereotypical_pref,self,Enjoys independent American films more than Bollywood,Enjoys Bollywood films more than independent American films.,True,2,test
644,data/raw_data/raw_data_250820_224501_persona644.json,knowledge_query,5,anti_stereotypical_pref,self,Prefers flat organizational structures at work,Prefers hierarchical organizational structures at work,True,4,test
644,data/raw_data/raw_data_250820_224501_persona644.json,knowledge_query,6,anti_stereotypical_pref,self,Uses email over messaging apps for most communication,Uses messaging apps over email for most communication,True,2,test
644,data/raw_data/raw_data_250820_224501_persona644.json,knowledge_query,7,anti_stereotypical_pref,self,Invests in art pieces rather than gold,Invests in gold rather than art pieces,True,4,test
644,data/raw_data/raw_data_250820_224501_persona644.json,knowledge_query,11,anti_stereotypical_pref,self,Collects contemporary art rather than history books,Collects history books rather than contemporary art.,True,2,test
644,data/raw_data/raw_data_250820_224501_persona644.json,knowledge_query,15,neutral_preferences,self,Uses a smartwatch to track health metrics,Does not use a smartwatch to track health metrics,True,2,test
644,data/raw_data/raw_data_250820_224501_persona644.json,knowledge_query,16,neutral_preferences,self,Watches documentaries on climate change,Watches documentaries that deny climate change,True,4,test
644,data/raw_data/raw_data_250820_224501_persona644.json,knowledge_query,17,neutral_preferences,self,Prefers reading in a quiet café,"Prefers reading in a lively, bustling café",True,2,test
644,data/raw_data/raw_data_250820_224501_persona644.json,knowledge_query,18,neutral_preferences,self,Keeps a home library of varied genres,Does not keep a home library of varied genres,True,2,test
644,data/raw_data/raw_data_250820_224501_persona644.json,knowledge_query,19,neutral_preferences,self,Likes experimenting with new healthy recipes,Dislikes experimenting with new healthy recipes,True,2,test
644,data/raw_data/raw_data_250820_224501_persona644.json,knowledge_query,20,neutral_preferences,self,Enjoys photography during travels,Does not enjoy photography during travels,True,2,test
644,data/raw_data/raw_data_250820_224501_persona644.json,knowledge_query,21,neutral_preferences,self,Prefers window seats on flights,Prefers aisle seats on flights,True,4,test
644,data/raw_data/raw_data_250820_224501_persona644.json,knowledge_query,22,neutral_preferences,self,Listens to instrumental background music while working,Listens to lyrical music while working,True,2,test
644,data/raw_data/raw_data_250820_224501_persona644.json,knowledge_query,23,neutral_preferences,self,Uses noise-cancelling headphones for focus,Does not use noise-cancelling headphones for focus,True,4,test
644,data/raw_data/raw_data_250820_224501_persona644.json,knowledge_query,24,neutral_preferences,self,Keeps indoor plants for aesthetics and air quality,Does not keep indoor plants for aesthetics or air quality.,True,4,test
644,data/raw_data/raw_data_250820_224501_persona644.json,knowledge_query,25,neutral_preferences,self,Keeps a handwritten journal of ideas,Types ideas digitally,True,4,test
644,data/raw_data/raw_data_250820_224501_persona644.json,knowledge_query,26,neutral_preferences,self,Likes trying out new productivity apps,Dislikes trying out new productivity apps,True,4,test
644,data/raw_data/raw_data_250820_224501_persona644.json,knowledge_query,27,neutral_preferences,self,Appreciates minimalist interior design,Prefers maximalist interior design,True,2,test
644,data/raw_data/raw_data_250820_224501_persona644.json,knowledge_query,28,neutral_preferences,self,Enjoys science fiction novels,Does not enjoy science fiction novels,True,2,test
644,data/raw_data/raw_data_250820_224501_persona644.json,knowledge_query,30,neutral_preferences,self,Likes walking through art museums,Dislikes walking through art museums,True,4,test
644,data/raw_data/raw_data_250820_224501_persona644.json,knowledge_query,31,health_and_medical_conditions,self,Occasional migraine headaches managed with prescription medication,No history of migraine headaches.,True,2,test
977,data/raw_data/raw_data_250826_131038_persona977.json,knowledge_query,0,stereotypical_pref,self,Enjoys regional Italian folk festivals,Does not enjoy regional Italian folk festivals,True,2,test
977,data/raw_data/raw_data_250826_131038_persona977.json,knowledge_query,1,stereotypical_pref,self,"Enjoys rich, slow-cooked stews","Prefers light, quick-cooked meals",True,2,test
977,data/raw_data/raw_data_250826_131038_persona977.json,knowledge_query,2,stereotypical_pref,self,Has a taste for olive oil-based skincare products,Has a taste for non-olive oil-based skincare products,True,2,test
977,data/raw_data/raw_data_250826_131038_persona977.json,knowledge_query,3,stereotypical_pref,self,Values traditional family values from both Italian and Ethiopian cultures,Does not prioritize traditional family values from either Italian or Ethiopian cultures.,True,4,test
977,data/raw_data/raw_data_250826_131038_persona977.json,knowledge_query,4,anti_stereotypical_pref,self,Prefers minimalist Scandinavian-style clothing for daily wear,"Prefers bold, colorful, and eclectic clothing for daily wear",True,2,test
977,data/raw_data/raw_data_250826_131038_persona977.json,knowledge_query,5,anti_stereotypical_pref,self,"Enjoys quirky, offbeat theater productions","Enjoys traditional, mainstream theater productions",True,4,test
977,data/raw_data/raw_data_250826_131038_persona977.json,knowledge_query,6,anti_stereotypical_pref,self,"Keeps a tight-knit, small social circle","Prefers a large, diverse social circle",True,4,test
977,data/raw_data/raw_data_250826_131038_persona977.json,knowledge_query,7,anti_stereotypical_pref,self,Regularly uses mass-produced everyday items without brand loyalty,Regularly seeks out specific brands for everyday items and remains loyal to them.,True,2,test
977,data/raw_data/raw_data_250826_131038_persona977.json,knowledge_query,8,anti_stereotypical_pref,self,"Prefers cooler, overcast weather","Prefers warmer, sunny weather",True,2,test
977,data/raw_data/raw_data_250826_131038_persona977.json,knowledge_query,10,anti_stereotypical_pref,self,Experiments with fusion cooking combining Asian techniques,Experiments with traditional cooking using classic Western techniques,True,2,test
977,data/raw_data/raw_data_250826_131038_persona977.json,knowledge_query,11,anti_stereotypical_pref,self,Is an early riser who enjoys morning walks,Is a night owl who enjoys evening walks,True,2,test
977,data/raw_data/raw_data_250826_131038_persona977.json,knowledge_query,12,anti_stereotypical_pref,self,Has more interest in digital entertainment than live sporting events,Has more interest in live sporting events than digital entertainment.,True,4,test
977,data/raw_data/raw_data_250826_131038_persona977.json,knowledge_query,15,neutral_preferences,self,Uses smartphone apps for productivity,Does not use smartphone apps for productivity,True,4,test
977,data/raw_data/raw_data_250826_131038_persona977.json,knowledge_query,16,neutral_preferences,self,Appreciates quiet evenings at home,Enjoys lively nights out,True,2,test
977,data/raw_data/raw_data_250826_131038_persona977.json,knowledge_query,17,neutral_preferences,self,Tends to keep indoor plants,Tends not to keep indoor plants,True,2,test
977,data/raw_data/raw_data_250826_131038_persona977.json,knowledge_query,18,neutral_preferences,self,Can enjoy both summer and winter holidays,Can enjoy only one season's holidays,True,2,test
977,data/raw_data/raw_data_250826_131038_persona977.json,knowledge_query,19,neutral_preferences,self,Regularly backs up digital files,Does not regularly back up digital files,True,2,test
977,data/raw_data/raw_data_250826_131038_persona977.json,knowledge_query,22,neutral_preferences,self,Likes moderate hiking trails,Dislikes moderate hiking trails,True,2,test
977,data/raw_data/raw_data_250826_131038_persona977.json,knowledge_query,23,neutral_preferences,self,Enjoys volunteering occasionally,Does not enjoy volunteering occasionally,True,4,test
977,data/raw_data/raw_data_250826_131038_persona977.json,knowledge_query,24,neutral_preferences,self,Likes attending occasional public lectures,Dislikes attending occasional public lectures,True,2,test
977,data/raw_data/raw_data_250826_131038_persona977.json,knowledge_query,25,neutral_preferences,self,Enjoys exploring local bookstores,Prefers shopping for books online,True,2,test
697,data/raw_data/raw_data_250820_224501_persona697.json,knowledge_query,0,stereotypical_pref,self,Enjoys mariachi and Latin folk music,Dislikes mariachi and Latin folk music,True,4,test
697,data/raw_data/raw_data_250820_224501_persona697.json,knowledge_query,1,stereotypical_pref,self,Frequently cooks traditional Mexican dishes like tamales and enchiladas,Rarely cooks traditional Mexican dishes like tamales and enchiladas.,True,4,test
697,data/raw_data/raw_data_250820_224501_persona697.json,knowledge_query,4,stereotypical_pref,self,Prefers strongly flavored coffee like café de olla,Prefers mild and smooth coffee like a light roast.,True,2,test
697,data/raw_data/raw_data_250820_224501_persona697.json,knowledge_query,5,stereotypical_pref,self,Enjoys romantic comedies featuring Latinx actors,Does not enjoy romantic comedies featuring Latinx actors.,True,2,test
697,data/raw_data/raw_data_250820_224501_persona697.json,knowledge_query,6,stereotypical_pref,self,Has an affinity for indigenous textiles and patterns,Has a dislike for indigenous textiles and patterns,True,2,test
697,data/raw_data/raw_data_250820_224501_persona697.json,knowledge_query,7,stereotypical_pref,self,Advocates for Latinx representation in media,Opposes prioritizing Latinx representation in media,True,2,test
697,data/raw_data/raw_data_250820_224501_persona697.json,knowledge_query,8,stereotypical_pref,self,Keeps houseplants as part of home life,Does not keep houseplants as part of home life,True,4,test
697,data/raw_data/raw_data_250820_224501_persona697.json,knowledge_query,9,anti_stereotypical_pref,self,Regularly experiments with Japanese tea ceremonies,Does not experiment with Japanese tea ceremonies,True,2,test
697,data/raw_data/raw_data_250820_224501_persona697.json,knowledge_query,10,anti_stereotypical_pref,self,"Prefers traveling to cold, snowy destinations","Prefers traveling to warm, sunny destinations",True,4,test
697,data/raw_data/raw_data_250820_224501_persona697.json,knowledge_query,12,anti_stereotypical_pref,self,Reads extensively about medieval European history,Does not read about medieval European history,True,4,test
697,data/raw_data/raw_data_250820_224501_persona697.json,knowledge_query,13,anti_stereotypical_pref,self,Attends classical music concerts regularly,Does not attend classical music concerts regularly,True,4,test
697,data/raw_data/raw_data_250820_224501_persona697.json,knowledge_query,14,anti_stereotypical_pref,self,Enjoys winter hiking and snowshoeing,Enjoys summer hiking and beach activities,True,2,test
697,data/raw_data/raw_data_250820_224501_persona697.json,knowledge_query,15,anti_stereotypical_pref,self,Likes abstract minimalist art,Likes detailed realistic art,True,4,test
697,data/raw_data/raw_data_250820_224501_persona697.json,knowledge_query,16,anti_stereotypical_pref,self,Avoids using Spanish outside formal situations,Prefers using Spanish in informal situations,True,2,test
697,data/raw_data/raw_data_250820_224501_persona697.json,knowledge_query,17,anti_stereotypical_pref,self,Prefers understated jewelry in silver or platinum,Prefers bold jewelry in gold or rose gold,True,4,test
697,data/raw_data/raw_data_250820_224501_persona697.json,knowledge_query,18,anti_stereotypical_pref,self,Values solitude for creative recharge,Values social interaction for creative recharge,True,4,test
697,data/raw_data/raw_data_250820_224501_persona697.json,knowledge_query,19,anti_stereotypical_pref,self,Avoids large festivals in favor of quiet retreats,Enjoys large festivals over quiet retreats,True,2,test
697,data/raw_data/raw_data_250820_224501_persona697.json,knowledge_query,20,anti_stereotypical_pref,self,Likes high-altitude mountaineering expeditions,Dislikes high-altitude mountaineering expeditions,True,2,test
697,data/raw_data/raw_data_250820_224501_persona697.json,knowledge_query,22,anti_stereotypical_pref,self,Keeps only native plant species in the garden,Keeps only non-native plant species in the garden,True,2,test
697,data/raw_data/raw_data_250820_224501_persona697.json,knowledge_query,25,neutral_preferences,self,Goes cycling for exercise and leisure,Does not go cycling for exercise or leisure,True,4,test
697,data/raw_data/raw_data_250820_224501_persona697.json,knowledge_query,26,neutral_preferences,self,Likes visiting national parks and nature reserves,Dislikes visiting national parks and nature reserves,True,2,test
697,data/raw_data/raw_data_250820_224501_persona697.json,knowledge_query,28,neutral_preferences,self,Loves swimming in natural bodies of water,Dislikes swimming in natural bodies of water,True,4,test
697,data/raw_data/raw_data_250820_224501_persona697.json,knowledge_query,29,neutral_preferences,self,Likes keeping a tidy home environment,Likes a more relaxed home environment,True,4,test
697,data/raw_data/raw_data_250820_224501_persona697.json,knowledge_query,30,neutral_preferences,self,Likes attending art exhibitions,Dislikes attending art exhibitions,True,2,test
697,data/raw_data/raw_data_250820_224501_persona697.json,knowledge_query,31,neutral_preferences,self,Follows architecture and design trends,Ignores architecture and design trends,True,2,test
697,data/raw_data/raw_data_250820_224501_persona697.json,knowledge_query,32,neutral_preferences,self,Appreciates handwritten letters and stationery,Prefers digital messages and communication,True,2,test
697,data/raw_data/raw_data_250820_224501_persona697.json,knowledge_query,35,health_and_medical_conditions,self,Seasonal allergies to pollen and cedar,No seasonal allergies to pollen or cedar,True,2,test
697,data/raw_data/raw_data_250820_224501_persona697.json,knowledge_query,36,health_and_medical_conditions,self,Family history of type 2 diabetes,No family history of type 2 diabetes,True,2,test
697,data/raw_data/raw_data_250820_224501_persona697.json,knowledge_query,37,health_and_medical_conditions,self,Vitamin D deficiency managed with supplements,Vitamin D levels adequate without supplements,True,2,test
697,data/raw_data/raw_data_250820_224501_persona697.json,knowledge_query,38,health_and_medical_conditions,self,Recovering from a knee sprain sustained during hiking,Training for a challenging mountain hike without any injuries,True,4,test
