user_id,query_id,query_index,true_choice,condition,pred_choice,correct,p_true,nll,brier,p_A,p_B,p_C,p_D
10,5a0434e8b78c2490982c9fd5a17e85d42600ea2d,2,0,ats_reset,1,0,0.2545601053667037,1.3682183004757766,0.7753707840047295,0.2545601053667037,0.38868715200760506,0.1284955850691919,0.2282571575564993
10,5a0434e8b78c2490982c9fd5a17e85d42600ea2d,2,0,ats_g,1,0,0.3380954637591303,1.0844269862197935,0.6401243697764745,0.3380954637591303,0.401695094238649,0.07182381035584423,0.1883856316463765
10,3d3c5f8c730ea8b347173bb1b14f1446c754b152,3,3,ats_reset,3,1,0.6100088908522658,0.4942817467533479,0.24746843449475264,0.02846383282196646,0.30162346138340634,0.0599038149423613,0.6100088908522658
10,3d3c5f8c730ea8b347173bb1b14f1446c754b152,3,3,ats_g,3,1,0.5527823477582978,0.5927909394583939,0.360599315682932,0.017276377136519493,0.39918853025014334,0.03075274485503935,0.5527823477582978
101,48261e8c81f425744486fe8f2ac9ac5c7fca8b35,0,3,ats_reset,3,1,0.5557553726750957,0.5874270587529893,0.3344229033111797,0.3659613999280229,0.045376047153949384,0.03290718024293199,0.5557553726750957
101,48261e8c81f425744486fe8f2ac9ac5c7fca8b35,0,3,ats_g,3,1,0.5209356914773281,0.6521286777122464,0.405775699853276,0.41758747590241807,0.029308792599455912,0.03216804002079794,0.5209356914773281
101,f1e1d02ec1c6eaa6f2e18d9add4b714674f16c6f,2,3,ats_reset,3,1,0.63898339515266,0.44787681061882423,0.18444009483612656,0.1237941617775028,0.04565620929305654,0.1915662337767807,0.63898339515266
101,f1e1d02ec1c6eaa6f2e18d9add4b714674f16c6f,2,3,ats_g,3,1,0.6327382042834959,0.4576985217164504,0.1918553644245567,0.13270966925823519,0.04028602652318316,0.19426609993508576,0.6327382042834959
107,2e9903f3ac23b98febefb319c76c390ff9e8449b,2,0,ats_reset,0,1,0.4069971886650775,0.8989490010202107,0.4942793732502167,0.4069971886650775,0.08402093186896548,0.3094283823136843,0.19955349715227272
107,2e9903f3ac23b98febefb319c76c390ff9e8449b,2,0,ats_g,0,1,0.44605258062947634,0.807318440122936,0.44108180224172466,0.44605258062947634,0.03878422851031614,0.2541694242235096,0.260993766636698
107,26114b424cca3c7883dcd7e1e0b8ffcb17462698,3,0,ats_reset,0,1,0.7767301815204187,0.25266224565254775,0.06807476084303855,0.7767301815204187,0.09739582259984146,0.08315173662068422,0.04272225925905561
107,26114b424cca3c7883dcd7e1e0b8ffcb17462698,3,0,ats_g,0,1,0.8163145842145964,0.20295547844089273,0.04585298419750166,0.8163145842145964,0.08141493151311603,0.062418751681395206,0.03985173259089242
110,0a46ed8a37d51574b4e0fa90f700cb99d2da8a48,2,3,ats_reset,1,0,0.21267988232614013,1.5479671436368232,0.8283215050658258,0.233512895284546,0.293771410730909,0.2600358116584049,0.21267988232614013
110,0a46ed8a37d51574b4e0fa90f700cb99d2da8a48,2,3,ats_g,1,0,0.2190985723786375,1.5182335482456801,0.8167223867756997,0.22069837218452157,0.3055361888065296,0.2546668666303113,0.2190985723786375
110,31da3912387825dbdc35e844bb820248fa87af29,5,1,ats_reset,2,0,0.09829872101545334,2.3197442629466885,1.2259665024728312,0.2068466693162918,0.09829872101545334,0.6011045575141907,0.09375005215406418
110,31da3912387825dbdc35e844bb820248fa87af29,5,1,ats_g,2,0,0.09290585138150145,2.3761686493385317,1.2934528917128745,0.16507534694567666,0.09290585138150145,0.660912208746006,0.08110659292681592
120,8db1b1110ff9de5519383f78faa16b84d3216c7a,2,2,ats_reset,2,1,0.47334060266662703,0.7479400594264741,0.4021528523340441,0.060867738334906434,0.15353300706891018,0.47334060266662703,0.3122586519295563
120,8db1b1110ff9de5519383f78faa16b84d3216c7a,2,2,ats_g,2,1,0.6907304047810958,0.3700056836141498,0.13424245381720293,0.04453504861896062,0.10435646598291953,0.6907304047810958,0.16037808061702402
120,1ff3b54c7cd6cc3b08ffd692f93f6e1470a4d903,7,2,ats_reset,2,1,0.747713428229183,0.2907354917565226,0.08757920630924713,0.06428266391189921,0.12660330703522044,0.747713428229183,0.06140060082369736
120,1ff3b54c7cd6cc3b08ffd692f93f6e1470a4d903,7,2,ats_g,2,1,0.8243945611231536,0.19310602736368324,0.04390547267020291,0.04993126541440128,0.09942992963427744,0.8243945611231536,0.02624424382816773
136,57f38d5b809c7e8a263f4074e05e61cfd538d6bc,1,2,ats_reset,0,0,0.08013247550520863,2.524074070056369,1.1683108192645157,0.46986502929516355,0.23307243235948924,0.08013247550520863,0.21693006284013858
136,57f38d5b809c7e8a263f4074e05e61cfd538d6bc,1,2,ats_g,0,0,0.05517919770093112,2.897169249970118,1.3344749097133708,0.6212077777352691,0.20379915035012555,0.05517919770093112,0.11981387421367422
136,e4871c8d79c1aaf0a85b7b85d4a49361ef4342ee,3,0,ats_reset,0,1,0.871567747701681,0.1374616801510694,0.022530424264039443,0.871567747701681,0.061169156913567044,0.02964701034566484,0.03761608503908711
136,e4871c8d79c1aaf0a85b7b85d4a49361ef4342ee,3,0,ats_g,0,1,0.9501398768620337,0.051146066423978315,0.0034194319677750815,0.9501398768620337,0.024530754804620213,0.010335123363177559,0.01499424497016853
137,c85b2e053e1013a04c46906adeb7eaacb86395cd,0,1,ats_reset,0,0,0.33852268778634165,1.0831641643962562,0.6985247997397788,0.49752207834372275,0.33852268778634165,0.08333544060597303,0.08061979326396257
137,c85b2e053e1013a04c46906adeb7eaacb86395cd,0,1,ats_g,0,0,0.24978837428873213,1.387141222450816,0.9539970834420715,0.6179872066610173,0.24978837428873213,0.08238740532199643,0.049837013728254144
137,f69933a56b0e5621b31719408d13ca5d2530eb29,3,3,ats_reset,2,0,0.2776440936678038,1.281415224102079,0.7265639855150173,0.19798621240278763,0.1436825224208456,0.380687171508563,0.2776440936678038
137,f69933a56b0e5621b31719408d13ca5d2530eb29,3,3,ats_g,2,0,0.2981354121049323,1.2102074926498423,0.6957138189901466,0.16262184144043118,0.14459600353462995,0.3946467429200066,0.2981354121049323
139,c0f826a0a41fd58cd4d492e7d1811453726fefd7,3,2,ats_reset,2,1,0.5517074506857056,0.5947373538362598,0.27339818347364186,0.16062584639061872,0.1950936928025908,0.5517074506857056,0.09257301012108482
139,c0f826a0a41fd58cd4d492e7d1811453726fefd7,3,2,ats_g,2,1,0.6260933719898507,0.4682557624714604,0.19018510522925286,0.07857208782806133,0.16490270541176397,0.6260933719898507,0.130431834770324
139,558a428eef0141b6e98a8e9d56685c312133e497,5,2,ats_reset,3,0,0.23530691862025255,1.4468645802801035,1.01772061262349,0.04069583977822484,0.07111810442429865,0.23530691862025255,0.652879137177224
139,558a428eef0141b6e98a8e9d56685c312133e497,5,2,ats_g,3,0,0.2837430403333724,1.2596862379468083,0.9114360722901802,0.03893571512653893,0.04925259201326579,0.2837430403333724,0.6280686525268229
158,689995c20cb1a50524c74d15c67d9b7605b310f4,0,1,ats_reset,1,1,0.43411465116272313,0.8344466065833261,0.4487069782271041,0.25988600626163205,0.43411465116272313,0.23703006792925552,0.06896927464638929
158,689995c20cb1a50524c74d15c67d9b7605b310f4,0,1,ats_g,1,1,0.5810674737786269,0.5428883950029717,0.24913832630748842,0.197381727765094,0.5810674737786269,0.18195102770244895,0.03959977075383025
158,ded4dde6b7ea3e4deb1f63e5a46925712aebbc56,3,0,ats_reset,0,1,0.9450956369295729,0.05646915350900543,0.004295545963856555,0.9450956369295729,0.02152295598749821,0.0052744853447632386,0.028106921738165615
158,ded4dde6b7ea3e4deb1f63e5a46925712aebbc56,3,0,ats_g,0,1,0.9637461721230108,0.03692732596928375,0.0018895888064210816,0.9637461721230108,0.015115972095320689,0.0027155310214246383,0.018422324760243792
168,90231c9254550d339061b69174024699d21bd9f3,3,0,ats_reset,0,1,0.4418791101082828,0.8167189408565213,0.4395114339777444,0.4418791101082828,0.1397378049693184,0.3115723249156894,0.1068107600067094
168,90231c9254550d339061b69174024699d21bd9f3,3,0,ats_g,0,1,0.4681864262347156,0.7588887157280804,0.4086396967052237,0.4681864262347156,0.12400127003715271,0.3207014149473141,0.0871108887808176
168,e46ad048a992072a1da99f9c5d23a22af278f359,2,2,ats_reset,1,0,0.25749846333643556,1.3567415265216456,0.7897994459009761,0.07912555787244596,0.4097783710890125,0.25749846333643556,0.25359760770210593
168,e46ad048a992072a1da99f9c5d23a22af278f359,2,2,ats_g,1,0,0.21649264987822464,1.5301986818700573,0.8910357446804507,0.05273482870326027,0.4260359754532496,0.21649264987822464,0.3047365459652655
174,936f7e92fea23551686630c9568fc91c130845a1,0,3,ats_reset,3,1,0.7212120648812183,0.3268220588949281,0.10903488843270573,0.08202511542206244,0.1495001563969947,0.047262663299724575,0.7212120648812183
174,936f7e92fea23551686630c9568fc91c130845a1,0,3,ats_g,3,1,0.755075759900889,0.28093719052767063,0.08331601261611897,0.08759728543127875,0.11915396683784794,0.03817298782998429,0.755075759900889
174,79d0db9c95d6d9d09d44d9529b7da26849041409,2,3,ats_reset,3,1,0.74314484765694,0.29686430352444765,0.10524636199038762,0.0422707522728815,0.022257666371534278,0.19232673369864423,0.74314484765694
174,79d0db9c95d6d9d09d44d9529b7da26849041409,2,3,ats_g,3,1,0.7625995668711089,0.271022199522238,0.09284124751394818,0.03816878469306435,0.012498659233080755,0.18673298920274606,0.7625995668711089
184,71666ee6255df1b86589b2761ee4008df4d225e2,2,0,ats_reset,1,0,0.35573107534246257,1.0335802399346437,0.6962036793556513,0.35573107534246257,0.5190675932030021,0.018712289910201577,0.10648904154433372
184,71666ee6255df1b86589b2761ee4008df4d225e2,2,0,ats_g,1,0,0.3368901858605269,1.087998259713656,0.8123725849592964,0.3368901858605269,0.6087564267431753,0.00990783604390897,0.04444555135238882
184,30fb2ed1815cec5c2ed1d5db639cb1312150c74f,1,0,ats_reset,0,1,0.6549096215583666,0.4232580352209646,0.21039262346524926,0.6549096215583666,0.022415556206140205,0.022155378225790095,0.3005194440097031
184,30fb2ed1815cec5c2ed1d5db639cb1312150c74f,1,0,ats_g,0,1,0.6735854856294202,0.39514036374843214,0.19602300839952966,0.6735854856294202,0.012655084858453234,0.015292405594744022,0.29846702391738256
198,5c55f738c692c6c3ef1474b990f48c4866aac9f6,2,0,ats_reset,1,0,0.22762010482802753,1.4800772465888827,0.915374529012688,0.22762010482802753,0.5385025619305097,0.1440450665940702,0.08983226664739251
198,5c55f738c692c6c3ef1474b990f48c4866aac9f6,2,0,ats_g,1,0,0.22062763357326495,1.5112789144898313,0.9930794580189425,0.22062763357326495,0.6077855118999095,0.11348746697138473,0.058099387555440835
198,5089eaa86cce6e8ac0dd7709d9d20a53d41ae469,0,2,ats_reset,2,1,0.6186638359229297,0.48019322987017804,0.21737290511902452,0.10211074162068327,0.03343923700155249,0.6186638359229297,0.24578618545483452
198,5089eaa86cce6e8ac0dd7709d9d20a53d41ae469,0,2,ats_g,2,1,0.7222451145839125,0.3253907038207844,0.11258338721998881,0.08010348612478754,0.029956241475731046,0.7222451145839125,0.16769515781556893
199,23a3cad858a182d6029ee633b83e178a86b9d1c7,0,0,ats_reset,0,1,0.9221515415047825,0.0810457072125976,0.008470083099704047,0.9221515415047825,0.009884834031783647,0.03287196073642475,0.03509166372700912
199,23a3cad858a182d6029ee633b83e178a86b9d1c7,0,0,ats_g,0,1,0.9637389382336956,0.036934832008398026,0.0018217057370342631,0.9637389382336956,0.005372491144484465,0.014763999346267438,0.01612457127555247
199,033c713603cc50134296fe167309498f0047de66,3,3,ats_reset,3,1,0.5652720247913595,0.5704482038925655,0.2542562229399808,0.13872261138673705,0.1147291196178031,0.1812762442041003,0.5652720247913595
199,033c713603cc50134296fe167309498f0047de66,3,3,ats_g,3,1,0.574445589346203,0.5543498957587135,0.2509084813997116,0.0871201353570834,0.11945205129070638,0.21898222400600714,0.574445589346203
208,12d91f3442693ede2087a77cb5c47ab47491215f,1,2,ats_reset,2,1,0.9382030928946916,0.06378883646702309,0.00513644510074482,0.025862775646661312,0.016727447447451027,0.9382030928946916,0.019206684011196032
208,12d91f3442693ede2087a77cb5c47ab47491215f,1,2,ats_g,2,1,0.9651934202508351,0.035426762234567484,0.001639476948325601,0.015492089567869596,0.008805966690224255,0.9651934202508351,0.010508523491071037
208,3a06935af25fbcbdb6f7cb28f1ee2730de756b93,3,1,ats_reset,1,1,0.7143799792913733,0.3363402743206977,0.12033607544745699,0.10044166535985044,0.7143799792913733,0.16849451158697176,0.016683843761804453
208,3a06935af25fbcbdb6f7cb28f1ee2730de756b93,3,1,ats_g,1,1,0.7550046991439702,0.281031305720733,0.09254176970825677,0.0666129876247353,0.7550046991439702,0.1672028778809585,0.011179435350336024
209,78d6331f4ecae270ffe468b0d43f75de70e0a3d6,0,0,ats_reset,2,0,0.24030133397397402,1.4258615849693377,1.1122648449993942,0.24030133397397402,0.005334338352117856,0.7311324126280535,0.023231915045854583
209,78d6331f4ecae270ffe468b0d43f75de70e0a3d6,0,0,ats_g,2,0,0.30387412133669217,1.1911417378788094,0.9436027690951193,0.30387412133669217,0.0056554480333711205,0.6773532954241019,0.013117135205834773
209,fc9ac0cdf15103babc8d0aacfdd05c0af2970849,5,3,ats_reset,3,1,0.7236220708593546,0.32348602446215136,0.11369768893358526,0.11844879924270586,0.0054390382921865885,0.15249009160575294,0.7236220708593546
209,fc9ac0cdf15103babc8d0aacfdd05c0af2970849,5,3,ats_g,3,1,0.7876008466572052,0.23876385723398968,0.0675391528939541,0.08758030383485196,0.0033942981457457722,0.12142455136219707,0.7876008466572052
210,50185a495ed10d7c0e84f4d0dd3674e04bb9d155,3,0,ats_reset,2,0,0.18267561631408047,1.70004328748227,1.000640671111867,0.18267561631408047,0.08777127480336483,0.5362318794148555,0.19332122946769914
210,50185a495ed10d7c0e84f4d0dd3674e04bb9d155,3,0,ats_g,2,0,0.1720675225218734,1.7598683064036358,1.0397720897314533,0.1720675225218734,0.07485591133631045,0.5570020436579305,0.19607452248388568
210,cc7352e0b5328d4bd12d24922148c1e86b97235a,4,2,ats_reset,0,0,0.348583594581412,1.053877207871623,0.6265927106844864,0.3914546508118467,0.21722357575051734,0.348583594581412,0.04273817885622394
210,cc7352e0b5328d4bd12d24922148c1e86b97235a,4,2,ats_g,2,1,0.384553869861795,0.9556713961782727,0.5680737220073584,0.38055645442544866,0.20934148638660346,0.384553869861795,0.025548189326152878
213,052c06e042828dc95397638c58eb866fced8c5b0,5,1,ats_reset,1,1,0.9101701715204109,0.09412369528309306,0.01098694666307847,0.038182228989941246,0.9101701715204109,0.033758807660517136,0.017888791829130706
213,052c06e042828dc95397638c58eb866fced8c5b0,5,1,ats_g,1,1,0.948651732161975,0.05271353175053385,0.0035455211404441067,0.020092556036802618,0.948651732161975,0.01851800834347289,0.012737703457749558
213,95fc1e5ef3d942bdb5fe4062f15ba678ee2be988,1,1,ats_reset,3,0,0.11785069062816936,2.138336789386626,1.0901950399628482,0.28665636047790016,0.11785069062816936,0.13568191810595048,0.45981103078797997
213,95fc1e5ef3d942bdb5fe4062f15ba678ee2be988,1,1,ats_g,3,0,0.08044108014101918,2.5202302862586006,1.2239617525985271,0.30904503595130944,0.08044108014101918,0.08559730747568385,0.5249165764319875
215,063d838aad0107fca0f353f88190f9957bc2bfdc,0,2,ats_reset,1,0,0.258658863862123,1.3522452134034986,0.7335819833563474,0.22402340841363097,0.258658863862123,0.258658863862123,0.258658863862123
215,063d838aad0107fca0f353f88190f9957bc2bfdc,0,2,ats_g,1,0,0.25987122904533294,1.34756904355731,0.7314268358637194,0.22038631286400126,0.25987122904533294,0.25987122904533294,0.25987122904533294
215,50e35f2789cbf4de7deba1b00babd5941e900dad,4,1,ats_reset,1,1,0.878748458362088,0.12925659021204391,0.021567824551455814,0.07334715969117342,0.878748458362088,0.010939361491017657,0.036965020455720886
215,50e35f2789cbf4de7deba1b00babd5941e900dad,4,1,ats_g,1,1,0.9544919702899471,0.046576048329512246,0.0031355161889342685,0.030323077837026292,0.9544919702899471,0.003735340364628688,0.011449611508397822
218,fec12d115834583971a57d106afcbdf73b7717d2,3,3,ats_reset,1,0,0.2167220124083729,1.5291397954954893,1.0433153899853846,0.11779499909655185,0.6445760003076196,0.020906988187455646,0.2167220124083729
218,fec12d115834583971a57d106afcbdf73b7717d2,3,3,ats_g,1,0,0.14192135267769995,1.9524822291972654,1.3628535316405366,0.0595277916055218,0.7892557312671885,0.009295124449589711,0.14192135267769995
218,fc2c011f3e359ea72e80246089f159f4b051a9cd,5,3,ats_reset,3,1,0.6736501750208359,0.3950443309705673,0.15598461249700607,0.037500349991007896,0.0880460252741266,0.20080344971402958,0.6736501750208359
218,fc2c011f3e359ea72e80246089f159f4b051a9cd,5,3,ats_g,3,1,0.7376212896985996,0.30432474368205475,0.10372394071883628,0.02705377086161866,0.060827036140086624,0.1744979032996951,0.7376212896985996
221,6cef8355e661178f64e94d7b0bdaacca259f1548,4,2,ats_reset,2,1,0.34399402141571045,1.0671310013652586,0.5786358699342276,0.2603737413883209,0.16438628733158112,0.34399402141571045,0.2312459498643875
221,6cef8355e661178f64e94d7b0bdaacca259f1548,4,2,ats_g,2,1,0.359458093355259,1.0231576778639948,0.5574794486883861,0.2530185402740065,0.13020087349785728,0.359458093355259,0.2573224928728772
221,6dee65c5623f8a2d325a158d1496400a7ac67739,5,0,ats_reset,1,0,0.26039696903811255,1.3455480083540488,0.772534581606566,0.26039696903811255,0.35279978898762715,0.07884623462764477,0.3079570073466155
221,6dee65c5623f8a2d325a158d1496400a7ac67739,5,0,ats_g,1,0,0.2722230770030023,1.3011334127734848,0.7572415546555843,0.2722230770030023,0.3706071279145547,0.06359026617107014,0.2935795289113729
23,8530124db9ccb88cf0110c3091ee3b0717ba9e49,2,2,ats_reset,3,0,0.14737299578769864,1.9147885196220036,1.0711439260117666,0.06110468339153435,0.2791774068496997,0.14737299578769864,0.5123449139710673
23,8530124db9ccb88cf0110c3091ee3b0717ba9e49,2,2,ats_g,3,0,0.15055447001683306,1.893430333250846,1.0990930482556729,0.04887227784436067,0.23492630089201824,0.15055447001683306,0.565646951246788
23,6aac91cfdac337f09a9e2a72ef08980b0fe87d5b,7,1,ats_reset,0,0,0.1574529137780447,1.8486288255533392,1.0650214188568143,0.5017738426401551,0.1574529137780447,0.32087854088825524,0.019894702693544934
23,6aac91cfdac337f09a9e2a72ef08980b0fe87d5b,7,1,ats_g,0,0,0.18955462072377322,1.6630780599823167,1.0528778527358535,0.5945614566204854,0.18955462072377322,0.20604874044220578,0.009835182213535526
235,c514a4d00d0b616432d19bc7f8700e17259cbbc1,4,0,ats_reset,0,1,0.7081319584230786,0.3451248207018748,0.11891910546909332,0.7081319584230786,0.0803787472787686,0.15528023011564865,0.05620906418250406
235,c514a4d00d0b616432d19bc7f8700e17259cbbc1,4,0,ats_g,0,1,0.7269300710052069,0.3189249945135272,0.11217446966772335,0.7269300710052069,0.051460485727305445,0.18292867494520923,0.03868076832227838
235,ef8010d270a3ecbfd7d79ad51de1747bd293c37c,1,2,ats_reset,3,0,0.3620983443133163,1.0158394346780064,0.6189374754076779,0.11263007177330714,0.08745259987084418,0.3620983443133163,0.4378189840425324
235,ef8010d270a3ecbfd7d79ad51de1747bd293c37c,1,2,ats_g,3,0,0.3931123384660621,0.9336598594456256,0.6033469285899928,0.07806096939697697,0.05333048939081762,0.3931123384660621,0.4754962027461433
237,b835094f0fb04883cfc7d4023b0a6580b3527034,5,2,ats_reset,0,0,0.31445475007050855,1.1569150921423093,0.6480466818879931,0.338585480812841,0.21375223038708133,0.31445475007050855,0.13320753872956909
237,b835094f0fb04883cfc7d4023b0a6580b3527034,5,2,ats_g,2,1,0.34682530457567956,1.0589340708331354,0.5783819850605528,0.2780391388642155,0.23271031188038702,0.34682530457567956,0.14242524467971787
237,c9943408328c643e0e6829e9ce532aa3a0ab8cc3,7,0,ats_reset,0,1,0.5242669582366943,0.6457542621091759,0.30296558511474814,0.5242669582366943,0.13038277626037598,0.17037439346313477,0.17497587203979492
237,c9943408328c643e0e6829e9ce532aa3a0ab8cc3,7,0,ats_g,0,1,0.5352852041504483,0.6249555822591255,0.29249078428744446,0.5352852041504483,0.12047756731465685,0.1349267883832317,0.20931044015166309
244,0494b0c229fb55196acee84fb249693e0c7ad29a,1,3,ats_reset,0,0,0.25108413765948395,1.3819671862218648,0.7478458289346088,0.25108413765948395,0.24674758702154814,0.25108413765948395,0.25108413765948395
244,0494b0c229fb55196acee84fb249693e0c7ad29a,1,3,ats_g,1,0,0.24988138582336503,1.386768930416628,0.7502373971851447,0.24988138582336503,0.2503558425299049,0.24988138582336503,0.24988138582336503
244,3ac3cbd844b057b8f58548d0dcbe1dd8586a5dc5,2,0,ats_reset,0,1,0.9020658254695725,0.10306778434322868,0.01603537630542816,0.9020658254695725,0.07862407298580171,0.015823069123589273,0.0034870324210365396
244,3ac3cbd844b057b8f58548d0dcbe1dd8586a5dc5,2,0,ats_g,0,1,0.9141491098932774,0.08976158090685851,0.013313880689205358,0.9141491098932774,0.0766425009075316,0.008280823211919456,0.0009275659872715673
247,058417b0ee7efdc1c695febf6f7ee24ee5c4383d,2,1,ats_reset,1,1,0.43804511427879333,0.8254333732733778,0.45401678321604966,0.10866687446832657,0.43804511427879333,0.11783226579427719,0.3354557454586029
247,058417b0ee7efdc1c695febf6f7ee24ee5c4383d,2,1,ats_g,1,1,0.48457227511916606,0.7244886841241867,0.380280619723398,0.08291352423956565,0.48457227511916606,0.13197791912040324,0.3005362815208651
247,9981bb887e6447ec43686a68db0476a879367faa,0,2,ats_reset,0,0,0.25,1.3862943611198906,0.75,0.25,0.25,0.25,0.25
247,9981bb887e6447ec43686a68db0476a879367faa,0,2,ats_g,0,0,0.25,1.3862943611198906,0.75,0.25,0.25,0.25,0.25
25,f1500180119db8d5625885fb0e4e2f8082834065,1,0,ats_reset,0,1,0.7534415160535637,0.28310388031334405,0.08664102447704558,0.7534415160535637,0.0897488229163868,0.13084742942099054,0.025962231609059007
25,f1500180119db8d5625885fb0e4e2f8082834065,1,0,ats_g,0,1,0.8214753503142479,0.19665334765889228,0.04915374713049382,0.8214753503142479,0.04419144347717308,0.12332311547524623,0.011010090733332773
25,c520a0c64ec7c898cafd57098d958c2ac4eb116f,3,0,ats_reset,0,1,0.8358104291246118,0.17935345103156092,0.03723041370778006,0.8358104291246118,0.05377289320359299,0.029863190128379985,0.08055348754341518
25,c520a0c64ec7c898cafd57098d958c2ac4eb116f,3,0,ats_g,0,1,0.8825259823218765,0.12496704888357832,0.019714899527123075,0.8825259823218765,0.03279551637711926,0.017299437233175834,0.06737906406782837
254,54f3689d85f689fa8dfdc44788e54becab4d0b5f,1,3,ats_reset,3,1,0.7340753729200018,0.30914356773775337,0.09650077618276766,0.1232049027324088,0.056851916438727945,0.0858678079088614,0.7340753729200018
254,54f3689d85f689fa8dfdc44788e54becab4d0b5f,1,3,ats_g,3,1,0.827378335187162,0.18949320950459744,0.0413123786411209,0.08837751633111363,0.03331821688162957,0.05092593160009486,0.827378335187162
254,1b486c8b024a4a8fd9c4589c5aa593ff662faf95,2,2,ats_reset,2,1,0.3962786858304117,0.9256375631480438,0.5197379109982116,0.3396824142762761,0.0819391498349257,0.3962786858304117,0.18209975005838647
254,1b486c8b024a4a8fd9c4589c5aa593ff662faf95,2,2,ats_g,0,0,0.3414009088970687,1.0746978063609331,0.6355274002709701,0.410093324593852,0.08737101373310754,0.3414009088970687,0.16113475277597178
256,5b2dd4d6e43360200e92820c24ee76e1a045ba31,1,0,ats_reset,2,0,0.3934354635538361,0.9328382307915961,0.5510191978134862,0.3934354635538361,0.12058932630012459,0.40184433751388127,0.08413087263215807
256,5b2dd4d6e43360200e92820c24ee76e1a045ba31,1,0,ats_g,2,0,0.382137469281907,0.9619748678821198,0.5914510870185192,0.382137469281907,0.10215410691328745,0.43990355878709103,0.07580486501771454
256,ee4e685e4cd227f920cfe463d4daf635ef601ad8,0,0,ats_reset,0,1,0.31269388740464205,1.162530562503959,0.646560820096538,0.31269388740464205,0.12699281625396133,0.3032700347356524,0.2570432616057442
256,ee4e685e4cd227f920cfe463d4daf635ef601ad8,0,0,ats_g,0,1,0.32518194594665867,1.1233704196187866,0.6254776873218083,0.32518194594665867,0.12202567366293282,0.311169084119426,0.2416232962709825
260,2285e464c95037290a11fc1b14df9b9b402734ec,2,3,ats_reset,3,1,0.2953412400778574,1.2196238451308818,0.6673769353112781,0.2706559179430045,0.2582270685630857,0.17577577341605247,0.2953412400778574
260,2285e464c95037290a11fc1b14df9b9b402734ec,2,3,ats_g,3,1,0.3057259129729815,1.1850662876556008,0.6501936822193601,0.2703752260929846,0.2630830264032588,0.16081583453077508,0.3057259129729815
260,d03477215984e392f238796d2500fcb1ed041f8f,0,1,ats_reset,1,1,0.8368855558915892,0.17806794915355856,0.037402382342033254,0.02332168029022067,0.8368855558915892,0.05438588085796906,0.08540688296022111
260,d03477215984e392f238796d2500fcb1ed041f8f,0,1,ats_g,1,1,0.8924277087903275,0.11380976716315784,0.016780025492518114,0.0093300238937352,0.8924277087903275,0.0369678055772776,0.06127446173865964
261,52ab271c1f9bcb42d2a81ad7639d88505d63df17,3,3,ats_reset,3,1,0.40531345295950505,0.9030945533018819,0.5024262117871907,0.30339103259017247,0.23020976267286175,0.061085751777460756,0.40531345295950505
261,52ab271c1f9bcb42d2a81ad7639d88505d63df17,3,3,ats_g,3,1,0.5103830015093405,0.6725938517590154,0.3543787421556372,0.2894191550287993,0.17375658047617118,0.026441262985689076,0.5103830015093405
261,9a708ad2abe8bf839f398a6f38c3b07c53cc5012,2,1,ats_reset,1,1,0.42036218077484044,0.866638604123899,0.450616688554747,0.17001174643653252,0.42036218077484044,0.17451507113151357,0.23511100165711346
261,9a708ad2abe8bf839f398a6f38c3b07c53cc5012,2,1,ats_g,1,1,0.4264921452578996,0.8521613289658327,0.4465791724715098,0.16060392954242883,0.4264921452578996,0.14887824848694306,0.26402567671272853
265,71b2bb47db63430f33ffc689233491c94d900b33,1,3,ats_reset,3,1,0.4136039522229742,0.8828464001687415,0.48045318442215335,0.09777191807839458,0.18243823537741075,0.3061858943212205,0.4136039522229742
265,71b2bb47db63430f33ffc689233491c94d900b33,1,3,ats_g,3,1,0.44005428657077256,0.8208571811104024,0.4409775173225559,0.08298794769091768,0.18013952769702932,0.29681823804128044,0.44005428657077256
265,c242e6706988242f5c7b46b7e8ad66c0dcf8f7a9,0,0,ats_reset,0,1,0.25,1.3862943611198906,0.75,0.25,0.25,0.25,0.25
265,c242e6706988242f5c7b46b7e8ad66c0dcf8f7a9,0,0,ats_g,0,1,0.25,1.3862943611198906,0.75,0.25,0.25,0.25,0.25
275,8e2bc980dc9b260a2c95d603f52b18b57ef63102,2,0,ats_reset,0,1,0.33390386405157435,1.0969021596179844,0.5939931477566588,0.33390386405157435,0.18342246935170006,0.23189360939980788,0.2507800571969177
275,8e2bc980dc9b260a2c95d603f52b18b57ef63102,2,0,ats_g,0,1,0.3188700930795258,1.1429714908642745,0.6242863876363238,0.3188700930795258,0.16656924008099505,0.26769152606336116,0.246869140776118
275,b351d308f74382d77906b3afc09e8db8f62eff0b,1,0,ats_reset,0,1,0.47304558753967285,0.7485635155579416,0.4098361503178256,0.47304558753967285,0.11817266047000885,0.07278700172901154,0.33599475026130676
275,b351d308f74382d77906b3afc09e8db8f62eff0b,1,0,ats_g,0,1,0.5536739009480072,0.5911793919910538,0.29325041851763267,0.5536739009480072,0.10483642068928695,0.05951274735172392,0.281976931010982
277,e2b1caa6443541c7b4581651af59ee4a3daffbc7,2,1,ats_reset,0,0,0.25,1.3862943611198906,0.75,0.25,0.25,0.25,0.25
277,e2b1caa6443541c7b4581651af59ee4a3daffbc7,2,1,ats_g,0,0,0.25,1.3862943611198906,0.75,0.25,0.25,0.25,0.25
277,6194658364bc0b3745170aca143457f714410541,0,3,ats_reset,3,1,0.39131125807762146,0.9382519792171587,0.49971021953912365,0.141285702586174,0.23632684350013733,0.2310761958360672,0.39131125807762146
277,6194658364bc0b3745170aca143457f714410541,0,3,ats_g,3,1,0.43823731935529403,0.8249946903277755,0.4260113327094409,0.13171117453860776,0.19750375411009652,0.2325477519960017,0.43823731935529403
280,fc2fb719fc20073e3b72bdd03d2425b9cae56090,1,2,ats_reset,3,0,0.08584561944007874,2.4552047186821673,1.1837280051679766,0.24653175473213196,0.15435117483139038,0.08584561944007874,0.5132714509963989
280,fc2fb719fc20073e3b72bdd03d2425b9cae56090,1,2,ats_g,3,0,0.06339439538884042,2.7583798222534717,1.2844449466508734,0.2069078367526669,0.1432923234945166,0.06339439538884042,0.586405444363976
280,d4975b64bb2f2c8916b1faa99cd35ea2c7ff9957,2,1,ats_reset,1,1,0.38611364508462565,0.9516235355318967,0.5441443477511005,0.2540541598724356,0.38611364508462565,0.04206695795829206,0.31776523708464666
280,d4975b64bb2f2c8916b1faa99cd35ea2c7ff9957,2,1,ats_g,1,1,0.45494091528368785,0.7875877249826417,0.42893180716921075,0.21858920709658947,0.45494091528368785,0.039198917062562434,0.2872709605571602
281,05d0edb0a5e1188b4b690450c78d6ce6ca96c0fb,0,1,ats_reset,3,0,0.27564185857772827,1.2886528697436657,0.7668193694195327,0.06264667212963104,0.27564185857772827,0.23270021378993988,0.4290112555027008
281,05d0edb0a5e1188b4b690450c78d6ce6ca96c0fb,0,1,ats_g,3,0,0.26223240578967205,1.3385241234142047,0.8040148675166883,0.056653104599793606,0.26223240578967205,0.22977413189926357,0.45134035771127073
281,35a2348c74c6912b6005cba4c510acdfd9882d24,1,3,ats_reset,3,1,0.613735178397534,0.48819174941545834,0.22455557765090778,0.09695256921435474,0.25443880897034227,0.03487344341776896,0.613735178397534
281,35a2348c74c6912b6005cba4c510acdfd9882d24,1,3,ats_g,3,1,0.6774758773847293,0.3893813321983591,0.15427864374540115,0.08685456222292817,0.2042727586835076,0.031396801708835013,0.6774758773847293
289,18f6fe2768a8b797f06a5dc7f0f523f8e502a5d8,3,0,ats_reset,0,1,0.25,1.3862943611198906,0.75,0.25,0.25,0.25,0.25
289,18f6fe2768a8b797f06a5dc7f0f523f8e502a5d8,3,0,ats_g,0,1,0.25,1.3862943611198906,0.75,0.25,0.25,0.25,0.25
289,3705502e15e5be893f10cf10d279d71236840843,2,0,ats_reset,2,0,0.23528345718135069,1.4469642909419773,0.7951531797458978,0.23528345718135069,0.24901031705706367,0.34554346366097144,0.17016276210061423
289,3705502e15e5be893f10cf10d279d71236840843,2,0,ats_g,2,0,0.22358199542137974,1.4979770623145017,0.822925024955208,0.22358199542137974,0.2529233955282479,0.35948818712663927,0.16400642192373308
292,dbe00e045ce50ff85ea091b190f100d576a19e85,0,3,ats_reset,0,0,0.2460357507781275,1.4022784252425462,0.7581170817064625,0.2618927476656175,0.2460357507781275,0.2460357507781275,0.2460357507781275
292,dbe00e045ce50ff85ea091b190f100d576a19e85,0,3,ats_g,0,0,0.24839360679735567,1.3927406667848035,0.7532437523947467,0.254819179607933,0.24839360679735567,0.24839360679735567,0.24839360679735567
292,c44a2df4f2c325dcba906fc9b72e1f1a59d9cb6b,1,2,ats_reset,3,0,0.21784473631017304,1.5239726887019938,0.8866923846806118,0.24959043786539975,0.07811029138996763,0.21784473631017304,0.4544545344344596
292,c44a2df4f2c325dcba906fc9b72e1f1a59d9cb6b,1,2,ats_g,3,0,0.1854808297601548,1.6848037458859915,1.0003761775781264,0.22216097876001378,0.05939323794886758,0.1854808297601548,0.5329649535309638
294,56e7001a6fd2174376ea0a3bf81f27904a7fc2b4,1,1,ats_reset,1,1,0.4786020619249989,0.7368857952743554,0.38425448985028277,0.2459521043841796,0.4786020619249989,0.22130233632651827,0.054143497364303204
294,56e7001a6fd2174376ea0a3bf81f27904a7fc2b4,1,1,ats_g,1,1,0.6061514665114864,0.5006253794053783,0.22175261184785114,0.19222483330870815,0.6061514665114864,0.16922054741392614,0.03240315276587923
294,243a8b36cfab3ddf5d1d288fdca40c2ed13a2ae5,0,2,ats_reset,2,1,0.42353506789513234,0.8591189633709846,0.4512266746014341,0.1264780369316654,0.19606197756805915,0.42353506789513234,0.2539249176051431
294,243a8b36cfab3ddf5d1d288fdca40c2ed13a2ae5,0,2,ats_g,2,1,0.39359474120746896,0.932433474646676,0.5106442265209068,0.10447967210919337,0.19602537684835653,0.39359474120746896,0.3059002098349811
298,f1ba138bc68a07bd651979735007b19284b3668d,1,0,ats_reset,0,1,0.4221279040042226,0.8624469208112383,0.522063427926405,0.4221279040042226,0.07540735841791163,0.41887125544368253,0.0835934821341832
298,f1ba138bc68a07bd651979735007b19284b3668d,1,0,ats_g,0,1,0.5119810538885684,0.6694676587511886,0.37728144194142277,0.5119810538885684,0.06365169289286435,0.3622230037198393,0.06214424949872796
298,2724bbec240067239ccadb3d216af4f854d4cf87,0,1,ats_reset,0,0,0.25,1.3862943611198906,0.75,0.25,0.25,0.25,0.25
298,2724bbec240067239ccadb3d216af4f854d4cf87,0,1,ats_g,0,0,0.25,1.3862943611198906,0.75,0.25,0.25,0.25,0.25
299,36a42f9af9674deb39c0ef4349a3553f7d162e83,0,3,ats_reset,0,0,0.042818724471051624,3.1507797844228094,1.6784116873503474,0.8707442153879372,0.055145847720714694,0.031291212420296484,0.042818724471051624
299,36a42f9af9674deb39c0ef4349a3553f7d162e83,0,3,ats_g,0,0,0.02195009556653839,3.8189837856418065,1.8260559328385821,0.9318223306962825,0.030629337587380234,0.015598236149798902,0.02195009556653839
299,9355fc9c3a13b99b3a7b8770098d0f42e0c4c392,1,1,ats_reset,2,0,0.2178291892358419,1.5240440589329216,0.887375932387177,0.22708993336826364,0.2178291892358419,0.4645665426423115,0.09051433475358292
299,9355fc9c3a13b99b3a7b8770098d0f42e0c4c392,1,1,ats_g,2,0,0.22390048493565404,1.4965535895215598,0.8679822508199742,0.23906413921356778,0.22390048493565404,0.4478172046862322,0.08921817116454596
30,d9711a2a10f2e9f98c25b5577f6041d8dc4f8e36,4,0,ats_reset,2,0,0.18458319100241716,1.6896550173841982,1.0022313399238485,0.18458319100241716,0.13003186106491918,0.5495042473373266,0.1358807005953371
30,d9711a2a10f2e9f98c25b5577f6041d8dc4f8e36,4,0,ats_g,2,0,0.16727213839916652,1.7881332216234385,1.093846416706696,0.16727213839916652,0.09374207194209351,0.6129812420963661,0.12600454756237395
30,43b4532eef1f185ec65202174bb75c381f7fa550,5,3,ats_reset,3,1,0.40519946209789126,0.9033758341062903,0.4930792095532764,0.27208321881170244,0.08015207826864602,0.2425652408217603,0.40519946209789126
30,43b4532eef1f185ec65202174bb75c381f7fa550,5,3,ats_g,3,1,0.41422742636575605,0.8813401169405616,0.48895773008156906,0.30219354332370635,0.05723553471373637,0.22634349559680125,0.41422742636575605
307,9b3ca95d2d7b6f600ba0ef4c7fa06405c724b5f3,3,2,ats_reset,0,0,0.20421128614960615,1.5886001047024805,0.888635649741774,0.4233283544078243,0.12798192941953995,0.20421128614960615,0.2444784300230296
307,9b3ca95d2d7b6f600ba0ef4c7fa06405c724b5f3,3,2,ats_g,0,0,0.19175081090211366,1.6515586097887531,0.9113784161436521,0.41620735031713946,0.13263833372619935,0.19175081090211366,0.2594035050545475
307,d5fe37ca398821603c4b5219d5a299e1d2fbd116,4,2,ats_reset,3,0,0.16977631314588992,1.7732735133876032,1.0032097018299757,0.09926082637581943,0.22959127558430772,0.16977631314588992,0.5013715848939829
307,d5fe37ca398821603c4b5219d5a299e1d2fbd116,4,2,ats_g,3,0,0.17912249828656437,1.7196853592310413,0.9960569651421356,0.07860068989488521,0.2287453035673142,0.17912249828656437,0.5135315082512362
309,371ab72ed3565a47534862a94c52e03eb66cd475,1,0,ats_reset,0,1,0.53880444400337,0.6184025865152616,0.28411470734473043,0.53880444400337,0.14619962252376215,0.14287234204246652,0.1721235914304013
309,371ab72ed3565a47534862a94c52e03eb66cd475,1,0,ats_g,0,1,0.649667502659685,0.4312945813405098,0.16403630025526,0.649667502659685,0.11133911667641087,0.10630342197847259,0.13268995868543154
309,b31c43105a923cfb7b6485940c7e42405b8d51df,0,2,ats_reset,2,1,0.485862824960521,0.7218289480902178,0.39509945237853,0.039215214842671264,0.32815042382590787,0.485862824960521,0.1467715363708998
309,b31c43105a923cfb7b6485940c7e42405b8d51df,0,2,ats_g,2,1,0.5149483363177675,0.6636887011801487,0.3552432523226831,0.04048438937689971,0.32104881170049115,0.5149483363177675,0.12351846260484167
310,00ed0764f3a398fe9da5f91442e01c0b460d7414,1,0,ats_reset,1,0,0.15529289277153568,1.8624423143851176,0.9915909030574414,0.15529289277153568,0.4338684340636989,0.15333872457377462,0.2574999485909908
310,00ed0764f3a398fe9da5f91442e01c0b460d7414,1,0,ats_g,1,0,0.1601968560349489,1.8313518697904627,0.9774775203858918,0.1601968560349489,0.4285363068009139,0.16094210035221557,0.2503247368119216
310,a7ffcc2f3aaf3e1acf69e9feec17c39e25c50a84,4,2,ats_reset,1,0,0.22854353743272574,1.476028550986904,0.875083985328434,0.14240295977557185,0.490319461784427,0.22854353743272574,0.13873404100727546
310,a7ffcc2f3aaf3e1acf69e9feec17c39e25c50a84,4,2,ats_g,1,0,0.21344735267251044,1.544365068420033,0.9242370928102706,0.1260605592969241,0.5193965951731461,0.21344735267251044,0.14109549285741943
312,0b57887962d0bf4a53adfdde9cd8c4765bf8c80f,1,2,ats_reset,1,0,0.07107553895844292,2.644012038520002,1.2640045860692086,0.2215200298100721,0.5793372012427896,0.07107553895844292,0.1280672299886953
312,0b57887962d0bf4a53adfdde9cd8c4765bf8c80f,1,2,ats_g,1,0,0.052558722611475296,2.9458242085357558,1.323453734314759,0.21614759113315174,0.6019662787270564,0.052558722611475296,0.12932740752831653
312,5cda83907de652ad97233ba2215cb4219c220479,0,3,ats_reset,3,1,0.5635098470826378,0.5735704707967149,0.2571988453400293,0.18963302029518875,0.13450302784903473,0.11235410477313867,0.5635098470826378
312,5cda83907de652ad97233ba2215cb4219c220479,0,3,ats_g,3,1,0.6462014678005101,0.4366439541605366,0.17389054105398472,0.1855858914822603,0.09208348469420619,0.07612915602302336,0.6462014678005101
314,7f87094a7a23b2480878bb0c51993069600afa07,2,3,ats_reset,3,1,0.5007402543337022,0.6916677667649859,0.35585415493521194,0.2377257760257836,0.04165944286276682,0.21987452677774746,0.5007402543337022
314,7f87094a7a23b2480878bb0c51993069600afa07,2,3,ats_g,3,1,0.5053698833812892,0.6824646754725745,0.35011560829191135,0.21260544388561955,0.039803089652703086,0.24222158308038821,0.5053698833812892
314,aff582e55feb1582247b77ddc68749b03e55814c,1,3,ats_reset,2,0,0.19434487343143012,1.6381210000537811,0.9390511265393153,0.2501729559243522,0.08655503098581148,0.4689271396584062,0.19434487343143012
314,aff582e55feb1582247b77ddc68749b03e55814c,1,3,ats_g,2,0,0.1911786139175694,1.6545471365162834,0.9568439115601165,0.2443112949946685,0.07777027026234144,0.48673982082542067,0.1911786139175694
319,9f4ea2918e27de880a773f4fc2abf1c26e20e5e9,2,0,ats_reset,0,1,0.5617299372860012,0.5767340832211469,0.2755448374710339,0.5617299372860012,0.15049917290727952,0.045376191419611425,0.24239469838710792
319,9f4ea2918e27de880a773f4fc2abf1c26e20e5e9,2,0,ats_g,0,1,0.6801222204592441,0.38548276099308226,0.14726634947479048,0.6801222204592441,0.12114678961141546,0.026836163592577397,0.171894826336763
319,4dfb289d15ff3e535bca06872a43231880ee31b9,1,3,ats_reset,0,0,0.18171670220568617,1.7053063859240725,0.8965463001809564,0.3201316749990728,0.23498794876092902,0.263163674034312,0.18171670220568617
319,4dfb289d15ff3e535bca06872a43231880ee31b9,1,3,ats_g,0,0,0.18091111798687948,1.7097494291721445,0.8955045601249398,0.29386040842030575,0.27509520459077513,0.25013326900203964,0.18091111798687948
321,7ee8fa57ee87dd71d79406a3e4989e04aca1d101,1,1,ats_reset,0,0,0.20843378796455647,1.56813385189647,0.9132603421890133,0.47156086043213324,0.20843378796455647,0.24097154801190523,0.07903380359140504
321,7ee8fa57ee87dd71d79406a3e4989e04aca1d101,1,1,ats_g,0,0,0.21623644429048897,1.5313828204968585,0.944958830279123,0.5426422266591712,0.21623644429048897,0.18032346736097485,0.06079786168936499
321,15a9041f763c0e22e25c98a6cf3172eece50e862,0,2,ats_reset,0,0,0.25,1.3862943611198906,0.75,0.25,0.25,0.25,0.25
321,15a9041f763c0e22e25c98a6cf3172eece50e862,0,2,ats_g,0,0,0.25,1.3862943611198906,0.75,0.25,0.25,0.25,0.25
327,da4e631638801286d04db8d26facee5217822d02,2,2,ats_reset,1,0,0.08419995880424914,2.4745608469946747,1.286918905805694,0.27129108117954553,0.611161419915578,0.08419995880424914,0.033347540100627245
327,da4e631638801286d04db8d26facee5217822d02,2,2,ats_g,1,0,0.08094849615420269,2.513942176496125,1.2836625036917009,0.297986145459436,0.5910233246618998,0.08094849615420269,0.03004203372446157
327,e3a8bfc4a5061d5a3b23086ea3aa1969b7416064,1,0,ats_reset,0,1,0.25,1.3862943611198906,0.75,0.25,0.25,0.25,0.25
327,e3a8bfc4a5061d5a3b23086ea3aa1969b7416064,1,0,ats_g,0,1,0.25,1.3862943611198906,0.75,0.25,0.25,0.25,0.25
328,559dcfea226fbc2f005bcc850f7694dfcd7fba03,0,2,ats_reset,1,0,0.25862223295304526,1.3523868420435725,0.7830330216874813,0.2709221880275337,0.3922770975869462,0.25862223295304526,0.07817848143247487
328,559dcfea226fbc2f005bcc850f7694dfcd7fba03,0,2,ats_g,1,0,0.2733426553818521,1.2970291229179556,0.7652497488857846,0.2865173755517107,0.3907525110559189,0.2733426553818521,0.04938745801051826
328,ac8c5c7d5eb66d25f18cc4743fa936d493b3726c,1,1,ats_reset,2,0,0.149371468303883,1.901318999729787,0.9899623896229467,0.18724924978989735,0.149371468303883,0.4068400677961081,0.25653921411011155
328,ac8c5c7d5eb66d25f18cc4743fa936d493b3726c,1,1,ats_g,2,0,0.14676157039918297,1.918945979094531,1.0121775944405198,0.16746808619698153,0.14676157039918297,0.44529546135160225,0.24047488205223322
332,eb0eaa08d2e81bf505acb790d37469ac8bcd201b,0,1,ats_reset,1,1,0.41296096308936564,0.8844022108531676,0.4608422868295922,0.18521327828626413,0.41296096308936564,0.17650460845928997,0.22532115016508025
332,eb0eaa08d2e81bf505acb790d37469ac8bcd201b,0,1,ats_g,1,1,0.47769955284631244,0.7387732946421071,0.36439329679932203,0.1705789790869162,0.47769955284631244,0.15791141584963628,0.1938100522171351
332,2d1af8a9160a0d7eb22a7fab7937c5299f97d7fa,1,1,ats_reset,0,0,0.19270317885116434,1.6466042073244274,0.9096171652096444,0.3832347519739828,0.19270317885116434,0.31475837611742125,0.1093036930574316
332,2d1af8a9160a0d7eb22a7fab7937c5299f97d7fa,1,1,ats_g,2,0,0.17769695238859348,1.7276756942860254,0.9533215001726697,0.3446693936797734,0.17769695238859348,0.38760401296991864,0.09002964096171447
346,c74dac5febc7c7634559f5eaa9160f89b82e0736,6,2,ats_reset,2,1,0.6070272688285868,0.49918156499661964,0.20988390277929073,0.07967001674592594,0.15279594974493682,0.6070272688285868,0.1605067646805504
346,c74dac5febc7c7634559f5eaa9160f89b82e0736,6,2,ats_g,2,1,0.6751120918223655,0.39287653993730803,0.14328897039138086,0.06769892824112736,0.12224677675978227,0.6751120918223655,0.1349422031767248
346,aae2450770900b70c991923796fedb2844934979,5,2,ats_reset,2,1,0.446808429395259,0.8056253458163105,0.47404188396941405,0.10144185247792005,0.05900422528788552,0.446808429395259,0.3927454928389354
346,aae2450770900b70c991923796fedb2844934979,5,2,ats_g,2,1,0.5481710362486593,0.6011679307874888,0.32612763665476385,0.06574021473493147,0.04620400662826738,0.5481710362486593,0.3398847423881419
351,1d698e3617aa6182c2c81a6c5275de17897449a2,7,3,ats_reset,1,0,0.3029935359954834,1.1940438070485666,0.706551556645687,0.08331963419914246,0.41972747445106506,0.19395935535430908,0.3029935359954834
351,1d698e3617aa6182c2c81a6c5275de17897449a2,7,3,ats_g,1,0,0.39369195302246973,0.9321865206051375,0.5609599478102054,0.0709708635784796,0.4177030653024424,0.11763411809660822,0.39369195302246973
351,f44cfd645e93535459e2f88f0f5bcb5cd91773ad,2,2,ats_reset,2,1,0.9794039766429247,0.020811079437371618,0.0007015605898835131,0.002120484270065816,0.0020895115060204895,0.9794039766429247,0.016386027580988987
351,f44cfd645e93535459e2f88f0f5bcb5cd91773ad,2,2,ats_g,2,1,0.9938932623729736,0.00612546000995163,6.473008488547166e-05,0.00038039520615626313,0.0005289003214060765,0.9938932623729736,0.005197442099464069
355,2246d93dc11359b5d4b1fb293ecc6453f2601d96,1,0,ats_reset,0,1,0.8049669790057261,0.21695402227357471,0.0747314851659763,0.8049669790057261,0.0005597177442584743,0.002940947148653205,0.19153235610136218
355,2246d93dc11359b5d4b1fb293ecc6453f2601d96,1,0,ats_g,0,1,0.8771015878758036,0.13113245765612447,0.029658462588097873,0.8771015878758036,0.0003491849691997676,0.0019232681118609581,0.12062595904313564
355,f9006e264d482be4424fff8d0a43ab9d593d3541,0,0,ats_reset,0,1,0.38495708659163375,0.954623414305213,0.5482671775306669,0.38495708659163375,0.22280686267634817,0.3434644443829192,0.04877160634909887
355,f9006e264d482be4424fff8d0a43ab9d593d3541,0,0,ats_g,0,1,0.4219066152466254,0.8629712803193398,0.4972498084759521,0.4219066152466254,0.19945402030101794,0.3499311024453798,0.0287082620069768
361,ff8f5ecaf19c84a626d4edff9ab190dc6ba0bddf,0,1,ats_reset,0,0,0.2576706433451794,1.356073085759489,0.8104702903516237,0.3612068031095602,0.2576706433451794,0.3583704862591856,0.02275206728607479
361,ff8f5ecaf19c84a626d4edff9ab190dc6ba0bddf,0,1,ats_g,0,0,0.22163537674459943,1.5067216945012167,0.9060538563839993,0.4323248525967989,0.22163537674459943,0.33646074624985645,0.009579024408745192
361,8264125065871b23129f62f86698e70dd863330b,4,3,ats_reset,3,1,0.5976930856704712,0.5146778914462607,0.230321807911396,0.08166870474815369,0.08821935951709747,0.23241885006427765,0.5976930856704712
361,8264125065871b23129f62f86698e70dd863330b,4,3,ats_g,3,1,0.6010938293448281,0.509004234594723,0.23195138646098928,0.06457513518290543,0.08726969572288039,0.247061339749386,0.6010938293448281
363,e0a039f69f1cf20bbcb3474966985333708a5f0a,2,1,ats_reset,1,1,0.35303655813941237,1.0411836632769222,0.6150739027082912,0.3277849031089965,0.35303655813941237,0.021509953223414216,0.2976685855281769
363,e0a039f69f1cf20bbcb3474966985333708a5f0a,2,1,ats_g,1,1,0.373425617901009,0.985036443101446,0.5805882515543144,0.317097943349997,0.373425617901009,0.014107752361825609,0.2953686863871684
363,9631230f119fd4ffd426d1fc008f4e392b95b5f8,1,2,ats_reset,1,0,0.295752974567957,1.2182307184634602,0.6987850878832863,0.19273841524674307,0.3877629964632019,0.295752974567957,0.12374561372209797
363,9631230f119fd4ffd426d1fc008f4e392b95b5f8,1,2,ats_g,1,0,0.2938548201049919,1.224669442774049,0.750692389919682,0.13412051212917775,0.4737048387820607,0.2938548201049919,0.09831982898376962
365,b4170f81ee527241c2c4250b98154fe966d3a8a2,4,1,ats_reset,3,0,0.26980979054599374,1.3100380477053029,0.7274952310139419,0.18376707088253114,0.26980979054599374,0.19818480903461005,0.34823832953686507
365,b4170f81ee527241c2c4250b98154fe966d3a8a2,4,1,ats_g,3,0,0.29328986003922064,1.2265938755731014,0.684128353496474,0.16691400949326546,0.29328986003922064,0.1952692712795426,0.3445268591879713
365,aeddb350131244be3d40e3ced9aaa6157718979b,1,1,ats_reset,0,0,0.25,1.3862943611198906,0.75,0.25,0.25,0.25,0.25
365,aeddb350131244be3d40e3ced9aaa6157718979b,1,1,ats_g,0,0,0.25,1.3862943611198906,0.75,0.25,0.25,0.25,0.25
370,848fb2c25982a5d55d647baa834294f94aab01eb,1,0,ats_reset,0,1,0.25,1.3862943611198906,0.75,0.25,0.25,0.25,0.25
370,848fb2c25982a5d55d647baa834294f94aab01eb,1,0,ats_g,0,1,0.25,1.3862943611198906,0.75,0.25,0.25,0.25,0.25
370,d29409b9b094ba8c79d356ef9fd46908416d22f9,3,0,ats_reset,0,1,0.980332335541763,0.01986364690523991,0.0005690278456335402,0.980332335541763,0.0018792791940838232,0.005695301812631867,0.012093083451521287
370,d29409b9b094ba8c79d356ef9fd46908416d22f9,3,0,ats_g,0,1,0.9886013688680312,0.01146409345716051,0.00019710646819431416,0.9886013688680312,0.0013828220255791318,0.002259517414400516,0.0077562916919891225
371,572744aa0d991d5c62e85450f8dad097f3f52bd0,2,1,ats_reset,1,1,0.9804158354824559,0.019778475395734168,0.0005234387486326888,0.00888380926125817,0.9804158354824559,0.003984824104934192,0.006715531151351713
371,572744aa0d991d5c62e85450f8dad097f3f52bd0,2,1,ats_g,1,1,0.9915198929097858,0.008516267774451493,9.884374049693837e-05,0.004211536353436375,0.9915198929097858,0.0019291784308130427,0.0023393923059647466
371,330131be26b4b908ba9acb52357ee95597700adf,3,2,ats_reset,0,0,0.30226403249603484,1.1964543637790361,0.6782502841208893,0.30226403249603484,0.09320790251189542,0.30226403249603484,0.30226403249603484
371,330131be26b4b908ba9acb52357ee95597700adf,3,2,ats_g,0,0,0.30833298685804444,1.1765749538420927,0.6741668745532805,0.30833298685804444,0.07500103942586667,0.30833298685804444,0.30833298685804444
377,9bc8dfe99f2a30524e6835521170787e31947cb6,1,2,ats_reset,2,1,0.7801277201276364,0.24829762894966473,0.0755990162794485,0.15844224718001618,0.019216610512477746,0.7801277201276364,0.04221342217986965
377,9bc8dfe99f2a30524e6835521170787e31947cb6,1,2,ats_g,2,1,0.8751238281536313,0.13338988474737018,0.02423646232256968,0.08938905794961069,0.014401946551707593,0.8751238281536313,0.02108516734505037
377,cb8ee5b99d626e54da2775f6381658a0ae021499,2,0,ats_reset,0,1,0.8353956481787578,0.17984983619914008,0.03871580736305104,0.8353956481787578,0.06562689801797658,0.014732023948036535,0.08424542985522909
377,cb8ee5b99d626e54da2775f6381658a0ae021499,2,0,ats_g,0,1,0.8878525848250522,0.11894955785072958,0.018302736520693447,0.8878525848250522,0.04865788820172886,0.005834884208833462,0.057654642764385484
382,d86be374d9d89dc491187c61038cd83dfcdcc77b,2,3,ats_reset,3,1,0.5931380369024797,0.5223281298342465,0.27381932694372507,0.05658128836534437,0.02726716165517583,0.3230135130770001,0.5931380369024797
382,d86be374d9d89dc491187c61038cd83dfcdcc77b,2,3,ats_g,3,1,0.6577500194724417,0.41893032945711095,0.194899711991374,0.04764419246382125,0.02061743992524557,0.2739883481384915,0.6577500194724417
382,5fefaa04061dde7cb0dbbb49b9c5ae265d73ea61,5,3,ats_reset,0,0,0.33489343648736714,1.0939428977993295,0.6369263830381027,0.3463211072471779,0.050284411945508464,0.2685010443199465,0.33489343648736714
382,5fefaa04061dde7cb0dbbb49b9c5ae265d73ea61,5,3,ats_g,3,1,0.3895794404786359,0.9426874794515775,0.5374108908652628,0.29099135588653796,0.03908261163484958,0.2803465919999766,0.3895794404786359
39,3b72c0abe01e23fe25ee9e26a5d46e695b2ce3d6,3,3,ats_reset,3,1,0.9632338240592097,0.03745908870360313,0.0019890653893054272,0.008096140771656574,0.02330108534870164,0.005368949820432114,0.9632338240592097
39,3b72c0abe01e23fe25ee9e26a5d46e695b2ce3d6,3,3,ats_g,3,1,0.9825736562238517,0.017579969881923115,0.0004495946344153659,0.0037686648341963254,0.011213371677359993,0.0024443072645919913,0.9825736562238517
39,844f287eec9be7768f79c0b6f707f6cba3ba1335,4,2,ats_reset,0,0,0.03746390060899911,3.2843774600779607,1.6864418418051246,0.8681860776365158,0.07690774090550957,0.03746390060899911,0.017442280848975575
39,844f287eec9be7768f79c0b6f707f6cba3ba1335,4,2,ats_g,0,0,0.020669551547569002,3.8790936013356707,1.8015143515889913,0.9162597602171728,0.05281115517720962,0.020669551547569002,0.01025953305804851
408,34d8953bc0af797c693a4781009136c0ab6fb9c2,4,1,ats_reset,1,1,0.5231276076566039,0.6479298529831196,0.3083598289067191,0.11724528495601885,0.5231276076566039,0.14417463326193938,0.21545247412543783
408,34d8953bc0af797c693a4781009136c0ab6fb9c2,4,1,ats_g,1,1,0.6139695025288737,0.4878100222170114,0.20085189555473093,0.09784705460129631,0.6139695025288737,0.12494157638817484,0.1632418664816551
408,700900e6e866ea5bc904b55977a4f54095910033,2,2,ats_reset,2,1,0.44659004280850356,0.8061142353720907,0.44974517011295057,0.2011437446049414,0.03299324263622228,0.44659004280850356,0.3192729699503328
408,700900e6e866ea5bc904b55977a4f54095910033,2,2,ats_g,2,1,0.4917354016489775,0.7098145086834088,0.3885501375996288,0.18159879672623389,0.015204848582737823,0.4917354016489775,0.3114609530420508
411,a9cdf3ee568365a3b9103a6ae35a4b9c47f9bec0,4,2,ats_reset,2,1,0.8447504702564363,0.16871399670670137,0.0330364674359321,0.03200442367795425,0.07417424078415513,0.8447504702564363,0.04907086528145421
411,a9cdf3ee568365a3b9103a6ae35a4b9c47f9bec0,4,2,ats_g,2,1,0.8795095397193715,0.12839086811022699,0.02023171311956418,0.02992347118032534,0.06421967970053889,0.8795095397193715,0.02634730939976422
411,6eae369fd6eba467fdfdc5a4c4820a9c5c53020e,2,0,ats_reset,0,1,0.9369158282349456,0.06516183190476403,0.00547475655341401,0.9369158282349456,0.030983899121967466,0.012893550392838037,0.019206722250248977
411,6eae369fd6eba467fdfdc5a4c4820a9c5c53020e,2,0,ats_g,0,1,0.9696947787182791,0.030773918116080882,0.0012568078492617625,0.9696947787182791,0.014735251554703966,0.0076092075936766606,0.007960762133340196
425,ab25605483644d009364011f08985f35a80cfd09,6,1,ats_reset,1,1,0.5171186461640614,0.6594829411234006,0.31521133089720943,0.21444348563759158,0.5171186461640614,0.13094204983633312,0.13749581836201386
425,ab25605483644d009364011f08985f35a80cfd09,6,1,ats_g,1,1,0.6401200625348489,0.44609952251196827,0.17343393305962848,0.13410044253460973,0.6401200625348489,0.09790233914721812,0.1278771557833233
425,f61cc2035f1a112c16e7d6b6f4a857318e4260ee,1,3,ats_reset,3,1,0.4360812409483832,0.8299267205404175,0.4435042756147348,0.2684292375253482,0.0777853990591139,0.21770412246715476,0.4360812409483832
425,f61cc2035f1a112c16e7d6b6f4a857318e4260ee,1,3,ats_g,3,1,0.4566475941659616,0.7838433143003254,0.41784744309406097,0.26797107272032333,0.057410933623198795,0.21797039949051625,0.4566475941659616
429,2e90af2a8e60b398328f51296cb32023f1a66221,2,3,ats_reset,3,1,0.9854412575097068,0.014665760954647177,0.00032330362492859487,0.010044993730970373,0.002615886248231155,0.0018978625110916284,0.9854412575097068
429,2e90af2a8e60b398328f51296cb32023f1a66221,2,3,ats_g,3,1,0.9931819730600501,0.006841375875259675,7.374257593521555e-05,0.005069717898200802,0.0009898108247754986,0.0007584982169736795,0.9931819730600501
429,b70e759013d964fda9b40f7d41d586f1f7153bfb,6,3,ats_reset,3,1,0.5946579023797653,0.5197689927695185,0.24134890168339898,0.07330415452498312,0.2569821198059776,0.07505582328927385,0.5946579023797653
429,b70e759013d964fda9b40f7d41d586f1f7153bfb,6,3,ats_g,3,1,0.6065530442922011,0.4999630947485382,0.22291915532644163,0.06997687127398088,0.23557757093715614,0.08789251349666181,0.6065530442922011
432,98b753ed1c4ee5835547aed6fdc1577d9a5dbf18,2,0,ats_reset,0,1,0.7065695086099842,0.3473336972525648,0.11673271503066339,0.7065695086099842,0.127503159511905,0.10040308014459343,0.06552425173351731
432,98b753ed1c4ee5835547aed6fdc1577d9a5dbf18,2,0,ats_g,0,1,0.8166956843811536,0.2024887328474268,0.045520844009265524,0.8166956843811536,0.08020048305616323,0.06085391224384955,0.042249920318833595
432,1926ef0c90396f13a830ab07200f253c23c28a81,1,0,ats_reset,0,1,0.4081749739699058,0.8960593387418083,0.489970656005001,0.4081749739699058,0.1453100933226971,0.12601812559420245,0.32049680711319467
432,1926ef0c90396f13a830ab07200f253c23c28a81,1,0,ats_g,0,1,0.47954903020194817,0.734909137118744,0.37668455470530426,0.47954903020194817,0.12735107338105534,0.11802198322551279,0.2750779131914837
436,bb7acf72e83c84cb4975c6552d84a6e5b9067d42,3,3,ats_reset,1,0,0.4107503264341479,0.889769727337996,0.5564605898853171,0.07620111796110035,0.44603600765737883,0.06701254794737288,0.4107503264341479
436,bb7acf72e83c84cb4975c6552d84a6e5b9067d42,3,3,ats_g,3,1,0.5355280639928235,0.6245019833847665,0.33314232799284144,0.06439751718774066,0.32893899011461497,0.07113542870482084,0.5355280639928235
436,c92b6a5d4520b3ee67e336b7da4bbfaeea66e953,5,1,ats_reset,2,0,0.18696941435337067,1.6768102351125251,1.0020787658326618,0.06382498145103455,0.18696941435337067,0.5424299240112305,0.20677568018436432
436,c92b6a5d4520b3ee67e336b7da4bbfaeea66e953,5,1,ats_g,2,0,0.19066454762964258,1.6572396901627537,0.9603535498449951,0.07207079458276254,0.19066454762964258,0.48770350117815753,0.24956115660943737
439,258e3721803ff45dd451e93be6e7e3509e2e3ae2,0,2,ats_reset,2,1,0.4845966434821236,0.7244383969915826,0.3951804097243816,0.03737499592732635,0.32234287502127046,0.4845966434821236,0.15568548556927952
439,258e3721803ff45dd451e93be6e7e3509e2e3ae2,0,2,ats_g,2,1,0.5187887065688497,0.6562585951483138,0.36034432102751196,0.021980803703007926,0.3365042878535806,0.5187887065688497,0.12272620187456179
439,c6d6dc18e19aa5d7dcc32d1611a8c32b59b07833,2,0,ats_reset,0,1,0.6989915139447197,0.35811667710139156,0.12179028315775929,0.6989915139447197,0.12379677494300473,0.09745282442994245,0.07975888668233311
439,c6d6dc18e19aa5d7dcc32d1611a8c32b59b07833,2,0,ats_g,0,1,0.7370823994278908,0.3050555892053541,0.09344782508133251,0.7370823994278908,0.11559011973440647,0.08102551009505987,0.06630197074264288
44,c99910d80e652162dabaec778aa562c053b32b2d,1,0,ats_reset,2,0,0.27901104300477386,1.2765039172817934,0.7485838131755256,0.27901104300477386,0.11007060937636054,0.4280001552999031,0.18291819231896245
44,c99910d80e652162dabaec778aa562c053b32b2d,1,0,ats_g,2,0,0.2392031721696553,1.4304419954147678,0.8489991443801913,0.2392031721696553,0.07335605540644428,0.4631331419864031,0.22430763043749732
44,11cca94cdd2f090e5ecf48c21a5c377c9b3e8d82,0,2,ats_reset,0,0,0.1635580373075458,1.81058738338928,1.0195117988726807,0.4624272619368677,0.05266790876290134,0.1635580373075458,0.3213467919926851
44,11cca94cdd2f090e5ecf48c21a5c377c9b3e8d82,0,2,ats_g,0,0,0.17334383240583648,1.7524781863370238,1.0148762018138069,0.48807611743311136,0.0351645972149892,0.17334383240583648,0.303415452946063
445,916e0554735692616d2cfaaa5fb211a6bf3a972a,6,1,ats_reset,1,1,0.4727703209616533,0.7491455877842962,0.43401677210074824,0.040998424265574776,0.4727703209616533,0.37756701319303704,0.10866424157973494
445,916e0554735692616d2cfaaa5fb211a6bf3a972a,6,1,ats_g,1,1,0.5357144370542033,0.6241540265718543,0.3498104579188232,0.02315756758773196,0.5357144370542033,0.3555012921495291,0.0856267032085357
445,0c426ba68acc7d0bad5e08b0a9523989295eaecb,1,3,ats_reset,3,1,0.34767205431031856,1.0564956161914476,0.5820372616263935,0.19946047964927677,0.14224181221474336,0.3106256538256613,0.34767205431031856
445,0c426ba68acc7d0bad5e08b0a9523989295eaecb,1,3,ats_g,2,0,0.337509287591248,1.0861622502593045,0.6270644750253674,0.13060075822362086,0.14416544008532345,0.38772451409980774,0.337509287591248
451,095c49214516829f53a0456c2b8b9b31a8a46200,4,1,ats_reset,0,0,0.25,1.3862943611198906,0.75,0.25,0.25,0.25,0.25
451,095c49214516829f53a0456c2b8b9b31a8a46200,4,1,ats_g,0,0,0.25,1.3862943611198906,0.75,0.25,0.25,0.25,0.25
451,5c53fa89a1a18b87abc3cb64df788ac927e2fffa,0,2,ats_reset,2,1,0.40574931083150595,0.9020197710941015,0.5137745647205069,0.3443285989622466,0.05131332452249981,0.40574931083150595,0.19860876568374766
451,5c53fa89a1a18b87abc3cb64df788ac927e2fffa,0,2,ats_g,2,1,0.4819185905698093,0.7299800784293793,0.39957988814905737,0.3210919800283781,0.032657551695069446,0.4819185905698093,0.16433187770674323
462,1c7f6f2b5ded7ece04bd8fa7a05c8f1c27eb2487,3,1,ats_reset,1,1,0.7823571431614192,0.2454439378847265,0.06941353328329108,0.012756595174205757,0.7823571431614192,0.08131022615024441,0.1235760355141306
462,1c7f6f2b5ded7ece04bd8fa7a05c8f1c27eb2487,3,1,ats_g,1,1,0.8670685805829953,0.1426372043114668,0.027126644006984467,0.005599121411914419,0.8670685805829953,0.03799734964855382,0.08933494835653649
462,543ad04db7b693999a49f0fbaeac5a3a06fe24c5,1,0,ats_reset,3,0,0.13439905493260487,2.0069418826692624,1.136399043247052,0.13439905493260487,0.038765053762886074,0.2654271990199328,0.5614086922845763
462,543ad04db7b693999a49f0fbaeac5a3a06fe24c5,1,0,ats_g,3,0,0.0971359420181547,2.331643817508309,1.3527564099732898,0.0971359420181547,0.020460208288995734,0.16930488028889806,0.7130989694039515
479,2f90640bc5404c5fb53705aba8baaaa8c550db06,2,2,ats_reset,2,1,0.7419258328455469,0.29850599654442816,0.09058819029781343,0.09872990064796097,0.05189603175261605,0.7419258328455469,0.10744823475387605
479,2f90640bc5404c5fb53705aba8baaaa8c550db06,2,2,ats_g,2,1,0.8090854205952667,0.21185077961722473,0.04976537258224396,0.07613882206869256,0.03578766465381624,0.8090854205952667,0.07898809268222455
479,f049340ed2c23a5091046c3de6712194adb1c301,3,0,ats_reset,0,1,0.25,1.3862943611198906,0.75,0.25,0.25,0.25,0.25
479,f049340ed2c23a5091046c3de6712194adb1c301,3,0,ats_g,0,1,0.25,1.3862943611198906,0.75,0.25,0.25,0.25,0.25
486,859cbcd38f7d10544dc3b779dd3748fc476fdacc,2,1,ats_reset,1,1,0.45428264141082764,0.7890357164761072,0.42059941689660496,0.10086695849895477,0.45428264141082764,0.3051050007343292,0.13974539935588837
486,859cbcd38f7d10544dc3b779dd3748fc476fdacc,2,1,ats_g,1,1,0.46662429397367994,0.7622308547971705,0.40530011353498097,0.05871146643591722,0.46662429397367994,0.28586233353819945,0.1888019060522034
486,1399a8cbab4fee4a0a00c07660c62b6dffa5cca3,1,3,ats_reset,3,1,0.555312010962487,0.5882251412863635,0.27199022756235436,0.2220193578016375,0.12026642234721317,0.10240220888866239,0.555312010962487
486,1399a8cbab4fee4a0a00c07660c62b6dffa5cca3,1,3,ats_g,3,1,0.5783498218081424,0.547576365344617,0.243502948256348,0.20362173039803444,0.124571607564177,0.09345684022964615,0.5783498218081424
493,046dda9f5c594783ed33c73513fa9d4db66f8407,2,0,ats_reset,0,1,0.40403612244021525,0.9062509930372691,0.48025508772442177,0.40403612244021525,0.1555839283590338,0.17598287236741567,0.26439707683333524
493,046dda9f5c594783ed33c73513fa9d4db66f8407,2,0,ats_g,0,1,0.4855265410862104,0.722521325214158,0.353877414914215,0.4855265410862104,0.14808002838581832,0.1746906229260261,0.1917028076019452
493,10526f0be3f62b060f46d5f43cee13de98e48654,1,3,ats_reset,3,1,0.4028593985735194,0.909167664824997,0.49434071921521994,0.2568914756309962,0.2534488009352862,0.08680032486019824,0.4028593985735194
493,10526f0be3f62b060f46d5f43cee13de98e48654,1,3,ats_g,3,1,0.419240922369524,0.8693095305835348,0.4714496977211795,0.2344831057535076,0.2712010784797099,0.07507489339725848,0.419240922369524
494,229480745e2ec81c9c623b6026ea09bb428cc36c,3,0,ats_reset,2,0,0.18004657596419119,1.7145397062067025,1.0644702600252607,0.18004657596419119,0.06784591179856526,0.6048666924963398,0.14724081974090367
494,229480745e2ec81c9c623b6026ea09bb428cc36c,3,0,ats_g,2,0,0.1315952879501002,2.0280240665822675,1.246283110404228,0.1315952879501002,0.05004726916136555,0.6873847468802003,0.13097269600833394
494,1ff56db09942f410b3d9a5d3e7548a7c3bdac337,2,2,ats_reset,2,1,0.5100466996039685,0.6732529896049266,0.36932536534099053,0.03865554397847137,0.11175848085677889,0.5100466996039685,0.33953927556078123
494,1ff56db09942f410b3d9a5d3e7548a7c3bdac337,2,2,ats_g,2,1,0.623863768985821,0.471823253380736,0.21564036842744833,0.02009251052830759,0.10599884406805032,0.623863768985821,0.25004487641782114
499,f97176fff2fc3494ad85ad950329fd73a7c7fbef,3,3,ats_reset,3,1,0.8737459052540972,0.13496567184956496,0.023880635951134824,0.02193177645010089,0.02039668492381744,0.08392563337198446,0.8737459052540972
499,f97176fff2fc3494ad85ad950329fd73a7c7fbef,3,3,ats_g,3,1,0.9106042670863623,0.09364687007622303,0.012596152528547965,0.014285198976610632,0.009451064423097682,0.0656594695139294,0.9106042670863623
499,9dfff3e88b638b76d62bc814b87e4f72a46d717e,1,3,ats_reset,0,0,0.2747862596096656,1.2917617213044865,0.7077997847659218,0.2747862596096656,0.17564122117100325,0.2747862596096656,0.2747862596096656
499,9dfff3e88b638b76d62bc814b87e4f72a46d717e,1,3,ats_g,0,0,0.28211734501141295,1.2654321775349702,0.6981435961841597,0.28211734501141295,0.1536479649657611,0.28211734501141295,0.28211734501141295
513,e6562997bd47ea219f7610ec3d3d01a217feb470,0,1,ats_reset,1,1,0.5255908887745308,0.6432321468658483,0.30589244396439746,0.20167393681892848,0.5255908887745308,0.0978719726521973,0.17486320175434347
513,e6562997bd47ea219f7610ec3d3d01a217feb470,0,1,ats_g,1,1,0.6342870244170987,0.45525370709086016,0.18185087379439602,0.16530708843956549,0.6342870244170987,0.08153211076383333,0.11887377637950247
513,83301588c63dfa1998118b7b761d68fc9c28eb0f,5,1,ats_reset,3,0,0.3272322543663846,1.1170851021975514,0.773766927727666,0.0661546180912679,0.3272322543663846,0.04563981056601797,0.5609733169763296
513,83301588c63dfa1998118b7b761d68fc9c28eb0f,5,1,ats_g,3,0,0.3260520269397654,1.120698318509081,0.8547536009210419,0.024327816311377152,0.3260520269397654,0.01744001326125108,0.6321801434876063
521,91bb7f7d68cfe1b18da22afdebd979a3864c7051,4,3,ats_reset,2,0,0.3748111301165068,0.981333032910161,0.6143902375360365,0.029487091059297997,0.1474691728978509,0.44823260592634434,0.3748111301165068
521,91bb7f7d68cfe1b18da22afdebd979a3864c7051,4,3,ats_g,2,0,0.400471521996708,0.9151126211274566,0.6039071094385549,0.020785189472466475,0.09370765627775636,0.48503563225306917,0.400471521996708
521,15289efe3963d6d3049d236c5e852a20282db367,3,2,ats_reset,2,1,0.4408865540559177,0.8189676836677215,0.4263948289712628,0.2582613037331921,0.18069219733087738,0.4408865540559177,0.1201599448800128
521,15289efe3963d6d3049d236c5e852a20282db367,3,2,ats_g,2,1,0.45408657505378536,0.7894674051695003,0.4100395251874637,0.24169951495014863,0.21263112622851335,0.45408657505378536,0.09158278376755268
522,89b9a14fade733b87d0dac70816389a2c2cd698e,4,0,ats_reset,0,1,0.976776619916984,0.02349729185602107,0.0008728381174505062,0.976776619916984,0.0015633834358237874,0.003884106018619042,0.01777589062857326
522,89b9a14fade733b87d0dac70816389a2c2cd698e,4,0,ats_g,0,1,0.9911309085674491,0.008908655931799035,0.0001319526333975254,0.9911309085674491,0.00040572875422087597,0.0012894899089465899,0.007173872769383442
522,052be3bfa06397c70a6215abc056096d97937bc8,2,1,ats_reset,2,0,0.1424175266970678,1.9489922068402386,1.0589797043152835,0.2153891643649838,0.1424175266970678,0.5094226891146487,0.13277061982329966
522,052be3bfa06397c70a6215abc056096d97937bc8,2,1,ats_g,2,0,0.13134178928474463,2.0299522750081276,1.1036931745203924,0.20124822538694803,0.13134178928474463,0.54095748963102,0.12645249569728736
526,9264a32d331cc9e05e4abee89938ee36bd291bb4,3,3,ats_reset,3,1,0.5831348526727688,0.5393368111926914,0.24717231339503526,0.03858889767523385,0.17571801324484412,0.20255823640715323,0.5831348526727688
526,9264a32d331cc9e05e4abee89938ee36bd291bb4,3,3,ats_g,3,1,0.6376602316033455,0.44994968983956735,0.18881185079530766,0.025265017383182323,0.16246580055468268,0.17460895045878952,0.6376602316033455
526,010c270c2cb394c09035ffae4034041084821d58,0,1,ats_reset,1,1,0.7440811700556161,0.2956051505628484,0.0974768535324839,0.16386971549155888,0.7440811700556161,0.0671504018405617,0.024898712612263257
526,010c270c2cb394c09035ffae4034041084821d58,0,1,ats_g,1,1,0.8165486076371162,0.2026688366385788,0.05393567056779371,0.1376767747468231,0.8165486076371162,0.03469207679129084,0.011082540824769872
527,f7cec5941566e249d753c4a37f9b3f35de186b94,4,0,ats_reset,0,1,0.6905468992525049,0.37027138772603907,0.18905075612696215,0.6905468992525049,0.30541743131537136,0.0011279191131678876,0.002907750318955847
527,f7cec5941566e249d753c4a37f9b3f35de186b94,4,0,ats_g,0,1,0.7788770557867573,0.249902068690315,0.09730133342899845,0.7788770557867573,0.22001199248304096,0.0003517257307332481,0.0007592259994685372
527,88b331452c92cede891474574b4645dcfb8fac13,0,2,ats_reset,1,0,0.34061937697760275,1.076989621656548,0.8065370570781535,0.026113296734545745,0.60865985505359,0.34061937697760275,0.02460747123426148
527,88b331452c92cede891474574b4645dcfb8fac13,0,2,ats_g,1,0,0.3803112675358653,0.9667652364671941,0.730849835884457,0.016763465332052727,0.5885125056252059,0.3803112675358653,0.014412761506876152
528,d9033843ea15627e72288700783caa58c6b17854,2,1,ats_reset,2,0,0.38056434051463767,0.9661000213244638,0.5980474109498357,0.10444319481648195,0.38056434051463767,0.44568480057309867,0.06930766409578168
528,d9033843ea15627e72288700783caa58c6b17854,2,1,ats_g,2,0,0.37156123910185757,0.9900415856049436,0.6324038042680733,0.09544600794848246,0.37156123910185757,0.4742437594753749,0.058748993474285076
528,f6dd4afd0d69a1862bc08a0464c6cbccc2bb6a43,3,3,ats_reset,3,1,0.5601942580952812,0.5794716659493198,0.26386368127470894,0.19792056231141508,0.08925803817255823,0.1526271414207454,0.5601942580952812
528,f6dd4afd0d69a1862bc08a0464c6cbccc2bb6a43,3,3,ats_g,3,1,0.6053275985904759,0.5019854822280316,0.21806971715398987,0.2057394936890498,0.061856243447345416,0.1270766642731289,0.6053275985904759
529,582aa0b5331d20d91af7e16a527d76506c6e6064,4,3,ats_reset,3,1,0.9857862771478858,0.014315705331299628,0.00030132456395944664,0.009322365548219429,0.002906904784621163,0.001984452519273607,0.9857862771478858
529,582aa0b5331d20d91af7e16a527d76506c6e6064,4,3,ats_g,3,1,0.9953408220203861,0.004670065781304063,3.4301052965298985e-05,0.0034283643468260294,0.0008178670910946612,0.0004129465416932002,0.9953408220203861
529,09b1c68890589d79268494990e88d56b86e242bb,3,3,ats_reset,0,0,0.17880570905171866,1.7214554869330134,1.2262537639826934,0.7388487465110131,0.0050768172415688794,0.07726872719569945,0.17880570905171866
529,09b1c68890589d79268494990e88d56b86e242bb,3,3,ats_g,0,0,0.1218218774041559,2.1051953223959177,1.4692152242542516,0.8344155007990033,0.0017368607772063557,0.04202576101963443,0.1218218774041559
534,57cb052806aa329ca522da802fc36008411beefc,3,2,ats_reset,2,1,0.5613607471471636,0.577391537079955,0.2786551775952144,0.08386761257742875,0.26762314235149326,0.5613607471471636,0.08714849792391445
534,57cb052806aa329ca522da802fc36008411beefc,3,2,ats_g,2,1,0.6688940289576246,0.40212963355687215,0.15848020294249723,0.06046701532814124,0.2007796060453647,0.6688940289576246,0.06985934966886946
534,b0898d2947aed20b04f9ebab07d9c335fe558eab,2,3,ats_reset,3,1,0.47872861022981295,0.7366214178565373,0.38052337535282754,0.2209171884103562,0.06389620393127962,0.23645799742855123,0.47872861022981295
534,b0898d2947aed20b04f9ebab07d9c335fe558eab,2,3,ats_g,3,1,0.5890820136564161,0.5291898628227998,0.23785724322964685,0.15900641962284384,0.048525519497148575,0.20338604722359152,0.5890820136564161
54,c657a31b6fee1c67c9dcc8da45d0054091ad1304,0,3,ats_reset,3,1,0.3594071891859709,1.0232993015328782,0.5784963125084539,0.32460367921444533,0.07785391120503776,0.23813522039454593,0.3594071891859709
54,c657a31b6fee1c67c9dcc8da45d0054091ad1304,0,3,ats_g,3,1,0.3937956471516184,0.9319231662876217,0.5199186607982976,0.30343914522700727,0.06615865454503532,0.236606553076339,0.3937956471516184
54,a876379051b672f0c76c0d9879369351be17a5e5,2,1,ats_reset,1,1,0.4203662919779842,0.8666288240265738,0.4988629771701661,0.3549290683907826,0.4203662919779842,0.18872970707835512,0.035974932552878106
54,a876379051b672f0c76c0d9879369351be17a5e5,2,1,ats_g,0,0,0.35885554291625077,1.0248353588933146,0.6273341707706871,0.4265095202106871,0.35885554291625077,0.18256209292183662,0.032072843951225505
542,231773b4225c53d0aceafc93df22a99720a2677e,0,2,ats_reset,2,1,0.6780306520081514,0.38856278261210725,0.15774171643172252,0.21903252030451728,0.07152103446182892,0.6780306520081514,0.0314157932255024
542,231773b4225c53d0aceafc93df22a99720a2677e,0,2,ats_g,2,1,0.692964016261802,0.3667772057265061,0.15222868261317243,0.2346688672800823,0.04779411937702474,0.692964016261802,0.024572997081090935
542,992d96bc104eb74a5b3f29c4322b82e99275ef55,4,0,ats_reset,0,1,0.7730140262770807,0.2574580853108508,0.07020158557385546,0.7730140262770807,0.044740752385722525,0.08518299650809906,0.09706222482909764
542,992d96bc104eb74a5b3f29c4322b82e99275ef55,4,0,ats_g,0,1,0.8160111432001669,0.2033272682287133,0.046736395798550705,0.8160111432001669,0.028869235597224936,0.07439633410757052,0.08072328709503764
543,554aa6348034584bbb38c8dd496dc6982e832f88,1,3,ats_reset,3,1,0.9225628542451721,0.08059977070540346,0.009218360334017406,0.0071545910483882275,0.016421743835241354,0.05386081087119827,0.9225628542451721
543,554aa6348034584bbb38c8dd496dc6982e832f88,1,3,ats_g,3,1,0.9623452053029473,0.03838205141330637,0.002219623671494088,0.0027172907351118605,0.007875998274852974,0.027061505687087876,0.9623452053029473
543,7a5842cd101c53ec507cd35713384042bcd1387d,3,1,ats_reset,2,0,0.19722927204457735,1.6233884094695594,0.8889584526581878,0.19722927204457735,0.19722927204457735,0.40831218386626794,0.19722927204457735
543,7a5842cd101c53ec507cd35713384042bcd1387d,3,1,ats_g,2,0,0.20013373792470407,1.608769446283869,0.879572253270937,0.20013373792470407,0.20013373792470407,0.39959878622588785,0.20013373792470407
548,5b77ec79cdb4d62f060653c7bcd1dd13f23a815f,1,1,ats_reset,1,1,0.9193631062857156,0.08407412444896996,0.00937003850699642,0.023684820799957776,0.9193631062857156,0.046982654707969154,0.009969418206357517
548,5b77ec79cdb4d62f060653c7bcd1dd13f23a815f,1,1,ats_g,1,1,0.9523420193720069,0.0488310446644208,0.0033815132879291563,0.01303413616310259,0.9523420193720069,0.03036826479283,0.0042555796720605155
548,02e3349bb8f23e4cc4b1d8481faa36566f14e38e,0,0,ats_reset,0,1,0.36955208136963963,0.9954635975938111,0.542168763551197,0.36955208136963963,0.16691737125690834,0.3003673598225021,0.16316318755094986
548,02e3349bb8f23e4cc4b1d8481faa36566f14e38e,0,0,ats_g,0,1,0.3989133968989797,0.919010936029613,0.48467295065492405,0.3989133968989797,0.16126020006366,0.23779282257783108,0.20203358045952924
549,946866779bdc258b9e28f4094e667700aedc1b51,2,0,ats_reset,0,1,0.7815307902029642,0.2465007310445586,0.07157440469726714,0.7815307902029642,0.14168797301419103,0.018111957068443697,0.05866927971440107
549,946866779bdc258b9e28f4094e667700aedc1b51,2,0,ats_g,0,1,0.8348357626278953,0.18052026494118284,0.04305189800487322,0.8348357626278953,0.12008900694573953,0.009587423902714878,0.03548780652365034
549,bf4a75c7f8fd75611320b36a869c0f04da60b5a6,6,3,ats_reset,3,1,0.9483378984401019,0.0530444072805563,0.0038429919045643813,0.005677151300360721,0.029491755663254685,0.016493194596282693,0.9483378984401019
549,bf4a75c7f8fd75611320b36a869c0f04da60b5a6,6,3,ats_g,3,1,0.9640815471873949,0.03657939543129221,0.0019404493854735007,0.0018821403918368126,0.022829197380669672,0.011207115040098593,0.9640815471873949
55,e921f8b24f6f46fcec008aad501a9889203c11af,2,2,ats_reset,2,1,0.5423557839148608,0.6118330650098412,0.28335508089404127,0.14649611929798304,0.11057865784434465,0.5423557839148608,0.20056943894281148
55,e921f8b24f6f46fcec008aad501a9889203c11af,2,2,ats_g,2,1,0.6091955830610712,0.4956159083796154,0.20841199059866228,0.1226404362516162,0.08567093051913477,0.6091955830610712,0.18249305016817777
55,caafe8e36109d72159c297c970808d039b0cc725,4,2,ats_reset,2,1,0.4504605733064073,0.797484723396472,0.448359216763854,0.052088829223312254,0.3485347188354158,0.4504605733064073,0.14891587863486463
55,caafe8e36109d72159c297c970808d039b0cc725,4,2,ats_g,2,1,0.5362715421020401,0.6231146377947174,0.34482215042876063,0.038980292217074185,0.3503108481685699,0.5362715421020401,0.07443731751231579
554,ab9a58bd79e76eec7701e516a6da52365d42429b,0,2,ats_reset,2,1,0.5252849577058469,0.6438143870578769,0.32491667223959847,0.089447016033091,0.2857624356246539,0.5252849577058469,0.09950559063640813
554,ab9a58bd79e76eec7701e516a6da52365d42429b,0,2,ats_g,2,1,0.5293253397246798,0.636152027232985,0.3285293683321705,0.07369416338433203,0.30518407519769614,0.5293253397246798,0.0917964216932921
554,37d42e75cafd2cb6adebfad8f6ce0fd9be61e304,1,1,ats_reset,1,1,0.7907471847803377,0.2347769769919826,0.0730311901972544,0.02903185077314098,0.7907471847803377,0.16809061798734218,0.012130346459179134
554,37d42e75cafd2cb6adebfad8f6ce0fd9be61e304,1,1,ats_g,1,1,0.8310880651826601,0.18501951479258763,0.05166169745622641,0.0136681332739194,0.8310880651826601,0.15142338756726553,0.003820413976155011
559,2353dc5c0dce8d4cff0a5f314a3306090666f263,1,1,ats_reset,0,0,0.09600462877791781,2.343358872240032,1.2362501496212503,0.6139491153313918,0.09600462877791781,0.14024887742837167,0.14979737846231864
559,2353dc5c0dce8d4cff0a5f314a3306090666f263,1,1,ats_g,0,0,0.08660903402159535,2.446351149898525,1.3560839802212137,0.7070375398508632,0.08660903402159535,0.08574151167975533,0.12061191444778616
559,a15ce89252ab6b8fe6ca2aea2071861de284c77d,2,0,ats_reset,0,1,0.6381950689168988,0.4491112917161064,0.21026321945788307,0.6381950689168988,0.27220814203285537,0.01980493129171738,0.06979185775852839
559,a15ce89252ab6b8fe6ca2aea2071861de284c77d,2,0,ats_g,0,1,0.7273445269960805,0.31835501137187844,0.11339198696011463,0.7273445269960805,0.18141398370256087,0.01417681174363361,0.077064677557725
570,f252309ca87d6f0deed2332f22d7578d174eba49,2,3,ats_reset,3,1,0.7567299819892095,0.27874878403777115,0.08432739643758963,0.11778374168991851,0.02150794569269841,0.10397833062817356,0.7567299819892095
570,f252309ca87d6f0deed2332f22d7578d174eba49,2,3,ats_g,3,1,0.8280181177301223,0.188720243519697,0.04359436858179096,0.10141415660678783,0.010365319136093306,0.0602024065269965,0.8280181177301223
570,7fb4f9bd178373f9f9dc42981f7f5ff014a63dc0,1,2,ats_reset,2,1,0.5132676668922702,0.6669578020636772,0.32561817984584307,0.22910678262154952,0.08986129402287567,0.5132676668922702,0.16776425646330453
570,7fb4f9bd178373f9f9dc42981f7f5ff014a63dc0,1,2,ats_g,2,1,0.43295435204213156,0.8371229790724862,0.44164772279467857,0.2791224952868885,0.1246261473314264,0.43295435204213156,0.16329700533955352
578,604a535c68df05c75af4a1ab72ac8cb07091fff4,1,2,ats_reset,3,0,0.3178338299890655,1.1462265799815272,0.6352333458407471,0.19234197988164306,0.1645275303439814,0.3178338299890655,0.32529665978531
578,604a535c68df05c75af4a1ab72ac8cb07091fff4,1,2,ats_g,3,0,0.33562099803482376,1.0917727377086868,0.6141023392413927,0.160550551027604,0.15190210728602577,0.33562099803482376,0.3519263436515465
578,d791fa96ef1d7565b87c678eee23e1f861d021ac,0,1,ats_reset,1,1,0.8423055598513325,0.17161243288558117,0.03447605914410338,0.03656417326877172,0.8423055598513325,0.03893976470002181,0.082190502179874
578,d791fa96ef1d7565b87c678eee23e1f861d021ac,0,1,ats_g,1,1,0.899702828303969,0.10569076095617028,0.013854894507416813,0.023731162598764434,0.899702828303969,0.026014612144505244,0.05055139695276135
583,d352c4600007adb9cef13a89507dfdd5beac7772,6,0,ats_reset,0,1,0.9913158624475886,0.008722064409262039,0.00010241708686241377,0.9913158624475886,0.0021219393683072512,0.002585041390884138,0.003977156793219995
583,d352c4600007adb9cef13a89507dfdd5beac7772,6,0,ats_g,0,1,0.9968218675958559,0.003183193392772629,1.354377659638154e-05,0.9968218675958559,0.0009081938158869898,0.0009898410514154177,0.0012800975368416985
583,9c2538eef135bd31438c629e60d5407d400a23f9,5,2,ats_reset,2,1,0.5772408950559962,0.5494956038368534,0.2804380997121545,0.04732849909604525,0.06730188554715152,0.5772408950559962,0.30812872030080707
583,9c2538eef135bd31438c629e60d5407d400a23f9,5,2,ats_g,2,1,0.6330435579950395,0.45721604720691517,0.2229035126422962,0.03325817411137575,0.04142363978682425,0.6330435579950395,0.29227462810676047
584,31a17fcda761673a7fc9edbf147398a11bdb9862,3,3,ats_reset,1,0,0.3338307117830055,1.0971212654468838,0.7223588416910995,0.11165474525244681,0.5142882291761824,0.04022631378836521,0.3338307117830055
584,31a17fcda761673a7fc9edbf147398a11bdb9862,3,3,ats_g,3,1,0.4668763597504642,0.761690810648503,0.48256724142842466,0.06733351322170422,0.43945304861063017,0.026337078417201388,0.4668763597504642
584,4db6d1b4998fd007b6104d256dbc65a013ee5a5b,0,2,ats_reset,2,1,0.5315477091597378,0.6319623219929817,0.3040151755135477,0.24264129004667842,0.1029675165760717,0.5315477091597378,0.12284348421751205
584,4db6d1b4998fd007b6104d256dbc65a013ee5a5b,0,2,ats_g,2,1,0.646197623445229,0.43664990333723774,0.18104923079656404,0.21332213553265586,0.05443780147663265,0.646197623445229,0.0860424395454825
589,25e5680dc2fbffb9a9d90fe9de42f2fa64c4c6ce,1,1,ats_reset,1,1,0.4693116405811417,0.7564882523531334,0.3957854937259955,0.13791806584840816,0.4693116405811417,0.1015175699735412,0.29125272359690896
589,25e5680dc2fbffb9a9d90fe9de42f2fa64c4c6ce,1,1,ats_g,1,1,0.5872236999502336,0.5323494415456422,0.26405429891797855,0.05859201863855167,0.5872236999502336,0.059802439990510235,0.2943818414207045
589,f4b13977609c19d67e8ebd0298035a6c9b992734,0,0,ats_reset,0,1,0.4696917524558079,0.7556786452777016,0.4572173257765118,0.4696917524558079,0.10282461977230842,0.4061560284404996,0.02132759933138411
589,f4b13977609c19d67e8ebd0298035a6c9b992734,0,0,ats_g,0,1,0.5627229738050735,0.5749678255727575,0.3077681079945246,0.5627229738050735,0.10671832652212615,0.3242346614435886,0.006324038229211759
59,74e90bd34b447a3fb5dbec4864125adcdaa51234,0,2,ats_reset,0,0,0.25,1.3862943611198906,0.75,0.25,0.25,0.25,0.25
59,74e90bd34b447a3fb5dbec4864125adcdaa51234,0,2,ats_g,0,0,0.25,1.3862943611198906,0.75,0.25,0.25,0.25,0.25
59,29f233fb9af903cac69999cdebca21a6a212c6fa,1,1,ats_reset,1,1,0.2627256356045225,1.3366450019565073,0.7250671736068618,0.23255665704270262,0.2627256356045225,0.24782539917079216,0.2568923081819827
59,29f233fb9af903cac69999cdebca21a6a212c6fa,1,1,ats_g,1,1,0.2634736553369781,1.3338018957448416,0.7235586998578929,0.23284871299632187,0.2634736553369781,0.24840792597146458,0.25526970569523544
590,5c928ee2c05277f7f6d48c548915a2f94068164e,5,0,ats_reset,0,1,0.30996623173406374,1.1712919173263534,0.6732189239124738,0.30996623173406374,0.07010130479780875,0.30996623173406374,0.30996623173406374
590,5c928ee2c05277f7f6d48c548915a2f94068164e,5,0,ats_g,0,1,0.3166536132960148,1.1499468050757555,0.6700052233929465,0.3166536132960148,0.050039160111955513,0.3166536132960148,0.3166536132960148
590,3e4115a9bee522661add08cf0195f0c508a4894a,7,0,ats_reset,0,1,0.8161798411540746,0.20312055472995547,0.05560336047529843,0.8161798411540746,0.011539242731808024,0.14462121782372825,0.027659698290389095
590,3e4115a9bee522661add08cf0195f0c508a4894a,7,0,ats_g,0,1,0.8988143986988814,0.1066787188850822,0.01714997663784058,0.8988143986988814,0.005462759086553884,0.08177438123697821,0.013948460977586601
595,b46118b5d9e7791080551ce92ad20234fe91649b,7,1,ats_reset,2,0,0.29693843593476915,1.2142304480811543,0.8480031431700104,0.0514054401631713,0.29693843593476915,0.5892072649229653,0.06244885897909434
595,b46118b5d9e7791080551ce92ad20234fe91649b,7,1,ats_g,2,0,0.40676889536988,0.8995100794570378,0.6200368076903713,0.03401989844271828,0.40676889536988,0.5147627039187256,0.0444485022686762
595,f242d0e0f8242e2eef22114b88d8fab2c589e3bd,6,2,ats_reset,2,1,0.542712024707913,0.6111764409665864,0.2820260844310244,0.19564634270002929,0.11653570657170256,0.542712024707913,0.14510592602035513
595,f242d0e0f8242e2eef22114b88d8fab2c589e3bd,6,2,ats_g,2,1,0.5801048220510729,0.544546464096687,0.23963732367400345,0.19218075701644854,0.09860940584524369,0.5801048220510729,0.12910501508723482
599,5296611133939388ae2c19aa7af4518bcffa7128,3,0,ats_reset,3,0,0.24723970538081932,1.3973969458241182,0.7556120199549776,0.24723970538081932,0.24723970538081932,0.24723970538081932,0.258280883857542
599,5296611133939388ae2c19aa7af4518bcffa7128,3,0,ats_g,3,0,0.24495843235372328,1.4066667466943052,0.7603881441445371,0.24495843235372328,0.24495843235372328,0.24495843235372328,0.2651247029388301
599,e1d19a0a92232d33d6991137b3f082781f3784b2,4,3,ats_reset,0,0,0.20046437231264558,1.6071187422262672,0.9102653133632387,0.4272555784077268,0.08825093792560275,0.28402911135402487,0.20046437231264558
599,e1d19a0a92232d33d6991137b3f082781f3784b2,4,3,ats_g,0,0,0.1333194334681159,2.0150072749656993,1.1128010173598337,0.530352598684019,0.05899969707476046,0.2773282707731047,0.1333194334681159
60,940873c27885cc66e52a1248a5f2a4c6f68bacd6,1,1,ats_reset,1,1,0.6567605464742854,0.4204357919625775,0.21026708874518818,0.0374559148698484,0.6567605464742854,0.3017189081053883,0.004064630550477892
60,940873c27885cc66e52a1248a5f2a4c6f68bacd6,1,1,ats_g,1,1,0.671661138238501,0.3980013242137578,0.19453748461074577,0.03324012540297949,0.671661138238501,0.2926089049752004,0.0024898313833190563
60,b792a7bcba08502c0b7e72bc6eb58f7ce96f146e,2,1,ats_reset,1,1,0.42200084734706494,0.8627479570167076,0.4718023622099296,0.24536092122344447,0.42200084734706494,0.060978564229261796,0.2716596672002288
60,b792a7bcba08502c0b7e72bc6eb58f7ce96f146e,2,1,ats_g,1,1,0.3751907747875181,0.9803206496056538,0.5509896929041119,0.31108548595757035,0.3751907747875181,0.07137019420232922,0.24235354505258233
601,28f0ff41367b93d1bb4b7ac78086476ee8b5c9cb,4,2,ats_reset,3,0,0.2493007593377859,1.389095242577657,0.7516110582075701,0.2493007593377859,0.24043714698872365,0.2493007593377859,0.26096133433570456
601,28f0ff41367b93d1bb4b7ac78086476ee8b5c9cb,4,2,ats_g,3,0,0.2518329019624127,1.3789894988611722,0.7464934154461195,0.2518329019624127,0.23962949730524888,0.2518329019624127,0.25670469876992574
601,2b42eac586bab02f0c26baa30dae16cca63d994f,1,0,ats_reset,3,0,0.2315234472893641,1.4630741263974274,0.7910497014220986,0.2315234472893641,0.2315234472893641,0.2315234472893641,0.30542965813190764
601,2b42eac586bab02f0c26baa30dae16cca63d994f,1,0,ats_g,3,0,0.23107543387320215,1.465011068203708,0.7921468026906463,0.23107543387320215,0.23107543387320215,0.23107543387320215,0.30677369838039353
604,f77e5b8be51c7030174f599e8602748412b6f36f,2,2,ats_reset,2,1,0.7540018148543761,0.2823605040084091,0.08921465596313859,0.1240588010172902,0.006773953958889265,0.7540018148543761,0.11516543016944444
604,f77e5b8be51c7030174f599e8602748412b6f36f,2,2,ats_g,2,1,0.762919223264249,0.27060312058347236,0.08272686099810976,0.10592055599450177,0.007705675747676776,0.762919223264249,0.12345454499357252
604,407ed79b52743885dda2f1babb9d06dbbd0135c0,0,2,ats_reset,2,1,0.9833607356166004,0.016779251975905112,0.0004096586672764791,0.010449886320125445,0.0016048528750086666,0.9833607356166004,0.004584525188265513
604,407ed79b52743885dda2f1babb9d06dbbd0135c0,0,2,ats_g,2,1,0.9941184262693384,0.005898938306267463,5.468467773379218e-05,0.0043185657620509275,0.0004496448361299392,0.9941184262693384,0.0011133631324806907
613,111db66881ed6b2feb12a95c5da4e30aaef600b7,4,2,ats_reset,2,1,0.43469853504593775,0.833102511027719,0.4338630395995821,0.1497871026333303,0.26036433161390815,0.43469853504593775,0.1551500307068238
613,111db66881ed6b2feb12a95c5da4e30aaef600b7,4,2,ats_g,2,1,0.4822109262109882,0.7293736544063623,0.36488042818994965,0.13823960386754042,0.2428587020241411,0.4822109262109882,0.13669076789733026
613,0c685175ab8380f51606916b12a8d1a82c1ce2e8,0,0,ats_reset,0,1,0.8687434727792183,0.14070739547902295,0.024788794889947077,0.8687434727792183,0.02800192290543077,0.02474185433431078,0.07851274998104013
613,0c685175ab8380f51606916b12a8d1a82c1ce2e8,0,0,ats_g,0,1,0.8997189213208452,0.10567287408014468,0.014721447079444228,0.8997189213208452,0.01990817264856427,0.017394842845286633,0.06297806318530388
617,c4a3dc701a0646ab858130ed1e9abdb145e28801,0,3,ats_reset,0,0,0.25,1.3862943611198906,0.75,0.25,0.25,0.25,0.25
617,c4a3dc701a0646ab858130ed1e9abdb145e28801,0,3,ats_g,0,0,0.25,1.3862943611198906,0.75,0.25,0.25,0.25,0.25
617,79b83d7298805df122f28d330f74467ddf4592be,3,0,ats_reset,1,0,0.20560643801069117,1.5817914326098057,0.8791175088850771,0.20560643801069117,0.39281637993393914,0.11979614496990498,0.2817810370854647
617,79b83d7298805df122f28d330f74467ddf4592be,3,0,ats_g,1,0,0.21617070696139426,1.531686873422028,0.8562048729799943,0.21617070696139426,0.3655934266506156,0.10738952325410075,0.31084634313388937
621,6f3de4a29129b7043c84a7412da474952cdcb990,1,0,ats_reset,0,1,0.7350457207516692,0.30782257659964585,0.09653438744945514,0.7350457207516692,0.11442448221013203,0.04435336887225747,0.10617642816594133
621,6f3de4a29129b7043c84a7412da474952cdcb990,1,0,ats_g,0,1,0.7756920151181064,0.2539997253140996,0.07114864175508472,0.7756920151181064,0.08174391999480432,0.026615238744943363,0.11594882614214592
621,b574b0739cb3076d5d0d25f0b10996832b87db13,3,3,ats_reset,0,0,0.1950649426490454,1.6344227366377695,1.1411299129997272,0.6973130547110798,0.07802589808346559,0.029596104556409167,0.1950649426490454
621,b574b0739cb3076d5d0d25f0b10996832b87db13,3,3,ats_g,0,0,0.20658357655227697,1.5770502193950495,1.13039761214617,0.7038076987430327,0.07244357876697599,0.017165145937714302,0.20658357655227697
626,bc64526b2f1d66be7b56f0379bc41dc47b176808,6,1,ats_reset,1,1,0.30661668916617796,1.1821568809985215,0.6512036339766295,0.22510438822054285,0.30661668916617796,0.30523326538155576,0.1630456572317234
626,bc64526b2f1d66be7b56f0379bc41dc47b176808,6,1,ats_g,2,0,0.3145650660817588,1.156564336857504,0.6498673797039713,0.20533660488319422,0.3145650660817588,0.34643527026538085,0.1336630587696661
626,7ddf53186d337672c7a266bf4c44e15421373f1d,5,0,ats_reset,1,0,0.19450613897248067,1.6372915535812145,0.8952609701935028,0.19450613897248067,0.4096326224779619,0.18591678247475754,0.2099444560747999
626,7ddf53186d337672c7a266bf4c44e15421373f1d,5,0,ats_g,1,0,0.1542972038259886,1.8688746414493627,0.9818841810580836,0.1542972038259886,0.4054219811851793,0.16827336232211423,0.27200745266671783
63,df16994c0babfb357e755603991782e75789c55e,5,2,ats_reset,0,0,0.2171254935432299,1.5272797813400667,0.8322206190266055,0.3193906891255183,0.16135338189234408,0.2171254935432299,0.30213043543890766
63,df16994c0babfb357e755603991782e75789c55e,5,2,ats_g,3,0,0.2187091513771223,1.5200125077435824,0.8356500379978495,0.3202748472978367,0.13997957058258514,0.2187091513771223,0.3210364307424559
63,c328adc20e1cfba2ab437ee9ffbffe4a267a4be7,1,2,ats_reset,2,1,0.4802593910384904,0.7334289230457601,0.40482771570212345,0.3441755063324563,0.10814284734215172,0.4802593910384904,0.06742225528690156
63,c328adc20e1cfba2ab437ee9ffbffe4a267a4be7,1,2,ats_g,2,1,0.48943061579655167,0.7145125721113613,0.4095182056782266,0.3730130824482469,0.07967498157536632,0.48943061579655167,0.05788132017983511
635,01ec81106837328b5a0bf767dc7ec96877d085de,4,2,ats_reset,1,0,0.1924003455832768,1.6481769445812668,1.1795745704267209,0.025545643017043766,0.7233676068625557,0.1924003455832768,0.05868640453712366
635,01ec81106837328b5a0bf767dc7ec96877d085de,4,2,ats_g,1,0,0.19749811563090602,1.6220262357958137,1.1932092171863649,0.011973309272822964,0.7392038669902269,0.19749811563090602,0.051324708106044156
635,e15796a20b164322549ba7615c72887113c33917,1,2,ats_reset,2,1,0.5884702933237768,0.5302288321900889,0.22889961466165626,0.16543436420189658,0.15381232247827178,0.5884702933237768,0.09228301999605491
635,e15796a20b164322549ba7615c72887113c33917,1,2,ats_g,2,1,0.6427978032736179,0.44192506255831854,0.17491247091729276,0.14974415812259115,0.14481630315365543,0.6427978032736179,0.06264173545013547
636,4d77f1c87b7bd34f740efb4aa512958e842e4e4c,6,1,ats_reset,2,0,0.24309608340263367,1.4142985088444153,0.7643798019673333,0.24309608340263367,0.24309608340263367,0.270711749792099,0.24309608340263367
636,4d77f1c87b7bd34f740efb4aa512958e842e4e4c,6,1,ats_g,2,0,0.2449314187916153,1.4067770309227792,0.7604454486023614,0.2449314187916153,0.2449314187916153,0.2652057436251541,0.2449314187916153
636,a29bfba62f7d92dd8c70419b567e1f306194b9d8,5,3,ats_reset,0,0,0.25424460334314714,1.3694584700677364,0.7417269932041937,0.25424460334314714,0.2372661899705586,0.25424460334314714,0.25424460334314714
636,a29bfba62f7d92dd8c70419b567e1f306194b9d8,5,3,ats_g,0,0,0.2715052286693729,1.3037738813428597,0.7125392409827184,0.2715052286693729,0.1854843139918813,0.2715052286693729,0.2715052286693729
643,0941ee2f88ec4fc0d3737d7383d1f22b8e9eee8f,0,1,ats_reset,1,1,0.5072612705760308,0.6787290815461542,0.34793853904903566,0.2632425696040403,0.5072612705760308,0.18372702393240828,0.04576913588752073
643,0941ee2f88ec4fc0d3737d7383d1f22b8e9eee8f,0,1,ats_g,1,1,0.6177887771012286,0.4816086645719673,0.2164428928454417,0.2393701414981007,0.6177887771012286,0.10922015727901288,0.03362092412165784
643,c0093603518dc75c68364d80efbc6065c3b9fc5b,6,3,ats_reset,3,1,0.631497671730851,0.45966102408540127,0.18828122118812735,0.19218103301255357,0.0860268460806184,0.09029444917597697,0.631497671730851
643,c0093603518dc75c68364d80efbc6065c3b9fc5b,6,3,ats_g,3,1,0.593717475479268,0.5213517032738434,0.23467319645867113,0.23400877336803172,0.08819576440407598,0.08407798674862432,0.593717475479268
644,45ac582786a03dd49e379f302312e0c89fe8d2f3,3,0,ats_reset,3,0,0.23511701647105054,1.4476719463401686,0.8865686266693871,0.23511701647105054,0.11841618181454999,0.1250660559157576,0.5214007457986418
644,45ac582786a03dd49e379f302312e0c89fe8d2f3,3,0,ats_g,3,0,0.1753110823876539,1.741193269500146,1.1191666372847968,0.1753110823876539,0.08659469494696667,0.08694372204676659,0.6511505006186129
644,633e0b1604020b60878a313c14d7df36170fa5f1,5,0,ats_reset,0,1,0.9828371911258276,0.017311797042732176,0.0004284377141776907,0.9828371911258276,0.005401497191433064,0.0016654863567588127,0.010095825325980527
644,633e0b1604020b60878a313c14d7df36170fa5f1,5,0,ats_g,0,1,0.993564673651028,0.006456122328870352,5.969591844700664e-05,0.993564673651028,0.0029232229378558404,0.00042004539950276927,0.0030920580116134463
649,f5aa76a160f13ef35a1ef9bf49828f4c654dc6b6,4,0,ats_reset,1,0,0.3137282875239983,1.1592279940415515,0.8723476512798636,0.3137282875239983,0.6323859390051075,0.02967910606782446,0.02420666740306967
649,f5aa76a160f13ef35a1ef9bf49828f4c654dc6b6,4,0,ats_g,1,0,0.46224057001005464,0.7716698091175712,0.5418953196838473,0.46224057001005464,0.5020479465546781,0.021043176140000803,0.014668307295266528
649,a6be46aef2e5649fefd1180833a9610525d8fb15,1,0,ats_reset,2,0,0.30666593631106426,1.1819962792043524,0.6501094997180087,0.30666593631106426,0.20214065021695643,0.30844990338235806,0.18274351008962125
649,a6be46aef2e5649fefd1180833a9610525d8fb15,1,0,ats_g,0,1,0.3540755935620605,1.0382448475092616,0.5652007730133171,0.3540755935620605,0.17782075595588617,0.29236862871600133,0.17573502176605196
650,49b8e6878b1d9b7328dca49b48afa5884993022d,6,1,ats_reset,0,0,0.25,1.3862943611198906,0.75,0.25,0.25,0.25,0.25
650,49b8e6878b1d9b7328dca49b48afa5884993022d,6,1,ats_g,0,0,0.25,1.3862943611198906,0.75,0.25,0.25,0.25,0.25
650,8bf30511ef99aed10e2085dd85096956449a40a6,1,2,ats_reset,2,1,0.6343068085298236,0.4552225164730081,0.2057804056829832,0.2432746517205035,0.11304164290746288,0.6343068085298236,0.00937689684221008
650,8bf30511ef99aed10e2085dd85096956449a40a6,1,2,ats_g,2,1,0.602606841820346,0.5064902985164277,0.27702105024842383,0.3412844216220357,0.05097353579740337,0.602606841820346,0.005135200760214973
652,d6cd163fe7043a85088b81dfa19319510f3275ea,5,2,ats_reset,2,1,0.4850779997545779,0.7234455767392419,0.3745620822497675,0.27564853019045993,0.07059895887078406,0.4850779997545779,0.16867451118417812
652,d6cd163fe7043a85088b81dfa19319510f3275ea,5,2,ats_g,2,1,0.5234765200154645,0.6472631016058579,0.33201857407841784,0.2949264993040608,0.06365465665774776,0.5234765200154645,0.11794232402272693
652,5209017c8d8844f3f6086612d2d0264d1cb6cec3,6,1,ats_reset,0,0,0.25,1.3862943611198906,0.75,0.25,0.25,0.25,0.25
652,5209017c8d8844f3f6086612d2d0264d1cb6cec3,6,1,ats_g,0,0,0.25,1.3862943611198906,0.75,0.25,0.25,0.25,0.25
656,880fbafa219d96e9609842f9245ef73801bece6d,2,1,ats_reset,1,1,0.2860959342377215,1.2514280900101968,0.6831248861950078,0.20665531426718917,0.2860959342377215,0.2211528172573678,0.2860959342377215
656,880fbafa219d96e9609842f9245ef73801bece6d,2,1,ats_g,1,1,0.29461516887380146,1.2220852865513863,0.6687606810203761,0.20157920414580985,0.29461516887380146,0.20919045810658726,0.29461516887380146
656,42e1b4c587a33be3da923a3aa68711b601bec21c,5,1,ats_reset,1,1,0.763104140496995,0.27036076881082927,0.1015751415867574,0.004361552059826997,0.763104140496995,0.020349563750614013,0.21218474369256393
656,42e1b4c587a33be3da923a3aa68711b601bec21c,5,1,ats_g,1,1,0.725586187846995,0.32077541585440095,0.1432650094047732,0.0019254717028906977,0.725586187846995,0.012080137948150958,0.2604082025019633
66,f53bcce8acae341cf849619f6ddaa48576f49caf,7,0,ats_reset,0,1,0.2718519770988805,1.3024975626600583,0.7120261526397991,0.2718519770988805,0.18444406870335853,0.2718519770988805,0.2718519770988805
66,f53bcce8acae341cf849619f6ddaa48576f49caf,7,0,ats_g,0,1,0.2720937485091854,1.3016086084322958,0.7116701076598747,0.2720937485091854,0.1837187544724438,0.2720937485091854,0.2720937485091854
66,c3dbc5969258a849cf624307fd69b39d64aa921e,3,0,ats_reset,3,0,0.27280237051237954,1.2990076634890755,0.7724455996432604,0.27280237051237954,0.07218150471829601,0.21820121028119877,0.4368149144881257
66,c3dbc5969258a849cf624307fd69b39d64aa921e,3,0,ats_g,3,0,0.3201993753023422,1.138811429382256,0.6979025692262477,0.3201993753023422,0.05483822917505439,0.17559173396077654,0.44937066156182687
660,136b837817fe71f3d04075413620dbfec16fd6a7,1,3,ats_reset,2,0,0.2793959843752375,1.2751252045773847,0.7290957809208025,0.21936073716644866,0.11630096234684958,0.3849423161114643,0.2793959843752375
660,136b837817fe71f3d04075413620dbfec16fd6a7,1,3,ats_g,2,0,0.26635622307137774,1.3229206816293406,0.7794149345322546,0.19441344728641402,0.09932059588634477,0.43990973375586345,0.26635622307137774
660,b4e3a99d874ce21c04f67df28d60391a3650d4e7,3,1,ats_reset,0,0,0.23294483819439524,1.4569535993919835,0.8381347065155748,0.4438841773237043,0.23294483819439524,0.14564529495374248,0.177525689528158
660,b4e3a99d874ce21c04f67df28d60391a3650d4e7,3,1,ats_g,0,0,0.2253824259934908,1.4899566485017968,0.9075559987823784,0.525753360327638,0.2253824259934908,0.11605599491790672,0.1328082187609645
662,78ae8c0e0a08d9595b2eabf4bb675784822a1294,3,3,ats_reset,0,0,0.25,1.3862943611198906,0.75,0.25,0.25,0.25,0.25
662,78ae8c0e0a08d9595b2eabf4bb675784822a1294,3,3,ats_g,0,0,0.25,1.3862943611198906,0.75,0.25,0.25,0.25,0.25
662,4dace790ebb925718ba08555552d8896a7ca20e5,2,3,ats_reset,3,1,0.5951170170090381,0.5189972255308933,0.2396769897368209,0.10528731816630353,0.2492527449698403,0.05034291985481814,0.5951170170090381
662,4dace790ebb925718ba08555552d8896a7ca20e5,2,3,ats_g,3,1,0.6209553555328582,0.47649609088439426,0.21055468227504037,0.12077587337241169,0.2264525470732554,0.03181622402147475,0.6209553555328582
668,937c08477fec222113ae0834d2191e4b29a2bb93,0,2,ats_reset,1,0,0.25835264980265665,1.3534297676626545,0.9771372871949743,0.04855183747103023,0.6503145413625577,0.25835264980265665,0.042780971363755416
668,937c08477fec222113ae0834d2191e4b29a2bb93,0,2,ats_g,1,0,0.21876034821622267,1.5197784487320094,1.0949581603474363,0.04605909788641575,0.6933632829787021,0.21876034821622267,0.04181727091865952
668,6b16b5190492f1e6ced76b8906068fdab8a1c642,3,1,ats_reset,1,1,0.7742847021457294,0.25581564079647523,0.07260295625505575,0.12656817057229353,0.7742847021457294,0.06856016870169135,0.03058695858028575
668,6b16b5190492f1e6ced76b8906068fdab8a1c642,3,1,ats_g,1,1,0.8616542159376632,0.14890123040089898,0.027059575177444912,0.06449473529070811,0.8616542159376632,0.059657216217582465,0.014193832554046212
67,c9d79921d049bb7255303e8ea5a0a20ca98ae175,4,0,ats_reset,3,0,0.1872088666918536,1.675530351253412,1.0056609645239154,0.1872088666918536,0.11063725085965546,0.14337414930385797,0.5587797331446329
67,c9d79921d049bb7255303e8ea5a0a20ca98ae175,4,0,ats_g,3,0,0.15991800695634822,1.833094051621854,1.1553106113794245,0.15991800695634822,0.07620856839104155,0.10624321766079371,0.6576302069918165
67,e9a341fbd3f5ce7cb2d02204a7e80419d7db0692,2,1,ats_reset,2,0,0.3094349251603324,1.1730074669281756,0.6456448121483159,0.17922657995263605,0.3094349251603324,0.3100245343152364,0.20131396057179513
67,e9a341fbd3f5ce7cb2d02204a7e80419d7db0692,2,1,ats_g,1,1,0.39660632382378774,0.9248111179308053,0.48793702419072854,0.20849751394145674,0.39660632382378774,0.23216402088319538,0.1627321413515601
670,363d3d7f8f181d401298c9b273b2acb87b117374,1,3,ats_reset,3,1,0.7937666714655855,0.23096572557459427,0.058033391815319205,0.0430725288162192,0.06863358565692912,0.09452721406126607,0.7937666714655855
670,363d3d7f8f181d401298c9b273b2acb87b117374,1,3,ats_g,3,1,0.8736058285175994,0.1351260021758417,0.02155573349371088,0.030787258938866087,0.04223341439732555,0.05337349814620896,0.8736058285175994
670,5fcb0783d365c9a9c483233d02bdf665ee99ac34,3,3,ats_reset,0,0,0.25,1.3862943611198906,0.75,0.25,0.25,0.25,0.25
670,5fcb0783d365c9a9c483233d02bdf665ee99ac34,3,3,ats_g,0,0,0.25,1.3862943611198906,0.75,0.25,0.25,0.25,0.25
677,e98bdba5060fca7d276c92c56fb2dbf7109057c2,5,2,ats_reset,2,1,0.41957509350907685,0.8685127619217404,0.47346963256294605,0.10227253973821444,0.16225806966664363,0.41957509350907685,0.3158942970860651
677,e98bdba5060fca7d276c92c56fb2dbf7109057c2,5,2,ats_g,2,1,0.4337526971403989,0.8352807295492797,0.43911715743509017,0.12176579219122952,0.1728832096681951,0.4337526971403989,0.2715983010001765
677,328225860d4ff51a289792f2286e47bc91ddde1e,2,0,ats_reset,0,1,0.41369958479107666,0.8826152091626603,0.4608417604422392,0.41369958479107666,0.2359705944070043,0.17995920241000646,0.17037061839191261
677,328225860d4ff51a289792f2286e47bc91ddde1e,2,0,ats_g,0,1,0.4706774178682376,0.7535823073616897,0.37655294499738745,0.4706774178682376,0.19121428961246945,0.2054480726457469,0.1326602198735461
678,34313280e88ccd8307729f3abb39cf1a02b379bc,3,3,ats_reset,1,0,0.3773825905242037,0.9744957771482663,0.5847967052725902,0.1270301240321295,0.41838707098316663,0.07720021446050013,0.3773825905242037
678,34313280e88ccd8307729f3abb39cf1a02b379bc,3,3,ats_g,3,1,0.41166114223735756,0.8875547383445516,0.5314871094604162,0.12365772884328151,0.40853504254767414,0.0561460863716868,0.41166114223735756
678,756fae224864c834e4f396027cca5294dd231d48,0,1,ats_reset,1,1,0.751686283855461,0.2854362177984194,0.09392669724938513,0.0044245945096173305,0.751686283855461,0.15734559725266342,0.08654352438225828
678,756fae224864c834e4f396027cca5294dd231d48,0,1,ats_g,1,1,0.7977856978274536,0.22591526668649586,0.06582948535630617,0.0023508305128836634,0.7977856978274536,0.14973450330890603,0.050128968350756684
679,b37ee53a204fa095bbbcf258c66f669a92fe2341,4,2,ats_reset,3,0,0.3306328430168221,1.1067467548609202,0.6445712779195508,0.28949812701712835,0.04752756016390532,0.3306328430168221,0.33234146980214424
679,b37ee53a204fa095bbbcf258c66f669a92fe2341,4,2,ats_g,3,0,0.3389260359108448,1.081973378560944,0.6335440103105306,0.2805093005299568,0.039575621485710144,0.3389260359108448,0.34098904207348824
679,35783fb6c88451ac9446e48cfd1c1aea5aac5925,0,1,ats_reset,1,1,0.9583756564156664,0.04251545217761456,0.0025689650480917865,0.008502608374989704,0.9583756564156664,0.006179151743415297,0.026942583465928642
679,35783fb6c88451ac9446e48cfd1c1aea5aac5925,0,1,ats_g,1,1,0.9704191278529317,0.030027210238924153,0.0014326788911728078,0.0036522707844030894,0.9704191278529317,0.002762202171785657,0.023166399190879577
687,16451d43bbbccfc663f9adb24b5734392d0e9e69,1,3,ats_reset,1,0,0.2611375436495754,1.3427080233052895,0.9751930386953626,0.07378395605580533,0.6508681141722866,0.01421038612233259,0.2611375436495754
687,16451d43bbbccfc663f9adb24b5734392d0e9e69,1,3,ats_g,1,0,0.30303301753928635,1.193913510632911,0.8835315174751519,0.06093972241324754,0.6276824493333399,0.008344810714126225,0.30303301753928635
687,dc9506c38de1feb558ab84e7f0272768f3d994d0,2,3,ats_reset,1,0,0.27864787471462416,1.277806392074005,0.7120119349064968,0.13040294077370101,0.30035567578473604,0.2905935087269388,0.27864787471462416
687,dc9506c38de1feb558ab84e7f0272768f3d994d0,2,3,ats_g,1,0,0.29043866606666024,1.2363628572823862,0.6912439551259968,0.12387732685924083,0.3141516062053132,0.2715324008687857,0.29043866606666024
689,35cfbe44b8970249f0a9b6705be49d70926bc4ae,5,0,ats_reset,0,1,0.7075800183986853,0.34590455564993494,0.13454700932120878,0.7075800183986853,0.04429403246961953,0.03380678626603175,0.21431916286566333
689,35cfbe44b8970249f0a9b6705be49d70926bc4ae,5,0,ats_g,0,1,0.7615067955324661,0.27245618280956657,0.09076981194678907,0.7615067955324661,0.03742636748432178,0.02218760201329028,0.1788792349699218
689,e5996de1bc3810a74445e91a813fade1e94bd9f1,2,1,ats_reset,2,0,0.20657149523922078,1.5771087025839754,0.8885984564103233,0.25338842332116857,0.20657149523922078,0.42661238789801054,0.1134276935416001
689,e5996de1bc3810a74445e91a813fade1e94bd9f1,2,1,ats_g,2,0,0.1897841844517443,1.6618677237189907,0.9136021434980574,0.23400307676569201,0.1897841844517443,0.42298497338403945,0.15322776539852426
692,16fd43142b00071fe9233b0d69d45289a1304991,0,1,ats_reset,1,1,0.2828610027689041,1.2627996582892862,0.6873152229514595,0.20837130273495028,0.2828610027689041,0.24474024011910678,0.2640274543770389
692,16fd43142b00071fe9233b0d69d45289a1304991,0,1,ats_g,1,1,0.28900191030652755,1.2413219808343625,0.6760111050050259,0.20682507721204368,0.28900191030652755,0.2344655579661247,0.2697074545153041
692,1b817a5dd39be69da99aed1476ebd65b8c971f5d,5,2,ats_reset,0,0,0.25,1.3862943611198906,0.75,0.25,0.25,0.25,0.25
692,1b817a5dd39be69da99aed1476ebd65b8c971f5d,5,2,ats_g,0,0,0.25,1.3862943611198906,0.75,0.25,0.25,0.25,0.25
697,ecf87cce25368001fdfbdcdb33ebb8fbb4acf5d4,3,2,ats_reset,2,1,0.830039435320274,0.1862820668861083,0.05093572491253518,0.14711038223525172,0.0028635088331830775,0.830039435320274,0.019986673611291198
697,ecf87cce25368001fdfbdcdb33ebb8fbb4acf5d4,3,2,ats_g,2,1,0.8801891671060602,0.1276184319905155,0.026455413861491917,0.10959935860553986,0.0008266208548650926,0.8801891671060602,0.009384853433534865
697,9ae6e08d05326b7e11cd7f0ae452d1d295031825,5,3,ats_reset,3,1,0.5316965891303924,0.6316822735189536,0.38129926691073757,0.06774408752537794,0.0038387861841076933,0.39672053716012196,0.5316965891303924
697,9ae6e08d05326b7e11cd7f0ae452d1d295031825,5,3,ats_g,3,1,0.6158243712716208,0.48479346767269277,0.25001116745153473,0.07011347446846983,0.0018105306944699545,0.31225162356543945,0.6158243712716208
70,40801e62266a1b050560283e764694384bf806c4,2,2,ats_reset,2,1,0.9379132643337219,0.06409780297878408,0.005620625138472096,0.03856303647004818,0.010743910736938391,0.9379132643337219,0.012779788459291556
70,40801e62266a1b050560283e764694384bf806c4,2,2,ats_g,2,1,0.9715554168350542,0.028856969243843948,0.0012180293802767084,0.019114195907678853,0.004830300361957947,0.9715554168350542,0.0045000868953090425
70,30c0f3c0c60b0fde0d67d80c356f6987be1c2db5,1,0,ats_reset,0,1,0.34973229915701454,1.0505872767043671,0.5725962219468096,0.34973229915701454,0.22858669672648022,0.14530872865591263,0.2763722754605926
70,30c0f3c0c60b0fde0d67d80c356f6987be1c2db5,1,0,ats_g,0,1,0.3801457800340917,0.9672004681608571,0.5241271062681225,0.3801457800340917,0.21587979567073323,0.12548198900095747,0.2784924352942176
713,6c305b6f96311fe9b5c0e119a0551c955d3be2b0,2,3,ats_reset,0,0,0.24952253629586882,1.3882060420345508,0.8614410960495359,0.4789516316383566,0.009337308790523628,0.262188523275251,0.24952253629586882
713,6c305b6f96311fe9b5c0e119a0551c955d3be2b0,2,3,ats_g,0,0,0.30003092375655543,1.2038697304497123,0.7568795862255076,0.460835126068679,0.0056342272784722395,0.23349972289629334,0.30003092375655543
713,6387d116b33a9930f7947ea8c6cdf5a52f99af5c,1,2,ats_reset,0,0,0.1680090055469724,1.7837376965692808,1.1388123217768498,0.6565765435953383,0.07978780179267235,0.1680090055469724,0.09562664906501692
713,6387d116b33a9930f7947ea8c6cdf5a52f99af5c,1,2,ats_g,0,0,0.1439594502888895,1.938223614277559,1.2405558197666944,0.7043581431571438,0.06789680411111496,0.1439594502888895,0.0837856024428517
714,c9ce1b90b2f49ad47cca12fb2dd5549866dcdec7,4,1,ats_reset,1,1,0.2808951688613148,1.269773743804764,0.6901975914555332,0.2615380819026901,0.2808951688613148,0.22878337461799753,0.22878337461799753
714,c9ce1b90b2f49ad47cca12fb2dd5549866dcdec7,4,1,ats_g,1,1,0.2836553895882002,1.2599951945503065,0.6845224141328798,0.2534545576585966,0.2836553895882002,0.2314450263766016,0.2314450263766016
714,19fae5d0fac061621f6da7d7c28ebe30a6790af4,0,0,ats_reset,0,1,0.25,1.3862943611198906,0.75,0.25,0.25,0.25,0.25
714,19fae5d0fac061621f6da7d7c28ebe30a6790af4,0,0,ats_g,0,1,0.25,1.3862943611198906,0.75,0.25,0.25,0.25,0.25
716,5810c7f0edf3eda0e396c74ed0e38fee4da2df03,3,3,ats_reset,3,1,0.33371413251331644,1.097470543167685,0.6136706024064882,0.20888604534992644,0.1250344235455159,0.3323653985912412,0.33371413251331644
716,5810c7f0edf3eda0e396c74ed0e38fee4da2df03,3,3,ats_g,3,1,0.3444446884095669,1.0658217575595303,0.6046718879440428,0.23365945369005203,0.08579936996102333,0.33609648793935776,0.3444446884095669
716,3ea4bbf4b53e93096cff89b3eade8762aba760f6,5,1,ats_reset,1,1,0.9803773283728255,0.01981775247028253,0.0005763809125338303,0.003202735523373884,0.9803773283728255,0.0034002380653634307,0.013019698038437196
716,3ea4bbf4b53e93096cff89b3eade8762aba760f6,5,1,ats_g,1,1,0.9806781716472264,0.019510934762412665,0.0006235587860875418,0.0013977210193302566,0.9806781716472264,0.0023425635317030646,0.015581543801740318
72,39fc84d6f94c707c58057cc0d72dd778c217278e,3,2,ats_reset,3,0,0.35271913864371596,1.042083179975253,0.6959039887440381,0.04121903452929957,0.0890484404280317,0.35271913864371596,0.5170133863989528
72,39fc84d6f94c707c58057cc0d72dd778c217278e,3,2,ats_g,3,0,0.40416056992151306,0.9059430296826612,0.6101764252705997,0.028715340887437792,0.06733026876034201,0.40416056992151306,0.49979382043070714
72,4a191049e2e222b8059dfd571131e521a4216595,5,1,ats_reset,0,0,0.2661509732559033,1.3236915625753796,0.7385189287961671,0.329218884431753,0.2661509732559033,0.13254156313712706,0.27208857917521656
72,4a191049e2e222b8059dfd571131e521a4216595,5,1,ats_g,0,0,0.27185888537790837,1.3024721510690638,0.7311332641241723,0.3280222447067085,0.27185888537790837,0.1185191588131354,0.2815997111022478
721,eb985ae2739f089aea33b8c4a7645ecaeeec47c1,6,2,ats_reset,2,1,0.5662955045700073,0.5686392441421512,0.26215256293110656,0.22249233722686768,0.13910865783691406,0.5662955045700073,0.07210350036621094
721,eb985ae2739f089aea33b8c4a7645ecaeeec47c1,6,2,ats_g,2,1,0.6571331763107952,0.4198685773697405,0.17000432691524403,0.20663778464623003,0.08341678317318038,0.6571331763107952,0.0528122558697944
721,91cd924adc11c97b1e374212dc17e5cbb0eedcbf,7,2,ats_reset,3,0,0.19746363310116255,1.6222008477927568,0.9186817363220698,0.3273726726127615,0.0724243750603823,0.19746363310116255,0.4027393192256936
721,91cd924adc11c97b1e374212dc17e5cbb0eedcbf,7,2,ats_g,3,0,0.19395993863319969,1.6401036431339833,0.9346593497799269,0.3355111707963671,0.05963371748984845,0.19395993863319969,0.41089517308058476
737,f01b9a3bcc59c68dba4d234ca29043c23d10fe2f,1,0,ats_reset,0,1,0.49492063288709953,0.7033578668707133,0.4687317891256266,0.49492063288709953,0.031089631319406105,0.013022858431179587,0.4609668773623148
737,f01b9a3bcc59c68dba4d234ca29043c23d10fe2f,1,0,ats_g,0,1,0.5251412979839837,0.6440879135848097,0.4274825413294705,0.5251412979839837,0.019232111761381405,0.0066526233829948996,0.44897396687164
737,47f5303fde52ec2623e54bcf440b3013c9c480d5,0,0,ats_reset,0,1,0.40348198021254034,0.9076234509743438,0.5265346250801117,0.40348198021254034,0.012652527234129555,0.28517500973704785,0.2986904828162823
737,47f5303fde52ec2623e54bcf440b3013c9c480d5,0,0,ats_g,0,1,0.40352887099828166,0.907507242411042,0.5304307560834612,0.40352887099828166,0.008460869041919387,0.2648218373543497,0.3231884226054492
740,d35768b67ce8ed7e0cb6cb2dcb96b4ded5cce9b5,4,0,ats_reset,0,1,0.727341207588419,0.31835957511727386,0.11730182334451701,0.727341207588419,0.20081423965043427,0.04101283322971935,0.03083171953142734
740,d35768b67ce8ed7e0cb6cb2dcb96b4ded5cce9b5,4,0,ats_g,0,1,0.7914216709118669,0.23392436739856026,0.07214010613845824,0.7914216709118669,0.1663329101203606,0.027295718161646935,0.014949700806125541
740,dc1ecf5d68b558c019aaada7f9724c2779f8e373,6,2,ats_reset,0,0,0.06675628100198008,2.70670688872072,1.2826525844973748,0.5043062210760333,0.03365075722573553,0.06675628100198008,0.39528674069625114
740,dc1ecf5d68b558c019aaada7f9724c2779f8e373,6,2,ats_g,3,0,0.0816360263115819,2.505484615527601,1.246827760096598,0.35771743124882355,0.03710388616401729,0.0816360263115819,0.5235426562755773
741,6c142cd76f67dbf48da58a4965ab84339d34dec3,5,0,ats_reset,1,0,0.12274137491655722,2.0976757802218016,1.1617401985598197,0.12274137491655722,0.5774074117011498,0.2330002993047505,0.0668509140775425
741,6c142cd76f67dbf48da58a4965ab84339d34dec3,5,0,ats_g,1,0,0.10060454038734211,2.2965578892599936,1.228511454875622,0.10060454038734211,0.6024233160472755,0.22782453458432703,0.06914760898105538
741,ed1e720f56fc278634c24c1a0e8f2a280acb9607,3,2,ats_reset,1,0,0.19977743922005886,1.6105513359597898,0.876928862591232,0.3083464435001048,0.3472399076253107,0.19977743922005886,0.14463620965452564
741,ed1e720f56fc278634c24c1a0e8f2a280acb9607,3,2,ats_g,1,0,0.2185741981970206,1.520629742241615,0.8508365145592848,0.24427030426062415,0.40325186473688585,0.2185741981970206,0.13390363280546938
749,1b9d1783fcd6c9c95dfd7214fcade537c519a4b0,5,0,ats_reset,0,1,0.6434349582276149,0.4409343320697408,0.19470005882766767,0.6434349582276149,0.2461041643102655,0.03409554580703443,0.0763653316550852
749,1b9d1783fcd6c9c95dfd7214fcade537c519a4b0,5,0,ats_g,0,1,0.6236963267738258,0.4720916848792581,0.23878590081194973,0.6236963267738258,0.3074007479189424,0.02195306376883313,0.04694986153839864
749,3d88ca05c848f2dfee2f988ed5112599a20d0e80,1,0,ats_reset,3,0,0.1958602012437522,1.6303541332022589,0.9389755463090708,0.1958602012437522,0.31927271725914724,0.05157807315653345,0.4332890083405671
749,3d88ca05c848f2dfee2f988ed5112599a20d0e80,1,0,ats_g,3,0,0.16438257349784682,1.80555880259989,1.005704009955625,0.16438257349784682,0.34005657243423826,0.06201340361004548,0.4335474504578694
753,ec8cefda0969f7d9146ea1b31f1f161d74704180,3,3,ats_reset,0,0,0.25,1.3862943611198906,0.75,0.25,0.25,0.25,0.25
753,ec8cefda0969f7d9146ea1b31f1f161d74704180,3,3,ats_g,0,0,0.25,1.3862943611198906,0.75,0.25,0.25,0.25,0.25
753,cd0dd3ff0eb9693696001a9bba02fc33f28ec82f,2,2,ats_reset,3,0,0.2434217170566659,1.41295987867569,0.8552777870418473,0.18141633545795813,0.08197264568691097,0.2434217170566659,0.493189301798465
753,cd0dd3ff0eb9693696001a9bba02fc33f28ec82f,2,2,ats_g,3,0,0.2710876057586517,1.3053132418603242,0.8198843306905872,0.14474317817459179,0.07186468604194436,0.2710876057586517,0.5123045300248121
76,fe788bf214f0b6eeb990f37f17a1409a6b49c338,2,2,ats_reset,2,1,0.36300186409791524,1.013347309474507,0.5644395264733223,0.25399448142974546,0.08948760012974441,0.36300186409791524,0.29351605434259487
76,fe788bf214f0b6eeb990f37f17a1409a6b49c338,2,2,ats_g,2,1,0.38756298538046985,0.9478769004800626,0.5218869598472252,0.26999520434999313,0.0838216606048262,0.38756298538046985,0.2586201496647108
76,7e992cf32d26e3bf578caa8dc68b0377e50e5d1f,4,2,ats_reset,2,1,0.9179967400588698,0.08556143950208066,0.011916462711264297,0.0048486038122485,0.07168320843470576,0.9179967400588698,0.00547144769417595
76,7e992cf32d26e3bf578caa8dc68b0377e50e5d1f,4,2,ats_g,2,1,0.9575373502535894,0.04339055059038852,0.003359071623806478,0.0014353966167334074,0.03938578710873902,0.9575373502535894,0.0016414660209381733
761,86b99edb484a0ed4dcc45d517e6bcd256ddf21ba,7,0,ats_reset,0,1,0.6045848839838968,0.5032131986299473,0.21924666851799077,0.6045848839838968,0.13326490173609745,0.05768350991762262,0.2044667043623832
761,86b99edb484a0ed4dcc45d517e6bcd256ddf21ba,7,0,ats_g,0,1,0.6757274773840065,0.39196542418642216,0.14569688618522397,0.6757274773840065,0.10693236083378312,0.05627106130944274,0.16106910047276768
761,05913997ed3ae6fc098793ab887d2b1ba1a917d3,1,0,ats_reset,0,1,0.6902806737768048,0.3706569905112077,0.13287930670429554,0.6902806737768048,0.09457721460665333,0.05824899152675347,0.15689312008978842
761,05913997ed3ae6fc098793ab887d2b1ba1a917d3,1,0,ats_g,0,1,0.7039387494626228,0.35106393021335675,0.12032539758911176,0.7039387494626228,0.10053798793589608,0.05622506071532818,0.13929820188615294
764,12ad1f646c5b0532282e04ac06520f595265c9f3,0,1,ats_reset,0,0,0.25006265937908534,1.3860437550078843,0.7498747283562028,0.25006265937908534,0.25006265937908534,0.25006265937908534,0.24981202186274398
764,12ad1f646c5b0532282e04ac06520f595265c9f3,0,1,ats_g,3,0,0.24936112436843594,1.3888531345163941,0.7512826492079994,0.24936112436843594,0.24936112436843594,0.24936112436843594,0.25191662689469213
764,78ccff7443f70e70db213f1f958b05cf5942b08b,3,2,ats_reset,2,1,0.5468890422483217,0.6035093449458393,0.2974757418704207,0.042282266514796024,0.2601331952154698,0.5468890422483217,0.1506954960214125
764,78ccff7443f70e70db213f1f958b05cf5942b08b,3,2,ats_g,2,1,0.5838938640967926,0.5380360522308317,0.24939559682134663,0.032384018862485604,0.2199788843098449,0.5838938640967926,0.1637432327308769
767,2809b3717bcaa39e90a065fd0062d7d5bfa4a856,1,3,ats_reset,3,1,0.4023858786695843,0.910343753581796,0.47931294547300396,0.22249152760914837,0.22154178715684059,0.15358080656442671,0.4023858786695843
767,2809b3717bcaa39e90a065fd0062d7d5bfa4a856,1,3,ats_g,3,1,0.4698471354821898,0.7553478808361369,0.38258466202639163,0.23970737681474125,0.1759121973087965,0.11453329039427242,0.4698471354821898
767,a8d2d9e006e3d65359af06482781cb7de9c0113b,2,0,ats_reset,0,1,0.7104006039142293,0.3419262372000486,0.11462488052921528,0.7104006039142293,0.07801169495223563,0.07198136669494534,0.13960633443858966
767,a8d2d9e006e3d65359af06482781cb7de9c0113b,2,0,ats_g,0,1,0.7787116664104404,0.25011443460511834,0.06821445381997454,0.7787116664104404,0.058481762074056504,0.04553672140090604,0.11726985011459704
787,76a5b42d09c020b10fc1a30200ec64c5e626e863,0,0,ats_reset,0,1,0.25,1.3862943611198906,0.75,0.25,0.25,0.25,0.25
787,76a5b42d09c020b10fc1a30200ec64c5e626e863,0,0,ats_g,0,1,0.25,1.3862943611198906,0.75,0.25,0.25,0.25,0.25
787,38a93e1822452012a6b1f64e963dacaed5c8fe61,5,3,ats_reset,3,1,0.6420423292809377,0.4431010440062863,0.17614676670459484,0.10100981442615667,0.17745856676312435,0.0794892895297812,0.6420423292809377
787,38a93e1822452012a6b1f64e963dacaed5c8fe61,5,3,ats_g,3,1,0.6196310503373952,0.4786310581744133,0.20290699292322809,0.09703190994478678,0.20751426562214517,0.07582277409567287,0.6196310503373952
800,16c6112ff4f60f855973e3bbb686b20aafae790e,1,3,ats_reset,3,1,0.6424314401360058,0.4424951758659855,0.17456340614302351,0.17080223523358387,0.08653124393243397,0.10023508069797629,0.6424314401360058
800,16c6112ff4f60f855973e3bbb686b20aafae790e,1,3,ats_g,3,1,0.6672382901197417,0.40460804031610315,0.15041510830109164,0.13696884754253696,0.06825806861010296,0.12753479372761836,0.6672382901197417
800,5286c690405550253ed02d2f0ddaf0bce235cb98,3,2,ats_reset,0,0,0.024623488732164852,3.704054465089924,1.6165983965720452,0.7976646930240315,0.17003272283785728,0.024623488732164852,0.007679095405946351
800,5286c690405550253ed02d2f0ddaf0bce235cb98,3,2,ats_g,0,0,0.008161974308926996,4.808269189647805,1.7970272993169412,0.8969927967042804,0.09319784819039928,0.008161974308926996,0.0016473807963932933
802,f86d6f88e4a0bef9f43b173470f24f75b3366e3b,1,3,ats_reset,3,1,0.9236708982699092,0.07939944148786439,0.008468050391607914,0.018998835448162655,0.04651986859574767,0.010810397686180447,0.9236708982699092
802,f86d6f88e4a0bef9f43b173470f24f75b3366e3b,1,3,ats_g,3,1,0.9378178852722218,0.06419950098769371,0.005650036746196484,0.017621494621445608,0.037773531947817914,0.006787088158514766,0.9378178852722218
802,f52fe8e313a664bea97b6ede7899d28ff554fc9c,2,2,ats_reset,2,1,0.8413950722534669,0.17269396444678037,0.035458487594026894,0.05249279316055781,0.08402039032410467,0.8413950722534669,0.02209174426187068
802,f52fe8e313a664bea97b6ede7899d28ff554fc9c,2,2,ats_g,2,1,0.9099255345797307,0.09439251295167334,0.012206536727887641,0.018342555718450122,0.0601964359612466,0.9099255345797307,0.011535473740572538
810,089b103e2058d47308528a10e1e6f2a1a5561f89,1,0,ats_reset,0,1,0.39787542819976807,0.9216163171636372,0.5178820221815132,0.39787542819976807,0.17960427701473236,0.08124355971813202,0.34127673506736755
810,089b103e2058d47308528a10e1e6f2a1a5561f89,1,0,ats_g,0,1,0.49266668220112725,0.7079224346107187,0.3719409553585923,0.49266668220112725,0.15208099280327927,0.05862380027258322,0.2966285247230102
810,e3d208029116f7f4024cf97ca51208f6b77db0c6,2,2,ats_reset,3,0,0.16780526686004896,1.7849510977178435,0.9301710546236283,0.2734339494491525,0.22128542927972333,0.16780526686004896,0.3374753544110752
810,e3d208029116f7f4024cf97ca51208f6b77db0c6,2,2,ats_g,3,0,0.18077353879521213,1.7105101979563497,0.9035731024196018,0.2356837383073429,0.23418130824647357,0.18077353879521213,0.34936141465097137
811,a46218edbf2a12ef18e8986eb98b3e520c25ee87,3,3,ats_reset,0,0,0.25,1.3862943611198906,0.75,0.25,0.25,0.25,0.25
811,a46218edbf2a12ef18e8986eb98b3e520c25ee87,3,3,ats_g,0,0,0.25,1.3862943611198906,0.75,0.25,0.25,0.25,0.25
811,c13626ac26e11aee2392bafaf7e82e8f26c5397d,0,0,ats_reset,0,1,0.3645389269429765,1.0091219377816705,0.5658883471199918,0.3645389269429765,0.2591237646602462,0.07835617427956539,0.2979811341172119
811,c13626ac26e11aee2392bafaf7e82e8f26c5397d,0,0,ats_g,0,1,0.42184177492156955,0.8631249761982038,0.47715819755114486,0.42184177492156955,0.25446779328299274,0.04837791071902572,0.27531252107641196
816,82fe5864cf12e51e7c805958636aea899404845f,0,0,ats_reset,3,0,0.2381011949451889,1.4350595068324934,1.0867028661376343,0.2381011949451889,0.04480400600128051,0.007055434735882117,0.7100393643176485
816,82fe5864cf12e51e7c805958636aea899404845f,0,0,ats_g,3,0,0.37274434507959725,0.9868624962649836,0.7393534467457326,0.37274434507959725,0.033781322394988274,0.006343708442018711,0.5871306240833958
816,0073fc5b9b9f336e2a5fe90bac18933c6b145765,1,1,ats_reset,1,1,0.546115617909701,0.6049245712406616,0.34251847892359455,0.05869977241007778,0.546115617909701,0.36338787998168764,0.03179672969853354
816,0073fc5b9b9f336e2a5fe90bac18933c6b145765,1,1,ats_g,1,1,0.563660449331098,0.5733032489761336,0.320099696347077,0.05750466331832613,0.563660449331098,0.35470926233069205,0.024125625019883738
820,87dc838004e9be726ebb59ecae9dab6deea47d7e,0,2,ats_reset,2,1,0.5111572951925183,0.6710779177641284,0.360407999312314,0.05627404011418835,0.32745136172311373,0.5111572951925183,0.10511730297017967
820,87dc838004e9be726ebb59ecae9dab6deea47d7e,0,2,ats_g,2,1,0.5090151341792166,0.6752775297121102,0.37547365180355485,0.04063370127998117,0.3503720877271492,0.5090151341792166,0.0999790768136531
820,8e7d84375aa9ee472512f28ec4ea07dfb0d4c342,3,3,ats_reset,3,1,0.7129052412664826,0.33840676884955484,0.1211400978517845,0.028558637947677955,0.08193604859009068,0.17660007219574875,0.7129052412664826
820,8e7d84375aa9ee472512f28ec4ea07dfb0d4c342,3,3,ats_g,3,1,0.770849099805039,0.26026264467171095,0.07551884177497732,0.021343864174743606,0.08198019632802223,0.12582683969219519,0.770849099805039
822,b6480b06d3b1ac684d89b160bc4d1a37a652d617,0,1,ats_reset,1,1,0.533027176059985,0.6291828691367505,0.2997092676315529,0.19156003141075395,0.533027176059985,0.07844299881490319,0.19696979371435785
822,b6480b06d3b1ac684d89b160bc4d1a37a652d617,0,1,ats_g,1,1,0.5565151435526258,0.5860608965026826,0.2708278860692783,0.19818255270068474,0.5565151435526258,0.07373216852100005,0.1715701352256894
822,6df31d0e0fd2f5b0c0c9059883954d63ba05897e,6,3,ats_reset,3,1,0.9921089870542218,0.00792231175001084,8.92298009738757e-05,0.004484869012467732,0.0024265211207874244,0.0009796228125231,0.9921089870542218
822,6df31d0e0fd2f5b0c0c9059883954d63ba05897e,6,3,ats_g,3,1,0.9971970187931998,0.0028069169148205856,1.0972022523540176e-05,0.0014588690271612138,0.0008766303596185854,0.00046748182002042586,0.9971970187931998
823,237ca08155149e8acda5a65469b518bcf894589d,1,1,ats_reset,1,1,0.34789458046227406,1.0558557748062436,0.5940699353549082,0.08536006555735527,0.34789458046227406,0.3050748455835633,0.2616705083968074
823,237ca08155149e8acda5a65469b518bcf894589d,1,1,ats_g,1,1,0.3491004234692279,1.0523956518405793,0.5912167001696367,0.08572717410173146,0.3491004234692279,0.2981966276744673,0.26697577475457335
823,cf7c71e984030cfe99165f2f6e465f1640346511,3,1,ats_reset,1,1,0.943250320461819,0.05842358039558674,0.004398729512749449,0.013232213753094286,0.943250320461819,0.027060948942344377,0.016456516842742377
823,cf7c71e984030cfe99165f2f6e465f1640346511,3,1,ats_g,1,1,0.9595060612240595,0.04133664648913496,0.0023807104917970344,0.007600607033076446,0.9595060612240595,0.024878645187200888,0.008014686555663206
826,95a24967de94e28d4874984164aea28f4ceedc03,2,1,ats_reset,3,0,0.30355458999343826,1.1921938164742631,0.6655613508927252,0.20352051848887626,0.30355458999343826,0.15260866056965797,0.3403162309480275
826,95a24967de94e28d4874984164aea28f4ceedc03,2,1,ats_g,1,1,0.37426062697301965,0.9828028607000506,0.5391061595387958,0.16969416132481618,0.37426062697301965,0.14208172315655535,0.3139634885456088
826,f572ffebcbaccccae073795c182db09732fa377b,1,2,ats_reset,1,0,0.17350606103223382,1.7515427463020328,1.0162126840381833,0.16051420091050264,0.5398607689183721,0.17350606103223382,0.12611896913889142
826,f572ffebcbaccccae073795c182db09732fa377b,1,2,ats_g,1,0,0.1964898809267563,1.6271443455547618,0.9167137636588494,0.18343649332875747,0.4603542344324922,0.1964898809267563,0.15971939131199406
829,c66d323fcf3f50bbce06f0c3162f1e643d10dde8,0,3,ats_reset,3,1,0.8450192232733109,0.1683959024478568,0.04194308160060263,0.13276268572724118,0.006045057918049996,0.016173033081397958,0.8450192232733109
829,c66d323fcf3f50bbce06f0c3162f1e643d10dde8,0,3,ats_g,3,1,0.881905203652523,0.1256707076036262,0.02452096295140308,0.10196821814369963,0.003213997742904938,0.012912580460872462,0.881905203652523
829,8d01bacd34c17dc85f01e988e3db14c02f3e719e,2,0,ats_reset,0,1,0.25,1.3862943611198906,0.75,0.25,0.25,0.25,0.25
829,8d01bacd34c17dc85f01e988e3db14c02f3e719e,2,0,ats_g,0,1,0.25,1.3862943611198906,0.75,0.25,0.25,0.25,0.25
837,356842f91557e18b6955548c2525be32cdee53e0,3,0,ats_reset,0,1,0.3581183468173949,1.026891769507986,0.5589173851431519,0.3581183468173949,0.1895894968264995,0.16027858318558832,0.2920135731705173
837,356842f91557e18b6955548c2525be32cdee53e0,3,0,ats_g,0,1,0.36866193793478025,0.9978752122285817,0.5541794940037097,0.36866193793478025,0.1681957648047419,0.13144239067995275,0.3316999065805251
837,36ea74e04d9e4426fea0e64f53dbed1b422a30d2,1,0,ats_reset,2,0,0.243442538637112,1.4128743452637986,0.7641620700228613,0.243442538637112,0.22769578007577213,0.27114539378474606,0.25771628750236986
837,36ea74e04d9e4426fea0e64f53dbed1b422a30d2,1,0,ats_g,2,0,0.25027247192185853,1.3852050669288516,0.7497234294958555,0.25027247192185853,0.2392351129693811,0.2622237041840868,0.2482687109246736
845,e9a11017e047de057d22d32e882ec65249db4c73,0,0,ats_reset,0,1,0.7648607520940183,0.26806148513038414,0.07611382603691193,0.7648607520940183,0.044372406022147856,0.07723878352805519,0.11352805835577867
845,e9a11017e047de057d22d32e882ec65249db4c73,0,0,ats_g,0,1,0.8350819539131413,0.1802254105485489,0.03746536683752347,0.8350819539131413,0.030560017479993488,0.05478041925243773,0.07957760935442751
845,1e2c96a5efb1c7408f6686993684bc20eeaf0619,4,0,ats_reset,0,1,0.6459707166098964,0.4370011065522233,0.1704993332348332,0.6459707166098964,0.09371184767138617,0.09481677624918765,0.16550065946952983
845,1e2c96a5efb1c7408f6686993684bc20eeaf0619,4,0,ats_g,0,1,0.7353247674728752,0.30744301685359426,0.09424966993014297,0.7353247674728752,0.08078625674997919,0.07241637698405841,0.11147259879308716
849,50dbfb40b2a6df86b5ab6cda7c111ce813a4e5d4,2,3,ats_reset,1,0,0.06479135764967134,2.7365830541222618,1.636563679163319,0.004128737754284777,0.8708031591092505,0.06027674548679332,0.06479135764967134
849,50dbfb40b2a6df86b5ab6cda7c111ce813a4e5d4,2,3,ats_g,1,0,0.056950005843472866,2.865581486481877,1.7140149813816294,0.0019057203208352094,0.9074884824842522,0.03365579135143969,0.056950005843472866
849,a808c3ab6814ac340f53ba25743c59db6d9205b5,5,2,ats_reset,2,1,0.6040190604314908,0.5041495245394545,0.21640233446237564,0.1829624933777382,0.06505004576965825,0.6040190604314908,0.14796840042111276
849,a808c3ab6814ac340f53ba25743c59db6d9205b5,5,2,ats_g,2,1,0.7221621999305651,0.3255055116767199,0.10781485085010634,0.14086536236752095,0.042054863959959624,0.7221621999305651,0.09491757374195436
859,75953f3e87340a34b01d8f8f1f21b67ee7ebfd3d,6,3,ats_reset,3,1,0.924121156064849,0.07891209465379273,0.009042949100674751,0.008899890958609196,0.011545775641014973,0.05543317733552681,0.924121156064849
859,75953f3e87340a34b01d8f8f1f21b67ee7ebfd3d,6,3,ats_g,3,1,0.9632024035716654,0.03749170902821741,0.0022103810490292906,0.0036998564374910716,0.004405995290107399,0.028691744700736068,0.9632024035716654
859,8cac86432c4d67c25fd945a10edd5bc068c4edc4,0,3,ats_reset,3,1,0.4894814710087242,0.714408670621322,0.41495476372606066,0.051982881962487786,0.07679503009297088,0.3817406169358172,0.4894814710087242
859,8cac86432c4d67c25fd945a10edd5bc068c4edc4,0,3,ats_g,3,1,0.46111490872623945,0.7741080073356819,0.49520975286667734,0.03712444486558229,0.053963445155261316,0.447797201252917,0.46111490872623945
86,6e9a421cdd4ace13a8ad315c5d468025c0781a85,5,1,ats_reset,1,1,0.7823501086406556,0.24545292936956253,0.06471423023478445,0.10289431253148336,0.7823501086406556,0.06662695258323212,0.04812862624462897
86,6e9a421cdd4ace13a8ad315c5d468025c0781a85,5,1,ats_g,1,1,0.86486848927017,0.14517781913464486,0.025210952312802553,0.06837223086549048,0.86486848927017,0.038240938274684284,0.028518341589655178
86,ef68cbad3a2526d630c915d6408196445e3745cd,1,1,ats_reset,1,1,0.5583849937325346,0.5827066015832327,0.262438659790353,0.11149336727360758,0.5583849937325346,0.18077588898033317,0.14934575001352465
86,ef68cbad3a2526d630c915d6408196445e3745cd,1,1,ats_g,1,1,0.6567570081446277,0.42044117952613963,0.16581348670601015,0.062306559968114496,0.6567570081446277,0.1887019616635644,0.09223447022369345
865,a25726a76255be13360fe1ef2b2456ec50b3deb1,3,3,ats_reset,3,1,0.3167085984066532,1.1497731758008776,0.6421399103191465,0.11513082484573817,0.30132040892150624,0.2668401678261023,0.3167085984066532
865,a25726a76255be13360fe1ef2b2456ec50b3deb1,3,3,ats_g,1,0,0.25983745416278153,1.3476990197677918,0.7767694701528312,0.07818273715507515,0.37404627409117697,0.2879335345909663,0.25983745416278153
865,748b93996de27b17263d338a4b3f8f08f59b0896,4,2,ats_reset,3,0,0.1860891511258054,1.6815294129719198,1.0762277829967675,0.0675572578773924,0.11754904994558357,0.1860891511258054,0.6288045410512186
865,748b93996de27b17263d338a4b3f8f08f59b0896,4,2,ats_g,3,0,0.1795329255030161,1.7173966588886809,1.1707456003977261,0.037946583879862834,0.08306365405704665,0.1795329255030161,0.6994568365600744
866,0f45b06c751ba43ac597ca58af61d107a45500d3,4,2,ats_reset,1,0,0.23790560396866198,1.4358813059663755,0.9989559816691547,0.10693506776986568,0.6375120210925637,0.23790560396866198,0.01764730716890871
866,0f45b06c751ba43ac597ca58af61d107a45500d3,4,2,ats_g,1,0,0.23990025698071463,1.4275320379377512,1.0405803292307898,0.07349555760144491,0.6762543859800514,0.23990025698071463,0.010349799437789076
866,bc5c5f6f01a3e366a8c316429f673d3edcb695d6,1,1,ats_reset,1,1,0.839756334064461,0.17464350772037157,0.036725950232240324,0.06408760590234197,0.839756334064461,0.08211993499364056,0.014036125039556417
866,bc5c5f6f01a3e366a8c316429f673d3edcb695d6,1,1,ats_g,1,1,0.9467096877991366,0.054762792669338464,0.004111065405957094,0.023612157696628434,0.9467096877991366,0.02652833755832437,0.003149816945910631
867,630dd71984128190e4a5cc909c6187f30e7e1a23,1,0,ats_reset,3,0,0.15400159966742413,1.870792289171651,1.2634087944783587,0.15400159966742413,0.11275556383469795,0.0018206813392707816,0.7314221551586071
867,630dd71984128190e4a5cc909c6187f30e7e1a23,1,0,ats_g,3,0,0.14650389371992445,1.920703272585212,1.3170204715613187,0.14650389371992445,0.09111874204586878,0.0006281611577566283,0.7617492030764501
867,407e45db18b47fe60dc5f60c32d9f10f67c97443,5,0,ats_reset,0,1,0.4941364511748699,0.704943582981916,0.4189814874383327,0.4941364511748699,0.004470879933758747,0.38738258911671974,0.1140100797746516
867,407e45db18b47fe60dc5f60c32d9f10f67c97443,5,0,ats_g,0,1,0.5580007980928676,0.5833948863278926,0.3254734255087498,0.5580007980928676,0.002490724535631125,0.3492148050231255,0.09029367234837574
879,4eda9ecd958f7f012d268bb7ff8746a5d09023b3,4,2,ats_reset,2,1,0.4306861194274285,0.8423757153786484,0.46810821524460344,0.09790552480448428,0.3436196770043647,0.4306861194274285,0.12778867876372246
879,4eda9ecd958f7f012d268bb7ff8746a5d09023b3,4,2,ats_g,2,1,0.4753130480740383,0.7437816434477155,0.3994848580668837,0.07472742944143503,0.31817977706133654,0.4753130480740383,0.13177974542319015
879,cbd688d719802be36d6848139e472ffc25a7d812,3,2,ats_reset,2,1,0.9703511220686403,0.030097291470148745,0.0016391114820254829,0.0010724558546143417,0.027528290504194745,0.9703511220686403,0.0010481315725506654
879,cbd688d719802be36d6848139e472ffc25a7d812,3,2,ats_g,2,1,0.982839499826955,0.017309448028636407,0.0005629779558471632,0.0004240000951379186,0.016376377040584925,0.982839499826955,0.00036012303732216116
88,a2852b3c45743d848897abcd9d3c21350515784e,0,2,ats_reset,2,1,0.30803637319640637,1.1775374081876766,0.6399192066164381,0.2125005031004323,0.21729678434296917,0.30803637319640637,0.2621663393601921
88,a2852b3c45743d848897abcd9d3c21350515784e,0,2,ats_g,2,1,0.3503735906507118,1.0487552919078096,0.5669071578788577,0.20410853407713922,0.17809741125046594,0.3503735906507118,0.26742046402168307
88,cfd551cdbdd4e6952bc69b55ce9b0f28ca41c8a0,3,2,ats_reset,2,1,0.34760250605337306,1.0566956760272082,0.57504071103549,0.18998443514155045,0.17458843664561402,0.34760250605337306,0.28782462215946253
88,cfd551cdbdd4e6952bc69b55ce9b0f28ca41c8a0,3,2,ats_g,2,1,0.3403511427800448,1.077777421432451,0.5978813571886648,0.21012749472941725,0.13106849734464748,0.3403511427800448,0.3184528651458905
883,46262da993c8006911c0968947379e638a593620,4,2,ats_reset,0,0,0.25,1.3862943611198906,0.75,0.25,0.25,0.25,0.25
883,46262da993c8006911c0968947379e638a593620,4,2,ats_g,0,0,0.25,1.3862943611198906,0.75,0.25,0.25,0.25,0.25
883,0c908a3670d8277fc208f4701688f8b29fefafbc,3,3,ats_reset,2,0,0.2541939691959014,1.369657645150619,0.7427465160449886,0.23714063278259734,0.23295564153658274,0.27570975648491847,0.2541939691959014
883,0c908a3670d8277fc208f4701688f8b29fefafbc,3,3,ats_g,2,0,0.2545200148092209,1.368375802432647,0.7431372794667754,0.22691506638845355,0.2323414471111285,0.2862234716911971,0.2545200148092209
884,b6ac23b5a66ce030f2efb849625d17d8374c265a,4,2,ats_reset,0,0,0.26329042330576075,1.3344975849386818,0.7255387776082343,0.26329042330576075,0.21012873008271768,0.26329042330576075,0.26329042330576075
884,b6ac23b5a66ce030f2efb849625d17d8374c265a,4,2,ats_g,0,0,0.26920908295449536,1.312266941236576,0.7160097005064415,0.26920908295449536,0.19237275113651392,0.26920908295449536,0.26920908295449536
884,f2fc7323bcf06ed6c74848bef3fb461c895f5ac5,5,1,ats_reset,1,1,0.4323704581039871,0.8384725163096399,0.44190041395519825,0.13611995362520493,0.4323704581039871,0.27926941041532694,0.15224017785548102
884,f2fc7323bcf06ed6c74848bef3fb461c895f5ac5,5,1,ats_g,1,1,0.4351557368514449,0.8320512962153516,0.4304315886600076,0.13798469195878893,0.4351557368514449,0.23831175773392482,0.1885478134558414
892,b1e253e8b5931c22b61bc53628457f1cd1767645,0,1,ats_reset,1,1,0.9072420580912248,0.09734598675342294,0.015462473197125029,0.006767092302726396,0.9072420580912248,0.0035275216173049143,0.08246332798874387
892,b1e253e8b5931c22b61bc53628457f1cd1767645,0,1,ats_g,1,1,0.9225958000841801,0.08056406012958481,0.01123872137613369,0.0035942917208472225,0.9225958000841801,0.0014758629104704673,0.07233404528450223
892,3e8336eb29ced72f8db6a8e869b10432d432b64d,1,3,ats_reset,1,0,0.32542647699168037,1.1226187199852906,0.6494529967509672,0.0583692841839312,0.3320056076345739,0.28419863118981453,0.32542647699168037
892,3e8336eb29ced72f8db6a8e869b10432d432b64d,1,3,ats_g,3,1,0.33686312989989564,1.088078573858352,0.6434618353930377,0.026134734763218755,0.31006180425700636,0.3269403310798793,0.33686312989989564
893,4ad1a77e3830b9794d5ef51f29cd2058efe6266d,2,1,ats_reset,2,0,0.40299433244581706,0.908832780544228,0.6909364363575597,0.01045163249344584,0.40299433244581706,0.5782231656188713,0.008330869441865741
893,4ad1a77e3830b9794d5ef51f29cd2058efe6266d,2,1,ats_g,2,0,0.2582027136386658,1.3540102907926548,1.0889367994850156,0.003537736689395402,0.2582027136386658,0.7339225163414617,0.004337033330477146
893,942f7d02ce8e36f4ad3a2c05fd9c3dd1b5308ecc,1,0,ats_reset,0,1,0.5422948861488458,0.6119453551097965,0.31297790937306047,0.5422948861488458,0.1214995666574477,0.04120772158987962,0.2949978256038268
893,942f7d02ce8e36f4ad3a2c05fd9c3dd1b5308ecc,1,0,ats_g,0,1,0.539818818470872,0.6165217170739359,0.3417652925533242,0.539818818470872,0.08109800798175745,0.0289650324642255,0.3501181410831451
899,864d90a659ff0f3ed87ef1be43822f06f7a0d65b,7,1,ats_reset,3,0,0.2848176903125329,1.2559059865119429,0.824849625897925,0.11795837212431483,0.2848176903125329,0.052531192963361874,0.5446927445997904
899,864d90a659ff0f3ed87ef1be43822f06f7a0d65b,7,1,ats_g,3,0,0.23241383909312072,1.4592357071838653,1.0258869951157117,0.067179301228994,0.23241383909312072,0.04450706279771022,0.6558997968801751
899,16283e0737a07d0a31b3e6cc8e1222c6d02de9d0,2,2,ats_reset,2,1,0.5604944887812565,0.5789358692011244,0.31415643720284414,0.034323286648727434,0.3399354555450617,0.5604944887812565,0.0652467690249544
899,16283e0737a07d0a31b3e6cc8e1222c6d02de9d0,2,2,ats_g,2,1,0.6692990637880806,0.40152428766916703,0.19131966364632344,0.019737910851550005,0.2843573594076899,0.6692990637880806,0.026605665952679453
901,b02e8e5c15d0736e15a3fb3e761bdd782561da99,6,3,ats_reset,0,0,0.24814413487911224,1.3937455126134104,0.777862644117636,0.3485913872718811,0.27144744992256165,0.131817027926445,0.24814413487911224
901,b02e8e5c15d0736e15a3fb3e761bdd782561da99,6,3,ats_g,0,0,0.255453284197387,1.3647157267705072,0.775271749606635,0.367239516949387,0.2748995084070541,0.10240769044617189,0.255453284197387
901,5ab2a458bf8970068a2677ea9608c8ccaebd57b3,0,3,ats_reset,3,1,0.634964330327696,0.45418645437948113,0.19200483071602154,0.2012767888272646,0.03272173840905663,0.13103714243598283,0.634964330327696
901,5ab2a458bf8970068a2677ea9608c8ccaebd57b3,0,3,ats_g,3,1,0.7738773241243861,0.25634191391754785,0.07361376933480501,0.1207975405239233,0.018431244851549993,0.08689389050014054,0.7738773241243861
902,fa6a7eb12a490c6843852cb5cc4919e826f70bcf,2,1,ats_reset,1,1,0.4492747716713731,0.8001206147799211,0.4080788678586609,0.1355980316460426,0.4492747716713731,0.19687552456743235,0.218251672115152
902,fa6a7eb12a490c6843852cb5cc4919e826f70bcf,2,1,ats_g,1,1,0.5258627772122513,0.6427149801041054,0.3068363149909904,0.09500936724713827,0.5258627772122513,0.16574729839082983,0.2133805571497806
902,0551ff3f7bfa48112cd866d1cb1b7aba1d784df1,1,3,ats_reset,3,1,0.427595601513818,0.8495773863345317,0.4852783560515277,0.27355230873645503,0.011323892001952678,0.28752819774777433,0.427595601513818
902,0551ff3f7bfa48112cd866d1cb1b7aba1d784df1,1,3,ats_g,3,1,0.45295049770596896,0.7919724360574893,0.4514762516237476,0.21261028049356157,0.007399140132567104,0.3270400816679024,0.45295049770596896
914,9e7daf7bc1561cf6be29ef0dfeefee79992f3fec,1,1,ats_reset,1,1,0.7502301558920788,0.2873752450053648,0.08375034472709322,0.07559882329698871,0.7502301558920788,0.10261637278247991,0.07155464802845264
914,9e7daf7bc1561cf6be29ef0dfeefee79992f3fec,1,1,ats_g,1,1,0.7648033857434263,0.2681364902889674,0.07486630341759799,0.053992436973540066,0.7648033857434263,0.10099910448959153,0.08020507279344213
914,23c9fb93158185dda4c8f04038f1806bd7eb588d,0,0,ats_reset,3,0,0.13897579183555736,1.9734555204753863,1.1924619983531333,0.13897579183555736,0.07734126194276784,0.1291266463407388,0.654556299880936
914,23c9fb93158185dda4c8f04038f1806bd7eb588d,0,0,ats_g,3,0,0.24898077464872942,1.3903795957443605,0.9153112284191256,0.24898077464872942,0.060448458656301475,0.11163677591407643,0.5789339907808927
917,ecbb43f6ee1d6ea1c3925809f0f3ac2a09d38002,6,2,ats_reset,0,0,0.31597193604749535,1.152101879315345,0.6479652776703398,0.35477971501976674,0.16459616773432242,0.31597193604749535,0.16465218119841543
917,ecbb43f6ee1d6ea1c3925809f0f3ac2a09d38002,6,2,ats_g,0,0,0.3126201190145102,1.1627665028146406,0.6861217407058026,0.4224446474423382,0.1386247582841949,0.3126201190145102,0.12631047525895672
917,68c89bcd38fe6e1c6023028efe73ab7a36e0d6d8,5,2,ats_reset,2,1,0.46645727406101467,0.7625888511828472,0.4605558205937824,0.4059433906827614,0.025347433795426533,0.46645727406101467,0.10225190146079732
917,68c89bcd38fe6e1c6023028efe73ab7a36e0d6d8,5,2,ats_g,0,0,0.4371650224255348,0.8274445294814594,0.5451543522728485,0.47035768628485436,0.008431486651920459,0.4371650224255348,0.08404580463769037
924,ecc8df2a8d060897db595558298acf78adc774b3,0,2,ats_reset,0,0,0.30420640507609553,1.190048843901634,0.8352405774773421,0.5843331293954177,0.0972929982115533,0.30420640507609553,0.01416746731693348
924,ecc8df2a8d060897db595558298acf78adc774b3,0,2,ats_g,0,0,0.23888431727485804,1.4317758723687288,1.0738777034944156,0.7012148415529456,0.05323465992911396,0.23888431727485804,0.0066661812430824
924,0b6c7ad03ffc5e7ace9e98bb266dba1d879a2983,2,0,ats_reset,0,1,0.37219394917163023,0.9883401918335091,0.5604230854076129,0.37219394917163023,0.3066716033222498,0.2622321365281404,0.058902310977979495
924,0b6c7ad03ffc5e7ace9e98bb266dba1d879a2983,2,0,ats_g,0,1,0.3807530050130887,0.9656043948858405,0.5540024706382888,0.3807530050130887,0.3383604905644409,0.2315453764444898,0.04934112797798064
936,de4ddcc12c701a6bb695d92bfca7827f6a32ee10,0,1,ats_reset,1,1,0.8001122891961487,0.22300319966877682,0.05862741247831997,0.12136967368116763,0.8001122891961487,0.018532504362818083,0.059985532759865595
936,de4ddcc12c701a6bb695d92bfca7827f6a32ee10,0,1,ats_g,1,1,0.8660114656063483,0.14385713077715195,0.027031380623245612,0.08666277459595338,0.8660114656063483,0.008693694827458302,0.03863206497024
936,611fa2b5f2997228d37edb52ee4344e85f3d280e,2,3,ats_reset,1,0,0.3030362499478273,1.1939028438371688,0.6614191616190421,0.15218361078324832,0.31771192567706663,0.22706821359185772,0.3030362499478273
936,611fa2b5f2997228d37edb52ee4344e85f3d280e,2,3,ats_g,1,0,0.31601174332966225,1.1519759036500912,0.6452356920467789,0.1504587668071108,0.34560337124472545,0.18792611861850148,0.31601174332966225
938,69cea1abb6ffcc43035e31c8730235a260ed1c59,1,3,ats_reset,2,0,0.11399919945003988,2.17156385298037,1.1349552427811216,0.21720343180884624,0.13548220290296664,0.5333151658381472,0.11399919945003988
938,69cea1abb6ffcc43035e31c8730235a260ed1c59,1,3,ats_g,2,0,0.05569467781979006,2.887870687425837,1.3524783521891686,0.18526973247941642,0.11648412428511712,0.6425514654156764,0.05569467781979006
938,295fb99690fd4c6721d53a442caa7a48dd30be85,3,3,ats_reset,3,1,0.6923291383750181,0.367693802952311,0.13810669728382557,0.1824115443890272,0.02852380584189209,0.09673551139406257,0.6923291383750181
938,295fb99690fd4c6721d53a442caa7a48dd30be85,3,3,ats_g,3,1,0.7507634650141838,0.2866646368627068,0.09285962713944598,0.15598771059599642,0.014523483192091834,0.07872534119772791,0.7507634650141838
941,a01e6ab1ca743f1ecd859b986dc62ce66806421b,2,0,ats_reset,1,0,0.2927791498063441,1.2283367091082966,0.6964226101157652,0.2927791498063441,0.36319864066838203,0.1211564773407316,0.2228657321845422
941,a01e6ab1ca743f1ecd859b986dc62ce66806421b,2,0,ats_g,1,0,0.26720113531949674,1.3197535883784608,0.7559423726600103,0.26720113531949674,0.37695629992238355,0.09564072852523763,0.26020183623288207
941,2ce04e3c7d254791cb381448e55c7f7a2b0feca4,1,3,ats_reset,0,0,0.25,1.3862943611198906,0.75,0.25,0.25,0.25,0.25
941,2ce04e3c7d254791cb381448e55c7f7a2b0feca4,1,3,ats_g,0,0,0.25,1.3862943611198906,0.75,0.25,0.25,0.25,0.25
942,4c3c1caa10de9847e9e81ff6eb26df2d836447dd,3,2,ats_reset,2,1,0.6182392147445795,0.4808798175454233,0.20353913099032453,0.19303683648948616,0.13128249151583773,0.6182392147445795,0.05744145725009654
942,4c3c1caa10de9847e9e81ff6eb26df2d836447dd,3,2,ats_g,2,1,0.5917856628508479,0.5246107656514168,0.2504980716900235,0.2612938330786279,0.1224083989501943,0.5917856628508479,0.024512105120329898
942,3b31197631d9bf2f34d3a16ac69530c99a4ab809,2,3,ats_reset,3,1,0.43077588654444254,0.8421673089330556,0.4852955805685929,0.36563722236246493,0.16038141248479043,0.0432054786083021,0.43077588654444254
942,3b31197631d9bf2f34d3a16ac69530c99a4ab809,2,3,ats_g,3,1,0.4692211979210402,0.7566809843635036,0.4344204910984164,0.3711934751390256,0.11277766073381114,0.04680766620612299,0.4692211979210402
947,2b3c9474821244b6a23d920a376d88ecbad11e9e,6,3,ats_reset,3,1,0.46304431557655334,0.7699325154879583,0.3874662343591777,0.21601997315883636,0.13832814991474152,0.18260756134986877,0.46304431557655334
947,2b3c9474821244b6a23d920a376d88ecbad11e9e,6,3,ats_g,3,1,0.49765985829874765,0.6978384507831742,0.33689811788032525,0.17644649689232184,0.15038099997029453,0.17551264483863596,0.49765985829874765
947,1524caec7207d906c9a79e43e47889a33fe62346,1,2,ats_reset,2,1,0.4811441255212492,0.7315884165003395,0.37417656332001836,0.27160449252450053,0.14136718950845545,0.4811441255212492,0.10588419244579485
947,1524caec7207d906c9a79e43e47889a33fe62346,1,2,ats_g,2,1,0.4592133906988045,0.7782402734724997,0.4190970217049565,0.3183498999753052,0.12796889589779067,0.4592133906988045,0.0944678134280996
948,3050d23b078cb4a779e0438d0ef7bd1cdc5d982f,1,2,ats_reset,0,0,0.3400296644873097,1.078722416685771,0.7050945290217255,0.5060934537521031,0.10490318622223704,0.3400296644873097,0.0489736955383501
948,3050d23b078cb4a779e0438d0ef7bd1cdc5d982f,1,2,ats_g,0,0,0.2709186337888241,1.305936747506469,0.8838148880368908,0.5837035849690437,0.09480251464992762,0.2709186337888241,0.05057526659220457
948,f9099a93ec00e556c8530bfcaf133e3fa8c30f32,2,0,ats_reset,0,1,0.7676138820676961,0.2644684299838595,0.07965683018874951,0.7676138820676961,0.02428342383888793,0.1453458506960731,0.06275684339734283
948,f9099a93ec00e556c8530bfcaf133e3fa8c30f32,2,0,ats_g,0,1,0.7697420683389483,0.2616997964346454,0.08066312812549405,0.7697420683389483,0.015275167755216935,0.15387180829001856,0.06111095561581617
959,995075b8b0c095b9c26e744fe20a1b1a012c2f2d,0,2,ats_reset,2,1,0.7142587530141294,0.3365099831138216,0.122614696959644,0.1254684413045812,0.001457877032370856,0.7142587530141294,0.1588149286489185
959,995075b8b0c095b9c26e744fe20a1b1a012c2f2d,0,2,ats_g,2,1,0.6981294436065408,0.35935074412032064,0.136809257316023,0.1386106145079616,0.0005632770042896414,0.6981294436065408,0.16269666488120793
959,2c2ae771d6b711d328a719bb1416fce9d1b55c88,1,0,ats_reset,0,1,0.2567292711626102,1.359733168924049,0.737084854759339,0.2567292711626102,0.22981218651216945,0.2567292711626102,0.2567292711626102
959,2c2ae771d6b711d328a719bb1416fce9d1b55c88,1,0,ats_g,0,1,0.2508980980923718,1.3827084059797756,0.7482134827774587,0.2508980980923718,0.24730570572288454,0.2508980980923718,0.2508980980923718
96,83f78bf1cc83ed68b1335c9b371370a1ded0e5bc,2,1,ats_reset,1,1,0.4672346025959225,0.7609237864351868,0.3800642031202664,0.19792308798088526,0.4672346025959225,0.14515010171309567,0.1896922077100966
96,83f78bf1cc83ed68b1335c9b371370a1ded0e5bc,2,1,ats_g,1,1,0.5748944320010589,0.5535688515605883,0.24424026887908987,0.18784110556811814,0.5748944320010589,0.12548903178276793,0.11177543064805494
96,3b62cee123037b727ccb0c03360458011375043e,1,3,ats_reset,0,0,0.3386988690301607,1.0826438583132014,0.7975049750157159,0.5981350630243877,0.017001204445976085,0.04616486349947547,0.3386988690301607
96,3b62cee123037b727ccb0c03360458011375043e,1,3,ats_g,0,0,0.31060275583699265,1.1692404956829818,0.9064263033084816,0.6561152742827225,0.00900406336518547,0.02427790651509936,0.31060275583699265
973,120877667dd13a8104af8a3a0bb3dffcd7219e10,3,2,ats_reset,2,1,0.42311030921836135,0.8601223556386096,0.49938116324567916,0.24952975089798973,0.004412763317204756,0.42311030921836135,0.32294717656644417
973,120877667dd13a8104af8a3a0bb3dffcd7219e10,3,2,ats_g,2,1,0.43780550640999605,0.82598051651702,0.4899828555395367,0.18485836803065733,0.003524449792905331,0.43780550640999605,0.3738116757664413
973,7a5517dce2a42eeda80e6d097cf5c3a7d11de387,0,1,ats_reset,1,1,0.4575117162481255,0.7819527853089531,0.4327699046880603,0.30586858141878936,0.4575117162481255,0.02631437352018074,0.21030532881290442
973,7a5517dce2a42eeda80e6d097cf5c3a7d11de387,0,1,ats_g,1,1,0.5174351398423459,0.6588710953355086,0.34272309243546867,0.27166486121673084,0.5174351398423459,0.02234450452594523,0.18855549441497801
974,d370c390db0f5263748683aee24f6b7e87a0dd34,0,1,ats_reset,1,1,0.9326641635528347,0.06971009625311651,0.007988424068777375,0.0034581563022238345,0.9326641635528347,0.05841686250030358,0.005460817644637947
974,d370c390db0f5263748683aee24f6b7e87a0dd34,0,1,ats_g,1,1,0.9510994720016392,0.050136624638900076,0.00432054533650282,0.0021734117511929053,0.9510994720016392,0.0437700311524535,0.002957085094714315
974,d217d8cefcf6e639498767d55c46fd6b9402d802,3,1,ats_reset,1,1,0.39397311210632324,0.9314726153978554,0.503034056359263,0.13405628502368927,0.39397311210632324,0.17934496700763702,0.29262563586235046
974,d217d8cefcf6e639498767d55c46fd6b9402d802,3,1,ats_g,1,1,0.4282669125631472,0.8480086502911635,0.4434410196418011,0.19522104762214182,0.4282669125631472,0.1267321185586872,0.24977992125602372
977,863984a416f9a0fe5b9f4416fc00ce19a5e3580c,1,1,ats_reset,1,1,0.7217647702159274,0.3260559961996782,0.1129601448084096,0.1717004094906304,0.7217647702159274,0.06722156953891999,0.03931325075452219
977,863984a416f9a0fe5b9f4416fc00ce19a5e3580c,1,1,ats_g,1,1,0.7618989555964706,0.27194133629231243,0.08940050430676391,0.17465605022315572,0.7618989555964706,0.041495609129990535,0.021949385050383206
977,9ac7e53a6f39db5da934245d1f48918b11da541a,0,3,ats_reset,3,1,0.625002425163912,0.4699997489910045,0.19404944150893474,0.18487846300368121,0.07083584902179692,0.11928326281060986,0.625002425163912
977,9ac7e53a6f39db5da934245d1f48918b11da541a,0,3,ats_g,3,1,0.7303323555905427,0.3142555668180552,0.10224814038150062,0.13707735685402142,0.035092515674834054,0.09749777188060188,0.7303323555905427
978,6bc703de329eb46dd915f9f21d8bee9920699aa3,6,3,ats_reset,3,1,0.647906691674589,0.434008587327379,0.18703204263090895,0.03258668485641398,0.2337742939394283,0.08573232952956872,0.647906691674589
978,6bc703de329eb46dd915f9f21d8bee9920699aa3,6,3,ats_g,3,1,0.7472376989834888,0.2913719396685552,0.09917346004212316,0.029824830661119964,0.18055057381407957,0.04238689654131163,0.7472376989834888
978,12ea57014d0a2119cd2fa031a6e9b8fffc9421cb,2,2,ats_reset,2,1,0.5788592574555563,0.5466959096180724,0.26408088146967623,0.06344224287468696,0.0820961363841407,0.5788592574555563,0.275602363285616
978,12ea57014d0a2119cd2fa031a6e9b8fffc9421cb,2,2,ats_g,2,1,0.6248015191514109,0.4703212490393048,0.21556800478530302,0.05095384989799217,0.06305032249887144,0.6248015191514109,0.26119430845172553
985,57cdde9de7033b0440eea7fe4695a7422dc838d6,1,3,ats_reset,2,0,0.26903298898090405,1.3129212712826868,0.7275622977530265,0.2379876112638058,0.15960736810575973,0.3333720316495304,0.26903298898090405
985,57cdde9de7033b0440eea7fe4695a7422dc838d6,1,3,ats_g,2,0,0.27871745504199985,1.277556716236552,0.7120281394064046,0.22878982169328224,0.15095652481719204,0.34153619844752586,0.27871745504199985
985,ec9a9e9db0a27e021516a6b32b58bc4312ba254e,3,0,ats_reset,0,1,0.6980202714036142,0.3595071345159571,0.12890309617534224,0.6980202714036142,0.1704124792265726,0.0686081655926544,0.0629590837771588
985,ec9a9e9db0a27e021516a6b32b58bc4312ba254e,3,0,ats_g,0,1,0.7565746981448376,0.2789540088638824,0.0829809898713685,0.7565746981448376,0.13256438734594936,0.053596838868035394,0.05726407564117763
986,27bacc6549538aa77c9b74a5a50750187694319a,0,2,ats_reset,2,1,0.9467398686517298,0.05473091344393957,0.00415550909858945,0.031510407766229535,0.004187692292166443,0.9467398686517298,0.017562031289874287
986,27bacc6549538aa77c9b74a5a50750187694319a,0,2,ats_g,2,1,0.9769527174321092,0.02331702377872324,0.0007590649099432075,0.011732084192713205,0.0020362030797815064,0.9769527174321092,0.00927899529539605
986,fb652ba26f02494415244b23e007806210e0b9fe,2,1,ats_reset,1,1,0.9557614521968502,0.04524692405851763,0.0026369001852356504,0.01123934750839077,0.9557614521968502,0.014371862964021197,0.018627337330737914
986,fb652ba26f02494415244b23e007806210e0b9fe,2,1,ats_g,1,1,0.9784589354790354,0.021776459833959254,0.0006548447930452494,0.0029180328991191594,0.9784589354790354,0.00720156759420984,0.011421464027635612
989,cb66013a704017f5b14b2e8bd631ffd3eb99c93d,2,3,ats_reset,3,1,0.769593910249943,0.26189229253884055,0.07793905912318355,0.02179555825842757,0.06812606146444879,0.1404844700271807,0.769593910249943
989,cb66013a704017f5b14b2e8bd631ffd3eb99c93d,2,3,ats_g,3,1,0.7886876972576571,0.23738485746027332,0.06531604901911407,0.013480558736630736,0.07755311472740214,0.12027862927831001,0.7886876972576571
989,79005e8b0c34bfc71d4e6c08e3e698e910ef61c8,1,3,ats_reset,3,1,0.29242338928754547,1.2295525635821212,0.670878771870302,0.1894380442379448,0.25222997756525706,0.2659085889092527,0.29242338928754547
989,79005e8b0c34bfc71d4e6c08e3e698e910ef61c8,1,3,ats_g,3,1,0.28855242050105645,1.2428785093624886,0.6772947789152328,0.22297969999149217,0.21170134627596546,0.27676653323148587,0.28855242050105645
995,79ca762a4da9fb23212277db5b340e78e2c3123a,2,1,ats_reset,0,0,0.27993900000958144,1.2731835566558323,0.7008781246397219,0.27993900000958144,0.27993900000958144,0.16018299997125565,0.27993900000958144
995,79ca762a4da9fb23212277db5b340e78e2c3123a,2,1,ats_g,0,0,0.28815787765442535,1.244246762745324,0.6911565282162304,0.28815787765442535,0.28815787765442535,0.13552636703672397,0.28815787765442535
995,2af7e5a6cf44bf5bb456fafbfb12245cac6a5e14,1,2,ats_reset,2,1,0.4290833047305553,0.8461041953841918,0.4629857249971011,0.09786586171788389,0.32476820573901516,0.4290833047305553,0.14828262781254567
995,2af7e5a6cf44bf5bb456fafbfb12245cac6a5e14,1,2,ats_g,2,1,0.4497557344832778,0.7990506558530628,0.43108740713716265,0.06987460182909631,0.3036619479041283,0.4497557344832778,0.1767077157834976
998,f45af2d12c645cdff43d4aa1e186ae157f0dc5c8,3,2,ats_reset,1,0,0.19508114747823996,1.6343396660669554,0.8660775852958655,0.2574734726171713,0.3056790278208111,0.19508114747823996,0.24176635208377767
998,f45af2d12c645cdff43d4aa1e186ae157f0dc5c8,3,2,ats_g,1,0,0.20838033997729166,1.5683903114738922,0.8360222438463272,0.2628831732058289,0.27972823545539205,0.20838033997729166,0.2490082513614874
998,90af6721156c5538fcf64babe634af19c2275b83,4,3,ats_reset,3,1,0.44853999180734233,0.8017574335491605,0.45829010774501977,0.11546037058886553,0.06666735708707358,0.36933228051671857,0.44853999180734233
998,90af6721156c5538fcf64babe634af19c2275b83,4,3,ats_g,3,1,0.6228469779528346,0.47345441162803464,0.22641423663512036,0.06026961767202584,0.03529572824345441,0.2815876761316851,0.6228469779528346
