persona_id,condition,step,g_disp,g_cos_pre,p_new,p_old,alpha
644,stable_old,1,0.42230531573295593,0.9981172680854797,0.40149980783462524,0.3809226155281067,0.24269163608551025
644,stable_old,2,0.8046317100524902,0.9926868677139282,0.4027125835418701,0.37693139910697937,0.24023808538913727
644,stable_old,3,1.1580548286437988,0.9840862154960632,0.40327689051628113,0.3734161853790283,0.23774346709251404
644,stable_old,4,1.488081693649292,0.9727663397789001,0.40333205461502075,0.37041714787483215,0.235286146402359
644,stable_old,5,1.7970105409622192,0.9592413902282715,0.4030168056488037,0.36792200803756714,0.23292723298072815
644,stable_old,6,2.085540294647217,0.9440602660179138,0.4024530053138733,0.36588340997695923,0.2307111918926239
644,stable_old,7,2.3537659645080566,0.9277685284614563,0.401739239692688,0.3642333149909973,0.22866614162921906
644,stable_old,8,2.601729393005371,0.9108738899230957,0.4009528160095215,0.3628951907157898,0.22680610418319702
644,sustained_new,1,1.0088313817977905,0.9829283952713013,0.3948688209056854,0.37847331166267395,0.2708110213279724
644,sustained_new,2,1.7963546514511108,0.9474009871482849,0.39014607667922974,0.37155085802078247,0.26641833782196045
644,sustained_new,3,2.422818422317505,0.9072355031967163,0.3858192265033722,0.36546528339385986,0.2624208331108093
644,sustained_new,4,2.9306459426879883,0.8679360747337341,0.3820503056049347,0.36029502749443054,0.25887781381607056
644,sustained_new,5,3.349644184112549,0.8313066363334656,0.3789082169532776,0.355864018201828,0.25582873821258545
644,sustained_new,6,3.7007076740264893,0.7977592349052429,0.37640896439552307,0.3520037829875946,0.2532808780670166
644,sustained_new,7,3.9985358715057373,0.7672435641288757,0.3745148777961731,0.34861990809440613,0.2512109875679016
644,sustained_new,8,4.253602981567383,0.7395797967910767,0.37314876914024353,0.345676064491272,0.2495725303888321
644,shock_recovery,0,1.0088313817977905,0.9829283952713013,0.3948688209056854,0.37847331166267395,0.2708110213279724
644,shock_recovery,1,1.1202112436294556,0.9810065627098083,0.39733266830444336,0.37596502900123596,0.23464435338974
644,shock_recovery,2,1.3472578525543213,0.9746758341789246,0.39886996150016785,0.37345048785209656,0.2329534888267517
644,shock_recovery,3,1.615515112876892,0.9648904800415039,0.39968356490135193,0.3710775673389435,0.23113365471363068
644,shock_recovery,4,1.891789436340332,0.9524158835411072,0.3999609053134918,0.3689298629760742,0.22929009795188904
626,stable_old,1,0.3616540729999542,0.9987508654594421,0.33839961886405945,0.2596789598464966,0.29020440578460693
626,stable_old,2,0.6751683950424194,0.9953399896621704,0.33857154846191406,0.2605345547199249,0.2902514636516571
626,stable_old,3,0.9537950754165649,0.9901900887489319,0.3386443853378296,0.2610916495323181,0.29027560353279114
626,stable_old,4,1.2058805227279663,0.9836493730545044,0.3386443555355072,0.2614380121231079,0.29028189182281494
626,stable_old,5,1.4366304874420166,0.9760195016860962,0.3385921120643616,0.2616332471370697,0.29027456045150757
626,stable_old,6,1.649280309677124,0.96756911277771,0.33850377798080444,0.2617162764072418,0.29025718569755554
626,stable_old,7,1.8458609580993652,0.9585408568382263,0.3383919596672058,0.26171180605888367,0.2902325391769409
626,stable_old,8,2.0276939868927,0.9491536617279053,0.33826613426208496,0.2616359293460846,0.2902028560638428
626,sustained_new,1,0.7936310172080994,0.989952564239502,0.33638858795166016,0.2672007977962494,0.2637247145175934
626,sustained_new,2,1.4037950038909912,0.9696223139762878,0.3356136679649353,0.27044808864593506,0.2655497193336487
626,sustained_new,3,1.8832595348358154,0.9469711780548096,0.33458831906318665,0.27033689618110657,0.2671552002429962
626,sustained_new,4,2.2670865058898926,0.9250339865684509,0.3332732319831848,0.26857998967170715,0.26851382851600647
626,sustained_new,5,2.578338623046875,0.9048978090286255,0.33193108439445496,0.2661619186401367,0.2696206569671631
626,sustained_new,6,2.832935094833374,0.8868875503540039,0.33072805404663086,0.2636035084724426,0.27049440145492554
626,sustained_new,7,3.042525053024292,0.8710053563117981,0.329714298248291,0.2611635625362396,0.27116742730140686
626,sustained_new,8,3.216002941131592,0.8571110963821411,0.32888057827949524,0.2589547038078308,0.2716749310493469
626,shock_recovery,0,0.7936310172080994,0.989952564239502,0.33638858795166016,0.2672007977962494,0.2637247145175934
626,shock_recovery,1,0.8034133315086365,0.9911811351776123,0.3374459445476532,0.2657386064529419,0.2905433177947998
626,shock_recovery,2,0.9762137532234192,0.9882532954216003,0.3380894064903259,0.26456817984580994,0.2905047535896301
626,shock_recovery,3,1.1939457654953003,0.982901394367218,0.3384453058242798,0.26367148756980896,0.2904604971408844
626,shock_recovery,4,1.4133950471878052,0.975985050201416,0.3386005163192749,0.2629846930503845,0.29041337966918945
314,stable_old,1,0.3360649049282074,0.9989905953407288,0.3074463903903961,0.27947524189949036,0.2865694761276245
314,stable_old,2,0.6234368681907654,0.996202826499939,0.30762603878974915,0.2791363000869751,0.2861996293067932
314,stable_old,3,0.8777680397033691,0.9919214248657227,0.30777275562286377,0.2787966728210449,0.28589561581611633
314,stable_old,4,1.108960747718811,0.986369252204895,0.3078930974006653,0.2784373462200165,0.28564825654029846
314,stable_old,5,1.3231053352355957,0.9797378778457642,0.3079940378665924,0.27805185317993164,0.2854486405849457
314,stable_old,6,1.5238550901412964,0.9722015857696533,0.3080814778804779,0.2776389718055725,0.28528884053230286
314,stable_old,7,1.7133666276931763,0.9639227390289307,0.3081599473953247,0.2772001028060913,0.28516197204589844
314,stable_old,8,1.8929131031036377,0.9550532698631287,0.3082326352596283,0.27673742175102234,0.28506216406822205
314,sustained_new,1,1.3516972064971924,0.9691544771194458,0.3041972517967224,0.2779991328716278,0.28854918479919434
314,sustained_new,2,2.4561147689819336,0.8973304629325867,0.30102837085723877,0.27768248319625854,0.28887274861335754
314,sustained_new,3,3.3477306365966797,0.8125843405723572,0.29887136816978455,0.27931877970695496,0.28914183378219604
314,sustained_new,4,4.060450077056885,0.7316697835922241,0.2982438802719116,0.2825859785079956,0.2893649637699127
314,sustained_new,5,4.626338481903076,0.661244809627533,0.298859179019928,0.28667742013931274,0.28954169154167175
314,sustained_new,6,5.074344158172607,0.6024271249771118,0.30015626549720764,0.290845662355423,0.289676308631897
314,sustained_new,7,5.4292192459106445,0.5540927052497864,0.3016975522041321,0.2946225106716156,0.28977835178375244
314,sustained_new,8,5.711415767669678,0.5144904851913452,0.3032352924346924,0.2977913022041321,0.28985753655433655
314,shock_recovery,0,1.3516972064971924,0.9691544771194458,0.3041972517967224,0.2779991328716278,0.28854918479919434
314,shock_recovery,1,1.1626394987106323,0.9780257344245911,0.30510279536247253,0.27857449650764465,0.28679901361465454
314,shock_recovery,2,1.1592937707901,0.9799713492393494,0.3058103024959564,0.278997540473938,0.2865034341812134
314,shock_recovery,3,1.2736306190490723,0.9776228070259094,0.3063616454601288,0.2792107164859772,0.28624168038368225
314,shock_recovery,4,1.4425479173660278,0.9724531769752502,0.30679991841316223,0.2792251706123352,0.28601598739624023
382,stable_old,1,0.3630596697330475,0.9987831115722656,0.2129514068365097,0.2330026477575302,0.288846492767334
382,stable_old,2,0.6746379733085632,0.9955046772956848,0.21379095315933228,0.2338470071554184,0.2890121340751648
382,stable_old,3,0.9474384784698486,0.9906529784202576,0.21434210240840912,0.23441822826862335,0.289139986038208
382,stable_old,4,1.1898789405822754,0.9846308827400208,0.21465112268924713,0.23478183150291443,0.2892338037490845
382,stable_old,5,1.4077789783477783,0.9777629971504211,0.21475502848625183,0.23498296737670898,0.2892979085445404
382,stable_old,6,1.6053459644317627,0.9703048467636108,0.2146858125925064,0.23505361378192902,0.28933677077293396
382,stable_old,7,1.785733699798584,0.9624544382095337,0.2144726663827896,0.23501752316951752,0.2893546521663666
382,stable_old,8,1.9513581991195679,0.9543660879135132,0.2141425460577011,0.23489287495613098,0.2893553376197815
382,sustained_new,1,0.9017463326454163,0.9871335625648499,0.21532827615737915,0.22315570712089539,0.28021860122680664
382,sustained_new,2,1.5735384225845337,0.9620528221130371,0.21637800335884094,0.2175363451242447,0.28157487511634827
382,sustained_new,3,2.0820276737213135,0.9355587363243103,0.2164916694164276,0.214645117521286,0.28244492411613464
382,sustained_new,4,2.472473621368408,0.9113675355911255,0.21629279851913452,0.2136162370443344,0.28305596113204956
382,sustained_new,5,2.7760090827941895,0.8904003500938416,0.21595579385757446,0.21364283561706543,0.28351736068725586
382,sustained_new,6,3.014756202697754,0.8725778460502625,0.21554946899414062,0.2141876071691513,0.2838824391365051
382,sustained_new,7,3.204780101776123,0.8575052618980408,0.21512344479560852,0.21494290232658386,0.2841796875
382,sustained_new,8,3.3578970432281494,0.8447315692901611,0.21471427381038666,0.2157488763332367,0.2844260334968567
382,shock_recovery,0,0.9017463326454163,0.9871335625648499,0.21532827615737915,0.22315570712089539,0.28021860122680664
382,shock_recovery,1,0.799433708190918,0.9911978244781494,0.21537350118160248,0.22569353878498077,0.2891682982444763
382,shock_recovery,2,0.9169546961784363,0.9898365139961243,0.21556052565574646,0.2277694046497345,0.2893112599849701
382,shock_recovery,3,1.1147470474243164,0.9855908751487732,0.21574446558952332,0.22943873703479767,0.2894129753112793
382,shock_recovery,4,1.3217144012451172,0.9797873497009277,0.21584786474704742,0.2307591587305069,0.2894797921180725
692,stable_old,1,0.40739956498146057,0.9982568621635437,0.36207810044288635,0.2263374775648117,0.28454717993736267
692,stable_old,2,0.755522608757019,0.9937858581542969,0.36168888211250305,0.22682689130306244,0.2848995327949524
692,stable_old,3,1.0535094738006592,0.9875867962837219,0.3614972233772278,0.2272513061761856,0.28518787026405334
692,stable_old,4,1.3084590435028076,0.9804475903511047,0.36144208908081055,0.2276446521282196,0.2854192852973938
692,stable_old,5,1.5263088941574097,0.97295081615448,0.3614639639854431,0.22801579535007477,0.2856026589870453
692,stable_old,6,1.712201476097107,0.9655022621154785,0.3615188002586365,0.22836266458034515,0.2857462763786316
692,stable_old,7,1.870639681816101,0.9583666324615479,0.36157768964767456,0.2286803424358368,0.2858573794364929
692,stable_old,8,2.0055668354034424,0.9517038464546204,0.3616234064102173,0.2289646565914154,0.285942018032074
692,sustained_new,1,0.8451105356216431,0.9888647794723511,0.36351004242897034,0.22577990591526031,0.28889200091362
692,sustained_new,2,1.5347142219543457,0.9642537832260132,0.3617629408836365,0.22463323175907135,0.28839436173439026
692,sustained_new,3,2.1231985092163086,0.9330808520317078,0.3588384985923767,0.22341805696487427,0.28795555233955383
692,sustained_new,4,2.6366920471191406,0.8986244201660156,0.35603728890419006,0.22305278480052948,0.2875215411186218
692,sustained_new,5,3.0874743461608887,0.8630386590957642,0.35370615124702454,0.22364066541194916,0.28708207607269287
692,sustained_new,6,3.4826395511627197,0.8279018998146057,0.35177457332611084,0.22481605410575867,0.2866489887237549
692,sustained_new,7,3.8278560638427734,0.7942968010902405,0.35018712282180786,0.22620201110839844,0.2862377166748047
692,sustained_new,8,4.128503799438477,0.7628762722015381,0.3489372432231903,0.22757357358932495,0.2858595848083496
692,shock_recovery,0,0.8451105356216431,0.9888647794723511,0.36351004242897034,0.22577990591526031,0.28889200091362
692,shock_recovery,1,0.8710563778877258,0.9896611571311951,0.3617726266384125,0.22588905692100525,0.2832792401313782
692,shock_recovery,2,1.0450767278671265,0.9864729046821594,0.3606813848018646,0.22614654898643494,0.28392064571380615
692,shock_recovery,3,1.2508071660995483,0.9813144207000732,0.3601060211658478,0.22649602591991425,0.28440600633621216
692,shock_recovery,4,1.4476492404937744,0.9752049446105957,0.3598833680152893,0.2269081473350525,0.2847764790058136
884,stable_old,1,0.3551484942436218,0.9992249011993408,0.23995085060596466,0.308447003364563,0.22773092985153198
884,stable_old,2,0.6497540473937988,0.9971429705619812,0.2400173395872116,0.30862289667129517,0.2290743887424469
884,stable_old,3,0.8998504877090454,0.9940077662467957,0.24012725055217743,0.3087066113948822,0.23020175099372864
884,stable_old,4,1.1178860664367676,0.989960789680481,0.2402665615081787,0.3087167739868164,0.23115432262420654
884,stable_old,5,1.3134361505508423,0.9850665330886841,0.2404259890317917,0.30866456031799316,0.23196063935756683
884,stable_old,6,1.49374258518219,0.9793416857719421,0.24059925973415375,0.3085551857948303,0.23264101147651672
884,stable_old,7,1.6641308069229126,0.9727782607078552,0.24078163504600525,0.3083897829055786,0.23321062326431274
884,stable_old,8,1.8283429145812988,0.9653622508049011,0.24096938967704773,0.30816641449928284,0.23368141055107117
884,sustained_new,1,1.1923753023147583,0.9725966453552246,0.23786449432373047,0.2950897514820099,0.2779845595359802
884,sustained_new,2,2.0905864238739014,0.9206323027610779,0.23754440248012543,0.28765177726745605,0.2771793007850647
884,sustained_new,3,2.7733094692230225,0.8679047226905823,0.23793120682239532,0.2836606800556183,0.27650904655456543
884,sustained_new,4,3.2995400428771973,0.8211900591850281,0.23847486078739166,0.28128746151924133,0.27606022357940674
884,sustained_new,5,3.7120163440704346,0.7811439633369446,0.23900222778320312,0.27956894040107727,0.2758093476295471
884,sustained_new,6,4.04120397567749,0.7468183040618896,0.239467054605484,0.27802303433418274,0.27569878101348877
884,sustained_new,7,4.308836460113525,0.7170693278312683,0.2398567646741867,0.27640238404273987,0.275674045085907
884,sustained_new,8,4.5305328369140625,0.690912127494812,0.2401690036058426,0.2745893895626068,0.2756941020488739
884,shock_recovery,0,1.1923753023147583,0.9725966453552246,0.23786449432373047,0.2950897514820099,0.2779845595359802
884,shock_recovery,1,1.124610424041748,0.9790560007095337,0.23820610344409943,0.29706406593322754,0.22540269792079926
884,shock_recovery,2,1.1855546236038208,0.980574369430542,0.23858308792114258,0.2986339330673218,0.22731202840805054
884,shock_recovery,3,1.311916708946228,0.9790781140327454,0.23896284401416779,0.29986199736595154,0.22897407412528992
884,shock_recovery,4,1.4648890495300293,0.9755133986473083,0.23933039605617523,0.30081281065940857,0.23039035499095917
493,stable_old,1,0.3028720021247864,0.99941486120224,0.3523249626159668,0.36638757586479187,0.28963619470596313
493,stable_old,2,0.55224609375,0.9977899789810181,0.3546060621738434,0.36883217096328735,0.28956401348114014
493,stable_old,3,0.7656210660934448,0.9952819347381592,0.35670730471611023,0.37117305397987366,0.2894967198371887
493,stable_old,4,0.9544755816459656,0.9920128583908081,0.3586004376411438,0.3733695149421692,0.2894325852394104
493,stable_old,5,1.1261990070343018,0.9880839586257935,0.3602680563926697,0.3753925859928131,0.2893703579902649
493,stable_old,6,1.2854501008987427,0.9835854172706604,0.36170268058776855,0.3772236704826355,0.28930914402008057
493,stable_old,7,1.435098648071289,0.9786005616188049,0.36290523409843445,0.3788529634475708,0.28924858570098877
493,stable_old,8,1.5768647193908691,0.973209023475647,0.3638835549354553,0.3802788555622101,0.2891883850097656
493,sustained_new,1,0.4619966447353363,0.9969925284385681,0.354459285736084,0.3688342571258545,0.22819927334785461
493,sustained_new,2,0.8540363311767578,0.9899564981460571,0.3586808145046234,0.3734121322631836,0.23093299567699432
493,sustained_new,3,1.1880459785461426,0.9808996319770813,0.36251720786094666,0.3775413930416107,0.23283517360687256
493,sustained_new,4,1.4746490716934204,0.9709453582763672,0.36595386266708374,0.3812297284603119,0.23417142033576965
493,sustained_new,5,1.7227176427841187,0.9607091546058655,0.3689967393875122,0.3845192492008209,0.2351151704788208
493,sustained_new,6,1.93937087059021,0.9505249857902527,0.3716648817062378,0.3874579966068268,0.23578301072120667
493,sustained_new,7,2.130181074142456,0.9405776262283325,0.3739859461784363,0.39009055495262146,0.23625531792640686
493,sustained_new,8,2.2994532585144043,0.930971622467041,0.37599343061447144,0.3924558758735657,0.23658812046051025
493,shock_recovery,0,0.4619966447353363,0.9969925284385681,0.354459285736084,0.3688342571258545,0.22819927334785461
493,shock_recovery,1,0.5978034734725952,0.996272623538971,0.35641852021217346,0.37097522616386414,0.2896949052810669
493,shock_recovery,2,0.7747499346733093,0.9943934082984924,0.358249694108963,0.37304022908210754,0.28960758447647095
493,shock_recovery,3,0.9497794508934021,0.9915851950645447,0.35992375016212463,0.37499818205833435,0.289527952671051
493,shock_recovery,4,1.1153603792190552,0.9880088567733765,0.3614184558391571,0.3768216669559479,0.28945374488830566
668,stable_old,1,0.34189099073410034,0.9990334510803223,0.22044846415519714,0.3677832782268524,0.2825412452220917
668,stable_old,2,0.6222027540206909,0.9965940117835999,0.21975339949131012,0.36813631653785706,0.28213727474212646
668,stable_old,3,0.8553653359413147,0.9932256937026978,0.21914200484752655,0.3683542013168335,0.2817554175853729
668,stable_old,4,1.0517374277114868,0.9893155694007874,0.21860750019550323,0.3684553802013397,0.2814042568206787
668,stable_old,5,1.2190039157867432,0.9851307272911072,0.21814340353012085,0.3684583604335785,0.2810867130756378
668,stable_old,6,1.3630306720733643,0.9808486104011536,0.21774356067180634,0.3683815002441406,0.28080278635025024
668,stable_old,7,1.4883943796157837,0.9765802025794983,0.21740217506885529,0.368242084980011,0.28055068850517273
668,stable_old,8,1.5987192392349243,0.9723901152610779,0.21711400151252747,0.3680562973022461,0.2803276777267456
668,sustained_new,1,0.7787835597991943,0.9903732538223267,0.21792975068092346,0.3682889938354492,0.23459631204605103
668,sustained_new,2,1.4040969610214233,0.9695482850074768,0.2158641368150711,0.36752352118492126,0.23337124288082123
668,sustained_new,3,1.908294439315796,0.9452401399612427,0.21481139957904816,0.36618196964263916,0.23262666165828705
668,sustained_new,4,2.318671464920044,0.9210225939750671,0.2144511640071869,0.3648543953895569,0.23229753971099854
668,sustained_new,5,2.6569058895111084,0.898262619972229,0.21454229950904846,0.3637515902519226,0.23230689764022827
668,sustained_new,6,2.9397482872009277,0.8773093819618225,0.21492071449756622,0.3629126250743866,0.232566699385643
668,sustained_new,7,3.1799657344818115,0.8580935001373291,0.21547643840312958,0.362313836812973,0.23299656808376312
668,sustained_new,8,3.387237787246704,0.8404021859169006,0.21613506972789764,0.3619135618209839,0.2335330843925476
668,shock_recovery,0,0.7787835597991943,0.9903732538223267,0.21792975068092346,0.3682889938354492,0.23459631204605103
668,shock_recovery,1,0.765328586101532,0.992180585861206,0.21759140491485596,0.3684278428554535,0.2820228934288025
668,shock_recovery,2,0.8685464262962341,0.9914719462394714,0.21727532148361206,0.3685223460197449,0.2817279100418091
668,shock_recovery,3,1.0113859176635742,0.989262044429779,0.21697038412094116,0.36855900287628174,0.2814467251300812
668,shock_recovery,4,1.1570897102355957,0.9861850142478943,0.21667984127998352,0.368529349565506,0.28117847442626953
823,stable_old,1,0.36616194248199463,0.9992163181304932,0.12872564792633057,0.5777542591094971,0.1312745213508606
823,stable_old,2,0.6790881156921387,0.9970620274543762,0.1288696527481079,0.5809109807014465,0.13297879695892334
823,stable_old,3,0.9477739334106445,0.9938288331031799,0.12894244492053986,0.5835511088371277,0.13438011705875397
823,stable_old,4,1.1796197891235352,0.989788293838501,0.12894615530967712,0.5858489274978638,0.135517418384552
823,stable_old,5,1.3807153701782227,0.9851775169372559,0.12889021635055542,0.5879235863685608,0.13643258810043335
823,stable_old,6,1.5560812950134277,0.9801939725875854,0.12878720462322235,0.5898536443710327,0.13716569542884827
823,stable_old,7,1.7098679542541504,0.9749957323074341,0.12864995002746582,0.5916889905929565,0.13775251805782318
823,stable_old,8,1.8455144166946411,0.9697044491767883,0.12849028408527374,0.5934581160545349,0.13822348415851593
823,sustained_new,1,1.241024374961853,0.9577023983001709,0.11889620870351791,0.5721018314361572,0.21435782313346863
823,sustained_new,2,2.227692127227783,0.8748391270637512,0.11235310882329941,0.5432891845703125,0.20900847017765045
823,sustained_new,3,3.048046350479126,0.7820383906364441,0.10928703099489212,0.5189274549484253,0.2087613046169281
823,sustained_new,4,3.736212730407715,0.6927639842033386,0.10829952359199524,0.5028420090675354,0.213018536567688
823,sustained_new,5,4.305599212646484,0.6143383979797363,0.10734762251377106,0.49210840463638306,0.2191525101661682
823,sustained_new,6,4.76942253112793,0.5489222407341003,0.10596023499965668,0.48440656065940857,0.22525545954704285
823,sustained_new,7,5.142529487609863,0.49580124020576477,0.10445205867290497,0.47852006554603577,0.23052921891212463
823,sustained_new,8,5.439695835113525,0.45325300097465515,0.10310275107622147,0.47387439012527466,0.2348221093416214
823,shock_recovery,0,1.241024374961853,0.9577023983001709,0.11889620870351791,0.5721018314361572,0.21435782313346863
823,shock_recovery,1,1.1963731050491333,0.96748948097229,0.12058866769075394,0.5796613693237305,0.12898211181163788
823,shock_recovery,2,1.2432833909988403,0.9722985029220581,0.12202710658311844,0.5854939818382263,0.13016116619110107
823,shock_recovery,3,1.3436576128005981,0.9738657474517822,0.12323763221502304,0.5899169445037842,0.13144907355308533
823,shock_recovery,4,1.469152569770813,0.9731959104537964,0.12423970550298691,0.5932580828666687,0.13265261054039001
522,stable_old,1,0.3688252866268158,0.998690128326416,0.26293113827705383,0.304762601852417,0.2818613350391388
522,stable_old,2,0.700626790523529,0.9948484301567078,0.26432934403419495,0.3043419122695923,0.2813664674758911
522,stable_old,3,1.006940245628357,0.9886758923530579,0.2656208574771881,0.30386731028556824,0.28088194131851196
522,stable_old,4,1.2931493520736694,0.9804679155349731,0.26680272817611694,0.30337151885032654,0.28042298555374146
522,stable_old,5,1.5612099170684814,0.9705976247787476,0.26787567138671875,0.30287685990333557,0.27999988198280334
522,stable_old,6,1.8114235401153564,0.9594839215278625,0.26884424686431885,0.30240005254745483,0.27961909770965576
522,stable_old,7,2.0434987545013428,0.9475563168525696,0.26971492171287537,0.3019537329673767,0.2792840301990509
522,stable_old,8,2.2571256160736084,0.9352205991744995,0.2704949676990509,0.30154740810394287,0.2789955735206604
522,sustained_new,1,1.0381323099136353,0.9822570085525513,0.2614641785621643,0.2972680926322937,0.24873338639736176
522,sustained_new,2,1.8893682956695557,0.9419031143188477,0.2613215744495392,0.29130786657333374,0.24919047951698303
522,sustained_new,3,2.581792116165161,0.8937241435050964,0.2611972391605377,0.28727662563323975,0.2502613067626953
522,sustained_new,4,3.141767978668213,0.846127986907959,0.26102587580680847,0.28480374813079834,0.2516842186450958
522,sustained_new,5,3.5931453704833984,0.8029296398162842,0.26072317361831665,0.2835066616535187,0.25323641300201416
522,sustained_new,6,3.957371473312378,0.7652660608291626,0.2602287530899048,0.2830717861652374,0.25476396083831787
522,sustained_new,7,4.251870632171631,0.7331016063690186,0.2595614790916443,0.2832466661930084,0.25618940591812134
522,sustained_new,8,4.490940093994141,0.7058884501457214,0.25878432393074036,0.28383421897888184,0.2574746310710907
522,shock_recovery,0,1.0381323099136353,0.9822570085525513,0.2614641785621643,0.2972680926322937,0.24873338639736176
522,shock_recovery,1,1.0322312116622925,0.9838177561759949,0.263330340385437,0.2979409694671631,0.2815396785736084
522,shock_recovery,2,1.1756250858306885,0.9808724522590637,0.2649191617965698,0.2983897924423218,0.28117913007736206
522,shock_recovery,3,1.3877410888671875,0.9746325016021729,0.2662748694419861,0.29868409037590027,0.28078973293304443
522,shock_recovery,4,1.6216496229171753,0.9659698009490967,0.267436683177948,0.29887256026268005,0.28039807081222534
451,stable_old,1,0.44965651631355286,0.9976468086242676,0.2739787995815277,0.20168770849704742,0.1226244568824768
451,stable_old,2,0.8620083332061768,0.9911861419677734,0.27298668026924133,0.2017064392566681,0.12360195815563202
451,stable_old,3,1.237652063369751,0.9815864562988281,0.2716151773929596,0.201532781124115,0.1232781857252121
451,stable_old,4,1.5775240659713745,0.9698120951652527,0.26993536949157715,0.20120283961296082,0.12195484340190887
451,stable_old,5,1.8830195665359497,0.9567335247993469,0.26802560687065125,0.20074738562107086,0.11994223296642303
451,stable_old,6,2.155996799468994,0.9430742859840393,0.26597097516059875,0.20019380748271942,0.1175028458237648
451,stable_old,7,2.398715019226074,0.9293911457061768,0.2638554275035858,0.19956707954406738,0.11485057324171066
451,stable_old,8,2.613692283630371,0.9160832762718201,0.2617543935775757,0.19888991117477417,0.11216501146554947
451,sustained_new,1,0.761341392993927,0.987297773361206,0.27647557854652405,0.2017444521188736,0.16121242940425873
451,sustained_new,2,1.4093618392944336,0.9617112874984741,0.2769226133823395,0.20184728503227234,0.16410502791404724
451,sustained_new,3,1.956007719039917,0.9326167106628418,0.27636879682540894,0.20181332528591156,0.16507098078727722
451,sustained_new,4,2.414602041244507,0.9035630822181702,0.27518653869628906,0.20167791843414307,0.16434355080127716
451,sustained_new,5,2.798163652420044,0.8760218024253845,0.2736561894416809,0.20146122574806213,0.16236886382102966
451,sustained_new,6,3.118504285812378,0.8506471514701843,0.2719773054122925,0.20117521286010742,0.15960964560508728
451,sustained_new,7,3.385946750640869,0.8277020454406738,0.27027571201324463,0.2008276730775833,0.15645967423915863
451,sustained_new,8,3.609337568283081,0.8072264194488525,0.26861950755119324,0.20042628049850464,0.15321609377861023
451,shock_recovery,0,0.761341392993927,0.987297773361206,0.27647557854652405,0.2017444521188736,0.16121242940425873
451,shock_recovery,1,1.0730278491973877,0.9817268252372742,0.27502378821372986,0.20178386569023132,0.12516289949417114
451,shock_recovery,2,1.403427004814148,0.9724026918411255,0.2733236253261566,0.20163065195083618,0.1250278800725937
451,shock_recovery,3,1.7169189453125,0.9607520699501038,0.271427184343338,0.20132042467594147,0.12361059337854385
451,shock_recovery,4,2.0035665035247803,0.9478599429130554,0.2693929076194763,0.20088548958301544,0.12140367925167084
479,stable_old,1,0.33598655462265015,0.9991142749786377,0.25719940662384033,0.20781365036964417,0.28333672881126404
479,stable_old,2,0.6177958846092224,0.9967266917228699,0.2567128539085388,0.20795509219169617,0.28313738107681274
479,stable_old,3,0.859414279460907,0.993205189704895,0.2563045024871826,0.20814938843250275,0.2829294800758362
479,stable_old,4,1.0700849294662476,0.988861620426178,0.25597766041755676,0.2083832025527954,0.28272056579589844
479,stable_old,5,1.256126046180725,0.9839502573013306,0.25572893023490906,0.2086457461118698,0.28251421451568604
479,stable_old,6,1.4220515489578247,0.9786719083786011,0.2555510699748993,0.20892809331417084,0.2823118567466736
479,stable_old,7,1.5712428092956543,0.9731788039207458,0.2554354965686798,0.20922285318374634,0.2821137607097626
479,stable_old,8,1.7063453197479248,0.9675815105438232,0.2553724944591522,0.20952381193637848,0.2819196283817291
479,sustained_new,1,0.7884215116500854,0.9903779029846191,0.25901374220848083,0.20773355662822723,0.278044730424881
479,sustained_new,2,1.3933653831481934,0.9709784984588623,0.26029863953590393,0.2078874260187149,0.2774946987628937
479,sustained_new,3,1.866853952407837,0.9493878483772278,0.26149243116378784,0.20814169943332672,0.2772452235221863
479,sustained_new,4,2.2460291385650635,0.9283350706100464,0.2625606656074524,0.20842592418193817,0.2771978974342346
479,sustained_new,5,2.5564613342285156,0.9086366295814514,0.263500452041626,0.20869214832782745,0.27726900577545166
479,sustained_new,6,2.8155548572540283,0.89044588804245,0.2643212080001831,0.20891445875167847,0.27739885449409485
479,sustained_new,7,3.0351924896240234,0.8737174868583679,0.2650362551212311,0.20908118784427643,0.2775489091873169
479,sustained_new,8,3.22360897064209,0.8583618998527527,0.2656591236591339,0.2091887891292572,0.27769583463668823
479,shock_recovery,0,0.7884215116500854,0.9903779029846191,0.25901374220848083,0.20773355662822723,0.278044730424881
479,shock_recovery,1,0.8058959245681763,0.9916151165962219,0.2584770619869232,0.20775993168354034,0.2829985022544861
479,shock_recovery,2,0.9366186857223511,0.9901207089424133,0.25797709822654724,0.20787851512432098,0.28297877311706543
479,shock_recovery,3,1.1010236740112305,0.9869949221611023,0.2575450837612152,0.20806001126766205,0.2828952372074127
479,shock_recovery,4,1.266464352607727,0.9828596115112305,0.25719088315963745,0.20828616619110107,0.28277188539505005
977,stable_old,1,0.2985806167125702,0.9995079040527344,0.15630677342414856,0.3232181966304779,0.2812280058860779
977,stable_old,2,0.5404034852981567,0.9981662631034851,0.15663841366767883,0.32425981760025024,0.2808404862880707
977,stable_old,3,0.7413139939308167,0.996167778968811,0.15693022310733795,0.32502317428588867,0.2805858254432678
977,stable_old,4,0.9118427038192749,0.9936850070953369,0.15719270706176758,0.32557809352874756,0.280430406332016
977,stable_old,5,1.0591000318527222,0.9908660054206848,0.15743312239646912,0.3259771764278412,0.28034716844558716
977,stable_old,6,1.188009262084961,0.9878313541412354,0.15765658020973206,0.32626011967658997,0.2803152799606323
977,stable_old,7,1.3020925521850586,0.9846760034561157,0.15786658227443695,0.32645702362060547,0.28031933307647705
977,stable_old,8,1.403961181640625,0.9814717769622803,0.1580655425786972,0.326590895652771,0.28034812211990356
977,sustained_new,1,0.5593665838241577,0.9957571625709534,0.15558256208896637,0.32003316283226013,0.27853405475616455
977,sustained_new,2,1.0113588571548462,0.9864841103553772,0.1554831713438034,0.31869378685951233,0.279387891292572
977,sustained_new,3,1.3740618228912354,0.9755055904388428,0.15553684532642365,0.317763090133667,0.27993065118789673
977,sustained_new,4,1.6653494834899902,0.9644617438316345,0.15568393468856812,0.3171568810939789,0.2803249955177307
977,sustained_new,5,1.900483250617981,0.9540783166885376,0.15588466823101044,0.31679627299308777,0.28064054250717163
977,sustained_new,6,2.0918264389038086,0.9446148872375488,0.15611232817173004,0.31662020087242126,0.2809079885482788
977,sustained_new,7,2.2493388652801514,0.9360942244529724,0.15634854137897491,0.3165760338306427,0.28114190697669983
977,sustained_new,8,2.3808486461639404,0.9284327626228333,0.1565808802843094,0.3166227340698242,0.2813495397567749
977,shock_recovery,0,0.5593665838241577,0.9957571625709534,0.15558256208896637,0.32003316283226013,0.27853405475616455
977,shock_recovery,1,0.6734532117843628,0.9953794479370117,0.15609370172023773,0.3218097686767578,0.2818017601966858
977,shock_recovery,2,0.8184081315994263,0.9940544962882996,0.15653835237026215,0.3231694996356964,0.28123337030410767
977,shock_recovery,3,0.9616230130195618,0.9920361638069153,0.156923308968544,0.3241918087005615,0.28091245889663696
977,shock_recovery,4,1.0943843126296997,0.9895315766334534,0.1572587788105011,0.3249470889568329,0.280743271112442
697,stable_old,1,0.4072023332118988,0.9983683824539185,0.21372298896312714,0.18348988890647888,0.27469009160995483
697,stable_old,2,0.7673661708831787,0.9938094019889832,0.21426847577095032,0.18526697158813477,0.27577638626098633
697,stable_old,3,1.0913920402526855,0.9868293404579163,0.21447712182998657,0.18687193095684052,0.2766541838645935
697,stable_old,4,1.3860000371932983,0.9779198169708252,0.21447232365608215,0.18828068673610687,0.2773693799972534
697,stable_old,5,1.6554293632507324,0.9675421714782715,0.21433411538600922,0.18951258063316345,0.27795737981796265
697,stable_old,6,1.9025272130966187,0.9561133980751038,0.21411898732185364,0.1905948370695114,0.27844536304473877
697,stable_old,7,2.1294174194335938,0.9439955353736877,0.21386978030204773,0.19155001640319824,0.2788541316986084
697,stable_old,8,2.337872266769409,0.9314908981323242,0.213619664311409,0.19239456951618195,0.27920001745224
697,sustained_new,1,0.3601534068584442,0.9979493021965027,0.21159519255161285,0.18145811557769775,0.13740748167037964
697,sustained_new,2,0.6986618638038635,0.9924287796020508,0.21074062585830688,0.18142521381378174,0.1399209350347519
697,sustained_new,3,1.0178327560424805,0.9842222929000854,0.21011094748973846,0.18156196177005768,0.14235606789588928
697,sustained_new,4,1.3192553520202637,0.9739410877227783,0.20971837639808655,0.18183673918247223,0.1446104347705841
697,sustained_new,5,1.6040998697280884,0.9620691537857056,0.20956474542617798,0.1822141855955124,0.14664167165756226
697,sustained_new,6,1.8731920719146729,0.9490005373954773,0.2096441090106964,0.18266049027442932,0.14843881130218506
697,sustained_new,7,2.127039909362793,0.935072124004364,0.20994383096694946,0.18314605951309204,0.1500072479248047
697,sustained_new,8,2.36588454246521,0.9205845594406128,0.2104450911283493,0.1836457997560501,0.15135997533798218
697,shock_recovery,0,0.3601534068584442,0.9979493021965027,0.21159519255161285,0.18145811557769775,0.13740748167037964
697,shock_recovery,1,0.5454362034797668,0.9966729283332825,0.21300004422664642,0.18331845104694366,0.2747378349304199
697,shock_recovery,2,0.8544172644615173,0.9920591711997986,0.2138601690530777,0.18513531982898712,0.2758571207523346
697,shock_recovery,3,1.1615344285964966,0.9848132133483887,0.21435829997062683,0.1867615282535553,0.2767462134361267
697,shock_recovery,4,1.4493271112442017,0.9755449891090393,0.21461428701877594,0.188177227973938,0.27746549248695374
590,stable_old,1,0.3414877951145172,0.9992854595184326,0.2974911332130432,0.3300417959690094,0.2178552746772766
590,stable_old,2,0.6267203092575073,0.9973024725914001,0.2966131269931793,0.32945317029953003,0.21551677584648132
590,stable_old,3,0.8719580769538879,0.9942357540130615,0.2954648733139038,0.3285693824291229,0.2131725698709488
590,stable_old,4,1.0885893106460571,0.9902235269546509,0.2941204905509949,0.32751068472862244,0.21083679795265198
590,stable_old,5,1.2844798564910889,0.985378086566925,0.2926301956176758,0.3263551890850067,0.20851099491119385
590,stable_old,6,1.4649893045425415,0.9797971844673157,0.2910309433937073,0.32515406608581543,0.20619136095046997
590,stable_old,7,1.6337155103683472,0.9735714197158813,0.2893521785736084,0.3239406943321228,0.2038734406232834
590,stable_old,8,1.7930350303649902,0.9667873382568359,0.28761881589889526,0.3227369785308838,0.20155441761016846
590,sustained_new,1,0.12761971354484558,0.9997164607048035,0.29777413606643677,0.3286556303501129,0.04149211198091507
590,sustained_new,2,0.2512807250022888,0.9989110231399536,0.2975788712501526,0.3271391987800598,0.041612230241298676
590,sustained_new,3,0.37067273259162903,0.9976524710655212,0.2973931133747101,0.325600266456604,0.04167361184954643
590,sustained_new,4,0.4857046902179718,0.9960067272186279,0.2972145974636078,0.3240426778793335,0.041705984622240067
590,sustained_new,5,0.5964022874832153,0.9940338730812073,0.29704031348228455,0.32247042655944824,0.04172440245747566
590,sustained_new,6,0.7028555274009705,0.9917868971824646,0.29686713218688965,0.32088756561279297,0.04173656553030014
590,sustained_new,7,0.8051923513412476,0.9893128275871277,0.2966917157173157,0.3192979693412781,0.04174642637372017
590,sustained_new,8,0.9035634994506836,0.9866520762443542,0.2965112328529358,0.3177053928375244,0.041756078600883484
590,shock_recovery,0,0.12761971354484558,0.9997164607048035,0.29777413606643677,0.3286556303501129,0.04149211198091507
590,shock_recovery,1,0.3898388147354126,0.9988997578620911,0.2972361743450165,0.3286084532737732,0.21839454770088196
590,shock_recovery,2,0.6637418270111084,0.9967876076698303,0.29632729291915894,0.32806074619293213,0.21588505804538727
590,shock_recovery,3,0.9041657447814941,0.9935808777809143,0.2951584458351135,0.3272155523300171,0.21344953775405884
590,shock_recovery,4,1.1181893348693848,0.9894276261329651,0.2937994599342346,0.32619819045066833,0.21106380224227905
849,stable_old,1,0.31117701530456543,0.9993395805358887,0.38530653715133667,0.2871989607810974,0.2813056707382202
849,stable_old,2,0.5659312009811401,0.9975684285163879,0.38552799820899963,0.2872242033481598,0.28091010451316833
849,stable_old,3,0.7802188396453857,0.9949623942375183,0.3856625556945801,0.28723207116127014,0.2806207835674286
849,stable_old,4,0.9645247459411621,0.9917489290237427,0.385736346244812,0.2872254550457001,0.28040820360183716
849,stable_old,5,1.1258310079574585,0.9881135821342468,0.38576775789260864,0.28720706701278687,0.2802501916885376
849,stable_old,6,1.268888235092163,0.9842047691345215,0.3857705891132355,0.2871794104576111,0.28013038635253906
849,stable_old,7,1.3970171213150024,0.9801396727561951,0.38575512170791626,0.28714457154273987,0.28003716468811035
849,stable_old,8,1.512610912322998,0.9760094285011292,0.3857293725013733,0.28710421919822693,0.2799619436264038
849,sustained_new,1,0.8518481850624084,0.9889654517173767,0.3832009732723236,0.2882595956325531,0.2836020290851593
849,sustained_new,2,1.5245977640151978,0.9656563401222229,0.38089868426322937,0.2890160381793976,0.28392937779426575
849,sustained_new,3,2.0563743114471436,0.9391882419586182,0.3783572018146515,0.28962400555610657,0.28417375683784485
849,sustained_new,4,2.4783589839935303,0.913658618927002,0.3757210969924927,0.29016512632369995,0.2843655049800873
849,sustained_new,5,2.815307140350342,0.8905890583992004,0.3730683922767639,0.29067307710647583,0.28452497720718384
849,sustained_new,6,3.086516857147217,0.8703252077102661,0.3704439401626587,0.29116296768188477,0.2846655249595642
849,sustained_new,7,3.3068504333496094,0.852726399898529,0.3678724467754364,0.2916429340839386,0.28479593992233276
849,sustained_new,8,3.4876701831817627,0.8374849557876587,0.3653661608695984,0.2921183705329895,0.28492164611816406
849,shock_recovery,0,0.8518481850624084,0.9889654517173767,0.3832009732723236,0.2882595956325531,0.2836020290851593
849,shock_recovery,1,0.8935325145721436,0.9894371032714844,0.38372308015823364,0.2881280481815338,0.2816196084022522
849,shock_recovery,2,1.0036296844482422,0.9882219433784485,0.3840802013874054,0.28801512718200684,0.28118205070495605
849,shock_recovery,3,1.1340879201889038,0.985905647277832,0.38432252407073975,0.2879088819026947,0.28085482120513916
849,shock_recovery,4,1.2645007371902466,0.9828810095787048,0.38448452949523926,0.28780514001846313,0.2806106209754944
583,stable_old,1,0.3340342938899994,0.9992150068283081,0.22019976377487183,0.3232755959033966,0.26249176263809204
583,stable_old,2,0.605812132358551,0.9972078800201416,0.22064895927906036,0.3237694799900055,0.2617267072200775
583,stable_old,3,0.8297805190086365,0.9944193959236145,0.22103692591190338,0.3242153525352478,0.26109275221824646
583,stable_old,4,1.0162967443466187,0.9911832809448242,0.22138711810112,0.32462260127067566,0.2605779469013214
583,stable_old,5,1.173039197921753,0.9877397418022156,0.22171199321746826,0.32499462366104126,0.2601662576198578
583,stable_old,6,1.3058648109436035,0.9842521548271179,0.22201792895793915,0.3253328800201416,0.25984084606170654
583,stable_old,7,1.419338583946228,0.9808251261711121,0.22230757772922516,0.3256385326385498,0.259585976600647
583,stable_old,8,1.5170687437057495,0.977521538734436,0.22258180379867554,0.3259131610393524,0.2593876123428345
583,sustained_new,1,1.3472182750701904,0.9693785309791565,0.2252279371023178,0.3296491503715515,0.24315260350704193
583,sustained_new,2,2.4499313831329346,0.8974325060844421,0.22792567312717438,0.33523106575012207,0.24140343070030212
583,sustained_new,3,3.347217321395874,0.8114316463470459,0.22974851727485657,0.33863702416419983,0.239487424492836
583,sustained_new,4,4.072865009307861,0.728100061416626,0.23131340742111206,0.340091735124588,0.2375222146511078
583,sustained_new,5,4.65728235244751,0.6545161008834839,0.23277045786380768,0.33996689319610596,0.2358587235212326
583,sustained_new,6,5.127449035644531,0.5922245383262634,0.23409387469291687,0.33879539370536804,0.23473498225212097
583,sustained_new,7,5.506257057189941,0.5403723120689392,0.23520997166633606,0.3371114432811737,0.23417675495147705
583,sustained_new,8,5.812555313110352,0.4973522424697876,0.23606333136558533,0.3353061079978943,0.23407818377017975
583,shock_recovery,0,1.3472182750701904,0.9693785309791565,0.2252279371023178,0.3296491503715515,0.24315260350704193
583,shock_recovery,1,1.2277194261550903,0.9756086468696594,0.22518567740917206,0.32965102791786194,0.2612530589103699
583,shock_recovery,2,1.2278324365615845,0.9779980778694153,0.2251109927892685,0.32958364486694336,0.2606155276298523
583,shock_recovery,3,1.2903077602386475,0.9781935214996338,0.2250155359506607,0.3295041024684906,0.2601001560688019
583,shock_recovery,4,1.3778321743011475,0.977081835269928,0.22491514682769775,0.32943153381347656,0.25968819856643677
23,stable_old,1,0.345505952835083,0.9993821978569031,0.24755820631980896,0.32234299182891846,0.22702479362487793
23,stable_old,2,0.625315248966217,0.997789740562439,0.24790525436401367,0.32512447237968445,0.22697366774082184
23,stable_old,3,0.8544120192527771,0.995532751083374,0.24826276302337646,0.3274634778499603,0.22687669098377228
23,stable_old,4,1.044093132019043,0.9928430914878845,0.2486254870891571,0.32945436239242554,0.22673209011554718
23,stable_old,5,1.2028448581695557,0.9898955225944519,0.2489858716726303,0.33115819096565247,0.22655045986175537
23,stable_old,6,1.3370558023452759,0.9868218898773193,0.24933673441410065,0.3326176702976227,0.22634553909301758
23,stable_old,7,1.451570749282837,0.9837195873260498,0.24967195093631744,0.33386558294296265,0.22613009810447693
23,stable_old,8,1.5501022338867188,0.9806581139564514,0.2499867081642151,0.3349291682243347,0.22591471672058105
23,sustained_new,1,0.8164581656455994,0.9873402118682861,0.2471616566181183,0.3199111223220825,0.16135412454605103
23,sustained_new,2,1.5240463018417358,0.956494927406311,0.24672725796699524,0.3179105222225189,0.1659834086894989
23,sustained_new,3,2.1225719451904297,0.9180447459220886,0.24604569375514984,0.3144581913948059,0.16999764740467072
23,sustained_new,4,2.6175649166107178,0.8797318935394287,0.24525558948516846,0.3107277750968933,0.17344798147678375
23,sustained_new,5,3.0196213722229004,0.8456200361251831,0.2444831132888794,0.3073793351650238,0.17637930810451508
23,sustained_new,6,3.342036247253418,0.8170594573020935,0.243819460272789,0.304618775844574,0.1788378357887268
23,sustained_new,7,3.598541021347046,0.793927788734436,0.24331288039684296,0.3024151027202606,0.18087047338485718
23,sustained_new,8,3.801860809326172,0.7754950523376465,0.24297672510147095,0.30066555738449097,0.18252530694007874
23,shock_recovery,0,0.8164581656455994,0.9873402118682861,0.2471616566181183,0.3199111223220825,0.16135412454605103
23,shock_recovery,1,0.796614944934845,0.9900713562965393,0.24722479283809662,0.32160547375679016,0.23149007558822632
23,shock_recovery,2,0.8964756727218628,0.990725040435791,0.24740037322044373,0.3233781158924103,0.2304403930902481
23,shock_recovery,3,1.0309944152832031,0.9901339411735535,0.24765639007091522,0.325136661529541,0.22963738441467285
23,shock_recovery,4,1.164737582206726,0.98874431848526,0.24796587228775024,0.326823353767395,0.2289738655090332
721,stable_old,1,0.42519739270210266,0.998690664768219,0.2071254700422287,0.303410142660141,0.19607512652873993
721,stable_old,2,0.7899767160415649,0.9951976537704468,0.20700772106647491,0.30238795280456543,0.19962531328201294
721,stable_old,3,1.1043134927749634,0.9901061058044434,0.2068748027086258,0.3015894293785095,0.20252463221549988
721,stable_old,4,1.3764828443527222,0.983909010887146,0.206741064786911,0.3009834587574005,0.20495349168777466
721,stable_old,5,1.6132441759109497,0.9770065546035767,0.20661088824272156,0.30053821206092834,0.2070351392030716
721,stable_old,6,1.82010817527771,0.9697142839431763,0.20648397505283356,0.30022481083869934,0.2088533341884613
721,stable_old,7,2.001584529876709,0.9622722268104553,0.2063586413860321,0.3000180125236511,0.21046492457389832
721,stable_old,8,2.1613845825195312,0.9548582434654236,0.20623336732387543,0.29989615082740784,0.21190892159938812
721,sustained_new,1,1.0631303787231445,0.9753841757774353,0.20448170602321625,0.2890348732471466,0.27522504329681396
721,sustained_new,2,1.861991047859192,0.9324203729629517,0.20327377319335938,0.27987512946128845,0.2741314172744751
721,sustained_new,3,2.464323043823242,0.8915470242500305,0.20300212502479553,0.27367839217185974,0.2733404040336609
721,sustained_new,4,2.9219436645507812,0.8571298122406006,0.20335739850997925,0.269150048494339,0.2728170156478882
721,sustained_new,5,3.272886276245117,0.8289929628372192,0.2041100412607193,0.2657216191291809,0.27250802516937256
721,sustained_new,6,3.544625997543335,0.8060466647148132,0.20507174730300903,0.2630574703216553,0.27236029505729675
721,sustained_new,7,3.7570443153381348,0.7872208952903748,0.2060985565185547,0.26093775033950806,0.27232933044433594
721,sustained_new,8,3.924612045288086,0.7716513872146606,0.2070903331041336,0.2592182457447052,0.27238166332244873
721,shock_recovery,0,1.0631303787231445,0.9753841757774353,0.20448170602321625,0.2890348732471466,0.27522504329681396
721,shock_recovery,1,1.1736741065979004,0.9771663546562195,0.20530849695205688,0.2900265157222748,0.1936863660812378
721,shock_recovery,2,1.3560091257095337,0.9755937457084656,0.20586711168289185,0.29076674580574036,0.19724640250205994
721,shock_recovery,3,1.5551011562347412,0.9719825983047485,0.20622722804546356,0.2913353443145752,0.20038028061389923
721,shock_recovery,4,1.747645616531372,0.9671230316162109,0.20643950998783112,0.2917918562889099,0.20312471687793732
72,stable_old,1,0.35382288694381714,0.9988890290260315,0.14498698711395264,0.3385287821292877,0.2828083038330078
72,stable_old,2,0.6591103076934814,0.9957873821258545,0.142875075340271,0.34031185507774353,0.2828690707683563
72,stable_old,3,0.9292623400688171,0.9910325407981873,0.14096292853355408,0.34211885929107666,0.28285491466522217
72,stable_old,4,1.172272801399231,0.9849545955657959,0.13925524055957794,0.343831866979599,0.2827938497066498
72,stable_old,5,1.3928276300430298,0.9778757691383362,0.1377492994070053,0.3453827500343323,0.2827027142047882
72,stable_old,6,1.5937284231185913,0.9700995683670044,0.13643993437290192,0.3467380106449127,0.28259187936782837
72,stable_old,7,1.776798129081726,0.9619004130363464,0.1353200525045395,0.34788525104522705,0.28246843814849854
72,stable_old,8,1.9434155225753784,0.9535127878189087,0.13438011705875397,0.3488242030143738,0.2823373079299927
72,sustained_new,1,0.5142097473144531,0.995544970035553,0.14580650627613068,0.34124940633773804,0.086673304438591
72,sustained_new,2,0.9995318651199341,0.9831157922744751,0.14457903802394867,0.34511974453926086,0.09240677207708359
72,sustained_new,3,1.447417140007019,0.9647938013076782,0.14363782107830048,0.3484821319580078,0.0967915803194046
72,sustained_new,4,1.8548026084899902,0.9428896903991699,0.1429968774318695,0.35133105516433716,0.100234754383564
72,sustained_new,5,2.222099781036377,0.9193843007087708,0.1426527053117752,0.353692889213562,0.10301851481199265
72,sustained_new,6,2.5517003536224365,0.8957176804542542,0.14259043335914612,0.35560178756713867,0.1053214743733406
72,sustained_new,7,2.846930503845215,0.8728093504905701,0.14278270304203033,0.3570915460586548,0.10726024210453033
72,sustained_new,8,3.1113476753234863,0.8511776924133301,0.14318759739398956,0.35819748044013977,0.10891662538051605
72,shock_recovery,0,0.5142097473144531,0.995544970035553,0.14580650627613068,0.34124940633773804,0.086673304438591
72,shock_recovery,1,0.5608723163604736,0.9956527948379517,0.14404429495334625,0.34159034490585327,0.2825668156147003
72,shock_recovery,2,0.7581139802932739,0.9933954477310181,0.14219650626182556,0.34277456998825073,0.28267210721969604
72,shock_recovery,3,0.9833852052688599,0.989289402961731,0.14041094481945038,0.34426671266555786,0.28268003463745117
72,shock_recovery,4,1.2029606103897095,0.9837470650672913,0.13875989615917206,0.34579089283943176,0.28262585401535034
60,stable_old,1,0.40097710490226746,0.9983500242233276,0.1829821914434433,0.1511576622724533,0.28391340374946594
60,stable_old,2,0.7515273690223694,0.993930995464325,0.18321019411087036,0.15336139500141144,0.2844638526439667
60,stable_old,3,1.0607975721359253,0.9874839186668396,0.18340380489826202,0.15535718202590942,0.2849871814250946
60,stable_old,4,1.3354570865631104,0.9796291589736938,0.18352529406547546,0.157114639878273,0.2854580283164978
60,stable_old,5,1.581018090248108,0.9708372354507446,0.18355759978294373,0.15865151584148407,0.285866379737854
60,stable_old,6,1.8021984100341797,0.9614431262016296,0.18350544571876526,0.16000153124332428,0.28621166944503784
60,stable_old,7,2.0029191970825195,0.9516804814338684,0.18338727951049805,0.16119959950447083,0.2864980101585388
60,stable_old,8,2.1862704753875732,0.9417190551757812,0.18322627246379852,0.16227664053440094,0.2867317795753479
60,sustained_new,1,0.775434136390686,0.9907427430152893,0.18438278138637543,0.15432022511959076,0.2834019660949707
60,sustained_new,2,1.3738542795181274,0.972001314163208,0.1852937638759613,0.15830636024475098,0.28441423177719116
60,sustained_new,3,1.8512003421783447,0.9505800604820251,0.1855374574661255,0.1611676663160324,0.2851223051548004
60,sustained_new,4,2.242143154144287,0.928941011428833,0.1853611171245575,0.1632726490497589,0.28565195202827454
60,sustained_new,5,2.5683722496032715,0.9080384373664856,0.18500062823295593,0.16490337252616882,0.28606054186820984
60,sustained_new,6,2.8439180850982666,0.8883044123649597,0.18460071086883545,0.16624100506305695,0.28637492656707764
60,sustained_new,7,3.078428030014038,0.8699549436569214,0.18422777950763702,0.16738027334213257,0.28660768270492554
60,sustained_new,8,3.2789015769958496,0.8530949950218201,0.18390734493732452,0.16838425397872925,0.28677260875701904
60,shock_recovery,0,0.775434136390686,0.9907427430152893,0.18438278138637543,0.15432022511959076,0.2834019660949707
60,shock_recovery,1,0.934305727481842,0.9883404970169067,0.18423466384410858,0.1558222770690918,0.2852131128311157
60,shock_recovery,2,1.1675235033035278,0.9830695390701294,0.18412303924560547,0.15730008482933044,0.28553152084350586
60,shock_recovery,3,1.4081940650939941,0.9759416580200195,0.18399947881698608,0.15867671370506287,0.28585660457611084
60,shock_recovery,4,1.6364575624465942,0.9676173329353333,0.18384352326393127,0.15992958843708038,0.2861599028110504
494,stable_old,1,0.5192826986312866,0.9989551901817322,0.26024824380874634,0.10302375257015228,0.15923964977264404
494,stable_old,2,0.9748263359069824,0.9962373375892639,0.2617138624191284,0.10248307883739471,0.16893532872200012
494,stable_old,3,1.3626478910446167,0.9923478960990906,0.26277318596839905,0.10217057913541794,0.17743274569511414
494,stable_old,4,1.686046838760376,0.9876571297645569,0.26358211040496826,0.10199344158172607,0.18440136313438416
494,stable_old,5,1.9524911642074585,0.9824498295783997,0.26422643661499023,0.10189924389123917,0.18984588980674744
494,stable_old,6,2.1708614826202393,0.9769506454467773,0.26475536823272705,0.10185734182596207,0.19396182894706726
494,stable_old,7,2.3497769832611084,0.9713361859321594,0.2651985287666321,0.10184909403324127,0.1970071792602539
494,stable_old,8,2.4968385696411133,0.9657386541366577,0.26557478308677673,0.10186228901147842,0.19922944903373718
494,sustained_new,1,1.5484627485275269,0.9187601208686829,0.25220662355422974,0.10104110091924667,0.27030301094055176
494,sustained_new,2,2.6801865100860596,0.7909740805625916,0.24678806960582733,0.09938113391399384,0.26861846446990967
494,sustained_new,3,3.507751941680908,0.6889100074768066,0.2417594939470291,0.09862904995679855,0.267630934715271
494,sustained_new,4,4.115691661834717,0.6155886054039001,0.23718996345996857,0.09808476269245148,0.2670169472694397
494,sustained_new,5,4.565877437591553,0.5627607107162476,0.23327280580997467,0.09746015816926956,0.2666391134262085
494,sustained_new,6,4.902942657470703,0.5235965847969055,0.2300802320241928,0.0967826172709465,0.26641470193862915
494,sustained_new,7,5.15871000289917,0.4935752749443054,0.22754527628421783,0.09613107889890671,0.266289621591568
494,sustained_new,8,5.3556928634643555,0.46981051564216614,0.22553783655166626,0.09554578363895416,0.26623058319091797
494,shock_recovery,0,1.5484627485275269,0.9187601208686829,0.25220662355422974,0.10104110091924667,0.27030301094055176
494,shock_recovery,1,1.5064114332199097,0.9391273260116577,0.2547418773174286,0.10011821240186691,0.1535446047782898
494,shock_recovery,2,1.6107345819473267,0.9501317739486694,0.25668036937713623,0.09968733787536621,0.16496284306049347
494,shock_recovery,3,1.786501407623291,0.9557594060897827,0.25818121433258057,0.09956185519695282,0.17451387643814087
494,shock_recovery,4,1.9787664413452148,0.9580508470535278,0.25938162207603455,0.09960231184959412,0.1822577714920044
521,stable_old,1,0.3325512707233429,0.9993016719818115,0.1414995938539505,0.3887650668621063,0.24011613428592682
521,stable_old,2,0.6037816405296326,0.9975038170814514,0.14120100438594818,0.38938087224960327,0.23887228965759277
521,stable_old,3,0.8285968899726868,0.9949653148651123,0.14104971289634705,0.3898049592971802,0.2379806935787201
521,stable_old,4,1.017661213874817,0.9919502139091492,0.14099723100662231,0.39009755849838257,0.23738154768943787
521,stable_old,5,1.1787524223327637,0.9886482357978821,0.1410141885280609,0.3902994692325592,0.23701801896095276
521,stable_old,6,1.3176528215408325,0.9851930737495422,0.14108166098594666,0.3904387652873993,0.2368403524160385
521,stable_old,7,1.4387372732162476,0.9816775321960449,0.14118705689907074,0.3905353844165802,0.23680666089057922
521,stable_old,8,1.545362949371338,0.9781639575958252,0.1413213461637497,0.39060404896736145,0.23688262701034546
521,sustained_new,1,1.2066830396652222,0.9740998148918152,0.14446552097797394,0.40216004848480225,0.2478248029947281
521,sustained_new,2,2.181136131286621,0.9162831902503967,0.15405799448490143,0.4067908525466919,0.2511419653892517
521,sustained_new,3,2.941826105117798,0.8523509502410889,0.16489246487617493,0.4045160412788391,0.25278395414352417
521,sustained_new,4,3.5275371074676514,0.7951629161834717,0.17325513064861298,0.39890316128730774,0.253968209028244
521,sustained_new,5,3.9812328815460205,0.7474453449249268,0.17901824414730072,0.39312878251075745,0.2551349997520447
521,sustained_new,6,4.336984634399414,0.7082520723342896,0.1829090714454651,0.3882654309272766,0.2563220262527466
521,sustained_new,7,4.619950771331787,0.6758979558944702,0.18556451797485352,0.3843952715396881,0.2574271857738495
521,sustained_new,8,4.8484625816345215,0.6488466858863831,0.1874050796031952,0.38136452436447144,0.258373498916626
521,shock_recovery,0,1.2066830396652222,0.9740998148918152,0.14446552097797394,0.40216004848480225,0.2478248029947281
521,shock_recovery,1,1.1330734491348267,0.9789416193962097,0.143372043967247,0.40167462825775146,0.24648627638816833
521,shock_recovery,2,1.1668601036071777,0.9805914163589478,0.1428082138299942,0.4008735716342926,0.24473878741264343
521,shock_recovery,3,1.2511650323867798,0.9803977608680725,0.14253459870815277,0.3999694883823395,0.24355828762054443
521,shock_recovery,4,1.3529722690582275,0.9790672063827515,0.14243315160274506,0.39905738830566406,0.24272975325584412
978,stable_old,1,0.338066965341568,0.9991200566291809,0.22202101349830627,0.2944006621837616,0.27974003553390503
978,stable_old,2,0.6152206659317017,0.9968681931495667,0.22241032123565674,0.2942686080932617,0.27937549352645874
978,stable_old,3,0.8454351425170898,0.9937371015548706,0.22274044156074524,0.29422467947006226,0.2790753245353699
978,stable_old,4,1.0386170148849487,0.9901028871536255,0.2230091542005539,0.2942286431789398,0.27882885932922363
978,stable_old,5,1.2020702362060547,0.9862378835678101,0.22321867942810059,0.2942553460597992,0.2786262035369873
978,stable_old,6,1.3413619995117188,0.9823299050331116,0.22337348759174347,0.2942887842655182,0.27845871448516846
978,stable_old,7,1.4608442783355713,0.9785019755363464,0.22347910702228546,0.2943192720413208,0.2783192992210388
978,stable_old,8,1.5639760494232178,0.9748299717903137,0.22354145348072052,0.29434069991111755,0.2782020568847656
978,sustained_new,1,0.5907229781150818,0.9951589107513428,0.22147829830646515,0.2934897243976593,0.2751111388206482
978,sustained_new,2,1.076331377029419,0.984345555305481,0.22143468260765076,0.2928776443004608,0.2737296223640442
978,sustained_new,3,1.4776458740234375,0.9710402488708496,0.22141973674297333,0.2925603687763214,0.27251923084259033
978,sustained_new,4,1.8115745782852173,0.9570308923721313,0.2214193195104599,0.2923857569694519,0.27148979902267456
978,sustained_new,5,2.091464042663574,0.9432271122932434,0.22142884135246277,0.2922751009464264,0.2706320881843567
978,sustained_new,6,2.32773756980896,0.9300812482833862,0.2214476764202118,0.29218724370002747,0.2699270248413086
978,sustained_new,7,2.528529167175293,0.9178021550178528,0.22147627174854279,0.29210132360458374,0.2693524956703186
978,sustained_new,8,2.700218915939331,0.9064685106277466,0.2215149998664856,0.29200756549835205,0.26888662576675415
978,shock_recovery,0,0.5907229781150818,0.9951589107513428,0.22147829830646515,0.2934897243976593,0.2751111388206482
978,shock_recovery,1,0.7565658688545227,0.9935479164123535,0.2218857705593109,0.29342126846313477,0.278628408908844
978,shock_recovery,2,0.9412587285041809,0.9908382892608643,0.2222490906715393,0.29341402649879456,0.2784096598625183
978,shock_recovery,3,1.111769676208496,0.9875068068504333,0.22255906462669373,0.2934402823448181,0.2782374620437622
978,shock_recovery,4,1.2619131803512573,0.983877420425415,0.22281353175640106,0.2934827506542206,0.2781003713607788
59,stable_old,1,0.20626017451286316,0.999926745891571,0.28763705492019653,0.2500016987323761,0.041452065110206604
59,stable_old,2,0.4066118001937866,0.9997288584709167,0.2880970537662506,0.2476690709590912,0.04177119582891464
59,stable_old,3,0.6007818579673767,0.9994344115257263,0.28850579261779785,0.245624378323555,0.042069725692272186
59,stable_old,4,0.7885480523109436,0.9990662336349487,0.28886672854423523,0.24384675920009613,0.042344771325588226
59,stable_old,5,0.9697500467300415,0.998640775680542,0.2891846299171448,0.24231263995170593,0.04259463772177696
59,stable_old,6,1.1442930698394775,0.9981691837310791,0.28946489095687866,0.24099737405776978,0.04281853511929512
59,stable_old,7,1.3121458292007446,0.9976586103439331,0.2897127866744995,0.2398768812417984,0.04301643744111061
59,stable_old,8,1.4733352661132812,0.997113049030304,0.2899335026741028,0.23892821371555328,0.04318883270025253
59,sustained_new,1,1.3147588968276978,0.8482152819633484,0.29786816239356995,0.2708834409713745,0.22709153592586517
59,sustained_new,2,2.3343067169189453,0.7483880519866943,0.30451011657714844,0.28392690420150757,0.23102988302707672
59,sustained_new,3,3.1095786094665527,0.7025846242904663,0.3083699345588684,0.2921518087387085,0.2324613481760025
59,sustained_new,4,3.693754196166992,0.6800376772880554,0.31072577834129333,0.29717010259628296,0.23220084607601166
59,sustained_new,5,4.1333112716674805,0.6684890389442444,0.3122602105140686,0.30012384057044983,0.23113104701042175
59,sustained_new,6,4.464944362640381,0.6625952124595642,0.3133140504360199,0.3017290532588959,0.22969716787338257
59,sustained_new,7,4.716464042663574,0.6597403883934021,0.31406524777412415,0.3024419844150543,0.2281518280506134
59,sustained_new,8,4.908525466918945,0.6585328578948975,0.3146134614944458,0.3025656044483185,0.2266322672367096
59,shock_recovery,0,1.3147588968276978,0.8482152819633484,0.29786816239356995,0.2708834409713745,0.22709153592586517
59,shock_recovery,1,1.3868634700775146,0.8702855706214905,0.2981582283973694,0.268280953168869,0.04073481261730194
59,shock_recovery,2,1.4731749296188354,0.8878958225250244,0.2984030544757843,0.26583561301231384,0.04087121784687042
59,shock_recovery,3,1.569738507270813,0.9020416140556335,0.2986030578613281,0.2635536789894104,0.04100877791643143
59,shock_recovery,4,1.6732889413833618,0.9134660363197327,0.29876044392585754,0.26143878698349,0.04114045202732086
829,stable_old,1,0.3021027147769928,0.9994211792945862,0.2352687269449234,0.3235606253147125,0.2683599591255188
829,stable_old,2,0.5492938756942749,0.9978407621383667,0.23531188070774078,0.3261036276817322,0.267814040184021
829,stable_old,3,0.7576678395271301,0.9954644441604614,0.23530280590057373,0.3281988203525543,0.26735514402389526
829,stable_old,4,0.9378434419631958,0.9924683570861816,0.23522219061851501,0.32992759346961975,0.26695793867111206
829,stable_old,5,1.0968360900878906,0.9890024065971375,0.23506227135658264,0.3313521444797516,0.26660460233688354
829,stable_old,6,1.239320158958435,0.9851933121681213,0.23482348024845123,0.33252161741256714,0.26628267765045166
829,stable_old,7,1.3684614896774292,0.9811480045318604,0.23451167345046997,0.3334760069847107,0.2659839987754822
829,stable_old,8,1.4864532947540283,0.9769542217254639,0.2341357320547104,0.3342485725879669,0.26570314168930054
829,sustained_new,1,0.2987974286079407,0.9988954663276672,0.23639105260372162,0.32100239396095276,0.20100480318069458
829,sustained_new,2,0.5573594570159912,0.996173083782196,0.23776748776435852,0.3213050663471222,0.20207297801971436
829,sustained_new,3,0.7808348536491394,0.9925025701522827,0.2391733080148697,0.3213798403739929,0.2028016448020935
829,sustained_new,4,0.974166989326477,0.9883301258087158,0.24051377177238464,0.32128047943115234,0.20334695279598236
829,sustained_new,5,1.1418640613555908,0.9839470386505127,0.24173864722251892,0.3210688829421997,0.20378059148788452
829,sustained_new,6,1.2878828048706055,0.9795379638671875,0.24282477796077728,0.32080012559890747,0.2041352242231369
829,sustained_new,7,1.4156129360198975,0.9752160310745239,0.24376507103443146,0.3205167055130005,0.20442646741867065
829,sustained_new,8,1.527916669845581,0.971047580242157,0.2445617914199829,0.3202474117279053,0.20466282963752747
829,shock_recovery,0,0.2987974286079407,0.9988954663276672,0.23639105260372162,0.32100239396095276,0.20100480318069458
829,shock_recovery,1,0.4688382148742676,0.9983267188072205,0.23614777624607086,0.3241163194179535,0.2685260772705078
829,shock_recovery,2,0.6692294478416443,0.9965962767601013,0.23595331609249115,0.32663705945014954,0.26791131496429443
829,shock_recovery,3,0.8541157245635986,0.9940133094787598,0.23575462400913239,0.3286985456943512,0.2674100399017334
829,shock_recovery,4,1.0202105045318604,0.9908112287521362,0.235519677400589,0.33039185404777527,0.266981840133667
25,stable_old,1,0.3321720361709595,0.9994959831237793,0.36709463596343994,0.28970441222190857,0.2573169469833374
25,stable_old,2,0.5952948927879333,0.9981768727302551,0.367484986782074,0.28919628262519836,0.257405549287796
25,stable_old,3,0.8083793520927429,0.9962536692619324,0.3677576780319214,0.2887949049472809,0.25717759132385254
25,stable_old,4,0.9852983355522156,0.9938671588897705,0.36795005202293396,0.28845229744911194,0.2567353844642639
25,stable_old,5,1.1360939741134644,0.9911121129989624,0.36808866262435913,0.2881384789943695,0.2561435103416443
25,stable_old,6,1.268008828163147,0.9880527853965759,0.3681934177875519,0.2878347635269165,0.25544342398643494
25,stable_old,7,1.3862601518630981,0.9847328662872314,0.36828017234802246,0.2875291407108307,0.25466233491897583
25,stable_old,8,1.4946091175079346,0.9811809659004211,0.36836177110671997,0.28721433877944946,0.2538180947303772
25,sustained_new,1,0.9174667596817017,0.9857345223426819,0.3743065893650055,0.29077067971229553,0.2696300745010376
25,sustained_new,2,1.6338192224502563,0.9568515419960022,0.3786473572254181,0.2922683656215668,0.267246812582016
25,sustained_new,3,2.195084810256958,0.9252700805664062,0.3809314966201782,0.29467907547950745,0.2648773491382599
25,sustained_new,4,2.636416435241699,0.8957173228263855,0.3819288909435272,0.29747822880744934,0.2625528573989868
25,sustained_new,5,2.985110282897949,0.8696631789207458,0.3821582496166229,0.3002200424671173,0.26030510663986206
25,sustained_new,6,3.2623841762542725,0.8472388386726379,0.3819955885410309,0.30265411734580994,0.2581512928009033
25,sustained_new,7,3.484665632247925,0.8280830383300781,0.3816848695278168,0.30468955636024475,0.25609272718429565
25,sustained_new,8,3.66462779045105,0.8116971850395203,0.38136693835258484,0.3063267171382904,0.25412073731422424
25,shock_recovery,0,0.9174667596817017,0.9857345223426819,0.3743065893650055,0.29077067971229553,0.2696300745010376
25,shock_recovery,1,0.831234335899353,0.9908756613731384,0.3735128939151764,0.289763480424881,0.2526753544807434
25,shock_recovery,2,0.8779447674751282,0.9925239086151123,0.3728109896183014,0.2890743613243103,0.2531886696815491
25,shock_recovery,3,0.9844632148742676,0.9921707510948181,0.3722141981124878,0.28855571150779724,0.2533031702041626
25,shock_recovery,4,1.107335090637207,0.9906045198440552,0.371723473072052,0.2881302833557129,0.253145694732666
429,stable_old,1,0.3318881094455719,0.9991108775138855,0.18553389608860016,0.25692492723464966,0.2882475256919861
429,stable_old,2,0.6098808646202087,0.9967305660247803,0.18504799902439117,0.2570745646953583,0.28832024335861206
429,stable_old,3,0.8487399816513062,0.9932167530059814,0.18476524949073792,0.2571293115615845,0.28835946321487427
429,stable_old,4,1.0585293769836426,0.9888428449630737,0.18466345965862274,0.2571043074131012,0.2883757948875427
429,stable_old,5,1.246267318725586,0.9838133454322815,0.18471859395503998,0.25700050592422485,0.2883763313293457
429,stable_old,6,1.4169660806655884,0.9782776832580566,0.18490825593471527,0.256813108921051,0.28836584091186523
429,stable_old,7,1.5742827653884888,0.9723436236381531,0.1852128803730011,0.2565353214740753,0.288347452878952
429,stable_old,8,1.720935583114624,0.9660882949829102,0.18561632931232452,0.25616154074668884,0.288323312997818
429,sustained_new,1,0.6155251860618591,0.9945988059043884,0.1791502833366394,0.26319611072540283,0.2906104028224945
429,sustained_new,2,1.102867841720581,0.9832053184509277,0.17520812153816223,0.2676735818386078,0.2905654013156891
429,sustained_new,3,1.4907134771347046,0.9700091481208801,0.17305414378643036,0.27065882086753845,0.29053375124931335
429,sustained_new,4,1.8020803928375244,0.9568536877632141,0.17179237306118011,0.27261048555374146,0.2905069589614868
429,sustained_new,5,2.0553274154663086,0.9444462060928345,0.170943945646286,0.27386274933815,0.29048043489456177
429,sustained_new,6,2.2646687030792236,0.9329739809036255,0.17028261721134186,0.27464917302131653,0.2904527485370636
429,sustained_new,7,2.4408397674560547,0.9224081635475159,0.16971217095851898,0.27512601017951965,0.2904241681098938
429,sustained_new,8,2.5918426513671875,0.912641704082489,0.1691971868276596,0.2753949761390686,0.29039549827575684
429,shock_recovery,0,0.6155251860618591,0.9945988059043884,0.1791502833366394,0.26319611072540283,0.2906104028224945
429,shock_recovery,1,0.6656010150909424,0.9951400756835938,0.17943844199180603,0.2611348628997803,0.2883521318435669
429,shock_recovery,2,0.8343404531478882,0.9930074214935303,0.1798507124185562,0.25973400473594666,0.28832095861434937
429,shock_recovery,3,1.0252938270568848,0.9893110394477844,0.180352583527565,0.2587656080722809,0.2883007526397705
429,shock_recovery,4,1.210180640220642,0.9846113920211792,0.1809309870004654,0.2580588459968567,0.28828510642051697
294,stable_old,1,0.3228292465209961,0.9992668032646179,0.271149218082428,0.2223452925682068,0.2613431215286255
294,stable_old,2,0.5834394097328186,0.997431218624115,0.2711417078971863,0.2223503142595291,0.26072871685028076
294,stable_old,3,0.7965085506439209,0.9949209094047546,0.2710661292076111,0.22252367436885834,0.2601749897003174
294,stable_old,4,0.9726276397705078,0.9920381307601929,0.2709498107433319,0.22281870245933533,0.2596646845340729
294,stable_old,5,1.1196612119674683,0.9889898300170898,0.270812451839447,0.22320155799388885,0.2591874599456787
294,stable_old,6,1.2435996532440186,0.985912024974823,0.2706689238548279,0.22364723682403564,0.2587372660636902
294,stable_old,7,1.3490965366363525,0.9828882217407227,0.2705305516719818,0.22413678467273712,0.25831055641174316
294,stable_old,8,1.4398165941238403,0.979965090751648,0.270406037569046,0.2246560901403427,0.2579052150249481
294,sustained_new,1,1.150316834449768,0.9772883057594299,0.2731856405735016,0.2265601009130478,0.27644994854927063
294,sustained_new,2,2.0290112495422363,0.9317426681518555,0.27407801151275635,0.2312995046377182,0.2747630774974823
294,sustained_new,3,2.7022173404693604,0.8836134076118469,0.27421247959136963,0.23648585379123688,0.27335238456726074
294,sustained_new,4,3.2222185134887695,0.8401448726654053,0.27396124601364136,0.24171596765518188,0.2721679210662842
294,sustained_new,5,3.6291353702545166,0.8027108907699585,0.2735619843006134,0.24663963913917542,0.27118319272994995
294,sustained_new,6,3.952975034713745,0.7707128524780273,0.2731580436229706,0.2510645389556885,0.270376980304718
294,sustained_new,7,4.215793132781982,0.7431130409240723,0.27283865213394165,0.25494053959846497,0.2697245180606842
294,sustained_new,8,4.433652877807617,0.7189344763755798,0.27265748381614685,0.2582997679710388,0.26919859647750854
294,shock_recovery,0,1.150316834449768,0.9772883057594299,0.2731856405735016,0.2265601009130478,0.27644994854927063
294,shock_recovery,1,1.098062515258789,0.9813730716705322,0.27325934171676636,0.2264178842306137,0.25867143273353577
294,shock_recovery,2,1.1402137279510498,0.9824205636978149,0.273167222738266,0.22653475403785706,0.25790148973464966
294,shock_recovery,3,1.2246686220169067,0.9817318320274353,0.2729860544204712,0.22681061923503876,0.2572367787361145
294,shock_recovery,4,1.3220024108886719,0.9800323247909546,0.2727680504322052,0.22718702256679535,0.25666189193725586
70,stable_old,1,0.35242530703544617,0.9989445805549622,0.4592531621456146,0.4205586612224579,0.28863054513931274
70,stable_old,2,0.6516945958137512,0.9961074590682983,0.45550334453582764,0.41996902227401733,0.2885865271091461
70,stable_old,3,0.9126427173614502,0.9918802976608276,0.45279553532600403,0.4192526340484619,0.2885509431362152
70,stable_old,4,1.1452453136444092,0.9865572452545166,0.4510471820831299,0.4184124171733856,0.2885212004184723
70,stable_old,5,1.356222152709961,0.9803663492202759,0.45016127824783325,0.4174455404281616,0.28849565982818604
70,stable_old,6,1.5501121282577515,0.9734914898872375,0.4500381648540497,0.4163513481616974,0.2884732782840729
70,stable_old,7,1.7299882173538208,0.9660857319831848,0.450580358505249,0.4151351749897003,0.28845345973968506
70,stable_old,8,1.8979398012161255,0.9582805633544922,0.451695054769516,0.4138086140155792,0.2884358763694763
70,sustained_new,1,1.4599202871322632,0.9644172191619873,0.43330517411231995,0.4316263496875763,0.25956612825393677
70,sustained_new,2,2.5820415019989014,0.8856054544448853,0.4283386468887329,0.4460051655769348,0.25524598360061646
70,sustained_new,3,3.4251856803894043,0.8012139797210693,0.43081414699554443,0.4557170569896698,0.24715182185173035
70,sustained_new,4,4.063587188720703,0.7271063923835754,0.43381643295288086,0.46106696128845215,0.2385992705821991
70,sustained_new,5,4.557159423828125,0.6654757261276245,0.4363708794116974,0.4641728699207306,0.2310415804386139
70,sustained_new,6,4.948198318481445,0.6143873929977417,0.43849241733551025,0.4661714434623718,0.22473011910915375
70,sustained_new,7,5.265625953674316,0.5714119672775269,0.44029510021209717,0.46755534410476685,0.21955347061157227
70,sustained_new,8,5.5292229652404785,0.5345388650894165,0.4418714642524719,0.4685496687889099,0.21531635522842407
70,shock_recovery,0,1.4599202871322632,0.9644172191619873,0.43330517411231995,0.4316263496875763,0.25956612825393677
70,shock_recovery,1,1.4114018678665161,0.9674699306488037,0.4313799738883972,0.42858177423477173,0.2886795997619629
70,shock_recovery,2,1.490628957748413,0.9664177298545837,0.43034374713897705,0.4263259768486023,0.2885837256908417
70,shock_recovery,3,1.6225388050079346,0.9630972743034363,0.4300335645675659,0.4244842231273651,0.28850236535072327
70,shock_recovery,4,1.7696254253387451,0.9583888053894043,0.43034934997558594,0.4228381812572479,0.2884349226951599
826,stable_old,1,0.3228211998939514,0.9993776082992554,0.21087746322155,0.16813355684280396,0.27417999505996704
826,stable_old,2,0.5803003311157227,0.9978188276290894,0.21053259074687958,0.16759470105171204,0.2752130627632141
826,stable_old,3,0.7889072895050049,0.9956742525100708,0.21015238761901855,0.16710729897022247,0.27605658769607544
826,stable_old,4,0.9605832099914551,0.9931817054748535,0.20977647602558136,0.16667650640010834,0.2767479419708252
826,stable_old,5,1.1040520668029785,0.9905019402503967,0.209428071975708,0.16630446910858154,0.2773165702819824
826,stable_old,6,1.225735068321228,0.9877421259880066,0.20911921560764313,0.16598987579345703,0.27778536081314087
826,stable_old,7,1.3303946256637573,0.9849721789360046,0.2088543325662613,0.16572920978069305,0.2781726121902466
826,stable_old,8,1.4215900897979736,0.9822364449501038,0.2086333930492401,0.16551713645458221,0.27849280834198
826,sustained_new,1,0.5775079131126404,0.9948434233665466,0.21157121658325195,0.16600202023983002,0.21484361588954926
826,sustained_new,2,1.0514017343521118,0.9835183024406433,0.21172402799129486,0.16372360289096832,0.21369272470474243
826,sustained_new,3,1.441709280014038,0.9699535369873047,0.21181106567382812,0.16180218756198883,0.21375596523284912
826,sustained_new,4,1.764606237411499,0.95611172914505,0.2119394838809967,0.1601801961660385,0.21462306380271912
826,sustained_new,5,2.0330731868743896,0.9429060816764832,0.21213580667972565,0.1588166058063507,0.21599051356315613
826,sustained_new,6,2.257458448410034,0.9307146668434143,0.21239066123962402,0.15767857432365417,0.21763841807842255
826,sustained_new,7,2.445981025695801,0.9196533560752869,0.2126835286617279,0.15673652291297913,0.21941117942333221
826,sustained_new,8,2.6051700115203857,0.9097135066986084,0.21299466490745544,0.15596212446689606,0.22120189666748047
826,shock_recovery,0,0.5775079131126404,0.9948434233665466,0.21157121658325195,0.16600202023983002,0.21484361588954926
826,shock_recovery,1,0.6382510662078857,0.9955392479896545,0.21128913760185242,0.1659676432609558,0.27384352684020996
826,shock_recovery,2,0.7881109714508057,0.9945099353790283,0.21083928644657135,0.1658797562122345,0.2751675844192505
826,shock_recovery,3,0.9444639086723328,0.9925941824913025,0.21034564077854156,0.16575458645820618,0.27616482973098755
826,shock_recovery,4,1.0857864618301392,0.9902231693267822,0.2098742425441742,0.16561289131641388,0.27693337202072144
613,stable_old,1,0.31795164942741394,0.9994282722473145,0.37545883655548096,0.2431039810180664,0.2290656864643097
613,stable_old,2,0.5815890431404114,0.9978528022766113,0.3744778633117676,0.24216502904891968,0.2279636561870575
613,stable_old,3,0.8058324456214905,0.995449960231781,0.3734758496284485,0.2410668283700943,0.22718018293380737
613,stable_old,4,1.0008057355880737,0.9923719763755798,0.3725159764289856,0.23989321291446686,0.22667819261550903
613,stable_old,5,1.1733473539352417,0.9887558221817017,0.3716331720352173,0.23869919776916504,0.22642076015472412
613,stable_old,6,1.3280928134918213,0.9847257733345032,0.37084507942199707,0.23752006888389587,0.22637240588665009
613,stable_old,7,1.4682255983352661,0.9803932309150696,0.3701580762863159,0.23637846112251282,0.2264994978904724
613,stable_old,8,1.5959867238998413,0.9758564829826355,0.36957162618637085,0.23528818786144257,0.226771280169487
613,sustained_new,1,0.5050110816955566,0.9955549240112305,0.371021032333374,0.24142096936702728,0.1516912281513214
613,sustained_new,2,0.9399775266647339,0.9850866794586182,0.36598968505859375,0.23870021104812622,0.15331599116325378
613,sustained_new,3,1.3206487894058228,0.9714049696922302,0.3613491356372833,0.23583540320396423,0.15568754076957703
613,sustained_new,4,1.6560182571411133,0.9561647176742554,0.35719266533851624,0.2329687923192978,0.15797008574008942
613,sustained_new,5,1.9522920846939087,0.9403879642486572,0.35356926918029785,0.2301860898733139,0.15986542403697968
613,sustained_new,6,2.214449167251587,0.9247092008590698,0.35048362612724304,0.22753706574440002,0.1613256335258484
613,sustained_new,7,2.4468116760253906,0.9095099568367004,0.3479049801826477,0.22504492104053497,0.16240176558494568
613,sustained_new,8,2.653231620788574,0.895003616809845,0.3457818925380707,0.22271355986595154,0.16317442059516907
613,shock_recovery,0,0.5050110816955566,0.9955549240112305,0.371021032333374,0.24142096936702728,0.1516912281513214
613,shock_recovery,1,0.6325231194496155,0.9949955344200134,0.37109872698783875,0.2404671013355255,0.22570346295833588
613,shock_recovery,2,0.8098413944244385,0.9934135675430298,0.37094661593437195,0.2393445521593094,0.22529828548431396
613,shock_recovery,3,0.9863665103912354,0.9910147190093994,0.3706619143486023,0.23814792931079865,0.22501641511917114
613,shock_recovery,4,1.1507569551467896,0.9879657030105591,0.3703120946884155,0.23693633079528809,0.22490525245666504
120,stable_old,1,0.3973652720451355,0.9990202188491821,0.46933144330978394,0.45981958508491516,0.15510299801826477
120,stable_old,2,0.7366032004356384,0.9963509440422058,0.4711059033870697,0.45960733294487,0.15344642102718353
120,stable_old,3,1.0278600454330444,0.9923667311668396,0.4724087715148926,0.4593288004398346,0.15140694379806519
120,stable_old,4,1.279630184173584,0.987396776676178,0.47335392236709595,0.4590228796005249,0.14917755126953125
120,stable_old,5,1.4988206624984741,0.9817209839820862,0.4740297198295593,0.4587147831916809,0.14688467979431152
120,stable_old,6,1.6909668445587158,0.975574254989624,0.4745060205459595,0.4584212899208069,0.14460983872413635
120,stable_old,7,1.8604806661605835,0.9691470861434937,0.4748366177082062,0.45815402269363403,0.14240364730358124
120,stable_old,8,2.010883092880249,0.9625928401947021,0.4750625491142273,0.45792070031166077,0.1402956247329712
120,sustained_new,1,1.0668823719024658,0.9723811745643616,0.4740365147590637,0.46768105030059814,0.27475666999816895
120,sustained_new,2,1.8946595191955566,0.923068642616272,0.47924095392227173,0.4750847816467285,0.2741829454898834
120,sustained_new,3,2.5427069664001465,0.8738132119178772,0.4828695058822632,0.4814283549785614,0.2732203006744385
120,sustained_new,4,3.0542595386505127,0.8298436999320984,0.48526594042778015,0.4866318106651306,0.272041380405426
120,sustained_new,5,3.461280107498169,0.7917739152908325,0.48675358295440674,0.4908035397529602,0.2707448899745941
120,sustained_new,6,3.787674903869629,0.7590601444244385,0.48760250210762024,0.49410656094551086,0.26939496397972107
120,sustained_new,7,4.0514750480651855,0.7309489250183105,0.4880228340625763,0.4967094361782074,0.26804113388061523
120,sustained_new,8,4.266376972198486,0.7067277431488037,0.48816853761672974,0.49876371026039124,0.2667229175567627
120,shock_recovery,0,1.0668823719024658,0.9723811745643616,0.4740365147590637,0.46768105030059814,0.27475666999816895
120,shock_recovery,1,1.2040061950683594,0.973595142364502,0.4757338762283325,0.4675779342651367,0.1518673300743103
120,shock_recovery,2,1.3860944509506226,0.9721632599830627,0.47691741585731506,0.46731045842170715,0.1502358466386795
120,shock_recovery,3,1.5742701292037964,0.9689943790435791,0.4777181148529053,0.4669436812400818,0.14836932718753815
120,shock_recovery,4,1.7532589435577393,0.9646664261817932,0.4782356917858124,0.4665257930755615,0.1464008390903473
650,stable_old,1,0.3408970832824707,0.9990547895431519,0.35435712337493896,0.31557390093803406,0.28417184948921204
650,stable_old,2,0.6344467401504517,0.9964035153388977,0.3551919758319855,0.314499169588089,0.28411006927490234
650,stable_old,3,0.8930284380912781,0.9923490881919861,0.35616016387939453,0.31352534890174866,0.2840935289859772
650,stable_old,4,1.1238911151885986,0.9872105717658997,0.35724860429763794,0.3126453757286072,0.2841118574142456
650,stable_old,5,1.3314323425292969,0.9812954068183899,0.3584381639957428,0.3118562400341034,0.2841559946537018
650,stable_old,6,1.5185459852218628,0.9748798608779907,0.35970622301101685,0.31115666031837463,0.2842184901237488
650,stable_old,7,1.6873624324798584,0.9681987762451172,0.3610289394855499,0.31054461002349854,0.28429344296455383
650,stable_old,8,1.8396267890930176,0.9614420533180237,0.36238303780555725,0.31001731753349304,0.2843763828277588
650,sustained_new,1,0.4880375266075134,0.9968621134757996,0.35108819603919983,0.31699827313423157,0.2870756983757019
650,sustained_new,2,0.8876294493675232,0.9897993206977844,0.3485393524169922,0.317428320646286,0.2866212725639343
650,sustained_new,3,1.2219220399856567,0.9808366894721985,0.34615716338157654,0.3179391622543335,0.28618884086608887
650,sustained_new,4,1.5070796012878418,0.9709440469741821,0.34400761127471924,0.31843340396881104,0.2857818901538849
650,sustained_new,5,1.754431128501892,0.9606261253356934,0.34211093187332153,0.31884828209877014,0.28540366888046265
650,sustained_new,6,1.9720518589019775,0.950165331363678,0.3404630124568939,0.3191528618335724,0.285056471824646
650,sustained_new,7,2.165853977203369,0.9397262930870056,0.339048832654953,0.3193400800228119,0.28474125266075134
650,sustained_new,8,2.3402953147888184,0.9294039607048035,0.33784887194633484,0.3194165527820587,0.2844576835632324
650,shock_recovery,0,0.4880375266075134,0.9968621134757996,0.35108819603919983,0.31699827313423157,0.2870756983757019
650,shock_recovery,1,0.6404189467430115,0.9958953857421875,0.351418673992157,0.31573623418807983,0.28361570835113525
650,shock_recovery,2,0.8468866944313049,0.9931265115737915,0.3520517349243164,0.31461313366889954,0.28357887268066406
650,shock_recovery,3,1.057160496711731,0.9889348149299622,0.352924644947052,0.3136076033115387,0.2835860550403595
650,shock_recovery,4,1.25778329372406,0.9836714863777161,0.3539838194847107,0.31270790100097656,0.2836261987686157
296,stable_old,1,0.30688369274139404,0.999416172504425,0.41328364610671997,0.48649320006370544,0.2871933579444885
296,stable_old,2,0.5606808066368103,0.9977657794952393,0.41335099935531616,0.48557913303375244,0.2869201600551605
296,stable_old,3,0.7801426649093628,0.9951470494270325,0.4132987856864929,0.4844326972961426,0.2866843044757843
296,stable_old,4,0.9780121445655823,0.9916107058525085,0.41315987706184387,0.483127236366272,0.2864745259284973
296,stable_old,5,1.1627874374389648,0.987179696559906,0.412960946559906,0.4817204773426056,0.286282479763031
296,stable_old,6,1.339983582496643,0.9818623661994934,0.4127242863178253,0.4802635610103607,0.2861022353172302
296,stable_old,7,1.5130351781845093,0.9756629467010498,0.4124681055545807,0.4788048267364502,0.28592973947525024
296,stable_old,8,1.6839380264282227,0.9685896039009094,0.41220730543136597,0.47739124298095703,0.28576236963272095
296,sustained_new,1,0.8246535062789917,0.9890312552452087,0.41842132806777954,0.4953362047672272,0.22892317175865173
296,sustained_new,2,1.5191611051559448,0.9633467197418213,0.42224669456481934,0.5003538727760315,0.2369701862335205
296,sustained_new,3,2.104888916015625,0.9310318231582642,0.4250282049179077,0.5033063888549805,0.24194806814193726
296,sustained_new,4,2.600907802581787,0.8968117237091064,0.4271211326122284,0.5050627589225769,0.2450461983680725
296,sustained_new,5,3.0230424404144287,0.8631579875946045,0.42875751852989197,0.5061452984809875,0.2470090389251709
296,sustained_new,6,3.384096622467041,0.8312569260597229,0.43009090423583984,0.5068494081497192,0.24829770624637604
296,sustained_new,7,3.6943819522857666,0.8016101121902466,0.4312250018119812,0.5073401927947998,0.2491954118013382
296,sustained_new,8,3.9622421264648438,0.7743620872497559,0.4322306513786316,0.5077102780342102,0.24987384676933289
296,shock_recovery,0,0.8246535062789917,0.9890312552452087,0.41842132806777954,0.4953362047672272,0.22892317175865173
296,shock_recovery,1,0.7529100179672241,0.9921539425849915,0.4169154763221741,0.4920143783092499,0.28736352920532227
296,shock_recovery,2,0.8274919986724854,0.9922615885734558,0.41570043563842773,0.48897337913513184,0.2870303988456726
296,shock_recovery,3,0.9686568379402161,0.9903739094734192,0.41470178961753845,0.4861399233341217,0.2867507040500641
296,shock_recovery,4,1.1324090957641602,0.9869908094406128,0.41386696696281433,0.4834762513637543,0.28650814294815063
914,stable_old,1,0.3900962471961975,0.9984610080718994,0.19822315871715546,0.395358145236969,0.2888023853302002
914,stable_old,2,0.7406590580940247,0.9940561056137085,0.19846728444099426,0.3956378102302551,0.2886669635772705
914,stable_old,3,1.0632399320602417,0.987109363079071,0.19893141090869904,0.39558544754981995,0.2885299324989319
914,stable_old,4,1.3637770414352417,0.9779785871505737,0.19956311583518982,0.39528024196624756,0.28839194774627686
914,stable_old,5,1.6448026895523071,0.9670701026916504,0.20031602680683136,0.39479613304138184,0.28825393319129944
914,stable_old,6,1.9070028066635132,0.9548284411430359,0.2011488378047943,0.39419683814048767,0.28811734914779663
914,stable_old,7,2.150256872177124,0.9417104125022888,0.20202547311782837,0.39353469014167786,0.2879836857318878
914,stable_old,8,2.374277114868164,0.9281544089317322,0.20291611552238464,0.392849326133728,0.2878546118736267
914,sustained_new,1,1.2025384902954102,0.9758791923522949,0.19719251990318298,0.38890984654426575,0.284524142742157
914,sustained_new,2,2.126392364501953,0.9255046248435974,0.19561856985092163,0.37578853964805603,0.2850973606109619
914,sustained_new,3,2.821518659591675,0.872474730014801,0.19494302570819855,0.3636957108974457,0.2853747010231018
914,sustained_new,4,3.337735652923584,0.8268926739692688,0.19530314207077026,0.3561280369758606,0.2854841351509094
914,sustained_new,5,3.7202508449554443,0.7906652092933655,0.19620433449745178,0.3520009219646454,0.2855301797389984
914,sustained_new,6,4.005460262298584,0.7626139521598816,0.19727769494056702,0.34983527660369873,0.28557682037353516
914,sustained_new,7,4.220444679260254,0.7409543395042419,0.1983320564031601,0.34876617789268494,0.285641610622406
914,sustained_new,8,4.384621620178223,0.7241036891937256,0.19928640127182007,0.34834474325180054,0.2857201099395752
914,shock_recovery,0,1.2025384902954102,0.9758791923522949,0.19719251990318298,0.38890984654426575,0.284524142742157
914,shock_recovery,1,1.1768244504928589,0.9783979654312134,0.1977873593568802,0.3918091058731079,0.28912630677223206
914,shock_recovery,2,1.2891831398010254,0.9763331413269043,0.19842270016670227,0.3929479122161865,0.28888940811157227
914,shock_recovery,3,1.4725143909454346,0.9709371328353882,0.1991184949874878,0.3932053744792938,0.2886776924133301
914,shock_recovery,4,1.684430480003357,0.9630435109138489,0.19987525045871735,0.3930279016494751,0.28848546743392944
678,stable_old,1,0.4032655656337738,0.998383641242981,0.3239774703979492,0.18375398218631744,0.2659490406513214
678,stable_old,2,0.7519065737724304,0.9941035509109497,0.3248288631439209,0.18209387362003326,0.26738113164901733
678,stable_old,3,1.0575528144836426,0.9878600239753723,0.3253425657749176,0.18068112432956696,0.26849010586738586
678,stable_old,4,1.328757405281067,0.9801850914955139,0.32563117146492004,0.17956788837909698,0.26929739117622375
678,stable_old,5,1.571913242340088,0.9714831113815308,0.3257634937763214,0.17876537144184113,0.2698417901992798
678,stable_old,6,1.791831135749817,0.9620636105537415,0.3257811665534973,0.17826995253562927,0.2701658606529236
678,stable_old,7,1.9921289682388306,0.9521692395210266,0.3257099688053131,0.1780761033296585,0.27031007409095764
678,stable_old,8,2.1755223274230957,0.9419949054718018,0.3255671262741089,0.17818106710910797,0.2703104615211487
678,sustained_new,1,0.7674790620803833,0.9903931617736816,0.32904955744743347,0.19017735123634338,0.23311366140842438
678,sustained_new,2,1.3674044609069824,0.9707509875297546,0.3334747552871704,0.19471459090709686,0.2352180778980255
678,sustained_new,3,1.8375632762908936,0.9490880370140076,0.3365575075149536,0.1990506649017334,0.23680081963539124
678,sustained_new,4,2.2090229988098145,0.9285646080970764,0.3386973440647125,0.20306795835494995,0.2378409206867218
678,sustained_new,5,2.50639271736145,0.910079300403595,0.3401603400707245,0.20672401785850525,0.23841817677021027
678,sustained_new,6,2.7486300468444824,0.8936260342597961,0.3411336839199066,0.21004244685173035,0.23863373696804047
678,sustained_new,7,2.9500274658203125,0.8789010047912598,0.3417496085166931,0.21307890117168427,0.23858225345611572
678,sustained_new,8,3.1211581230163574,0.8655518889427185,0.3420996367931366,0.21589455008506775,0.23834335803985596
678,shock_recovery,0,0.7674790620803833,0.9903931617736816,0.32904955744743347,0.19017735123634338,0.23311366140842438
678,shock_recovery,1,0.8315115571022034,0.9906739592552185,0.32877182960510254,0.18695497512817383,0.2673097550868988
678,shock_recovery,2,1.0343295335769653,0.9870584011077881,0.3283763825893402,0.1842479556798935,0.2683241665363312
678,shock_recovery,3,1.2775341272354126,0.9807056784629822,0.32794415950775146,0.1821276843547821,0.26904401183128357
678,shock_recovery,4,1.520461916923523,0.9724909663200378,0.3275066912174225,0.180566668510437,0.26952970027923584
260,stable_old,1,0.3781110644340515,0.9985482692718506,0.23068052530288696,0.25,0.28207728266716003
260,stable_old,2,0.6981590390205383,0.9948368668556213,0.2284427285194397,0.25,0.2823371887207031
260,stable_old,3,0.971603274345398,0.9896610379219055,0.22638870775699615,0.25,0.28259867429733276
260,stable_old,4,1.2073848247528076,0.9835953712463379,0.22447198629379272,0.25,0.28285571932792664
260,stable_old,5,1.4127572774887085,0.9770285487174988,0.22266261279582977,0.25,0.2831041216850281
260,stable_old,6,1.5936866998672485,0.9702059030532837,0.22094285488128662,0.25,0.2833411991596222
260,stable_old,7,1.7550748586654663,0.9632714986801147,0.21930362284183502,0.25,0.28356537222862244
260,stable_old,8,1.9009120464324951,0.9563012719154358,0.21774154901504517,0.25,0.28377583622932434
260,sustained_new,1,0.6891317963600159,0.9924084544181824,0.23190529644489288,0.25,0.22773772478103638
260,sustained_new,2,1.233561635017395,0.9766892790794373,0.2311794012784958,0.25,0.2316673994064331
260,sustained_new,3,1.6730784177780151,0.9586141109466553,0.23086369037628174,0.25,0.23503917455673218
260,sustained_new,4,2.035595417022705,0.9403903484344482,0.23080575466156006,0.25,0.2380189597606659
260,sustained_new,5,2.3405683040618896,0.9227645993232727,0.23090040683746338,0.25,0.24067676067352295
260,sustained_new,6,2.601548910140991,0.9059471487998962,0.2310781627893448,0.25,0.24303914606571198
260,sustained_new,7,2.828005075454712,0.8899771571159363,0.23128455877304077,0.25,0.24511969089508057
260,sustained_new,8,3.026606559753418,0.874855101108551,0.23147276043891907,0.25,0.2469327598810196
260,shock_recovery,0,0.6891317963600159,0.9924084544181824,0.23190529644489288,0.25,0.22773772478103638
260,shock_recovery,1,0.7534993886947632,0.9925627112388611,0.22859391570091248,0.25,0.2826468348503113
260,shock_recovery,2,0.9544175267219543,0.9891488552093506,0.22586995363235474,0.25,0.2828218936920166
260,shock_recovery,3,1.1770988702774048,0.9837888479232788,0.2235366255044937,0.25,0.28302034735679626
260,shock_recovery,4,1.3868049383163452,0.9773914217948914,0.2214820235967636,0.25,0.2832282781600952
679,stable_old,1,0.33614635467529297,0.9992290139198303,0.1524626910686493,0.33890315890312195,0.2789788246154785
679,stable_old,2,0.6086856126785278,0.9972491264343262,0.15320280194282532,0.3349432349205017,0.279019296169281
679,stable_old,3,0.8334946036338806,0.9944629073143005,0.15397308766841888,0.33102408051490784,0.2790706157684326
679,stable_old,4,1.02201247215271,0.9911600351333618,0.1547546535730362,0.3271072208881378,0.27912652492523193
679,stable_old,5,1.182637095451355,0.9875423908233643,0.15553705394268036,0.32318416237831116,0.27918338775634766
679,stable_old,6,1.321635127067566,0.9837455153465271,0.1563141942024231,0.3192654252052307,0.2792395055294037
679,stable_old,7,1.4437501430511475,0.9798564314842224,0.15708208084106445,0.31537309288978577,0.27929431200027466
679,stable_old,8,1.5526132583618164,0.9759275913238525,0.15783843398094177,0.3115350902080536,0.2793479561805725
679,sustained_new,1,0.8443132638931274,0.9891141057014465,0.15683798491954803,0.3240525424480438,0.27242493629455566
679,sustained_new,2,1.5555554628372192,0.9637419581413269,0.1616508662700653,0.3082022964954376,0.2733736038208008
679,sustained_new,3,2.155670404434204,0.9315630197525024,0.1661386787891388,0.29572510719299316,0.27406033873558044
679,sustained_new,4,2.6633737087249756,0.8970648050308228,0.17031387984752655,0.2860543727874756,0.274566113948822
679,sustained_new,5,3.0939228534698486,0.8627883195877075,0.17413370311260223,0.2785795032978058,0.2749563455581665
679,sustained_new,6,3.4598138332366943,0.830119788646698,0.177542045712471,0.2727866768836975,0.275270938873291
679,sustained_new,7,3.771439552307129,0.799749493598938,0.18051911890506744,0.26827242970466614,0.27553224563598633
679,sustained_new,8,4.037510395050049,0.7719517350196838,0.18309110403060913,0.2647341191768646,0.2757530212402344
679,shock_recovery,0,0.8443132638931274,0.9891141057014465,0.15683798491954803,0.3240525424480438,0.27242493629455566
679,shock_recovery,1,0.8528687953948975,0.9904908537864685,0.15780338644981384,0.31965526938438416,0.2798248827457428
679,shock_recovery,2,0.9548966288566589,0.9897648692131042,0.15890099108219147,0.31530269980430603,0.279784619808197
679,shock_recovery,3,1.0859830379486084,0.9877868890762329,0.15999062359333038,0.311137855052948,0.27981841564178467
679,shock_recovery,4,1.2190457582473755,0.9850203394889832,0.1610109508037567,0.3072196841239929,0.2798822224140167
184,stable_old,1,0.3238878846168518,0.9992833137512207,0.19899575412273407,0.19546978175640106,0.2758328318595886
184,stable_old,2,0.5914356708526611,0.9973694682121277,0.19881552457809448,0.1961057484149933,0.2752114534378052
184,stable_old,3,0.8176712393760681,0.9945601224899292,0.19856947660446167,0.19654369354248047,0.27477410435676575
184,stable_old,4,1.0126752853393555,0.991100013256073,0.19828307628631592,0.19682487845420837,0.2744799256324768
184,stable_old,5,1.183311104774475,0.9871882796287537,0.19797195494174957,0.1969829499721527,0.2742944359779358
184,stable_old,6,1.3343626260757446,0.9829849600791931,0.19764624536037445,0.19704531133174896,0.27418947219848633
184,stable_old,7,1.469265341758728,0.9786165952682495,0.197313129901886,0.19703461229801178,0.2741425633430481
184,stable_old,8,1.5905756950378418,0.9741812944412231,0.1969779133796692,0.19696937501430511,0.27413609623908997
184,sustained_new,1,0.831222653388977,0.9888280034065247,0.19529291987419128,0.18921327590942383,0.2543456256389618
184,sustained_new,2,1.501271367073059,0.9647296071052551,0.19108958542346954,0.18285417556762695,0.25558772683143616
184,sustained_new,3,2.041825294494629,0.9366999268531799,0.18651245534420013,0.1757131814956665,0.25684836506843567
184,sustained_new,4,2.480691432952881,0.908846914768219,0.18164153397083282,0.1679878979921341,0.25805044174194336
184,sustained_new,5,2.8407962322235107,0.8826905488967896,0.176564022898674,0.15994317829608917,0.25916680693626404
184,sustained_new,6,3.1404476165771484,0.8585689663887024,0.1713721603155136,0.15191645920276642,0.26019012928009033
184,sustained_new,7,3.393843412399292,0.83635413646698,0.16618098318576813,0.14428424835205078,0.26112115383148193
184,sustained_new,8,3.611692190170288,0.8157857656478882,0.1611495167016983,0.13740131258964539,0.26196208596229553
184,shock_recovery,0,0.831222653388977,0.9888280034065247,0.19529291987419128,0.18921327590942383,0.2543456256389618
184,shock_recovery,1,0.8372321128845215,0.990462601184845,0.1950853317975998,0.18907855451107025,0.2767328917980194
184,shock_recovery,2,0.9415820837020874,0.9897733330726624,0.19479206204414368,0.18892218172550201,0.2763030529022217
184,shock_recovery,3,1.0810868740081787,0.987614095211029,0.19446200132369995,0.1887793093919754,0.27600395679473877
184,shock_recovery,4,1.2262282371520996,0.9844964146614075,0.19412203133106232,0.18866439163684845,0.27580296993255615
327,stable_old,1,0.34971070289611816,0.9991394877433777,0.28685253858566284,0.18580934405326843,0.26843804121017456
327,stable_old,2,0.6403940916061401,0.9968390464782715,0.2837776839733124,0.18579596281051636,0.2696223258972168
327,stable_old,3,0.8864749073982239,0.9934765696525574,0.28113025426864624,0.18595117330551147,0.2707175314426422
327,stable_old,4,1.0978147983551025,0.9893743395805359,0.27887198328971863,0.18619263172149658,0.27168792486190796
327,stable_old,5,1.2812780141830444,0.9847995638847351,0.2769620418548584,0.18646563589572906,0.27252456545829773
327,stable_old,6,1.441791296005249,0.9799676537513733,0.275359183549881,0.1867372840642929,0.273232638835907
327,stable_old,7,1.5830360651016235,0.9750452637672424,0.2740234434604645,0.18699029088020325,0.273823618888855
327,stable_old,8,1.7078834772109985,0.9701560735702515,0.2729171812534332,0.18721728026866913,0.2743108570575714
327,sustained_new,1,1.0369541645050049,0.9821280837059021,0.29542386531829834,0.1880130022764206,0.2411002218723297
327,sustained_new,2,1.8834242820739746,0.9421808123588562,0.30043235421180725,0.1900210976600647,0.24369469285011292
327,sustained_new,3,2.5845248699188232,0.8939926028251648,0.3057512044906616,0.19202066957950592,0.24620452523231506
327,sustained_new,4,3.174241781234741,0.8441963195800781,0.31154265999794006,0.19412551820278168,0.2486165463924408
327,sustained_new,5,3.677957057952881,0.7954477667808533,0.3176979422569275,0.19653502106666565,0.25082090497016907
327,sustained_new,6,4.114837646484375,0.7485828399658203,0.3239940106868744,0.19935113191604614,0.2527157962322235
327,sustained_new,7,4.49852991104126,0.7038270235061646,0.3301536738872528,0.20251096785068512,0.254286527633667
327,sustained_new,8,4.838186740875244,0.6613240838050842,0.33592167496681213,0.20584851503372192,0.25556036829948425
327,shock_recovery,0,1.0369541645050049,0.9821280837059021,0.29542386531829834,0.1880130022764206,0.2411002218723297
327,shock_recovery,1,0.9832916259765625,0.9857329726219177,0.29194507002830505,0.1872645765542984,0.2686234414577484
327,shock_recovery,2,1.0550942420959473,0.986044704914093,0.28879958391189575,0.18688416481018066,0.26947787404060364
327,shock_recovery,3,1.1848360300064087,0.9842336177825928,0.28598326444625854,0.18676131963729858,0.270351767539978
327,shock_recovery,4,1.3319729566574097,0.9810435175895691,0.2834976613521576,0.18680937588214874,0.27120086550712585
811,stable_old,1,0.3619280755519867,0.9992063641548157,0.27232086658477783,0.3576158583164215,0.22683559358119965
811,stable_old,2,0.6647872924804688,0.9970174431800842,0.27353259921073914,0.3552393913269043,0.22687208652496338
811,stable_old,3,0.9236980080604553,0.9936718940734863,0.2744027376174927,0.352672815322876,0.22697794437408447
811,stable_old,4,1.14976966381073,0.9893558025360107,0.2750333845615387,0.34990158677101135,0.2271679788827896
811,stable_old,5,1.3511265516281128,0.984216034412384,0.2754991054534912,0.34692978858947754,0.22744107246398926
811,stable_old,6,1.5336973667144775,0.9783690571784973,0.2758522927761078,0.34377744793891907,0.22778905928134918
811,stable_old,7,1.7017967700958252,0.9719099402427673,0.27612799406051636,0.34047603607177734,0.22820070385932922
811,stable_old,8,1.8593599796295166,0.9648613929748535,0.276401549577713,0.3370167911052704,0.2286820113658905
811,sustained_new,1,0.27156463265419006,0.998984158039093,0.27193620800971985,0.36157166957855225,0.11243100464344025
811,sustained_new,2,0.5138384103775024,0.9964919090270996,0.27283191680908203,0.3626665472984314,0.11243320256471634
811,sustained_new,3,0.7297500371932983,0.9931259751319885,0.27337923645973206,0.36319512128829956,0.11209899932146072
811,sustained_new,4,0.9233148694038391,0.9892403483390808,0.27364057302474976,0.3632580041885376,0.11174535751342773
811,sustained_new,5,1.0984387397766113,0.9850268363952637,0.2736724317073822,0.3629436492919922,0.11150595545768738
811,sustained_new,6,1.2585103511810303,0.9805833101272583,0.2735220491886139,0.36232125759124756,0.11142421513795853
811,sustained_new,7,1.4063220024108887,0.9759556651115417,0.27322837710380554,0.3614422678947449,0.11150309443473816
811,sustained_new,8,1.5441161394119263,0.9711630940437317,0.2728232741355896,0.36034467816352844,0.11172915250062943
811,shock_recovery,0,0.27156463265419006,0.998984158039093,0.27193620800971985,0.36157166957855225,0.11243100464344025
811,shock_recovery,1,0.524150013923645,0.9980130791664124,0.273141086101532,0.3588271737098694,0.22616809606552124
811,shock_recovery,2,0.7866824865341187,0.9955976009368896,0.27402710914611816,0.3559364974498749,0.22609935700893402
811,shock_recovery,3,1.0223658084869385,0.9920176267623901,0.2746743857860565,0.35289278626441956,0.22622260451316833
811,shock_recovery,4,1.2334530353546143,0.9874638915061951,0.2751522660255432,0.34968870878219604,0.22648389637470245
110,stable_old,1,0.3746754229068756,0.9986754655838013,0.3776516616344452,0.3953133225440979,0.2715451121330261
110,stable_old,2,0.7052836418151855,0.99494469165802,0.37797442078590393,0.39626654982566833,0.2706720232963562
110,stable_old,3,1.003903865814209,0.989167332649231,0.3782033324241638,0.3969270884990692,0.2698679566383362
110,stable_old,4,1.2774847745895386,0.9817017912864685,0.37835437059402466,0.3973688781261444,0.2691361904144287
110,stable_old,5,1.5298783779144287,0.9729053378105164,0.37844106554985046,0.39764875173568726,0.26847514510154724
110,stable_old,6,1.7631710767745972,0.9631271362304688,0.3784732520580292,0.3978112041950226,0.2678799629211426
110,stable_old,7,1.9785348176956177,0.9526982307434082,0.3784582018852234,0.3978901505470276,0.2673434019088745
110,stable_old,8,2.176750421524048,0.9419189691543579,0.37840160727500916,0.3979108929634094,0.2668569087982178
110,sustained_new,1,0.679524302482605,0.9932880401611328,0.3755400478839874,0.39640137553215027,0.2823677361011505
110,sustained_new,2,1.2282410860061646,0.9787692427635193,0.3739855885505676,0.3970147967338562,0.2814723253250122
110,sustained_new,3,1.6771069765090942,0.9613089561462402,0.37267425656318665,0.3967518210411072,0.280662477016449
110,sustained_new,4,2.049809217453003,0.9430872201919556,0.37162312865257263,0.39616286754608154,0.27994322776794434
110,sustained_new,5,2.3639638423919678,0.9250662326812744,0.37080228328704834,0.3955174684524536,0.2793146073818207
110,sustained_new,6,2.632613182067871,0.907658576965332,0.37017175555229187,0.3949247896671295,0.2787730097770691
110,sustained_new,7,2.8654627799987793,0.8910219073295593,0.3696945607662201,0.3944176137447357,0.27831220626831055
110,sustained_new,8,3.0697851181030273,0.8751954436302185,0.36933985352516174,0.39399755001068115,0.27792423963546753
110,shock_recovery,0,0.679524302482605,0.9932880401611328,0.3755400478839874,0.39640137553215027,0.2823677361011505
110,shock_recovery,1,0.8458886742591858,0.9911853671073914,0.3764079511165619,0.39686426520347595,0.26927492022514343
110,shock_recovery,2,1.0748308897018433,0.9865543842315674,0.37707656621932983,0.3971783220767975,0.26859214901924133
110,shock_recovery,3,1.3153247833251953,0.9799051880836487,0.37758010625839233,0.39738988876342773,0.26798146963119507
110,shock_recovery,4,1.5507103204727173,0.9716799259185791,0.3779478371143341,0.3975293040275574,0.26744070649147034
973,stable_old,1,0.3751984238624573,0.9987994432449341,0.29638028144836426,0.4289255142211914,0.2545759975910187
973,stable_old,2,0.6893677115440369,0.9956963062286377,0.2964617609977722,0.4311543405056,0.2548515200614929
973,stable_old,3,0.9553587436676025,0.9913126826286316,0.2967696487903595,0.43277299404144287,0.25498008728027344
973,stable_old,4,1.182567834854126,0.9861307740211487,0.2972359359264374,0.4339546859264374,0.25501400232315063
973,stable_old,5,1.3779884576797485,0.9805188775062561,0.29780900478363037,0.43480384349823,0.2549915909767151
973,stable_old,6,1.546945333480835,0.9747516512870789,0.29844868183135986,0.4353884160518646,0.2549387812614441
973,stable_old,7,1.6935944557189941,0.9690284132957458,0.29912257194519043,0.4357578158378601,0.25487208366394043
973,stable_old,8,1.8212600946426392,0.9634878635406494,0.29980558156967163,0.4359503984451294,0.254801481962204
973,sustained_new,1,0.9863763451576233,0.9828235507011414,0.3011656403541565,0.42013126611709595,0.16562829911708832
973,sustained_new,2,1.831687331199646,0.9401167631149292,0.3056826889514923,0.4135141670703888,0.16894492506980896
973,sustained_new,3,2.543375253677368,0.8865201473236084,0.30985257029533386,0.4061477482318878,0.17153441905975342
973,sustained_new,4,3.1339852809906006,0.8328837752342224,0.31364455819129944,0.39814621210098267,0.1736307144165039
973,sustained_new,5,3.618675708770752,0.7846800684928894,0.3170720338821411,0.3897802233695984,0.17538219690322876
973,sustained_new,6,4.01308536529541,0.7436726093292236,0.32012954354286194,0.381399929523468,0.1768765151500702
973,sustained_new,7,4.33203125,0.7097509503364563,0.3227977454662323,0.37330466508865356,0.17816582322120667
973,sustained_new,8,4.588852405548096,0.6820641160011292,0.32505977153778076,0.36567237973213196,0.17928224802017212
973,shock_recovery,0,0.9863763451576233,0.9828235507011414,0.3011656403541565,0.42013126611709595,0.16562829911708832
973,shock_recovery,1,0.9971849322319031,0.9835973978042603,0.3001837134361267,0.4230656623840332,0.2561221122741699
973,shock_recovery,2,1.1275382041931152,0.9817983508110046,0.29969915747642517,0.42523661255836487,0.25622889399528503
973,shock_recovery,3,1.2918446063995361,0.9785208702087402,0.29957547783851624,0.4268898367881775,0.25629889965057373
973,shock_recovery,4,1.4542115926742554,0.9744017124176025,0.29970884323120117,0.4281569719314575,0.256317138671875
198,stable_old,1,0.33654290437698364,0.9991661310195923,0.41469213366508484,0.2138041853904724,0.28490424156188965
198,stable_old,2,0.6177951097488403,0.9969138503074646,0.41468825936317444,0.2139618843793869,0.28498250246047974
198,stable_old,3,0.8587862253189087,0.99357008934021,0.414578914642334,0.21419820189476013,0.28508660197257996
198,stable_old,4,1.0695055723190308,0.9894050359725952,0.4143925905227661,0.21449574828147888,0.285205602645874
198,stable_old,5,1.2566720247268677,0.9846410155296326,0.4141503870487213,0.2148425132036209,0.2853314280509949
198,stable_old,6,1.4248872995376587,0.9794590473175049,0.413868248462677,0.2152281105518341,0.2854583263397217
198,stable_old,7,1.57738196849823,0.9740060567855835,0.4135587811470032,0.2156425565481186,0.28558242321014404
198,stable_old,8,1.716492772102356,0.9684008955955505,0.41323208808898926,0.21607619524002075,0.28570109605789185
198,sustained_new,1,0.9883078932762146,0.984345018863678,0.421954870223999,0.20489436388015747,0.20152634382247925
198,sustained_new,2,1.847477912902832,0.9454702734947205,0.4285983443260193,0.1997285634279251,0.20412002503871918
198,sustained_new,3,2.591942310333252,0.894208550453186,0.43370434641838074,0.1967928558588028,0.20605513453483582
198,sustained_new,4,3.237957239151001,0.8378714323043823,0.43721112608909607,0.19519032537937164,0.2070665955543518
198,sustained_new,5,3.8004913330078125,0.7806516885757446,0.43935728073120117,0.19445784389972687,0.20731990039348602
198,sustained_new,6,4.291481971740723,0.7249178886413574,0.44044870138168335,0.19433832168579102,0.2070377916097641
198,sustained_new,7,4.719978332519531,0.6721031665802002,0.4407729208469391,0.19466173648834229,0.20641344785690308
198,sustained_new,8,5.0930094718933105,0.6231078505516052,0.44056305289268494,0.19530586898326874,0.20559221506118774
198,shock_recovery,0,0.9883078932762146,0.984345018863678,0.421954870223999,0.20489436388015747,0.20152634382247925
198,shock_recovery,1,0.9032983183860779,0.9879692792892456,0.42059046030044556,0.2069985270500183,0.2850099205970764
198,shock_recovery,2,0.9915342926979065,0.9873542785644531,0.41972941160202026,0.20870979130268097,0.28508806228637695
198,shock_recovery,3,1.1501431465148926,0.9844111204147339,0.4191187024116516,0.2101011872291565,0.2851707339286804
198,shock_recovery,4,1.323043704032898,0.9801385402679443,0.41861820220947266,0.21125921607017517,0.2852625846862793
67,stable_old,1,0.3068659007549286,0.9995793700218201,0.3242277204990387,0.24796834588050842,0.18876932561397552
67,stable_old,2,0.5580093860626221,0.9983797669410706,0.32305049896240234,0.24862369894981384,0.18870416283607483
67,stable_old,3,0.7691612839698792,0.9964876174926758,0.3222772181034088,0.24907581508159637,0.1889452338218689
67,stable_old,4,0.9513411521911621,0.9939828515052795,0.32179051637649536,0.24937082827091217,0.1894272267818451
67,stable_old,5,1.112242579460144,0.990940511226654,0.32151156663894653,0.2495420277118683,0.19009774923324585
67,stable_old,6,1.2572355270385742,0.9874306917190552,0.32138678431510925,0.2496132105588913,0.19091492891311646
67,stable_old,7,1.3900787830352783,0.9835171103477478,0.32137876749038696,0.24960115551948547,0.19184520840644836
67,stable_old,8,1.5134214162826538,0.9792565107345581,0.3214607536792755,0.24951757490634918,0.19286203384399414
67,sustained_new,1,1.0089101791381836,0.9808180332183838,0.33362895250320435,0.23066851496696472,0.2507043778896332
67,sustained_new,2,1.849574089050293,0.9381097555160522,0.34202903509140015,0.21332190930843353,0.25718748569488525
67,sustained_new,3,2.561711549758911,0.8856306672096252,0.35064828395843506,0.19776950776576996,0.26218581199645996
67,sustained_new,4,3.1715939044952393,0.8301130533218384,0.358709454536438,0.18527492880821228,0.26587197184562683
67,sustained_new,5,3.6976161003112793,0.7749180793762207,0.365798681974411,0.17574544250965118,0.2685416340827942
67,sustained_new,6,4.153263092041016,0.7218194603919983,0.3718908429145813,0.16861854493618011,0.2704550623893738
67,sustained_new,7,4.548776626586914,0.671807050704956,0.3771050274372101,0.16336001455783844,0.271806538105011
67,sustained_new,8,4.892011642456055,0.6254766583442688,0.3815610706806183,0.15959617495536804,0.27274081110954285
67,shock_recovery,0,1.0089101791381836,0.9808180332183838,0.33362895250320435,0.23066851496696472,0.2507043778896332
67,shock_recovery,1,0.9631554484367371,0.9852864146232605,0.3307395279407501,0.2335176318883896,0.20349374413490295
67,shock_recovery,2,1.0134525299072266,0.98675537109375,0.32867422699928284,0.23575760424137115,0.20374663174152374
67,shock_recovery,3,1.1156071424484253,0.9861322045326233,0.327202707529068,0.23747460544109344,0.20394185185432434
67,shock_recovery,4,1.2403132915496826,0.9839889407157898,0.32616424560546875,0.23875847458839417,0.20419347286224365
595,stable_old,1,0.3337102234363556,0.999426007270813,0.2134276032447815,0.19279369711875916,0.1708867847919464
595,stable_old,2,0.6136219501495361,0.997822105884552,0.21386022865772247,0.19307200610637665,0.169979065656662
595,stable_old,3,0.8527729511260986,0.9953346252441406,0.21424809098243713,0.1932883858680725,0.16912926733493805
595,stable_old,4,1.0609009265899658,0.9920862317085266,0.2145974338054657,0.1934639811515808,0.16832271218299866
595,stable_old,5,1.2451915740966797,0.9881857633590698,0.21491266787052155,0.19361235201358795,0.16755838692188263
595,stable_old,6,1.4108974933624268,0.9837332963943481,0.2151973694562912,0.19374221563339233,0.16683965921401978
595,stable_old,7,1.5618350505828857,0.978821337223053,0.2154545933008194,0.19385914504528046,0.16617077589035034
595,stable_old,8,1.7007683515548706,0.9735357165336609,0.21568703651428223,0.19396674633026123,0.16555500030517578
595,sustained_new,1,0.28707805275917053,0.998125433921814,0.21254166960716248,0.19215062260627747,0.06704968959093094
595,sustained_new,2,0.5529052019119263,0.9931727051734924,0.2121461182832718,0.19185249507427216,0.06695136427879333
595,sustained_new,3,0.8004817962646484,0.9859930276870728,0.21175286173820496,0.19153359532356262,0.0671679824590683
595,sustained_new,4,1.0313962697982788,0.9772844314575195,0.21136122941970825,0.19120042026042938,0.0675332099199295
595,sustained_new,5,1.2467015981674194,0.9676141738891602,0.21097038686275482,0.1908586025238037,0.06796376407146454
595,sustained_new,6,1.4472804069519043,0.9574267268180847,0.2105795294046402,0.19051320850849152,0.06841648370027542
595,sustained_new,7,1.6339858770370483,0.9470548033714294,0.2101883441209793,0.1901683807373047,0.0688684731721878
595,sustained_new,8,1.8076868057250977,0.9367347955703735,0.20979642868041992,0.1898275464773178,0.06930718570947647
595,shock_recovery,0,0.28707805275917053,0.998125433921814,0.21254166960716248,0.19215062260627747,0.06704968959093094
595,shock_recovery,1,0.4689650237560272,0.9973981976509094,0.21303339302539825,0.19254936277866364,0.16987553238868713
595,shock_recovery,2,0.7068071365356445,0.9956949353218079,0.21347442269325256,0.19285300374031067,0.1692175567150116
595,shock_recovery,3,0.9259743690490723,0.9931602478027344,0.21387143433094025,0.19309164583683014,0.16845405101776123
595,shock_recovery,4,1.1216089725494385,0.9899099469184875,0.21422956883907318,0.19328613579273224,0.1676570326089859
941,stable_old,1,0.30957844853401184,0.9994100332260132,0.2854710519313812,0.16441741585731506,0.2771669030189514
941,stable_old,2,0.5617495179176331,0.9978207349777222,0.28432178497314453,0.16526219248771667,0.27764931321144104
941,stable_old,3,0.7730127573013306,0.9954615831375122,0.2832788825035095,0.16618488729000092,0.27809643745422363
941,stable_old,4,0.9545882344245911,0.9925138354301453,0.28233981132507324,0.16714949905872345,0.2785051763057709
941,stable_old,5,1.1140962839126587,0.9891204237937927,0.2815023362636566,0.16812823712825775,0.27887478470802307
941,stable_old,6,1.256711721420288,0.9853969812393188,0.2807627320289612,0.1690993458032608,0.27920612692832947
941,stable_old,7,1.3859630823135376,0.9814375042915344,0.2801157236099243,0.17004601657390594,0.27950090169906616
941,stable_old,8,1.504281759262085,0.9773192405700684,0.2795546352863312,0.17095541954040527,0.27976125478744507
941,sustained_new,1,0.8219369649887085,0.9895836710929871,0.2841997742652893,0.16329218447208405,0.2514529228210449
941,sustained_new,2,1.4918382167816162,0.9666646122932434,0.2824772298336029,0.16280214488506317,0.2503702938556671
941,sustained_new,3,2.03942608833313,0.9393359422683716,0.2812531590461731,0.16213500499725342,0.2490735650062561
941,sustained_new,4,2.487443447113037,0.9117653965950012,0.2803274095058441,0.16135931015014648,0.24767348170280457
941,sustained_new,5,2.854167938232422,0.8859357237815857,0.279590904712677,0.1605590283870697,0.24628660082817078
941,sustained_new,6,3.1546809673309326,0.8626517653465271,0.2789936363697052,0.15979017317295074,0.2449982613325119
941,sustained_new,7,3.401803970336914,0.842069149017334,0.27851608395576477,0.1590711623430252,0.24384507536888123
941,sustained_new,8,3.605959415435791,0.8240543603897095,0.27814632654190063,0.15840663015842438,0.24284696578979492
941,shock_recovery,0,0.8219369649887085,0.9895836710929871,0.2841997742652893,0.16329218447208405,0.2514529228210449
941,shock_recovery,1,0.8094803094863892,0.9915419220924377,0.2836069166660309,0.16419832408428192,0.2769820988178253
941,shock_recovery,2,0.894183874130249,0.9913409352302551,0.28291770815849304,0.16520647704601288,0.27740317583084106
941,shock_recovery,3,1.014625906944275,0.9898054599761963,0.2822025418281555,0.1662515252828598,0.27780449390411377
941,shock_recovery,4,1.1428358554840088,0.9873759150505066,0.2815030813217163,0.16729862987995148,0.27818286418914795
318,stable_old,1,0.38353797793388367,0.9986893534660339,0.061901725828647614,0.2751835882663727,0.27830541133880615
318,stable_old,2,0.7060528993606567,0.9953290820121765,0.06763950735330582,0.2754206955432892,0.2783302664756775
318,stable_old,3,0.9784774780273438,0.9906750321388245,0.07295234501361847,0.2756490409374237,0.2783733606338501
318,stable_old,4,1.209064245223999,0.9853227734565735,0.07761586457490921,0.2758546769618988,0.2784251570701599
318,stable_old,5,1.4044114351272583,0.9797095060348511,0.08156313747167587,0.27602770924568176,0.27847981452941895
318,stable_old,6,1.5699882507324219,0.9741367101669312,0.08482322841882706,0.27616313099861145,0.2785334885120392
318,stable_old,7,1.7104123830795288,0.9687988758087158,0.08747125416994095,0.2762606143951416,0.27858346700668335
318,stable_old,8,1.8296104669570923,0.96381014585495,0.08959658443927765,0.27632272243499756,0.2786281108856201
318,sustained_new,1,1.2523853778839111,0.9734029173851013,0.07818547636270523,0.2773417532444,0.24920034408569336
318,sustained_new,2,2.216242551803589,0.9174404144287109,0.09620371460914612,0.28046780824661255,0.2540343999862671
318,sustained_new,3,2.941713809967041,0.8586394786834717,0.10966233164072037,0.2837040424346924,0.2562992572784424
318,sustained_new,4,3.486792802810669,0.8075724840164185,0.12026919424533844,0.28665003180503845,0.2576891779899597
318,sustained_new,5,3.898984432220459,0.7660454511642456,0.1287948489189148,0.28911635279655457,0.25891822576522827
318,sustained_new,6,4.214169502258301,0.7328810691833496,0.13548268377780914,0.29108545184135437,0.2601068615913391
318,sustained_new,7,4.458827972412109,0.706297755241394,0.14057056605815887,0.29261893033981323,0.2612221837043762
318,sustained_new,8,4.652115821838379,0.6846931576728821,0.14436589181423187,0.2938024699687958,0.26222386956214905
318,shock_recovery,0,1.2523853778839111,0.9734029173851013,0.07818547636270523,0.2773417532444,0.24920034408569336
318,shock_recovery,1,1.1334805488586426,0.979701817035675,0.08151636272668839,0.27743640542030334,0.2788447141647339
318,shock_recovery,2,1.1683717966079712,0.9810538291931152,0.08457887917757034,0.27753522992134094,0.2787836194038391
318,shock_recovery,3,1.2771350145339966,0.9797204732894897,0.0873401090502739,0.2776218056678772,0.27882158756256104
318,shock_recovery,4,1.4097517728805542,0.9768734574317932,0.08973155915737152,0.2776786684989929,0.2788916230201721
687,stable_old,1,0.44557157158851624,0.998985230922699,0.24696770310401917,0.3177122175693512,0.1837640106678009
687,stable_old,2,0.8394851088523865,0.9960755109786987,0.2469315528869629,0.31778469681739807,0.1896311640739441
687,stable_old,3,1.1877496242523193,0.99149489402771,0.2471708506345749,0.3178478181362152,0.19518178701400757
687,stable_old,4,1.495490312576294,0.9855087995529175,0.24769824743270874,0.3179343342781067,0.20024338364601135
687,stable_old,5,1.7671163082122803,0.9784116744995117,0.24848563969135284,0.3180546164512634,0.2046988606452942
687,stable_old,6,2.006559133529663,0.970500111579895,0.2494882196187973,0.3182072043418884,0.20849397778511047
687,stable_old,7,2.2174417972564697,0.9620493650436401,0.25065815448760986,0.3183855712413788,0.21162989735603333
687,stable_old,8,2.4031496047973633,0.9532955288887024,0.25195083022117615,0.3185819089412689,0.2141471654176712
687,sustained_new,1,0.30258020758628845,0.9981697201728821,0.2466437965631485,0.3177914619445801,0.1008169949054718
687,sustained_new,2,0.5928011536598206,0.9934020042419434,0.24648873507976532,0.31802451610565186,0.10471589863300323
687,sustained_new,3,0.8671298027038574,0.9866747856140137,0.24659742414951324,0.3182389438152313,0.10773248970508575
687,sustained_new,4,1.1241804361343384,0.9787428379058838,0.24686342477798462,0.3184153437614441,0.11014755070209503
687,sustained_new,5,1.3637362718582153,0.9701400995254517,0.247211754322052,0.3185428977012634,0.11211881041526794
687,sustained_new,6,1.5862019062042236,0.9612255692481995,0.2475976049900055,0.3186202943325043,0.11373698711395264
687,sustained_new,7,1.7923113107681274,0.9522317051887512,0.24799932539463043,0.3186534345149994,0.11505791544914246
687,sustained_new,8,1.982971429824829,0.9433039426803589,0.24841000139713287,0.3186523914337158,0.11611802875995636
687,shock_recovery,0,0.30258020758628845,0.9981697201728821,0.2466437965631485,0.3177914619445801,0.1008169949054718
687,shock_recovery,1,0.6393163204193115,0.9969713687896729,0.24686011672019958,0.3179498314857483,0.1854708194732666
687,shock_recovery,2,0.9930064678192139,0.9937574863433838,0.24718444049358368,0.31804120540618896,0.1908067911863327
687,shock_recovery,3,1.3156472444534302,0.9888332486152649,0.2476942241191864,0.3181206285953522,0.19605830311775208
687,shock_recovery,4,1.604382872581482,0.982520580291748,0.24840682744979858,0.31821388006210327,0.20090526342391968
893,stable_old,1,0.3281947374343872,0.9992603659629822,0.39631399512290955,0.25878819823265076,0.25193700194358826
893,stable_old,2,0.5974202752113342,0.9973243474960327,0.39616379141807556,0.25757235288619995,0.2509262263774872
893,stable_old,3,0.8222954273223877,0.9945424199104309,0.3956863582134247,0.25640639662742615,0.25011730194091797
893,stable_old,4,1.013188362121582,0.9911803603172302,0.3949725031852722,0.2552716135978699,0.24945709109306335
893,stable_old,5,1.1776374578475952,0.9874341487884521,0.39408767223358154,0.25415804982185364,0.24891307950019836
893,stable_old,6,1.32123601436615,0.9834457635879517,0.39308056235313416,0.2530613839626312,0.24845832586288452
893,stable_old,7,1.4482085704803467,0.9793154001235962,0.3919883668422699,0.251980721950531,0.248071551322937
893,stable_old,8,1.5617907047271729,0.9751117825508118,0.3908398449420929,0.25091707706451416,0.24773652851581573
893,sustained_new,1,0.5155895352363586,0.9956090450286865,0.39895105361938477,0.2600947618484497,0.17988121509552002
893,sustained_new,2,0.9077547192573547,0.9870048761367798,0.4006860554218292,0.26009705662727356,0.17711378633975983
893,sustained_new,3,1.2114322185516357,0.9777812361717224,0.4017764925956726,0.26002857089042664,0.17538201808929443
893,sustained_new,4,1.450075626373291,0.9692394733428955,0.4024907946586609,0.25986751914024353,0.17423570156097412
893,sustained_new,5,1.6402477025985718,0.961735725402832,0.40296345949172974,0.25961315631866455,0.17345818877220154
893,sustained_new,6,1.7939611673355103,0.9552584290504456,0.4032658040523529,0.2592724561691284,0.1729322075843811
893,sustained_new,7,1.9200512170791626,0.949672281742096,0.40343812108039856,0.2588551938533783,0.17258810997009277
893,sustained_new,8,2.02506947517395,0.9448179006576538,0.40350541472435,0.25837159156799316,0.17238125205039978
893,shock_recovery,0,0.5155895352363586,0.9956090450286865,0.39895105361938477,0.2600947618484497,0.17988121509552002
893,shock_recovery,1,0.6504949331283569,0.9949669241905212,0.3988174498081207,0.25933578610420227,0.2521200180053711
893,shock_recovery,2,0.8321543335914612,0.9931091666221619,0.3983706831932068,0.25847747921943665,0.2511107921600342
893,shock_recovery,3,1.005956768989563,0.9904575943946838,0.3976711928844452,0.25753799080848694,0.2502724230289459
893,shock_recovery,4,1.1618459224700928,0.9872832298278809,0.3967786729335785,0.25653788447380066,0.2495843768119812
985,stable_old,1,0.3405567705631256,0.9989987015724182,0.21968798339366913,0.27170154452323914,0.26698338985443115
985,stable_old,2,0.6274856328964233,0.9963251352310181,0.21972613036632538,0.27355921268463135,0.2667614221572876
985,stable_old,3,0.8744519352912903,0.9924119114875793,0.21976596117019653,0.27509355545043945,0.26655352115631104
985,stable_old,4,1.090548038482666,0.9876109957695007,0.21981288492679596,0.2763843834400177,0.2663915753364563
985,stable_old,5,1.2819904088974,0.982203483581543,0.21986664831638336,0.2774864733219147,0.2662826180458069
985,stable_old,6,1.4531968832015991,0.9764091372489929,0.219924658536911,0.27843937277793884,0.2662219703197479
985,stable_old,7,1.6074433326721191,0.9703959226608276,0.21998333930969238,0.27927327156066895,0.26619961857795715
985,stable_old,8,1.7472641468048096,0.9642893671989441,0.2200394570827484,0.280011922121048,0.26620426774024963
985,sustained_new,1,0.39549580216407776,0.9977249503135681,0.21944916248321533,0.2694150507450104,0.16794568300247192
985,sustained_new,2,0.7580662965774536,0.9917848110198975,0.219379261136055,0.2694838345050812,0.1705455482006073
985,sustained_new,3,1.0868686437606812,0.9833579063415527,0.21940438449382782,0.26961496472358704,0.17302829027175903
985,sustained_new,4,1.383014440536499,0.9733741879463196,0.21950271725654602,0.26980048418045044,0.1754491627216339
985,sustained_new,5,1.648766040802002,0.9625188112258911,0.21965400874614716,0.2700255513191223,0.17782023549079895
985,sustained_new,6,1.8869850635528564,0.9512689709663391,0.21984119713306427,0.27027541399002075,0.18013247847557068
985,sustained_new,7,2.1007473468780518,0.9399406909942627,0.22005045413970947,0.27053818106651306,0.1823686808347702
985,sustained_new,8,2.293081283569336,0.9287337064743042,0.22027157247066498,0.27080610394477844,0.18451035022735596
985,shock_recovery,0,0.39549580216407776,0.9977249503135681,0.21944916248321533,0.2694150507450104,0.16794568300247192
985,shock_recovery,1,0.6045837998390198,0.9958776831626892,0.21956942975521088,0.27163320779800415,0.26713526248931885
985,shock_recovery,2,0.8381484150886536,0.9924823641777039,0.21965284645557404,0.2734619975090027,0.26695728302001953
985,shock_recovery,3,1.0561720132827759,0.9879454374313354,0.2197224348783493,0.2749978005886078,0.2667893171310425
985,shock_recovery,4,1.2541481256484985,0.9826046824455261,0.21978674829006195,0.2763056755065918,0.26665839552879333
689,stable_old,1,0.3553082346916199,0.9990364909172058,0.1484309881925583,0.40339651703834534,0.2361266314983368
689,stable_old,2,0.6519240736961365,0.9965513348579407,0.14877945184707642,0.40585798025131226,0.23315095901489258
689,stable_old,3,0.9029395580291748,0.9930330514907837,0.1492166370153427,0.40820011496543884,0.2305625081062317
689,stable_old,4,1.117957353591919,0.9888367652893066,0.1496996432542801,0.41035836935043335,0.2283167541027069
689,stable_old,5,1.3042041063308716,0.9842156171798706,0.15019840002059937,0.4122992753982544,0.22637149691581726
689,stable_old,6,1.4672353267669678,0.9793456792831421,0.150692418217659,0.41401219367980957,0.22469009459018707
689,stable_old,7,1.6113923788070679,0.9743463397026062,0.1511680632829666,0.41550153493881226,0.22324156761169434
689,stable_old,8,1.7401103973388672,0.9692972302436829,0.1516169160604477,0.4167812168598175,0.22199970483779907
689,sustained_new,1,1.1096417903900146,0.9779115319252014,0.1502639651298523,0.4143102169036865,0.27894431352615356
689,sustained_new,2,1.948387622833252,0.9346025586128235,0.15230698883533478,0.42444050312042236,0.2798370122909546
689,sustained_new,3,2.575935125350952,0.890561044216156,0.15397439897060394,0.42855972051620483,0.2803850471973419
689,sustained_new,4,3.0461790561676025,0.8525818586349487,0.155392587184906,0.4285297095775604,0.2807193696498871
689,sustained_new,5,3.401601791381836,0.8214803338050842,0.15663184225559235,0.426897794008255,0.28097495436668396
689,sustained_new,6,3.6737048625946045,0.7962735891342163,0.15768682956695557,0.42498940229415894,0.2812114953994751
689,sustained_new,7,3.885167121887207,0.7757178544998169,0.1585492342710495,0.42327243089675903,0.2814434766769409
689,sustained_new,8,4.052125930786133,0.7587461471557617,0.15923048555850983,0.4218626618385315,0.28166908025741577
689,shock_recovery,0,1.1096417903900146,0.9779115319252014,0.1502639651298523,0.4143102169036865,0.27894431352615356
689,shock_recovery,1,1.1226125955581665,0.9800723195075989,0.15032677352428436,0.41608870029449463,0.2341182380914688
689,shock_recovery,2,1.2134311199188232,0.9798664450645447,0.15050926804542542,0.4177551567554474,0.23049521446228027
689,shock_recovery,3,1.3322904109954834,0.9782761931419373,0.15076959133148193,0.419241726398468,0.22773298621177673
689,shock_recovery,4,1.4553608894348145,0.9758387207984924,0.15107721090316772,0.4205246865749359,0.22551366686820984
883,stable_old,1,0.3586285710334778,0.9989761114120483,0.14052844047546387,0.19483694434165955,0.2841082215309143
883,stable_old,2,0.6670733690261841,0.996128499507904,0.1411028951406479,0.19341589510440826,0.2842581272125244
883,stable_old,3,0.9393976926803589,0.9917498826980591,0.1419466882944107,0.1924799531698227,0.2844730615615845
883,stable_old,4,1.184457540512085,0.9861037135124207,0.14297917485237122,0.19195261597633362,0.28472283482551575
883,stable_old,5,1.4078847169876099,0.9794329404830933,0.14412717521190643,0.19176751375198364,0.2849889397621155
883,stable_old,6,1.6133109331130981,0.9719611406326294,0.14532709121704102,0.19186174869537354,0.28525856137275696
883,stable_old,7,1.8031573295593262,0.9638904333114624,0.1465277075767517,0.1921738088130951,0.2855234444141388
883,stable_old,8,1.9789446592330933,0.9554100036621094,0.1477210968732834,0.1926589161157608,0.2857714891433716
883,sustained_new,1,0.5001153349876404,0.996726930141449,0.1430099606513977,0.19381213188171387,0.28446176648139954
883,sustained_new,2,0.9193258881568909,0.9891478419303894,0.14610165357589722,0.192258819937706,0.284723699092865
883,sustained_new,3,1.2744884490966797,0.9793797731399536,0.14931939542293549,0.1917429268360138,0.2849963307380676
883,sustained_new,4,1.576936960220337,0.9686446785926819,0.1523786336183548,0.1918715387582779,0.2852623164653778
883,sustained_new,5,1.835239052772522,0.9576912522315979,0.1550869345664978,0.1923370510339737,0.2855113744735718
883,sustained_new,6,2.056410312652588,0.9469712376594543,0.15736638009548187,0.1929292529821396,0.2857379615306854
883,sustained_new,7,2.246431827545166,0.9367380142211914,0.1592247486114502,0.193523570895195,0.285940557718277
883,sustained_new,8,2.4104714393615723,0.9271097779273987,0.160714790225029,0.19405825436115265,0.2861204147338867
883,shock_recovery,0,0.5001153349876404,0.996726930141449,0.1430099606513977,0.19381213188171387,0.28446176648139954
883,shock_recovery,1,0.7347463965415955,0.9942840337753296,0.14350338280200958,0.19275596737861633,0.2842852771282196
883,shock_recovery,2,0.9809859991073608,0.990190327167511,0.14424799382686615,0.1921088993549347,0.28449565172195435
883,shock_recovery,3,1.2137082815170288,0.9847675561904907,0.1451576054096222,0.19180457293987274,0.2847479581832886
883,shock_recovery,4,1.4298115968704224,0.9782918691635132,0.1461590677499771,0.19178520143032074,0.28501707315444946
289,stable_old,1,0.339101642370224,0.9990220069885254,0.24237561225891113,0.28415974974632263,0.28505778312683105
289,stable_old,2,0.624858021736145,0.9964033365249634,0.24185965955257416,0.28386953473091125,0.2844151258468628
289,stable_old,3,0.8707790374755859,0.992560625076294,0.2414311021566391,0.2836352288722992,0.283850759267807
289,stable_old,4,1.0860798358917236,0.987829864025116,0.24108028411865234,0.2834472060203552,0.2833581268787384
289,stable_old,5,1.2772762775421143,0.9824720621109009,0.2407950609922409,0.28329581022262573,0.28292903304100037
289,stable_old,6,1.4491376876831055,0.9766821265220642,0.24056367576122284,0.2831726670265198,0.28255531191825867
289,stable_old,7,1.6052603721618652,0.9706027507781982,0.2403755486011505,0.2830713987350464,0.28222915530204773
289,stable_old,8,1.7484244108200073,0.9643352627754211,0.24022172391414642,0.2829866111278534,0.28194376826286316
289,sustained_new,1,1.0298237800598145,0.9826679229736328,0.2399769276380539,0.28368598222732544,0.2819424271583557
289,sustained_new,2,1.819464087486267,0.9475432634353638,0.2379031926393509,0.28317809104919434,0.28161388635635376
289,sustained_new,3,2.4212725162506104,0.9101110100746155,0.23645831644535065,0.28284475207328796,0.2814841866493225
289,sustained_new,4,2.881894588470459,0.8761932849884033,0.23546050488948822,0.282625287771225,0.28148335218429565
289,sustained_new,5,3.2394096851348877,0.8469322323799133,0.2347950041294098,0.2824912369251251,0.28156474232673645
289,sustained_new,6,3.5233075618743896,0.8217536211013794,0.2343781441450119,0.2824229300022125,0.28169894218444824
289,sustained_new,7,3.7556118965148926,0.7996596693992615,0.23414434492588043,0.28240323066711426,0.2818675637245178
289,sustained_new,8,3.9522886276245117,0.7797088623046875,0.23404234647750854,0.28241726756095886,0.2820591926574707
289,shock_recovery,0,1.0298237800598145,0.9826679229736328,0.2399769276380539,0.28368598222732544,0.2819424271583557
289,shock_recovery,1,0.9380176663398743,0.9871757626533508,0.24026085436344147,0.2836274206638336,0.2847916781902313
289,shock_recovery,2,1.0012696981430054,0.9872226119041443,0.24038009345531464,0.2835330665111542,0.2842102348804474
289,shock_recovery,3,1.1361618041992188,0.9847239255905151,0.24040833115577698,0.2834305763244629,0.28370705246925354
289,shock_recovery,4,1.2923420667648315,0.9806974530220032,0.2403881698846817,0.28333210945129395,0.283271461725235
365,stable_old,1,0.2999797761440277,0.9995653629302979,0.29340070486068726,0.21493855118751526,0.2576277256011963
365,stable_old,2,0.5402462482452393,0.9984066486358643,0.29402869939804077,0.21467137336730957,0.2563782036304474
365,stable_old,3,0.7367541193962097,0.9967139959335327,0.2947708070278168,0.21449612081050873,0.25539693236351013
365,stable_old,4,0.9006028771400452,0.9946421384811401,0.29555895924568176,0.2143913358449936,0.2546418309211731
365,stable_old,5,1.0396015644073486,0.9923142194747925,0.2963500916957855,0.2143399566411972,0.2540741562843323
365,stable_old,6,1.1593199968338013,0.989825427532196,0.2971177399158478,0.21432878077030182,0.2536593973636627
365,stable_old,7,1.2637889385223389,0.9872490763664246,0.29784610867500305,0.2143479734659195,0.2533678412437439
365,stable_old,8,1.355970025062561,0.9846400022506714,0.2985268831253052,0.2143903523683548,0.2531741261482239
365,sustained_new,1,0.6173142790794373,0.9946132898330688,0.29949820041656494,0.21849945187568665,0.28949445486068726
365,sustained_new,2,1.1093058586120605,0.9832248687744141,0.30635160207748413,0.22191882133483887,0.2892345190048218
365,sustained_new,3,1.506760835647583,0.9697670936584473,0.31313449144363403,0.2254180908203125,0.2890174984931946
365,sustained_new,4,1.832669973373413,0.9559102058410645,0.3195718228816986,0.22879330813884735,0.2888367176055908
365,sustained_new,5,2.1038758754730225,0.94236820936203,0.32549530267715454,0.23189735412597656,0.28868618607521057
365,sustained_new,6,2.3326478004455566,0.9294452667236328,0.3308161199092865,0.23465357720851898,0.28855979442596436
365,sustained_new,7,2.5279593467712402,0.9172648191452026,0.3355037271976471,0.23703989386558533,0.2884519100189209
365,sustained_new,8,2.6964473724365234,0.9058665633201599,0.3395693302154541,0.23906828463077545,0.2883577346801758
365,shock_recovery,0,0.6173142790794373,0.9946132898330688,0.29949820041656494,0.21849945187568665,0.28949445486068726
365,shock_recovery,1,0.7117137908935547,0.994753360748291,0.30019691586494446,0.2181853950023651,0.2558578848838806
365,shock_recovery,2,0.8428276777267456,0.9938487410545349,0.3008626401424408,0.21794860064983368,0.255113422870636
365,shock_recovery,3,0.9742714166641235,0.9922807216644287,0.3014829158782959,0.2177657186985016,0.2544841170310974
365,shock_recovery,4,1.0955268144607544,0.9902902841567993,0.30205097794532776,0.21762144565582275,0.25398123264312744
643,stable_old,1,0.3722371459007263,0.99895179271698,0.1980302780866623,0.3544931709766388,0.1229541078209877
643,stable_old,2,0.7029009461402893,0.996004045009613,0.19651152193546295,0.35400378704071045,0.12442784011363983
643,stable_old,3,0.9974647760391235,0.9914840459823608,0.19536642730236053,0.35291555523872375,0.1254914551973343
643,stable_old,4,1.2604528665542603,0.9857299327850342,0.19452771544456482,0.3514356315135956,0.1262078434228897
643,stable_old,5,1.495664119720459,0.9790647625923157,0.19394205510616302,0.3497295677661896,0.12663793563842773
643,stable_old,6,1.7063450813293457,0.9717777371406555,0.19356496632099152,0.3479207158088684,0.12683847546577454
643,stable_old,7,1.8953157663345337,0.964114248752594,0.19335824251174927,0.34609517455101013,0.1268603503704071
643,stable_old,8,2.065056324005127,0.9562748670578003,0.1932888776063919,0.3443092405796051,0.12674739956855774
643,sustained_new,1,0.5732953548431396,0.9879732728004456,0.20096434652805328,0.3579903841018677,0.07916592061519623
643,sustained_new,2,1.0632939338684082,0.9613950252532959,0.20173139870166779,0.36213624477386475,0.08180031925439835
643,sustained_new,3,1.481813669204712,0.9305348992347717,0.20233231782913208,0.36621734499931335,0.08345051109790802
643,sustained_new,4,1.8408007621765137,0.9004555344581604,0.20281201601028442,0.3700040280818939,0.08461399376392365
643,sustained_new,5,2.150023937225342,0.8730786442756653,0.20321324467658997,0.3733925223350525,0.08552604913711548
643,sustained_new,6,2.4172074794769287,0.8488653302192688,0.20356868207454681,0.3763637840747833,0.0862916111946106
643,sustained_new,7,2.6485445499420166,0.827691376209259,0.20390062034130096,0.37894517183303833,0.08695600926876068
643,sustained_new,8,2.849123954772949,0.8092396855354309,0.20422257483005524,0.3811832070350647,0.08753898739814758
643,shock_recovery,0,0.5732953548431396,0.9879732728004456,0.20096434652805328,0.3579903841018677,0.07916592061519623
643,shock_recovery,1,0.6904335021972656,0.989058256149292,0.1989058554172516,0.35757914185523987,0.12493770569562912
643,shock_recovery,2,0.9121225476264954,0.9873687624931335,0.19735795259475708,0.3565499484539032,0.12503832578659058
643,shock_recovery,3,1.1504477262496948,0.9837253093719482,0.19619876146316528,0.35508137941360474,0.12547428905963898
643,shock_recovery,4,1.3791751861572266,0.9786560535430908,0.1953483521938324,0.35332801938056946,0.12591254711151123
107,stable_old,1,0.3518527150154114,0.9990828633308411,0.42916786670684814,0.30737289786338806,0.1855696737766266
107,stable_old,2,0.6519230008125305,0.9966139197349548,0.426077276468277,0.30501705408096313,0.18236345052719116
107,stable_old,3,0.9115905165672302,0.9929760098457336,0.4233977198600769,0.3030776381492615,0.17965614795684814
107,stable_old,4,1.138509750366211,0.9885050654411316,0.4211330711841583,0.30150917172431946,0.177362322807312
107,stable_old,5,1.3379815816879272,0.9834920167922974,0.41926220059394836,0.3002628684043884,0.17540787160396576
107,stable_old,6,1.513851284980774,0.9781807661056519,0.41774699091911316,0.29928919672966003,0.17373040318489075
107,stable_old,7,1.66907799243927,0.9727689027786255,0.41654133796691895,0.298540860414505,0.17227822542190552
107,stable_old,8,1.8060741424560547,0.9674088954925537,0.4155973792076111,0.2979748547077179,0.17100857198238373
107,sustained_new,1,0.644636869430542,0.992814302444458,0.42778173089027405,0.303514301776886,0.23840457201004028
107,sustained_new,2,1.173059344291687,0.9776158928871155,0.4237389862537384,0.2983142137527466,0.2391549050807953
107,sustained_new,3,1.6121079921722412,0.9595965147018433,0.42052221298217773,0.29434439539909363,0.23951396346092224
107,sustained_new,4,1.9824963808059692,0.9408277273178101,0.4180585741996765,0.2913723289966583,0.23957295715808868
107,sustained_new,5,2.2997748851776123,0.9221048355102539,0.41623884439468384,0.28919029235839844,0.23941248655319214
107,sustained_new,6,2.5753531455993652,0.9037409424781799,0.4149492681026459,0.2876240909099579,0.23909369111061096
107,sustained_new,7,2.817492961883545,0.8858819603919983,0.4140865206718445,0.28653329610824585,0.23866206407546997
107,sustained_new,8,3.0321638584136963,0.8686221837997437,0.41356155276298523,0.28580647706985474,0.2381518930196762
107,shock_recovery,0,0.644636869430542,0.992814302444458,0.42778173089027405,0.303514301776886,0.23840457201004028
107,shock_recovery,1,0.8334051370620728,0.99099200963974,0.42496156692504883,0.3016427755355835,0.18536125123500824
107,shock_recovery,2,1.0465611219406128,0.987772524356842,0.42248326539993286,0.3000780940055847,0.1825953871011734
107,shock_recovery,3,1.25028395652771,0.9835829138755798,0.4203721284866333,0.29881373047828674,0.18012070655822754
107,shock_recovery,4,1.4361821413040161,0.9787759780883789,0.4186217188835144,0.29782354831695557,0.17794959247112274
656,stable_old,1,0.4036879539489746,0.9983858466148376,0.2213788628578186,0.34928926825523376,0.2606145739555359
656,stable_old,2,0.7512010931968689,0.994177520275116,0.22071874141693115,0.34981754422187805,0.257637619972229
656,stable_old,3,1.0544408559799194,0.9881386756896973,0.22022879123687744,0.3496023714542389,0.25505560636520386
656,stable_old,4,1.3220820426940918,0.9808335900306702,0.21985924243927002,0.34901291131973267,0.2528921365737915
656,stable_old,5,1.5605700016021729,0.9726811051368713,0.2195747047662735,0.34825316071510315,0.2511434257030487
656,stable_old,6,1.774794101715088,0.9639918208122253,0.21934951841831207,0.3474349081516266,0.24978595972061157
656,stable_old,7,1.968540906906128,0.954995334148407,0.21916554868221283,0.3466183543205261,0.24878424406051636
656,stable_old,8,2.1448020935058594,0.9458606243133545,0.2190096229314804,0.34583452343940735,0.24809689819812775
656,sustained_new,1,1.2564345598220825,0.9725314974784851,0.22131173312664032,0.3426104187965393,0.2547324597835541
656,sustained_new,2,2.2623884677886963,0.911560595035553,0.22013385593891144,0.3286292850971222,0.2585357129573822
656,sustained_new,3,3.0656750202178955,0.8423070907592773,0.21888042986392975,0.3062015771865845,0.26128000020980835
656,sustained_new,4,3.7107717990875244,0.776587724685669,0.21853448450565338,0.2798854112625122,0.26334699988365173
656,sustained_new,5,4.233633041381836,0.7178667187690735,0.21973057091236115,0.2546199858188629,0.2649272382259369
656,sustained_new,6,4.661858558654785,0.6662831902503967,0.2221723198890686,0.23339316248893738,0.26615673303604126
656,sustained_new,7,5.016550540924072,0.6209641098976135,0.225315123796463,0.21689392626285553,0.26717227697372437
656,sustained_new,8,5.314225196838379,0.5808142423629761,0.22884638607501984,0.20447944104671478,0.2681295573711395
656,shock_recovery,0,1.2564345598220825,0.9725314974784851,0.22131173312664032,0.3426104187965393,0.2547324597835541
656,shock_recovery,1,1.1053466796875,0.980111300945282,0.2217612862586975,0.34661442041397095,0.2668273150920868
656,shock_recovery,2,1.1123082637786865,0.9824076294898987,0.22204841673374176,0.3483913540840149,0.2637399733066559
656,shock_recovery,3,1.2096436023712158,0.981564998626709,0.22222177684307098,0.348869264125824,0.260998010635376
656,shock_recovery,4,1.345299243927002,0.9787503480911255,0.22231321036815643,0.3486239016056061,0.25861480832099915
917,stable_old,1,0.3436903655529022,0.9992214441299438,0.247601717710495,0.3083574175834656,0.2271556258201599
917,stable_old,2,0.6308145523071289,0.9971556067466736,0.24627673625946045,0.3053496479988098,0.2245321422815323
917,stable_old,3,0.873553454875946,0.9941700100898743,0.24523364007472992,0.30275970697402954,0.2223871648311615
917,stable_old,4,1.080561876296997,0.9905728101730347,0.24439899623394012,0.30055519938468933,0.22065585851669312
917,stable_old,5,1.2582379579544067,0.986611545085907,0.24371874332427979,0.29869377613067627,0.21926917135715485
917,stable_old,6,1.4114967584609985,0.9824765920639038,0.24315273761749268,0.29713085293769836,0.2181621938943863
917,stable_old,7,1.544243574142456,0.9783082008361816,0.24267107248306274,0.29582348465919495,0.21727818250656128
917,stable_old,8,1.6596627235412598,0.9742053747177124,0.24225139617919922,0.29473257064819336,0.2165694534778595
917,sustained_new,1,0.6275525093078613,0.9940621256828308,0.24757663905620575,0.3136870563030243,0.2448974847793579
917,sustained_new,2,1.1410622596740723,0.9810996055603027,0.24654710292816162,0.3151509165763855,0.24413621425628662
917,sustained_new,3,1.5641517639160156,0.9653720855712891,0.2460547685623169,0.31638023257255554,0.24363073706626892
917,sustained_new,4,1.9163299798965454,0.948852002620697,0.24599894881248474,0.3174925148487091,0.24342674016952515
917,sustained_new,5,2.212970495223999,0.9324419498443604,0.24631300568580627,0.3185509741306305,0.2435082495212555
917,sustained_new,6,2.4658620357513428,0.9165510535240173,0.24694393575191498,0.31958556175231934,0.24383223056793213
917,sustained_new,7,2.6839072704315186,0.9013614058494568,0.24784231185913086,0.3206106424331665,0.24434614181518555
917,sustained_new,8,2.8737857341766357,0.8869519829750061,0.248958557844162,0.3216375708580017,0.24499765038490295
917,shock_recovery,0,0.6275525093078613,0.9940621256828308,0.24757663905620575,0.3136870563030243,0.2448974847793579
917,shock_recovery,1,0.7424742579460144,0.9942288994789124,0.24629172682762146,0.3102797567844391,0.2275540828704834
917,shock_recovery,2,0.9074782133102417,0.9928509593009949,0.2452888786792755,0.3072681427001953,0.2250242829322815
917,shock_recovery,3,1.075522541999817,0.9904411435127258,0.2444918155670166,0.3046318292617798,0.22298303246498108
917,shock_recovery,4,1.231932282447815,0.9873661994934082,0.2438458949327469,0.3023412823677063,0.22133834660053253
235,stable_old,1,0.368582159280777,0.9987784624099731,0.336650013923645,0.23654131591320038,0.27238184213638306
235,stable_old,2,0.6762024760246277,0.9956767559051514,0.33690908551216125,0.23509596288204193,0.27262312173843384
235,stable_old,3,0.9353395700454712,0.9913824796676636,0.33708223700523376,0.23410552740097046,0.2728044390678406
235,stable_old,4,1.155318260192871,0.9863970279693604,0.3371809720993042,0.2334400862455368,0.2729397118091583
235,stable_old,5,1.3433125019073486,0.9810763597488403,0.33722081780433655,0.23300668597221375,0.27304038405418396
235,stable_old,6,1.5049513578414917,0.9756651520729065,0.3372168242931366,0.2327386885881424,0.27311575412750244
235,stable_old,7,1.6447149515151978,0.9703259468078613,0.3371818959712982,0.23258818686008453,0.27317315340042114
235,stable_old,8,1.7662054300308228,0.9651632308959961,0.3371262550354004,0.23252014815807343,0.2732185125350952
235,sustained_new,1,1.0228029489517212,0.9829889535903931,0.33950215578079224,0.2409399300813675,0.2740406095981598
235,sustained_new,2,1.848542332649231,0.9461791515350342,0.34066203236579895,0.24619175493717194,0.2741395831108093
235,sustained_new,3,2.517910957336426,0.9030938148498535,0.34104758501052856,0.253711998462677,0.27374544739723206
235,sustained_new,4,3.062964916229248,0.8601362705230713,0.34158608317375183,0.26274654269218445,0.27301183342933655
235,sustained_new,5,3.5085957050323486,0.8200559020042419,0.3423859775066376,0.27237439155578613,0.27206850051879883
235,sustained_new,6,3.8734238147735596,0.7839774489402771,0.3430340588092804,0.28148794174194336,0.2710210680961609
235,sustained_new,7,4.169777870178223,0.752524733543396,0.3432181775569916,0.2891089618206024,0.26994097232818604
235,sustained_new,8,4.41016149520874,0.7255555987358093,0.34295251965522766,0.29495757818222046,0.26891782879829407
235,shock_recovery,0,1.0228029489517212,0.9829889535903931,0.33950215578079224,0.2409399300813675,0.2740406095981598
235,shock_recovery,1,1.00315523147583,0.9856159090995789,0.33891913294792175,0.23930545151233673,0.2715824842453003
235,shock_recovery,2,1.0940320491790771,0.9849813580513,0.33850839734077454,0.23810993134975433,0.2718220353126526
235,shock_recovery,3,1.2284570932388306,0.9824566841125488,0.3381926119327545,0.23724274337291718,0.27200761437416077
235,shock_recovery,4,1.3709880113601685,0.9788529872894287,0.33793216943740845,0.23661752045154572,0.2721581757068634
462,stable_old,1,0.19818009436130524,0.9999469518661499,0.2589099705219269,0.25911808013916016,0.03430447354912758
462,stable_old,2,0.3903055489063263,0.9997991323471069,0.2592054307460785,0.2588389813899994,0.03442005813121796
462,stable_old,3,0.576306939125061,0.999571681022644,0.25952669978141785,0.2586730420589447,0.034534186124801636
462,stable_old,4,0.7561466693878174,0.9992756843566895,0.2598610818386078,0.2586044669151306,0.034646518528461456
462,stable_old,5,0.9298192858695984,0.9989210367202759,0.26019755005836487,0.2586177587509155,0.034756843000650406
462,stable_old,6,1.0973494052886963,0.9985143542289734,0.2605266869068146,0.25869807600975037,0.03486502915620804
462,stable_old,7,1.258788824081421,0.998060941696167,0.2608407139778137,0.25883156061172485,0.03497098758816719
462,stable_old,8,1.4142146110534668,0.997564971446991,0.2611331343650818,0.25900551676750183,0.035074662417173386
462,sustained_new,1,0.8501079678535461,0.9298200607299805,0.25468361377716064,0.26846814155578613,0.10826840251684189
462,sustained_new,2,1.6030126810073853,0.8542392253875732,0.25094059109687805,0.27618759870529175,0.11631730943918228
462,sustained_new,3,2.2517454624176025,0.8026765584945679,0.24758878350257874,0.28260213136672974,0.1240677610039711
462,sustained_new,4,2.804367780685425,0.765936553478241,0.24478551745414734,0.2879919111728668,0.1316118836402893
462,sustained_new,5,3.2733123302459717,0.737553596496582,0.24262376129627228,0.2926020920276642,0.13882264494895935
462,sustained_new,6,3.6708333492279053,0.714108407497406,0.24110615253448486,0.29660120606422424,0.14554229378700256
462,sustained_new,7,4.007583141326904,0.6938381791114807,0.24016351997852325,0.3000980615615845,0.15164096653461456
462,sustained_new,8,4.2924885749816895,0.6758350729942322,0.2396903783082962,0.30316048860549927,0.1570369005203247
462,shock_recovery,0,0.8501079678535461,0.9298200607299805,0.25468361377716064,0.26846814155578613,0.10826840251684189
462,shock_recovery,1,0.9637909531593323,0.9405121803283691,0.2549957036972046,0.268261581659317,0.034639522433280945
462,shock_recovery,2,1.0900236368179321,0.9486558437347412,0.25531721115112305,0.26813429594039917,0.03474006801843643
462,shock_recovery,3,1.22247314453125,0.9549733996391296,0.25564074516296387,0.26807552576065063,0.034851282835006714
462,shock_recovery,4,1.3572031259536743,0.959944486618042,0.2559586763381958,0.2680741250514984,0.03496693819761276
96,stable_old,1,0.36772772669792175,0.9991335272789001,0.25399884581565857,0.39046305418014526,0.23459050059318542
96,stable_old,2,0.6779443621635437,0.9966739416122437,0.2546912729740143,0.39369943737983704,0.23726937174797058
96,stable_old,3,0.9454384446144104,0.9928447008132935,0.255458801984787,0.3961525559425354,0.239529550075531
96,stable_old,4,1.1806546449661255,0.9878695011138916,0.25629591941833496,0.39813563227653503,0.2414419800043106
96,stable_old,5,1.3909902572631836,0.9819562435150146,0.2572088837623596,0.3998596668243408,0.24307680130004883
96,stable_old,6,1.5817357301712036,0.9752890467643738,0.25821051001548767,0.4014543294906616,0.2444976568222046
96,stable_old,7,1.7567265033721924,0.968024730682373,0.2593149244785309,0.40298405289649963,0.24575796723365784
96,stable_old,8,1.9187839031219482,0.9602946043014526,0.26053398847579956,0.40446481108665466,0.24689963459968567
96,sustained_new,1,1.4088894128799438,0.9615486860275269,0.2606770992279053,0.3925376832485199,0.28588855266571045
96,sustained_new,2,2.4915997982025146,0.8845618963241577,0.26777538657188416,0.39447030425071716,0.2857367694377899
96,sustained_new,3,3.327667713165283,0.8043951392173767,0.2743304669857025,0.3937511444091797,0.2855198383331299
96,sustained_new,4,3.9795408248901367,0.7326781749725342,0.2804972231388092,0.39182162284851074,0.2852839231491089
96,sustained_new,5,4.492722034454346,0.6713284850120544,0.2864205539226532,0.3895130753517151,0.2850465774536133
96,sustained_new,6,4.8997063636779785,0.6196069121360779,0.2919974625110626,0.3871487081050873,0.28482136130332947
96,sustained_new,7,5.224173069000244,0.5762630105018616,0.29703307151794434,0.38477635383605957,0.28461599349975586
96,sustained_new,8,5.484065055847168,0.5400254130363464,0.3014208972454071,0.3823970854282379,0.28443220257759094
96,shock_recovery,0,1.4088894128799438,0.9615486860275269,0.2606770992279053,0.3925376832485199,0.28588855266571045
96,shock_recovery,1,1.3876360654830933,0.9664291739463806,0.2605075538158417,0.3961103558540344,0.2419222891330719
96,shock_recovery,2,1.4794182777404785,0.9665161371231079,0.26053398847579956,0.3986104428768158,0.24402698874473572
96,shock_recovery,3,1.6195038557052612,0.9637574553489685,0.2607523798942566,0.4004595875740051,0.24581456184387207
96,shock_recovery,4,1.7735099792480469,0.9591962695121765,0.2611585259437561,0.4019530415534973,0.24730336666107178
714,stable_old,1,0.31639358401298523,0.9994010329246521,0.3004566729068756,0.323969304561615,0.27933362126350403
714,stable_old,2,0.5652503967285156,0.9979323148727417,0.3009163737297058,0.32402294874191284,0.27976372838020325
714,stable_old,3,0.7638117074966431,0.9959586262702942,0.30127859115600586,0.3239964246749878,0.2800835967063904
714,stable_old,4,0.9245917797088623,0.9937176704406738,0.30158957839012146,0.32393309473991394,0.2803223729133606
714,stable_old,5,1.0567123889923096,0.9913630485534668,0.3018731474876404,0.3238566815853119,0.2805016338825226
714,stable_old,6,1.1668566465377808,0.9889920353889465,0.3021411895751953,0.3237798810005188,0.28063711524009705
714,stable_old,7,1.25994873046875,0.9866650700569153,0.30239948630332947,0.32370883226394653,0.28074026107788086
714,stable_old,8,1.3396432399749756,0.9844174385070801,0.3026503920555115,0.3236461877822876,0.2808194160461426
714,sustained_new,1,1.4613666534423828,0.9645113348960876,0.29124554991722107,0.31837284564971924,0.2767099440097809
714,sustained_new,2,2.5183968544006348,0.8940439224243164,0.2836480438709259,0.3131031394004822,0.2757354974746704
714,sustained_new,3,3.3128843307495117,0.8209007978439331,0.27553436160087585,0.3084309697151184,0.27434104681015015
714,sustained_new,4,3.928617000579834,0.755174994468689,0.2672922611236572,0.3046581745147705,0.2728622555732727
714,sustained_new,5,4.417232513427734,0.6982679963111877,0.25994551181793213,0.30199795961380005,0.2715000510215759
714,sustained_new,6,4.813209056854248,0.6491108536720276,0.2540426254272461,0.3002702295780182,0.2702701985836029
714,sustained_new,7,5.140369892120361,0.606253981590271,0.2496454119682312,0.29913440346717834,0.2691497802734375
714,sustained_new,8,5.415276050567627,0.5684670805931091,0.24653588235378265,0.29832759499549866,0.2681325674057007
714,shock_recovery,0,1.4613666534423828,0.9645113348960876,0.29124554991722107,0.31837284564971924,0.2767099440097809
714,shock_recovery,1,1.1998320817947388,0.9769328236579895,0.294014573097229,0.3202558755874634,0.27877533435821533
714,shock_recovery,2,1.0840058326721191,0.9831522703170776,0.29585570096969604,0.32157179713249207,0.2790481746196747
714,shock_recovery,3,1.0624366998672485,0.9861144423484802,0.29718127846717834,0.3224835991859436,0.27929985523223877
714,shock_recovery,4,1.0909733772277832,0.9872559309005737,0.29820147156715393,0.3231051564216614,0.2795255184173584
312,stable_old,1,0.3988366723060608,0.9982324838638306,0.4383676052093506,0.3325468897819519,0.2869560718536377
312,stable_old,2,0.7711854577064514,0.992935299873352,0.44063490629196167,0.33223792910575867,0.2866652011871338
312,stable_old,3,1.125970721244812,0.9842467904090881,0.44271770119667053,0.33180394768714905,0.28638672828674316
312,stable_old,4,1.4651085138320923,0.9725223183631897,0.44461697340011597,0.3313029408454895,0.2861194312572479
312,stable_old,5,1.7870469093322754,0.9583207368850708,0.4463281035423279,0.3307868540287018,0.2858644127845764
312,stable_old,6,2.0891220569610596,0.9423332214355469,0.44785255193710327,0.3302958905696869,0.2856236398220062
312,stable_old,7,2.368903636932373,0.925291121006012,0.4491996765136719,0.3298572301864624,0.2853991687297821
312,stable_old,8,2.6248037815093994,0.907879650592804,0.4503852427005768,0.3294864594936371,0.28519248962402344
312,sustained_new,1,0.6270373463630676,0.993552029132843,0.4384382665157318,0.33076342940330505,0.08305446803569794
312,sustained_new,2,1.1535724401474,0.9782385230064392,0.43995076417922974,0.3284513056278229,0.0848105400800705
312,sustained_new,3,1.5986204147338867,0.9587279558181763,0.4406154453754425,0.32586684823036194,0.08709879964590073
312,sustained_new,4,1.9766590595245361,0.9379872679710388,0.4405823051929474,0.3231620192527771,0.08959701657295227
312,sustained_new,5,2.299624443054199,0.91766357421875,0.4399995803833008,0.32048192620277405,0.09210634231567383
312,sustained_new,6,2.5775434970855713,0.8985311985015869,0.43902409076690674,0.31794360280036926,0.09449732303619385
312,sustained_new,7,2.8187897205352783,0.8808500170707703,0.43781107664108276,0.315625935792923,0.09668932855129242
312,sustained_new,8,3.0302541255950928,0.8646103143692017,0.4364970028400421,0.3135700225830078,0.09863899648189545
312,shock_recovery,0,0.6270373463630676,0.993552029132843,0.4384382665157318,0.33076342940330505,0.08305446803569794
312,shock_recovery,1,0.665737509727478,0.9935747385025024,0.43975454568862915,0.33129939436912537,0.2868325710296631
312,shock_recovery,2,0.9165863394737244,0.9889340400695801,0.4412592351436615,0.33140525221824646,0.286542683839798
312,shock_recovery,3,1.227234125137329,0.9804328083992004,0.4428468942642212,0.33124375343322754,0.2862628698348999
312,shock_recovery,4,1.5454338788986206,0.9687456488609314,0.44442692399024963,0.3309299945831299,0.2859961688518524
486,stable_old,1,0.3481435179710388,0.9990134835243225,0.39302483201026917,0.24507352709770203,0.2902625799179077
486,stable_old,2,0.6394262909889221,0.9964015483856201,0.3936867117881775,0.24583174288272858,0.29011741280555725
486,stable_old,3,0.8886839747428894,0.9925932884216309,0.3942749500274658,0.24654372036457062,0.2899930775165558
486,stable_old,4,1.106104850769043,0.9879158139228821,0.39477425813674927,0.24719592928886414,0.28988540172576904
486,stable_old,5,1.29880690574646,0.9826178550720215,0.39517781138420105,0.2477816492319107,0.28979140520095825
486,stable_old,6,1.4718655347824097,0.9768869280815125,0.3954870104789734,0.2483002245426178,0.2897089123725891
486,stable_old,7,1.6289780139923096,0.9708644151687622,0.39570942521095276,0.24875569343566895,0.2896364629268646
486,stable_old,8,1.7728936672210693,0.9646555781364441,0.3958568871021271,0.24915443360805511,0.2895730435848236
486,sustained_new,1,0.8622198104858398,0.988235354423523,0.39293479919433594,0.24205967783927917,0.2905784547328949
486,sustained_new,2,1.5106638669967651,0.9652126431465149,0.3933406174182892,0.24125918745994568,0.2903117537498474
486,sustained_new,3,2.0052244663238525,0.9407089948654175,0.3933956027030945,0.24097251892089844,0.29010409116744995
486,sustained_new,4,2.3873138427734375,0.9181532859802246,0.3931654393672943,0.2409144788980484,0.2899409532546997
486,sustained_new,5,2.686452865600586,0.8984076976776123,0.39274862408638,0.24097758531570435,0.28980955481529236
486,sustained_new,6,2.9240596294403076,0.8813962340354919,0.39222586154937744,0.24111057817935944,0.28970086574554443
486,sustained_new,7,3.1157779693603516,0.8667537569999695,0.39165350794792175,0.2412836104631424,0.289608895778656
486,sustained_new,8,3.2730395793914795,0.8540731072425842,0.39106935262680054,0.24147740006446838,0.2895299196243286
486,shock_recovery,0,0.8622198104858398,0.988235354423523,0.39293479919433594,0.24205967783927917,0.2905784547328949
486,shock_recovery,1,0.8625393509864807,0.9899603128433228,0.3931405544281006,0.2433023452758789,0.2899499535560608
486,shock_recovery,2,0.9895117878913879,0.9884356260299683,0.39343276619911194,0.2444496601819992,0.2898654043674469
486,shock_recovery,3,1.1575844287872314,0.9850250482559204,0.393759548664093,0.24548396468162537,0.2897869050502777
486,shock_recovery,4,1.329566478729248,0.9804666638374329,0.39407631754875183,0.24639658629894257,0.28971558809280396
995,stable_old,1,0.4690331816673279,0.9976339340209961,0.09867188334465027,0.20028512179851532,0.2639790177345276
995,stable_old,2,0.8658139705657959,0.9918193817138672,0.10041686147451401,0.20227013528347015,0.265555202960968
995,stable_old,3,1.1995817422866821,0.9840972423553467,0.10160226374864578,0.20378105342388153,0.2667827308177948
995,stable_old,4,1.4792271852493286,0.9755443930625916,0.10237865895032883,0.2049301415681839,0.26772716641426086
995,stable_old,5,1.71287202835083,0.9668723344802856,0.10286279767751694,0.20580269396305084,0.26844820380210876
995,stable_old,6,1.9077078104019165,0.9585243463516235,0.10313938558101654,0.20646347105503082,0.268995076417923
995,stable_old,7,2.0699880123138428,0.9507551789283752,0.10326898097991943,0.20696240663528442,0.26940664649009705
995,stable_old,8,2.205087423324585,0.9436901807785034,0.1032949686050415,0.2073383927345276,0.26971322298049927
995,sustained_new,1,0.7138308882713318,0.992260754108429,0.10398703068494797,0.20181581377983093,0.27514123916625977
995,sustained_new,2,1.2611353397369385,0.9769880771636963,0.1118115484714508,0.2061741054058075,0.2767232656478882
995,sustained_new,3,1.6851396560668945,0.9604006409645081,0.11860137432813644,0.21022364497184753,0.2779812812805176
995,sustained_new,4,2.018211841583252,0.9447058439254761,0.12412077933549881,0.21383324265480042,0.2789784073829651
995,sustained_new,5,2.2843406200408936,0.9304968118667603,0.12844865024089813,0.21696563065052032,0.2797715663909912
995,sustained_new,6,2.5009732246398926,0.9177772402763367,0.13175031542778015,0.21961893141269684,0.2804045081138611
995,sustained_new,7,2.6805789470672607,0.9063774347305298,0.13420726358890533,0.22182071208953857,0.28091126680374146
995,sustained_new,8,2.8319990634918213,0.8961058855056763,0.13599157333374023,0.2236195057630539,0.28131863474845886
995,shock_recovery,0,0.7138308882713318,0.992260754108429,0.10398703068494797,0.20181581377983093,0.27514123916625977
995,shock_recovery,1,0.9195314645767212,0.9893874526023865,0.10629977285861969,0.20493295788764954,0.26600900292396545
995,shock_recovery,2,1.2013798952102661,0.9830655455589294,0.10710375756025314,0.2066427767276764,0.2672026753425598
995,shock_recovery,3,1.4715040922164917,0.9750140309333801,0.10717786848545074,0.20758897066116333,0.2681328058242798
995,shock_recovery,4,1.7088193893432617,0.9663607478141785,0.1069064736366272,0.20810747146606445,0.26883816719055176
237,stable_old,1,0.42048805952072144,0.9981122016906738,0.21738314628601074,0.42858102917671204,0.2788451313972473
237,stable_old,2,0.8006370663642883,0.9927805662155151,0.2175321727991104,0.4296395480632782,0.27828848361968994
237,stable_old,3,1.1489739418029785,0.9845390319824219,0.21759554743766785,0.4302789270877838,0.2776993215084076
237,stable_old,4,1.470170497894287,0.973945677280426,0.21758919954299927,0.43063196539878845,0.27708524465560913
237,stable_old,5,1.7668331861495972,0.9615542888641357,0.21753065288066864,0.4308010935783386,0.27645373344421387
237,stable_old,6,2.040513277053833,0.9478911757469177,0.21743875741958618,0.4308638572692871,0.2758124768733978
237,stable_old,7,2.2922635078430176,0.9334388971328735,0.2173319011926651,0.43087664246559143,0.2751697301864624
237,stable_old,8,2.522941827774048,0.9186241030693054,0.2172265499830246,0.430878221988678,0.27453383803367615
237,sustained_new,1,1.2413333654403687,0.9733726382255554,0.22619551420211792,0.4378572702407837,0.24898841977119446
237,sustained_new,2,2.2608227729797363,0.9123016595840454,0.23334643244743347,0.4418366849422455,0.2521764636039734
237,sustained_new,3,3.0884249210357666,0.8404929637908936,0.23790958523750305,0.4410190284252167,0.2538357973098755
237,sustained_new,4,3.7589125633239746,0.7706604599952698,0.24048830568790436,0.43797677755355835,0.2545281648635864
237,sustained_new,5,4.303782939910889,0.7075082659721375,0.24187177419662476,0.43421781063079834,0.25477421283721924
237,sustained_new,6,4.749186038970947,0.6519328355789185,0.2425186187028885,0.43036335706710815,0.25491589307785034
237,sustained_new,7,5.116016387939453,0.6033992171287537,0.24270251393318176,0.4266340434551239,0.2550933063030243
237,sustained_new,8,5.420693874359131,0.5609762072563171,0.2426036149263382,0.42309850454330444,0.2553468346595764
237,shock_recovery,0,1.2413333654403687,0.9733726382255554,0.22619551420211792,0.4378572702407837,0.24898841977119446
237,shock_recovery,1,1.214276909828186,0.9761092662811279,0.22423939406871796,0.438701868057251,0.2784828841686249
237,shock_recovery,2,1.3570131063461304,0.972841739654541,0.22251980006694794,0.4386288821697235,0.27777916193008423
237,shock_recovery,3,1.5837295055389404,0.9652998447418213,0.2210955172777176,0.4381265342235565,0.27706146240234375
237,shock_recovery,4,1.8389267921447754,0.9547144770622253,0.21995499730110168,0.4374465346336365,0.27634334564208984
578,stable_old,1,0.3560725450515747,0.9988543391227722,0.42772021889686584,0.28361979126930237,0.27540603280067444
578,stable_old,2,0.6602298617362976,0.9957872629165649,0.42640048265457153,0.2841568887233734,0.2748600244522095
578,stable_old,3,0.9240507483482361,0.9913156628608704,0.4247492849826813,0.2845427095890045,0.27439481019973755
578,stable_old,4,1.1550794839859009,0.9858884811401367,0.42297619581222534,0.2848208546638489,0.2740035057067871
578,stable_old,5,1.358539342880249,0.9798779487609863,0.42121651768684387,0.28502151370048523,0.2736778259277344
578,stable_old,6,1.5383046865463257,0.9735797047615051,0.41955432295799255,0.285166472196579,0.27340951561927795
578,stable_old,7,1.6974372863769531,0.9672194123268127,0.4180378317832947,0.2852717339992523,0.2731907069683075
578,stable_old,8,1.838478684425354,0.9609613418579102,0.41669079661369324,0.2853490710258484,0.27301424741744995
578,sustained_new,1,0.8365645408630371,0.9886256456375122,0.40829187631607056,0.2845722436904907,0.2679421007633209
578,sustained_new,2,1.500655174255371,0.9646076560020447,0.3932770788669586,0.28542575240135193,0.2669825851917267
578,sustained_new,3,2.032736301422119,0.9371213912963867,0.38305482268333435,0.2858102023601532,0.26595038175582886
578,sustained_new,4,2.46359920501709,0.9101699590682983,0.3760510981082916,0.285990446805954,0.2649518549442291
578,sustained_new,5,2.8168060779571533,0.8852044343948364,0.3710738718509674,0.28609752655029297,0.26405662298202515
578,sustained_new,6,3.1101443767547607,0.8625673055648804,0.36739781498908997,0.28618520498275757,0.2632973790168762
578,sustained_new,7,3.3569984436035156,0.8421632647514343,0.36458703875541687,0.28627246618270874,0.2626822590827942
578,sustained_new,8,3.567469835281372,0.8237482309341431,0.36237064003944397,0.28636372089385986,0.2622048258781433
578,shock_recovery,0,0.8365645408630371,0.9886256456375122,0.40829187631607056,0.2845722436904907,0.2679421007633209
578,shock_recovery,1,0.8663267493247986,0.9895243048667908,0.4116468131542206,0.2851096987724304,0.2745002210140228
578,shock_recovery,2,1.0128891468048096,0.9873480796813965,0.41352060437202454,0.2854713499546051,0.27415931224823
578,shock_recovery,3,1.196542501449585,0.9832489490509033,0.414408802986145,0.28571343421936035,0.27385425567626953
578,shock_recovery,4,1.380983829498291,0.978005588054657,0.41466817259788513,0.2858729958534241,0.27359074354171753
936,stable_old,1,0.3743453919887543,0.998834490776062,0.29923006892204285,0.24617382884025574,0.21949420869350433
936,stable_old,2,0.6917040944099426,0.9957562685012817,0.30016717314720154,0.24687059223651886,0.21932987868785858
936,stable_old,3,0.9646010994911194,0.9912916421890259,0.3011556565761566,0.24773350358009338,0.21927839517593384
936,stable_old,4,1.2021793127059937,0.9858478903770447,0.30215126276016235,0.24870355427265167,0.2193368375301361
936,stable_old,5,1.4112157821655273,0.9797365069389343,0.30312782526016235,0.2497282773256302,0.21949395537376404
936,stable_old,6,1.5967998504638672,0.9731945395469666,0.30407026410102844,0.2507646381855011,0.21973344683647156
936,stable_old,7,1.7627949714660645,0.9664032459259033,0.30497029423713684,0.2517794966697693,0.220037043094635
936,stable_old,8,1.9121700525283813,0.9595019221305847,0.30582404136657715,0.2527488172054291,0.22038672864437103
936,sustained_new,1,0.8828994631767273,0.9865129590034485,0.30228281021118164,0.24215003848075867,0.26484251022338867
936,sustained_new,2,1.6020152568817139,0.9576420783996582,0.3065245747566223,0.24152269959449768,0.26404494047164917
936,sustained_new,3,2.195890188217163,0.9232912063598633,0.31053388118743896,0.24249057471752167,0.2634175717830658
936,sustained_new,4,2.6899125576019287,0.8880681991577148,0.3136744797229767,0.24420440196990967,0.26293089985847473
936,sustained_new,5,3.1019253730773926,0.8542602062225342,0.3157867193222046,0.24624569714069366,0.2625531554222107
936,sustained_new,6,3.4458556175231934,0.822969377040863,0.31706488132476807,0.24845293164253235,0.26226845383644104
936,sustained_new,7,3.7331929206848145,0.7946352362632751,0.3177918493747711,0.2507368326187134,0.2620682120323181
936,sustained_new,8,3.973651170730591,0.7693173885345459,0.31819966435432434,0.2530127167701721,0.26194465160369873
936,shock_recovery,0,0.8828994631767273,0.9865129590034485,0.30228281021118164,0.24215003848075867,0.26484251022338867
936,shock_recovery,1,0.9604966640472412,0.9870234131813049,0.30239009857177734,0.24440155923366547,0.22075846791267395
936,shock_recovery,2,1.1280142068862915,0.9844891428947449,0.30283355712890625,0.24634979665279388,0.22069427371025085
936,shock_recovery,3,1.3179527521133423,0.9801080226898193,0.3034527897834778,0.24804481863975525,0.22071796655654907
936,shock_recovery,4,1.5034289360046387,0.974612295627594,0.3041509985923767,0.2495332658290863,0.22083473205566406
534,stable_old,1,0.37344738841056824,0.9987148642539978,0.19443313777446747,0.2523554861545563,0.27190202474594116
534,stable_old,2,0.6875313520431519,0.9953970313072205,0.1956663280725479,0.25231271982192993,0.2726253271102905
534,stable_old,3,0.9572488069534302,0.9906448721885681,0.19693703949451447,0.2522919476032257,0.27313920855522156
534,stable_old,4,1.1932835578918457,0.9848650693893433,0.19819441437721252,0.2522979974746704,0.27347850799560547
534,stable_old,5,1.4032303094863892,0.9783444404602051,0.19940735399723053,0.2523329257965088,0.27367690205574036
534,stable_old,6,1.5924835205078125,0.9712939858436584,0.20055502653121948,0.2523965537548065,0.27376389503479004
534,stable_old,7,1.764769196510315,0.9638809561729431,0.20159026980400085,0.25247859954833984,0.2737588584423065
534,stable_old,8,1.9228789806365967,0.9562327265739441,0.2025166153907776,0.25257694721221924,0.2736942768096924
534,sustained_new,1,1.0841970443725586,0.9804973602294922,0.1940375566482544,0.2538166046142578,0.27185481786727905
534,sustained_new,2,1.9268461465835571,0.9400787353515625,0.19590742886066437,0.2548397183418274,0.2724694609642029
534,sustained_new,3,2.584827184677124,0.8954657316207886,0.1989019215106964,0.25536730885505676,0.2727539837360382
534,sustained_new,4,3.1050870418548584,0.8531771898269653,0.20270943641662598,0.2555885910987854,0.27279749512672424
534,sustained_new,5,3.524026393890381,0.8148564696311951,0.20697496831417084,0.2556714117527008,0.27265238761901855
534,sustained_new,6,3.868574380874634,0.7803817391395569,0.21137213706970215,0.25570419430732727,0.27235275506973267
534,sustained_new,7,4.157973766326904,0.749187707901001,0.21564315259456635,0.25572848320007324,0.271923303604126
534,sustained_new,8,4.405608177185059,0.7207344174385071,0.21961219608783722,0.255770742893219,0.271383672952652
534,shock_recovery,0,1.0841970443725586,0.9804973602294922,0.1940375566482544,0.2538166046142578,0.27185481786727905
534,shock_recovery,1,1.0429089069366455,0.9837035536766052,0.19517764449119568,0.2534274756908417,0.2719600200653076
534,shock_recovery,2,1.1485477685928345,0.9823368787765503,0.19657333195209503,0.25319936871528625,0.27259141206741333
534,shock_recovery,3,1.3194787502288818,0.9781172871589661,0.19805645942687988,0.25308388471603394,0.2730156183242798
534,shock_recovery,4,1.5076429843902588,0.9721124768257141,0.1995280236005783,0.2530539035797119,0.27326199412345886
63,stable_old,1,0.3180641829967499,0.9993284940719604,0.20667394995689392,0.3600327670574188,0.2911503314971924
63,stable_old,2,0.5883798599243164,0.997361958026886,0.20596261322498322,0.3614319860935211,0.2910836637020111
63,stable_old,3,0.8280554413795471,0.9941710829734802,0.20475156605243683,0.3629598617553711,0.2910303473472595
63,stable_old,4,1.0473549365997314,0.9898436069488525,0.20321625471115112,0.36454281210899353,0.29098668694496155
63,stable_old,5,1.2520558834075928,0.984494149684906,0.20148135721683502,0.3661220073699951,0.29095008969306946
63,stable_old,6,1.4451987743377686,0.9782577157020569,0.1996363252401352,0.367651104927063,0.2909187972545624
63,stable_old,7,1.6282875537872314,0.9712813496589661,0.1977447271347046,0.36909428238868713,0.2908916771411896
63,stable_old,8,1.8020503520965576,0.9637134671211243,0.19585104286670685,0.3704257309436798,0.29086798429489136
63,sustained_new,1,1.3876631259918213,0.9689229130744934,0.20707908272743225,0.3702986538410187,0.23281022906303406
63,sustained_new,2,2.4552533626556396,0.8999992609024048,0.20468616485595703,0.3813842236995697,0.23954987525939941
63,sustained_new,3,3.2730538845062256,0.8245131373405457,0.20132528245449066,0.3901708722114563,0.24408075213432312
63,sustained_new,4,3.8980841636657715,0.7575793862342834,0.19791428744792938,0.3960411250591278,0.24727527797222137
63,sustained_new,5,4.376845359802246,0.7028099298477173,0.19499395787715912,0.3996447026729584,0.24966144561767578
63,sustained_new,6,4.745048522949219,0.6593025922775269,0.19282004237174988,0.4016733765602112,0.2514724135398865
63,sustained_new,7,5.02985143661499,0.6249896287918091,0.1913916915655136,0.40265923738479614,0.2528687119483948
63,sustained_new,8,5.251707077026367,0.5978399515151978,0.19058696925640106,0.40297818183898926,0.25396227836608887
63,shock_recovery,0,1.3876631259918213,0.9689229130744934,0.20707908272743225,0.3702986538410187,0.23281022906303406
63,shock_recovery,1,1.122534990310669,0.9799501895904541,0.20690251886844635,0.36923784017562866,0.2914038300514221
63,shock_recovery,2,1.0670068264007568,0.9834935665130615,0.2057981789112091,0.3692570924758911,0.29127371311187744
63,shock_recovery,3,1.151469349861145,0.9827961921691895,0.2041715532541275,0.3698923587799072,0.29117175936698914
63,shock_recovery,4,1.3040448427200317,0.9793850183486938,0.20224164426326752,0.3708648383617401,0.2910903990268707
361,stable_old,1,0.3292902410030365,0.9991968274116516,0.13122206926345825,0.13951581716537476,0.28778958320617676
361,stable_old,2,0.6066714525222778,0.996967077255249,0.1296878606081009,0.1381850242614746,0.28765976428985596
361,stable_old,3,0.8479228615760803,0.9935430288314819,0.12831208109855652,0.13690035045146942,0.287573903799057
361,stable_old,4,1.063295602798462,0.9891180396080017,0.12708456814289093,0.1356666535139084,0.2875191569328308
361,stable_old,5,1.2593907117843628,0.983860433101654,0.12599843740463257,0.13449732959270477,0.2874860167503357
361,stable_old,6,1.440441370010376,0.9779183864593506,0.12504790723323822,0.13340920209884644,0.2874676585197449
361,stable_old,7,1.6091670989990234,0.971425473690033,0.1242266595363617,0.13241739571094513,0.28745928406715393
361,stable_old,8,1.7673263549804688,0.9645028710365295,0.12352681905031204,0.13153204321861267,0.28745752573013306
361,sustained_new,1,0.7027717232704163,0.9927940368652344,0.13175038993358612,0.1363908052444458,0.29069098830223083
361,sustained_new,2,1.2874119281768799,0.976470947265625,0.13108374178409576,0.1328422576189041,0.29049545526504517
361,sustained_new,3,1.7797530889511108,0.9559224247932434,0.13092008233070374,0.13006573915481567,0.2903313636779785
361,sustained_new,4,2.198570728302002,0.933692216873169,0.13119922578334808,0.12789663672447205,0.29019612073898315
361,sustained_new,5,2.558030605316162,0.9111430048942566,0.13180723786354065,0.12618137896060944,0.2900848388671875
361,sustained_new,6,2.8690438270568848,0.8890134692192078,0.13261206448078156,0.12479501217603683,0.28999269008636475
361,sustained_new,7,3.140104293823242,0.8677013516426086,0.13349749147891998,0.12364605814218521,0.2899157404899597
361,sustained_new,8,3.3778820037841797,0.8474130034446716,0.13438011705875397,0.12267068773508072,0.28985100984573364
361,shock_recovery,0,0.7027717232704163,0.9927940368652344,0.13175038993358612,0.1363908052444458,0.29069098830223083
361,shock_recovery,1,0.794346809387207,0.9924386739730835,0.12972722947597504,0.13515359163284302,0.2874179780483246
361,shock_recovery,2,0.9593442678451538,0.990023672580719,0.12807902693748474,0.1340855211019516,0.2873765230178833
361,shock_recovery,3,1.141659140586853,0.9861385822296143,0.12671199440956116,0.13311448693275452,0.2873603403568268
361,shock_recovery,4,1.322397232055664,0.981145977973938,0.125565305352211,0.13221044838428497,0.28735947608947754
713,stable_old,1,0.33522117137908936,0.9990320205688477,0.2562732994556427,0.3323945999145508,0.2821767330169678
713,stable_old,2,0.6198715567588806,0.9964060187339783,0.25559476017951965,0.33118563890457153,0.28173792362213135
713,stable_old,3,0.8673744797706604,0.9925029277801514,0.2550104558467865,0.3301035165786743,0.28135544061660767
713,stable_old,4,1.086224913597107,0.9876530766487122,0.254514217376709,0.3291777968406677,0.2810207009315491
713,stable_old,5,1.281951665878296,0.9821366667747498,0.2540993392467499,0.32841822504997253,0.2807261049747467
713,stable_old,6,1.4583122730255127,0.9761858582496643,0.2537583112716675,0.3278222680091858,0.28046512603759766
713,stable_old,7,1.6179996728897095,0.9699886441230774,0.25348323583602905,0.3273801803588867,0.28023219108581543
713,stable_old,8,1.7630566358566284,0.9636936187744141,0.25326618552207947,0.32707807421684265,0.2800227403640747
713,sustained_new,1,0.9131592512130737,0.9868142008781433,0.2584322392940521,0.33534350991249084,0.28820887207984924
713,sustained_new,2,1.6178157329559326,0.9594845175743103,0.25976458191871643,0.33677253127098083,0.28802594542503357
713,sustained_new,3,2.172149419784546,0.9285783171653748,0.26092174649238586,0.3378487229347229,0.2878597378730774
713,sustained_new,4,2.615638256072998,0.8984628915786743,0.26185086369514465,0.3385472595691681,0.287725567817688
713,sustained_new,5,2.975213050842285,0.8707612156867981,0.26257017254829407,0.338954359292984,0.28762513399124146
713,sustained_new,6,3.269728183746338,0.8459571599960327,0.26312169432640076,0.3391764461994171,0.2875538468360901
713,sustained_new,7,3.5128750801086426,0.8240573406219482,0.26354536414146423,0.339297890663147,0.28750526905059814
713,sustained_new,8,3.714963436126709,0.804865837097168,0.26387158036231995,0.33937591314315796,0.2874733805656433
713,shock_recovery,0,0.9131592512130737,0.9868142008781433,0.2584322392940521,0.33534350991249084,0.28820887207984924
713,shock_recovery,1,0.879564642906189,0.9890534281730652,0.2575516402721405,0.334092915058136,0.28184646368026733
713,shock_recovery,2,0.9826197624206543,0.9878373146057129,0.25678277015686035,0.33281299471855164,0.2815035283565521
713,shock_recovery,3,1.1383287906646729,0.9846011400222778,0.2561100721359253,0.33160674571990967,0.28119587898254395
713,shock_recovery,4,1.304453730583191,0.9801434874534607,0.25552448630332947,0.33053407073020935,0.2809178829193115
902,stable_old,1,0.3753528594970703,0.9992677569389343,0.26134729385375977,0.23316213488578796,0.2531762719154358
902,stable_old,2,0.6771513819694519,0.9974037408828735,0.2609640955924988,0.2333751618862152,0.25453242659568787
902,stable_old,3,0.9223155379295349,0.9947928190231323,0.26068174839019775,0.23346640169620514,0.2556101381778717
902,stable_old,4,1.1238852739334106,0.9917044043540955,0.26046690344810486,0.23347945511341095,0.25648266077041626
902,stable_old,5,1.291757345199585,0.9883301258087158,0.26029860973358154,0.23344308137893677,0.2571990191936493
902,stable_old,6,1.4333711862564087,0.9848074913024902,0.26016321778297424,0.2333763837814331,0.25779372453689575
902,stable_old,7,1.5542943477630615,0.9812362194061279,0.2600518465042114,0.23329196870326996,0.25829195976257324
902,stable_old,8,1.6586962938308716,0.9776889085769653,0.25995850563049316,0.2331981360912323,0.2587124705314636
902,sustained_new,1,0.5597947239875793,0.9954481720924377,0.2610742747783661,0.23507340252399445,0.2140716016292572
902,sustained_new,2,1.0340628623962402,0.9852163195610046,0.26056626439094543,0.23687782883644104,0.21796023845672607
902,sustained_new,3,1.4297245740890503,0.972808301448822,0.2602607309818268,0.23828478157520294,0.22096022963523865
902,sustained_new,4,1.7564929723739624,0.9601375460624695,0.26008543372154236,0.2393980324268341,0.22328105568885803
902,sustained_new,5,2.0248260498046875,0.9481455087661743,0.2599937617778778,0.24029934406280518,0.22509366273880005
902,sustained_new,6,2.2446651458740234,0.937227189540863,0.2599571645259857,0.24104827642440796,0.2265288382768631
902,sustained_new,7,2.4248263835906982,0.9274899363517761,0.2599581182003021,0.24168623983860016,0.22768431901931763
902,sustained_new,8,2.5728018283843994,0.9188998341560364,0.2599855363368988,0.24224166572093964,0.22863271832466125
902,shock_recovery,0,0.5597947239875793,0.9954481720924377,0.2610742747783661,0.23507340252399445,0.2140716016292572
902,shock_recovery,1,0.7325371503829956,0.9951032400131226,0.2607138454914093,0.23523631691932678,0.25540000200271606
902,shock_recovery,2,0.9354035258293152,0.9934594035148621,0.2604529559612274,0.23521894216537476,0.2564239501953125
902,shock_recovery,3,1.1212713718414307,0.9909958839416504,0.26025837659835815,0.23509544134140015,0.2572126090526581
902,shock_recovery,4,1.283097505569458,0.9880253672599792,0.26010939478874207,0.23491260409355164,0.2578389644622803
218,stable_old,1,0.3250284194946289,0.9993628263473511,0.2636454999446869,0.3154619038105011,0.26644423604011536
218,stable_old,2,0.5906590223312378,0.997633159160614,0.2620440423488617,0.31557655334472656,0.26615774631500244
218,stable_old,3,0.8129155039787292,0.9950605034828186,0.2606438398361206,0.3158882260322571,0.26594778895378113
218,stable_old,4,1.0026586055755615,0.9918624758720398,0.25938481092453003,0.3163107633590698,0.26580750942230225
218,stable_old,5,1.1673082113265991,0.9882248640060425,0.2582322955131531,0.31679287552833557,0.2657254636287689
218,stable_old,6,1.3120282888412476,0.9843014478683472,0.25716501474380493,0.3173062205314636,0.26568925380706787
218,stable_old,7,1.4404799938201904,0.9802166223526001,0.256169855594635,0.3178335726261139,0.2656882405281067
218,stable_old,8,1.5553321838378906,0.9760686159133911,0.25523877143859863,0.3183637857437134,0.2657133638858795
218,sustained_new,1,0.852405309677124,0.9884489178657532,0.263753741979599,0.3159613311290741,0.28042179346084595
218,sustained_new,2,1.5525517463684082,0.9629985690116882,0.26213961839675903,0.3168553113937378,0.28042933344841003
218,sustained_new,3,2.1338160037994385,0.9319316744804382,0.260748028755188,0.318347692489624,0.2804861068725586
218,sustained_new,4,2.619866371154785,0.8993756771087646,0.2595865726470947,0.3203849494457245,0.28059250116348267
218,sustained_new,5,3.0283608436584473,0.867462694644928,0.25864890217781067,0.32288357615470886,0.28074097633361816
218,sustained_new,6,3.3729588985443115,0.8372978568077087,0.25793373584747314,0.3257538676261902,0.28092095255851746
218,sustained_new,7,3.6645357608795166,0.8094140291213989,0.2574465870857239,0.32891517877578735,0.28112149238586426
218,sustained_new,8,3.9119410514831543,0.7840083837509155,0.2571962773799896,0.3322974741458893,0.28133267164230347
218,shock_recovery,0,0.852405309677124,0.9884489178657532,0.263753741979599,0.3159613311290741,0.28042179346084595
218,shock_recovery,1,0.9125129580497742,0.989003598690033,0.2615501582622528,0.3155992925167084,0.26604244112968445
218,shock_recovery,2,1.0335031747817993,0.987774670124054,0.25981786847114563,0.31561070680618286,0.26589435338974
218,shock_recovery,3,1.1706756353378296,0.9853934049606323,0.25838029384613037,0.3158414363861084,0.2658064365386963
218,shock_recovery,4,1.30562162399292,0.9822725653648376,0.2571401596069336,0.3161987066268921,0.26576703786849976
761,stable_old,1,0.3524188995361328,0.9988321661949158,0.2622763216495514,0.4079511761665344,0.28966671228408813
761,stable_old,2,0.6538892388343811,0.9956896305084229,0.26358428597450256,0.4082561731338501,0.28971219062805176
761,stable_old,3,0.916184663772583,0.9910781979560852,0.2645154595375061,0.40863049030303955,0.2897357940673828
761,stable_old,4,1.146957278251648,0.9854390621185303,0.2651044726371765,0.40902140736579895,0.2897445857524872
761,stable_old,5,1.3514670133590698,0.979137659072876,0.26540523767471313,0.40939992666244507,0.28974348306655884
761,stable_old,6,1.5335613489151,0.9724661111831665,0.26547691226005554,0.40975242853164673,0.28973591327667236
761,stable_old,7,1.6962254047393799,0.9656493663787842,0.26537540555000305,0.41007423400878906,0.28972411155700684
761,stable_old,8,1.841888666152954,0.958855152130127,0.26514875888824463,0.41036564111709595,0.28970959782600403
761,sustained_new,1,0.9997742772102356,0.9836368560791016,0.26982736587524414,0.40054962038993835,0.2533760070800781
761,sustained_new,2,1.7417857646942139,0.9509817361831665,0.2749329209327698,0.3935476839542389,0.2540668845176697
761,sustained_new,3,2.304285764694214,0.9161154627799988,0.2760373055934906,0.3865896761417389,0.254621297121048
761,sustained_new,4,2.7453877925872803,0.8835892081260681,0.27481719851493835,0.3798900842666626,0.25518572330474854
761,sustained_new,5,3.10210919380188,0.8543202877044678,0.2726138234138489,0.3738088309764862,0.2557934522628784
761,sustained_new,6,3.396920919418335,0.828262209892273,0.270131915807724,0.3686293661594391,0.25640398263931274
761,sustained_new,7,3.643789768218994,0.8051836490631104,0.26768332719802856,0.36443448066711426,0.2569563388824463
761,sustained_new,8,3.851990222930908,0.7848344445228577,0.26540014147758484,0.361142635345459,0.25740939378738403
761,shock_recovery,0,0.9997742772102356,0.9836368560791016,0.26982736587524414,0.40054962038993835,0.2533760070800781
761,shock_recovery,1,0.9575645327568054,0.986171543598175,0.2702886462211609,0.40304842591285706,0.2896217107772827
761,shock_recovery,2,1.054304599761963,0.9850005507469177,0.27031511068344116,0.4048844277858734,0.2896873354911804
761,shock_recovery,3,1.2076799869537354,0.9816194772720337,0.2700391709804535,0.40627583861351013,0.28972673416137695
761,shock_recovery,4,1.3730477094650269,0.9769256711006165,0.2695620059967041,0.40735694766044617,0.2897467017173767
554,stable_old,1,0.33058375120162964,0.9991719722747803,0.26291462779045105,0.22799962759017944,0.2920536994934082
554,stable_old,2,0.6049619913101196,0.9969754219055176,0.2628217935562134,0.22751392424106598,0.29203951358795166
554,stable_old,3,0.8376795053482056,0.9937787055969238,0.2626752257347107,0.2270210236310959,0.29202842712402344
554,stable_old,4,1.0385911464691162,0.9898757338523865,0.2624891400337219,0.22652022540569305,0.29201966524124146
554,stable_old,5,1.2145353555679321,0.9854966402053833,0.26227429509162903,0.2260131537914276,0.29201260209083557
554,stable_old,6,1.3703808784484863,0.9808186292648315,0.262038916349411,0.22550208866596222,0.29200685024261475
554,stable_old,7,1.5096843242645264,0.9759767651557922,0.26178932189941406,0.22498975694179535,0.29200196266174316
554,stable_old,8,1.6351089477539062,0.9710726141929626,0.2615302801132202,0.22447901964187622,0.2919977903366089
554,sustained_new,1,0.8351901173591614,0.988942563533783,0.26602697372436523,0.23077741265296936,0.28983017802238464
554,sustained_new,2,1.496903419494629,0.965649425983429,0.26822954416275024,0.2320149838924408,0.28982052206993103
554,sustained_new,3,2.0227718353271484,0.9391378164291382,0.26985615491867065,0.23258012533187866,0.2898067533969879
554,sustained_new,4,2.4442877769470215,0.9132879376411438,0.2711021602153778,0.23273003101348877,0.28979116678237915
554,sustained_new,5,2.786895751953125,0.889396607875824,0.2720864713191986,0.2326211929321289,0.28977543115615845
554,sustained_new,6,3.07051157951355,0.8676299452781677,0.2728823721408844,0.2323436737060547,0.2897610664367676
554,sustained_new,7,3.3102667331695557,0.8477362394332886,0.27353635430336,0.2319498062133789,0.28974947333335876
554,sustained_new,8,3.517319440841675,0.8293703198432922,0.27407875657081604,0.23147308826446533,0.28974175453186035
554,shock_recovery,0,0.8351901173591614,0.988942563533783,0.26602697372436523,0.23077741265296936,0.28983017802238464
554,shock_recovery,1,0.8192285299301147,0.9910757541656494,0.2654711604118347,0.22977982461452484,0.2920682728290558
554,shock_recovery,2,0.913300633430481,0.9905794858932495,0.2649666666984558,0.22893238067626953,0.2920565903186798
554,shock_recovery,3,1.0511373281478882,0.9884048700332642,0.2644968628883362,0.22817528247833252,0.29204604029655457
554,shock_recovery,4,1.198651671409607,0.9851369857788086,0.26405221223831177,0.22747676074504852,0.29203683137893677
265,stable_old,1,0.34484365582466125,0.9990310668945312,0.0703197568655014,0.11252829432487488,0.2789928913116455
265,stable_old,2,0.6394549608230591,0.9963337182998657,0.06975030899047852,0.11189337074756622,0.2785627841949463
265,stable_old,3,0.9000747203826904,0.9921505451202393,0.06926856189966202,0.1115664467215538,0.27827274799346924
265,stable_old,4,1.1368563175201416,0.9866774082183838,0.06885762512683868,0.11147227883338928,0.2780858278274536
265,stable_old,5,1.3558952808380127,0.980095386505127,0.06850458681583405,0.11155370622873306,0.2779754102230072
265,stable_old,6,1.5607103109359741,0.9725850224494934,0.06819911301136017,0.11176670342683792,0.27792298793792725
265,stable_old,7,1.7532718181610107,0.9643246531486511,0.06793257594108582,0.11207696050405502,0.2779158055782318
265,stable_old,8,1.934679388999939,0.9554881453514099,0.06769780814647675,0.112457774579525,0.2779451906681061
265,sustained_new,1,0.3601073622703552,0.9981369972229004,0.07043100893497467,0.11171644181013107,0.1508154720067978
265,sustained_new,2,0.696799099445343,0.9930908679962158,0.06991619616746902,0.10995303839445114,0.15651391446590424
265,sustained_new,3,1.0071367025375366,0.9856787919998169,0.0694732517004013,0.10835579037666321,0.16097941994667053
265,sustained_new,4,1.290597677230835,0.9766297936439514,0.06910258531570435,0.10694620013237,0.16481290757656097
265,sustained_new,5,1.5479423999786377,0.9665437936782837,0.06879506260156631,0.10571861267089844,0.16829851269721985
265,sustained_new,6,1.7806146144866943,0.9558930397033691,0.06853795051574707,0.10465529561042786,0.17155221104621887
265,sustained_new,7,1.9904124736785889,0.945035994052887,0.06831858307123184,0.10373483598232269,0.17461086809635162
265,sustained_new,8,2.179295301437378,0.9342362284660339,0.06812620908021927,0.10293664038181305,0.1774788349866867
265,shock_recovery,0,0.3601073622703552,0.9981369972229004,0.07043100893497467,0.11171644181013107,0.1508154720067978
265,shock_recovery,1,0.49371209740638733,0.9977892637252808,0.0697663202881813,0.11095882952213287,0.2795144021511078
265,shock_recovery,2,0.7226173877716064,0.9953560829162598,0.06921714544296265,0.11062514036893845,0.27904435992240906
265,shock_recovery,3,0.9586920142173767,0.9911600351333618,0.06875520199537277,0.11057361960411072,0.27873051166534424
265,shock_recovery,4,1.1868175268173218,0.9854636192321777,0.06836268305778503,0.11071300506591797,0.2785269320011139
247,stable_old,1,0.3590017259120941,0.9988033175468445,0.13505905866622925,0.20949570834636688,0.28671562671661377
247,stable_old,2,0.6632548570632935,0.9956647753715515,0.13223722577095032,0.21161720156669617,0.28660696744918823
247,stable_old,3,0.9248444437980652,0.9911763072013855,0.12996971607208252,0.2133621871471405,0.28651314973831177
247,stable_old,4,1.1520127058029175,0.9858139157295227,0.12817338109016418,0.21477319300174713,0.2864301800727844
247,stable_old,5,1.350677490234375,0.9799466729164124,0.12677425146102905,0.21589960157871246,0.28635504841804504
247,stable_old,6,1.5252994298934937,0.9738513231277466,0.12570728361606598,0.21678899228572845,0.2862858474254608
247,stable_old,7,1.6793848276138306,0.9677296280860901,0.1249157264828682,0.2174835503101349,0.28622129559516907
247,stable_old,8,1.815783143043518,0.961722731590271,0.12435068935155869,0.2180195152759552,0.28616049885749817
247,sustained_new,1,1.142098307609558,0.9792871475219727,0.14099445939064026,0.21826530992984772,0.2695917785167694
247,sustained_new,2,2.0047717094421387,0.9370967149734497,0.1474933922290802,0.2253125011920929,0.2706105709075928
247,sustained_new,3,2.6506640911102295,0.8929414749145508,0.15328434109687805,0.2296159565448761,0.2718164920806885
247,sustained_new,4,3.1389365196228027,0.8538515567779541,0.1574176847934723,0.23207512497901917,0.2729766368865967
247,sustained_new,5,3.515143394470215,0.8208203911781311,0.1602361500263214,0.23346185684204102,0.2739381194114685
247,sustained_new,6,3.811420440673828,0.7930264472961426,0.1621660590171814,0.23424257338047028,0.2746710181236267
247,sustained_new,7,4.049715995788574,0.7694113850593567,0.1635124832391739,0.23466873168945312,0.2752044200897217
247,sustained_new,8,4.244958400726318,0.7490964531898499,0.16447210311889648,0.23487767577171326,0.2755793333053589
247,shock_recovery,0,1.142098307609558,0.9792871475219727,0.14099445939064026,0.21826530992984772,0.2695917785167694
247,shock_recovery,1,1.0803381204605103,0.9827356338500977,0.13690267503261566,0.2182202786207199,0.2872107923030853
247,shock_recovery,2,1.146009922027588,0.9824432730674744,0.13359372317790985,0.21845467388629913,0.2870628833770752
247,shock_recovery,3,1.2697312831878662,0.9799546599388123,0.1309574395418167,0.21882392466068268,0.2869285047054291
247,shock_recovery,4,1.411316156387329,0.9761440753936768,0.12888257205486298,0.21923448145389557,0.2868053913116455
355,stable_old,1,0.3053835332393646,0.9994369149208069,0.24910606443881989,0.25709936022758484,0.28417497873306274
355,stable_old,2,0.5517215132713318,0.9979389309883118,0.2488941252231598,0.2545243799686432,0.28406453132629395
355,stable_old,3,0.755412220954895,0.9957566261291504,0.24850669503211975,0.2520114481449127,0.28395891189575195
355,stable_old,4,0.927335262298584,0.9930983185768127,0.2480052262544632,0.24964305758476257,0.2838631272315979
355,stable_old,5,1.074772834777832,0.9901359677314758,0.24743570387363434,0.2474571317434311,0.28377947211265564
355,stable_old,6,1.2027273178100586,0.9870068430900574,0.24682877957820892,0.2454509735107422,0.2837105691432953
355,stable_old,7,1.3147233724594116,0.9838187098503113,0.2462085485458374,0.24361808598041534,0.2836553454399109
355,stable_old,8,1.4133599996566772,0.9806530475616455,0.24559472501277924,0.24195325374603271,0.28361180424690247
355,sustained_new,1,0.6214516162872314,0.9942032694816589,0.2511853575706482,0.2637379467487335,0.2220732867717743
355,sustained_new,2,1.142078161239624,0.9809665679931641,0.2528749406337738,0.2675229609012604,0.22552603483200073
355,sustained_new,3,1.5740333795547485,0.9647693634033203,0.2541443109512329,0.2708936035633087,0.22810164093971252
355,sustained_new,4,1.9304641485214233,0.948160707950592,0.25506624579429626,0.2738637626171112,0.23002837598323822
355,sustained_new,5,2.223917007446289,0.9324208498001099,0.2557261288166046,0.2764768600463867,0.23147015273571014
355,sustained_new,6,2.4655802249908447,0.9180948734283447,0.25619661808013916,0.2787823975086212,0.23254680633544922
355,sustained_new,7,2.665030002593994,0.9053354263305664,0.25653135776519775,0.28082531690597534,0.2333468794822693
355,sustained_new,8,2.8302512168884277,0.8941003680229187,0.25676825642585754,0.28264328837394714,0.23393654823303223
355,shock_recovery,0,0.6214516162872314,0.9942032694816589,0.2511853575706482,0.2637379467487335,0.2220732867717743
355,shock_recovery,1,0.6948332190513611,0.9942254424095154,0.25091156363487244,0.2606475055217743,0.28447335958480835
355,shock_recovery,2,0.8310927748680115,0.9930040240287781,0.250474750995636,0.25766903162002563,0.2842969298362732
355,shock_recovery,3,0.9739233255386353,0.9909999966621399,0.24992631375789642,0.25486570596694946,0.2841460406780243
355,shock_recovery,4,1.1067506074905396,0.9885100722312927,0.24930749833583832,0.2522730827331543,0.28401899337768555
280,stable_old,1,0.3384322226047516,0.9990817308425903,0.27255895733833313,0.42573800683021545,0.28533294796943665
280,stable_old,2,0.6222036480903625,0.9966415166854858,0.27258098125457764,0.4263521432876587,0.2850845456123352
280,stable_old,3,0.8652060031890869,0.9930806159973145,0.27255988121032715,0.42688295245170593,0.2849200665950775
280,stable_old,4,1.0769481658935547,0.9887149930000305,0.2725057899951935,0.4273452162742615,0.2848200500011444
280,stable_old,5,1.2641011476516724,0.9837868809700012,0.27242836356163025,0.4277471601963043,0.28476786613464355
280,stable_old,6,1.4314463138580322,0.9784813523292542,0.27233627438545227,0.42809486389160156,0.28475016355514526
280,stable_old,7,1.5824750661849976,0.9729390740394592,0.27223676443099976,0.4283934533596039,0.28475677967071533
280,stable_old,8,1.7197803258895874,0.9672685265541077,0.27213555574417114,0.42864787578582764,0.28478002548217773
280,sustained_new,1,0.6785356402397156,0.9924269318580627,0.27140775322914124,0.4241185188293457,0.17068549990653992
280,sustained_new,2,1.2926208972930908,0.9725877046585083,0.27036696672439575,0.42299091815948486,0.17611274123191833
280,sustained_new,3,1.8502850532531738,0.9444645047187805,0.2694878876209259,0.4215456247329712,0.18163137137889862
280,sustained_new,4,2.356273651123047,0.911361038684845,0.2688868045806885,0.41963452100753784,0.18717646598815918
280,sustained_new,5,2.8134915828704834,0.8758281469345093,0.2686249315738678,0.41708481311798096,0.19264952838420868
280,sustained_new,6,3.224285840988159,0.8397175073623657,0.2686922550201416,0.4137755036354065,0.19794884324073792
280,sustained_new,7,3.591222047805786,0.8042909502983093,0.2690187096595764,0.4097069799900055,0.20300063490867615
280,sustained_new,8,3.9173521995544434,0.7703489661216736,0.2695069909095764,0.4050009548664093,0.20777466893196106
280,shock_recovery,0,0.6785356402397156,0.9924269318580627,0.27140775322914124,0.4241185188293457,0.17068549990653992
280,shock_recovery,1,0.6734282374382019,0.9935500621795654,0.27168288826942444,0.4250592887401581,0.28601568937301636
280,shock_recovery,2,0.8128157258033752,0.9921875,0.27187758684158325,0.4258285462856293,0.2857063412666321
280,shock_recovery,3,0.9937126636505127,0.9892138838768005,0.2720079720020294,0.4264751374721527,0.2855082154273987
280,shock_recovery,4,1.174895167350769,0.9851849675178528,0.27208995819091797,0.4270241856575012,0.28538745641708374
601,stable_old,1,0.3649752140045166,0.9991735816001892,0.48455020785331726,0.26757165789604187,0.15615463256835938
601,stable_old,2,0.6717208027839661,0.9969919919967651,0.4859302341938019,0.2673276960849762,0.1559327095746994
601,stable_old,3,0.9317461252212524,0.9938338994979858,0.4869174361228943,0.2671926021575928,0.15586048364639282
601,stable_old,4,1.154064416885376,0.9899924993515015,0.4876006245613098,0.2671322226524353,0.1559341549873352
601,stable_old,5,1.3458309173583984,0.9856854677200317,0.4880465269088745,0.26712149381637573,0.15614113211631775
601,stable_old,6,1.5127838850021362,0.9810687303543091,0.4883047044277191,0.2671416997909546,0.15646407008171082
601,stable_old,7,1.659550428390503,0.9762517809867859,0.48841217160224915,0.26717904210090637,0.15688368678092957
601,stable_old,8,1.789868950843811,0.9713084101676941,0.48839637637138367,0.2672232389450073,0.1573806256055832
601,sustained_new,1,0.826740562915802,0.9886059761047363,0.48180052638053894,0.27736857533454895,0.27059507369995117
601,sustained_new,2,1.4693708419799805,0.9668822288513184,0.48027169704437256,0.28352901339530945,0.2705591320991516
601,sustained_new,3,1.9735249280929565,0.9434650540351868,0.4791227877140045,0.2874472439289093,0.2706524729728699
601,sustained_new,4,2.372511625289917,0.9211322665214539,0.4783598780632019,0.2898866534233093,0.2708003520965576
601,sustained_new,5,2.6912355422973633,0.9006934762001038,0.47783833742141724,0.29134759306907654,0.2710135281085968
601,sustained_new,6,2.948498249053955,0.8822603821754456,0.47743672132492065,0.2921457290649414,0.2712906301021576
601,sustained_new,7,3.15855073928833,0.8656968474388123,0.4770738482475281,0.2924812436103821,0.2716171443462372
601,sustained_new,8,3.3322181701660156,0.8507879972457886,0.47669968008995056,0.2924845516681671,0.27197399735450745
601,shock_recovery,0,0.826740562915802,0.9886059761047363,0.48180052638053894,0.27736857533454895,0.27059507369995117
601,shock_recovery,1,0.9768370985984802,0.9879776239395142,0.4827682375907898,0.27654603123664856,0.15272772312164307
601,shock_recovery,2,1.1490039825439453,0.985947847366333,0.483538419008255,0.2758297622203827,0.15338227152824402
601,shock_recovery,3,1.3184608221054077,0.982911229133606,0.484144926071167,0.2752046585083008,0.1539292335510254
601,shock_recovery,4,1.4769041538238525,0.9791584014892578,0.4846126437187195,0.27465417981147766,0.1544746607542038
974,stable_old,1,0.4055517613887787,0.9984983801841736,0.22342169284820557,0.18335315585136414,0.2684381604194641
974,stable_old,2,0.7551661729812622,0.9944891333580017,0.22652459144592285,0.18469278514385223,0.2696894109249115
974,stable_old,3,1.0616868734359741,0.9885846376419067,0.23008102178573608,0.18626783788204193,0.27078869938850403
974,stable_old,4,1.3341511487960815,0.9812605381011963,0.23387332260608673,0.18793538212776184,0.2717413902282715
974,stable_old,5,1.5788692235946655,0.9728986024856567,0.237724170088768,0.18961426615715027,0.2725573480129242
974,stable_old,6,1.8002382516860962,0.9638147950172424,0.24150003492832184,0.19125893712043762,0.27324944734573364
974,stable_old,7,2.001357078552246,0.9542765021324158,0.2451077550649643,0.192842498421669,0.27383193373680115
974,stable_old,8,2.1844708919525146,0.944511353969574,0.2484883964061737,0.19434766471385956,0.2743191123008728
974,sustained_new,1,0.8574462532997131,0.9881695508956909,0.22825121879577637,0.18506048619747162,0.26661938428878784
974,sustained_new,2,1.5355863571166992,0.9635652899742126,0.23697999119758606,0.18886727094650269,0.268320769071579
974,sustained_new,3,2.0768792629241943,0.9357146620750427,0.24576014280319214,0.19281984865665436,0.26980987191200256
974,sustained_new,4,2.516758441925049,0.9082697033882141,0.25375449657440186,0.19648756086826324,0.27102652192115784
974,sustained_new,5,2.8820128440856934,0.8822556734085083,0.26049014925956726,0.19974082708358765,0.2719809114933014
974,sustained_new,6,3.1904871463775635,0.857903003692627,0.2659679055213928,0.20254456996917725,0.27268102765083313
974,sustained_new,7,3.4540812969207764,0.8352437615394592,0.2703465223312378,0.20490756630897522,0.27316898107528687
974,sustained_new,8,3.6809310913085938,0.8142821788787842,0.27383074164390564,0.2068602591753006,0.2734881639480591
974,shock_recovery,0,0.8574462532997131,0.9881695508956909,0.22825121879577637,0.18506048619747162,0.26661938428878784
974,shock_recovery,1,0.9490349292755127,0.9877532720565796,0.23096615076065063,0.18615734577178955,0.2697141766548157
974,shock_recovery,2,1.1686450242996216,0.9833228588104248,0.2340008169412613,0.18749696016311646,0.2707609236240387
974,shock_recovery,3,1.4148386716842651,0.9764642119407654,0.23725789785385132,0.18894252181053162,0.27166855335235596
974,shock_recovery,4,1.6529805660247803,0.9681090116500854,0.2406022697687149,0.19042059779167175,0.27244889736175537
749,stable_old,1,0.3154624402523041,0.9993829131126404,0.3546818494796753,0.4962644577026367,0.27088671922683716
749,stable_old,2,0.5693444013595581,0.9977712631225586,0.3540160655975342,0.4977690875530243,0.27031177282333374
749,stable_old,3,0.7784229516983032,0.9954463839530945,0.35330626368522644,0.4990481436252594,0.26990023255348206
749,stable_old,4,0.9544796347618103,0.9926132559776306,0.35262906551361084,0.5000845193862915,0.26961439847946167
749,stable_old,5,1.1057894229888916,0.9894238114356995,0.35203370451927185,0.5008818507194519,0.2694227695465088
749,stable_old,6,1.2381889820098877,0.9859922528266907,0.3515486717224121,0.5014582276344299,0.2693006992340088
749,stable_old,7,1.3558284044265747,0.9824042320251465,0.3511872887611389,0.5018407106399536,0.26922911405563354
749,stable_old,8,1.4616928100585938,0.9787241816520691,0.3509523868560791,0.5020599961280823,0.2691938877105713
749,sustained_new,1,0.9038007259368896,0.9867234230041504,0.35032108426094055,0.4885101318359375,0.26277005672454834
749,sustained_new,2,1.645175576210022,0.9572734832763672,0.3443892002105713,0.4824771285057068,0.2611902952194214
749,sustained_new,3,2.260929822921753,0.9213091135025024,0.3381534218788147,0.47659018635749817,0.2597857713699341
749,sustained_new,4,2.777310609817505,0.8836299777030945,0.33215996623039246,0.47081074118614197,0.2585750222206116
749,sustained_new,5,3.213116407394409,0.8466682434082031,0.32682326436042786,0.4651084840297699,0.25758445262908936
749,sustained_new,6,3.5822579860687256,0.8116926550865173,0.322409451007843,0.4594874978065491,0.2568240165710449
749,sustained_new,7,3.895508289337158,0.7793487310409546,0.3190392553806305,0.4539848268032074,0.25628462433815
749,sustained_new,8,4.161578178405762,0.7499121427536011,0.31671398878097534,0.448662132024765,0.2559427320957184
749,shock_recovery,0,0.9038007259368896,0.9867234230041504,0.35032108426094055,0.4885101318359375,0.26277005672454834
749,shock_recovery,1,0.9037142395973206,0.988686740398407,0.3507341742515564,0.4909121096134186,0.2709394693374634
749,shock_recovery,2,0.9697608351707458,0.9889997839927673,0.3507368862628937,0.49294623732566833,0.27036052942276
749,shock_recovery,3,1.0613672733306885,0.9882253408432007,0.35052675008773804,0.49466994404792786,0.26995688676834106
749,shock_recovery,4,1.1590311527252197,0.9867060780525208,0.3502330482006073,0.4961091876029968,0.2696816921234131
859,stable_old,1,0.34554725885391235,0.9989227652549744,0.18243159353733063,0.4184498190879822,0.276455819606781
859,stable_old,2,0.6257230043411255,0.9962981939315796,0.18243053555488586,0.41938984394073486,0.27611079812049866
859,stable_old,3,0.8556063175201416,0.9927961230278015,0.18274109065532684,0.4202516973018646,0.27581024169921875
859,stable_old,4,1.046290636062622,0.9888527989387512,0.18324197828769684,0.4210211932659149,0.27555739879608154
859,stable_old,5,1.20607328414917,0.9847484827041626,0.1838497817516327,0.4216933846473694,0.2753497064113617
859,stable_old,6,1.341248631477356,0.9806588888168335,0.1845076084136963,0.4222702980041504,0.2751818895339966
859,stable_old,7,1.4566470384597778,0.9766902923583984,0.18517683446407318,0.4227586090564728,0.27504822611808777
859,stable_old,8,1.5560128688812256,0.9729025363922119,0.1858319789171219,0.42316746711730957,0.2749430537223816
859,sustained_new,1,1.035590648651123,0.9824410080909729,0.16911844909191132,0.3999650478363037,0.2471168339252472
859,sustained_new,2,1.879502534866333,0.9430053234100342,0.16160127520561218,0.3873962163925171,0.24726201593875885
859,sustained_new,3,2.5713720321655273,0.8956441879272461,0.15850648283958435,0.38002830743789673,0.24853545427322388
859,sustained_new,4,3.1434662342071533,0.8475536704063416,0.1579195261001587,0.37618008255958557,0.2503281235694885
859,sustained_new,5,3.6205804347991943,0.8018848299980164,0.15851953625679016,0.37423479557037354,0.2521848678588867
859,sustained_new,6,4.02223014831543,0.7596990466117859,0.15953415632247925,0.3732374310493469,0.25386250019073486
859,sustained_new,7,4.364009380340576,0.7210752964019775,0.16056156158447266,0.3727366328239441,0.2552693486213684
859,sustained_new,8,4.658246994018555,0.6857074499130249,0.16141624748706818,0.37254706025123596,0.2563948333263397
859,shock_recovery,0,1.035590648651123,0.9824410080909729,0.16911844909191132,0.3999650478363037,0.2471168339252472
859,shock_recovery,1,1.0272600650787354,0.9841654300689697,0.1701289415359497,0.4020342230796814,0.2761121690273285
859,shock_recovery,2,1.101566195487976,0.9836927056312561,0.1713237166404724,0.4037366211414337,0.276083767414093
859,shock_recovery,3,1.2051873207092285,0.9819726943969727,0.17260268330574036,0.4051769971847534,0.27602308988571167
859,shock_recovery,4,1.3138563632965088,0.9795035719871521,0.17390330135822296,0.40643393993377686,0.2759454548358917
44,stable_old,1,0.31507712602615356,0.9993687272071838,0.20971974730491638,0.33315157890319824,0.2864128649234772
44,stable_old,2,0.5714705586433411,0.9976950287818909,0.2089865505695343,0.33367499709129333,0.28616923093795776
44,stable_old,3,0.7855865359306335,0.9952481985092163,0.20840106904506683,0.33404919505119324,0.28595322370529175
44,stable_old,4,0.9685330986976624,0.9922356009483337,0.20791327953338623,0.3343341648578644,0.28576433658599854
44,stable_old,5,1.1278821229934692,0.9888194799423218,0.2074909806251526,0.3345678150653839,0.2856007218360901
44,stable_old,6,1.2688716650009155,0.9851263165473938,0.20711344480514526,0.33477383852005005,0.2854599952697754
44,stable_old,7,1.3952127695083618,0.9812531471252441,0.20676741003990173,0.3349665701389313,0.2853397727012634
44,stable_old,8,1.5096147060394287,0.9772729277610779,0.2064446657896042,0.33515456318855286,0.2852376699447632
44,sustained_new,1,0.6807476282119751,0.9932116866111755,0.21171517670154572,0.326425164937973,0.28650933504104614
44,sustained_new,2,1.233590841293335,0.978358268737793,0.2130601704120636,0.321932315826416,0.2862796485424042
44,sustained_new,3,1.683607816696167,0.9606137871742249,0.2143564373254776,0.31865277886390686,0.28599101305007935
44,sustained_new,4,2.0524086952209473,0.9424871802330017,0.21545034646987915,0.31625089049339294,0.2857137620449066
44,sustained_new,5,2.357104539871216,0.9251224994659424,0.21630685031414032,0.3144718110561371,0.28547412157058716
44,sustained_new,6,2.610842227935791,0.9090017676353455,0.21694627404212952,0.31314024329185486,0.28527870774269104
44,sustained_new,7,2.8236641883850098,0.8942896127700806,0.21740730106830597,0.3121345639228821,0.285125195980072
44,sustained_new,8,3.0032966136932373,0.8809970021247864,0.21772974729537964,0.31136783957481384,0.28500762581825256
44,shock_recovery,0,0.6807476282119751,0.9932116866111755,0.21171517670154572,0.326425164937973,0.28650933504104614
44,shock_recovery,1,0.7956861853599548,0.9924140572547913,0.21065936982631683,0.3280801475048065,0.2858353853225708
44,shock_recovery,2,0.9431792497634888,0.9906325936317444,0.20979845523834229,0.32941001653671265,0.2856031060218811
44,shock_recovery,3,1.089040756225586,0.9881651997566223,0.20908081531524658,0.33048051595687866,0.2854243516921997
44,shock_recovery,4,1.2244547605514526,0.9852151274681091,0.2084687203168869,0.3313521444797516,0.28528451919555664
604,stable_old,1,0.3566582500934601,0.9988387823104858,0.2517246603965759,0.3665527403354645,0.2888476848602295
604,stable_old,2,0.647634744644165,0.9959855675697327,0.251645028591156,0.36532488465309143,0.2887744903564453
604,stable_old,3,0.8878911137580872,0.9921454787254333,0.25163745880126953,0.3642861843109131,0.2887362241744995
604,stable_old,4,1.088240146636963,0.9877943396568298,0.2516816556453705,0.36346060037612915,0.28872185945510864
604,stable_old,5,1.2566930055618286,0.9832513928413391,0.2517620623111725,0.36285343766212463,0.2887229323387146
604,stable_old,6,1.399366021156311,0.9787248373031616,0.2518664002418518,0.36245763301849365,0.28873324394226074
604,stable_old,7,1.521077036857605,0.9743423461914062,0.251985102891922,0.36225828528404236,0.28874826431274414
604,stable_old,8,1.6257383823394775,0.9701727628707886,0.25211092829704285,0.3622363209724426,0.28876495361328125
604,sustained_new,1,0.9332533478736877,0.9860870242118835,0.2533867657184601,0.37748193740844727,0.28970032930374146
604,sustained_new,2,1.701816201210022,0.9549852609634399,0.2554454505443573,0.38442462682724,0.2894687056541443
604,sustained_new,3,2.325603485107422,0.9182237386703491,0.25720953941345215,0.3894767463207245,0.2891900837421417
604,sustained_new,4,2.8295388221740723,0.8818610310554504,0.25856223702430725,0.39329794049263,0.28892385959625244
604,sustained_new,5,3.237311840057373,0.8484352827072144,0.2595841884613037,0.39625176787376404,0.28869760036468506
604,sustained_new,6,3.5690035820007324,0.818692684173584,0.2603635787963867,0.39855819940567017,0.2885172367095947
604,sustained_new,7,3.8408243656158447,0.7925839424133301,0.2609666883945465,0.4003686010837555,0.2883787751197815
604,sustained_new,8,4.0656023025512695,0.7697504162788391,0.26144111156463623,0.40179428458213806,0.288274884223938
604,shock_recovery,0,0.9332533478736877,0.9860870242118835,0.2533867657184601,0.37748193740844727,0.28970032930374146
604,shock_recovery,1,0.9280291199684143,0.9879022836685181,0.2531917095184326,0.37631866335868835,0.2881898880004883
604,shock_recovery,2,1.0260523557662964,0.9869200587272644,0.25304901599884033,0.37508395314216614,0.28818845748901367
604,shock_recovery,3,1.1595056056976318,0.9843655228614807,0.2529600262641907,0.3739144504070282,0.2882276177406311
604,shock_recovery,4,1.2958829402923584,0.9809557795524597,0.2529168426990509,0.37287968397140503,0.28828588128089905
526,stable_old,1,0.3493606150150299,0.9988994002342224,0.40593579411506653,0.4297155439853668,0.2885991334915161
526,stable_old,2,0.6559661030769348,0.9957653284072876,0.4060570299625397,0.4291467070579529,0.2883760333061218
526,stable_old,3,0.9310824275016785,0.9909067749977112,0.4061039388179779,0.42855384945869446,0.28817620873451233
526,stable_old,4,1.1806175708770752,0.9846817255020142,0.406097948551178,0.4279790222644806,0.28799766302108765
526,stable_old,5,1.4076836109161377,0.9774598479270935,0.40605032444000244,0.4274435043334961,0.2878386378288269
526,stable_old,6,1.6141080856323242,0.9695912003517151,0.405968576669693,0.42695704102516174,0.28769761323928833
526,stable_old,7,1.801242709159851,0.9613828659057617,0.4058596193790436,0.4265226125717163,0.28757286071777344
526,stable_old,8,1.9703431129455566,0.9530876874923706,0.4057296812534332,0.42613932490348816,0.2874627709388733
526,sustained_new,1,0.7661024928092957,0.9908134937286377,0.40327540040016174,0.4225233495235443,0.27075842022895813
526,sustained_new,2,1.406284213066101,0.9696984887123108,0.4006059169769287,0.41789349913597107,0.27033916115760803
526,sustained_new,3,1.9416090250015259,0.943382203578949,0.39798033237457275,0.41559743881225586,0.27011579275131226
526,sustained_new,4,2.3911733627319336,0.9155997633934021,0.39553990960121155,0.4149249792098999,0.26999974250793457
526,sustained_new,5,2.771491765975952,0.888221025466919,0.3933318257331848,0.41534996032714844,0.2699592709541321
526,sustained_new,6,3.096222400665283,0.8620774149894714,0.39135703444480896,0.4165058135986328,0.2699867784976959
526,sustained_new,7,3.376305341720581,0.8374665379524231,0.389590859413147,0.41813236474990845,0.2700774669647217
526,sustained_new,8,3.620335817337036,0.8144328594207764,0.38799551129341125,0.42003631591796875,0.27022355794906616
526,shock_recovery,0,0.7661024928092957,0.9908134937286377,0.40327540040016174,0.4225233495235443,0.27075842022895813
526,shock_recovery,1,0.8121693730354309,0.9910696148872375,0.4036533236503601,0.4226103723049164,0.28826168179512024
526,shock_recovery,2,0.9814174175262451,0.9882163405418396,0.40392377972602844,0.42267906665802,0.2880879044532776
526,shock_recovery,3,1.1900689601898193,0.9831997156143188,0.40411725640296936,0.4227292239665985,0.28793272376060486
526,shock_recovery,4,1.4013211727142334,0.976722240447998,0.4042498469352722,0.422762006521225,0.28779417276382446
275,stable_old,1,0.3766292333602905,0.9986011981964111,0.14253780245780945,0.16262656450271606,0.2877774238586426
275,stable_old,2,0.7056633234024048,0.9947758913040161,0.14385895431041718,0.16432999074459076,0.2880331873893738
275,stable_old,3,0.9978935718536377,0.9890578985214233,0.14487141370773315,0.16572317481040955,0.28827106952667236
275,stable_old,4,1.2596139907836914,0.9819483757019043,0.145626038312912,0.16682285070419312,0.28848356008529663
275,stable_old,5,1.494752049446106,0.9738990664482117,0.14616401493549347,0.16766215860843658,0.2886679768562317
275,stable_old,6,1.706100583076477,0.9652973413467407,0.1465192437171936,0.16827674210071564,0.28882458806037903
275,stable_old,7,1.8959577083587646,0.9564559459686279,0.1467200517654419,0.16869936883449554,0.2889552414417267
275,stable_old,8,2.066413402557373,0.947614312171936,0.14679062366485596,0.16895835101604462,0.2890625596046448
275,sustained_new,1,0.9808862209320068,0.9846516847610474,0.14061373472213745,0.16212938725948334,0.17125171422958374
275,sustained_new,2,1.794795274734497,0.9469901919364929,0.13990850746631622,0.16402767598628998,0.17715179920196533
275,sustained_new,3,2.4654293060302734,0.8999335169792175,0.13923314213752747,0.16590340435504913,0.18267346918582916
275,sustained_new,4,3.0150198936462402,0.8526616096496582,0.1387793868780136,0.16766315698623657,0.18771877884864807
275,sustained_new,5,3.4639904499053955,0.8097200393676758,0.1385118067264557,0.1693052500486374,0.1922750622034073
275,sustained_new,6,3.830557346343994,0.7725432515144348,0.13836215436458588,0.17083869874477386,0.1963634490966797
275,sustained_new,7,4.130504608154297,0.7410106062889099,0.13828501105308533,0.17227107286453247,0.200023353099823
275,sustained_new,8,4.377142906188965,0.7144028544425964,0.13825508952140808,0.1736091822385788,0.20330096781253815
275,shock_recovery,0,0.9808862209320068,0.9846516847610474,0.14061373472213745,0.16212938725948334,0.17125171422958374
275,shock_recovery,1,0.8737066388130188,0.9880328178405762,0.14208289980888367,0.1635601818561554,0.28802764415740967
275,shock_recovery,2,0.9695352911949158,0.986857533454895,0.14325863122940063,0.16483360528945923,0.28822097182273865
275,shock_recovery,3,1.1587250232696533,0.9827046990394592,0.14417968690395355,0.16590745747089386,0.28840968012809753
275,shock_recovery,4,1.3724985122680664,0.9765534996986389,0.14488311111927032,0.1667793095111847,0.2885863780975342
346,stable_old,1,0.24189075827598572,0.9997971057891846,0.3651547431945801,0.28008946776390076,0.059036269783973694
346,stable_old,2,0.4652981162071228,0.9992413520812988,0.36763879656791687,0.2799752950668335,0.05851902812719345
346,stable_old,3,0.67268306016922,0.9983949661254883,0.3696467876434326,0.27983373403549194,0.058131735771894455
346,stable_old,4,0.86597740650177,0.9973045587539673,0.3712916970252991,0.27968379855155945,0.05783657357096672
346,stable_old,5,1.0467407703399658,0.9960063695907593,0.3726554214954376,0.2795374095439911,0.05760809779167175
346,stable_old,6,1.2162604331970215,0.9945290684700012,0.3737978935241699,0.27940139174461365,0.057428717613220215
346,stable_old,7,1.3756189346313477,0.9928961992263794,0.37476396560668945,0.27928003668785095,0.05728629231452942
346,stable_old,8,1.5257402658462524,0.9911277890205383,0.37558746337890625,0.27917546033859253,0.05717218667268753
346,sustained_new,1,0.6913347244262695,0.99090975522995,0.36949363350868225,0.28051185607910156,0.15801261365413666
346,sustained_new,2,1.2697879076004028,0.9764635562896729,0.3738212287425995,0.28053244948387146,0.15601608157157898
346,sustained_new,3,1.7595398426055908,0.9622137546539307,0.3765132427215576,0.28053560853004456,0.1546602100133896
346,sustained_new,4,2.1771349906921387,0.9489671587944031,0.3782891035079956,0.2806115746498108,0.15359607338905334
346,sustained_new,5,2.5349435806274414,0.9367466568946838,0.3795167803764343,0.28077107667922974,0.15272407233715057
346,sustained_new,6,2.842658042907715,0.925440788269043,0.3803968131542206,0.28100159764289856,0.15201818943023682
346,sustained_new,7,3.108079195022583,0.9149307608604431,0.3810446858406067,0.28128594160079956,0.15146929025650024
346,sustained_new,8,3.337596893310547,0.9051154255867004,0.3815303444862366,0.2816079556941986,0.15106892585754395
346,shock_recovery,0,0.6913347244262695,0.99090975522995,0.36949363350868225,0.28051185607910156,0.15801261365413666
346,shock_recovery,1,0.8717145323753357,0.9907664656639099,0.37125423550605774,0.2803538143634796,0.057845257222652435
346,shock_recovery,2,1.048370599746704,0.9901246428489685,0.37271007895469666,0.28019604086875916,0.05803355574607849
346,shock_recovery,3,1.2177965641021729,0.98911052942276,0.37392425537109375,0.28004878759384155,0.05805867165327072
346,shock_recovery,4,1.3789697885513306,0.987808883190155,0.37494590878486633,0.2799173593521118,0.058009639382362366
787,stable_old,1,0.405876487493515,0.9983247518539429,0.3555639088153839,0.2847885489463806,0.2716693878173828
787,stable_old,2,0.7671052813529968,0.9936472177505493,0.35167813301086426,0.2784959673881531,0.2720862925052643
787,stable_old,3,1.0919305086135864,0.986561119556427,0.3479200303554535,0.2733463943004608,0.27242791652679443
787,stable_old,4,1.3846834897994995,0.9777000546455383,0.3444863557815552,0.2692955732345581,0.2727257311344147
787,stable_old,5,1.6479644775390625,0.9676735401153564,0.3414666950702667,0.2662337124347687,0.27299898862838745
787,stable_old,6,1.8838069438934326,0.957017183303833,0.3388765752315521,0.2640165090560913,0.27325862646102905
787,stable_old,7,2.0941836833953857,0.9461678862571716,0.33669155836105347,0.26249486207962036,0.2735100984573364
787,stable_old,8,2.2811474800109863,0.9354575872421265,0.3348710238933563,0.261532723903656,0.27375519275665283
787,sustained_new,1,0.7615931034088135,0.9909324049949646,0.35168078541755676,0.2848527729511261,0.26900550723075867
787,sustained_new,2,1.35312020778656,0.9725408554077148,0.3458814322948456,0.28009605407714844,0.2683902978897095
787,sustained_new,3,1.8207120895385742,0.9518712759017944,0.34142157435417175,0.27730903029441833,0.267864853143692
787,sustained_new,4,2.196054458618164,0.9316457509994507,0.3378625214099884,0.27584779262542725,0.2674422264099121
787,sustained_new,5,2.501343011856079,0.9128428101539612,0.3349232077598572,0.2752300798892975,0.2671162486076355
787,sustained_new,6,2.752462863922119,0.895750880241394,0.3324503004550934,0.2751355469226837,0.26687201857566833
787,sustained_new,7,2.961045742034912,0.880382776260376,0.33035844564437866,0.27535393834114075,0.26669251918792725
787,sustained_new,8,3.135802984237671,0.8666394352912903,0.32859113812446594,0.27574393153190613,0.2665618062019348
787,shock_recovery,0,0.7615931034088135,0.9909324049949646,0.35168078541755676,0.2848527729511261,0.26900550723075867
787,shock_recovery,1,0.9353689551353455,0.9882863759994507,0.34865623712539673,0.2789209187030792,0.2716793119907379
787,shock_recovery,2,1.1810977458953857,0.9826028347015381,0.34554022550582886,0.2739827334880829,0.27217134833335876
787,shock_recovery,3,1.43557608127594,0.9747790098190308,0.3425784111022949,0.2700323164463043,0.2725735604763031
787,shock_recovery,4,1.6779602766036987,0.9655412435531616,0.33990344405174255,0.2669922411441803,0.2729206085205078
55,stable_old,1,0.329379141330719,0.9991112947463989,0.28452420234680176,0.1823834925889969,0.28936535120010376
55,stable_old,2,0.5958402156829834,0.9969061017036438,0.28441840410232544,0.18181920051574707,0.2893584966659546
55,stable_old,3,0.8140355348587036,0.993927001953125,0.2843119204044342,0.18128719925880432,0.2893636226654053
55,stable_old,4,0.9945974946022034,0.9905508756637573,0.284207820892334,0.1808275580406189,0.289376437664032
55,stable_old,5,1.1454519033432007,0.9870284199714661,0.28410765528678894,0.18045353889465332,0.28939366340637207
55,stable_old,6,1.2726364135742188,0.9835199117660522,0.28401216864585876,0.18016432225704193,0.2894126772880554
55,stable_old,7,1.3808284997940063,0.9801214337348938,0.2839215099811554,0.1799524873495102,0.28943169116973877
55,stable_old,8,1.4736932516098022,0.9768850803375244,0.2838353216648102,0.17980776727199554,0.28944963216781616
55,sustained_new,1,0.4687249958515167,0.9972468018531799,0.28472772240638733,0.1831875741481781,0.2777697443962097
55,sustained_new,2,0.8564593195915222,0.990899384021759,0.28478485345840454,0.1830863654613495,0.277601420879364
55,sustained_new,3,1.1791521310806274,0.9828327298164368,0.284839928150177,0.18282845616340637,0.27753695845603943
55,sustained_new,4,1.448843240737915,0.9741259813308716,0.2849057614803314,0.18254372477531433,0.2775357961654663
55,sustained_new,5,1.674943208694458,0.9654146432876587,0.28498244285583496,0.18228194117546082,0.2775736451148987
55,sustained_new,6,1.8650065660476685,0.9570651650428772,0.285065621137619,0.18205030262470245,0.27763527631759644
55,sustained_new,7,2.0251970291137695,0.9492753744125366,0.28515058755874634,0.1818402111530304,0.27771061658859253
55,sustained_new,8,2.1604902744293213,0.9421414136886597,0.28523388504981995,0.18164052069187164,0.2777920365333557
55,shock_recovery,0,0.4687249958515167,0.9972468018531799,0.28472772240638733,0.1831875741481781,0.2777697443962097
55,shock_recovery,1,0.6478146910667419,0.9957576990127563,0.28454187512397766,0.1826717108488083,0.28930211067199707
55,shock_recovery,2,0.8340621590614319,0.9932754039764404,0.2843831181526184,0.1821015179157257,0.289316862821579
55,shock_recovery,3,1.0010193586349487,0.9902250170707703,0.2842463254928589,0.18156251311302185,0.2893388271331787
55,shock_recovery,4,1.1458144187927246,0.9869055151939392,0.284126341342926,0.1810959130525589,0.2893640697002411
88,stable_old,1,0.425415962934494,0.9992018938064575,0.27128317952156067,0.26443803310394287,0.0916367694735527
88,stable_old,2,0.8330873250961304,0.997067391872406,0.26491931080818176,0.26653537154197693,0.09382830560207367
88,stable_old,3,1.2174301147460938,0.9939807653427124,0.2591496706008911,0.2684343159198761,0.09607948362827301
88,stable_old,4,1.5738075971603394,0.9902843236923218,0.2540448009967804,0.27010151743888855,0.09836728870868683
88,stable_old,5,1.8990505933761597,0.9862548112869263,0.24961142241954803,0.27152660489082336,0.1006697416305542
88,stable_old,6,2.1913089752197266,0.982103705406189,0.24582040309906006,0.27271395921707153,0.1028839647769928
88,stable_old,7,2.4503214359283447,0.9779807329177856,0.24261660873889923,0.2736804783344269,0.10496912896633148
88,stable_old,8,2.6771631240844727,0.973983883857727,0.23993264138698578,0.27444982528686523,0.10689705610275269
88,sustained_new,1,0.5817534327507019,0.9947776794433594,0.2695218026638031,0.2658222019672394,0.12381333112716675
88,sustained_new,2,1.115767002105713,0.9842013716697693,0.2624988853931427,0.2689463496208191,0.12886326014995575
88,sustained_new,3,1.5957858562469482,0.9718721508979797,0.2568260133266449,0.2715076208114624,0.13326022028923035
88,sustained_new,4,2.019674301147461,0.9590809345245361,0.2522296607494354,0.2735294699668884,0.13693904876708984
88,sustained_new,5,2.388777494430542,0.9463526010513306,0.2484581619501114,0.27507683634757996,0.13994498550891876
88,sustained_new,6,2.7067766189575195,0.9339389204978943,0.2453124225139618,0.2762261629104614,0.14236858487129211
88,sustained_new,7,2.978631019592285,0.921981930732727,0.24264566600322723,0.2770509123802185,0.1443134844303131
88,sustained_new,8,3.2097887992858887,0.9105705618858337,0.24035297334194183,0.27761590480804443,0.1458795815706253
88,shock_recovery,0,0.5817534327507019,0.9947776794433594,0.2695218026638031,0.2658222019672394,0.12381333112716675
88,shock_recovery,1,0.9351491332054138,0.9945027828216553,0.26341840624809265,0.2678280770778656,0.09477478265762329
88,shock_recovery,2,1.2944684028625488,0.9925370216369629,0.25785985589027405,0.26963189244270325,0.0970185250043869
88,shock_recovery,3,1.6351679563522339,0.9895393252372742,0.2529197335243225,0.2712087035179138,0.09928646683692932
88,shock_recovery,4,1.9488143920898438,0.9859604835510254,0.24861478805541992,0.2725517749786377,0.10153097659349442
408,stable_old,1,0.43262213468551636,0.9984638690948486,0.3007156252861023,0.2582738399505615,0.22680780291557312
408,stable_old,2,0.809981644153595,0.994308590888977,0.3021489083766937,0.25824931263923645,0.229719877243042
408,stable_old,3,1.1407034397125244,0.9881808161735535,0.30355989933013916,0.2581009864807129,0.23236766457557678
408,stable_old,4,1.431494951248169,0.9806442260742188,0.3049539029598236,0.2578585743904114,0.23479095101356506
408,stable_old,5,1.6878864765167236,0.9721603989601135,0.3063289225101471,0.2575424909591675,0.237019881606102
408,stable_old,6,1.914598822593689,0.9630898833274841,0.30767786502838135,0.2571661174297333,0.23907679319381714
408,stable_old,7,2.1157073974609375,0.9537062644958496,0.30899056792259216,0.2567391097545624,0.2409779131412506
408,stable_old,8,2.29472279548645,0.9442141652107239,0.3102554380893707,0.2562697231769562,0.2427348643541336
408,sustained_new,1,1.1871213912963867,0.9703163504600525,0.3001287877559662,0.25859177112579346,0.22384163737297058
408,sustained_new,2,2.1110117435455322,0.9121394157409668,0.30146169662475586,0.25800570845603943,0.23304243385791779
408,sustained_new,3,2.8242504596710205,0.8538085222244263,0.30296799540519714,0.2570520043373108,0.2390696108341217
408,sustained_new,4,3.3737289905548096,0.8040195107460022,0.3043912351131439,0.25604575872421265,0.24297958612442017
408,sustained_new,5,3.7984163761138916,0.7633649110794067,0.3056497573852539,0.2550904452800751,0.24555182456970215
408,sustained_new,6,4.128386497497559,0.7304337620735168,0.3067012429237366,0.25421810150146484,0.24723872542381287
408,sustained_new,7,4.386436462402344,0.7036505341529846,0.3075398802757263,0.25343212485313416,0.2483348548412323
408,sustained_new,8,4.58978271484375,0.6816875338554382,0.3081865608692169,0.2527232766151428,0.24903419613838196
408,shock_recovery,0,1.1871213912963867,0.9703163504600525,0.3001287877559662,0.25859177112579346,0.22384163737297058
408,shock_recovery,1,1.2427552938461304,0.9730921983718872,0.301601380109787,0.2584259510040283,0.23477226495742798
408,shock_recovery,2,1.4200142621994019,0.9713752269744873,0.30312344431877136,0.25817301869392395,0.23639994859695435
408,shock_recovery,3,1.6310559511184692,0.9669869542121887,0.30464833974838257,0.25785404443740845,0.23799413442611694
408,shock_recovery,4,1.8395382165908813,0.9609247446060181,0.3061465919017792,0.25748106837272644,0.23956167697906494
299,stable_old,1,0.3346259295940399,0.999098539352417,0.27778851985931396,0.30256158113479614,0.26985055208206177
299,stable_old,2,0.6142191886901855,0.9967067241668701,0.27747827768325806,0.30246028304100037,0.26967036724090576
299,stable_old,3,0.853006899356842,0.9932239055633545,0.2770543396472931,0.30234020948410034,0.2695724070072174
299,stable_old,4,1.060531497001648,0.9889683723449707,0.2765730619430542,0.30222833156585693,0.2695315480232239
299,stable_old,5,1.243384599685669,0.9841877222061157,0.27607423067092896,0.30213817954063416,0.2695271670818329
299,stable_old,6,1.4062767028808594,0.979071855545044,0.275585800409317,0.3020746111869812,0.26954367756843567
299,stable_old,7,1.5526912212371826,0.9737623333930969,0.27512726187705994,0.30203714966773987,0.2695695459842682
299,stable_old,8,1.6852869987487793,0.968363881111145,0.274711549282074,0.30202239751815796,0.26959678530693054
299,sustained_new,1,0.9188832640647888,0.9868070483207703,0.28749531507492065,0.3009732663631439,0.2855808734893799
299,sustained_new,2,1.6860913038253784,0.9566169381141663,0.2940586805343628,0.2996476888656616,0.28537052869796753
299,sustained_new,3,2.316014528274536,0.9201128482818604,0.29837772250175476,0.298644483089447,0.2851931154727936
299,sustained_new,4,2.8269095420837402,0.8835976719856262,0.30123037099838257,0.2978581488132477,0.28506210446357727
299,sustained_new,5,3.2383346557617188,0.8501145839691162,0.3031297028064728,0.29720988869667053,0.2849781811237335
299,sustained_new,6,3.568624258041382,0.8207620978355408,0.304392009973526,0.2966655194759369,0.2849313020706177
299,sustained_new,7,3.8337080478668213,0.7956438660621643,0.30522146821022034,0.29621201753616333,0.2849098742008209
299,sustained_new,8,4.046841621398926,0.7744194269180298,0.305755615234375,0.29584136605262756,0.28490445017814636
299,shock_recovery,0,0.9188832640647888,0.9868070483207703,0.28749531507492065,0.3009732663631439,0.2855808734893799
299,shock_recovery,1,0.9529404640197754,0.9874460101127625,0.2858416736125946,0.3012198209762573,0.2691993713378906
299,shock_recovery,2,1.0685756206512451,0.9859007596969604,0.2842833995819092,0.3013417422771454,0.26929301023483276
299,shock_recovery,3,1.2111191749572754,0.9829761981964111,0.2828364074230194,0.3014029264450073,0.2694171667098999
299,shock_recovery,4,1.3563919067382812,0.9791626334190369,0.28151267766952515,0.30144232511520386,0.2695547938346863
740,stable_old,1,0.34850868582725525,0.9990671277046204,0.40017858147621155,0.39515015482902527,0.23658016324043274
740,stable_old,2,0.6380176544189453,0.996610701084137,0.4002249240875244,0.3946290910243988,0.2353263944387436
740,stable_old,3,0.8825639486312866,0.9930835366249084,0.3997957408428192,0.3940129280090332,0.23433971405029297
740,stable_old,4,1.0917280912399292,0.988856315612793,0.39899149537086487,0.3933212161064148,0.23357999324798584
740,stable_old,5,1.2722992897033691,0.9842203855514526,0.3978830575942993,0.3925674557685852,0.23300668597221375
740,stable_old,6,1.4293131828308105,0.9793951511383057,0.3965246379375458,0.39176079630851746,0.23258352279663086
740,stable_old,7,1.5666769742965698,0.97453773021698,0.3949611783027649,0.3909074366092682,0.2322799116373062
740,stable_old,8,1.6875396966934204,0.9697543978691101,0.3932308852672577,0.39001181721687317,0.23207081854343414
740,sustained_new,1,0.49314048886299133,0.9961232542991638,0.40075117349624634,0.3999088406562805,0.20028027892112732
740,sustained_new,2,0.9361494779586792,0.9862884283065796,0.4004542827606201,0.4030124843120575,0.2002618908882141
740,sustained_new,3,1.339619755744934,0.9723241925239563,0.3989807367324829,0.40533751249313354,0.2004021406173706
740,sustained_new,4,1.7108690738677979,0.9553745985031128,0.3965607285499573,0.4072180986404419,0.20073960721492767
740,sustained_new,5,2.054786205291748,0.9362428188323975,0.3933504819869995,0.4088551998138428,0.20127081871032715
740,sustained_new,6,2.374546766281128,0.9155629277229309,0.38948073983192444,0.41033685207366943,0.20197328925132751
740,sustained_new,7,2.6721837520599365,0.8938753008842468,0.3850899338722229,0.41166579723358154,0.20281818509101868
740,sustained_new,8,2.9490275382995605,0.8716570734977722,0.380341112613678,0.4127940833568573,0.2037781924009323
740,shock_recovery,0,0.49314048886299133,0.9961232542991638,0.40075117349624634,0.3999088406562805,0.20028027892112732
740,shock_recovery,1,0.6185492873191833,0.9957415461540222,0.4004582166671753,0.39891621470451355,0.23640131950378418
740,shock_recovery,2,0.8201298713684082,0.9934677481651306,0.39977601170539856,0.3978973627090454,0.2351292371749878
740,shock_recovery,3,1.0219452381134033,0.9899527430534363,0.39877837896347046,0.3968585133552551,0.23411618173122406
740,shock_recovery,4,1.2066372632980347,0.9856671094894409,0.3975163698196411,0.3958061635494232,0.23332597315311432
332,stable_old,1,0.3236272931098938,0.9993255138397217,0.26837658882141113,0.15601877868175507,0.26564112305641174
332,stable_old,2,0.5879572033882141,0.9975385665893555,0.268283486366272,0.15635791420936584,0.2658945322036743
332,stable_old,3,0.8089524507522583,0.994931697845459,0.2683213949203491,0.15665766596794128,0.26618945598602295
332,stable_old,4,0.9975875616073608,0.9917325377464294,0.2684536278247833,0.156922847032547,0.2664948105812073
332,stable_old,5,1.1614818572998047,0.9881187677383423,0.2686551511287689,0.157161146402359,0.2667900025844574
332,stable_old,6,1.3060146570205688,0.9842281341552734,0.2689080536365509,0.15738047659397125,0.26706168055534363
332,stable_old,7,1.4350743293762207,0.9801652431488037,0.26919907331466675,0.15758779644966125,0.2673018276691437
332,stable_old,8,1.5515522956848145,0.9760076999664307,0.26951831579208374,0.15778842568397522,0.267505943775177
332,sustained_new,1,0.9355630874633789,0.9861143827438354,0.2660793364048004,0.1619623899459839,0.28589701652526855
332,sustained_new,2,1.6706962585449219,0.957034170627594,0.2652871608734131,0.16612069308757782,0.286091148853302
332,sustained_new,3,2.2681405544281006,0.9228397011756897,0.2651126980781555,0.16870196163654327,0.2862676978111267
332,sustained_new,4,2.7648816108703613,0.8876439929008484,0.2652372121810913,0.17017216980457306,0.28643420338630676
332,sustained_new,5,3.1839375495910645,0.8532721400260925,0.2655062973499298,0.17082971334457397,0.28657954931259155
332,sustained_new,6,3.5396602153778076,0.8207385540008545,0.2656678259372711,0.17093130946159363,0.2866954505443573
332,sustained_new,7,3.844393730163574,0.7903704643249512,0.26568201184272766,0.1706479787826538,0.28678637742996216
332,sustained_new,8,4.1068243980407715,0.7623372673988342,0.2655142843723297,0.1701173633337021,0.2868514657020569
332,shock_recovery,0,0.9355630874633789,0.9861143827438354,0.2660793364048004,0.1619623899459839,0.28589701652526855
332,shock_recovery,1,0.9466810822486877,0.9876652956008911,0.266032874584198,0.16124527156352997,0.26445603370666504
332,shock_recovery,2,1.0292060375213623,0.9874083399772644,0.2661910355091095,0.16064822673797607,0.2650796175003052
332,shock_recovery,3,1.1373913288116455,0.986001193523407,0.2664714455604553,0.16016177833080292,0.26561516523361206
332,shock_recovery,4,1.2502329349517822,0.9838312864303589,0.26682689785957336,0.15977221727371216,0.2660800516605377
865,stable_old,1,0.35399746894836426,0.9994366765022278,0.22308194637298584,0.4335561692714691,0.17182657122612
865,stable_old,2,0.6534581780433655,0.9979483485221863,0.22339804470539093,0.43442171812057495,0.1688794642686844
865,stable_old,3,0.9087803363800049,0.995789110660553,0.22357311844825745,0.43495792150497437,0.16632218658924103
865,stable_old,4,1.1280556917190552,0.993158221244812,0.2236364185810089,0.4352535307407379,0.1641429215669632
865,stable_old,5,1.3176116943359375,0.9902091026306152,0.22361105680465698,0.43536972999572754,0.16231203079223633
865,stable_old,6,1.4824352264404297,0.9870606064796448,0.22351598739624023,0.4353504776954651,0.16079241037368774
865,stable_old,7,1.6264959573745728,0.9838034510612488,0.22336682677268982,0.4352285861968994,0.1595454066991806
865,stable_old,8,1.7529875040054321,0.9805054068565369,0.22317679226398468,0.4350292384624481,0.15853433310985565
865,sustained_new,1,0.7305153012275696,0.9878503680229187,0.2209034413099289,0.4284707009792328,0.1810535192489624
865,sustained_new,2,1.378927230834961,0.9593228101730347,0.21895918250083923,0.4231925308704376,0.18600448966026306
865,sustained_new,3,1.94386625289917,0.9236339926719666,0.21706841886043549,0.41696232557296753,0.18972256779670715
865,sustained_new,4,2.4327263832092285,0.8861178755760193,0.21539318561553955,0.410144567489624,0.19286397099494934
865,sustained_new,5,2.855111598968506,0.8494276404380798,0.21395958960056305,0.4029633700847626,0.19577524065971375
865,sustained_new,6,3.2202606201171875,0.8147575259208679,0.21273329854011536,0.3956112861633301,0.198586568236351
865,sustained_new,7,3.536281108856201,0.7825817465782166,0.21167758107185364,0.38831689953804016,0.20131386816501617
865,sustained_new,8,3.810068130493164,0.7530360817909241,0.21077373623847961,0.38134998083114624,0.20392575860023499
865,shock_recovery,0,0.7305153012275696,0.9878503680229187,0.2209034413099289,0.4284707009792328,0.1810535192489624
865,shock_recovery,1,0.8191983699798584,0.9898740649223328,0.2214176207780838,0.43017736077308655,0.18053512275218964
865,shock_recovery,2,0.992134153842926,0.9896131753921509,0.22171570360660553,0.4312397241592407,0.17614620923995972
865,shock_recovery,3,1.1794795989990234,0.988021194934845,0.22186888754367828,0.4319017827510834,0.1728924661874771
865,shock_recovery,4,1.3572218418121338,0.9856283068656921,0.2219197303056717,0.43229779601097107,0.17037361860275269
76,stable_old,1,0.3826325833797455,0.9986412525177002,0.19713684916496277,0.16389870643615723,0.27823638916015625
76,stable_old,2,0.711383581161499,0.9950233697891235,0.19575445353984833,0.16296936571598053,0.27792370319366455
76,stable_old,3,0.999523401260376,0.9897015690803528,0.19444730877876282,0.1619734913110733,0.2777143120765686
76,stable_old,4,1.2563508749008179,0.9830916523933411,0.19321967661380768,0.16095402836799622,0.27758926153182983
76,stable_old,5,1.488447904586792,0.9755069017410278,0.1920730620622635,0.1599401831626892,0.27753210067749023
76,stable_old,6,1.7005047798156738,0.9671900272369385,0.19100739061832428,0.15895207226276398,0.2775290012359619
76,stable_old,7,1.8958820104599,0.958333432674408,0.1900216042995453,0.158003568649292,0.27756842970848083
76,stable_old,8,2.0770018100738525,0.9490953087806702,0.1891138106584549,0.1571035236120224,0.27764081954956055
76,sustained_new,1,1.1696988344192505,0.9776077270507812,0.20732462406158447,0.16693487763404846,0.2848953306674957
76,sustained_new,2,2.0955159664154053,0.9291356205940247,0.21289785206317902,0.16736696660518646,0.28478530049324036
76,sustained_new,3,2.84082293510437,0.8728267550468445,0.21605932712554932,0.1672077476978302,0.28480467200279236
76,sustained_new,4,3.4475696086883545,0.8173258304595947,0.21777082979679108,0.16690370440483093,0.28490978479385376
76,sustained_new,5,3.9445834159851074,0.7662903666496277,0.21869495511054993,0.1665809154510498,0.28506147861480713
76,sustained_new,6,4.352929592132568,0.7210050821304321,0.21920111775398254,0.16626586019992828,0.28522759675979614
76,sustained_new,7,4.68889856338501,0.6816286444664001,0.21948514878749847,0.1659654974937439,0.28538668155670166
76,sustained_new,8,4.96556282043457,0.6478011012077332,0.2196536660194397,0.16568513214588165,0.2855272889137268
76,shock_recovery,0,1.1696988344192505,0.9776077270507812,0.20732462406158447,0.16693487763404846,0.2848953306674957
76,shock_recovery,1,1.152909517288208,0.9798903465270996,0.2034986913204193,0.1656680703163147,0.2787412405014038
76,shock_recovery,2,1.2722123861312866,0.9778429269790649,0.20047713816165924,0.16426873207092285,0.2784619927406311
76,shock_recovery,3,1.4474549293518066,0.9731545448303223,0.1980256885290146,0.16284792125225067,0.27831971645355225
76,shock_recovery,4,1.6382460594177246,0.9667161703109741,0.19598791003227234,0.1614704430103302,0.27826210856437683
942,stable_old,1,0.3757312595844269,0.9988746047019958,0.17847588658332825,0.18842878937721252,0.15197816491127014
942,stable_old,2,0.6975171566009521,0.995955228805542,0.18062959611415863,0.19057081639766693,0.15208236873149872
942,stable_old,3,0.973471462726593,0.9918556809425354,0.182088702917099,0.192870631814003,0.15224187076091766
942,stable_old,4,1.210181474685669,0.9870704412460327,0.18301822245121002,0.19511905312538147,0.1524454802274704
942,stable_old,5,1.4132379293441772,0.9819706082344055,0.1835678666830063,0.19721238315105438,0.15268032252788544
942,stable_old,6,1.5874820947647095,0.9768189191818237,0.18385662138462067,0.19910992681980133,0.15293371677398682
942,stable_old,7,1.7371294498443604,0.9717910885810852,0.18397203087806702,0.20080478489398956,0.1531943380832672
942,stable_old,8,1.8658418655395508,0.9669967889785767,0.18397532403469086,0.20230655372142792,0.15345284342765808
942,sustained_new,1,1.2513928413391113,0.9623594880104065,0.18416166305541992,0.1873999834060669,0.24805590510368347
942,sustained_new,2,2.2096071243286133,0.8923335671424866,0.19008910655975342,0.1897815465927124,0.25012919306755066
942,sustained_new,3,2.9442620277404785,0.8235990405082703,0.19397595524787903,0.19286684691905975,0.25164633989334106
942,sustained_new,4,3.5117950439453125,0.7647551894187927,0.19632351398468018,0.19608305394649506,0.25286149978637695
942,sustained_new,5,3.954831838607788,0.7159525156021118,0.1975405216217041,0.19917534291744232,0.25387123227119446
942,sustained_new,6,4.3046393394470215,0.6754904389381409,0.19795937836170197,0.20204441249370575,0.2547130584716797
942,sustained_new,7,4.583995819091797,0.6416470408439636,0.19783823192119598,0.20466230809688568,0.25541141629219055
942,sustained_new,8,4.809564590454102,0.6130404472351074,0.19736769795417786,0.20703132450580597,0.2559891939163208
942,shock_recovery,0,1.2513928413391113,0.9623594880104065,0.18416166305541992,0.1873999834060669,0.24805590510368347
942,shock_recovery,1,1.2776941061019897,0.9669771790504456,0.18483500182628632,0.18933674693107605,0.1554669588804245
942,shock_recovery,2,1.3819818496704102,0.9679060578346252,0.1850799322128296,0.19156168401241302,0.15521268546581268
942,shock_recovery,3,1.5146424770355225,0.9667664766311646,0.185036301612854,0.19380469620227814,0.15515604615211487
942,shock_recovery,4,1.6501243114471436,0.9644782543182373,0.18481621146202087,0.1959320306777954,0.15523526072502136
256,stable_old,1,0.345236212015152,0.9991748929023743,0.29627931118011475,0.15228089690208435,0.11345174908638
256,stable_old,2,0.6507330536842346,0.9967620968818665,0.29636937379837036,0.15189267694950104,0.11304893344640732
256,stable_old,3,0.9246702790260315,0.9929349422454834,0.2965318262577057,0.15160857141017914,0.1126774251461029
256,stable_old,4,1.1724886894226074,0.987934410572052,0.29672524333000183,0.15140831470489502,0.11234993487596512
256,stable_old,5,1.3978835344314575,0.9820249080657959,0.2969217896461487,0.15127888321876526,0.11208244413137436
256,stable_old,6,1.6034997701644897,0.975461483001709,0.29710355401039124,0.15121042728424072,0.11188769340515137
256,stable_old,7,1.7913732528686523,0.9684699177742004,0.29725974798202515,0.15119445323944092,0.11177336424589157
256,stable_old,8,1.9631930589675903,0.961236834526062,0.2973847985267639,0.15122319757938385,0.11174239218235016
256,sustained_new,1,0.7487146854400635,0.9875420331954956,0.2995861768722534,0.1533442586660385,0.16205507516860962
256,sustained_new,2,1.3478928804397583,0.9633350372314453,0.3019358217716217,0.15410389006137848,0.15827451646327972
256,sustained_new,3,1.8451697826385498,0.9357170462608337,0.3037860095500946,0.1547287255525589,0.1566803753376007
256,sustained_new,4,2.2697815895080566,0.9070233702659607,0.3053355813026428,0.1551317572593689,0.15637339651584625
256,sustained_new,5,2.640613079071045,0.8779115676879883,0.3066062927246094,0.15538476407527924,0.15685799717903137
256,sustained_new,6,2.970400810241699,0.8485780954360962,0.3075686991214752,0.15557986497879028,0.15787243843078613
256,sustained_new,7,3.2679390907287598,0.8191179633140564,0.3082033395767212,0.15577436983585358,0.15935033559799194
256,sustained_new,8,3.539400339126587,0.7896266579627991,0.30852895975112915,0.15599678456783295,0.1612488031387329
256,shock_recovery,0,0.7487146854400635,0.9875420331954956,0.2995861768722534,0.1533442586660385,0.16205507516860962
256,shock_recovery,1,0.9396829009056091,0.9857313632965088,0.299210786819458,0.15285442769527435,0.11438257247209549
256,shock_recovery,2,1.156623125076294,0.9821457862854004,0.2989524304866791,0.15248756110668182,0.11605904996395111
256,shock_recovery,3,1.3733891248703003,0.977127730846405,0.2987702488899231,0.15222866833209991,0.11671362072229385
256,shock_recovery,4,1.580615758895874,0.9710221886634827,0.2986331582069397,0.15206129848957062,0.11689186096191406
439,stable_old,1,0.40906280279159546,0.998947262763977,0.20966917276382446,0.33806291222572327,0.10027360171079636
439,stable_old,2,0.7901802062988281,0.9956678748130798,0.2081572711467743,0.3375692069530487,0.10295597463846207
439,stable_old,3,1.1448014974594116,0.9901050329208374,0.20689107477664948,0.3366161584854126,0.10510183125734329
439,stable_old,4,1.4742354154586792,0.9823686480522156,0.20587073266506195,0.33529385924339294,0.10674664378166199
439,stable_old,5,1.779444694519043,0.9727138876914978,0.2050783485174179,0.3337095081806183,0.10794384777545929
439,stable_old,6,2.0610742568969727,0.9615009427070618,0.20448432862758636,0.3319716155529022,0.10875202715396881
439,stable_old,7,2.3196096420288086,0.9491438865661621,0.20405428111553192,0.33017775416374207,0.10922878235578537
439,stable_old,8,2.5557005405426025,0.9360556602478027,0.20375528931617737,0.32840242981910706,0.10948455333709717
439,sustained_new,1,1.2704315185546875,0.9427282214164734,0.22268791496753693,0.32445743680000305,0.2376956045627594
439,sustained_new,2,2.2368106842041016,0.8619004487991333,0.22700485587120056,0.3166971802711487,0.24021250009536743
439,sustained_new,3,2.969623565673828,0.7957913875579834,0.2281360626220703,0.3133523464202881,0.2413899004459381
439,sustained_new,4,3.528303861618042,0.7443965077400208,0.22821812331676483,0.3119503855705261,0.24270892143249512
439,sustained_new,5,3.955653190612793,0.7041459083557129,0.22798915207386017,0.31138455867767334,0.243806391954422
439,sustained_new,6,4.2833709716796875,0.6721830368041992,0.2276799976825714,0.31119951605796814,0.2445722222328186
439,sustained_new,7,4.53535795211792,0.6464949250221252,0.22736075520515442,0.3111995756626129,0.2450580894947052
439,sustained_new,8,4.72971248626709,0.6256598830223083,0.22705121338367462,0.3112948536872864,0.24534660577774048
439,shock_recovery,0,1.2704315185546875,0.9427282214164734,0.22268791496753693,0.32445743680000305,0.2376956045627594
439,shock_recovery,1,1.458081841468811,0.9477121233940125,0.2211621254682541,0.3244115710258484,0.10986252874135971
439,shock_recovery,2,1.6938267946243286,0.9477480053901672,0.21990007162094116,0.3241327702999115,0.11207596212625504
439,shock_recovery,3,1.9459564685821533,0.9438996911048889,0.21886225044727325,0.3236616253852844,0.11419042944908142
439,shock_recovery,4,2.1973514556884766,0.9370023012161255,0.21802186965942383,0.32305219769477844,0.11598846316337585
584,stable_old,1,0.3799639940261841,0.9985641241073608,0.32055169343948364,0.18066971004009247,0.28590407967567444
584,stable_old,2,0.7240056991577148,0.9943581223487854,0.3189200758934021,0.18383309245109558,0.285983145236969
584,stable_old,3,1.0441460609436035,0.9875800609588623,0.3170528709888458,0.18682003021240234,0.2860848307609558
584,stable_old,4,1.3459224700927734,0.9785124063491821,0.3150199055671692,0.18961100280284882,0.28619420528411865
584,stable_old,5,1.6311205625534058,0.9675235152244568,0.31288793683052063,0.19218656420707703,0.28630295395851135
584,stable_old,6,1.8995285034179688,0.955055832862854,0.31071925163269043,0.1945231556892395,0.2864065170288086
584,stable_old,7,2.1500606536865234,0.9415950179100037,0.3085698187351227,0.19659771025180817,0.2865026295185089
584,stable_old,8,2.3814778327941895,0.9276344776153564,0.3064875304698944,0.19839294254779816,0.2865901589393616
584,sustained_new,1,1.3624546527862549,0.9693925380706787,0.32321301102638245,0.16032299399375916,0.2663338780403137
584,sustained_new,2,2.402122735977173,0.9037291407585144,0.32308638095855713,0.15148577094078064,0.2667308449745178
584,sustained_new,3,3.2004411220550537,0.8321141004562378,0.3227412700653076,0.1475747525691986,0.2670055627822876
584,sustained_new,4,3.8163444995880127,0.7675538063049316,0.3225674629211426,0.14632171392440796,0.26715224981307983
584,sustained_new,5,4.2945685386657715,0.7133296132087708,0.32253921031951904,0.146372988820076,0.26732587814331055
584,sustained_new,6,4.668845176696777,0.6688937544822693,0.32260772585868835,0.14706602692604065,0.26757240295410156
584,sustained_new,7,4.964457035064697,0.6326479315757751,0.32274261116981506,0.14809109270572662,0.26787734031677246
584,sustained_new,8,5.200284004211426,0.6029545664787292,0.32291683554649353,0.14929817616939545,0.26821208000183105
584,shock_recovery,0,1.3624546527862549,0.9693925380706787,0.32321301102638245,0.16032299399375916,0.2663338780403137
584,shock_recovery,1,1.1839274168014526,0.9776028394699097,0.32246673107147217,0.16800707578659058,0.285564661026001
584,shock_recovery,2,1.2291812896728516,0.9778487086296082,0.32072436809539795,0.17510028183460236,0.28583255410194397
584,shock_recovery,3,1.3913426399230957,0.9736487865447998,0.3185185194015503,0.180992990732193,0.2860596477985382
584,shock_recovery,4,1.6010178327560425,0.9664325714111328,0.3161258101463318,0.18575075268745422,0.2862379848957062
261,stable_old,1,0.34406524896621704,0.999114453792572,0.2875507175922394,0.2986251711845398,0.2773624062538147
261,stable_old,2,0.6327917575836182,0.9967237114906311,0.28825443983078003,0.2985537052154541,0.2772175073623657
261,stable_old,3,0.8819377422332764,0.9931528568267822,0.28907379508018494,0.29850104451179504,0.27715450525283813
261,stable_old,4,1.1019251346588135,0.9886561036109924,0.289959579706192,0.29846274852752686,0.2771587371826172
261,stable_old,5,1.2996883392333984,0.9834394454956055,0.2908778488636017,0.29843538999557495,0.27721506357192993
261,stable_old,6,1.4799038171768188,0.9776713252067566,0.2918051481246948,0.29841670393943787,0.27730998396873474
261,stable_old,7,1.6457892656326294,0.9714899063110352,0.29272493720054626,0.2984049916267395,0.27743202447891235
261,stable_old,8,1.7996140718460083,0.9650100469589233,0.2936255931854248,0.2983990013599396,0.27757197618484497
261,sustained_new,1,0.4591895341873169,0.997036337852478,0.2834750711917877,0.29742223024368286,0.21876196563243866
261,sustained_new,2,0.8648824095726013,0.9896948933601379,0.2813076674938202,0.29635950922966003,0.22371584177017212
261,sustained_new,3,1.224658489227295,0.9796488881111145,0.28021374344825745,0.29559430480003357,0.2281647026538849
261,sustained_new,4,1.5450036525726318,0.9679757356643677,0.2798820436000824,0.29508987069129944,0.23211392760276794
261,sustained_new,5,1.8313400745391846,0.9553861021995544,0.280060738325119,0.29478275775909424,0.23561567068099976
261,sustained_new,6,2.088141918182373,0.9423630237579346,0.28056207299232483,0.2946113348007202,0.23872749507427216
261,sustained_new,7,2.319093942642212,0.9292429685592651,0.28125429153442383,0.2945255637168884,0.24149931967258453
261,sustained_new,8,2.527235269546509,0.916266143321991,0.282049298286438,0.2944886386394501,0.24396578967571259
261,shock_recovery,0,0.4591895341873169,0.997036337852478,0.2834750711917877,0.29742223024368286,0.21876196563243866
261,shock_recovery,1,0.6269911527633667,0.9959376454353333,0.2846517562866211,0.2974351942539215,0.2786506414413452
261,shock_recovery,2,0.8526171445846558,0.993021547794342,0.28590676188468933,0.29747888445854187,0.27845311164855957
261,shock_recovery,3,1.0722914934158325,0.9888293147087097,0.287187784910202,0.2975347638130188,0.2783326506614685
261,shock_recovery,4,1.2752046585083008,0.9837282299995422,0.2884601056575775,0.29759395122528076,0.2782750427722931
649,stable_old,1,0.3405652642250061,0.9995432496070862,0.3855096697807312,0.30102625489234924,0.22001537680625916
649,stable_old,2,0.6099002361297607,0.998355507850647,0.3859858214855194,0.30159488320350647,0.22016379237174988
649,stable_old,3,0.8263732194900513,0.9966467618942261,0.3860355019569397,0.3019988238811493,0.22006261348724365
649,stable_old,4,1.0034993886947632,0.9945682287216187,0.3857992887496948,0.3022914528846741,0.21976995468139648
649,stable_old,5,1.1511257886886597,0.9922323822975159,0.3853737711906433,0.3025090992450714,0.21932804584503174
649,stable_old,6,1.2764054536819458,0.9897239208221436,0.38482579588890076,0.3026773929595947,0.21877005696296692
649,stable_old,7,1.3845453262329102,0.9871070981025696,0.3842017948627472,0.3028140366077423,0.2181229144334793
649,stable_old,8,1.4793611764907837,0.9844288229942322,0.38353386521339417,0.30293163657188416,0.21740873157978058
649,sustained_new,1,0.8239659070968628,0.987209677696228,0.37749359011650085,0.3020189702510834,0.19275438785552979
649,sustained_new,2,1.4793438911437988,0.9594812989234924,0.3709981441497803,0.30236196517944336,0.1871982216835022
649,sustained_new,3,2.0075883865356445,0.9273894429206848,0.3651019334793091,0.3020341396331787,0.1825416386127472
649,sustained_new,4,2.4386000633239746,0.8959373235702515,0.3598783016204834,0.30140358209609985,0.17857488989830017
649,sustained_new,5,2.794259548187256,0.8670373558998108,0.3553169369697571,0.3006190061569214,0.1750199943780899
649,sustained_new,6,3.090911388397217,0.8411595821380615,0.3513539731502533,0.2997429370880127,0.17169839143753052
649,sustained_new,7,3.3409619331359863,0.8181795477867126,0.3479050099849701,0.29880696535110474,0.16851818561553955
649,sustained_new,8,3.5539326667785645,0.7977668046951294,0.3448854386806488,0.2978317439556122,0.16544175148010254
649,shock_recovery,0,0.8239659070968628,0.987209677696228,0.37749359011650085,0.3020189702510834,0.19275438785552979
649,shock_recovery,1,0.8172502517700195,0.9896947741508484,0.3791034519672394,0.30277931690216064,0.2184188812971115
649,shock_recovery,2,0.9219465851783752,0.990248441696167,0.37990957498550415,0.30325019359588623,0.2183542102575302
649,shock_recovery,3,1.0567293167114258,0.9896448254585266,0.38020962476730347,0.30354899168014526,0.2179669290781021
649,shock_recovery,4,1.1886621713638306,0.9883091449737549,0.38018572330474854,0.3037448823451996,0.2173970639705658
899,stable_old,1,0.3334582448005676,0.9990522265434265,0.22945526242256165,0.30385175347328186,0.2901592552661896
899,stable_old,2,0.6199060082435608,0.9964087605476379,0.2296094447374344,0.30616483092308044,0.29015493392944336
899,stable_old,3,0.8729795813560486,0.9923596978187561,0.22995808720588684,0.3084994852542877,0.29015058279037476
899,stable_old,4,1.101070523262024,0.9871751666069031,0.23042283952236176,0.3108549118041992,0.2901463806629181
899,stable_old,5,1.3094260692596436,0.9810981750488281,0.23095180094242096,0.31320661306381226,0.29014259576797485
899,stable_old,6,1.5014225244522095,0.9743422269821167,0.23150871694087982,0.3155217170715332,0.29013946652412415
899,stable_old,7,1.6793224811553955,0.9670915007591248,0.23206807672977448,0.3177671432495117,0.2901371121406555
899,stable_old,8,1.8447209596633911,0.9595034718513489,0.23261207342147827,0.319914311170578,0.2901356816291809
899,sustained_new,1,1.090345859527588,0.9806380271911621,0.2388879656791687,0.30612289905548096,0.28903234004974365
899,sustained_new,2,1.9246549606323242,0.9408783912658691,0.24618065357208252,0.3081407845020294,0.28911319375038147
899,sustained_new,3,2.5625393390655518,0.8980484008789062,0.2515791058540344,0.3091457486152649,0.2891768217086792
899,sustained_new,4,3.0534465312957764,0.858993649482727,0.2556218206882477,0.30992746353149414,0.28923097252845764
899,sustained_new,5,3.435727834701538,0.8253707885742188,0.2587701380252838,0.310716450214386,0.2892802357673645
899,sustained_new,6,3.7381162643432617,0.7968798875808716,0.2613263428211212,0.3115542232990265,0.2893253564834595
899,sustained_new,7,3.9817380905151367,0.7726707458496094,0.2634775936603546,0.3124372065067291,0.2893659770488739
899,sustained_new,8,4.181972026824951,0.7518630623817444,0.2653413414955139,0.31335538625717163,0.2894015908241272
899,shock_recovery,0,1.090345859527588,0.9806380271911621,0.2388879656791687,0.30612289905548096,0.28903234004974365
899,shock_recovery,1,0.972551703453064,0.9858734607696533,0.23583243787288666,0.3086598813533783,0.29020291566848755
899,shock_recovery,2,1.0289124250411987,0.9859678149223328,0.23390747606754303,0.3110724985599518,0.2902170717716217
899,shock_recovery,3,1.17255699634552,0.9830511212348938,0.23275336623191833,0.31342118978500366,0.2902204990386963
899,shock_recovery,4,1.3460813760757446,0.9782450795173645,0.23212683200836182,0.3157215714454651,0.2902172803878784
753,stable_old,1,0.29273808002471924,0.9995357990264893,0.1254892200231552,0.37122705578804016,0.2800869941711426
753,stable_old,2,0.5272449254989624,0.9982807040214539,0.1248125284910202,0.3716510534286499,0.28002840280532837
753,stable_old,3,0.7211939096450806,0.996404230594635,0.12411253899335861,0.3721151053905487,0.27995043992996216
753,stable_old,4,0.8864051699638367,0.9940414428710938,0.1234113946557045,0.3726041615009308,0.2798618674278259
753,stable_old,5,1.0307329893112183,0.9913026094436646,0.12272254377603531,0.37310361862182617,0.2797680199146271
753,stable_old,6,1.1593831777572632,0.988279402256012,0.12205430120229721,0.3736001253128052,0.27967238426208496
753,stable_old,7,1.275814175605774,0.985049307346344,0.12141189724206924,0.3740823566913605,0.27957743406295776
753,stable_old,8,1.3823424577713013,0.9816779494285583,0.12079864740371704,0.3745408356189728,0.2794847786426544
753,sustained_new,1,0.6162505149841309,0.9941914677619934,0.13062435388565063,0.36790579557418823,0.19462725520133972
753,sustained_new,2,1.1658262014389038,0.9796198606491089,0.13392050564289093,0.36611178517341614,0.2027960568666458
753,sustained_new,3,1.646537184715271,0.96011883020401,0.13626056909561157,0.36507749557495117,0.20832344889640808
753,sustained_new,4,2.0629727840423584,0.93846595287323,0.1379348188638687,0.36450278759002686,0.2122800648212433
753,sustained_new,5,2.421924591064453,0.9164426922798157,0.13916060328483582,0.36419814825057983,0.2153119444847107
753,sustained_new,6,2.7305006980895996,0.8951084613800049,0.14008192718029022,0.364048570394516,0.21776379644870758
753,sustained_new,7,2.9954147338867188,0.8750458359718323,0.14079104363918304,0.36398449540138245,0.21982000768184662
753,sustained_new,8,3.222738027572632,0.8565378189086914,0.14134766161441803,0.3639642894268036,0.22158505022525787
753,shock_recovery,0,0.6162505149841309,0.9941914677619934,0.13062435388565063,0.36790579557418823,0.19462725520133972
753,shock_recovery,1,0.6007574200630188,0.995819091796875,0.1295907199382782,0.36844298243522644,0.281198650598526
753,shock_recovery,2,0.6787498593330383,0.9960436224937439,0.1284957230091095,0.3690473139286041,0.2810046672821045
753,shock_recovery,3,0.7931398749351501,0.9952067136764526,0.1274009644985199,0.3697049915790558,0.2808205783367157
753,shock_recovery,4,0.9160354137420654,0.9935677647590637,0.12633463740348816,0.37039825320243835,0.2806396186351776
259,stable_old,1,0.3764103651046753,0.9987151026725769,0.15616574883460999,0.18769820034503937,0.2899843454360962
259,stable_old,2,0.7055023312568665,0.9951165914535522,0.15670906007289886,0.18607836961746216,0.28989189863204956
259,stable_old,3,1.0001513957977295,0.9895699620246887,0.15726050734519958,0.1843249499797821,0.28980281949043274
259,stable_old,4,1.2688086032867432,0.9823983311653137,0.15776336193084717,0.18252737820148468,0.2897171974182129
259,stable_old,5,1.517091989517212,0.973879873752594,0.1581765115261078,0.18076658248901367,0.28963547945022583
259,stable_old,6,1.7487132549285889,0.9642572999000549,0.15847919881343842,0.17910505831241608,0.28955817222595215
259,stable_old,7,1.9660491943359375,0.9537510871887207,0.15867069363594055,0.17758268117904663,0.2894856333732605
259,stable_old,8,2.170543670654297,0.9425683617591858,0.15876609086990356,0.17621803283691406,0.28941813111305237
259,sustained_new,1,0.8944042325019836,0.9875737428665161,0.1535048484802246,0.19297507405281067,0.29184311628341675
259,sustained_new,2,1.5800760984420776,0.9626818299293518,0.15229138731956482,0.19519267976284027,0.2917979955673218
259,sustained_new,3,2.1052825450897217,0.9359337687492371,0.15168078243732452,0.19650913774967194,0.29176345467567444
259,sustained_new,4,2.5097575187683105,0.9113149046897888,0.15139004588127136,0.19726580381393433,0.2917397618293762
259,sustained_new,5,2.824490785598755,0.8898416757583618,0.15127567946910858,0.1976349651813507,0.291725218296051
259,sustained_new,6,3.072955846786499,0.8714016675949097,0.15126992762088776,0.19772444665431976,0.2917172312736511
259,sustained_new,7,3.272632122039795,0.8555335402488708,0.1513383835554123,0.19760744273662567,0.29171353578567505
259,sustained_new,8,3.4364023208618164,0.8417292237281799,0.1514606922864914,0.19733481109142303,0.29171222448349
259,shock_recovery,0,0.8944042325019836,0.9875737428665161,0.1535048484802246,0.19297507405281067,0.29184311628341675
259,shock_recovery,1,0.8814317584037781,0.9896884560585022,0.15446792542934418,0.19063344597816467,0.2898893356323242
259,shock_recovery,2,1.038864016532898,0.9871500134468079,0.15546666085720062,0.18821880221366882,0.28982865810394287
259,shock_recovery,3,1.2588506937026978,0.9816164970397949,0.1563872992992401,0.18581576645374298,0.28976210951805115
259,shock_recovery,4,1.4910805225372314,0.9740220308303833,0.15716612339019775,0.1835206001996994,0.28969284892082214
527,stable_old,1,0.4085947871208191,0.9987748861312866,0.42979684472084045,0.33302319049835205,0.16350194811820984
527,stable_old,2,0.7647063732147217,0.9954618811607361,0.4307270050048828,0.333911657333374,0.16579551994800568
527,stable_old,3,1.0752689838409424,0.9905720949172974,0.4315081536769867,0.33459779620170593,0.16800886392593384
527,stable_old,4,1.346606969833374,0.9845374822616577,0.4321480095386505,0.33515632152557373,0.17014363408088684
527,stable_old,5,1.5845434665679932,0.9776942729949951,0.43265920877456665,0.33564630150794983,0.17220546305179596
527,stable_old,6,1.7943817377090454,0.9702875018119812,0.4330548346042633,0.3361109793186188,0.1742018759250641
527,stable_old,7,1.9808589220046997,0.9624871611595154,0.43334779143333435,0.33658120036125183,0.1761406660079956
527,stable_old,8,2.1481144428253174,0.954404354095459,0.4335508942604065,0.33707791566848755,0.17802849411964417
527,sustained_new,1,0.1630357801914215,0.9993856549263,0.4303496181964874,0.33156704902648926,0.03733193501830101
527,sustained_new,2,0.32064342498779297,0.9976826906204224,0.4318931996822357,0.33141976594924927,0.037074413150548935
527,sustained_new,3,0.47454723715782166,0.9950453042984009,0.43338170647621155,0.33137017488479614,0.03695549815893173
527,sustained_new,4,0.6253973245620728,0.9915948510169983,0.4348268210887909,0.33139824867248535,0.03689813241362572
527,sustained_new,5,0.7733603119850159,0.9874402284622192,0.4362320601940155,0.3314913809299469,0.03686828166246414
527,sustained_new,6,0.9183847308158875,0.9826829433441162,0.4375973343849182,0.3316401541233063,0.036850087344646454
527,sustained_new,7,1.0603266954421997,0.9774196743965149,0.4389214515686035,0.3318367898464203,0.03683604300022125
527,sustained_new,8,1.199013113975525,0.9717398285865784,0.44020262360572815,0.33207398653030396,0.03682267665863037
527,shock_recovery,0,0.1630357801914215,0.9993856549263,0.4303496181964874,0.33156704902648926,0.03733193501830101
527,shock_recovery,1,0.5036849975585938,0.9975742697715759,0.4312553405761719,0.33279949426651,0.16169974207878113
527,shock_recovery,2,0.8395467400550842,0.993923544883728,0.4319983422756195,0.33372119069099426,0.16424068808555603
527,shock_recovery,3,1.1363624334335327,0.9888607263565063,0.4325898587703705,0.33442363142967224,0.1666111946105957
527,shock_recovery,4,1.3969695568084717,0.982768714427948,0.4330463409423828,0.3349880576133728,0.16886121034622192
599,stable_old,1,0.3122277855873108,0.9993824362754822,0.19143058359622955,0.2678101658821106,0.2761744260787964
599,stable_old,2,0.5631375908851624,0.9977841973304749,0.19179025292396545,0.2674980163574219,0.27627065777778625
599,stable_old,3,0.7698910236358643,0.9954941868782043,0.192252516746521,0.2670240104198456,0.2763707935810089
599,stable_old,4,0.9444461464881897,0.9927130341529846,0.19278287887573242,0.2664387822151184,0.2764759361743927
599,stable_old,5,1.0951498746871948,0.9895831942558289,0.19335795938968658,0.26577726006507874,0.2765849232673645
599,stable_old,6,1.2278591394424438,0.9862076640129089,0.19396089017391205,0.26506468653678894,0.2766958475112915
599,stable_old,7,1.346720814704895,0.9826608300209045,0.1945791095495224,0.2643195390701294,0.27680689096450806
599,stable_old,8,1.4547063112258911,0.978998064994812,0.19520319998264313,0.26355570554733276,0.2769164443016052
599,sustained_new,1,1.1555711030960083,0.9785268902778625,0.18819303810596466,0.26718130707740784,0.2759230136871338
599,sustained_new,2,2.0642576217651367,0.9325731992721558,0.18814846873283386,0.26408669352531433,0.2754697799682617
599,sustained_new,3,2.7764556407928467,0.8811002969741821,0.1900060921907425,0.25978830456733704,0.275251179933548
599,sustained_new,4,3.336674928665161,0.8326430916786194,0.19313986599445343,0.2549029290676117,0.2751937508583069
599,sustained_new,5,3.7808878421783447,0.789897084236145,0.19696485996246338,0.24988538026809692,0.2752375304698944
599,sustained_new,6,4.136689186096191,0.7530980706214905,0.20091290771961212,0.24510197341442108,0.2753370404243469
599,sustained_new,7,4.4247002601623535,0.7216455936431885,0.20455168187618256,0.2408016175031662,0.27546370029449463
599,sustained_new,8,4.660215854644775,0.6947576403617859,0.20765119791030884,0.23709982633590698,0.2756011486053467
599,shock_recovery,0,1.1555711030960083,0.9785268902778625,0.18819303810596466,0.26718130707740784,0.2759230136871338
599,shock_recovery,1,1.0390487909317017,0.9840139150619507,0.19020715355873108,0.2648909091949463,0.2761554718017578
599,shock_recovery,2,1.0562095642089844,0.9854848384857178,0.19188687205314636,0.2630934715270996,0.2765576243400574
599,shock_recovery,3,1.1407474279403687,0.9847306609153748,0.19329914450645447,0.2616482377052307,0.2769051790237427
599,shock_recovery,4,1.250225305557251,0.9826652407646179,0.19451069831848145,0.2604505121707916,0.2772001028060913
800,stable_old,1,0.3309324085712433,0.9991828203201294,0.34117430448532104,0.1847057193517685,0.28538480401039124
800,stable_old,2,0.610785961151123,0.9969111084938049,0.34090402722358704,0.18293820321559906,0.28524523973464966
800,stable_old,3,0.8540552258491516,0.9934381246566772,0.3407524526119232,0.1814109832048416,0.2851581871509552
800,stable_old,4,1.0700433254241943,0.9889967441558838,0.34073618054389954,0.18011946976184845,0.2851056456565857
800,stable_old,5,1.2648026943206787,0.9837971925735474,0.34086278080940247,0.17905884981155396,0.28507426381111145
800,stable_old,6,1.4424067735671997,0.9780217409133911,0.34113362431526184,0.17822101712226868,0.2850548028945923
800,stable_old,7,1.6057276725769043,0.9718224406242371,0.34154513478279114,0.17759443819522858,0.2850409150123596
800,stable_old,8,1.7568861246109009,0.9653238654136658,0.34208938479423523,0.17716480791568756,0.28502869606018066
800,sustained_new,1,0.7424066066741943,0.9909595847129822,0.3394780158996582,0.18735764920711517,0.2792600393295288
800,sustained_new,2,1.3739831447601318,0.9699437022209167,0.33805420994758606,0.18878568708896637,0.27911341190338135
800,sustained_new,3,1.905774712562561,0.9437156915664673,0.3372260630130768,0.1906304955482483,0.2788821756839752
800,sustained_new,4,2.351853370666504,0.9162589311599731,0.33687788248062134,0.19265128672122955,0.2785751223564148
800,sustained_new,5,2.726162910461426,0.8896626830101013,0.3368742763996124,0.1947028487920761,0.2782195210456848
800,sustained_new,6,3.0411181449890137,0.8649013042449951,0.3370906114578247,0.19669495522975922,0.2778414487838745
800,sustained_new,7,3.3072192668914795,0.8423421382904053,0.3374277651309967,0.1985710710287094,0.27746134996414185
800,sustained_new,8,3.5331270694732666,0.822036623954773,0.33781448006629944,0.200298011302948,0.2770933508872986
800,shock_recovery,0,0.7424066066741943,0.9909595847129822,0.3394780158996582,0.18735764920711517,0.2792600393295288
800,shock_recovery,1,0.8147850632667542,0.9910571575164795,0.33954817056655884,0.18572011590003967,0.28519755601882935
800,shock_recovery,2,0.9614472389221191,0.9892219305038452,0.339648574590683,0.1843252032995224,0.2850779891014099
800,shock_recovery,3,1.1294867992401123,0.9859634041786194,0.3398225009441376,0.18312378227710724,0.28500309586524963
800,shock_recovery,4,1.297851324081421,0.981656014919281,0.34009116888046265,0.18209797143936157,0.2849583327770233
802,stable_old,1,0.3590339124202728,0.998880922794342,0.233930766582489,0.45465877652168274,0.28381454944610596
802,stable_old,2,0.6614977717399597,0.9959617853164673,0.2350064218044281,0.45745617151260376,0.28334522247314453
802,stable_old,3,0.9212450981140137,0.9917643070220947,0.2358379364013672,0.4600607454776764,0.28287839889526367
802,stable_old,4,1.1482726335525513,0.9866597652435303,0.23644371330738068,0.4624156355857849,0.28242701292037964
802,stable_old,5,1.3500216007232666,0.980901837348938,0.236845925450325,0.46448493003845215,0.2820003032684326
802,stable_old,6,1.5321366786956787,0.9746583700180054,0.2370680868625641,0.46625250577926636,0.2816041111946106
802,stable_old,7,1.6989200115203857,0.9680376052856445,0.2371337115764618,0.4677157402038574,0.2812422513961792
802,stable_old,8,1.8536251783370972,0.961110532283783,0.23706510663032532,0.4688795506954193,0.2809165418148041
802,sustained_new,1,1.0492167472839355,0.9819115400314331,0.22894057631492615,0.47381219267845154,0.2445361614227295
802,sustained_new,2,1.8896909952163696,0.9424495697021484,0.22611042857170105,0.48621460795402527,0.24675218760967255
802,sustained_new,3,2.5545084476470947,0.897806704044342,0.22392094135284424,0.49255040287971497,0.24778015911579132
802,sustained_new,4,3.080573797225952,0.8555290102958679,0.22221314907073975,0.4961036145687103,0.2483845353126526
802,sustained_new,5,3.4992520809173584,0.8180494904518127,0.22089503705501556,0.498564749956131,0.2487855851650238
802,sustained_new,6,3.83524489402771,0.7856184244155884,0.2198837548494339,0.5006141662597656,0.24905666708946228
802,sustained_new,7,4.107501983642578,0.7577345371246338,0.21910634636878967,0.5024791955947876,0.2492310106754303
802,sustained_new,8,4.3304009437561035,0.7337269186973572,0.21850451827049255,0.5042176246643066,0.24932952225208282
802,shock_recovery,0,1.0492167472839355,0.9819115400314331,0.22894057631492615,0.47381219267845154,0.2445361614227295
802,shock_recovery,1,0.9780871272087097,0.9857744574546814,0.2309773713350296,0.4771263301372528,0.2833619713783264
802,shock_recovery,2,1.0556787252426147,0.985535204410553,0.23271170258522034,0.4786560535430908,0.2828105092048645
802,shock_recovery,3,1.1977624893188477,0.9829431772232056,0.23410816490650177,0.47938135266304016,0.2823294699192047
802,shock_recovery,4,1.3567287921905518,0.9789454936981201,0.23516985774040222,0.479724258184433,0.28190094232559204
901,stable_old,1,0.36068570613861084,0.9988816380500793,0.2556383013725281,0.2617698609828949,0.2556784749031067
901,stable_old,2,0.6695529818534851,0.9958467483520508,0.256285697221756,0.2637043595314026,0.2544359862804413
901,stable_old,3,0.9398647546768188,0.9913109540939331,0.2568158209323883,0.2656627297401428,0.2534821033477783
901,stable_old,4,1.1806459426879883,0.9856100678443909,0.2572373151779175,0.26756319403648376,0.252732515335083
901,stable_old,5,1.398182988166809,0.9790127277374268,0.2575697898864746,0.2693478465080261,0.2521233558654785
901,stable_old,6,1.5969562530517578,0.9717317819595337,0.25783514976501465,0.2709818482398987,0.2516079545021057
901,stable_old,7,1.7802257537841797,0.9639368653297424,0.2580532729625702,0.27244874835014343,0.2511538863182068
901,stable_old,8,1.9504057168960571,0.9557631611824036,0.2582399547100067,0.2737455368041992,0.2507397532463074
901,sustained_new,1,0.1470308005809784,0.9996429681777954,0.2551831305027008,0.2613503634929657,0.03315168619155884
901,sustained_new,2,0.29005569219589233,0.998603105545044,0.25543463230133057,0.262771338224411,0.03314228355884552
901,sustained_new,3,0.42919519543647766,0.996928334236145,0.25564348697662354,0.26421546936035156,0.033134959638118744
901,sustained_new,4,0.5645769834518433,0.994666576385498,0.25581297278404236,0.265674889087677,0.03313039615750313
901,sustained_new,5,0.6963301301002502,0.991865873336792,0.2559467554092407,0.26714208722114563,0.03312874212861061
901,sustained_new,6,0.8245813846588135,0.9885725378990173,0.2560487985610962,0.26861003041267395,0.033129893243312836
901,sustained_new,7,0.949454665184021,0.9848319888114929,0.2561230957508087,0.27007195353507996,0.033133652061223984
901,sustained_new,8,1.071069598197937,0.9806873202323914,0.2561735510826111,0.2715217173099518,0.03313977271318436
901,shock_recovery,0,0.1470308005809784,0.9996429681777954,0.2551831305027008,0.2613503634929657,0.03315168619155884
901,shock_recovery,1,0.42336028814315796,0.9980115294456482,0.2558729946613312,0.26308467984199524,0.2557712495326996
901,shock_recovery,2,0.7233774065971375,0.9946084022521973,0.2564687132835388,0.2649548649787903,0.254525750875473
901,shock_recovery,3,0.9899742007255554,0.9898075461387634,0.256959468126297,0.26685190200805664,0.2535744905471802
901,shock_recovery,4,1.2280516624450684,0.9839127063751221,0.25735339522361755,0.26869234442710876,0.25283026695251465
716,stable_old,1,0.3077927231788635,0.9993681311607361,0.2121037095785141,0.2995143234729767,0.27520257234573364
716,stable_old,2,0.557948648929596,0.9977000951766968,0.21175771951675415,0.2979600429534912,0.27473166584968567
716,stable_old,3,0.7661479115486145,0.9952865242958069,0.211599200963974,0.2965296506881714,0.27428263425827026
716,stable_old,4,0.9428244829177856,0.9923627972602844,0.21159453690052032,0.2952248752117157,0.2738618552684784
716,stable_old,5,1.0950212478637695,0.9891172051429749,0.21172024309635162,0.2940399944782257,0.2734716236591339
716,stable_old,6,1.2276157140731812,0.9856977462768555,0.21195794641971588,0.29296624660491943,0.2731119990348816
716,stable_old,7,1.3441073894500732,0.9822171330451965,0.21229247748851776,0.29199373722076416,0.2727816700935364
716,stable_old,8,1.4471135139465332,0.9787592887878418,0.21271073818206787,0.29111260175704956,0.27247875928878784
716,sustained_new,1,0.8896546959877014,0.9875235557556152,0.20652896165847778,0.30098438262939453,0.28408777713775635
716,sustained_new,2,1.6232244968414307,0.9596015810966492,0.2014649361371994,0.3002225160598755,0.28377166390419006
716,sustained_new,3,2.229147434234619,0.9258168935775757,0.19722825288772583,0.29909539222717285,0.28343552350997925
716,sustained_new,4,2.73181414604187,0.8911349177360535,0.1936555802822113,0.2977805733680725,0.2831227481365204
716,sustained_new,5,3.151115894317627,0.8578843474388123,0.19064244627952576,0.2964368164539337,0.28285250067710876
716,sustained_new,6,3.5030009746551514,0.8270338773727417,0.18810749053955078,0.29517561197280884,0.2826300263404846
716,sustained_new,7,3.800185203552246,0.798882007598877,0.18597771227359772,0.2940566837787628,0.28245341777801514
716,sustained_new,8,4.052796363830566,0.7734087109565735,0.1841864436864853,0.29310163855552673,0.2823176383972168
716,shock_recovery,0,0.8896546959877014,0.9875235557556152,0.20652896165847778,0.30098438262939453,0.28408777713775635
716,shock_recovery,1,0.9303507804870605,0.9880900979042053,0.20702600479125977,0.299171507358551,0.27544552087783813
716,shock_recovery,2,1.0227879285812378,0.9873790740966797,0.20755290985107422,0.2975611388683319,0.27494409680366516
716,shock_recovery,3,1.1298227310180664,0.9858221411705017,0.20810896158218384,0.2961306869983673,0.27448445558547974
716,shock_recovery,4,1.2362239360809326,0.9837021827697754,0.20869866013526917,0.2948590815067291,0.27406013011932373
570,stable_old,1,0.31464505195617676,0.9993220567703247,0.2754250764846802,0.23393282294273376,0.08656174689531326
570,stable_old,2,0.595777690410614,0.9974508285522461,0.2757229506969452,0.23219718039035797,0.08525744080543518
570,stable_old,3,0.8484292030334473,0.9946494698524475,0.2759598195552826,0.230635866522789,0.08409889787435532
570,stable_old,4,1.07645583152771,0.9911733865737915,0.27616605162620544,0.2292410433292389,0.08307790756225586
570,stable_old,5,1.2829068899154663,0.9872460961341858,0.2763613164424896,0.22799918055534363,0.08218815177679062
570,stable_old,6,1.4702785015106201,0.9830510020256042,0.2765578329563141,0.22689436376094818,0.08142343908548355
570,stable_old,7,1.6406785249710083,0.9787287712097168,0.27676257491111755,0.2259100079536438,0.08077745139598846
570,stable_old,8,1.79593026638031,0.974382221698761,0.27697890996932983,0.22503025829792023,0.0802430510520935
570,sustained_new,1,0.5980900526046753,0.9815592765808105,0.27463698387145996,0.2330663651227951,0.04862642288208008
570,sustained_new,2,1.106435775756836,0.9332501292228699,0.27423152327537537,0.2312527894973755,0.04835378751158714
570,sustained_new,3,1.5431121587753296,0.8693603873252869,0.2738461196422577,0.23004363477230072,0.04837019741535187
570,sustained_new,4,1.9198142290115356,0.8028742671012878,0.2735375761985779,0.22921521961688995,0.04850580915808678
570,sustained_new,5,2.245121955871582,0.7416878938674927,0.27334684133529663,0.228641077876091,0.04865121841430664
570,sustained_new,6,2.5268847942352295,0.6889148354530334,0.2732829451560974,0.22825096547603607,0.04881326109170914
570,sustained_new,7,2.771766424179077,0.6449515223503113,0.27334001660346985,0.22800521552562714,0.048975296318531036
570,sustained_new,8,2.985503911972046,0.6089736223220825,0.27350515127182007,0.22787818312644958,0.0491313710808754
570,shock_recovery,0,0.5980900526046753,0.9815592765808105,0.27463698387145996,0.2330663651227951,0.04862642288208008
570,shock_recovery,1,0.6089932918548584,0.9828895330429077,0.27564460039138794,0.23187875747680664,0.08547395467758179
570,shock_recovery,2,0.7702997326850891,0.9823700785636902,0.27640286087989807,0.23072175681591034,0.08461862057447433
570,shock_recovery,3,0.9756271839141846,0.9807704091072083,0.276993066072464,0.229618638753891,0.08371332287788391
570,shock_recovery,4,1.1813464164733887,0.9784815907478333,0.2774704396724701,0.22858278453350067,0.08285201340913773
528,stable_old,1,0.34784838557243347,0.999354898929596,0.29638636112213135,0.19794711470603943,0.19036437571048737
528,stable_old,2,0.64365553855896,0.9975477457046509,0.2955339550971985,0.19520661234855652,0.19167914986610413
528,stable_old,3,0.8989500999450684,0.9947752356529236,0.29473263025283813,0.1929633468389511,0.1930409073829651
528,stable_old,4,1.1221259832382202,0.9912289977073669,0.2939818203449249,0.19111883640289307,0.19444216787815094
528,stable_old,5,1.3193705081939697,0.9870838522911072,0.2932835519313812,0.18960492312908173,0.19587844610214233
528,stable_old,6,1.4953290224075317,0.9824924468994141,0.292641818523407,0.18837296962738037,0.19734275341033936
528,stable_old,7,1.653562307357788,0.9775817394256592,0.2920616567134857,0.1873863935470581,0.1988249272108078
528,stable_old,8,1.7968546152114868,0.9724545478820801,0.2915485203266144,0.18661600351333618,0.20031224191188812
528,sustained_new,1,0.6589390635490417,0.9914057850837708,0.3005618751049042,0.2005121111869812,0.17255699634552002
528,sustained_new,2,1.2178181409835815,0.9723659753799438,0.3025793731212616,0.19958698749542236,0.17329996824264526
528,sustained_new,3,1.6948579549789429,0.9490264654159546,0.3036143183708191,0.19828474521636963,0.17492640018463135
528,sustained_new,4,2.104130506515503,0.9243772029876709,0.30383092164993286,0.19649575650691986,0.17675819993019104
528,sustained_new,5,2.4570982456207275,0.8998590707778931,0.3033636510372162,0.1942230463027954,0.1784442514181137
528,sustained_new,6,2.763186454772949,0.876164972782135,0.302337646484375,0.19154366850852966,0.17987893521785736
528,sustained_new,7,3.0301177501678467,0.8536235690116882,0.3008746802806854,0.18857860565185547,0.1810716986656189
528,sustained_new,8,3.2642009258270264,0.8323773741722107,0.2990928888320923,0.18546825647354126,0.18207480013370514
528,shock_recovery,0,0.6589390635490417,0.9914057850837708,0.3005618751049042,0.2005121111869812,0.17255699634552002
528,shock_recovery,1,0.7858765125274658,0.9916368722915649,0.2986485958099365,0.19655461609363556,0.18814566731452942
528,shock_recovery,2,0.9706947207450867,0.9901378750801086,0.2969295084476471,0.19336090981960297,0.1899961531162262
528,shock_recovery,3,1.1620821952819824,0.9874109029769897,0.2954079806804657,0.1908073127269745,0.19170859456062317
528,shock_recovery,4,1.343652367591858,0.9838216304779053,0.2940717339515686,0.18878018856048584,0.19337855279445648
30,stable_old,1,0.3324885964393616,0.9992617964744568,0.2685886323451996,0.1484910547733307,0.2536342442035675
30,stable_old,2,0.608946681022644,0.9972831010818481,0.2686905860900879,0.14922812581062317,0.25446581840515137
30,stable_old,3,0.8429375290870667,0.994382381439209,0.2686763405799866,0.1498090922832489,0.2553306818008423
30,stable_old,4,1.0439895391464233,0.9908248782157898,0.26859933137893677,0.1502448320388794,0.2561616599559784
30,stable_old,5,1.2189769744873047,0.9868229031562805,0.2684915065765381,0.15054886043071747,0.2569214105606079
30,stable_old,6,1.3729732036590576,0.9825416207313538,0.26837143301963806,0.15073645114898682,0.25759297609329224
30,stable_old,7,1.5097897052764893,0.9781066179275513,0.26824918389320374,0.15082389116287231,0.2581722140312195
30,stable_old,8,1.6323349475860596,0.9736121296882629,0.26813003420829773,0.15082745254039764,0.25866270065307617
30,sustained_new,1,1.1307581663131714,0.9772436022758484,0.2666162848472595,0.14812158048152924,0.24614454805850983
30,sustained_new,2,2.010713815689087,0.930202066898346,0.26477453112602234,0.14755526185035706,0.24665755033493042
30,sustained_new,3,2.7091710567474365,0.8781527876853943,0.26272106170654297,0.14586324989795685,0.247110515832901
30,sustained_new,4,3.27170991897583,0.8286639451980591,0.2604445517063141,0.14328572154045105,0.24741218984127045
30,sustained_new,5,3.729994058609009,0.7839858531951904,0.2579769790172577,0.14015614986419678,0.24756351113319397
30,sustained_new,6,4.107086658477783,0.7443634271621704,0.2553900182247162,0.13680364191532135,0.24758535623550415
30,sustained_new,7,4.420323848724365,0.709380567073822,0.25277823209762573,0.13349758088588715,0.24749881029129028
30,sustained_new,8,4.682915687561035,0.678473949432373,0.2502383589744568,0.1304216831922531,0.24732109904289246
30,shock_recovery,0,1.1307581663131714,0.9772436022758484,0.2666162848472595,0.14812158048152924,0.24614454805850983
30,shock_recovery,1,1.0017075538635254,0.9840245842933655,0.26723745465278625,0.14864148199558258,0.25228720903396606
30,shock_recovery,2,1.0201663970947266,0.9861536622047424,0.2675691843032837,0.14915768802165985,0.2536454498767853
30,shock_recovery,3,1.1203311681747437,0.9855485558509827,0.2677145004272461,0.1495916247367859,0.25481176376342773
30,shock_recovery,4,1.251160979270935,0.9833091497421265,0.26774588227272034,0.14992129802703857,0.25582051277160645
549,stable_old,1,0.3187572658061981,0.9992654919624329,0.29287469387054443,0.5005351305007935,0.2777838706970215
549,stable_old,2,0.5852339267730713,0.9972485303878784,0.29447123408317566,0.49890804290771484,0.2774418592453003
549,stable_old,3,0.8136608600616455,0.9942154288291931,0.29577943682670593,0.4974159598350525,0.2772497236728668
549,stable_old,4,1.013388991355896,0.9904041886329651,0.29684486985206604,0.49609464406967163,0.2771542966365814
549,stable_old,5,1.1907234191894531,0.9860174059867859,0.2977055609226227,0.49495264887809753,0.27711910009384155
549,stable_old,6,1.3500550985336304,0.9812217354774475,0.2983931303024292,0.4939817786216736,0.2771199941635132
549,stable_old,7,1.49454665184021,0.9761502146720886,0.298934668302536,0.49316510558128357,0.2771419286727905
549,stable_old,8,1.6265455484390259,0.9709076285362244,0.2993534505367279,0.4924827218055725,0.27717554569244385
549,sustained_new,1,0.8291332721710205,0.9891318678855896,0.2866121232509613,0.5089346766471863,0.2832046449184418
549,sustained_new,2,1.547946572303772,0.9630464911460876,0.2824992537498474,0.5137305855751038,0.28250885009765625
549,sustained_new,3,2.1582629680633545,0.9298192262649536,0.2791355848312378,0.5172039270401001,0.2818562388420105
549,sustained_new,4,2.669475793838501,0.8948224782943726,0.27657634019851685,0.519749641418457,0.28135430812835693
549,sustained_new,5,3.094287633895874,0.8611035346984863,0.2746942639350891,0.5216353535652161,0.2810342311859131
549,sustained_new,6,3.4460277557373047,0.8301191926002502,0.2733278274536133,0.5230494737625122,0.2808835506439209
549,sustained_new,7,3.737213134765625,0.8023743033409119,0.2723385691642761,0.5241217613220215,0.2808724343776703
549,sustained_new,8,3.9789063930511475,0.777860701084137,0.27162301540374756,0.5249370336532593,0.28096818923950195
549,shock_recovery,0,0.8291332721710205,0.9891318678855896,0.2866121232509613,0.5089346766471863,0.2832046449184418
549,shock_recovery,1,0.8645256757736206,0.9899078607559204,0.2888365089893341,0.5066292881965637,0.2778269052505493
549,shock_recovery,2,0.9757232666015625,0.9887645244598389,0.2907622158527374,0.5044304728507996,0.27730610966682434
549,shock_recovery,3,1.1121019124984741,0.9863408803939819,0.2924158573150635,0.5024311542510986,0.2770673632621765
549,shock_recovery,4,1.251896619796753,0.9830281734466553,0.29383113980293274,0.5006719827651978,0.27698785066604614
136,stable_old,1,0.34617647528648376,0.9989749193191528,0.12622246146202087,0.4772009253501892,0.2605765163898468
136,stable_old,2,0.6441322565078735,0.9961387515068054,0.1261012703180313,0.4746420979499817,0.2605700194835663
136,stable_old,3,0.9076771140098572,0.9918043613433838,0.1260247379541397,0.47178521752357483,0.26077184081077576
136,stable_old,4,1.1454344987869263,0.9862463474273682,0.125999316573143,0.4687424898147583,0.26111122965812683
136,stable_old,5,1.3628143072128296,0.9797117114067078,0.12603408098220825,0.4656149446964264,0.261539101600647
136,stable_old,6,1.5632951259613037,0.9724226593971252,0.12613680958747864,0.4624851942062378,0.2620205283164978
136,stable_old,7,1.7492223978042603,0.9645736813545227,0.12631192803382874,0.4594140946865082,0.2625299096107483
136,stable_old,8,1.9222853183746338,0.9563314914703369,0.1265603005886078,0.45644161105155945,0.26304835081100464
136,sustained_new,1,1.4837849140167236,0.9625692367553711,0.12999682128429413,0.44913116097450256,0.24855457246303558
136,sustained_new,2,2.643958568572998,0.876417875289917,0.13943886756896973,0.41807809472084045,0.2541326582431793
136,sustained_new,3,3.5093722343444824,0.7852257490158081,0.1502658873796463,0.3997476398944855,0.2579807639122009
136,sustained_new,4,4.14908504486084,0.7092949748039246,0.1596960574388504,0.39769789576530457,0.2611231207847595
136,sustained_new,5,4.626155376434326,0.6505631804466248,0.16718865931034088,0.40481871366500854,0.26381585001945496
136,sustained_new,6,4.986062049865723,0.6058065891265869,0.1725752204656601,0.4136834144592285,0.2660437226295471
136,sustained_new,7,5.262231349945068,0.571286678314209,0.1761547178030014,0.42131391167640686,0.2678651213645935
136,sustained_new,8,5.478611469268799,0.5440431833267212,0.17846937477588654,0.4272669851779938,0.26934945583343506
136,shock_recovery,0,1.4837849140167236,0.9625692367553711,0.12999682128429413,0.44913116097450256,0.24855457246303558
136,shock_recovery,1,1.328357219696045,0.9702858328819275,0.12914089858531952,0.4512157440185547,0.26746129989624023
136,shock_recovery,2,1.3422847986221313,0.9719299077987671,0.12872914969921112,0.4518626630306244,0.26648998260498047
136,shock_recovery,3,1.4515552520751953,0.9699503183364868,0.12857741117477417,0.4515383839607239,0.2660222053527832
136,shock_recovery,4,1.6019744873046875,0.9656782746315002,0.12858887016773224,0.4505593776702881,0.26584917306900024
370,stable_old,1,0.32680273056030273,0.9995970726013184,0.34481021761894226,0.38947704434394836,0.1853458285331726
370,stable_old,2,0.5973846316337585,0.998576819896698,0.34559693932533264,0.3894331455230713,0.18184489011764526
370,stable_old,3,0.8233834505081177,0.9971540570259094,0.3460678160190582,0.3891673684120178,0.17899231612682343
370,stable_old,4,1.013695478439331,0.9954742193222046,0.3463180661201477,0.3887551426887512,0.17670291662216187
370,stable_old,5,1.1752187013626099,0.9936351180076599,0.34641245007514954,0.3882462978363037,0.17489834129810333
370,stable_old,6,1.3133656978607178,0.9917019009590149,0.34639713168144226,0.3876752257347107,0.17350861430168152
370,stable_old,7,1.4324263334274292,0.9897167086601257,0.34630540013313293,0.38706639409065247,0.17247262597084045
370,stable_old,8,1.5358304977416992,0.9877074956893921,0.3461618423461914,0.38643789291381836,0.17173731327056885
370,sustained_new,1,0.6417794227600098,0.9945406913757324,0.34908008575439453,0.39364197850227356,0.2325538694858551
370,sustained_new,2,1.1491013765335083,0.9836589694023132,0.35267534852027893,0.3966869115829468,0.2324703335762024
370,sustained_new,3,1.5528939962387085,0.9713904857635498,0.35509613156318665,0.3988246023654938,0.23272660374641418
370,sustained_new,4,1.8771939277648926,0.95918869972229,0.3567753732204437,0.40036946535110474,0.2333049178123474
370,sustained_new,5,2.1403656005859375,0.9475723505020142,0.35797324776649475,0.4015193581581116,0.2341303527355194
370,sustained_new,6,2.356311798095703,0.9367083311080933,0.3588516414165497,0.40240100026130676,0.23511941730976105
370,sustained_new,7,2.535504102706909,0.9266296029090881,0.35951361060142517,0.4030968248844147,0.2361997365951538
370,sustained_new,8,2.6858177185058594,0.9173192381858826,0.36002591252326965,0.4036611318588257,0.2373153418302536
370,shock_recovery,0,0.6417794227600098,0.9945406913757324,0.34908008575439453,0.39364197850227356,0.2325538694858551
370,shock_recovery,1,0.8167949914932251,0.9942330718040466,0.3495924472808838,0.3936496675014496,0.18776753544807434
370,shock_recovery,2,0.9920414090156555,0.9932994246482849,0.34983935952186584,0.3933911621570587,0.18417662382125854
370,shock_recovery,3,1.1504853963851929,0.9919729232788086,0.3499070703983307,0.392959326505661,0.18139615654945374
370,shock_recovery,4,1.2898427248001099,0.9903994202613831,0.3498501181602478,0.3924115300178528,0.179250106215477
292,stable_old,1,0.3338944613933563,0.9992278814315796,0.2225913107395172,0.17316986620426178,0.2506326138973236
292,stable_old,2,0.6046639084815979,0.9973000288009644,0.22235052287578583,0.17252574861049652,0.24919703602790833
292,stable_old,3,0.8284854292869568,0.9946184754371643,0.22225421667099,0.1720767617225647,0.24804091453552246
292,stable_old,4,1.0174522399902344,0.991421103477478,0.2222447395324707,0.17177632451057434,0.24710483849048615
292,stable_old,5,1.1806739568710327,0.9878409504890442,0.22228233516216278,0.1715894341468811,0.2463407814502716
292,stable_old,6,1.3250449895858765,0.9839470982551575,0.22233958542346954,0.17148947715759277,0.24570980668067932
292,stable_old,7,1.4557826519012451,0.9797666668891907,0.22239813208580017,0.17145659029483795,0.24518001079559326
292,stable_old,8,1.5768126249313354,0.9753049612045288,0.2224459946155548,0.1714755743741989,0.24472549557685852
292,sustained_new,1,0.7361181974411011,0.9904082417488098,0.2213020771741867,0.1744285225868225,0.10927660018205643
292,sustained_new,2,1.3749780654907227,0.9664136171340942,0.2194974273443222,0.17452530562877655,0.10876680910587311
292,sustained_new,3,1.9383536577224731,0.9334648847579956,0.2179817259311676,0.17448431253433228,0.10863344371318817
292,sustained_new,4,2.437893867492676,0.8955354690551758,0.21694017946720123,0.1744689643383026,0.10863341391086578
292,sustained_new,5,2.8812034130096436,0.8555653095245361,0.21636801958084106,0.17452965676784515,0.10866940766572952
292,sustained_new,6,3.2746739387512207,0.8155995011329651,0.21616026759147644,0.17465414106845856,0.1087334156036377
292,sustained_new,7,3.624326705932617,0.7769262790679932,0.21619495749473572,0.1748170256614685,0.10883983969688416
292,sustained_new,8,3.935849666595459,0.7402635812759399,0.21637065708637238,0.17499946057796478,0.10899589955806732
292,shock_recovery,0,0.7361181974411011,0.9904082417488098,0.2213020771741867,0.1744285225868225,0.10927660018205643
292,shock_recovery,1,0.7028355598449707,0.9924167394638062,0.22123309969902039,0.17335745692253113,0.24974071979522705
292,shock_recovery,2,0.8185127377510071,0.9918442964553833,0.2213180661201477,0.17260275781154633,0.24854686856269836
292,shock_recovery,3,0.9781307578086853,0.9898126721382141,0.2214874029159546,0.17209573090076447,0.24748791754245758
292,shock_recovery,4,1.1386430263519287,0.986877977848053,0.22168900072574615,0.17177453637123108,0.24657000601291656
986,stable_old,1,0.40734928846359253,0.9981744885444641,0.5310534834861755,0.2012835294008255,0.2907397150993347
986,stable_old,2,0.7566853165626526,0.9934961199760437,0.5310561656951904,0.20102566480636597,0.2907474637031555
986,stable_old,3,1.0605744123458862,0.9868842363357544,0.5303600430488586,0.20074936747550964,0.29076990485191345
986,stable_old,4,1.3285142183303833,0.9789685010910034,0.5292067527770996,0.2004806101322174,0.290799617767334
986,stable_old,5,1.5676435232162476,0.9701798558235168,0.5277613401412964,0.20023371279239655,0.29083168506622314
986,stable_old,6,1.7832540273666382,0.9608235359191895,0.5261421203613281,0.20001640915870667,0.2908630967140198
986,stable_old,7,1.9792145490646362,0.9511242508888245,0.5244365334510803,0.19983264803886414,0.290892094373703
986,stable_old,8,2.158334970474243,0.9412575960159302,0.5227100849151611,0.19968387484550476,0.29091793298721313
986,sustained_new,1,1.0364887714385986,0.9824079871177673,0.5414381623268127,0.2025841623544693,0.2823750376701355
986,sustained_new,2,1.8365907669067383,0.9461357593536377,0.5463913679122925,0.2035771757364273,0.28152215480804443
986,sustained_new,3,2.4704835414886475,0.9052509665489197,0.5484673976898193,0.20416171848773956,0.2809426784515381
986,sustained_new,4,2.98089337348938,0.8655141592025757,0.5492125749588013,0.2043929249048233,0.2805662453174591
986,sustained_new,5,3.396439790725708,0.8290348052978516,0.5492776036262512,0.20438706874847412,0.2803409695625305
986,sustained_new,6,3.7376856803894043,0.7963839173316956,0.5489497780799866,0.2042342871427536,0.28022849559783936
986,sustained_new,7,4.020034313201904,0.7675002813339233,0.5483657121658325,0.20399299263954163,0.28019922971725464
986,sustained_new,8,4.255312919616699,0.7420787811279297,0.5475968718528748,0.20369969308376312,0.2802300453186035
986,shock_recovery,0,1.0364887714385986,0.9824079871177673,0.5414381623268127,0.2025841623544693,0.2823750376701355
986,shock_recovery,1,1.0329164266586304,0.9840447306632996,0.5412020683288574,0.20257236063480377,0.29051101207733154
986,shock_recovery,2,1.182897925376892,0.9808531403541565,0.5400457382202148,0.20240335166454315,0.29053759574890137
986,shock_recovery,3,1.39142644405365,0.9746931791305542,0.5383189916610718,0.20214636623859406,0.2905855178833008
986,shock_recovery,4,1.6086790561676025,0.9667803645133972,0.5362305045127869,0.2018478661775589,0.2906426191329956
86,stable_old,1,0.33743077516555786,0.9991316199302673,0.2559843957424164,0.25576356053352356,0.2810639441013336
86,stable_old,2,0.6184410452842712,0.9968021512031555,0.2540516257286072,0.25621068477630615,0.2814582586288452
86,stable_old,3,0.8573001027107239,0.9933885931968689,0.252324640750885,0.2566908597946167,0.2818271517753601
86,stable_old,4,1.0632495880126953,0.989222526550293,0.25077447295188904,0.2571972608566284,0.2821648120880127
86,stable_old,5,1.2424319982528687,0.984586775302887,0.249380424618721,0.25771886110305786,0.28246796131134033
86,stable_old,6,1.399125576019287,0.9797147512435913,0.2481263428926468,0.2582441568374634,0.2827359139919281
86,stable_old,7,1.5364980697631836,0.9747908115386963,0.24699850380420685,0.2587628662586212,0.28296971321105957
86,stable_old,8,1.657047986984253,0.9699540138244629,0.24598480761051178,0.25926706194877625,0.28317153453826904
86,sustained_new,1,0.5769892334938049,0.9955291748046875,0.2565498352050781,0.2563946545124054,0.28803157806396484
86,sustained_new,2,1.0142980813980103,0.9867458939552307,0.25492873787879944,0.2574543058872223,0.2880207896232605
86,sustained_new,3,1.352054476737976,0.9770874977111816,0.25350096821784973,0.2584802210330963,0.2880513370037079
86,sustained_new,4,1.618460774421692,0.9677215218544006,0.25233376026153564,0.2594425678253174,0.2881014943122864
86,sustained_new,5,1.8331177234649658,0.9589850306510925,0.2514270842075348,0.2603265345096588,0.2881576418876648
86,sustained_new,6,2.0096843242645264,0.9509239196777344,0.250751256942749,0.26112791895866394,0.28821223974227905
86,sustained_new,7,2.157754421234131,0.9434890151023865,0.25026753544807434,0.26184943318367004,0.28826168179512024
86,sustained_new,8,2.2841343879699707,0.9366092085838318,0.24993717670440674,0.26249757409095764,0.2883046269416809
86,shock_recovery,0,0.5769892334938049,0.9955291748046875,0.2565498352050781,0.2563946545124054,0.28803157806396484
86,shock_recovery,1,0.6887628436088562,0.9951488375663757,0.2548597753047943,0.25673720240592957,0.2810027301311493
86,shock_recovery,2,0.8636575937271118,0.9929762482643127,0.2533935010433197,0.2570665776729584,0.281463086605072
86,shock_recovery,3,1.0428677797317505,0.9896427989006042,0.2520725727081299,0.2574092447757721,0.28185564279556274
86,shock_recovery,4,1.2100907564163208,0.9855758547782898,0.25085651874542236,0.25777456164360046,0.2821936011314392
215,stable_old,1,0.49063342809677124,0.9974470734596252,0.27414003014564514,0.17516183853149414,0.23057419061660767
215,stable_old,2,0.9284040331840515,0.9907146096229553,0.2749013900756836,0.17228297889232635,0.23746822774410248
215,stable_old,3,1.311561107635498,0.9812503457069397,0.2753470242023468,0.17016422748565674,0.24341429769992828
215,stable_old,4,1.6411323547363281,0.970345139503479,0.2755327522754669,0.1686561554670334,0.24823403358459473
215,stable_old,5,1.920981526374817,0.9589791893959045,0.27554959058761597,0.16762156784534454,0.2519986629486084
215,stable_old,6,2.156705141067505,0.9478071331977844,0.27548134326934814,0.16694779694080353,0.25488579273223877
215,stable_old,7,2.3544938564300537,0.9372148513793945,0.2753866910934448,0.16654454171657562,0.2570844888687134
215,stable_old,8,2.520364284515381,0.9273974895477295,0.2752991020679474,0.16634035110473633,0.25875580310821533
215,sustained_new,1,0.6330404281616211,0.9930709004402161,0.27389878034591675,0.18321411311626434,0.19797363877296448
215,sustained_new,2,1.1326369047164917,0.9792851209640503,0.27455228567123413,0.18685069680213928,0.19204285740852356
215,sustained_new,3,1.5343835353851318,0.9639890789985657,0.27509886026382446,0.18979407846927643,0.18891113996505737
215,sustained_new,4,1.8615310192108154,0.9491747617721558,0.2755608558654785,0.19213064014911652,0.18731756508350372
215,sustained_new,5,2.130573272705078,0.9355154037475586,0.27594518661499023,0.1939600557088852,0.18654173612594604
215,sustained_new,6,2.3538687229156494,0.9231523871421814,0.27625569701194763,0.1953732967376709,0.18618129193782806
215,sustained_new,7,2.5409631729125977,0.9120144248008728,0.2764972746372223,0.19644878804683685,0.18601229786872864
215,sustained_new,8,2.6993348598480225,0.9019564390182495,0.27667638659477234,0.1972530037164688,0.18591080605983734
215,shock_recovery,0,0.6330404281616211,0.9930709004402161,0.27389878034591675,0.18321411311626434,0.19797363877296448
215,shock_recovery,1,0.7823320031166077,0.9931060075759888,0.2754768133163452,0.1799170970916748,0.226616770029068
215,shock_recovery,2,1.0885303020477295,0.9878336191177368,0.27658942341804504,0.1770952045917511,0.2340153455734253
215,shock_recovery,3,1.4085617065429688,0.9793077707290649,0.2772388458251953,0.17479856312274933,0.2402481883764267
215,shock_recovery,4,1.7023472785949707,0.9690359234809875,0.27751055359840393,0.17300358414649963,0.2452997863292694
10,stable_old,1,0.3845766484737396,0.9984877705574036,0.4946988821029663,0.38961905241012573,0.2836456298828125
10,stable_old,2,0.7140927314758301,0.9945544600486755,0.49734577536582947,0.3923543691635132,0.28312045335769653
10,stable_old,3,1.0001591444015503,0.9889459013938904,0.4992504119873047,0.3947366178035736,0.28264957666397095
10,stable_old,4,1.2513173818588257,0.9822155237197876,0.5005985498428345,0.39684322476387024,0.28222599625587463
10,stable_old,5,1.4742132425308228,0.9747547507286072,0.5015383958816528,0.39871931076049805,0.2818436622619629
10,stable_old,6,1.6741840839385986,0.9668275713920593,0.5021827816963196,0.40039169788360596,0.28149718046188354
10,stable_old,7,1.8555445671081543,0.9586057066917419,0.5026151537895203,0.40187790989875793,0.2811821699142456
10,stable_old,8,2.021744966506958,0.9501973986625671,0.502895176410675,0.4031919538974762,0.2808949053287506
10,sustained_new,1,0.7696225643157959,0.9905602931976318,0.4976247549057007,0.3910771906375885,0.28546684980392456
10,sustained_new,2,1.3924349546432495,0.9701586961746216,0.5006009936332703,0.3947659134864807,0.28489941358566284
10,sustained_new,3,1.898457407951355,0.9461386203765869,0.5020158886909485,0.39789867401123047,0.28436094522476196
10,sustained_new,4,2.311372995376587,0.9220172166824341,0.5026834607124329,0.4004683196544647,0.2838682532310486
10,sustained_new,5,2.6502325534820557,0.8993217945098877,0.5029546022415161,0.4025017321109772,0.2834336459636688
10,sustained_new,6,2.9303550720214844,0.8785932064056396,0.5029973983764648,0.40407365560531616,0.28305932879447937
10,sustained_new,7,3.1640002727508545,0.8599016070365906,0.5029003620147705,0.4052673876285553,0.2827419340610504
10,sustained_new,8,3.360905647277832,0.8431097269058228,0.5027139186859131,0.4061565399169922,0.2824755907058716
10,shock_recovery,0,0.7696225643157959,0.9905602931976318,0.4976247549057007,0.3910771906375885,0.28546684980392456
10,shock_recovery,1,0.856182873249054,0.9900631904602051,0.49904191493988037,0.3931884467601776,0.2828938364982605
10,shock_recovery,2,1.056465744972229,0.9861717820167542,0.5001989603042603,0.3951973617076874,0.2824355363845825
10,shock_recovery,3,1.2787654399871826,0.9802840948104858,0.5010926723480225,0.39707526564598083,0.2820241451263428
10,shock_recovery,4,1.4929149150848389,0.9732031226158142,0.5017499327659607,0.39881014823913574,0.28165602684020996
328,stable_old,1,0.317484050989151,0.9991998672485352,0.2550767660140991,0.17952828109264374,0.25676286220550537
328,stable_old,2,0.5844857096672058,0.9970197081565857,0.2556220293045044,0.17923755943775177,0.2545827627182007
328,stable_old,3,0.8150303363800049,0.9937549233436584,0.2562004625797272,0.17913362383842468,0.2526530623435974
328,stable_old,4,1.017982840538025,0.9896634817123413,0.2567932903766632,0.17914727330207825,0.2509269118309021
328,stable_old,5,1.1990423202514648,0.9849703311920166,0.2573847770690918,0.17923183739185333,0.24936658143997192
328,stable_old,6,1.362004280090332,0.9798669219017029,0.25796258449554443,0.17935620248317719,0.2479427456855774
328,stable_old,7,1.5095272064208984,0.9745124578475952,0.25851747393608093,0.1794997751712799,0.24663323163986206
328,stable_old,8,1.6435863971710205,0.969035267829895,0.2590430974960327,0.1796492487192154,0.24542155861854553
328,sustained_new,1,1.8410370349884033,0.9420707821846008,0.25030261278152466,0.18127137422561646,0.23800687491893768
328,sustained_new,2,3.3071842193603516,0.7951110601425171,0.24417629837989807,0.18218612670898438,0.2460564523935318
328,sustained_new,3,4.4544291496276855,0.63052898645401,0.23965363204479218,0.18358859419822693,0.25177812576293945
328,sustained_new,4,5.337433338165283,0.4919562041759491,0.23715625703334808,0.185372993350029,0.2552054822444916
328,sustained_new,5,6.012868881225586,0.3859591484069824,0.23576873540878296,0.1874782294034958,0.25721949338912964
328,sustained_new,6,6.531094551086426,0.30613183975219727,0.2348761111497879,0.18973152339458466,0.25858813524246216
328,sustained_new,7,6.9317755699157715,0.24521638453006744,0.23422376811504364,0.19187675416469574,0.25965744256973267
328,sustained_new,8,7.244570732116699,0.19775289297103882,0.23371995985507965,0.19376002252101898,0.2605535089969635
328,shock_recovery,0,1.8410370349884033,0.9420707821846008,0.25030261278152466,0.18127137422561646,0.23800687491893768
328,shock_recovery,1,1.5572015047073364,0.9577244520187378,0.25234854221343994,0.1802932769060135,0.26593106985092163
328,shock_recovery,2,1.4358645677566528,0.9652794599533081,0.25399497151374817,0.17993877828121185,0.2640495300292969
328,shock_recovery,3,1.4196934700012207,0.9684545993804932,0.25540515780448914,0.17993706464767456,0.2625431418418884
328,shock_recovery,4,1.4649906158447266,0.9689095616340637,0.25665828585624695,0.18012398481369019,0.2613274157047272
822,stable_old,1,0.20165568590164185,0.9999207854270935,0.4807186722755432,0.4038979709148407,0.037485428154468536
822,stable_old,2,0.3963301181793213,0.9997066855430603,0.48183608055114746,0.40462809801101685,0.03749896213412285
822,stable_old,3,0.5840034484863281,0.9993870258331299,0.48290157318115234,0.40530824661254883,0.03751282021403313
822,stable_old,4,0.7647057175636292,0.9989856481552124,0.4839213490486145,0.4059310853481293,0.037526488304138184
822,stable_old,5,0.9385128021240234,0.9985203146934509,0.484900563955307,0.4064914584159851,0.03753988444805145
822,stable_old,6,1.1055395603179932,0.9980053305625916,0.48584356904029846,0.40698638558387756,0.03755313158035278
822,stable_old,7,1.2659313678741455,0.9974514842033386,0.4867539703845978,0.40741437673568726,0.037566352635622025
822,stable_old,8,1.4198569059371948,0.9968670606613159,0.4876348674297333,0.40777531266212463,0.03757967799901962
822,sustained_new,1,0.38752689957618713,0.9841766953468323,0.4823320508003235,0.4086932837963104,0.049340248107910156
822,sustained_new,2,0.7396131157875061,0.9580280780792236,0.48486238718032837,0.4135706126689911,0.05042414739727974
822,sustained_new,3,1.058892011642456,0.9338042140007019,0.4871298670768738,0.4176952838897705,0.05175347626209259
822,sustained_new,4,1.3473758697509766,0.913637638092041,0.4891912341117859,0.42103421688079834,0.05324447154998779
822,sustained_new,5,1.6074891090393066,0.8971270322799683,0.4911231994628906,0.4235985577106476,0.054846666753292084
822,sustained_new,6,1.8422642946243286,0.8833552598953247,0.4929979145526886,0.42543697357177734,0.056526023894548416
822,sustained_new,7,2.0551953315734863,0.8714209198951721,0.4948732256889343,0.4266226291656494,0.05825844407081604
822,sustained_new,8,2.2499747276306152,0.8605701327323914,0.49678993225097656,0.42724117636680603,0.06002683565020561
822,shock_recovery,0,0.38752689957618713,0.9841766953468323,0.4823320508003235,0.4086932837963104,0.049340248107910156
822,shock_recovery,1,0.5378088355064392,0.9869040250778198,0.4834977090358734,0.40945953130722046,0.037735532969236374
822,shock_recovery,2,0.7039843797683716,0.9886893033981323,0.48460447788238525,0.41017472743988037,0.03780505061149597
822,shock_recovery,3,0.8723981380462646,0.9898720383644104,0.4856608510017395,0.41082146763801575,0.037847187370061874
822,shock_recovery,4,1.0382291078567505,0.9906458258628845,0.48667359352111816,0.41139066219329834,0.03787481039762497
363,stable_old,1,0.34113675355911255,0.9991142749786377,0.3155226409435272,0.42047935724258423,0.26757779717445374
363,stable_old,2,0.6289398670196533,0.9966993927955627,0.3151819109916687,0.4223116934299469,0.26725250482559204
363,stable_old,3,0.878348171710968,0.9930675029754639,0.31499719619750977,0.42353349924087524,0.26716330647468567
363,stable_old,4,1.0988490581512451,0.9884887337684631,0.3149678111076355,0.42425283789634705,0.267250120639801
363,stable_old,5,1.2965360879898071,0.9832000136375427,0.3150840401649475,0.42455825209617615,0.26746273040771484
363,stable_old,6,1.4754462242126465,0.9774064421653748,0.3153309226036072,0.4245237410068512,0.2677608132362366
363,stable_old,7,1.6383893489837646,0.9712816476821899,0.31569066643714905,0.4242120683193207,0.26811283826828003
363,stable_old,8,1.787442922592163,0.9649678468704224,0.3161439895629883,0.423676997423172,0.26849502325057983
363,sustained_new,1,0.810104250907898,0.989322304725647,0.31685304641723633,0.41034719347953796,0.17068660259246826
363,sustained_new,2,1.5160795450210571,0.9621848464012146,0.3178466260433197,0.40419644117355347,0.1720009595155716
363,sustained_new,3,2.122830867767334,0.9261236190795898,0.3181636929512024,0.4001134932041168,0.1723732054233551
363,sustained_new,4,2.6398112773895264,0.8871069550514221,0.3177165389060974,0.39785292744636536,0.17229583859443665
363,sustained_new,5,3.0775797367095947,0.8489552736282349,0.3167674243450165,0.39674338698387146,0.17199817299842834
363,sustained_new,6,3.446687936782837,0.8137146234512329,0.31553971767425537,0.39625871181488037,0.1715662181377411
363,sustained_new,7,3.757154703140259,0.7822341322898865,0.31417331099510193,0.396113783121109,0.17104928195476532
363,sustained_new,8,4.017993450164795,0.7546732425689697,0.31275975704193115,0.39615973830223083,0.1704864799976349
363,shock_recovery,0,0.810104250907898,0.989322304725647,0.31685304641723633,0.41034719347953796,0.17068660259246826
363,shock_recovery,1,0.7633479833602905,0.9913351535797119,0.31635361909866333,0.41326600313186646,0.2681531310081482
363,shock_recovery,2,0.8660973310470581,0.99074387550354,0.3159024715423584,0.4154483675956726,0.2676228880882263
363,shock_recovery,3,1.0276845693588257,0.9883517026901245,0.3155895471572876,0.4170527756214142,0.26741117238998413
363,shock_recovery,4,1.202436923980713,0.9846583008766174,0.3154471218585968,0.41817963123321533,0.26742228865623474
371,stable_old,1,0.37273970246315,0.9985895752906799,0.19101029634475708,0.2557808458805084,0.27512264251708984
371,stable_old,2,0.68952476978302,0.994941771030426,0.1905258446931839,0.255212664604187,0.2741641402244568
371,stable_old,3,0.9642308950424194,0.9897221922874451,0.19022974371910095,0.25473374128341675,0.27345728874206543
371,stable_old,4,1.2067395448684692,0.9833871722221375,0.19008219242095947,0.25435471534729004,0.2729603350162506
371,stable_old,5,1.4241938591003418,0.976252555847168,0.19005675613880157,0.2540719509124756,0.27263227105140686
371,stable_old,6,1.6218262910842896,0.9685380458831787,0.19013486802577972,0.2538759410381317,0.27243685722351074
371,stable_old,7,1.8035125732421875,0.9603988528251648,0.1903025358915329,0.25375548005104065,0.27234387397766113
371,stable_old,8,1.9721527099609375,0.9519462585449219,0.1905486136674881,0.25369924306869507,0.2723290026187897
371,sustained_new,1,0.5495557188987732,0.9956700205802917,0.19294342398643494,0.25846049189567566,0.28258800506591797
371,sustained_new,2,0.9754291772842407,0.9867792129516602,0.1938658207654953,0.260058730840683,0.28191888332366943
371,sustained_new,3,1.3134121894836426,0.9765278100967407,0.19457046687602997,0.26128989458084106,0.28141433000564575
371,sustained_new,4,1.5896880626678467,0.9660654067993164,0.19511927664279938,0.262254923582077,0.2810697555541992
371,sustained_new,5,1.8230364322662354,0.955713152885437,0.19556353986263275,0.26303786039352417,0.28087013959884644
371,sustained_new,6,2.026785135269165,0.945475697517395,0.19594044983386993,0.2637011706829071,0.28079521656036377
371,sustained_new,7,2.210378408432007,0.9352471828460693,0.1962750256061554,0.26428690552711487,0.2808239758014679
371,sustained_new,8,2.3805387020111084,0.9248912930488586,0.19658274948596954,0.2648204267024994,0.2809368669986725
371,shock_recovery,0,0.5495557188987732,0.9956700205802917,0.19294342398643494,0.25846049189567566,0.28258800506591797
371,shock_recovery,1,0.6944310665130615,0.9943310022354126,0.19205692410469055,0.25757667422294617,0.2740515172481537
371,shock_recovery,2,0.9183171987533569,0.9904807806015015,0.19149325788021088,0.2568584084510803,0.27338430285453796
371,shock_recovery,3,1.1470645666122437,0.9849600791931152,0.19115868210792542,0.25629672408103943,0.2729504108428955
371,shock_recovery,4,1.363332986831665,0.978294312953949,0.19099858403205872,0.2558753192424774,0.27269455790519714
319,stable_old,1,0.35205137729644775,0.9990073442459106,0.2832315266132355,0.27942270040512085,0.26501503586769104
319,stable_old,2,0.6393005847930908,0.996499240398407,0.28248581290245056,0.2803429067134857,0.2646712362766266
319,stable_old,3,0.8760731220245361,0.9930606484413147,0.2816199064254761,0.281101793050766,0.2643885910511017
319,stable_old,4,1.0728447437286377,0.9891253113746643,0.2807157635688782,0.28172680735588074,0.26416006684303284
319,stable_old,5,1.2375165224075317,0.9849985837936401,0.2798192501068115,0.28224116563796997,0.26397669315338135
319,stable_old,6,1.3762109279632568,0.9808831810951233,0.2789557874202728,0.2826646864414215,0.26382961869239807
319,stable_old,7,1.493774175643921,0.976905345916748,0.2781388461589813,0.28301405906677246,0.26371097564697266
319,stable_old,8,1.5940989255905151,0.9731360673904419,0.2773747444152832,0.2833033502101898,0.26361411809921265
319,sustained_new,1,0.6799788475036621,0.9930839538574219,0.2921294569969177,0.27572277188301086,0.27859199047088623
319,sustained_new,2,1.2464896440505981,0.9773582816123962,0.2986922860145569,0.2739567458629608,0.2780521810054779
319,sustained_new,3,1.7203881740570068,0.9577073454856873,0.30380287766456604,0.27282077074050903,0.27752685546875
319,sustained_new,4,2.1180472373962402,0.9368271231651306,0.3076942563056946,0.2721371650695801,0.2770361304283142
319,sustained_new,5,2.452962875366211,0.9161784052848816,0.3105684220790863,0.2717696726322174,0.2765922546386719
319,sustained_new,6,2.7364468574523926,0.8964988589286804,0.31262290477752686,0.2716257870197296,0.276198148727417
319,sustained_new,7,2.977980852127075,0.8781027793884277,0.31403645873069763,0.2716454565525055,0.2758500576019287
319,sustained_new,8,3.1854658126831055,0.8610620498657227,0.3149573802947998,0.27179059386253357,0.27554044127464294
319,shock_recovery,0,0.6799788475036621,0.9930839538574219,0.2921294569969177,0.27572277188301086,0.27859199047088623
319,shock_recovery,1,0.8363602757453918,0.9912617802619934,0.29107123613357544,0.27725252509117126,0.26427707076072693
319,shock_recovery,2,1.0186537504196167,0.9881929755210876,0.28984522819519043,0.2785204350948334,0.2639921009540558
319,shock_recovery,3,1.1898128986358643,0.9844468235969543,0.28858494758605957,0.2795705497264862,0.2637757658958435
319,shock_recovery,4,1.3409857749938965,0.9804136157035828,0.2873583436012268,0.28043773770332336,0.2636135220527649
168,stable_old,1,0.35008472204208374,0.9990845918655396,0.16983483731746674,0.300840824842453,0.2401277720928192
168,stable_old,2,0.649920642375946,0.9965092539787292,0.16962699592113495,0.30071350932121277,0.23902538418769836
168,stable_old,3,0.9134671092033386,0.9925289154052734,0.1695144921541214,0.3005486726760864,0.2382034957408905
168,stable_old,4,1.149287223815918,0.9874026775360107,0.16946738958358765,0.30036741495132446,0.23759832978248596
168,stable_old,5,1.3625937700271606,0.9813897609710693,0.16946382820606232,0.300182044506073,0.23715588450431824
168,stable_old,6,1.5566216707229614,0.9747384190559387,0.16948692500591278,0.30000007152557373,0.23683245480060577
168,stable_old,7,1.7334978580474854,0.9676758050918579,0.1695234179496765,0.29982590675354004,0.2365937978029251
168,stable_old,8,1.8947622776031494,0.9604004621505737,0.16956324875354767,0.29966190457344055,0.23641358315944672
168,sustained_new,1,0.57790207862854,0.9940969944000244,0.17221546173095703,0.29857006669044495,0.13866408169269562
168,sustained_new,2,1.1240854263305664,0.9778838753700256,0.17447338998317719,0.2960079312324524,0.14118990302085876
168,sustained_new,3,1.620970368385315,0.9547986388206482,0.17677758634090424,0.2932642996311188,0.14267683029174805
168,sustained_new,4,2.0620875358581543,0.9284250736236572,0.17889747023582458,0.2904168367385864,0.14342154562473297
168,sustained_new,5,2.4476630687713623,0.9014825224876404,0.18068131804466248,0.287546843290329,0.14368221163749695
168,sustained_new,6,2.7816853523254395,0.8756312727928162,0.18210923671722412,0.28473642468452454,0.14367955923080444
168,sustained_new,7,3.069908380508423,0.8516873717308044,0.18324929475784302,0.28207433223724365,0.14359067380428314
168,sustained_new,8,3.31853985786438,0.829925000667572,0.18418926000595093,0.2796468436717987,0.14353960752487183
168,shock_recovery,0,0.57790207862854,0.9940969944000244,0.17221546173095703,0.29857006669044495,0.13866408169269562
168,shock_recovery,1,0.6814345717430115,0.9934176206588745,0.17178891599178314,0.2988426089286804,0.2420240044593811
168,shock_recovery,2,0.8869413137435913,0.9907676577568054,0.17156295478343964,0.2989448308944702,0.24070574343204498
168,shock_recovery,3,1.107614278793335,0.9865732192993164,0.17144733667373657,0.29896071553230286,0.23981906473636627
168,shock_recovery,4,1.3196321725845337,0.9811922311782837,0.171391099691391,0.298932284116745,0.23920339345932007
411,stable_old,1,0.3387198746204376,0.9990981221199036,0.31897711753845215,0.37382036447525024,0.2806761860847473
411,stable_old,2,0.6317462921142578,0.9965085387229919,0.32225778698921204,0.37556806206703186,0.2800680696964264
411,stable_old,3,0.892720103263855,0.9924330711364746,0.3252027630805969,0.37707385420799255,0.2795177698135376
411,stable_old,4,1.1298575401306152,0.9870931506156921,0.3278214633464813,0.37835872173309326,0.27901965379714966
411,stable_old,5,1.3481389284133911,0.9807136654853821,0.33011987805366516,0.3794347047805786,0.2785690426826477
411,stable_old,6,1.5506720542907715,0.973506510257721,0.3321072459220886,0.3803108334541321,0.2781619727611542
411,stable_old,7,1.7394880056381226,0.9656658172607422,0.3337985575199127,0.3809966444969177,0.2777949571609497
411,stable_old,8,1.915985345840454,0.957362711429596,0.3352140188217163,0.38150328397750854,0.27746498584747314
411,sustained_new,1,0.6359923481941223,0.9934499263763428,0.323485404253006,0.37216639518737793,0.2223290055990219
411,sustained_new,2,1.1527259349822998,0.9790310263633728,0.32965347170829773,0.3719753623008728,0.21809911727905273
411,sustained_new,3,1.5744720697402954,0.9618130326271057,0.33413875102996826,0.37157732248306274,0.21283495426177979
411,sustained_new,4,1.9221861362457275,0.9442692399024963,0.33730027079582214,0.3711094260215759,0.2071966975927353
411,sustained_new,5,2.2125048637390137,0.9274649024009705,0.3394540250301361,0.37061238288879395,0.20154893398284912
411,sustained_new,6,2.4583005905151367,0.9117722511291504,0.3408468961715698,0.3700900673866272,0.1961301565170288
411,sustained_new,7,2.6693992614746094,0.8972456455230713,0.3416634202003479,0.3695354163646698,0.1910838484764099
411,sustained_new,8,2.853252649307251,0.8838077187538147,0.3420396149158478,0.3689407706260681,0.1864832043647766
411,shock_recovery,0,0.6359923481941223,0.9934499263763428,0.323485404253006,0.37216639518737793,0.2223290055990219
411,shock_recovery,1,0.7631446123123169,0.992224395275116,0.32589462399482727,0.37404850125312805,0.2793867588043213
411,shock_recovery,2,0.9601529240608215,0.9891037940979004,0.3280988037586212,0.37567567825317383,0.2788688540458679
411,shock_recovery,3,1.1710054874420166,0.9844200611114502,0.3301060199737549,0.37706729769706726,0.2784331440925598
411,shock_recovery,4,1.3781217336654663,0.9784693717956543,0.33190661668777466,0.3782338500022888,0.27806055545806885
213,stable_old,1,0.37055572867393494,0.9991446733474731,0.24538128077983856,0.32838761806488037,0.23483797907829285
213,stable_old,2,0.6753803491592407,0.996941864490509,0.2417905032634735,0.32592493295669556,0.2369241714477539
213,stable_old,3,0.9282059073448181,0.9938419461250305,0.23884770274162292,0.3239695429801941,0.23868712782859802
213,stable_old,4,1.1395918130874634,0.9901870489120483,0.23647557199001312,0.3224501609802246,0.24017341434955597
213,stable_old,5,1.3176647424697876,0.9862338900566101,0.2345888912677765,0.32129809260368347,0.24142587184906006
213,stable_old,6,1.4687141180038452,0.982170045375824,0.2330964058637619,0.32044583559036255,0.2424788773059845
213,stable_old,7,1.5976557731628418,0.978128969669342,0.23192372918128967,0.31984132528305054,0.24336320161819458
213,stable_old,8,1.7083690166473389,0.9742013812065125,0.23101206123828888,0.3194444477558136,0.2441045045852661
213,sustained_new,1,0.6651557087898254,0.9924983978271484,0.24790436029434204,0.3270503878593445,0.21700622141361237
213,sustained_new,2,1.202799677848816,0.9768861532211304,0.24551858007907867,0.32367971539497375,0.22165140509605408
213,sustained_new,3,1.6411406993865967,0.9589970707893372,0.2427455186843872,0.3208523988723755,0.22514168918132782
213,sustained_new,4,2.0033929347991943,0.941100001335144,0.23974743485450745,0.31830906867980957,0.22788143157958984
213,sustained_new,5,2.307614803314209,0.9239196181297302,0.23667646944522858,0.3159562945365906,0.23011401295661926
213,sustained_new,6,2.567347764968872,0.9076001048088074,0.23368385434150696,0.31379905343055725,0.23198071122169495
213,sustained_new,7,2.7925193309783936,0.8921036720275879,0.23090404272079468,0.3118771016597748,0.2335636019706726
213,sustained_new,8,2.9903111457824707,0.8773614168167114,0.22843320667743683,0.3102206885814667,0.23491258919239044
213,shock_recovery,0,0.6651557087898254,0.9924983978271484,0.24790436029434204,0.3270503878593445,0.21700622141361237
213,shock_recovery,1,0.7863917350769043,0.992656409740448,0.2435053586959839,0.32471325993537903,0.2384263277053833
213,shock_recovery,2,0.9751683473587036,0.9909456968307495,0.2400440275669098,0.3229199945926666,0.23964521288871765
213,shock_recovery,3,1.1617350578308105,0.9881789684295654,0.23731909692287445,0.3215481638908386,0.2407812476158142
213,shock_recovery,4,1.328741192817688,0.9848348498344421,0.23518480360507965,0.32051756978034973,0.24179810285568237
66,stable_old,1,0.31504327058792114,0.9992417097091675,0.2101951241493225,0.28233903646469116,0.1806625872850418
66,stable_old,2,0.5833297967910767,0.996959924697876,0.21008595824241638,0.28249579668045044,0.18037696182727814
66,stable_old,3,0.8210691809654236,0.9931841492652893,0.21029716730117798,0.2829459011554718,0.17972831428050995
66,stable_old,4,1.0384886264801025,0.9879957437515259,0.21075190603733063,0.28361764550209045,0.17882028222084045
66,stable_old,5,1.241622805595398,0.981521487236023,0.21138602495193481,0.284453421831131,0.17772793769836426
66,stable_old,6,1.4337823390960693,0.9739224314689636,0.21214647591114044,0.28540492057800293,0.17650580406188965
66,stable_old,7,1.6166399717330933,0.9653815031051636,0.2129891812801361,0.2864314019680023,0.17519371211528778
66,stable_old,8,1.7909672260284424,0.9560891389846802,0.21387788653373718,0.28749850392341614,0.17382101714611053
66,sustained_new,1,1.7123311758041382,0.9360427856445312,0.21648001670837402,0.3057083487510681,0.2848174571990967
66,sustained_new,2,3.042210340499878,0.8021931648254395,0.22113828361034393,0.32182860374450684,0.28493747115135193
66,sustained_new,3,4.072479724884033,0.6642321944236755,0.22297583520412445,0.3303721845149994,0.2844018340110779
66,sustained_new,4,4.868958473205566,0.5465874671936035,0.22367745637893677,0.33349165320396423,0.2835122346878052
66,sustained_new,5,5.48431921005249,0.4523269832134247,0.2240765392780304,0.3342231214046478,0.2824346423149109
66,sustained_new,6,5.962829113006592,0.37763991951942444,0.22433577477931976,0.3344167470932007,0.28127652406692505
66,sustained_new,7,6.33803129196167,0.3181842267513275,0.2245113104581833,0.3345746695995331,0.28011465072631836
66,sustained_new,8,6.635054588317871,0.2704354524612427,0.22465407848358154,0.3346441388130188,0.27898865938186646
66,shock_recovery,0,1.7123311758041382,0.9360427856445312,0.21648001670837402,0.3057083487510681,0.2848174571990967
66,shock_recovery,1,1.5728455781936646,0.9487742185592651,0.21344736218452454,0.3030778765678406,0.1729964017868042
66,shock_recovery,2,1.5388062000274658,0.9547578692436218,0.2114245891571045,0.30115973949432373,0.17391332983970642
66,shock_recovery,3,1.5759176015853882,0.956287145614624,0.21016894280910492,0.2998642027378082,0.17437592148780823
66,shock_recovery,4,1.6595863103866577,0.9545082449913025,0.20947782695293427,0.29907575249671936,0.17437207698822021
307,stable_old,1,0.3443155288696289,0.9990594983100891,0.26705068349838257,0.20520631968975067,0.24415332078933716
307,stable_old,2,0.6347424983978271,0.996518611907959,0.2670905292034149,0.20536930859088898,0.24490180611610413
307,stable_old,3,0.8856083154678345,0.9927273988723755,0.26710245013237,0.2056978940963745,0.24606868624687195
307,stable_old,4,1.1071172952651978,0.9879489541053772,0.2670922875404358,0.20615343749523163,0.2475455403327942
307,stable_old,5,1.3067383766174316,0.9823720455169678,0.26706385612487793,0.20670248568058014,0.2492363154888153
307,stable_old,6,1.4900455474853516,0.9761250615119934,0.267019659280777,0.2073177695274353,0.2510595917701721
307,stable_old,7,1.66123628616333,0.9692915081977844,0.26696163415908813,0.20797637104988098,0.25294870138168335
307,stable_old,8,1.823469877243042,0.961922824382782,0.2668914198875427,0.2086581289768219,0.25485101342201233
307,sustained_new,1,0.8083908557891846,0.9886964559555054,0.2669067084789276,0.19705139100551605,0.21277666091918945
307,sustained_new,2,1.5579242706298828,0.9583836793899536,0.2667540907859802,0.19036565721035004,0.22584667801856995
307,sustained_new,3,2.254136800765991,0.9143655896186829,0.2665606141090393,0.18534110486507416,0.2366938591003418
307,sustained_new,4,2.8982772827148438,0.8613079190254211,0.26635056734085083,0.18162141740322113,0.24536791443824768
307,sustained_new,5,3.4903829097747803,0.8030257821083069,0.266122430562973,0.1787569373846054,0.25234171748161316
307,sustained_new,6,4.030284404754639,0.7425684332847595,0.2658637464046478,0.176371231675148,0.2579890787601471
307,sustained_new,7,4.518224716186523,0.6823251247406006,0.26556554436683655,0.17427566647529602,0.26252803206443787
307,sustained_new,8,4.955215930938721,0.6240996718406677,0.26523131132125854,0.17248599231243134,0.2660987675189972
307,shock_recovery,0,0.8083908557891846,0.9886964559555054,0.2669067084789276,0.19705139100551605,0.21277666091918945
307,shock_recovery,1,0.8297005295753479,0.9895098209381104,0.2669907808303833,0.19842728972434998,0.24795673787593842
307,shock_recovery,2,0.9866978526115417,0.9872269630432129,0.2670150399208069,0.19975976645946503,0.24962541460990906
307,shock_recovery,3,1.1842114925384521,0.9829537272453308,0.26700133085250854,0.20102858543395996,0.2513536810874939
307,shock_recovery,4,1.3844637870788574,0.977306067943573,0.2669622004032135,0.2022230476140976,0.2531498968601227
548,stable_old,1,0.3643617630004883,0.9991022944450378,0.2920420169830322,0.32736486196517944,0.1934381127357483
548,stable_old,2,0.6705448031425476,0.996643602848053,0.28961291909217834,0.32889533042907715,0.1916780173778534
548,stable_old,3,0.9324890971183777,0.9929424524307251,0.2873418629169464,0.3301585614681244,0.19001588225364685
548,stable_old,4,1.1601468324661255,0.9882792830467224,0.28523245453834534,0.33121049404144287,0.18846318125724792
548,stable_old,5,1.3605929613113403,0.9828985333442688,0.283291220664978,0.33209189772605896,0.18702444434165955
548,stable_old,6,1.5388991832733154,0.9770103096961975,0.28152456879615784,0.33283382654190063,0.18570184707641602
548,stable_old,7,1.6987706422805786,0.9707912802696228,0.27993661165237427,0.33346062898635864,0.18449655175209045
548,stable_old,8,1.842987060546875,0.9643853306770325,0.2785280644893646,0.3339916467666626,0.1834086775779724
548,sustained_new,1,0.771000325679779,0.9898412227630615,0.30056697130203247,0.32714879512786865,0.23938068747520447
548,sustained_new,2,1.352196216583252,0.9709702134132385,0.304605633020401,0.3280010521411896,0.23908650875091553
548,sustained_new,3,1.7931206226348877,0.9516802430152893,0.3073865473270416,0.32843202352523804,0.23884554207324982
548,sustained_new,4,2.1315481662750244,0.9343440532684326,0.30934828519821167,0.3286358118057251,0.2386966049671173
548,sustained_new,5,2.3952372074127197,0.9193124175071716,0.310776025056839,0.32871004939079285,0.23864340782165527
548,sustained_new,6,2.6043083667755127,0.9063342809677124,0.3118518888950348,0.3287062346935272,0.23867188394069672
548,sustained_new,7,2.7732765674591064,0.8950351476669312,0.3126911520957947,0.32865384221076965,0.23876318335533142
548,sustained_new,8,2.9126076698303223,0.8850657343864441,0.31336620450019836,0.328571081161499,0.23889952898025513
548,shock_recovery,0,0.771000325679779,0.9898412227630615,0.30056697130203247,0.32714879512786865,0.23938068747520447
548,shock_recovery,1,0.8341833353042603,0.9916384220123291,0.2967202365398407,0.3282521069049835,0.19163763523101807
548,shock_recovery,2,0.9855594635009766,0.9906511902809143,0.2933667302131653,0.32927045226097107,0.19036120176315308
548,shock_recovery,3,1.1607567071914673,0.9878154993057251,0.2904322147369385,0.3301962614059448,0.18912723660469055
548,shock_recovery,4,1.3347750902175903,0.9836979508399963,0.28785839676856995,0.3310267925262451,0.18794122338294983
660,stable_old,1,0.3401811718940735,0.9990105628967285,0.25854620337486267,0.2772447466850281,0.2794581651687622
660,stable_old,2,0.6312865614891052,0.9962801337242126,0.2566879093647003,0.27774733304977417,0.2800323963165283
660,stable_old,3,0.8875347971916199,0.9921249151229858,0.2551387548446655,0.27836745977401733,0.28055816888809204
660,stable_old,4,1.1179929971694946,0.9868149161338806,0.25383588671684265,0.2790954113006592,0.2810365855693817
660,stable_old,5,1.3284032344818115,0.9805859327316284,0.2527275085449219,0.2799089550971985,0.28146886825561523
660,stable_old,6,1.5223780870437622,0.9736467003822327,0.251773864030838,0.2807794511318207,0.28185635805130005
660,stable_old,7,1.7021818161010742,0.9661858081817627,0.25094568729400635,0.2816764712333679,0.2822006344795227
660,stable_old,8,1.8692420721054077,0.9583746790885925,0.25022193789482117,0.28257131576538086,0.28250372409820557
660,sustained_new,1,0.5263102054595947,0.9961792826652527,0.2572418451309204,0.2787719666957855,0.26342326402664185
660,sustained_new,2,0.9440277218818665,0.9880384206771851,0.2544812858104706,0.28055596351623535,0.26530876755714417
660,sustained_new,3,1.2819850444793701,0.9783096313476562,0.25231844186782837,0.28244906663894653,0.2666884958744049
660,sustained_new,4,1.5609978437423706,0.9681481122970581,0.25060853362083435,0.2844994068145752,0.2677493095397949
660,sustained_new,5,1.7962400913238525,0.9580256938934326,0.24923883378505707,0.28667014837265015,0.2685892879962921
660,sustained_new,6,1.9984639883041382,0.9481321573257446,0.2481260746717453,0.28889328241348267,0.2692699730396271
660,sustained_new,7,2.1752212047576904,0.9385455846786499,0.2472098469734192,0.2910986840724945,0.26983022689819336
660,sustained_new,8,2.3318450450897217,0.9292994737625122,0.24644625186920166,0.2932272255420685,0.27029508352279663
660,shock_recovery,0,0.5263102054595947,0.9961792826652527,0.2572418451309204,0.2787719666957855,0.26342326402664185
660,shock_recovery,1,0.6831201910972595,0.9948241710662842,0.2557290494441986,0.2791927754878998,0.28012731671333313
660,shock_recovery,2,0.8952465653419495,0.9914983510971069,0.25442805886268616,0.27972662448883057,0.2805615961551666
660,shock_recovery,3,1.1090736389160156,0.9867280125617981,0.2533058524131775,0.2803623080253601,0.2809860110282898
660,shock_recovery,4,1.3126139640808105,0.9808682799339294,0.25233083963394165,0.281078964471817,0.28138795495033264
767,stable_old,1,0.361093670129776,0.9993576407432556,0.27574044466018677,0.21004363894462585,0.11141583323478699
767,stable_old,2,0.6751522421836853,0.9977118372917175,0.2773001790046692,0.2100629061460495,0.10885022580623627
767,stable_old,3,0.949286699295044,0.9954045414924622,0.27869147062301636,0.2101324200630188,0.10676280409097672
767,stable_old,4,1.1895264387130737,0.9926804304122925,0.2798920273780823,0.2102351039648056,0.1051546260714531
767,stable_old,5,1.4009636640548706,0.9897032976150513,0.2809005677700043,0.21035900712013245,0.10400279611349106
767,stable_old,6,1.587890625,0.986578643321991,0.28172674775123596,0.21049602329730988,0.10327324271202087
767,stable_old,7,1.7539277076721191,0.9833697080612183,0.28238561749458313,0.2106408178806305,0.10292933881282806
767,stable_old,8,1.9021365642547607,0.9801098704338074,0.2828938961029053,0.21078985929489136,0.10293607413768768
767,sustained_new,1,0.9266843199729919,0.9724787473678589,0.2786169946193695,0.21136943995952606,0.17215512692928314
767,sustained_new,2,1.730441927909851,0.915635347366333,0.2813538908958435,0.2124401032924652,0.18071919679641724
767,sustained_new,3,2.424961566925049,0.8535709977149963,0.28282666206359863,0.21346545219421387,0.1904980093240738
767,sustained_new,4,3.0196189880371094,0.7956715822219849,0.2833837568759918,0.21445871889591217,0.20030300319194794
767,sustained_new,5,3.524127721786499,0.7442303895950317,0.2832629978656769,0.21540293097496033,0.20935478806495667
767,sustained_new,6,3.949223518371582,0.6990079879760742,0.28264299035072327,0.21629974246025085,0.2172515094280243
767,sustained_new,7,4.3059983253479,0.6591423153877258,0.2816648781299591,0.21716967225074768,0.22388604283332825
767,sustained_new,8,4.605080604553223,0.6237843632698059,0.2804400324821472,0.2180383950471878,0.22933465242385864
767,shock_recovery,0,0.9266843199729919,0.9724787473678589,0.2786169946193695,0.21136943995952606,0.17215512692928314
767,shock_recovery,1,1.042967677116394,0.9749994874000549,0.2789415717124939,0.21134383976459503,0.11659267544746399
767,shock_recovery,2,1.2238932847976685,0.9754096865653992,0.2793773114681244,0.21135856211185455,0.1160011738538742
767,shock_recovery,3,1.4201483726501465,0.9744851589202881,0.2798468768596649,0.21140605211257935,0.11533898115158081
767,shock_recovery,4,1.6107836961746216,0.9726789593696594,0.28029942512512207,0.21147814393043518,0.11484871804714203
662,stable_old,1,0.3328365981578827,0.9991476535797119,0.32594990730285645,0.2673928141593933,0.2658229470252991
662,stable_old,2,0.6108738780021667,0.9968713521957397,0.32656776905059814,0.26764073967933655,0.26539722084999084
662,stable_old,3,0.8477606773376465,0.9935479164123535,0.32694706320762634,0.26789331436157227,0.2651199698448181
662,stable_old,4,1.052595615386963,0.9894933700561523,0.32715079188346863,0.2681240439414978,0.26495635509490967
662,stable_old,5,1.2315921783447266,0.9849669337272644,0.3272245526313782,0.2683185935020447,0.2648768723011017
662,stable_old,6,1.3891316652297974,0.9801770448684692,0.32720252871513367,0.26847025752067566,0.26485753059387207
662,stable_old,7,1.528428316116333,0.975288450717926,0.3271103799343109,0.2685774564743042,0.26487934589385986
662,stable_old,8,1.6519471406936646,0.9704270362854004,0.32696762681007385,0.2686416208744049,0.2649279534816742
662,sustained_new,1,0.5529932379722595,0.9958707094192505,0.32659220695495605,0.2673153579235077,0.2755836546421051
662,sustained_new,2,1.0045801401138306,0.9866790771484375,0.32759371399879456,0.2675204575061798,0.2757473587989807
662,sustained_new,3,1.3750132322311401,0.9754043817520142,0.3281607925891876,0.2677536904811859,0.27589061856269836
662,sustained_new,4,1.6805107593536377,0.9635786414146423,0.3284188508987427,0.26797208189964294,0.2760195732116699
662,sustained_new,5,1.9341660737991333,0.9519718885421753,0.3284704089164734,0.26814964413642883,0.27613669633865356
662,sustained_new,6,2.146552562713623,0.940939724445343,0.32839494943618774,0.2682752311229706,0.27624255418777466
662,sustained_new,7,2.3261830806732178,0.9306114912033081,0.3282499313354492,0.26834845542907715,0.27633678913116455
662,sustained_new,8,2.479879379272461,0.9209957122802734,0.3280740976333618,0.26837506890296936,0.27641940116882324
662,shock_recovery,0,0.5529932379722595,0.9958707094192505,0.32659220695495605,0.2673153579235077,0.2755836546421051
662,shock_recovery,1,0.7002421021461487,0.9947900772094727,0.3271011710166931,0.26746293902397156,0.2665663957595825
662,shock_recovery,2,0.8828978538513184,0.9923281669616699,0.3273836076259613,0.2676420211791992,0.26614677906036377
662,shock_recovery,3,1.0622780323028564,0.988885760307312,0.327502965927124,0.2678196430206299,0.2658449411392212
662,shock_recovery,4,1.2286620140075684,0.9847776889801025,0.3275035619735718,0.26797613501548767,0.2656393051147461
244,stable_old,1,0.38725030422210693,0.9985552430152893,0.6300680637359619,0.30913814902305603,0.2881307899951935
244,stable_old,2,0.7258387207984924,0.9946162104606628,0.6246443390846252,0.3056448698043823,0.287719190120697
244,stable_old,3,1.028533935546875,0.9886755347251892,0.619784951210022,0.30251544713974,0.2873683273792267
244,stable_old,4,1.303056001663208,0.9811505675315857,0.6155352592468262,0.2997409999370575,0.2870708703994751
244,stable_old,5,1.5540359020233154,0.9724165797233582,0.6118900179862976,0.2972981333732605,0.28682026267051697
244,stable_old,6,1.7842892408370972,0.9628154635429382,0.6088023781776428,0.2951546013355255,0.28661078214645386
244,stable_old,7,1.9956183433532715,0.9526567459106445,0.6061961054801941,0.2932742238044739,0.2864378094673157
244,stable_old,8,2.1893019676208496,0.9422126412391663,0.6039827466011047,0.2916199862957001,0.28629717230796814
244,sustained_new,1,0.949497640132904,0.9854443669319153,0.6494898200035095,0.32002466917037964,0.2883132994174957
244,sustained_new,2,1.695590853691101,0.9549370408058167,0.6571970582008362,0.32393163442611694,0.28767621517181396
244,sustained_new,3,2.287304401397705,0.9205031394958496,0.6622318029403687,0.3261882960796356,0.2872070074081421
244,sustained_new,4,2.7603976726531982,0.8873762488365173,0.6659222841262817,0.32754531502723694,0.286864310503006
244,sustained_new,5,3.141326427459717,0.8574631214141846,0.6689001321792603,0.3284052312374115,0.2866179347038269
244,sustained_new,6,3.4498767852783203,0.8312272429466248,0.6714637279510498,0.32898494601249695,0.28644415736198425
244,sustained_new,7,3.7010393142700195,0.8085513710975647,0.6737334728240967,0.3293973505496979,0.2863244116306305
244,sustained_new,8,3.9063374996185303,0.7891067266464233,0.6757417321205139,0.329698771238327,0.28624430298805237
244,shock_recovery,0,0.949497640132904,0.9854443669319153,0.6494898200035095,0.32002466917037964,0.2883132994174957
244,shock_recovery,1,0.9692831635475159,0.9865486025810242,0.6411113142967224,0.3143654465675354,0.28721264004707336
244,shock_recovery,2,1.134171724319458,0.9834573864936829,0.6338040828704834,0.3094826638698578,0.2869822084903717
244,shock_recovery,3,1.3524482250213623,0.9776044487953186,0.6275638341903687,0.3053254783153534,0.2867431640625
244,shock_recovery,4,1.5799366235733032,0.9698957204818726,0.6223058104515076,0.30180642008781433,0.2865179777145386
959,stable_old,1,0.3112029433250427,0.9992762207984924,0.22609107196331024,0.3614180386066437,0.27209773659706116
959,stable_old,2,0.5696622133255005,0.9973148107528687,0.22563311457633972,0.36018985509872437,0.27243733406066895
959,stable_old,3,0.7903594970703125,0.9943881034851074,0.22534345090389252,0.3588959872722626,0.2727581262588501
959,stable_old,4,0.9831995368003845,0.9907191395759583,0.2252037674188614,0.3576000928878784,0.27304351329803467
959,stable_old,5,1.1548709869384766,0.9864870309829712,0.2251962572336197,0.3563406765460968,0.27328717708587646
959,stable_old,6,1.3100332021713257,0.9818317890167236,0.22530344128608704,0.35513976216316223,0.2734881341457367
959,stable_old,7,1.4520457983016968,0.9768587946891785,0.22550809383392334,0.35400864481925964,0.2736480236053467
959,stable_old,8,1.5834064483642578,0.971646249294281,0.2257940024137497,0.3529512584209442,0.27376988530158997
959,sustained_new,1,0.5750296711921692,0.9952525496482849,0.22234494984149933,0.3645307421684265,0.2823101282119751
959,sustained_new,2,1.014771819114685,0.9857395887374878,0.21906153857707977,0.3655591309070587,0.28242456912994385
959,sustained_new,3,1.3538304567337036,0.9752443432807922,0.21656936407089233,0.3659100830554962,0.28257131576538086
959,sustained_new,4,1.6186754703521729,0.9651862978935242,0.21467278897762299,0.3658146262168884,0.28272318840026855
959,sustained_new,5,1.829063057899475,0.9559944272041321,0.21324095129966736,0.36542364954948425,0.28286367654800415
959,sustained_new,6,1.999554991722107,0.9477026462554932,0.21217860281467438,0.3648350238800049,0.28298383951187134
959,sustained_new,7,2.1408188343048096,0.9402027130126953,0.21141308546066284,0.36411264538764954,0.2830793857574463
959,sustained_new,8,2.260653257369995,0.933347761631012,0.21088732779026031,0.36329856514930725,0.2831486761569977
959,shock_recovery,0,0.5750296711921692,0.9952525496482849,0.22234494984149933,0.3645307421684265,0.2823101282119751
959,shock_recovery,1,0.5968071818351746,0.9964013695716858,0.2230837643146515,0.36262255907058716,0.2723955512046814
959,shock_recovery,2,0.7412436008453369,0.9950630068778992,0.22351743280887604,0.36068153381347656,0.2725544571876526
959,shock_recovery,3,0.9148640632629395,0.992205798625946,0.22383688390254974,0.35884881019592285,0.2727985382080078
959,shock_recovery,4,1.0854392051696777,0.9883806109428406,0.2241336703300476,0.35717132687568665,0.27305248379707336
208,stable_old,1,0.3634617328643799,0.9989675879478455,0.421437531709671,0.2986743748188019,0.2502439022064209
208,stable_old,2,0.6762323379516602,0.9960438013076782,0.42426666617393494,0.3011840581893921,0.25174230337142944
208,stable_old,3,0.9498940706253052,0.9915732145309448,0.4271322786808014,0.303583562374115,0.25311142206192017
208,stable_old,4,1.1914347410202026,0.9859526753425598,0.4298868775367737,0.3058660626411438,0.2543610632419586
208,stable_old,5,1.4054712057113647,0.9795650243759155,0.4324246644973755,0.30801883339881897,0.2555004060268402
208,stable_old,6,1.5954680442810059,0.9727402329444885,0.4346868693828583,0.310024619102478,0.2565380930900574
208,stable_old,7,1.7643142938613892,0.9657394289970398,0.4366544187068939,0.31186923384666443,0.2574824094772339
208,stable_old,8,1.9145634174346924,0.9587559700012207,0.43833720684051514,0.31354549527168274,0.2583406865596771
208,sustained_new,1,0.7252073884010315,0.9920377135276794,0.41167470812797546,0.29224079847335815,0.2824760675430298
208,sustained_new,2,1.3032915592193604,0.9753749370574951,0.40932533144950867,0.29125627875328064,0.2823786437511444
208,sustained_new,3,1.7699958086013794,0.9559451937675476,0.4093964099884033,0.2920948565006256,0.28240856528282166
208,sustained_new,4,2.1507980823516846,0.9362936019897461,0.41055381298065186,0.2939836382865906,0.2825118601322174
208,sustained_new,5,2.46429705619812,0.9175270795822144,0.4121018350124359,0.29639559984207153,0.28265565633773804
208,sustained_new,6,2.7244174480438232,0.9001080989837646,0.41369590163230896,0.298988938331604,0.2828177809715271
208,sustained_new,7,2.9418375492095947,0.8841873407363892,0.4151807427406311,0.30155181884765625,0.2829834520816803
208,sustained_new,8,3.124894142150879,0.8697580695152283,0.4164997935295105,0.3039618134498596,0.2831433117389679
208,shock_recovery,0,0.7252073884010315,0.9920377135276794,0.41167470812797546,0.29224079847335815,0.2824760675430298
208,shock_recovery,1,0.8819292783737183,0.9904791712760925,0.4172258675098419,0.29662126302719116,0.25105252861976624
208,shock_recovery,2,1.0917367935180664,0.9866854548454285,0.4220893383026123,0.300409734249115,0.2527922987937927
208,shock_recovery,3,1.3035062551498413,0.981397807598114,0.4262971580028534,0.30371561646461487,0.2542639970779419
208,shock_recovery,4,1.5014172792434692,0.9751760363578796,0.4298836290836334,0.3066099286079407,0.255543977022171
810,stable_old,1,0.21678102016448975,0.9998206496238708,0.3619634509086609,0.2235666662454605,0.03985441476106644
810,stable_old,2,0.42184513807296753,0.9992653131484985,0.36384108662605286,0.22390636801719666,0.040137045085430145
810,stable_old,3,0.6160728931427002,0.9983206987380981,0.36562296748161316,0.2241365909576416,0.0404038280248642
810,stable_old,4,0.8003342747688293,0.9969859719276428,0.3673117160797119,0.22427667677402496,0.040656208992004395
810,stable_old,5,0.9754595160484314,0.9952712655067444,0.3689107298851013,0.2243441492319107,0.04089529812335968
810,stable_old,6,1.1422189474105835,0.9931972026824951,0.37042367458343506,0.2243538498878479,0.041122037917375565
810,stable_old,7,1.3013120889663696,0.9907918572425842,0.37185442447662354,0.22431860864162445,0.04133728891611099
810,stable_old,8,1.4533617496490479,0.9880893230438232,0.37320688366889954,0.22424852848052979,0.04154182970523834
810,sustained_new,1,1.6066803932189941,0.829545795917511,0.36872148513793945,0.2238813191652298,0.26964569091796875
810,sustained_new,2,2.761720657348633,0.7160935401916504,0.3736974000930786,0.22313937544822693,0.2706165015697479
810,sustained_new,3,3.5878686904907227,0.6580389142036438,0.3768221139907837,0.22188177704811096,0.2710293233394623
810,sustained_new,4,4.177778720855713,0.6243219375610352,0.3789670169353485,0.22050264477729797,0.2711620330810547
810,sustained_new,5,4.5990705490112305,0.6026697754859924,0.38053223490715027,0.21916426718235016,0.2711532413959503
810,sustained_new,6,4.900419235229492,0.5875864624977112,0.3817234933376312,0.21794404089450836,0.27107468247413635
810,sustained_new,7,5.116626739501953,0.5762787461280823,0.3826610743999481,0.21687760949134827,0.27096787095069885
810,sustained_new,8,5.272486209869385,0.5671935081481934,0.3834221065044403,0.21597672998905182,0.27085718512535095
810,shock_recovery,0,1.6066803932189941,0.829545795917511,0.36872148513793945,0.2238813191652298,0.26964569091796875
810,shock_recovery,1,1.6576957702636719,0.8425292372703552,0.3702411949634552,0.22387853264808655,0.04097190499305725
810,shock_recovery,2,1.7229347229003906,0.8517317771911621,0.37168699502944946,0.22386182844638824,0.041460804641246796
810,shock_recovery,3,1.80031156539917,0.857928454875946,0.373057097196579,0.2238360494375229,0.041790567338466644
810,shock_recovery,4,1.8871415853500366,0.8618302941322327,0.3743523955345154,0.22380302846431732,0.04204019159078598
529,stable_old,1,0.35448354482650757,0.9995176196098328,0.25342491269111633,0.28499045968055725,0.20351937413215637
529,stable_old,2,0.6433119177818298,0.998267412185669,0.25283700227737427,0.28376248478889465,0.2011907696723938
529,stable_old,3,0.881331741809845,0.9964681267738342,0.25246649980545044,0.2830348610877991,0.19909368455410004
529,stable_old,4,1.0799500942230225,0.9942671656608582,0.25224998593330383,0.28265950083732605,0.1972595453262329
529,stable_old,5,1.2478388547897339,0.9917663335800171,0.25214675068855286,0.28253868222236633,0.1956530213356018
529,stable_old,6,1.3916574716567993,0.9890384078025818,0.2521286904811859,0.2826034128665924,0.1942598521709442
529,stable_old,7,1.516516923904419,0.9861369729042053,0.25217556953430176,0.2828037440776825,0.1930581033229828
529,stable_old,8,1.6263428926467896,0.9831023216247559,0.2522726356983185,0.28310272097587585,0.19202445447444916
529,sustained_new,1,0.2911173105239868,0.9991390705108643,0.25388476252555847,0.2853218615055084,0.1382683366537094
529,sustained_new,2,0.5444610118865967,0.9970823526382446,0.2535715103149414,0.2841116189956665,0.13682612776756287
529,sustained_new,3,0.7649367451667786,0.9943659901618958,0.2533789575099945,0.283270001411438,0.13527584075927734
529,sustained_new,4,0.957603394985199,0.9912939071655273,0.2532884478569031,0.282742977142334,0.13382607698440552
529,sustained_new,5,1.1270408630371094,0.9880321025848389,0.25328174233436584,0.2824779450893402,0.13255243003368378
529,sustained_new,6,1.2771714925765991,0.9846689701080322,0.25334274768829346,0.282428115606308,0.1314689964056015
529,sustained_new,7,1.4112637042999268,0.9812501668930054,0.253458172082901,0.28255346417427063,0.13056370615959167
529,sustained_new,8,1.5320028066635132,0.9777982234954834,0.2536170184612274,0.28282034397125244,0.12981513142585754
529,shock_recovery,0,0.2911173105239868,0.9991390705108643,0.25388476252555847,0.2853218615055084,0.1382683366537094
529,shock_recovery,1,0.5756327509880066,0.9980400204658508,0.25315460562705994,0.28389477729797363,0.20178861916065216
529,shock_recovery,2,0.8213716745376587,0.9964013695716858,0.2526967525482178,0.2830674946308136,0.19949878752231598
529,shock_recovery,3,1.027722954750061,0.9943580031394958,0.25242337584495544,0.28264665603637695,0.19758360087871552
529,shock_recovery,4,1.2021172046661377,0.9920048713684082,0.2522812485694885,0.2825101912021637,0.19594977796077728
866,stable_old,1,0.36251458525657654,0.9987869262695312,0.23995639383792877,0.29847049713134766,0.2776673436164856
866,stable_old,2,0.6739341020584106,0.9955272078514099,0.23978464305400848,0.2953287363052368,0.2772560119628906
866,stable_old,3,0.9452785849571228,0.9907537698745728,0.23961171507835388,0.2928505837917328,0.27690190076828003
866,stable_old,4,1.1839392185211182,0.984926700592041,0.23945564031600952,0.2909480631351471,0.27660030126571655
866,stable_old,5,1.3951928615570068,0.9784229397773743,0.2393176406621933,0.2895064651966095,0.2763456106185913
866,stable_old,6,1.5830377340316772,0.9715392589569092,0.2391919642686844,0.2884194552898407,0.27613282203674316
866,stable_old,7,1.750656247138977,0.9645014405250549,0.2390715777873993,0.28760042786598206,0.2759574055671692
866,stable_old,8,1.9006766080856323,0.9574750661849976,0.23895034193992615,0.28698280453681946,0.27581578493118286
866,sustained_new,1,0.5113462805747986,0.9962185621261597,0.2385152280330658,0.3014626204967499,0.21954505145549774
866,sustained_new,2,0.9362918138504028,0.9877444505691528,0.2372264713048935,0.3009912073612213,0.22085356712341309
866,sustained_new,3,1.28961181640625,0.9773259162902832,0.23615528643131256,0.30073031783103943,0.22181077301502228
866,sustained_new,4,1.5851784944534302,0.9663456678390503,0.2352377474308014,0.300607293844223,0.22260384261608124
866,sustained_new,5,1.83479905128479,0.9554514288902283,0.23442138731479645,0.3005789518356323,0.22332119941711426
866,sustained_new,6,2.048086643218994,0.9449163675308228,0.2336684912443161,0.30061987042427063,0.2240021526813507
866,sustained_new,7,2.2326860427856445,0.9348300099372864,0.23295356333255768,0.30071479082107544,0.2246621996164322
866,sustained_new,8,2.394591808319092,0.9251963496208191,0.2322603464126587,0.3008539080619812,0.2253059595823288
866,shock_recovery,0,0.5113462805747986,0.9962185621261597,0.2385152280330658,0.3014626204967499,0.21954505145549774
866,shock_recovery,1,0.6766138672828674,0.9948388338088989,0.2387416958808899,0.2979924976825714,0.27746590971946716
866,shock_recovery,2,0.9097633957862854,0.9910964965820312,0.23882263898849487,0.2951088845729828,0.27713578939437866
866,shock_recovery,3,1.1421539783477783,0.9857558012008667,0.23883365094661713,0.2928241491317749,0.27686402201652527
866,shock_recovery,4,1.3573802709579468,0.9793992042541504,0.23881085216999054,0.2910601794719696,0.27663713693618774
158,stable_old,1,0.29650208353996277,0.9994617700576782,0.1946580559015274,0.21429455280303955,0.27715378999710083
158,stable_old,2,0.5385780334472656,0.9979753494262695,0.19387435913085938,0.2135717123746872,0.27657783031463623
158,stable_old,3,0.7430676221847534,0.995704710483551,0.19326233863830566,0.21311090886592865,0.276127427816391
158,stable_old,4,0.9211199879646301,0.9927881360054016,0.19279485940933228,0.21286146342754364,0.2757776975631714
158,stable_old,5,1.0800644159317017,0.9893423318862915,0.1924467384815216,0.21277910470962524,0.27550750970840454
158,stable_old,6,1.224709153175354,0.9854673147201538,0.19219598174095154,0.21282634139060974,0.2752995789051056
158,stable_old,7,1.358221411705017,0.9812490344047546,0.19202329218387604,0.21297182142734528,0.2751403748989105
158,stable_old,8,1.482711672782898,0.9767614603042603,0.19191227853298187,0.21319018304347992,0.27501943707466125
158,sustained_new,1,0.9211627244949341,0.9862662553787231,0.19358821213245392,0.22022396326065063,0.2655973434448242
158,sustained_new,2,1.6519659757614136,0.9569982886314392,0.19146829843521118,0.2232980579137802,0.26556840538978577
158,sustained_new,3,2.2395315170288086,0.9229772686958313,0.18934638798236847,0.22494952380657196,0.2657545208930969
158,sustained_new,4,2.7192938327789307,0.8888548612594604,0.1873263120651245,0.22570805251598358,0.2661136984825134
158,sustained_new,5,3.117008924484253,0.8564072251319885,0.18552708625793457,0.22598983347415924,0.26656264066696167
158,sustained_new,6,3.4522552490234375,0.8261081576347351,0.18401052057743073,0.22606757283210754,0.2670382261276245
158,sustained_new,7,3.7389473915100098,0.797994077205658,0.18277733027935028,0.22608742117881775,0.26750725507736206
158,sustained_new,8,3.9860236644744873,0.7720826268196106,0.18180017173290253,0.22610343992710114,0.26795434951782227
158,shock_recovery,0,0.9211627244949341,0.9862662553787231,0.19358821213245392,0.22022396326065063,0.2655973434448242
158,shock_recovery,1,0.8613506555557251,0.9894988536834717,0.19275102019309998,0.21785162389278412,0.27716684341430664
158,shock_recovery,2,0.911751925945282,0.9899579882621765,0.1920551061630249,0.21611911058425903,0.2766309976577759
158,shock_recovery,3,1.0136185884475708,0.988735556602478,0.1915387064218521,0.21491608023643494,0.2762005627155304
158,shock_recovery,4,1.1328240633010864,0.9864276647567749,0.1911861151456833,0.21413354575634003,0.2758581340312958
210,stable_old,1,0.3707961142063141,0.9991247653961182,0.17110739648342133,0.28846654295921326,0.24388521909713745
210,stable_old,2,0.6774984002113342,0.9967659711837769,0.16938592493534088,0.2876933813095093,0.245634526014328
210,stable_old,3,0.9360715746879578,0.9932746291160583,0.16792039573192596,0.2869238555431366,0.24693986773490906
210,stable_old,4,1.157945990562439,0.9889393448829651,0.16670846939086914,0.28618648648262024,0.24795334041118622
210,stable_old,5,1.3513237237930298,0.9839944839477539,0.16574232280254364,0.2854990065097809,0.24877193570137024
210,stable_old,6,1.5221526622772217,0.9786244630813599,0.16500811278820038,0.28487125039100647,0.24945852160453796
210,stable_old,7,1.6748157739639282,0.9729734659194946,0.16448727250099182,0.28430742025375366,0.25005412101745605
210,stable_old,8,1.8126057386398315,0.9671507477760315,0.16415831446647644,0.2838077247142792,0.25058552622795105
210,sustained_new,1,0.8320603966712952,0.9885572195053101,0.180744469165802,0.2906625270843506,0.2663871645927429
210,sustained_new,2,1.4970444440841675,0.9646939635276794,0.18708360195159912,0.2918931543827057,0.26752620935440063
210,sustained_new,3,2.0255537033081055,0.9378425478935242,0.19191889464855194,0.292784720659256,0.26849207282066345
210,sustained_new,4,2.447514057159424,0.9118950963020325,0.19554217159748077,0.29339757561683655,0.2693387567996979
210,sustained_new,5,2.787827968597412,0.8881043791770935,0.1982787698507309,0.2938045263290405,0.27008146047592163
210,sustained_new,6,3.0660555362701416,0.8666369915008545,0.2003757804632187,0.2940589189529419,0.2707229554653168
210,sustained_new,7,3.2972264289855957,0.847259521484375,0.20200611650943756,0.2941972315311432,0.27126556634902954
210,sustained_new,8,3.4927914142608643,0.8296241760253906,0.20329007506370544,0.2942444980144501,0.2717140316963196
210,shock_recovery,0,0.8320603966712952,0.9885572195053101,0.180744469165802,0.2906625270843506,0.2663871645927429
210,shock_recovery,1,0.9672718048095703,0.9876540303230286,0.17772939801216125,0.28975710272789,0.24631063640117645
210,shock_recovery,2,1.1512815952301025,0.9849816560745239,0.17511104047298431,0.28886035084724426,0.24746546149253845
210,shock_recovery,3,1.3360530138015747,0.9811514019966125,0.17289231717586517,0.28800639510154724,0.2484268993139267
210,shock_recovery,4,1.5075486898422241,0.9765605330467224,0.17106151580810547,0.2872171700000763,0.24921207129955292
199,stable_old,1,0.36928391456604004,0.9996776580810547,0.30631545186042786,0.2002723664045334,0.16184557974338531
199,stable_old,2,0.6771717071533203,0.9988831281661987,0.3068300485610962,0.19842876493930817,0.16114594042301178
199,stable_old,3,0.9340518712997437,0.9977927207946777,0.3072970509529114,0.19696809351444244,0.16047903895378113
199,stable_old,4,1.1488423347473145,0.9965086579322815,0.3077377378940582,0.19582347571849823,0.1598593294620514
199,stable_old,5,1.3290858268737793,0.9950891733169556,0.3081626892089844,0.1949397474527359,0.15929284691810608
199,stable_old,6,1.4810923337936401,0.993566632270813,0.30857598781585693,0.1942717283964157,0.1587810516357422
199,stable_old,7,1.6101000308990479,0.9919581413269043,0.3089791536331177,0.1937825232744217,0.15832288563251495
199,stable_old,8,1.7204314470291138,0.9902719259262085,0.30937203764915466,0.19344212114810944,0.15791623294353485
199,sustained_new,1,0.22538362443447113,0.998956024646759,0.30618882179260254,0.20037798583507538,0.05465632677078247
199,sustained_new,2,0.4251807630062103,0.9964575171470642,0.3065599799156189,0.1984817534685135,0.053501196205616
199,sustained_new,3,0.6054642796516418,0.9931238889694214,0.3068530559539795,0.19681133329868317,0.05295014753937721
199,sustained_new,4,0.7693448066711426,0.9893375039100647,0.3070859909057617,0.19532683491706848,0.052678465843200684
199,sustained_new,5,0.9187620878219604,0.9853501319885254,0.30727145075798035,0.194003626704216,0.052541233599185944
199,sustained_new,6,1.055184245109558,0.9813287854194641,0.3074186146259308,0.19282393157482147,0.052469924092292786
199,sustained_new,7,1.1798781156539917,0.9773796200752258,0.3075349032878876,0.19177283346652985,0.052431121468544006
199,sustained_new,8,1.2940053939819336,0.9735659956932068,0.30762621760368347,0.190837100148201,0.05240830034017563
199,shock_recovery,0,0.22538362443447113,0.998956024646759,0.30618882179260254,0.20037798583507538,0.05465632677078247
199,shock_recovery,1,0.4928562641143799,0.9986452460289001,0.3067606985569,0.19836221635341644,0.15912683308124542
199,shock_recovery,2,0.7695311903953552,0.9978772401809692,0.3072403371334076,0.19671209156513214,0.16022998094558716
199,shock_recovery,3,1.0093928575515747,0.9968014359474182,0.30766984820365906,0.19539645314216614,0.1604454517364502
199,shock_recovery,4,1.2126656770706177,0.9955237507820129,0.3080734610557556,0.1943703591823578,0.16025382280349731
174,stable_old,1,0.3509381413459778,0.9990082383155823,0.3305806517601013,0.42417770624160767,0.281657874584198
174,stable_old,2,0.6504091620445251,0.996243953704834,0.32962021231651306,0.42145514488220215,0.2819477319717407
174,stable_old,3,0.9126603007316589,0.9920141696929932,0.3289513885974884,0.41907477378845215,0.2822219133377075
174,stable_old,4,1.1469428539276123,0.9866006374359131,0.32847630977630615,0.4170326292514801,0.2824787497520447
174,stable_old,5,1.3593822717666626,0.9802500605583191,0.32813259959220886,0.41530492901802063,0.2827184796333313
174,stable_old,6,1.5541894435882568,0.9731696844100952,0.3278774321079254,0.41385936737060547,0.28294217586517334
174,stable_old,7,1.7344058752059937,0.9655261635780334,0.3276798725128174,0.4126627445220947,0.28315144777297974
174,stable_old,8,1.9023469686508179,0.9574484825134277,0.32751697301864624,0.4116840958595276,0.2833474576473236
174,sustained_new,1,1.0018669366836548,0.9835097789764404,0.3331497013568878,0.4229891300201416,0.28256481885910034
174,sustained_new,2,1.7369601726531982,0.9524216651916504,0.3332005441188812,0.4196139872074127,0.2826680541038513
174,sustained_new,3,2.288470506668091,0.9204678535461426,0.33267149329185486,0.4169810116291046,0.28278446197509766
174,sustained_new,4,2.7109367847442627,0.8916645050048828,0.33187204599380493,0.41490232944488525,0.2829122543334961
174,sustained_new,5,3.0412704944610596,0.8666055202484131,0.33096957206726074,0.41322919726371765,0.2830476462841034
174,sustained_new,6,3.3050436973571777,0.844874382019043,0.3300538659095764,0.4118610620498657,0.2831884026527405
174,sustained_new,7,3.5202808380126953,0.8258488774299622,0.32917293906211853,0.41073301434516907,0.2833330035209656
174,sustained_new,8,3.6998450756073,0.8089454770088196,0.32835158705711365,0.4098036289215088,0.28347986936569214
174,shock_recovery,0,1.0018669366836548,0.9835097789764404,0.3331497013568878,0.4229891300201416,0.28256481885910034
174,shock_recovery,1,1.00811767578125,0.9853340983390808,0.33105629682540894,0.42042773962020874,0.28182077407836914
174,shock_recovery,2,1.1235010623931885,0.9838681817054749,0.329623818397522,0.41821885108947754,0.28208374977111816
174,shock_recovery,3,1.2805887460708618,0.9803451299667358,0.3286670744419098,0.4163406491279602,0.2823459208011627
174,shock_recovery,4,1.44820237159729,0.9754091501235962,0.3280446231365204,0.4147627055644989,0.2825966477394104
309,stable_old,1,0.3325410485267639,0.999136209487915,0.2686018943786621,0.19252900779247284,0.25838571786880493
309,stable_old,2,0.6192121505737305,0.9966451525688171,0.2682596445083618,0.19247233867645264,0.2575024366378784
309,stable_old,3,0.8761969208717346,0.9926514029502869,0.2679612934589386,0.1925065964460373,0.2569722533226013
309,stable_old,4,1.113765835762024,0.9872584342956543,0.26771217584609985,0.19261261820793152,0.2567196488380432
309,stable_old,5,1.338287115097046,0.980560839176178,0.2675170302391052,0.19277743995189667,0.2566853165626526
309,stable_old,6,1.5535922050476074,0.972650408744812,0.26737889647483826,0.19299198687076569,0.2568230628967285
309,stable_old,7,1.7618809938430786,0.9636217355728149,0.26729828119277954,0.1932498812675476,0.2570967674255371
309,stable_old,8,1.964309811592102,0.953575849533081,0.26727333664894104,0.19354671239852905,0.25747764110565186
309,sustained_new,1,1.028821349143982,0.9826546907424927,0.2654488682746887,0.1916167289018631,0.28003984689712524
309,sustained_new,2,1.821260690689087,0.9468833208084106,0.26319748163223267,0.19080479443073273,0.2801610231399536
309,sustained_new,3,2.4392292499542236,0.9073049426078796,0.2620530128479004,0.19030943512916565,0.2803209125995636
309,sustained_new,4,2.9267523288726807,0.869848906993866,0.2617200016975403,0.190086230635643,0.2805330455303192
309,sustained_new,5,3.3158466815948486,0.8363581895828247,0.2619006037712097,0.1900617778301239,0.28078070282936096
309,sustained_new,6,3.6300783157348633,0.8070355653762817,0.26235610246658325,0.19017396867275238,0.2810429036617279
309,sustained_new,7,3.8869214057922363,0.7815109491348267,0.2629222273826599,0.19037963449954987,0.2813029885292053
309,sustained_new,8,4.099402904510498,0.7592681646347046,0.26349812746047974,0.1906500905752182,0.28155043721199036
309,shock_recovery,0,1.028821349143982,0.9826546907424927,0.2654488682746887,0.1916167289018631,0.28003984689712524
309,shock_recovery,1,1.001525640487671,0.9850452542304993,0.26634302735328674,0.19149862229824066,0.2592907249927521
309,shock_recovery,2,1.1237168312072754,0.9830235242843628,0.2669934332370758,0.1915077567100525,0.2587876617908478
309,shock_recovery,3,1.3126425743103027,0.9780699610710144,0.2674568295478821,0.19161808490753174,0.25847116112709045
309,shock_recovery,4,1.5240392684936523,0.9709697961807251,0.2677895128726959,0.19180966913700104,0.2583428621292114
867,stable_old,1,0.3374812602996826,0.9991360902786255,0.22217097878456116,0.2560819685459137,0.2766033411026001
867,stable_old,2,0.6178857684135437,0.9968442320823669,0.22300919890403748,0.2555703818798065,0.2761617600917816
867,stable_old,3,0.8552844524383545,0.9935259222984314,0.22387540340423584,0.2549857199192047,0.2758154571056366
867,stable_old,4,1.0592732429504395,0.9895117282867432,0.22477911412715912,0.2543822228908539,0.27555274963378906
867,stable_old,5,1.2366406917572021,0.9850608110427856,0.22571925818920135,0.2537887692451477,0.2753608226776123
867,stable_old,6,1.3923704624176025,0.9803681969642639,0.2266881763935089,0.2532199025154114,0.27522724866867065
867,stable_old,7,1.5302414894104004,0.9755762219429016,0.22767451405525208,0.25268229842185974,0.2751407027244568
867,stable_old,8,1.6531922817230225,0.9707850813865662,0.22866536676883698,0.2521781325340271,0.275091290473938
867,sustained_new,1,0.7044548392295837,0.9926303625106812,0.22932851314544678,0.25306078791618347,0.2683679461479187
867,sustained_new,2,1.283923625946045,0.9761490821838379,0.23645514249801636,0.24994319677352905,0.2670910954475403
867,sustained_new,3,1.7647156715393066,0.9558128118515015,0.24282051622867584,0.24706964194774628,0.2659623920917511
867,sustained_new,4,2.1677253246307373,0.934259831905365,0.24843323230743408,0.24445803463459015,0.26499640941619873
867,sustained_new,5,2.5088796615600586,0.912814199924469,0.25329574942588806,0.24212640523910522,0.26418256759643555
867,sustained_new,6,2.800076961517334,0.8921567797660828,0.25743332505226135,0.24008163809776306,0.26349857449531555
867,sustained_new,7,3.0502076148986816,0.8726485967636108,0.260896772146225,0.23831699788570404,0.26291951537132263
867,sustained_new,8,3.266021490097046,0.8544782400131226,0.2637557089328766,0.2368142455816269,0.2624223232269287
867,shock_recovery,0,0.7044548392295837,0.9926303625106812,0.22932851314544678,0.25306078791618347,0.2683679461479187
867,shock_recovery,1,0.8161401748657227,0.9917774200439453,0.22978752851486206,0.2528951168060303,0.2754385769367218
867,shock_recovery,2,0.977681040763855,0.9894468188285828,0.23036491870880127,0.252580463886261,0.2752148509025574
867,shock_recovery,3,1.14309823513031,0.9861575365066528,0.23103947937488556,0.2521933615207672,0.2750549018383026
867,shock_recovery,4,1.2984139919281006,0.9822568297386169,0.23178920149803162,0.2517789602279663,0.27494749426841736
542,stable_old,1,0.24741989374160767,0.9999492168426514,0.2988699972629547,0.3336702287197113,0.04067893326282501
542,stable_old,2,0.47988441586494446,0.9997884035110474,0.3011219799518585,0.3364069163799286,0.04076499491930008
542,stable_old,3,0.6974442005157471,0.9995002150535583,0.3032320439815521,0.3389270007610321,0.040859002619981766
542,stable_old,4,0.9004344344139099,0.9990639686584473,0.3052093982696533,0.3412570059299469,0.04096128046512604
542,stable_old,5,1.0894131660461426,0.9984564185142517,0.30706310272216797,0.3434211313724518,0.04107201099395752
542,stable_old,6,1.2651022672653198,0.9976536631584167,0.30880188941955566,0.345440149307251,0.04119109362363815
542,stable_old,7,1.428336262702942,0.9966326951980591,0.3104334771633148,0.347331702709198,0.04131820797920227
542,stable_old,8,1.580019474029541,0.995372474193573,0.31196460127830505,0.3491102457046509,0.041452810168266296
542,sustained_new,1,0.1882222294807434,0.9960283041000366,0.2999642491340637,0.3355802297592163,0.033672623336315155
542,sustained_new,2,0.369669109582901,0.9861641526222229,0.3033141493797302,0.3404059112071991,0.03361930698156357
542,sustained_new,3,0.5444867610931396,0.9728385210037231,0.30648303031921387,0.34511926770210266,0.03356015682220459
542,sustained_new,4,0.7128859162330627,0.9577230215072632,0.3094506561756134,0.34968432784080505,0.03350307047367096
542,sustained_new,5,0.875101625919342,0.9419083595275879,0.312208354473114,0.3540750741958618,0.03345150128006935
542,sustained_new,6,1.031374216079712,0.9260754585266113,0.31475672125816345,0.3582744002342224,0.0334065780043602
542,sustained_new,7,1.1819409132003784,0.9106305837631226,0.31710284948349,0.36227259039878845,0.03336836397647858
542,sustained_new,8,1.3270314931869507,0.8958002924919128,0.31925755739212036,0.36606621742248535,0.03333642706274986
542,shock_recovery,0,0.1882222294807434,0.9960283041000366,0.2999642491340637,0.3355802297592163,0.033672623336315155
542,shock_recovery,1,0.37339457869529724,0.9965055584907532,0.30230581760406494,0.3384625315666199,0.040626298636198044
542,shock_recovery,2,0.5855112671852112,0.9966325163841248,0.304487019777298,0.34109777212142944,0.040629588067531586
542,shock_recovery,3,0.7909589409828186,0.996489405632019,0.30652010440826416,0.3435165286064148,0.04069016873836517
542,shock_recovery,4,0.9850159287452698,0.9961076378822327,0.30841612815856934,0.3457467257976532,0.04078306257724762
277,stable_old,1,0.36528488993644714,0.9988728165626526,0.5902750492095947,0.6984456181526184,0.2801182270050049
277,stable_old,2,0.6777705550193787,0.9958452582359314,0.587234616279602,0.6975268721580505,0.2792980670928955
277,stable_old,3,0.9503581523895264,0.9913672208786011,0.5841078758239746,0.696570634841919,0.2785968780517578
277,stable_old,4,1.1919070482254028,0.9857966899871826,0.5809721946716309,0.6955749988555908,0.277993381023407
277,stable_old,5,1.4085973501205444,0.9794195294380188,0.5778775215148926,0.6945368647575378,0.27746954560279846
277,stable_old,6,1.6048130989074707,0.9724652171134949,0.5748664736747742,0.69346022605896,0.27701079845428467
277,stable_old,7,1.783729076385498,0.9651200771331787,0.5719794631004333,0.6923568844795227,0.27660560607910156
277,stable_old,8,1.947703242301941,0.9575352668762207,0.5692527294158936,0.69124436378479,0.2762449085712433
277,sustained_new,1,0.09444351494312286,0.9998546242713928,0.5930511951446533,0.6993311643600464,0.03873274475336075
277,sustained_new,2,0.1886744499206543,0.9994217753410339,0.5929960012435913,0.6993370056152344,0.038924507796764374
277,sustained_new,3,0.2825886309146881,0.9987077116966248,0.5929108262062073,0.699328601360321,0.03907332569360733
277,sustained_new,4,0.37611502408981323,0.9977190494537354,0.5927953720092773,0.6993072032928467,0.03919728100299835
277,sustained_new,5,0.46920573711395264,0.9964626431465149,0.5926498174667358,0.6992738246917725,0.03930768370628357
277,sustained_new,6,0.5618266463279724,0.9949460625648499,0.5924745798110962,0.6992294192314148,0.03941107168793678
277,sustained_new,7,0.6539492011070251,0.9931761026382446,0.5922701954841614,0.6991744041442871,0.039511095732450485
277,sustained_new,8,0.7455472946166992,0.99116051197052,0.5920370817184448,0.6991098523139954,0.039609797298908234
277,shock_recovery,0,0.09444351494312286,0.9998546242713928,0.5930511951446533,0.6993311643600464,0.03873274475336075
277,shock_recovery,1,0.3980170488357544,0.9985938668251038,0.5900605320930481,0.698297917842865,0.2803668975830078
277,shock_recovery,2,0.707496166229248,0.9953590631484985,0.5868800282478333,0.6972607970237732,0.27947086095809937
277,shock_recovery,3,0.9796685576438904,0.9906582832336426,0.5836535096168518,0.696217954158783,0.2787199020385742
277,shock_recovery,4,1.221044659614563,0.9848807454109192,0.5804511904716492,0.695157527923584,0.2780829071998596
998,stable_old,1,0.33375176787376404,0.999179482460022,0.15745295584201813,0.17738091945648193,0.26290738582611084
998,stable_old,2,0.6169509291648865,0.9968867897987366,0.16038133203983307,0.17558079957962036,0.2633911371231079
998,stable_old,3,0.8628712892532349,0.9933953881263733,0.16350068151950836,0.17379556596279144,0.26397186517715454
998,stable_old,4,1.0797278881072998,0.9889859557151794,0.16663949191570282,0.17210479080677032,0.2646004855632782
998,stable_old,5,1.2727415561676025,0.9839250445365906,0.16967882215976715,0.17056305706501007,0.26523706316947937
998,stable_old,6,1.445425271987915,0.9784488677978516,0.17254199087619781,0.16920331120491028,0.26585349440574646
998,stable_old,7,1.600343942642212,0.9727564454078674,0.17518463730812073,0.16803914308547974,0.2664332687854767
998,stable_old,8,1.7395435571670532,0.9670056700706482,0.17758603394031525,0.16706733405590057,0.2669692039489746
998,sustained_new,1,1.2301357984542847,0.9744828939437866,0.14922434091567993,0.18056944012641907,0.2551208734512329
998,sustained_new,2,2.171049118041992,0.9207791686058044,0.1457972675561905,0.18070003390312195,0.2533203959465027
998,sustained_new,3,2.9000115394592285,0.8615370988845825,0.14407075941562653,0.18023370206356049,0.25246739387512207
998,sustained_new,4,3.47629976272583,0.8058022856712341,0.14354343712329865,0.17959490418434143,0.2522217631340027
998,sustained_new,5,3.9421660900115967,0.7557976245880127,0.14381854236125946,0.17896589636802673,0.2523684799671173
998,sustained_new,6,4.327043056488037,0.7113081216812134,0.14461863040924072,0.17839959263801575,0.2527875304222107
998,sustained_new,7,4.651464462280273,0.6714887022972107,0.145760178565979,0.17789113521575928,0.2534049451351166
998,sustained_new,8,4.9299092292785645,0.635479211807251,0.1471213549375534,0.1774156391620636,0.2541666030883789
998,shock_recovery,0,1.2301357984542847,0.9744828939437866,0.14922434091567993,0.18056944012641907,0.2551208734512329
998,shock_recovery,1,1.00608229637146,0.9839136600494385,0.15242989361286163,0.1790049970149994,0.26290079951286316
998,shock_recovery,2,0.965176522731781,0.9871650338172913,0.15591508150100708,0.17717105150222778,0.2633448839187622
998,shock_recovery,3,1.044801115989685,0.9868517518043518,0.15951576828956604,0.17523321509361267,0.263943612575531
998,shock_recovery,4,1.1807140111923218,0.984318733215332,0.1630883812904358,0.1733139157295227,0.26462435722351074
209,stable_old,1,0.3462929129600525,0.9997355341911316,0.24421586096286774,0.190523162484169,0.07612903416156769
209,stable_old,2,0.6623263359069824,0.9989927411079407,0.2425277829170227,0.19138620793819427,0.07670848071575165
209,stable_old,3,0.9495894908905029,0.9978328943252563,0.24111071228981018,0.19206775724887848,0.0772433951497078
209,stable_old,4,1.2099277973175049,0.9963027834892273,0.23992028832435608,0.19262409210205078,0.07773186266422272
209,stable_old,5,1.4454017877578735,0.9944379925727844,0.2389192283153534,0.1930941343307495,0.07817351818084717
209,stable_old,6,1.6581716537475586,0.9922664761543274,0.2380770742893219,0.19350464642047882,0.07857002317905426
209,stable_old,7,1.8504050970077515,0.9898107051849365,0.2373693734407425,0.19387361407279968,0.0789247453212738
209,stable_old,8,2.02420973777771,0.9870883822441101,0.23677675426006317,0.19421303272247314,0.07924222946166992
209,sustained_new,1,1.35618257522583,0.9349892735481262,0.23392046988010406,0.17591388523578644,0.25854605436325073
209,sustained_new,2,2.358829975128174,0.8626384139060974,0.2324681580066681,0.16776283085346222,0.266228049993515
209,sustained_new,3,3.0869593620300293,0.8135626912117004,0.23432402312755585,0.16444258391857147,0.26876819133758545
209,sustained_new,4,3.6176769733428955,0.7791679501533508,0.23690660297870636,0.1640334129333496,0.2696976661682129
209,sustained_new,5,4.008124828338623,0.7531918287277222,0.23949621617794037,0.16508635878562927,0.2701219916343689
209,sustained_new,6,4.299041271209717,0.7322138547897339,0.24190475046634674,0.16693978011608124,0.2704375982284546
209,sustained_new,7,4.518974781036377,0.7144047617912292,0.24409444630146027,0.16928912699222565,0.2707532048225403
209,sustained_new,8,4.687894344329834,0.6987564563751221,0.24607153236865997,0.1719798445701599,0.2710855007171631
209,shock_recovery,0,1.35618257522583,0.9349892735481262,0.23392046988010406,0.17591388523578644,0.25854605436325073
209,shock_recovery,1,1.4884238243103027,0.9474871754646301,0.23325465619564056,0.1792200356721878,0.08627860248088837
209,shock_recovery,2,1.6514273881912231,0.9554193019866943,0.23285050690174103,0.18203450739383698,0.08705848455429077
209,shock_recovery,3,1.8225315809249878,0.9603055715560913,0.23263995349407196,0.1844608187675476,0.08737500756978989
209,shock_recovery,4,1.989908218383789,0.9630986452102661,0.2325681447982788,0.1865811049938202,0.08746255189180374
559,stable_old,1,0.394488126039505,0.999139666557312,0.37499696016311646,0.21570433676242828,0.23539748787879944
559,stable_old,2,0.7157768607139587,0.9968879818916321,0.37392187118530273,0.21440087258815765,0.23624077439308167
559,stable_old,3,0.9816083908081055,0.9936157464981079,0.37296387553215027,0.21321150660514832,0.23643991351127625
559,stable_old,4,1.2056071758270264,0.9895809292793274,0.3721311092376709,0.21209262311458588,0.23619216680526733
559,stable_old,5,1.398020625114441,0.9849674105644226,0.3714252710342407,0.21102701127529144,0.2356204390525818
559,stable_old,6,1.5664854049682617,0.9799082279205322,0.3708440363407135,0.21000955998897552,0.2348044216632843
559,stable_old,7,1.7166831493377686,0.9744997620582581,0.3703823685646057,0.20904000103473663,0.2337978184223175
559,stable_old,8,1.8528542518615723,0.9688100814819336,0.3700331151485443,0.20811976492404938,0.23263798654079437
559,sustained_new,1,1.0215402841567993,0.9807944297790527,0.3869485557079315,0.22195196151733398,0.2809542119503021
559,sustained_new,2,1.8039143085479736,0.9442545175552368,0.3944389224052429,0.22622081637382507,0.27875974774360657
559,sustained_new,3,2.412088394165039,0.905896008014679,0.3992542326450348,0.22947958111763,0.27675706148147583
559,sustained_new,4,2.8905293941497803,0.8705611824989319,0.4022918939590454,0.23184196650981903,0.27500221133232117
559,sustained_new,5,3.270582675933838,0.8393951058387756,0.4042859375476837,0.23361840844154358,0.2735092341899872
559,sustained_new,6,3.5750300884246826,0.8123375177383423,0.40571966767311096,0.23507611453533173,0.2722592055797577
559,sustained_new,7,3.8208463191986084,0.788963794708252,0.4068795144557953,0.2363911271095276,0.2712182402610779
559,sustained_new,8,4.020905017852783,0.7687713503837585,0.40792393684387207,0.23766469955444336,0.2703498601913452
559,shock_recovery,0,1.0215402841567993,0.9807944297790527,0.3869485557079315,0.22195196151733398,0.2809542119503021
559,shock_recovery,1,1.0115008354187012,0.9855125546455383,0.3834960460662842,0.21936237812042236,0.22857007384300232
559,shock_recovery,2,1.1077653169631958,0.9866518378257751,0.38073134422302246,0.21734581887722015,0.23047101497650146
559,shock_recovery,3,1.2489511966705322,0.9854650497436523,0.37851300835609436,0.2156752347946167,0.23141318559646606
559,shock_recovery,4,1.4001878499984741,0.9827667474746704,0.376729279756546,0.2142236977815628,0.2317328006029129
101,stable_old,1,0.39219388365745544,0.9985271692276001,0.4014027714729309,0.13205882906913757,0.28532588481903076
101,stable_old,2,0.7335145473480225,0.9945590496063232,0.3970399498939514,0.1323222815990448,0.28560787439346313
101,stable_old,3,1.0343139171600342,0.9887188076972961,0.3930469751358032,0.13263775408267975,0.28587570786476135
101,stable_old,4,1.3014836311340332,0.9815470576286316,0.3894297480583191,0.13296139240264893,0.2861252427101135
101,stable_old,5,1.5399137735366821,0.9734960198402405,0.3861912190914154,0.13326983153820038,0.28635406494140625
101,stable_old,6,1.7533087730407715,0.9649322628974915,0.3833291530609131,0.13355273008346558,0.2865610718727112
101,stable_old,7,1.944636583328247,0.9561441540718079,0.3808342218399048,0.13380703330039978,0.28674614429473877
101,stable_old,8,2.1163790225982666,0.9473521709442139,0.3786899149417877,0.13403302431106567,0.28690993785858154
101,sustained_new,1,1.3968548774719238,0.9679245948791504,0.4183708429336548,0.13512057065963745,0.2859653830528259
101,sustained_new,2,2.415860176086426,0.9047722816467285,0.431711882352829,0.13657106459140778,0.2863039970397949
101,sustained_new,3,3.182318925857544,0.8396035432815552,0.4429282248020172,0.1370169073343277,0.2864533066749573
101,sustained_new,4,3.7728030681610107,0.7815759778022766,0.4522430896759033,0.13703912496566772,0.28646156191825867
101,sustained_new,5,4.237274169921875,0.7318509221076965,0.4601006805896759,0.1370086371898651,0.28635817766189575
101,sustained_new,6,4.60974645614624,0.6893488764762878,0.4666688144207001,0.1371019035577774,0.2861672639846802
101,sustained_new,7,4.913954734802246,0.6526705026626587,0.4720118045806885,0.13736972212791443,0.2859090566635132
101,sustained_new,8,5.166744232177734,0.62060546875,0.4762154221534729,0.1378006786108017,0.2856006622314453
101,shock_recovery,0,1.3968548774719238,0.9679245948791504,0.4183708429336548,0.13512057065963745,0.2859653830528259
101,shock_recovery,1,1.2151477336883545,0.9769123792648315,0.40943437814712524,0.13386668264865875,0.2856292724609375
101,shock_recovery,2,1.208863377571106,0.9793871641159058,0.4009760618209839,0.13308969140052795,0.28577977418899536
101,shock_recovery,3,1.3110401630401611,0.9779207110404968,0.3934192359447479,0.13264793157577515,0.2859506905078888
101,shock_recovery,4,1.4634521007537842,0.973936140537262,0.38681918382644653,0.13244254887104034,0.2861354947090149
879,stable_old,1,0.3904449939727783,0.9985382556915283,0.2924145460128784,0.18090243637561798,0.28180962800979614
879,stable_old,2,0.7275442481040955,0.9946585893630981,0.2937230169773102,0.1802079677581787,0.2822082042694092
879,stable_old,3,1.021562933921814,0.989052951335907,0.2944163978099823,0.1796695739030838,0.28254446387290955
879,stable_old,4,1.2790817022323608,0.9823232293128967,0.29465070366859436,0.17922432720661163,0.2828207314014435
879,stable_old,5,1.5047519207000732,0.9749718308448792,0.2945639491081238,0.1788400262594223,0.28304243087768555
879,stable_old,6,1.7022626399993896,0.9673957228660583,0.29426607489585876,0.1784997284412384,0.28321635723114014
879,stable_old,7,1.8748143911361694,0.9598889946937561,0.2938387989997864,0.1781940460205078,0.2833494246006012
879,stable_old,8,2.0253195762634277,0.9526548981666565,0.2933402955532074,0.17791709303855896,0.28344833850860596
879,sustained_new,1,0.9227696657180786,0.9858629703521729,0.2846152186393738,0.18464164435863495,0.2391911745071411
879,sustained_new,2,1.6557177305221558,0.9558464288711548,0.27696579694747925,0.18783481419086456,0.24391362071037292
879,sustained_new,3,2.2483279705047607,0.9210737943649292,0.2680855691432953,0.19119493663311005,0.24801918864250183
879,sustained_new,4,2.735085964202881,0.8862848877906799,0.25870588421821594,0.19462847709655762,0.25102782249450684
879,sustained_new,5,3.1411681175231934,0.8531963229179382,0.24942001700401306,0.19805340468883514,0.2529621124267578
879,sustained_new,6,3.485504150390625,0.8222368359565735,0.24058587849140167,0.20138317346572876,0.2540445327758789
879,sustained_new,7,3.781928777694702,0.7933920621871948,0.23241709172725677,0.2045462280511856,0.25461941957473755
879,sustained_new,8,4.040622234344482,0.7665102481842041,0.22504517436027527,0.20749951899051666,0.25490280985832214
879,shock_recovery,0,0.9227696657180786,0.9858629703521729,0.2846152186393738,0.18464164435863495,0.2391911745071411
879,shock_recovery,1,0.826532244682312,0.9903118014335632,0.2870102524757385,0.182517409324646,0.28222817182540894
879,shock_recovery,2,0.9460850358009338,0.9892359972000122,0.2887973189353943,0.18104611337184906,0.282461941242218
879,shock_recovery,3,1.149306058883667,0.9850562214851379,0.2900208532810211,0.18001078069210052,0.2826794981956482
879,shock_recovery,4,1.3640140295028687,0.9791485071182251,0.29077473282814026,0.17926087975502014,0.2828737795352936
351,stable_old,1,0.31278857588768005,0.9993852972984314,0.2969944477081299,0.23658964037895203,0.27998802065849304
351,stable_old,2,0.5650515556335449,0.997771680355072,0.2966872751712799,0.23644211888313293,0.28020718693733215
351,stable_old,3,0.7731719017028809,0.9954484105110168,0.2964353859424591,0.2363334596157074,0.2803395986557007
351,stable_old,4,0.9483523964881897,0.9926406741142273,0.29622992873191833,0.23625469207763672,0.28041282296180725
351,stable_old,5,1.0983291864395142,0.9895225167274475,0.2960643470287323,0.23619751632213593,0.28044575452804565
351,stable_old,6,1.228519082069397,0.9862265586853027,0.2959332764148712,0.23615482449531555,0.2804516553878784
351,stable_old,7,1.3427852392196655,0.9828541278839111,0.29583194851875305,0.23612090945243835,0.28043994307518005
351,stable_old,8,1.4439435005187988,0.9794802665710449,0.29575592279434204,0.2360915094614029,0.28041738271713257
351,sustained_new,1,0.43960654735565186,0.9977336525917053,0.29669860005378723,0.23662249743938446,0.2661951184272766
351,sustained_new,2,0.7875913977622986,0.9928953051567078,0.29621753096580505,0.23656699061393738,0.2676517367362976
351,sustained_new,3,1.0660806894302368,0.9871445298194885,0.295878529548645,0.2365804761648178,0.26858800649642944
351,sustained_new,4,1.292245626449585,0.9812027812004089,0.2956501543521881,0.23663745820522308,0.26917630434036255
351,sustained_new,5,1.4790630340576172,0.9753677845001221,0.29551059007644653,0.2367209494113922,0.2695281207561493
351,sustained_new,6,1.6361606121063232,0.9697507619857788,0.29544371366500854,0.23681974411010742,0.2697169780731201
351,sustained_new,7,1.770590901374817,0.9643821716308594,0.29543718695640564,0.23692671954631805,0.2697926163673401
351,sustained_new,8,1.8874799013137817,0.9592621326446533,0.29548126459121704,0.2370373159646988,0.2697891294956207
351,shock_recovery,0,0.43960654735565186,0.9977336525917053,0.29669860005378723,0.23662249743938446,0.2661951184272766
351,shock_recovery,1,0.6194406151771545,0.9965971112251282,0.29646310210227966,0.23648831248283386,0.28051552176475525
351,shock_recovery,2,0.8009198904037476,0.9946358799934387,0.29626935720443726,0.23639224469661713,0.28059831261634827
351,shock_recovery,3,0.9634246826171875,0.9921053647994995,0.2961098849773407,0.23632429540157318,0.28062868118286133
351,shock_recovery,4,1.1063923835754395,0.9891984462738037,0.2959798276424408,0.23627614974975586,0.2806260287761688
837,stable_old,1,0.31296008825302124,0.9992697238922119,0.27225223183631897,0.23516041040420532,0.2790386974811554
837,stable_old,2,0.5670784711837769,0.9973899722099304,0.27208665013313293,0.2347414195537567,0.27865153551101685
837,stable_old,3,0.777348518371582,0.994744598865509,0.27190303802490234,0.23422753810882568,0.2783186435699463
837,stable_old,4,0.9542296528816223,0.9916191101074219,0.27171769738197327,0.2336835414171219,0.27802929282188416
837,stable_old,5,1.1052253246307373,0.9882183074951172,0.2715400457382202,0.23314586281776428,0.2777748703956604
837,stable_old,6,1.2358672618865967,0.9846825003623962,0.27137500047683716,0.23263384401798248,0.27754849195480347
837,stable_old,7,1.3503315448760986,0.9811047911643982,0.27122461795806885,0.23215651512145996,0.27734464406967163
837,stable_old,8,1.451830506324768,0.9775429368019104,0.27108922600746155,0.23171661794185638,0.2771590054035187
837,sustained_new,1,0.6550696492195129,0.9935247898101807,0.272621214389801,0.23455961048603058,0.2673816978931427
837,sustained_new,2,1.1921896934509277,0.979123055934906,0.27279067039489746,0.23377633094787598,0.2676919400691986
837,sustained_new,3,1.640107274055481,0.9612465500831604,0.2729136645793915,0.23308981955051422,0.26790159940719604
837,sustained_new,4,2.0189783573150635,0.942067563533783,0.2730097770690918,0.23250237107276917,0.2680448293685913
837,sustained_new,5,2.343088388442993,0.9227105975151062,0.27309155464172363,0.23199552297592163,0.26814234256744385
837,sustained_new,6,2.6228091716766357,0.9037910103797913,0.273165762424469,0.23155061900615692,0.2682070732116699
837,sustained_new,7,2.8659114837646484,0.8856557607650757,0.273234486579895,0.23115578293800354,0.26824724674224854
837,sustained_new,8,3.078411102294922,0.8684929609298706,0.2732965350151062,0.23080575466156006,0.268268346786499
837,shock_recovery,0,0.6550696492195129,0.9935247898101807,0.272621214389801,0.23455961048603058,0.2673816978931427
837,shock_recovery,1,0.7447577714920044,0.9931710958480835,0.2725154757499695,0.23445701599121094,0.2792774438858032
837,shock_recovery,2,0.883459746837616,0.9914912581443787,0.2723735570907593,0.23421132564544678,0.2788999080657959
837,shock_recovery,3,1.0247286558151245,0.9890411496162415,0.2722100019454956,0.23387692868709564,0.27857252955436707
837,shock_recovery,4,1.1552035808563232,0.9861497282981873,0.2720358669757843,0.23349341750144958,0.2782864272594452
989,stable_old,1,0.28302639722824097,0.9996776580810547,0.2156335413455963,0.28726765513420105,0.27904215455055237
989,stable_old,2,0.5033323764801025,0.998834490776062,0.21626348793506622,0.2878904342651367,0.2789674997329712
989,stable_old,3,0.6785393953323364,0.9976211786270142,0.2167826145887375,0.2884508967399597,0.2789453864097595
989,stable_old,4,0.820888876914978,0.9961526393890381,0.21718575060367584,0.28893613815307617,0.27895236015319824
989,stable_old,5,0.9389111995697021,0.9945170879364014,0.21747808158397675,0.28934329748153687,0.2789730131626129
989,stable_old,6,1.0385870933532715,0.9927822351455688,0.21766963601112366,0.28967514634132385,0.2789977192878723
989,stable_old,7,1.1241511106491089,0.9909991025924683,0.21777227520942688,0.28993743658065796,0.2790205776691437
989,stable_old,8,1.1986387968063354,0.9892053604125977,0.217798113822937,0.2901371717453003,0.2790383994579315
989,sustained_new,1,1.4872838258743286,0.9621369242668152,0.2316311001777649,0.29517054557800293,0.25766316056251526
989,sustained_new,2,2.5982179641723633,0.8822781443595886,0.24241940677165985,0.2967628538608551,0.25974035263061523
989,sustained_new,3,3.432177782058716,0.7992509007453918,0.24798959493637085,0.29580575227737427,0.2599753141403198
989,sustained_new,4,4.065528392791748,0.7277740836143494,0.2504911720752716,0.2942649722099304,0.25951912999153137
989,sustained_new,5,4.552349090576172,0.6697994470596313,0.25144439935684204,0.2927252948284149,0.25884565711021423
989,sustained_new,6,4.930678367614746,0.6234632134437561,0.2516700029373169,0.29137203097343445,0.2581135034561157
989,sustained_new,7,5.227702617645264,0.5863569974899292,0.25157883763313293,0.29025253653526306,0.2573763430118561
989,sustained_new,8,5.463164806365967,0.5564019083976746,0.25136318802833557,0.28935590386390686,0.25665825605392456
989,shock_recovery,0,1.4872838258743286,0.9621369242668152,0.2316311001777649,0.29517054557800293,0.25766316056251526
989,shock_recovery,1,1.205370306968689,0.9756950736045837,0.22867442667484283,0.2942644953727722,0.2809566259384155
989,shock_recovery,2,1.0623966455459595,0.9829437136650085,0.2263469249010086,0.29342249035835266,0.28057265281677246
989,shock_recovery,3,1.0197701454162598,0.9866635799407959,0.22450602054595947,0.2927069067955017,0.28026875853538513
989,shock_recovery,4,1.0370445251464844,0.988321840763092,0.2230321615934372,0.2921273410320282,0.28002578020095825
764,stable_old,1,0.3048911392688751,0.9993647336959839,0.236051544547081,0.1558407098054886,0.2808665633201599
764,stable_old,2,0.5516324639320374,0.9977011680603027,0.23465535044670105,0.15509435534477234,0.2806254029273987
764,stable_old,3,0.7564088702201843,0.9953001737594604,0.23324713110923767,0.15434910356998444,0.28041762113571167
764,stable_old,4,0.9302743077278137,0.9923784136772156,0.2318618893623352,0.15364834666252136,0.28023195266723633
764,stable_old,5,1.0808565616607666,0.9890974760055542,0.2305285632610321,0.15302012860774994,0.2800605893135071
764,stable_old,6,1.2134956121444702,0.9855771660804749,0.22926828265190125,0.15247862040996552,0.27989837527275085
764,stable_old,7,1.3319967985153198,0.981906533241272,0.22809424996376038,0.1520279198884964,0.2797418236732483
764,stable_old,8,1.4391294717788696,0.9781502485275269,0.2270132303237915,0.15166550874710083,0.2795887589454651
764,sustained_new,1,0.8661440014839172,0.9880024194717407,0.23230618238449097,0.15416468679904938,0.2723221182823181
764,sustained_new,2,1.5197778940200806,0.9642943143844604,0.22790822386741638,0.15339277684688568,0.2714855670928955
764,sustained_new,3,2.019244432449341,0.9389445185661316,0.22460027039051056,0.15323437750339508,0.27066469192504883
764,sustained_new,4,2.406562089920044,0.9155150055885315,0.22230994701385498,0.15321868658065796,0.26987361907958984
764,sustained_new,5,2.7108795642852783,0.8949488997459412,0.22076885402202606,0.153159499168396,0.26915544271469116
764,sustained_new,6,2.9531211853027344,0.8772209882736206,0.21971729397773743,0.15301762521266937,0.26852190494537354
764,sustained_new,7,3.1483981609344482,0.8620060682296753,0.2189747393131256,0.15281113982200623,0.26797401905059814
764,sustained_new,8,3.307731866836548,0.8489254117012024,0.21843022108078003,0.1525692194700241,0.2675076127052307
764,shock_recovery,0,0.8661440014839172,0.9880024194717407,0.23230618238449097,0.15416468679904938,0.2723221182823181
764,shock_recovery,1,0.8334996104240417,0.9904162883758545,0.23190787434577942,0.15349332988262177,0.2801085114479065
764,shock_recovery,2,0.9052175283432007,0.9903042316436768,0.23129047453403473,0.15290044248104095,0.27989622950553894
764,shock_recovery,3,1.0189393758773804,0.9886897802352905,0.23053106665611267,0.15240144729614258,0.2797127962112427
764,shock_recovery,4,1.141869306564331,0.986169159412384,0.22968891263008118,0.15199002623558044,0.2795565128326416
670,stable_old,1,0.33288317918777466,0.9991121888160706,0.26578250527381897,0.12698952853679657,0.2903140187263489
670,stable_old,2,0.6250794529914856,0.996492326259613,0.2666962444782257,0.1272202432155609,0.29029616713523865
670,stable_old,3,0.8912639617919922,0.9922279715538025,0.2675785720348358,0.12725871801376343,0.29029834270477295
670,stable_old,4,1.139420509338379,0.9864531755447388,0.2684146761894226,0.1271742433309555,0.2903181314468384
670,stable_old,5,1.3733546733856201,0.9793544411659241,0.2691957652568817,0.12702283263206482,0.29035264253616333
670,stable_old,6,1.5944724082946777,0.9711616635322571,0.2699173390865326,0.12684586644172668,0.2903984785079956
670,stable_old,7,1.8029522895812988,0.9621331095695496,0.2705770432949066,0.12667138874530792,0.29045259952545166
670,stable_old,8,1.998474359512329,0.9525366425514221,0.27117371559143066,0.12651601433753967,0.2905119061470032
670,sustained_new,1,0.8680168390274048,0.9881372451782227,0.2641851007938385,0.1223820149898529,0.28789281845092773
670,sustained_new,2,1.5787895917892456,0.9619505405426025,0.2635999917984009,0.11863552778959274,0.28787004947662354
670,sustained_new,3,2.1642963886260986,0.9304545521736145,0.2629064917564392,0.11563403159379959,0.28789636492729187
670,sustained_new,4,2.6500704288482666,0.8981130123138428,0.26212504506111145,0.1134001687169075,0.28795933723449707
670,sustained_new,5,3.0564815998077393,0.8669471144676208,0.2612968683242798,0.11179708689451218,0.2880522906780243
670,sustained_new,6,3.3995285034179688,0.8377718925476074,0.2604526877403259,0.11067120730876923,0.2881694734096527
670,sustained_new,7,3.6915857791900635,0.8108449578285217,0.25961384177207947,0.10989568382501602,0.28830426931381226
670,sustained_new,8,3.9421308040618896,0.7861820459365845,0.25879427790641785,0.10937393456697464,0.28844916820526123
670,shock_recovery,0,0.8680168390274048,0.9881372451782227,0.2641851007938385,0.1223820149898529,0.28789281845092773
670,shock_recovery,1,0.8976455926895142,0.9890632033348083,0.2650836706161499,0.12373732775449753,0.2902422547340393
670,shock_recovery,2,1.02975594997406,0.9872109889984131,0.2659659683704376,0.12474586814641953,0.29028934240341187
670,shock_recovery,3,1.21182382106781,0.9830590486526489,0.2668345272541046,0.12541207671165466,0.290338933467865
670,shock_recovery,4,1.4128923416137695,0.9770365357398987,0.2676793932914734,0.1258070021867752,0.29039037227630615
54,stable_old,1,0.3414337635040283,0.9990544319152832,0.33704355359077454,0.38095685839653015,0.28946369886398315
54,stable_old,2,0.6311430931091309,0.9964684247970581,0.3363133370876312,0.37928804755210876,0.28934863209724426
54,stable_old,3,0.8833702206611633,0.9925811886787415,0.3355131447315216,0.3772769272327423,0.289262056350708
54,stable_old,4,1.1074256896972656,0.9876787066459656,0.3346793055534363,0.37509703636169434,0.28919899463653564
54,stable_old,5,1.3095049858093262,0.9819983839988708,0.3338286876678467,0.37286028265953064,0.2891547679901123
54,stable_old,6,1.4937946796417236,0.975736677646637,0.33297017216682434,0.370638906955719,0.28912538290023804
54,stable_old,7,1.6631556749343872,0.9690583944320679,0.3321107029914856,0.3684796690940857,0.28910741209983826
54,stable_old,8,1.8195641040802002,0.9621038436889648,0.3312572240829468,0.36641258001327515,0.28909802436828613
54,sustained_new,1,0.5323296189308167,0.9962174892425537,0.336672306060791,0.38015812635421753,0.28005701303482056
54,sustained_new,2,0.9755125045776367,0.9875648617744446,0.3354838490486145,0.3773086965084076,0.2797989547252655
54,sustained_new,3,1.3508917093276978,0.976472795009613,0.3342171013355255,0.3738802671432495,0.27966073155403137
54,sustained_new,4,1.674013376235962,0.9641686081886292,0.3329731225967407,0.3701944053173065,0.27961111068725586
54,sustained_new,5,1.956189513206482,0.9513065218925476,0.331815630197525,0.3664899170398712,0.27962547540664673
54,sustained_new,6,2.205690860748291,0.938255786895752,0.3307819664478302,0.36293312907218933,0.27968525886535645
54,sustained_new,7,2.4286141395568848,0.9252383708953857,0.3298899531364441,0.35963010787963867,0.27977678179740906
54,sustained_new,8,2.6294991970062256,0.9123950600624084,0.3291438817977905,0.35663995146751404,0.2798900008201599
54,shock_recovery,0,0.5323296189308167,0.9962174892425537,0.336672306060791,0.38015812635421753,0.28005701303482056
54,shock_recovery,1,0.6543639898300171,0.9956485629081726,0.33621835708618164,0.37917712330818176,0.28940069675445557
54,shock_recovery,2,0.8517604470252991,0.9930123686790466,0.33560606837272644,0.3776107132434845,0.28928810358047485
54,shock_recovery,3,1.0573832988739014,0.9889177680015564,0.33491483330726624,0.37572431564331055,0.2892053425312042
54,shock_recovery,4,1.253676176071167,0.9837794303894043,0.33417895436286926,0.37368375062942505,0.2891464829444885
636,stable_old,1,0.38265863060951233,0.9993489980697632,0.3339385688304901,0.4041081666946411,0.11159595847129822
636,stable_old,2,0.7129392623901367,0.9975561499595642,0.33591747283935547,0.40852630138397217,0.11184097826480865
636,stable_old,3,0.9980707764625549,0.9948451519012451,0.3376953601837158,0.4117581248283386,0.11196465790271759
636,stable_old,4,1.244712471961975,0.991409420967102,0.33929842710494995,0.414070188999176,0.11197042465209961
636,stable_old,5,1.4588499069213867,0.9874060153961182,0.3407442569732666,0.41566282510757446,0.11187615990638733
636,stable_old,6,1.6457566022872925,0.9829572439193726,0.34204694628715515,0.41668739914894104,0.11170494556427002
636,stable_old,7,1.8100049495697021,0.9781544208526611,0.3432190418243408,0.4172584116458893,0.11147987097501755
636,stable_old,8,1.9555050134658813,0.973063051700592,0.3442719578742981,0.41746318340301514,0.11122170835733414
636,sustained_new,1,0.9686633944511414,0.9787148833274841,0.33965933322906494,0.4105813801288605,0.2464369535446167
636,sustained_new,2,1.7180111408233643,0.9408923983573914,0.3450492322444916,0.41755831241607666,0.24080237746238708
636,sustained_new,3,2.306960105895996,0.901739776134491,0.3480817377567291,0.42121779918670654,0.23542489111423492
636,sustained_new,4,2.7797579765319824,0.864595353603363,0.34911414980888367,0.42282968759536743,0.23091916739940643
636,sustained_new,5,3.1680595874786377,0.8298723101615906,0.34862881898880005,0.4231235980987549,0.22744494676589966
636,sustained_new,6,3.49406361579895,0.797328531742096,0.34711939096450806,0.4225367307662964,0.22493873536586761
636,sustained_new,7,3.7732577323913574,0.7666481733322144,0.34500792622566223,0.42135167121887207,0.22325630486011505
636,sustained_new,8,4.0164594650268555,0.7375796437263489,0.342612087726593,0.4197670817375183,0.2222416251897812
636,shock_recovery,0,0.9686633944511414,0.9787148833274841,0.33965933322906494,0.4105813801288605,0.2464369535446167
636,shock_recovery,1,1.115700125694275,0.9800493121147156,0.341195285320282,0.41380470991134644,0.10882191359996796
636,shock_recovery,2,1.2962570190429688,0.9791764616966248,0.34257420897483826,0.41615450382232666,0.10907581448554993
636,shock_recovery,3,1.4804149866104126,0.97683185338974,0.3438076376914978,0.4177943468093872,0.10935407131910324
636,shock_recovery,4,1.6557377576828003,0.9734728336334229,0.3449033796787262,0.4188592731952667,0.10958870500326157
621,stable_old,1,0.3261916935443878,0.9991441369056702,0.3242606818675995,0.34488677978515625,0.27511876821517944
621,stable_old,2,0.5933513045310974,0.996949315071106,0.3276154100894928,0.34468504786491394,0.2747391164302826
621,stable_old,3,0.8159993290901184,0.993869960308075,0.3311564326286316,0.3440250754356384,0.27438849210739136
621,stable_old,4,1.0041584968566895,0.9902458786964417,0.33474335074424744,0.3430453836917877,0.2740701735019684
621,stable_old,5,1.1649657487869263,0.9863265752792358,0.33826711773872375,0.3418567478656769,0.2737842798233032
621,stable_old,6,1.303666591644287,0.9822911620140076,0.3416474461555481,0.3405458927154541,0.27352890372276306
621,stable_old,7,1.4242287874221802,0.9782635569572449,0.34482988715171814,0.33917880058288574,0.2733011245727539
621,stable_old,8,1.5297234058380127,0.9743279814720154,0.3477819561958313,0.3378031849861145,0.2730976343154907
621,sustained_new,1,1.241005539894104,0.9747523665428162,0.3251020312309265,0.3283176124095917,0.28090131282806396
621,sustained_new,2,2.2128660678863525,0.9208921790122986,0.3303605020046234,0.31424564123153687,0.2786449193954468
621,sustained_new,3,2.974346160888672,0.8609914779663086,0.3356097936630249,0.30399006605148315,0.27667251229286194
621,sustained_new,4,3.56973934173584,0.8054972290992737,0.3403107821941376,0.2972644567489624,0.2750709056854248
621,sustained_new,5,4.034918308258057,0.757774293422699,0.34423813223838806,0.2931792736053467,0.2738434672355652
621,sustained_new,6,4.39915657043457,0.7179845571517944,0.34731554985046387,0.2908489406108856,0.27293187379837036
621,sustained_new,7,4.685912132263184,0.6851324439048767,0.34958940744400024,0.2896046042442322,0.2722572982311249
621,sustained_new,8,4.913559913635254,0.6579722166061401,0.35117387771606445,0.2889966368675232,0.271750271320343
621,shock_recovery,0,1.241005539894104,0.9747523665428162,0.3251020312309265,0.3283176124095917,0.28090131282806396
621,shock_recovery,1,1.1344062089920044,0.9802764654159546,0.3318787217140198,0.3295915722846985,0.2737095355987549
621,shock_recovery,2,1.1534497737884521,0.9816267490386963,0.3376915454864502,0.33031952381134033,0.2733581066131592
621,shock_recovery,3,1.2333934307098389,0.9807350635528564,0.34263524413108826,0.33065685629844666,0.27306222915649414
621,shock_recovery,4,1.334299921989441,0.9786111116409302,0.3468225598335266,0.33071184158325195,0.272813081741333
617,stable_old,1,0.40577828884124756,0.9990965127944946,0.20621149241924286,0.3069952130317688,0.15429353713989258
617,stable_old,2,0.7597337365150452,0.9966455101966858,0.20670782029628754,0.3089776337146759,0.15436431765556335
617,stable_old,3,1.069131851196289,0.9929978847503662,0.20707005262374878,0.3107975125312805,0.1537853479385376
617,stable_old,4,1.3407176733016968,0.988441526889801,0.20733730494976044,0.31244489550590515,0.15281835198402405
617,stable_old,5,1.580430269241333,0.9832044243812561,0.207536518573761,0.31391558051109314,0.15165740251541138
617,stable_old,6,1.7933268547058105,0.977461040019989,0.2076864093542099,0.3152111768722534,0.15043629705905914
617,stable_old,7,1.9836236238479614,0.9713453054428101,0.20779986679553986,0.3163376748561859,0.14924079179763794
617,stable_old,8,2.154792070388794,0.9649587869644165,0.20788604021072388,0.31730401515960693,0.14812156558036804
617,sustained_new,1,0.9836307168006897,0.9821237921714783,0.20062948763370514,0.29909589886665344,0.2655778229236603
617,sustained_new,2,1.723504900932312,0.9531211853027344,0.19560755789279938,0.2948855757713318,0.26557275652885437
617,sustained_new,3,2.2851099967956543,0.9251593351364136,0.19121985137462616,0.2912527322769165,0.2656586468219757
617,sustained_new,4,2.7165863513946533,0.9000371098518372,0.18764594197273254,0.2878842353820801,0.2659422755241394
617,sustained_new,5,3.05269193649292,0.877625048160553,0.18482303619384766,0.284798800945282,0.26637983322143555
617,sustained_new,6,3.318528413772583,0.8575018644332886,0.18263357877731323,0.2820659875869751,0.26690977811813354
617,sustained_new,7,3.5322659015655518,0.8392711281776428,0.1809651106595993,0.2797137498855591,0.26748260855674744
617,sustained_new,8,3.7070655822753906,0.8226160407066345,0.17972204089164734,0.27772751450538635,0.2680622339248657
617,shock_recovery,0,0.9836307168006897,0.9821237921714783,0.20062948763370514,0.29909589886665344,0.2655778229236603
617,shock_recovery,1,1.1570357084274292,0.98294997215271,0.2016429901123047,0.30170363187789917,0.14854629337787628
617,shock_recovery,2,1.3535252809524536,0.9815261363983154,0.20242853462696075,0.3039795756340027,0.14692506194114685
617,shock_recovery,3,1.5502644777297974,0.9785394668579102,0.2030540257692337,0.30598580837249756,0.1458219289779663
617,shock_recovery,4,1.7384856939315796,0.9744389057159424,0.20356158912181854,0.3077535927295685,0.14497506618499756
924,stable_old,1,0.43060094118118286,0.9980252385139465,0.18358860909938812,0.16563104093074799,0.27206701040267944
924,stable_old,2,0.7986152172088623,0.9930583834648132,0.189241424202919,0.16470815241336823,0.2734333276748657
924,stable_old,3,1.1120136976242065,0.9863191246986389,0.1938100904226303,0.16473960876464844,0.27460795640945435
924,stable_old,4,1.3784042596817017,0.9786984324455261,0.19740311801433563,0.16522002220153809,0.2755888104438782
924,stable_old,5,1.6050182580947876,0.9707857966423035,0.200158953666687,0.16584265232086182,0.2763957977294922
924,stable_old,6,1.7984447479248047,0.9629416465759277,0.20222565531730652,0.1664493978023529,0.27705520391464233
924,stable_old,7,1.964424967765808,0.9553670883178711,0.20374368131160736,0.16697466373443604,0.27759280800819397
924,stable_old,8,2.1077873706817627,0.9481651186943054,0.2048359215259552,0.16740234196186066,0.2780313789844513
924,sustained_new,1,0.990935206413269,0.9839401245117188,0.17469361424446106,0.16626963019371033,0.277189701795578
924,sustained_new,2,1.751869797706604,0.9519693851470947,0.17241981625556946,0.16610603034496307,0.2772415280342102
924,sustained_new,3,2.346202850341797,0.9171149730682373,0.17000731825828552,0.16687951982021332,0.2773926556110382
924,sustained_new,4,2.8180999755859375,0.8839610815048218,0.16752703487873077,0.16819660365581512,0.2775826156139374
924,sustained_new,5,3.198451519012451,0.8538056015968323,0.16508349776268005,0.16983626782894135,0.27778518199920654
924,sustained_new,6,3.509078025817871,0.8268172144889832,0.16277267038822174,0.17164745926856995,0.27798932790756226
924,sustained_new,7,3.7656161785125732,0.8028131127357483,0.16066183149814606,0.17351587116718292,0.278189480304718
924,sustained_new,8,3.9794681072235107,0.7815220355987549,0.15878893435001373,0.1753568798303604,0.2783823013305664
924,shock_recovery,0,0.990935206413269,0.9839401245117188,0.17469361424446106,0.16626963019371033,0.277189701795578
924,shock_recovery,1,1.0487415790557861,0.9843759536743164,0.18135924637317657,0.16477321088314056,0.27225252985954285
924,shock_recovery,2,1.232366681098938,0.9806424379348755,0.18709346652030945,0.16427604854106903,0.27372846007347107
924,shock_recovery,3,1.4436328411102295,0.9747845530509949,0.19183707237243652,0.1644660085439682,0.2749331593513489
924,shock_recovery,4,1.6458230018615723,0.9679061770439148,0.19561898708343506,0.1650077998638153,0.27590957283973694
221,stable_old,1,0.34144940972328186,0.9992699027061462,0.29187503457069397,0.25924694538116455,0.22295309603214264
221,stable_old,2,0.6198190450668335,0.9974405765533447,0.2923043370246887,0.2599490284919739,0.22065094113349915
221,stable_old,3,0.8494353890419006,0.994916558265686,0.2926385998725891,0.26066404581069946,0.21842622756958008
221,stable_old,4,1.04115629196167,0.9919663667678833,0.29290181398391724,0.26138558983802795,0.21631616353988647
221,stable_old,5,1.2032614946365356,0.9887663722038269,0.293110191822052,0.26210322976112366,0.21433663368225098
221,stable_old,6,1.342100739479065,0.9854294657707214,0.2932755649089813,0.26280677318573,0.21249021589756012
221,stable_old,7,1.462570071220398,0.9820269346237183,0.29340654611587524,0.2634870707988739,0.21077176928520203
221,stable_old,8,1.568463921546936,0.9786023497581482,0.29350945353507996,0.26413694024086,0.2091723382472992
221,sustained_new,1,1.1806318759918213,0.9731119871139526,0.2879455089569092,0.2474147081375122,0.25753629207611084
221,sustained_new,2,2.068251848220825,0.9199700355529785,0.28482142090797424,0.23979374766349792,0.25185155868530273
221,sustained_new,3,2.7458226680755615,0.8644047975540161,0.281768798828125,0.23410283029079437,0.24697428941726685
221,sustained_new,4,3.272747039794922,0.8144327402114868,0.27882447838783264,0.2293102890253067,0.24349677562713623
221,sustained_new,5,3.6890933513641357,0.7716735005378723,0.2761276960372925,0.22522780299186707,0.24131739139556885
221,sustained_new,6,4.021749496459961,0.7357516288757324,0.2737845778465271,0.2218879610300064,0.2400217354297638
221,sustained_new,7,4.289117336273193,0.7058334350585938,0.27183306217193604,0.21928776800632477,0.2392415702342987
221,sustained_new,8,4.504619121551514,0.6810322403907776,0.2702585458755493,0.21735523641109467,0.2387370467185974
221,shock_recovery,0,1.1806318759918213,0.9731119871139526,0.2879455089569092,0.2474147081375122,0.25753629207611084
221,shock_recovery,1,1.0837161540985107,0.9795736074447632,0.28886157274246216,0.24857404828071594,0.2215663492679596
221,shock_recovery,2,1.1069906949996948,0.9818930625915527,0.28953325748443604,0.24991193413734436,0.21924084424972534
221,shock_recovery,3,1.194193720817566,0.9818400740623474,0.2900404632091522,0.2513416111469269,0.21714156866073608
221,shock_recovery,4,1.3066786527633667,0.9803522229194641,0.290433406829834,0.25279664993286133,0.21525928378105164
938,stable_old,1,0.3544028401374817,0.9987855553627014,0.3089359700679779,0.35888686776161194,0.28756749629974365
938,stable_old,2,0.6723555326461792,0.995232880115509,0.3099020719528198,0.3603093922138214,0.28753596544265747
938,stable_old,3,0.9658966064453125,0.9895274043083191,0.3108968734741211,0.3617652952671051,0.2875261604785919
938,stable_old,4,1.2413111925125122,0.9819059371948242,0.3118947744369507,0.36325111985206604,0.2875312566757202
938,stable_old,5,1.5016705989837646,0.9726378321647644,0.3128763437271118,0.3647494912147522,0.28754526376724243
938,stable_old,6,1.748369812965393,0.9620077013969421,0.3138267397880554,0.3662381172180176,0.2875632047653198
938,stable_old,7,1.98200523853302,0.9502994418144226,0.31473472714424133,0.36769577860832214,0.287581205368042
938,stable_old,8,2.2028472423553467,0.9377857446670532,0.3155919909477234,0.3691061735153198,0.28759652376174927
938,sustained_new,1,1.042881727218628,0.9825015068054199,0.31068599224090576,0.38132014870643616,0.266374409198761
938,sustained_new,2,1.8687019348144531,0.9445623755455017,0.31343233585357666,0.3976389765739441,0.2672186493873596
938,sustained_new,3,2.520495891571045,0.9012477993965149,0.3162609934806824,0.4081335961818695,0.2680492103099823
938,sustained_new,4,3.039233446121216,0.8594233989715576,0.31917673349380493,0.41458648443222046,0.26888972520828247
938,sustained_new,5,3.4585838317871094,0.8212783336639404,0.3220738172531128,0.41823574900627136,0.2696720361709595
938,sustained_new,6,3.8041319847106934,0.7870368361473083,0.3248298168182373,0.41998469829559326,0.27033787965774536
938,sustained_new,7,4.094429969787598,0.7562940120697021,0.32736241817474365,0.42053136229515076,0.2708609700202942
938,sustained_new,8,4.342613220214844,0.7285403609275818,0.3296333849430084,0.4203833341598511,0.2712404131889343
938,shock_recovery,0,1.042881727218628,0.9825015068054199,0.31068599224090576,0.38132014870643616,0.266374409198761
938,shock_recovery,1,0.9652374386787415,0.9861258268356323,0.3113992214202881,0.3779144287109375,0.2878504693508148
938,shock_recovery,2,1.064931035041809,0.9846431016921997,0.3122428059577942,0.37573885917663574,0.28772032260894775
938,shock_recovery,3,1.2616372108459473,0.9794039130210876,0.3131535053253174,0.3745228946208954,0.28763651847839355
938,shock_recovery,4,1.4973629713058472,0.9712657928466797,0.31408652663230896,0.37401315569877625,0.2875881493091583
741,stable_old,1,0.33149847388267517,0.9991264343261719,0.4895360767841339,0.2140253186225891,0.28494757413864136
741,stable_old,2,0.610751748085022,0.9967500567436218,0.48909515142440796,0.2131131887435913,0.28522688150405884
741,stable_old,3,0.8511892557144165,0.9932235479354858,0.4887964725494385,0.21241410076618195,0.2854987382888794
741,stable_old,4,1.0612924098968506,0.9888677597045898,0.4886113703250885,0.2118893712759018,0.2857494056224823
741,stable_old,5,1.2465946674346924,0.9839643239974976,0.48852014541625977,0.21150819957256317,0.2859726548194885
741,stable_old,6,1.4109008312225342,0.9787473678588867,0.4885072708129883,0.2112453430891037,0.28616684675216675
741,stable_old,7,1.557000994682312,0.9734073281288147,0.4885592460632324,0.21107901632785797,0.2863330841064453
741,stable_old,8,1.6870789527893066,0.9680911302566528,0.4886636734008789,0.21099062263965607,0.28647372126579285
741,sustained_new,1,1.211029291152954,0.9761821031570435,0.4840485453605652,0.22479762136936188,0.2581835091114044
741,sustained_new,2,2.1339685916900635,0.9268540740013123,0.4784545600414276,0.23328866064548492,0.25980523228645325
741,sustained_new,3,2.8446757793426514,0.8732403516769409,0.4733349084854126,0.23989948630332947,0.260669469833374
741,sustained_new,4,3.396763801574707,0.8239356279373169,0.46887511014938354,0.24466365575790405,0.26093587279319763
741,sustained_new,5,3.8293087482452393,0.7812623977661133,0.4653704762458801,0.24804261326789856,0.26081815361976624
741,sustained_new,6,4.171245574951172,0.7451307773590088,0.462892085313797,0.2505142092704773,0.26048922538757324
741,sustained_new,7,4.444174766540527,0.714703381061554,0.46130743622779846,0.2524127960205078,0.2600615918636322
741,sustained_new,8,4.664299488067627,0.6890206336975098,0.46041280031204224,0.2539381980895996,0.25959908962249756
741,shock_recovery,0,1.211029291152954,0.9761821031570435,0.4840485453605652,0.22479762136936188,0.2581835091114044
741,shock_recovery,1,1.0543928146362305,0.9831444621086121,0.4842614233493805,0.22217552363872528,0.2853771150112152
741,shock_recovery,2,1.017364740371704,0.9862642884254456,0.48466551303863525,0.22009579837322235,0.2854570150375366
741,shock_recovery,3,1.0591483116149902,0.9868905544281006,0.4851669371128082,0.21842998266220093,0.28558018803596497
741,shock_recovery,4,1.14535653591156,0.9857732653617859,0.4856890141963959,0.21708902716636658,0.2857261300086975
298,stable_old,1,0.32320263981819153,0.9993683695793152,0.2982174754142761,0.2254355251789093,0.11808738857507706
298,stable_old,2,0.6033033132553101,0.997756838798523,0.2987442910671234,0.2260815054178238,0.1156788170337677
298,stable_old,3,0.8478444218635559,0.9954745173454285,0.29918399453163147,0.2265188992023468,0.11388643085956573
298,stable_old,4,1.0628830194473267,0.992718517780304,0.2995604872703552,0.226776584982872,0.11258487403392792
298,stable_old,5,1.2533471584320068,0.9896149039268494,0.2998906373977661,0.22687770426273346,0.11168511211872101
298,stable_old,6,1.4232758283615112,0.9862437844276428,0.30018651485443115,0.22684215009212494,0.11112143099308014
298,stable_old,7,1.575989842414856,0.9826578497886658,0.30045682191848755,0.2266874760389328,0.11084325611591339
298,stable_old,8,1.7142261266708374,0.9788910150527954,0.3007075786590576,0.22642973065376282,0.110810287296772
298,sustained_new,1,1.4927583932876587,0.9271164536476135,0.30551475286483765,0.21614891290664673,0.26619231700897217
298,sustained_new,2,2.6068005561828613,0.809974193572998,0.30928146839141846,0.20769034326076508,0.27053898572921753
298,sustained_new,3,3.4248640537261963,0.7163344025611877,0.3107706904411316,0.20145057141780853,0.27306437492370605
298,sustained_new,4,4.023768424987793,0.6497679352760315,0.3111247718334198,0.1970994621515274,0.27452659606933594
298,sustained_new,5,4.4643168449401855,0.60230952501297,0.31096896529197693,0.19403162598609924,0.27536189556121826
298,sustained_new,6,4.7916998863220215,0.5672593712806702,0.3106110692024231,0.19179506599903107,0.2758209705352783
298,sustained_new,7,5.038562297821045,0.5402086973190308,0.3101878762245178,0.19009631872177124,0.27605441212654114
298,sustained_new,8,5.228179454803467,0.5183779001235962,0.30975592136383057,0.18875186145305634,0.276151180267334
298,shock_recovery,0,1.4927583932876587,0.9271164536476135,0.30551475286483765,0.21614891290664673,0.26619231700897217
298,shock_recovery,1,1.4221864938735962,0.945153534412384,0.3067088723182678,0.21735146641731262,0.15231534838676453
298,shock_recovery,2,1.4590585231781006,0.954624354839325,0.30759409070014954,0.2182329148054123,0.15037977695465088
298,shock_recovery,3,1.5549945831298828,0.9591723084449768,0.30826693773269653,0.21886606514453888,0.14889875054359436
298,shock_recovery,4,1.6771676540374756,0.9606741070747375,0.3087887763977051,0.21929262578487396,0.14784462749958038
137,stable_old,1,0.3533787727355957,0.9989675283432007,0.24302072823047638,0.21060366928577423,0.2781282663345337
137,stable_old,2,0.6496705412864685,0.9962402582168579,0.24281775951385498,0.2101059854030609,0.27862444519996643
137,stable_old,3,0.904522180557251,0.9922374486923218,0.24249325692653656,0.2095194309949875,0.2789798378944397
137,stable_old,4,1.1290252208709717,0.9872450232505798,0.24204884469509125,0.20885904133319855,0.2792222797870636
137,stable_old,5,1.330998182296753,0.9814622402191162,0.24149195849895477,0.20813840627670288,0.27937591075897217
137,stable_old,6,1.5158964395523071,0.9750343561172485,0.24083442986011505,0.20737119019031525,0.2794608473777771
137,stable_old,7,1.687469244003296,0.9680748581886292,0.24009162187576294,0.2065712958574295,0.2794932723045349
137,stable_old,8,1.8482370376586914,0.960680365562439,0.23928165435791016,0.20575235784053802,0.27948635816574097
137,sustained_new,1,0.9432003498077393,0.9852355718612671,0.23845623433589935,0.21067887544631958,0.20610292255878448
137,sustained_new,2,1.7174537181854248,0.9515899419784546,0.23426461219787598,0.20957326889038086,0.20529493689537048
137,sustained_new,3,2.356687068939209,0.9108020663261414,0.23022007942199707,0.20752115547657013,0.20358455181121826
137,sustained_new,4,2.886704206466675,0.8693397045135498,0.226241797208786,0.204570472240448,0.2013738453388214
137,sustained_new,5,3.3273444175720215,0.8302865624427795,0.22234036028385162,0.20093661546707153,0.19899506866931915
137,sustained_new,6,3.6941959857940674,0.7949153780937195,0.21855831146240234,0.19693762063980103,0.19667565822601318
137,sustained_new,7,3.999852180480957,0.7635803818702698,0.21497613191604614,0.19291183352470398,0.19455689191818237
137,sustained_new,8,4.254743576049805,0.7361751198768616,0.21169579029083252,0.1891368329524994,0.19271665811538696
137,shock_recovery,0,0.9432003498077393,0.9852355718612671,0.23845623433589935,0.21067887544631958,0.20610292255878448
137,shock_recovery,1,0.8659767508506775,0.9887667298316956,0.23885595798492432,0.2098958045244217,0.2781098783016205
137,shock_recovery,2,0.9640895128250122,0.9879933595657349,0.23903432488441467,0.20906701683998108,0.27840423583984375
137,shock_recovery,3,1.1347899436950684,0.984666645526886,0.23902586102485657,0.2082105278968811,0.27863773703575134
137,shock_recovery,4,1.323233723640442,0.9796807169914246,0.23885545134544373,0.20733661949634552,0.27881231904029846
948,stable_old,1,0.3646065592765808,0.9987512230873108,0.3480199873447418,0.22860470414161682,0.28449729084968567
948,stable_old,2,0.6680564284324646,0.9955950975418091,0.34532681107521057,0.22253724932670593,0.2842668890953064
948,stable_old,3,0.9232723712921143,0.9912443161010742,0.34378933906555176,0.21793678402900696,0.2840997576713562
948,stable_old,4,1.1397359371185303,0.9862174987792969,0.34303930401802063,0.2145157903432846,0.2839798927307129
948,stable_old,5,1.3246288299560547,0.9808796048164368,0.34278568625450134,0.21199965476989746,0.28389379382133484
948,stable_old,6,1.4835305213928223,0.9754803776741028,0.34281986951828003,0.21015506982803345,0.2838306128978729
948,stable_old,7,1.6208631992340088,0.970184326171875,0.3430017828941345,0.20879697799682617,0.28378215432167053
948,stable_old,8,1.740185022354126,0.9650934338569641,0.34324273467063904,0.2077852040529251,0.28374266624450684
948,sustained_new,1,0.492199569940567,0.996890664100647,0.3553296625614166,0.23530693352222443,0.26565831899642944
948,sustained_new,2,0.8888737559318542,0.9900780916213989,0.3586728572845459,0.23491227626800537,0.2639862298965454
948,sustained_new,3,1.2156405448913574,0.9816437363624573,0.3620005249977112,0.23488260805606842,0.26256000995635986
948,sustained_new,4,1.4903603792190552,0.9725189805030823,0.365163654088974,0.23504328727722168,0.2613338232040405
948,sustained_new,5,1.7257182598114014,0.9631420373916626,0.36809447407722473,0.2352970391511917,0.2602732181549072
948,sustained_new,6,1.9308010339736938,0.9537291526794434,0.3707696497440338,0.23559227585792542,0.25935089588165283
948,sustained_new,7,2.1121432781219482,0.9443939924240112,0.37318944931030273,0.23590368032455444,0.25854456424713135
948,sustained_new,8,2.2744574546813965,0.9352033734321594,0.3753666281700134,0.2362203150987625,0.25783616304397583
948,shock_recovery,0,0.492199569940567,0.996890664100647,0.3553296625614166,0.23530693352222443,0.26565831899642944
948,shock_recovery,1,0.7092114686965942,0.9945894479751587,0.3516220152378082,0.2283046841621399,0.28408142924308777
948,shock_recovery,2,0.9331517219543457,0.9908561706542969,0.34902873635292053,0.2226850539445877,0.2839182913303375
948,shock_recovery,3,1.1367692947387695,0.9862319827079773,0.34732598066329956,0.21830512583255768,0.2838016748428345
948,shock_recovery,4,1.316933512687683,0.9811170101165771,0.34627577662467957,0.214956596493721,0.28371962904930115
432,stable_old,1,0.356607049703598,0.9994100332260132,0.2894918620586395,0.3524547219276428,0.14675533771514893
432,stable_old,2,0.6659132838249207,0.9977592825889587,0.28932422399520874,0.3534560799598694,0.14603765308856964
432,stable_old,3,0.9357760548591614,0.9952229857444763,0.28916069865226746,0.3542567789554596,0.14525802433490753
432,stable_old,4,1.1725534200668335,0.9919711947441101,0.2889942526817322,0.35490432381629944,0.14445990324020386
432,stable_old,5,1.3813791275024414,0.9881640672683716,0.28882265090942383,0.35543084144592285,0.1436741054058075
432,stable_old,6,1.5664095878601074,0.9839472770690918,0.2886466979980469,0.3558589816093445,0.14292028546333313
432,stable_old,7,1.7310371398925781,0.979448139667511,0.2884688675403595,0.3562055230140686,0.1422092467546463
432,stable_old,8,1.8780598640441895,0.9747748374938965,0.2882923185825348,0.3564835488796234,0.1415461301803589
432,sustained_new,1,0.20841550827026367,0.9993312358856201,0.2889326512813568,0.35134637355804443,0.07228591293096542
432,sustained_new,2,0.40634018182754517,0.9975202679634094,0.2882463335990906,0.3514617085456848,0.07319013774394989
432,sustained_new,3,0.5928730368614197,0.9948437809944153,0.2876109480857849,0.3515339493751526,0.07367168366909027
432,sustained_new,4,0.7680880427360535,0.9915280938148499,0.2870178818702698,0.3515709340572357,0.07393566519021988
432,sustained_new,5,0.9324901103973389,0.9877469539642334,0.2864595651626587,0.3515792787075043,0.07409046590328217
432,sustained_new,6,1.086740255355835,0.9836305975914001,0.2859298586845398,0.3515644967556,0.07419238984584808
432,sustained_new,7,1.2315250635147095,0.9792781472206116,0.285424143075943,0.35153111815452576,0.07427041232585907
432,sustained_new,8,1.3675003051757812,0.9747658371925354,0.28493940830230713,0.3514831066131592,0.07433928549289703
432,shock_recovery,0,0.20841550827026367,0.9993312358856201,0.2889326512813568,0.35134637355804443,0.07228591293096542
432,shock_recovery,1,0.5200122594833374,0.9981063008308411,0.2888021171092987,0.3524910509586334,0.14642250537872314
432,shock_recovery,2,0.8058512806892395,0.9959532618522644,0.2886729836463928,0.3533959686756134,0.14530223608016968
432,shock_recovery,3,1.0577309131622314,0.9930386543273926,0.2885386347770691,0.3541269600391388,0.14439645409584045
432,shock_recovery,4,1.279726505279541,0.9895193576812744,0.2883967161178589,0.3547244369983673,0.14359906315803528
139,stable_old,1,0.3670824468135834,0.9988228678703308,0.20416958630084991,0.2037472128868103,0.26262032985687256
139,stable_old,2,0.69498211145401,0.9953051805496216,0.2005668431520462,0.20442713797092438,0.2631453275680542
139,stable_old,3,0.9961711168289185,0.9895685911178589,0.19731315970420837,0.20532140135765076,0.26366686820983887
139,stable_old,4,1.2765276432037354,0.9818643927574158,0.1944354921579361,0.2062695473432541,0.2641342878341675
139,stable_old,5,1.5381380319595337,0.9725500345230103,0.19193176925182343,0.20716547966003418,0.2645166218280792
139,stable_old,6,1.7812281847000122,0.9620481133460999,0.18977919220924377,0.20794793963432312,0.2648002505302429
139,stable_old,7,2.005366563796997,0.9508009552955627,0.1879432052373886,0.20858977735042572,0.2649851441383362
139,stable_old,8,2.210132598876953,0.9392299652099609,0.18638482689857483,0.20908761024475098,0.2650800943374634
139,sustained_new,1,1.2965055704116821,0.9712679982185364,0.21985265612602234,0.20032542943954468,0.26909077167510986
139,sustained_new,2,2.248751640319824,0.9140423536300659,0.2324620932340622,0.20225505530834198,0.26917606592178345
139,sustained_new,3,2.9412505626678467,0.8570901155471802,0.24175722897052765,0.20545578002929688,0.2688594460487366
139,sustained_new,4,3.453211545944214,0.8091742396354675,0.2469373643398285,0.20776480436325073,0.26853299140930176
139,sustained_new,5,3.843639850616455,0.7701825499534607,0.24945931136608124,0.2091997116804123,0.2682485282421112
139,sustained_new,6,4.150082588195801,0.7382625341415405,0.2505600154399872,0.21014009416103363,0.2679850459098816
139,sustained_new,7,4.396206855773926,0.7117276787757874,0.2509461045265198,0.210846945643425,0.26773080229759216
139,sustained_new,8,4.597582817077637,0.689306914806366,0.25098538398742676,0.2114557921886444,0.2674829661846161
139,shock_recovery,0,1.2965055704116821,0.9712679982185364,0.21985265612602234,0.20032542943954468,0.26909077167510986
139,shock_recovery,1,1.0890512466430664,0.9807754755020142,0.2165597826242447,0.199546217918396,0.26150238513946533
139,shock_recovery,2,1.0086697340011597,0.9855492115020752,0.21296809613704681,0.1995137482881546,0.2620809078216553
139,shock_recovery,3,1.0409057140350342,0.9866946935653687,0.209320068359375,0.20008845627307892,0.2627656161785126
139,shock_recovery,4,1.1558735370635986,0.9848379492759705,0.205778568983078,0.20108100771903992,0.2634783387184143
635,stable_old,1,0.37535279989242554,0.9992751479148865,0.31131866574287415,0.18293145298957825,0.18636707961559296
635,stable_old,2,0.687005341053009,0.997403085231781,0.3115938603878021,0.18179014325141907,0.1876993328332901
635,stable_old,3,0.9481891393661499,0.9947167038917542,0.3116277754306793,0.18096917867660522,0.1894063651561737
635,stable_old,4,1.16940438747406,0.9914396405220032,0.31152331829071045,0.18036781251430511,0.19136247038841248
635,stable_old,5,1.358927607536316,0.9877276420593262,0.31133994460105896,0.17992408573627472,0.19346776604652405
635,stable_old,6,1.523253321647644,0.9836927056312561,0.3111114203929901,0.1795983761548996,0.19564411044120789
635,stable_old,7,1.6674530506134033,0.979418933391571,0.31085655093193054,0.1793644279241562,0.19783121347427368
635,stable_old,8,1.7954665422439575,0.9749716520309448,0.3105856478214264,0.17920440435409546,0.19998343288898468
635,sustained_new,1,0.45721256732940674,0.9967843890190125,0.30952247977256775,0.1814156174659729,0.15128517150878906
635,sustained_new,2,0.8530221581459045,0.9893618226051331,0.3084954023361206,0.17898376286029816,0.15120892226696014
635,sustained_new,3,1.199959635734558,0.9797803163528442,0.3074355125427246,0.17713119089603424,0.15297359228134155
635,sustained_new,4,1.5063637495040894,0.9691144227981567,0.30629467964172363,0.17575988173484802,0.1557544767856598
635,sustained_new,5,1.778609037399292,0.9579366445541382,0.305065393447876,0.1747858226299286,0.15912148356437683
635,sustained_new,6,2.021836996078491,0.9465522766113281,0.3037640452384949,0.1741345375776291,0.1628119796514511
635,sustained_new,7,2.240237236022949,0.9351295232772827,0.3024176061153412,0.17374038696289062,0.16664338111877441
635,sustained_new,8,2.437206268310547,0.9237707257270813,0.3010559380054474,0.1735466569662094,0.17047883570194244
635,shock_recovery,0,0.45721256732940674,0.9967843890190125,0.30952247977256775,0.1814156174659729,0.15128517150878906
635,shock_recovery,1,0.6818046569824219,0.9960150122642517,0.3101499080657959,0.1802346408367157,0.18591082096099854
635,shock_recovery,2,0.9210292100906372,0.9940587282180786,0.31041309237480164,0.17944270372390747,0.18843650817871094
635,shock_recovery,3,1.1375916004180908,0.9912474751472473,0.3104628026485443,0.17891009151935577,0.1907864212989807
635,shock_recovery,4,1.3279495239257812,0.9878283143043518,0.3103896379470825,0.17855511605739594,0.19308136403560638
254,stable_old,1,0.34003639221191406,0.9990487098693848,0.1993611454963684,0.15340273082256317,0.29089778661727905
254,stable_old,2,0.6348370909690857,0.9963421821594238,0.2001582384109497,0.15451684594154358,0.2907927632331848
254,stable_old,3,0.8981039524078369,0.9921106696128845,0.20073182880878448,0.15546448528766632,0.2907056510448456
254,stable_old,4,1.1380243301391602,0.9865897297859192,0.2011197805404663,0.15625321865081787,0.29063379764556885
254,stable_old,5,1.3594428300857544,0.9800114631652832,0.20136070251464844,0.15690162777900696,0.2905745804309845
254,stable_old,6,1.5652307271957397,0.9725972414016724,0.20148847997188568,0.15743094682693481,0.2905257046222687
254,stable_old,7,1.757124423980713,0.964555561542511,0.2015310674905777,0.15786093473434448,0.29048532247543335
254,stable_old,8,1.9362270832061768,0.9560757875442505,0.20151054859161377,0.15820877254009247,0.2904517352581024
254,sustained_new,1,1.1216754913330078,0.9798665642738342,0.19802094995975494,0.15229597687721252,0.28852835297584534
254,sustained_new,2,1.9629344940185547,0.9397021532058716,0.19695065915584564,0.15162310004234314,0.28883785009384155
254,sustained_new,3,2.5985686779022217,0.8975497484207153,0.19536682963371277,0.15042351186275482,0.289098858833313
254,sustained_new,4,3.0827910900115967,0.859963059425354,0.19345514476299286,0.1489265263080597,0.28932130336761475
254,sustained_new,5,3.455371141433716,0.8282774686813354,0.1913571059703827,0.14732490479946136,0.2895141839981079
254,sustained_new,6,3.7454538345336914,0.8020036220550537,0.18919847905635834,0.14578458666801453,0.28968536853790283
254,sustained_new,7,3.974296808242798,0.780206024646759,0.18709751963615417,0.14443783462047577,0.2898414731025696
254,sustained_new,8,4.157351970672607,0.7619787454605103,0.1851576715707779,0.14337240159511566,0.28998735547065735
254,shock_recovery,0,1.1216754913330078,0.9798665642738342,0.19802094995975494,0.15229597687721252,0.28852835297584534
254,shock_recovery,1,0.9916864037513733,0.9855859279632568,0.1990690529346466,0.1535109132528305,0.2910270690917969
254,shock_recovery,2,1.0360246896743774,0.9861580729484558,0.1998552680015564,0.1545892059803009,0.2909037470817566
254,shock_recovery,3,1.1734603643417358,0.9836180210113525,0.20041975378990173,0.15552198886871338,0.29080134630203247
254,shock_recovery,4,1.3476966619491577,0.9789919257164001,0.20080305635929108,0.15631218254566193,0.29071712493896484
39,stable_old,1,0.4059775769710541,0.9983203411102295,0.1538970172405243,0.15410663187503815,0.28685373067855835
39,stable_old,2,0.7598384022712708,0.9938495755195618,0.1546488106250763,0.15444250404834747,0.28735220432281494
39,stable_old,3,1.0695866346359253,0.9874087572097778,0.1550920456647873,0.15471413731575012,0.28774169087409973
39,stable_old,4,1.3408361673355103,0.9797195792198181,0.15528559684753418,0.15488176047801971,0.2880445122718811
39,stable_old,5,1.5780413150787354,0.9713729619979858,0.15530118346214294,0.15494567155838013,0.2882798910140991
39,stable_old,6,1.7850948572158813,0.9628193378448486,0.15520229935646057,0.15492412447929382,0.28846341371536255
39,stable_old,7,1.9655791521072388,0.9543805122375488,0.15503759682178497,0.15484018623828888,0.28860732913017273
39,stable_old,8,2.1228392124176025,0.9462674856185913,0.154840886592865,0.15471479296684265,0.2887210249900818
39,sustained_new,1,0.5633426308631897,0.9955480694770813,0.15952378511428833,0.1565524786710739,0.28275662660598755
39,sustained_new,2,1.0059694051742554,0.9863561987876892,0.164627343416214,0.1594495326280594,0.283866822719574
39,sustained_new,3,1.361127257347107,0.975705623626709,0.168220654129982,0.16196224093437195,0.28465259075164795
39,sustained_new,4,1.6512223482131958,0.9649173617362976,0.17066465318202972,0.16397614777088165,0.28522220253944397
39,sustained_new,5,1.8916468620300293,0.9545380473136902,0.17229744791984558,0.16552843153476715,0.28564777970314026
39,sustained_new,6,2.0932772159576416,0.9447934031486511,0.17337089776992798,0.1666978895664215,0.2859749495983124
39,sustained_new,7,2.2640295028686523,0.9357650279998779,0.17406068742275238,0.16756519675254822,0.2862325608730316
39,sustained_new,8,2.4098167419433594,0.927466094493866,0.1744871735572815,0.16820009052753448,0.28643932938575745
39,shock_recovery,0,0.5633426308631897,0.9955480694770813,0.15952378511428833,0.1565524786710739,0.28275662660598755
39,shock_recovery,1,0.7676588296890259,0.9931658506393433,0.15886180102825165,0.15636296570301056,0.28767240047454834
39,shock_recovery,2,1.0418421030044556,0.9877863526344299,0.15826863050460815,0.1562020182609558,0.28794413805007935
39,shock_recovery,3,1.3056837320327759,0.9806571006774902,0.1577034443616867,0.1560267060995102,0.28817081451416016
39,shock_recovery,4,1.5432460308074951,0.9726081490516663,0.1571594774723053,0.15582451224327087,0.28835728764533997
652,stable_old,1,0.42283007502555847,0.9986778497695923,0.24761950969696045,0.25680413842201233,0.22414934635162354
652,stable_old,2,0.7944715619087219,0.9949179887771606,0.2472301721572876,0.2572667896747589,0.22883427143096924
652,stable_old,3,1.123349905014038,0.9891019463539124,0.24662251770496368,0.2579934000968933,0.2328851968050003
652,stable_old,4,1.4156724214553833,0.9816577434539795,0.24590511620044708,0.25883880257606506,0.23631420731544495
652,stable_old,5,1.676199197769165,0.9730105996131897,0.24515070021152496,0.2597109079360962,0.23918458819389343
652,stable_old,6,1.9087393283843994,0.9635522961616516,0.24440564215183258,0.26055556535720825,0.2415761947631836
652,stable_old,7,2.1164612770080566,0.9536241292953491,0.24369701743125916,0.261343777179718,0.24356737732887268
652,stable_old,8,2.302083730697632,0.9435097575187683,0.24303865432739258,0.26206257939338684,0.24522781372070312
652,sustained_new,1,0.6515394449234009,0.9940365552902222,0.24579636752605438,0.2552567422389984,0.2677968442440033
652,sustained_new,2,1.1877877712249756,0.9809008836746216,0.24406035244464874,0.25520798563957214,0.2687072157859802
652,sustained_new,3,1.6377806663513184,0.964378833770752,0.24251344799995422,0.25598740577697754,0.26958680152893066
652,sustained_new,4,2.021620750427246,0.9461854696273804,0.24115461111068726,0.2571302652359009,0.27041441202163696
652,sustained_new,5,2.3531033992767334,0.927263081073761,0.23997323215007782,0.2583502531051636,0.27116960287094116
652,sustained_new,6,2.641752243041992,0.908231794834137,0.23895981907844543,0.2594910264015198,0.2718389630317688
652,sustained_new,7,2.894315719604492,0.8895462155342102,0.23810239136219025,0.2604829967021942,0.27241837978363037
652,sustained_new,8,3.115797996520996,0.8715478181838989,0.23738513886928558,0.261308878660202,0.27291178703308105
652,shock_recovery,0,0.6515394449234009,0.9940365552902222,0.24579636752605438,0.2552567422389984,0.2677968442440033
652,shock_recovery,1,0.9541900157928467,0.9900597333908081,0.24560260772705078,0.2562723159790039,0.22884729504585266
652,shock_recovery,2,1.254257321357727,0.9840049147605896,0.2451823502779007,0.2574034035205841,0.23288224637508392
652,shock_recovery,3,1.5294958353042603,0.9764055013656616,0.24463863670825958,0.258534699678421,0.2363152652978897
652,shock_recovery,4,1.777109980583191,0.9677249193191528,0.24404233694076538,0.2596014142036438,0.23919415473937988
513,stable_old,1,0.31837141513824463,0.9996041655540466,0.4059310555458069,0.29632166028022766,0.08182168006896973
513,stable_old,2,0.5913786292076111,0.9983457922935486,0.40765562653541565,0.2959735095500946,0.08252370357513428
513,stable_old,3,0.8292487263679504,0.9961113929748535,0.409207820892334,0.29617026448249817,0.08333376795053482
513,stable_old,4,1.0409131050109863,0.9927837252616882,0.4106869697570801,0.29683202505111694,0.08424519747495651
513,stable_old,5,1.2338835000991821,0.9882531762123108,0.41215386986732483,0.297915518283844,0.08524502068758011
513,stable_old,6,1.4142452478408813,0.982426643371582,0.4136422276496887,0.299396812915802,0.08631743490695953
513,stable_old,7,1.5867173671722412,0.9752371907234192,0.4151644706726074,0.30125996470451355,0.0874451994895935
513,stable_old,8,1.7547566890716553,0.9666522741317749,0.4167160093784332,0.3034895658493042,0.08861047029495239
513,sustained_new,1,0.7635915279388428,0.9854547381401062,0.40649908781051636,0.2957850694656372,0.17415644228458405
513,sustained_new,2,1.387837290763855,0.9598556756973267,0.40879279375076294,0.2965531647205353,0.17963361740112305
513,sustained_new,3,1.8987802267074585,0.9340231418609619,0.41093504428863525,0.2984829246997833,0.18422047793865204
513,sustained_new,4,2.319201946258545,0.9101870656013489,0.41294339299201965,0.30098918080329895,0.1879204511642456
513,sustained_new,5,2.667933702468872,0.8884461522102356,0.41477110981941223,0.3037431240081787,0.19086527824401855
513,sustained_new,6,2.959960460662842,0.8684924244880676,0.41635429859161377,0.306530624628067,0.19320131838321686
513,sustained_new,7,3.206955909729004,0.8500214219093323,0.4176388084888458,0.3092009723186493,0.19505658745765686
513,sustained_new,8,3.4179320335388184,0.8328024744987488,0.41859376430511475,0.311648428440094,0.1965360790491104
513,shock_recovery,0,0.7635915279388428,0.9854547381401062,0.40649908781051636,0.2957850694656372,0.17415644228458405
513,shock_recovery,1,0.9435602426528931,0.9840788245201111,0.40816381573677063,0.29612472653388977,0.08485975861549377
513,shock_recovery,2,1.1343531608581543,0.9807881116867065,0.4096994698047638,0.2969385087490082,0.08641275763511658
513,shock_recovery,3,1.3243651390075684,0.9756519794464111,0.41117802262306213,0.29817789793014526,0.0877784937620163
513,shock_recovery,4,1.511559009552002,0.9687079787254333,0.4126352071762085,0.29981592297554016,0.08907632529735565
78,stable_old,1,0.3589830696582794,0.9989607334136963,0.32180270552635193,0.21230727434158325,0.22382931411266327
78,stable_old,2,0.6621791124343872,0.9962196350097656,0.3203177750110626,0.21191178262233734,0.22533723711967468
78,stable_old,3,0.922128438949585,0.9922268390655518,0.3192071318626404,0.21160002052783966,0.22662018239498138
78,stable_old,4,1.1479822397232056,0.9873220324516296,0.3183748722076416,0.21134859323501587,0.22766542434692383
78,stable_old,5,1.3464269638061523,0.9817705750465393,0.3177497386932373,0.21114133298397064,0.228488951921463
78,stable_old,6,1.5223714113235474,0.975786030292511,0.3172791302204132,0.21096722781658173,0.2291191816329956
78,stable_old,7,1.6794583797454834,0.9695426821708679,0.316924512386322,0.21081872284412384,0.22958770394325256
78,stable_old,8,1.820440411567688,0.963182270526886,0.31665724515914917,0.21069082617759705,0.22992509603500366
78,sustained_new,1,0.5885142087936401,0.9941743016242981,0.32600411772727966,0.2118067741394043,0.20442038774490356
78,sustained_new,2,1.0966784954071045,0.9805992841720581,0.3282659649848938,0.2109268754720688,0.206190824508667
78,sustained_new,3,1.5350332260131836,0.9632135629653931,0.33037805557250977,0.2100219428539276,0.20762665569782257
78,sustained_new,4,1.9125757217407227,0.9442999958992004,0.3322056233882904,0.20898501574993134,0.20855674147605896
78,sustained_new,5,2.2379047870635986,0.9251397252082825,0.3337422311306,0.20783060789108276,0.20898845791816711
78,sustained_new,6,2.5190160274505615,0.9064134955406189,0.33506786823272705,0.2066560834646225,0.2090192437171936
78,sustained_new,7,2.7629234790802,0.8884661793708801,0.33628085255622864,0.20557238161563873,0.20876860618591309
78,sustained_new,8,2.9756040573120117,0.8714548945426941,0.3374577462673187,0.20465925335884094,0.20833709836006165
78,shock_recovery,0,0.5885142087936401,0.9941743016242981,0.32600411772727966,0.2118067741394043,0.20442038774490356
78,shock_recovery,1,0.7354530096054077,0.9933780431747437,0.3238103985786438,0.21136976778507233,0.22400540113449097
78,shock_recovery,2,0.9364437460899353,0.9907112717628479,0.32207849621772766,0.21102839708328247,0.2253493070602417
78,shock_recovery,3,1.1377830505371094,0.9867267608642578,0.32073235511779785,0.2107677310705185,0.22635546326637268
78,shock_recovery,4,1.325236201286316,0.9818270802497864,0.31969448924064636,0.21056969463825226,0.2271379828453064
543,stable_old,1,0.2933974266052246,0.9996349811553955,0.5293934345245361,0.4761047661304474,0.0736490860581398
543,stable_old,2,0.5628359913825989,0.9986051917076111,0.5293684005737305,0.4764307141304016,0.07270907610654831
543,stable_old,3,0.8109995722770691,0.9969999194145203,0.5291243195533752,0.4765048623085022,0.0716734528541565
543,stable_old,4,1.0402007102966309,0.9948996305465698,0.5287452936172485,0.4764067530632019,0.07057325541973114
543,stable_old,5,1.2524396181106567,0.992376446723938,0.5282887816429138,0.4761916995048523,0.06943707168102264
543,stable_old,6,1.4494459629058838,0.989495038986206,0.5277936458587646,0.4758986830711365,0.06828856468200684
543,stable_old,7,1.6327143907546997,0.9863145351409912,0.5272859334945679,0.47555577754974365,0.0671466514468193
543,stable_old,8,1.803537368774414,0.9828877449035645,0.5267823338508606,0.4751826822757721,0.06602543592453003
543,sustained_new,1,0.6700910329818726,0.9789698123931885,0.5335645079612732,0.4808156490325928,0.15232746303081512
543,sustained_new,2,1.283373475074768,0.9389471411705017,0.5364121794700623,0.48491954803466797,0.1591411978006363
543,sustained_new,3,1.8295862674713135,0.8982823491096497,0.5382943153381348,0.48814699053764343,0.1637788712978363
543,sustained_new,4,2.3049564361572266,0.862649142742157,0.5396366715431213,0.49078965187072754,0.16652023792266846
543,sustained_new,5,2.7114474773406982,0.8328564763069153,0.5406732559204102,0.493012011051178,0.16775353252887726
543,sustained_new,6,3.0548393726348877,0.8082277178764343,0.5415196418762207,0.4948981702327728,0.16786600649356842
543,sustained_new,7,3.342805862426758,0.7877936363220215,0.5422292947769165,0.496494323015213,0.1671932339668274
543,sustained_new,8,3.583488702774048,0.7706599831581116,0.5428276062011719,0.49783384799957275,0.16600212454795837
543,shock_recovery,0,0.6700910329818726,0.9789698123931885,0.5335645079612732,0.4808156490325928,0.15232746303081512
543,shock_recovery,1,0.8472050428390503,0.9812659621238708,0.5333343744277954,0.481067955493927,0.07847292721271515
543,shock_recovery,2,1.0542024374008179,0.981783390045166,0.532901406288147,0.48106470704078674,0.07716651260852814
543,shock_recovery,3,1.2627863883972168,0.9810724258422852,0.5323601961135864,0.4808964729309082,0.07572007924318314
543,shock_recovery,4,1.4632014036178589,0.9794753193855286,0.5317710041999817,0.48062407970428467,0.07421804964542389
816,stable_old,1,0.3496682643890381,0.9990697503089905,0.21320965886116028,0.35794687271118164,0.2486734241247177
816,stable_old,2,0.6394901871681213,0.9966340065002441,0.2129555195569992,0.3566867709159851,0.249958336353302
816,stable_old,3,0.8832155466079712,0.9931577444076538,0.2128078043460846,0.35567429661750793,0.2511134147644043
816,stable_old,4,1.0903172492980957,0.989022433757782,0.21273116767406464,0.35486093163490295,0.2521500587463379
816,stable_old,5,1.2675315141677856,0.9845309853553772,0.21270136535167694,0.3542114794254303,0.2530776560306549
816,stable_old,6,1.419853925704956,0.9799161553382874,0.21270260214805603,0.35369613766670227,0.25390416383743286
816,stable_old,7,1.55115807056427,0.9753483533859253,0.21272461116313934,0.353288471698761,0.2546370327472687
816,stable_old,8,1.6645692586898804,0.9709455370903015,0.21276037395000458,0.3529652953147888,0.255283921957016
816,sustained_new,1,1.1225697994232178,0.9787957072257996,0.2108534872531891,0.35007244348526,0.27591076493263245
816,sustained_new,2,1.988682508468628,0.9356328248977661,0.20893920958042145,0.34590038657188416,0.27430933713912964
816,sustained_new,3,2.657069683074951,0.889126718044281,0.2089904248714447,0.3451710641384125,0.273082435131073
816,sustained_new,4,3.171717405319214,0.8469046950340271,0.21009808778762817,0.3457936644554138,0.27260857820510864
816,sustained_new,5,3.5690829753875732,0.8110031485557556,0.21134543418884277,0.34656262397766113,0.2726477384567261
816,sustained_new,6,3.8788938522338867,0.7810996174812317,0.212360680103302,0.347156822681427,0.2728969156742096
816,sustained_new,7,4.1239705085754395,0.756179690361023,0.21309027075767517,0.3475812077522278,0.27319180965423584
816,sustained_new,8,4.321023941040039,0.7352192997932434,0.213584303855896,0.34789568185806274,0.2734643220901489
816,shock_recovery,0,1.1225697994232178,0.9787957072257996,0.2108534872531891,0.35007244348526,0.27591076493263245
816,shock_recovery,1,1.1170933246612549,0.9812780618667603,0.2109624743461609,0.3508829176425934,0.24662412703037262
816,shock_recovery,2,1.2028067111968994,0.9809454083442688,0.21109110116958618,0.35142189264297485,0.24891625344753265
816,shock_recovery,3,1.3219131231307983,0.979019284248352,0.21123257279396057,0.35176658630371094,0.25083842873573303
816,shock_recovery,4,1.4449392557144165,0.9762261509895325,0.21137994527816772,0.35197585821151733,0.25242045521736145
445,stable_old,1,0.35195469856262207,0.9989179968833923,0.20191121101379395,0.564456045627594,0.27049899101257324
445,stable_old,2,0.6420114040374756,0.9961742758750916,0.20179061591625214,0.5659618973731995,0.270161896944046
445,stable_old,3,0.8860151767730713,0.992327868938446,0.2014990895986557,0.5672620534896851,0.2699652910232544
445,stable_old,4,1.0952740907669067,0.9877523183822632,0.20106291770935059,0.5682819485664368,0.26987510919570923
445,stable_old,5,1.2779415845870972,0.9826970100402832,0.20050939917564392,0.568979024887085,0.26986393332481384
445,stable_old,6,1.439972996711731,0.9773275256156921,0.19986708462238312,0.5693418383598328,0.26991036534309387
445,stable_old,7,1.5857818126678467,0.9717531800270081,0.19916462898254395,0.5693821310997009,0.2699977159500122
445,stable_old,8,1.7186942100524902,0.9660437703132629,0.19842883944511414,0.5691270232200623,0.2701132297515869
445,sustained_new,1,1.0079562664031982,0.9832713007926941,0.1984131634235382,0.5687969326972961,0.26949071884155273
445,sustained_new,2,1.8755542039871216,0.9428319931030273,0.19327190518379211,0.5705612301826477,0.2711552083492279
445,sustained_new,3,2.6147804260253906,0.8908727169036865,0.187711700797081,0.5664373636245728,0.27266237139701843
445,sustained_new,4,3.240746259689331,0.8355545997619629,0.18326573073863983,0.5573856234550476,0.273925244808197
445,sustained_new,5,3.7669167518615723,0.7818720936775208,0.18094302713871002,0.5466045141220093,0.2749534845352173
445,sustained_new,6,4.205041408538818,0.732706606388092,0.1806718111038208,0.5371268391609192,0.27581337094306946
445,sustained_new,7,4.565980434417725,0.689509391784668,0.18152502179145813,0.529891312122345,0.27657216787338257
445,sustained_new,8,4.860748767852783,0.6526417136192322,0.18266360461711884,0.524480938911438,0.27725106477737427
445,shock_recovery,0,1.0079562664031982,0.9832713007926941,0.1984131634235382,0.5687969326972961,0.26949071884155273
445,shock_recovery,1,1.0009890794754028,0.9850766658782959,0.19889064133167267,0.5695223212242126,0.2719476819038391
445,shock_recovery,2,1.0847575664520264,0.9844397902488708,0.19907771050930023,0.569983959197998,0.27156633138656616
445,shock_recovery,3,1.2121877670288086,0.9820008277893066,0.1990375518798828,0.570209801197052,0.27133241295814514
445,shock_recovery,4,1.3540831804275513,0.9783005714416504,0.1988278180360794,0.5702149868011475,0.2711900770664215
425,stable_old,1,0.3222517967224121,0.9992351531982422,0.2830749750137329,0.4643223285675049,0.26186633110046387
425,stable_old,2,0.5945061445236206,0.9970508217811584,0.28324463963508606,0.46628350019454956,0.2609168291091919
425,stable_old,3,0.8326641917228699,0.9936028122901917,0.2834005355834961,0.4681316912174225,0.260101318359375
425,stable_old,4,1.0471032857894897,0.9890339374542236,0.2835426926612854,0.4699011743068695,0.25940895080566406
425,stable_old,5,1.244482159614563,0.983476996421814,0.2836710512638092,0.47161370515823364,0.25883030891418457
425,stable_old,6,1.4289897680282593,0.9770574569702148,0.2837854325771332,0.47328439354896545,0.2583576440811157
425,stable_old,7,1.603189468383789,0.9698964953422546,0.2838861048221588,0.47492414712905884,0.2579842209815979
425,stable_old,8,1.7685908079147339,0.9621134996414185,0.28397297859191895,0.47654077410697937,0.2577037811279297
425,sustained_new,1,1.6468043327331543,0.9512078762054443,0.28010764718055725,0.46836304664611816,0.27571427822113037
425,sustained_new,2,2.887773036956787,0.846717894077301,0.2767896354198456,0.47450360655784607,0.27557966113090515
425,sustained_new,3,3.811636209487915,0.7406049966812134,0.2731609642505646,0.47690272331237793,0.27501243352890015
425,sustained_new,4,4.497666358947754,0.653279721736908,0.2701414227485657,0.4768466353416443,0.2741498351097107
425,sustained_new,5,5.009322643280029,0.585787296295166,0.2680662274360657,0.47598621249198914,0.2731510400772095
425,sustained_new,6,5.392782688140869,0.534353494644165,0.2667791545391083,0.4748530685901642,0.27216941118240356
425,sustained_new,7,5.682124614715576,0.49498963356018066,0.2660026252269745,0.4735085964202881,0.27128368616104126
425,sustained_new,8,5.902271747589111,0.46454134583473206,0.26551932096481323,0.47194769978523254,0.27052778005599976
425,shock_recovery,0,1.6468043327331543,0.9512078762054443,0.28010764718055725,0.46836304664611816,0.27571427822113037
425,shock_recovery,1,1.4642084836959839,0.9622308015823364,0.280705988407135,0.46883705258369446,0.2615256905555725
425,shock_recovery,2,1.4262840747833252,0.9665480852127075,0.2811586856842041,0.469565749168396,0.2603903114795685
425,shock_recovery,3,1.477903127670288,0.966888964176178,0.28152593970298767,0.4705168604850769,0.2595083713531494
425,shock_recovery,4,1.5787371397018433,0.9645654559135437,0.2818361520767212,0.4716353416442871,0.25884026288986206
589,stable_old,1,0.3717295527458191,0.9989190697669983,0.22816798090934753,0.1486436128616333,0.2413116991519928
589,stable_old,2,0.6902345418930054,0.9958859086036682,0.22750434279441833,0.14770500361919403,0.24241970479488373
589,stable_old,3,0.9704232811927795,0.9911785125732422,0.22678561508655548,0.14655858278274536,0.24336707592010498
589,stable_old,4,1.2225650548934937,0.985030472278595,0.22600919008255005,0.14517511427402496,0.24425050616264343
589,stable_old,5,1.4537492990493774,0.9776367545127869,0.2251756191253662,0.14354874193668365,0.24512353539466858
589,stable_old,6,1.6689238548278809,0.969158947467804,0.22429049015045166,0.14170053601264954,0.24601441621780396
589,stable_old,7,1.871595859527588,0.9597295522689819,0.22336508333683014,0.13967929780483246,0.24693657457828522
589,stable_old,8,2.0642755031585693,0.9494587182998657,0.22241617739200592,0.13755843043327332,0.2478950321674347
589,sustained_new,1,0.8102065920829773,0.9881149530410767,0.22732123732566833,0.15145762264728546,0.22241896390914917
589,sustained_new,2,1.5008131265640259,0.9605756998062134,0.22540542483329773,0.15375351905822754,0.2256200611591339
589,sustained_new,3,2.0975232124328613,0.9257510900497437,0.22349156439304352,0.1556025892496109,0.23006121814250946
589,sustained_new,4,2.6133084297180176,0.888678789138794,0.22172880172729492,0.15665188431739807,0.23458850383758545
589,sustained_new,5,3.056666374206543,0.852337121963501,0.22010719776153564,0.15700118243694305,0.2386331707239151
589,sustained_new,6,3.436622381210327,0.818173885345459,0.21858277916908264,0.1568586677312851,0.24221304059028625
589,sustained_new,7,3.762587547302246,0.78667151927948,0.2171320766210556,0.15640386939048767,0.24541589617729187
589,sustained_new,8,4.043555736541748,0.757800817489624,0.21575504541397095,0.15575458109378815,0.24830730259418488
589,shock_recovery,0,0.8102065920829773,0.9881149530410767,0.22732123732566833,0.15145762264728546,0.22241896390914917
589,shock_recovery,1,0.8409890532493591,0.9896450042724609,0.22670897841453552,0.1500009000301361,0.24136961996555328
589,shock_recovery,2,0.9990050196647644,0.9879298210144043,0.2260831594467163,0.14850789308547974,0.24314084649085999
589,shock_recovery,3,1.198415994644165,0.9839195609092712,0.22541873157024384,0.14690300822257996,0.24449819326400757
589,shock_recovery,4,1.4044761657714844,0.9781526923179626,0.22470064461231232,0.14513057470321655,0.24564537405967712
892,stable_old,1,0.3360035717487335,0.9991840124130249,0.24120071530342102,0.15201711654663086,0.28091275691986084
892,stable_old,2,0.6142292022705078,0.997018039226532,0.2405441254377365,0.15239088237285614,0.28126949071884155
892,stable_old,3,0.8491644263267517,0.9938721656799316,0.24013766646385193,0.15292349457740784,0.2816320061683655
892,stable_old,4,1.0507827997207642,0.9900475740432739,0.2399064153432846,0.15355731546878815,0.28198322653770447
892,stable_old,5,1.226098895072937,0.9857811331748962,0.239798903465271,0.15425260365009308,0.282313734292984
892,stable_old,6,1.3801449537277222,0.9812566637992859,0.2397797554731369,0.15498071908950806,0.2826187014579773
892,stable_old,7,1.5165959596633911,0.9766153693199158,0.2398250252008438,0.1557202786207199,0.2828962206840515
892,stable_old,8,1.6381804943084717,0.9719650149345398,0.23991833627223969,0.15645508468151093,0.2831460237503052
892,sustained_new,1,1.1290602684020996,0.979105532169342,0.23962658643722534,0.1516539305448532,0.2871185839176178
892,sustained_new,2,1.9961167573928833,0.9363968372344971,0.23811934888362885,0.15198718011379242,0.28702598810195923
892,sustained_new,3,2.6719634532928467,0.8896483778953552,0.2367294579744339,0.15230558812618256,0.28697896003723145
892,sustained_new,4,3.207592725753784,0.8455554246902466,0.23536403477191925,0.1525483876466751,0.2869568169116974
892,sustained_new,5,3.6393632888793945,0.8058807849884033,0.2341022938489914,0.1527518332004547,0.28694742918014526
892,sustained_new,6,3.9935672283172607,0.770590603351593,0.2330145686864853,0.15293461084365845,0.28694450855255127
892,sustained_new,7,4.289216995239258,0.7391350865364075,0.23213917016983032,0.15310122072696686,0.28694310784339905
892,sustained_new,8,4.540034294128418,0.7109102010726929,0.23148797452449799,0.15325553715229034,0.28693950176239014
892,shock_recovery,0,1.1290602684020996,0.979105532169342,0.23962658643722534,0.1516539305448532,0.2871185839176178
892,shock_recovery,1,0.9967873692512512,0.9853546619415283,0.23894016444683075,0.1513243019580841,0.28115445375442505
892,shock_recovery,2,1.013132929801941,0.9871000051498413,0.23852013051509857,0.15140943229198456,0.2815049886703491
892,shock_recovery,3,1.1061145067214966,0.9863480925559998,0.23831023275852203,0.15178216993808746,0.28183478116989136
892,shock_recovery,4,1.2274665832519531,0.9841113090515137,0.23825302720069885,0.1523440033197403,0.2821505069732666
820,stable_old,1,0.3683384656906128,0.9989787340164185,0.1679874211549759,0.4734037220478058,0.2633829116821289
820,stable_old,2,0.6708791255950928,0.9964120388031006,0.16648511588573456,0.4770081043243408,0.26306024193763733
820,stable_old,3,0.9218335747718811,0.9928857684135437,0.16520759463310242,0.47984081506729126,0.26270774006843567
820,stable_old,4,1.1317272186279297,0.9888203740119934,0.1641230434179306,0.48204949498176575,0.2623422145843506
820,stable_old,5,1.3085088729858398,0.9845126867294312,0.16320471465587616,0.48376259207725525,0.26197606325149536
820,stable_old,6,1.458306074142456,0.9801674485206604,0.16242973506450653,0.48508813977241516,0.2616177797317505
820,stable_old,7,1.5859370231628418,0.9759199023246765,0.1617783159017563,0.48611560463905334,0.26127302646636963
820,stable_old,8,1.6952544450759888,0.9718542695045471,0.1612333357334137,0.4869179129600525,0.26094526052474976
820,sustained_new,1,0.643316388130188,0.9933311343193054,0.1727011501789093,0.47837141156196594,0.15791961550712585
820,sustained_new,2,1.1756682395935059,0.9783985018730164,0.17538917064666748,0.4883002042770386,0.15993522107601166
820,sustained_new,3,1.6154389381408691,0.9602979421615601,0.1779102087020874,0.49694931507110596,0.16099633276462555
820,sustained_new,4,1.9825316667556763,0.9415333867073059,0.18024307489395142,0.5037743449211121,0.16175472736358643
820,sustained_new,5,2.293419361114502,0.9231784343719482,0.18233835697174072,0.5089114308357239,0.16250675916671753
820,sustained_new,6,2.560692548751831,0.9056290984153748,0.18416905403137207,0.5127252340316772,0.16334491968154907
820,sustained_new,7,2.793748617172241,0.8889837265014648,0.18573565781116486,0.5155850052833557,0.16427668929100037
820,sustained_new,8,2.9995810985565186,0.8732196688652039,0.18705624341964722,0.517794132232666,0.16528131067752838
820,shock_recovery,0,0.643316388130188,0.9933311343193054,0.1727011501789093,0.47837141156196594,0.15791961550712585
820,shock_recovery,1,0.767484188079834,0.992610514163971,0.1700688749551773,0.4817033112049103,0.26262760162353516
820,shock_recovery,2,0.9580617547035217,0.9901753664016724,0.1680859625339508,0.48451998829841614,0.2625000774860382
820,shock_recovery,3,1.1444045305252075,0.9868614673614502,0.16651441156864166,0.48677313327789307,0.2623768448829651
820,shock_recovery,4,1.3105465173721313,0.9831141829490662,0.1652289628982544,0.4885152578353882,0.2622131109237671
377,stable_old,1,0.37334391474723816,0.998858630657196,0.276903361082077,0.14947591722011566,0.10456795245409012
377,stable_old,2,0.7200778722763062,0.995337724685669,0.2776991128921509,0.14896196126937866,0.1080627292394638
377,stable_old,3,1.0456801652908325,0.9893419742584229,0.27821606397628784,0.14790840446949005,0.11192883551120758
377,stable_old,4,1.3543152809143066,0.9808562994003296,0.27854105830192566,0.14642666280269623,0.11614951491355896
377,stable_old,5,1.6487760543823242,0.9699627757072449,0.2787471115589142,0.14462415874004364,0.12068095803260803
377,stable_old,6,1.9305808544158936,0.9568461775779724,0.2788938581943512,0.14260776340961456,0.12545758485794067
377,stable_old,7,2.200183391571045,0.9417898654937744,0.279025673866272,0.14048267900943756,0.13039684295654297
377,stable_old,8,2.4572556018829346,0.9251571893692017,0.279170960187912,0.1383470743894577,0.13540473580360413
377,sustained_new,1,1.3779370784759521,0.9345765709877014,0.27241313457489014,0.14938315749168396,0.27507850527763367
377,sustained_new,2,2.3821728229522705,0.8509527444839478,0.27009832859039307,0.1480293720960617,0.27659401297569275
377,sustained_new,3,3.109391927719116,0.7896023392677307,0.26810798048973083,0.14583449065685272,0.2774750590324402
377,sustained_new,4,3.6390621662139893,0.7455578446388245,0.26634910702705383,0.1432952880859375,0.27798399329185486
377,sustained_new,5,4.030540466308594,0.71205735206604,0.2648806571960449,0.1407596319913864,0.2782825231552124
377,sustained_new,6,4.326232433319092,0.6847333312034607,0.2637379765510559,0.13843297958374023,0.2784542143344879
377,sustained_new,7,4.555593013763428,0.6610585451126099,0.26291853189468384,0.13641346991062164,0.2785454988479614
377,sustained_new,8,4.73865270614624,0.6396458148956299,0.2623938322067261,0.1347283273935318,0.27858471870422363
377,shock_recovery,0,1.3779370784759521,0.9345765709877014,0.27241313457489014,0.14938315749168396,0.27507850527763367
377,shock_recovery,1,1.5397024154663086,0.9389190673828125,0.27392762899398804,0.1494361162185669,0.11634548008441925
377,shock_recovery,2,1.7374699115753174,0.9390332102775574,0.2751041054725647,0.14871081709861755,0.12173551321029663
377,shock_recovery,3,1.951488733291626,0.935451090335846,0.27601462602615356,0.14733067154884338,0.1266506314277649
377,shock_recovery,4,2.1712818145751953,0.9286250472068787,0.27674180269241333,0.14544585347175598,0.131492018699646
947,stable_old,1,0.30085018277168274,0.9994457364082336,0.3775794208049774,0.24965117871761322,0.2835952639579773
947,stable_old,2,0.5418667197227478,0.9980018734931946,0.3771117627620697,0.24990570545196533,0.2833508551120758
947,stable_old,3,0.7396631240844727,0.9959297180175781,0.3765852153301239,0.2501293420791626,0.2831874489784241
947,stable_old,4,0.905857503414154,0.9934180974960327,0.3760210871696472,0.25028565526008606,0.2830803394317627
947,stable_old,5,1.0487034320831299,0.9905983805656433,0.3754381239414215,0.2503615915775299,0.28301119804382324
947,stable_old,6,1.1741539239883423,0.987558901309967,0.37485072016716003,0.250357061624527,0.28296715021133423
947,stable_old,7,1.2865608930587769,0.9843561053276062,0.37426871061325073,0.2502792179584503,0.28293895721435547
947,stable_old,8,1.3891414403915405,0.9810248017311096,0.37369799613952637,0.2501382827758789,0.28292036056518555
947,sustained_new,1,0.94001704454422,0.9860010743141174,0.3778008222579956,0.2502911388874054,0.2601582109928131
947,sustained_new,2,1.6799954175949097,0.9564157724380493,0.37732911109924316,0.2515086531639099,0.2594395875930786
947,sustained_new,3,2.2708189487457275,0.9224514961242676,0.37663716077804565,0.25295141339302063,0.258826345205307
947,sustained_new,4,2.7481446266174316,0.8889908194541931,0.3758011758327484,0.2545014023780823,0.2583215832710266
947,sustained_new,5,3.1378860473632812,0.8578860759735107,0.37491336464881897,0.2560631334781647,0.2579221725463867
947,sustained_new,6,3.4592628479003906,0.8296735286712646,0.3740595579147339,0.25756338238716125,0.2576201558113098
947,sustained_new,7,3.726738214492798,0.8043492436408997,0.37330034375190735,0.2589501738548279,0.25740474462509155
947,sustained_new,8,3.951331853866577,0.7817030549049377,0.37266793847084045,0.26019030809402466,0.25726330280303955
947,shock_recovery,0,0.94001704454422,0.9860010743141174,0.3778008222579956,0.2502911388874054,0.2601582109928131
947,shock_recovery,1,0.873124897480011,0.9894067645072937,0.3775031864643097,0.25022879242897034,0.28311678767204285
947,shock_recovery,2,0.9022548794746399,0.9904905557632446,0.3770886957645416,0.25027063488960266,0.2829481363296509
947,shock_recovery,3,0.9791481494903564,0.9901049733161926,0.3766149580478668,0.2503077983856201,0.2828478217124939
947,shock_recovery,4,1.0739786624908447,0.9887561202049255,0.3761047124862671,0.25029274821281433,0.28279274702072144
310,stable_old,1,0.3706322908401489,0.99896639585495,0.37033912539482117,0.25624483823776245,0.1947900503873825
310,stable_old,2,0.6850321888923645,0.996325671672821,0.3711797297000885,0.25627240538597107,0.1875341385602951
310,stable_old,3,0.9540905952453613,0.992626428604126,0.37199875712394714,0.25624677538871765,0.18133078515529633
310,stable_old,4,1.1861437559127808,0.9882599115371704,0.3728052079677582,0.25617721676826477,0.1760687232017517
310,stable_old,5,1.3876948356628418,0.9834996461868286,0.37359681725502014,0.2560729384422302,0.17162176966667175
310,stable_old,6,1.563877820968628,0.9785363078117371,0.37436702847480774,0.255942165851593,0.16786807775497437
310,stable_old,7,1.718785047531128,0.9735013246536255,0.3751082718372345,0.25579193234443665,0.16469930112361908
310,stable_old,8,1.8557026386260986,0.968486487865448,0.3758157789707184,0.25562727451324463,0.16201354563236237
310,sustained_new,1,0.7806824445724487,0.988925576210022,0.3736645579338074,0.25591328740119934,0.24824702739715576
310,sustained_new,2,1.4065130949020386,0.966415286064148,0.3764497637748718,0.2551363408565521,0.2483624964952469
310,sustained_new,3,1.912185549736023,0.9411993026733398,0.3784100413322449,0.2542089521884918,0.24827910959720612
310,sustained_new,4,2.3246655464172363,0.9165867567062378,0.3797984719276428,0.2532848119735718,0.24807481467723846
310,sustained_new,5,2.6650142669677734,0.8936178088188171,0.38073107600212097,0.2524050772190094,0.24782133102416992
310,sustained_new,6,2.949589252471924,0.8724536299705505,0.3812826871871948,0.25156742334365845,0.2475660741329193
310,sustained_new,7,3.190974712371826,0.8529486060142517,0.3815131187438965,0.2507581412792206,0.24733680486679077
310,sustained_new,8,3.3987436294555664,0.8348819613456726,0.3814743161201477,0.24996517598628998,0.24714705348014832
310,shock_recovery,0,0.7806824445724487,0.988925576210022,0.3736645579338074,0.25591328740119934,0.24824702739715576
310,shock_recovery,1,0.9035859704017639,0.9889266490936279,0.37449148297309875,0.25586819648742676,0.19646558165550232
310,shock_recovery,2,1.0874080657958984,0.9869109988212585,0.3751790225505829,0.25579825043678284,0.18991445004940033
310,shock_recovery,3,1.2779021263122559,0.9836422801017761,0.37579065561294556,0.25569388270378113,0.18406304717063904
310,shock_recovery,4,1.456534504890442,0.9796261191368103,0.37635529041290283,0.25555717945098877,0.17896732687950134
845,stable_old,1,0.3822786211967468,0.9994869232177734,0.2094017118215561,0.22613131999969482,0.17373639345169067
845,stable_old,2,0.7035478949546814,0.9980117082595825,0.20958323776721954,0.22674541175365448,0.17309141159057617
845,stable_old,3,0.9770784378051758,0.9956592321395874,0.20988787710666656,0.22746042907238007,0.1721491813659668
845,stable_old,4,1.213334560394287,0.9925124645233154,0.21028412878513336,0.2282201498746872,0.17098547518253326
845,stable_old,5,1.4203869104385376,0.9886556267738342,0.21074949204921722,0.22899293899536133,0.16964159905910492
845,stable_old,6,1.6043872833251953,0.9841743111610413,0.21126817166805267,0.229762002825737,0.16814133524894714
845,stable_old,7,1.7699978351593018,0.979152500629425,0.2118288278579712,0.2305196225643158,0.16650056838989258
845,stable_old,8,1.9207414388656616,0.9736709594726562,0.212423175573349,0.23126374185085297,0.16473230719566345
845,sustained_new,1,0.6094537377357483,0.9943879246711731,0.20815563201904297,0.2223142385482788,0.19007635116577148
845,sustained_new,2,1.1112253665924072,0.9825391173362732,0.20730066299438477,0.22014078497886658,0.19462651014328003
845,sustained_new,3,1.536922812461853,0.9676814079284668,0.2066677212715149,0.21837346255779266,0.19898536801338196
845,sustained_new,4,1.9090147018432617,0.9507243633270264,0.20616133511066437,0.21656644344329834,0.20326915383338928
845,sustained_new,5,2.2422492504119873,0.932009220123291,0.2057274729013443,0.21450525522232056,0.20754548907279968
845,sustained_new,6,2.5456395149230957,0.9118295311927795,0.20533524453639984,0.21210914850234985,0.2118281126022339
845,sustained_new,7,2.8243558406829834,0.8905471563339233,0.20496314764022827,0.209370419383049,0.21608802676200867
845,sustained_new,8,3.0812594890594482,0.8685762882232666,0.20459236204624176,0.2063205987215042,0.22027131915092468
845,shock_recovery,0,0.6094537377357483,0.9943879246711731,0.20815563201904297,0.2223142385482788,0.19007635116577148
845,shock_recovery,1,0.8041723370552063,0.9950770139694214,0.20822615921497345,0.22289912402629852,0.18194341659545898
845,shock_recovery,2,1.0234816074371338,0.9943045973777771,0.2084195613861084,0.2235749363899231,0.18086621165275574
845,shock_recovery,3,1.2293270826339722,0.9924312829971313,0.2087002545595169,0.224277064204216,0.17969563603401184
845,shock_recovery,4,1.4153645038604736,0.9896887540817261,0.20904463529586792,0.22497360408306122,0.17844167351722717
499,stable_old,1,0.17793811857700348,0.999657392501831,0.17412783205509186,0.2482103407382965,0.040365517139434814
499,stable_old,2,0.34924158453941345,0.9986468553543091,0.17384599149227142,0.24678874015808105,0.04038992151618004
499,stable_old,3,0.5146170854568481,0.9970190525054932,0.17358624935150146,0.24537146091461182,0.04041270166635513
499,stable_old,4,0.6746410131454468,0.9948469400405884,0.1733454167842865,0.24397537112236023,0.04043278098106384
499,stable_old,5,0.8297669887542725,0.9922172427177429,0.17312084138393402,0.24261346459388733,0.04044943302869797
499,stable_old,6,0.9803419709205627,0.9892212748527527,0.17291045188903809,0.24129502475261688,0.04046221822500229
499,stable_old,7,1.1266260147094727,0.9859487414360046,0.17271268367767334,0.24002647399902344,0.040470901876688004
499,stable_old,8,1.268811821937561,0.9824819564819336,0.1725262552499771,0.238811656832695,0.04047545790672302
499,sustained_new,1,0.957129180431366,0.8999179601669312,0.17356222867965698,0.24657048285007477,0.12536317110061646
499,sustained_new,2,1.7725740671157837,0.8148853778839111,0.17297516763210297,0.24197889864444733,0.1367812305688858
499,sustained_new,3,2.452446460723877,0.7699266076087952,0.17245325446128845,0.23706981539726257,0.14743834733963013
499,sustained_new,4,3.0127806663513184,0.7454887628555298,0.1719456911087036,0.23264829814434052,0.15716302394866943
499,sustained_new,5,3.47257661819458,0.731170117855072,0.17147469520568848,0.2290274053812027,0.16590169072151184
499,sustained_new,6,3.8502562046051025,0.7217664122581482,0.17106157541275024,0.22621208429336548,0.17368300259113312
499,sustained_new,7,4.161896705627441,0.7145382761955261,0.17071188986301422,0.22407850623130798,0.1805799901485443
499,sustained_new,8,4.420581817626953,0.7080258727073669,0.17042307555675507,0.22248271107673645,0.18667854368686676
499,shock_recovery,0,0.957129180431366,0.8999179601669312,0.17356222867965698,0.24657048285007477,0.12536317110061646
499,shock_recovery,1,1.0241814851760864,0.9170374274253845,0.17334900796413422,0.24495473504066467,0.04189338535070419
499,shock_recovery,2,1.1062730550765991,0.9297106266021729,0.1731424331665039,0.24336886405944824,0.041683096438646317
499,shock_recovery,3,1.1988271474838257,0.9390057325363159,0.17294296622276306,0.24183140695095062,0.04158954694867134
499,shock_recovery,4,1.2985020875930786,0.9456830620765686,0.1727503091096878,0.24035240709781647,0.04155159369111061
436,stable_old,1,0.3539223074913025,0.9989593625068665,0.2635071575641632,0.419410765171051,0.2914678454399109
436,stable_old,2,0.6571336388587952,0.9960847496986389,0.2633346915245056,0.42198285460472107,0.2914384603500366
436,stable_old,3,0.923980176448822,0.991703987121582,0.26302027702331543,0.4237743020057678,0.29141631722450256
436,stable_old,4,1.1636205911636353,0.986100971698761,0.26262643933296204,0.42495137453079224,0.29140037298202515
436,stable_old,5,1.3819226026535034,0.9795250296592712,0.26219242811203003,0.4256475269794464,0.291389524936676
436,stable_old,6,1.582718849182129,0.972194492816925,0.2617435157299042,0.42597007751464844,0.29138273000717163
436,stable_old,7,1.768607497215271,0.9642983078956604,0.2612961530685425,0.42600440979003906,0.29137903451919556
436,stable_old,8,1.9414417743682861,0.9559969305992126,0.2608609199523926,0.4258185625076294,0.2913776636123657
436,sustained_new,1,1.5142693519592285,0.9624102711677551,0.2593946158885956,0.437779039144516,0.25584307312965393
436,sustained_new,2,2.649400472640991,0.8827149271965027,0.2537602484226227,0.4500509798526764,0.25563162565231323
436,sustained_new,3,3.511507987976074,0.7975828647613525,0.2503572702407837,0.4563213288784027,0.25503337383270264
436,sustained_new,4,4.180065155029297,0.7207379341125488,0.24864161014556885,0.4596835672855377,0.2550429403781891
436,sustained_new,5,4.710115432739258,0.6544116139411926,0.2476101666688919,0.46127840876579285,0.2555944323539734
436,sustained_new,6,5.138431549072266,0.597649097442627,0.2467622011899948,0.4616481065750122,0.256434828042984
436,sustained_new,7,5.489355087280273,0.5491012334823608,0.24596896767616272,0.46127697825431824,0.25736892223358154
436,sustained_new,8,5.779215335845947,0.5076212882995605,0.24523957073688507,0.46057069301605225,0.25827017426490784
436,shock_recovery,0,1.5142693519592285,0.9624102711677551,0.2593946158885956,0.437779039144516,0.25584307312965393
436,shock_recovery,1,1.2946957349777222,0.9731292128562927,0.26090294122695923,0.4368351697921753,0.2917204201221466
436,shock_recovery,2,1.2461576461791992,0.9770015478134155,0.2616301476955414,0.43563610315322876,0.2916741669178009
436,shock_recovery,3,1.3110380172729492,0.9767536520957947,0.26189154386520386,0.43446964025497437,0.29163169860839844
436,shock_recovery,4,1.437194585800171,0.9737603068351746,0.2618771493434906,0.433380126953125,0.2915950417518616
