persona_id,category,matched_in_32k,block_rank,start_message_idx,normalized_rank,n_matched_blocks_persona,n_raw_blocks_persona
15,independent_or_other,True,44.0,155.0,0.5945945945945946,75,101
15,ask_to_forget,True,45.0,157.0,0.6081081081081081,75,101
15,independent_or_other,True,54.0,187.0,0.7297297297297297,75,101
15,independent_or_other,True,18.0,67.0,0.24324324324324326,75,101
15,independent_or_other,True,26.0,95.0,0.35135135135135137,75,101
15,independent_or_other,False,,,,75,101
15,ask_to_forget,False,,,,75,101
15,independent_or_other,True,1.0,3.0,0.013513513513513514,75,101
15,ask_to_forget,False,,,,75,101
15,ask_to_forget,True,32.0,115.0,0.43243243243243246,75,101
15,independent_or_other,True,10.0,39.0,0.13513513513513514,75,101
15,ask_to_forget,True,11.0,41.0,0.14864864864864866,75,101
15,independent_or_other,True,15.0,55.0,0.20270270270270271,75,101
15,ask_to_forget,True,16.0,59.0,0.21621621621621623,75,101
15,independent_or_other,True,51.0,179.0,0.6891891891891891,75,101
15,ask_to_forget,True,52.0,181.0,0.7027027027027027,75,101
15,independent_or_other,True,6.0,19.0,0.08108108108108109,75,101
15,ask_to_forget,True,7.0,25.0,0.0945945945945946,75,101
15,independent_or_other,True,4.0,11.0,0.05405405405405406,75,101
15,ask_to_forget,True,5.0,15.0,0.06756756756756757,75,101
15,independent_or_other,True,55.0,189.0,0.7432432432432432,75,101
15,independent_or_other,True,50.0,177.0,0.6756756756756757,75,101
15,ask_to_forget,False,,,,75,101
15,ask_to_forget,False,,,,75,101
15,independent_or_other,True,24.0,87.0,0.32432432432432434,75,101
15,ask_to_forget,True,25.0,91.0,0.33783783783783783,75,101
15,independent_or_other,True,9.0,33.0,0.12162162162162163,75,101
15,independent_or_other,True,58.0,199.0,0.7837837837837838,75,101
15,ask_to_forget,True,59.0,201.0,0.7972972972972973,75,101
15,independent_or_other,True,12.0,45.0,0.16216216216216217,75,101
15,ask_to_forget,True,13.0,49.0,0.17567567567567569,75,101
15,independent_or_other,True,28.0,101.0,0.3783783783783784,75,101
15,ask_to_forget,True,29.0,105.0,0.3918918918918919,75,101
15,independent_or_other,True,47.0,165.0,0.6351351351351351,75,101
15,ask_to_forget,True,48.0,169.0,0.6486486486486487,75,101
15,independent_or_other,True,53.0,185.0,0.7162162162162162,75,101
15,independent_or_other,True,19.0,71.0,0.25675675675675674,75,101
15,ask_to_forget,True,20.0,73.0,0.2702702702702703,75,101
15,independent_or_other,False,,,,75,101
15,independent_or_other,True,17.0,63.0,0.22972972972972974,75,101
15,independent_or_other,True,27.0,99.0,0.36486486486486486,75,101
15,independent_or_other,True,42.0,147.0,0.5675675675675675,75,101
15,ask_to_forget,True,43.0,151.0,0.581081081081081,75,101
15,independent_or_other,True,36.0,129.0,0.4864864864864865,75,101
15,ask_to_forget,True,37.0,131.0,0.5,75,101
15,independent_or_other,True,33.0,119.0,0.44594594594594594,75,101
15,ask_to_forget,True,34.0,123.0,0.4594594594594595,75,101
15,independent_or_other,True,46.0,161.0,0.6216216216216216,75,101
15,independent_or_other,True,35.0,127.0,0.47297297297297297,75,101
15,independent_or_other,False,,,,75,101
15,independent_or_other,False,,,,75,101
15,native_update,True,60.0,205.0,0.8108108108108109,75,101
15,native_update,True,61.0,207.0,0.8243243243243243,75,101
15,native_update,True,62.0,209.0,0.8378378378378378,75,101
15,native_update,False,,,,75,101
15,independent_or_other,True,30.0,109.0,0.40540540540540543,75,101
15,native_update,True,71.0,231.0,0.9594594594594594,75,101
15,native_update,False,,,,75,101
15,native_update,False,,,,75,101
15,independent_or_other,True,2.0,5.0,0.02702702702702703,75,101
15,ask_to_forget,True,3.0,7.0,0.04054054054054054,75,101
15,native_update,False,,,,75,101
15,native_update,True,63.0,213.0,0.8513513513513513,75,101
15,independent_or_other,True,14.0,53.0,0.1891891891891892,75,101
15,independent_or_other,True,31.0,111.0,0.4189189189189189,75,101
15,independent_or_other,True,23.0,85.0,0.3108108108108108,75,101
15,independent_or_other,True,8.0,29.0,0.10810810810810811,75,101
15,native_update,False,,,,75,101
15,native_update,False,,,,75,101
15,native_update,False,,,,75,101
15,independent_or_other,True,41.0,143.0,0.5540540540540541,75,101
15,independent_or_other,True,0.0,1.0,0.0,75,101
15,native_update,True,74.0,239.0,1.0,75,101
15,native_update,False,,,,75,101
15,native_update,True,72.0,233.0,0.972972972972973,75,101
15,independent_or_other,True,21.0,77.0,0.28378378378378377,75,101
15,independent_or_other,True,38.0,135.0,0.5135135135135135,75,101
15,native_update,False,,,,75,101
15,native_update,True,64.0,215.0,0.8648648648648649,75,101
15,native_update,True,65.0,217.0,0.8783783783783784,75,101
15,native_update,True,73.0,235.0,0.9864864864864865,75,101
15,independent_or_other,True,39.0,137.0,0.527027027027027,75,101
15,native_update,False,,,,75,101
15,native_update,True,66.0,219.0,0.8918918918918919,75,101
15,native_update,False,,,,75,101
15,independent_or_other,True,56.0,193.0,0.7567567567567568,75,101
15,ask_to_forget,True,57.0,195.0,0.7702702702702703,75,101
15,native_update,False,,,,75,101
15,native_update,True,70.0,229.0,0.9459459459459459,75,101
15,native_update,False,,,,75,101
15,native_update,False,,,,75,101
15,native_update,False,,,,75,101
15,native_update,True,67.0,221.0,0.9054054054054054,75,101
15,native_update,True,68.0,223.0,0.918918918918919,75,101
15,native_update,True,69.0,227.0,0.9324324324324325,75,101
15,independent_or_other,True,40.0,139.0,0.5405405405405406,75,101
15,independent_or_other,True,49.0,175.0,0.6621621621621622,75,101
15,independent_or_other,True,22.0,81.0,0.2972972972972973,75,101
15,native_update,False,,,,75,101
15,independent_or_other,False,,,,75,101
15,independent_or_other,False,,,,75,101
48,independent_or_other,True,13.0,47.0,0.18571428571428572,71,82
48,ask_to_forget,True,14.0,49.0,0.2,71,82
48,independent_or_other,True,10.0,35.0,0.14285714285714285,71,82
48,ask_to_forget,False,,,,71,82
48,independent_or_other,True,36.0,113.0,0.5142857142857142,71,82
48,independent_or_other,True,31.0,99.0,0.44285714285714284,71,82
48,independent_or_other,True,27.0,89.0,0.38571428571428573,71,82
48,independent_or_other,True,11.0,41.0,0.15714285714285714,71,82
48,ask_to_forget,True,12.0,43.0,0.17142857142857143,71,82
48,independent_or_other,True,51.0,163.0,0.7285714285714285,71,82
48,ask_to_forget,True,52.0,165.0,0.7428571428571429,71,82
48,independent_or_other,True,17.0,59.0,0.24285714285714285,71,82
48,ask_to_forget,True,18.0,61.0,0.2571428571428571,71,82
48,independent_or_other,True,1.0,3.0,0.014285714285714285,71,82
48,ask_to_forget,True,2.0,5.0,0.02857142857142857,71,82
48,independent_or_other,True,19.0,65.0,0.2714285714285714,71,82
48,ask_to_forget,True,20.0,69.0,0.2857142857142857,71,82
48,independent_or_other,True,38.0,121.0,0.5428571428571428,71,82
48,independent_or_other,True,15.0,53.0,0.21428571428571427,71,82
48,ask_to_forget,True,16.0,55.0,0.22857142857142856,71,82
48,independent_or_other,True,7.0,25.0,0.1,71,82
48,independent_or_other,True,25.0,83.0,0.35714285714285715,71,82
48,ask_to_forget,True,26.0,85.0,0.37142857142857144,71,82
48,independent_or_other,True,44.0,139.0,0.6285714285714286,71,82
48,independent_or_other,True,30.0,97.0,0.42857142857142855,71,82
48,independent_or_other,True,35.0,111.0,0.5,71,82
48,independent_or_other,True,41.0,129.0,0.5857142857142857,71,82
48,ask_to_forget,True,42.0,133.0,0.6,71,82
48,independent_or_other,True,40.0,125.0,0.5714285714285714,71,82
48,independent_or_other,False,,,,71,82
48,independent_or_other,True,33.0,103.0,0.4714285714285714,71,82
48,ask_to_forget,True,34.0,107.0,0.4857142857142857,71,82
48,independent_or_other,True,4.0,13.0,0.05714285714285714,71,82
48,independent_or_other,True,6.0,23.0,0.08571428571428572,71,82
48,independent_or_other,True,8.0,29.0,0.11428571428571428,71,82
48,independent_or_other,True,39.0,123.0,0.5571428571428572,71,82
48,independent_or_other,True,21.0,73.0,0.3,71,82
48,ask_to_forget,True,22.0,75.0,0.3142857142857143,71,82
48,native_update,True,66.0,200.0,0.9428571428571428,71,82
48,native_update,True,54.0,171.0,0.7714285714285715,71,82
48,native_update,True,55.0,173.0,0.7857142857142857,71,82
48,native_update,True,56.0,175.0,0.8,71,82
48,independent_or_other,True,49.0,157.0,0.7,71,82
48,ask_to_forget,True,50.0,159.0,0.7142857142857143,71,82
48,native_update,True,57.0,177.0,0.8142857142857143,71,82
48,independent_or_other,True,24.0,81.0,0.34285714285714286,71,82
48,native_update,False,,,,71,82
48,independent_or_other,True,28.0,91.0,0.4,71,82
48,ask_to_forget,True,29.0,93.0,0.4142857142857143,71,82
48,native_update,True,58.0,181.0,0.8285714285714286,71,82
48,native_update,True,70.0,210.0,1.0,71,82
48,native_update,False,,,,71,82
48,native_update,True,59.0,184.0,0.8428571428571429,71,82
48,native_update,True,60.0,186.0,0.8571428571428571,71,82
48,native_update,False,,,,71,82
48,independent_or_other,True,5.0,15.0,0.07142857142857142,71,82
48,native_update,True,67.0,202.0,0.9571428571428572,71,82
48,native_update,True,61.0,188.0,0.8714285714285714,71,82
48,independent_or_other,True,47.0,149.0,0.6714285714285714,71,82
48,ask_to_forget,True,48.0,153.0,0.6857142857142857,71,82
48,native_update,True,62.0,190.0,0.8857142857142857,71,82
48,native_update,False,,,,71,82
48,independent_or_other,True,32.0,101.0,0.45714285714285713,71,82
48,independent_or_other,True,0.0,1.0,0.0,71,82
48,independent_or_other,True,23.0,79.0,0.32857142857142857,71,82
48,independent_or_other,True,45.0,141.0,0.6428571428571429,71,82
48,independent_or_other,True,37.0,117.0,0.5285714285714286,71,82
48,independent_or_other,True,9.0,31.0,0.12857142857142856,71,82
48,ask_to_forget,True,46.0,145.0,0.6571428571428571,71,82
48,native_update,True,65.0,198.0,0.9285714285714286,71,82
48,native_update,False,,,,71,82
48,independent_or_other,True,3.0,9.0,0.04285714285714286,71,82
48,native_update,False,,,,71,82
48,native_update,True,64.0,194.0,0.9142857142857143,71,82
48,native_update,True,63.0,192.0,0.9,71,82
48,native_update,False,,,,71,82
48,native_update,True,69.0,208.0,0.9857142857142858,71,82
48,native_update,True,68.0,204.0,0.9714285714285714,71,82
48,independent_or_other,True,43.0,137.0,0.6142857142857143,71,82
48,independent_or_other,True,53.0,169.0,0.7571428571428571,71,82
48,ask_to_forget,False,,,,71,82
48,independent_or_other,False,,,,71,82
52,independent_or_other,True,20.0,69.0,0.2631578947368421,77,83
52,ask_to_forget,True,21.0,71.0,0.27631578947368424,77,83
52,independent_or_other,True,36.0,121.0,0.47368421052631576,77,83
52,ask_to_forget,True,37.0,123.0,0.4868421052631579,77,83
52,independent_or_other,False,,,,77,83
52,independent_or_other,True,2.0,7.0,0.02631578947368421,77,83
52,ask_to_forget,True,3.0,11.0,0.039473684210526314,77,83
52,ask_to_forget,True,75.0,229.0,0.9868421052631579,77,83
52,independent_or_other,True,13.0,45.0,0.17105263157894737,77,83
52,ask_to_forget,True,14.0,49.0,0.18421052631578946,77,83
52,independent_or_other,False,,,,77,83
52,independent_or_other,True,15.0,53.0,0.19736842105263158,77,83
52,ask_to_forget,True,16.0,57.0,0.21052631578947367,77,83
52,independent_or_other,True,4.0,15.0,0.05263157894736842,77,83
52,ask_to_forget,True,5.0,19.0,0.06578947368421052,77,83
52,independent_or_other,True,24.0,81.0,0.3157894736842105,77,83
52,ask_to_forget,True,25.0,83.0,0.32894736842105265,77,83
52,independent_or_other,True,47.0,151.0,0.618421052631579,77,83
52,independent_or_other,False,,,,77,83
52,independent_or_other,True,22.0,75.0,0.2894736842105263,77,83
52,ask_to_forget,True,23.0,77.0,0.3026315789473684,77,83
52,independent_or_other,True,28.0,91.0,0.3684210526315789,77,83
52,ask_to_forget,True,29.0,95.0,0.3815789473684211,77,83
52,independent_or_other,True,32.0,107.0,0.42105263157894735,77,83
52,ask_to_forget,True,33.0,109.0,0.4342105263157895,77,83
52,independent_or_other,True,52.0,169.0,0.6842105263157895,77,83
52,ask_to_forget,True,53.0,171.0,0.6973684210526315,77,83
52,independent_or_other,True,8.0,31.0,0.10526315789473684,77,83
52,ask_to_forget,True,9.0,33.0,0.11842105263157894,77,83
52,independent_or_other,False,,,,77,83
52,independent_or_other,True,11.0,39.0,0.14473684210526316,77,83
52,ask_to_forget,True,12.0,41.0,0.15789473684210525,77,83
52,independent_or_other,True,34.0,113.0,0.4473684210526316,77,83
52,ask_to_forget,True,35.0,117.0,0.4605263157894737,77,83
52,independent_or_other,True,27.0,89.0,0.35526315789473684,77,83
52,independent_or_other,True,19.0,67.0,0.25,77,83
52,independent_or_other,True,45.0,145.0,0.5921052631578947,77,83
52,ask_to_forget,True,46.0,147.0,0.6052631578947368,77,83
52,independent_or_other,True,40.0,131.0,0.5263157894736842,77,83
52,ask_to_forget,True,76.0,233.0,1.0,77,83
52,independent_or_other,True,38.0,127.0,0.5,77,83
52,independent_or_other,True,6.0,23.0,0.07894736842105263,77,83
52,ask_to_forget,True,7.0,27.0,0.09210526315789473,77,83
52,independent_or_other,True,1.0,3.0,0.013157894736842105,77,83
52,independent_or_other,True,10.0,37.0,0.13157894736842105,77,83
52,independent_or_other,False,,,,77,83
52,independent_or_other,False,,,,77,83
52,ask_to_forget,True,18.0,63.0,0.23684210526315788,77,83
52,independent_or_other,True,50.0,161.0,0.6578947368421053,77,83
52,ask_to_forget,True,51.0,165.0,0.6710526315789473,77,83
52,independent_or_other,True,30.0,99.0,0.39473684210526316,77,83
52,ask_to_forget,True,31.0,103.0,0.40789473684210525,77,83
52,native_update,True,55.0,179.0,0.7236842105263158,77,83
52,independent_or_other,True,26.0,87.0,0.34210526315789475,77,83
52,independent_or_other,True,44.0,141.0,0.5789473684210527,77,83
52,independent_or_other,True,43.0,139.0,0.5657894736842105,77,83
52,native_update,True,72.0,221.0,0.9473684210526315,77,83
52,native_update,True,56.0,181.0,0.7368421052631579,77,83
52,independent_or_other,True,17.0,61.0,0.2236842105263158,77,83
52,native_update,True,73.0,225.0,0.9605263157894737,77,83
52,native_update,True,57.0,185.0,0.75,77,83
52,independent_or_other,True,41.0,133.0,0.5394736842105263,77,83
52,ask_to_forget,True,42.0,135.0,0.5526315789473685,77,83
52,native_update,True,58.0,187.0,0.7631578947368421,77,83
52,native_update,True,59.0,189.0,0.7763157894736842,77,83
52,native_update,True,60.0,193.0,0.7894736842105263,77,83
52,native_update,True,61.0,197.0,0.8026315789473685,77,83
52,native_update,True,74.0,227.0,0.9736842105263158,77,83
52,independent_or_other,True,54.0,175.0,0.7105263157894737,77,83
52,independent_or_other,True,48.0,153.0,0.631578947368421,77,83
52,ask_to_forget,True,49.0,157.0,0.6447368421052632,77,83
52,native_update,True,62.0,199.0,0.8157894736842105,77,83
52,native_update,True,63.0,201.0,0.8289473684210527,77,83
52,native_update,True,64.0,205.0,0.8421052631578947,77,83
52,native_update,True,65.0,207.0,0.8552631578947368,77,83
52,native_update,True,66.0,209.0,0.868421052631579,77,83
52,native_update,True,67.0,211.0,0.881578947368421,77,83
52,native_update,True,68.0,213.0,0.8947368421052632,77,83
52,independent_or_other,True,39.0,129.0,0.5131578947368421,77,83
52,native_update,True,70.0,217.0,0.9210526315789473,77,83
52,native_update,True,69.0,215.0,0.9078947368421053,77,83
52,native_update,True,71.0,219.0,0.9342105263157895,77,83
52,independent_or_other,True,0.0,1.0,0.0,77,83
54,independent_or_other,True,56.0,177.0,0.7272727272727273,78,98
54,ask_to_forget,True,57.0,181.0,0.7402597402597403,78,98
54,independent_or_other,True,6.0,21.0,0.07792207792207792,78,98
54,independent_or_other,True,7.0,23.0,0.09090909090909091,78,98
54,ask_to_forget,True,8.0,25.0,0.1038961038961039,78,98
54,independent_or_other,True,9.0,29.0,0.11688311688311688,78,98
54,independent_or_other,True,2.0,7.0,0.025974025974025976,78,98
54,independent_or_other,True,49.0,155.0,0.6363636363636364,78,98
54,ask_to_forget,True,50.0,159.0,0.6493506493506493,78,98
54,independent_or_other,True,10.0,31.0,0.12987012987012986,78,98
54,independent_or_other,True,41.0,129.0,0.5324675324675324,78,98
54,independent_or_other,True,0.0,1.0,0.0,78,98
54,independent_or_other,True,55.0,173.0,0.7142857142857143,78,98
54,independent_or_other,False,,,,78,98
54,ask_to_forget,False,,,,78,98
54,independent_or_other,True,31.0,95.0,0.4025974025974026,78,98
54,ask_to_forget,True,32.0,97.0,0.4155844155844156,78,98
54,independent_or_other,True,24.0,67.0,0.3116883116883117,78,98
54,ask_to_forget,True,52.0,165.0,0.6753246753246753,78,98
54,independent_or_other,True,29.0,87.0,0.37662337662337664,78,98
54,ask_to_forget,True,30.0,91.0,0.38961038961038963,78,98
54,independent_or_other,True,44.0,141.0,0.5714285714285714,78,98
54,ask_to_forget,True,45.0,143.0,0.5844155844155844,78,98
54,independent_or_other,True,37.0,113.0,0.4805194805194805,78,98
54,ask_to_forget,True,38.0,119.0,0.4935064935064935,78,98
54,independent_or_other,True,14.0,41.0,0.18181818181818182,78,98
54,ask_to_forget,True,15.0,43.0,0.19480519480519481,78,98
54,independent_or_other,True,27.0,77.0,0.35064935064935066,78,98
54,ask_to_forget,True,28.0,83.0,0.36363636363636365,78,98
54,independent_or_other,True,17.0,49.0,0.22077922077922077,78,98
54,independent_or_other,False,,,,78,98
54,ask_to_forget,False,,,,78,98
54,independent_or_other,True,12.0,35.0,0.15584415584415584,78,98
54,ask_to_forget,True,13.0,37.0,0.16883116883116883,78,98
54,independent_or_other,True,20.0,55.0,0.2597402597402597,78,98
54,ask_to_forget,True,21.0,57.0,0.2727272727272727,78,98
54,independent_or_other,True,22.0,61.0,0.2857142857142857,78,98
54,independent_or_other,False,,,,78,98
54,independent_or_other,False,,,,78,98
54,independent_or_other,True,3.0,13.0,0.03896103896103896,78,98
54,independent_or_other,True,42.0,133.0,0.5454545454545454,78,98
54,ask_to_forget,True,43.0,137.0,0.5584415584415584,78,98
54,independent_or_other,True,59.0,187.0,0.7662337662337663,78,98
54,ask_to_forget,True,60.0,191.0,0.7792207792207793,78,98
54,independent_or_other,True,62.0,202.0,0.8051948051948052,78,98
54,independent_or_other,True,39.0,123.0,0.5064935064935064,78,98
54,ask_to_forget,True,40.0,125.0,0.5194805194805194,78,98
54,independent_or_other,True,16.0,47.0,0.2077922077922078,78,98
54,ask_to_forget,False,,,,78,98
54,independent_or_other,True,35.0,105.0,0.45454545454545453,78,98
54,ask_to_forget,True,36.0,109.0,0.4675324675324675,78,98
54,independent_or_other,True,18.0,51.0,0.23376623376623376,78,98
54,independent_or_other,False,,,,78,98
54,native_update,True,63.0,204.0,0.8181818181818182,78,98
54,native_update,False,,,,78,98
54,native_update,True,64.0,208.0,0.8311688311688312,78,98
54,native_update,True,65.0,210.0,0.8441558441558441,78,98
54,native_update,True,73.0,234.0,0.948051948051948,78,98
54,independent_or_other,True,46.0,147.0,0.5974025974025974,78,98
54,ask_to_forget,True,47.0,149.0,0.6103896103896104,78,98
54,native_update,True,77.0,244.0,1.0,78,98
54,independent_or_other,False,,,,78,98
54,independent_or_other,True,19.0,53.0,0.24675324675324675,78,98
54,independent_or_other,True,33.0,101.0,0.42857142857142855,78,98
54,independent_or_other,True,1.0,3.0,0.012987012987012988,78,98
54,independent_or_other,True,54.0,171.0,0.7012987012987013,78,98
54,independent_or_other,True,53.0,169.0,0.6883116883116883,78,98
54,ask_to_forget,False,,,,78,98
54,independent_or_other,True,25.0,69.0,0.3246753246753247,78,98
54,ask_to_forget,True,26.0,73.0,0.33766233766233766,78,98
54,native_update,True,66.0,214.0,0.8571428571428571,78,98
54,native_update,False,,,,78,98
54,native_update,False,,,,78,98
54,native_update,False,,,,78,98
54,native_update,True,74.0,236.0,0.961038961038961,78,98
54,native_update,False,,,,78,98
54,native_update,False,,,,78,98
54,independent_or_other,True,11.0,33.0,0.14285714285714285,78,98
54,native_update,False,,,,78,98
54,native_update,True,67.0,216.0,0.8701298701298701,78,98
54,native_update,True,68.0,218.0,0.8831168831168831,78,98
54,native_update,True,69.0,222.0,0.8961038961038961,78,98
54,native_update,True,75.0,238.0,0.974025974025974,78,98
54,native_update,True,70.0,226.0,0.9090909090909091,78,98
54,independent_or_other,True,51.0,163.0,0.6623376623376623,78,98
54,native_update,True,71.0,230.0,0.922077922077922,78,98
54,native_update,True,76.0,242.0,0.987012987012987,78,98
54,native_update,True,72.0,232.0,0.935064935064935,78,98
54,independent_or_other,False,,,,78,98
54,ask_to_forget,False,,,,78,98
54,independent_or_other,True,48.0,153.0,0.6233766233766234,78,98
54,independent_or_other,True,58.0,185.0,0.7532467532467533,78,98
54,independent_or_other,True,61.0,198.0,0.7922077922077922,78,98
54,independent_or_other,True,34.0,103.0,0.44155844155844154,78,98
54,independent_or_other,True,23.0,63.0,0.2987012987012987,78,98
54,independent_or_other,True,4.0,15.0,0.05194805194805195,78,98
54,ask_to_forget,True,5.0,17.0,0.06493506493506493,78,98
54,independent_or_other,False,,,,78,98
69,independent_or_other,True,44.0,155.0,0.5432098765432098,82,108
69,ask_to_forget,True,45.0,157.0,0.5555555555555556,82,108
69,independent_or_other,False,,,,82,108
69,ask_to_forget,False,,,,82,108
69,independent_or_other,True,14.0,53.0,0.1728395061728395,82,108
69,ask_to_forget,True,15.0,57.0,0.18518518518518517,82,108
69,ask_to_forget,False,,,,82,108
69,independent_or_other,True,27.0,97.0,0.3333333333333333,82,108
69,ask_to_forget,True,28.0,103.0,0.345679012345679,82,108
69,independent_or_other,True,40.0,141.0,0.49382716049382713,82,108
69,ask_to_forget,True,41.0,145.0,0.5061728395061729,82,108
69,independent_or_other,True,29.0,107.0,0.35802469135802467,82,108
69,ask_to_forget,True,30.0,109.0,0.37037037037037035,82,108
69,independent_or_other,True,4.0,17.0,0.04938271604938271,82,108
69,independent_or_other,True,16.0,61.0,0.19753086419753085,82,108
69,ask_to_forget,True,17.0,63.0,0.20987654320987653,82,108
69,independent_or_other,True,47.0,163.0,0.5802469135802469,82,108
69,ask_to_forget,True,48.0,167.0,0.5925925925925926,82,108
69,independent_or_other,True,58.0,200.0,0.7160493827160493,82,108
69,independent_or_other,True,49.0,171.0,0.6049382716049383,82,108
69,independent_or_other,True,39.0,137.0,0.48148148148148145,82,108
69,ask_to_forget,False,,,,82,108
69,independent_or_other,True,56.0,196.0,0.691358024691358,82,108
69,independent_or_other,True,50.0,175.0,0.6172839506172839,82,108
69,ask_to_forget,True,51.0,179.0,0.6296296296296297,82,108
69,independent_or_other,False,,,,82,108
69,independent_or_other,False,,,,82,108
69,independent_or_other,True,60.0,208.0,0.7407407407407407,82,108
69,independent_or_other,True,37.0,129.0,0.4567901234567901,82,108
69,ask_to_forget,True,38.0,133.0,0.4691358024691358,82,108
69,independent_or_other,True,55.0,194.0,0.6790123456790124,82,108
69,independent_or_other,True,13.0,51.0,0.16049382716049382,82,108
69,independent_or_other,False,,,,82,108
69,ask_to_forget,True,43.0,151.0,0.5308641975308642,82,108
69,independent_or_other,False,,,,82,108
69,ask_to_forget,False,,,,82,108
69,independent_or_other,True,7.0,27.0,0.08641975308641975,82,108
69,ask_to_forget,True,8.0,31.0,0.09876543209876543,82,108
69,independent_or_other,True,1.0,5.0,0.012345679012345678,82,108
69,ask_to_forget,True,2.0,9.0,0.024691358024691357,82,108
69,independent_or_other,True,54.0,190.0,0.6666666666666666,82,108
69,independent_or_other,True,9.0,35.0,0.1111111111111111,82,108
69,ask_to_forget,True,10.0,37.0,0.12345679012345678,82,108
69,independent_or_other,True,31.0,113.0,0.38271604938271603,82,108
69,ask_to_forget,True,32.0,115.0,0.3950617283950617,82,108
69,independent_or_other,True,57.0,198.0,0.7037037037037037,82,108
69,independent_or_other,False,,,,82,108
69,independent_or_other,False,,,,82,108
69,ask_to_forget,False,,,,82,108
69,independent_or_other,True,0.0,1.0,0.0,82,108
69,independent_or_other,True,35.0,123.0,0.43209876543209874,82,108
69,ask_to_forget,True,36.0,125.0,0.4444444444444444,82,108
69,independent_or_other,True,59.0,204.0,0.7283950617283951,82,108
69,native_update,False,,,,82,108
69,native_update,True,61.0,210.0,0.7530864197530864,82,108
69,independent_or_other,True,42.0,149.0,0.5185185185185185,82,108
69,native_update,False,,,,82,108
69,independent_or_other,True,46.0,161.0,0.5679012345679012,82,108
69,independent_or_other,True,3.0,13.0,0.037037037037037035,82,108
69,native_update,False,,,,82,108
69,native_update,True,62.0,214.0,0.7654320987654321,82,108
69,independent_or_other,True,26.0,93.0,0.32098765432098764,82,108
69,independent_or_other,False,,,,82,108
69,independent_or_other,True,23.0,83.0,0.2839506172839506,82,108
69,ask_to_forget,False,,,,82,108
69,native_update,False,,,,82,108
69,native_update,False,,,,82,108
69,native_update,True,63.0,216.0,0.7777777777777778,82,108
69,independent_or_other,True,21.0,77.0,0.25925925925925924,82,108
69,ask_to_forget,True,22.0,79.0,0.2716049382716049,82,108
69,native_update,False,,,,82,108
69,independent_or_other,True,5.0,19.0,0.06172839506172839,82,108
69,ask_to_forget,True,6.0,23.0,0.07407407407407407,82,108
69,native_update,True,80.0,264.0,0.9876543209876543,82,108
69,native_update,True,64.0,218.0,0.7901234567901234,82,108
69,native_update,True,81.0,266.0,1.0,82,108
69,independent_or_other,True,20.0,75.0,0.24691358024691357,82,108
69,independent_or_other,True,33.0,119.0,0.4074074074074074,82,108
69,native_update,True,65.0,222.0,0.8024691358024691,82,108
69,native_update,True,66.0,226.0,0.8148148148148148,82,108
69,native_update,True,67.0,228.0,0.8271604938271605,82,108
69,independent_or_other,True,52.0,183.0,0.6419753086419753,82,108
69,native_update,True,68.0,232.0,0.8395061728395061,82,108
69,native_update,True,69.0,236.0,0.8518518518518519,82,108
69,native_update,True,70.0,238.0,0.8641975308641975,82,108
69,native_update,True,71.0,240.0,0.8765432098765432,82,108
69,native_update,True,72.0,242.0,0.8888888888888888,82,108
69,native_update,True,73.0,244.0,0.9012345679012346,82,108
69,native_update,False,,,,82,108
69,independent_or_other,True,24.0,87.0,0.2962962962962963,82,108
69,ask_to_forget,True,25.0,89.0,0.30864197530864196,82,108
69,native_update,True,74.0,246.0,0.9135802469135802,82,108
69,independent_or_other,True,11.0,43.0,0.13580246913580246,82,108
69,ask_to_forget,True,12.0,47.0,0.14814814814814814,82,108
69,independent_or_other,True,53.0,185.0,0.654320987654321,82,108
69,native_update,True,75.0,248.0,0.9259259259259259,82,108
69,independent_or_other,True,18.0,67.0,0.2222222222222222,82,108
69,ask_to_forget,True,19.0,71.0,0.2345679012345679,82,108
69,native_update,False,,,,82,108
69,independent_or_other,True,34.0,121.0,0.41975308641975306,82,108
69,ask_to_forget,False,,,,82,108
69,native_update,True,76.0,250.0,0.9382716049382716,82,108
69,native_update,True,79.0,260.0,0.9753086419753086,82,108
69,native_update,True,77.0,254.0,0.9506172839506173,82,108
69,native_update,True,78.0,256.0,0.9629629629629629,82,108
69,native_update,False,,,,82,108
69,independent_or_other,False,,,,82,108
69,independent_or_other,False,,,,82,108
71,independent_or_other,True,22.0,75.0,0.20952380952380953,106,122
71,ask_to_forget,True,23.0,79.0,0.21904761904761905,106,122
71,independent_or_other,True,60.0,203.0,0.5714285714285714,106,122
71,ask_to_forget,True,61.0,205.0,0.580952380952381,106,122
71,independent_or_other,True,6.0,23.0,0.05714285714285714,106,122
71,ask_to_forget,True,7.0,27.0,0.06666666666666667,106,122
71,independent_or_other,True,0.0,1.0,0.0,106,122
71,ask_to_forget,True,1.0,3.0,0.009523809523809525,106,122
71,independent_or_other,True,75.0,247.0,0.7142857142857143,106,122
71,independent_or_other,True,27.0,91.0,0.2571428571428571,106,122
71,independent_or_other,False,,,,106,122
71,independent_or_other,False,,,,106,122
71,independent_or_other,True,5.0,21.0,0.047619047619047616,106,122
71,independent_or_other,True,69.0,229.0,0.6571428571428571,106,122
71,ask_to_forget,True,70.0,231.0,0.6666666666666666,106,122
71,independent_or_other,True,11.0,39.0,0.10476190476190476,106,122
71,independent_or_other,True,68.0,227.0,0.6476190476190476,106,122
71,independent_or_other,True,48.0,165.0,0.45714285714285713,106,122
71,independent_or_other,True,42.0,145.0,0.4,106,122
71,independent_or_other,True,45.0,155.0,0.42857142857142855,106,122
71,independent_or_other,True,64.0,215.0,0.6095238095238096,106,122
71,independent_or_other,True,33.0,117.0,0.3142857142857143,106,122
71,ask_to_forget,False,,,,106,122
71,independent_or_other,True,29.0,99.0,0.2761904761904762,106,122
71,independent_or_other,True,83.0,273.0,0.7904761904761904,106,122
71,independent_or_other,True,40.0,137.0,0.38095238095238093,106,122
71,independent_or_other,True,43.0,149.0,0.4095238095238095,106,122
71,ask_to_forget,True,44.0,151.0,0.41904761904761906,106,122
71,independent_or_other,True,14.0,47.0,0.13333333333333333,106,122
71,ask_to_forget,True,15.0,49.0,0.14285714285714285,106,122
71,independent_or_other,True,24.0,83.0,0.22857142857142856,106,122
71,independent_or_other,True,66.0,221.0,0.6285714285714286,106,122
71,ask_to_forget,True,67.0,223.0,0.638095238095238,106,122
71,independent_or_other,True,18.0,59.0,0.17142857142857143,106,122
71,ask_to_forget,True,19.0,61.0,0.18095238095238095,106,122
71,independent_or_other,False,,,,106,122
71,ask_to_forget,False,,,,106,122
71,independent_or_other,True,34.0,119.0,0.3238095238095238,106,122
71,ask_to_forget,True,35.0,121.0,0.3333333333333333,106,122
71,independent_or_other,False,,,,106,122
71,independent_or_other,True,38.0,131.0,0.3619047619047619,106,122
71,ask_to_forget,True,39.0,133.0,0.37142857142857144,106,122
71,independent_or_other,True,30.0,101.0,0.2857142857142857,106,122
71,independent_or_other,True,28.0,95.0,0.26666666666666666,106,122
71,independent_or_other,True,55.0,189.0,0.5238095238095238,106,122
71,independent_or_other,True,36.0,125.0,0.34285714285714286,106,122
71,independent_or_other,False,,,,106,122
71,independent_or_other,True,31.0,105.0,0.29523809523809524,106,122
71,ask_to_forget,True,32.0,109.0,0.3047619047619048,106,122
71,independent_or_other,True,46.0,157.0,0.4380952380952381,106,122
71,ask_to_forget,True,47.0,161.0,0.44761904761904764,106,122
71,independent_or_other,True,4.0,15.0,0.0380952380952381,106,122
71,independent_or_other,True,81.0,263.0,0.7714285714285715,106,122
71,ask_to_forget,True,82.0,267.0,0.780952380952381,106,122
71,independent_or_other,True,50.0,171.0,0.47619047619047616,106,122
71,independent_or_other,True,20.0,65.0,0.19047619047619047,106,122
71,ask_to_forget,True,21.0,71.0,0.2,106,122
71,independent_or_other,False,,,,106,122
71,independent_or_other,True,16.0,53.0,0.1523809523809524,106,122
71,ask_to_forget,True,17.0,55.0,0.1619047619047619,106,122
71,independent_or_other,True,58.0,199.0,0.5523809523809524,106,122
71,independent_or_other,True,56.0,191.0,0.5333333333333333,106,122
71,ask_to_forget,True,57.0,195.0,0.5428571428571428,106,122
71,independent_or_other,True,62.0,209.0,0.5904761904761905,106,122
71,independent_or_other,True,71.0,235.0,0.6761904761904762,106,122
71,ask_to_forget,True,72.0,237.0,0.6857142857142857,106,122
71,independent_or_other,True,76.0,249.0,0.7238095238095238,106,122
71,ask_to_forget,True,77.0,251.0,0.7333333333333333,106,122
71,independent_or_other,True,78.0,255.0,0.7428571428571429,106,122
71,ask_to_forget,True,79.0,257.0,0.7523809523809524,106,122
71,independent_or_other,True,9.0,33.0,0.08571428571428572,106,122
71,ask_to_forget,True,10.0,35.0,0.09523809523809523,106,122
71,independent_or_other,True,51.0,175.0,0.4857142857142857,106,122
71,ask_to_forget,True,52.0,179.0,0.49523809523809526,106,122
71,independent_or_other,True,59.0,201.0,0.5619047619047619,106,122
71,independent_or_other,False,,,,106,122
71,native_update,True,84.0,277.0,0.8,106,122
71,independent_or_other,True,53.0,183.0,0.5047619047619047,106,122
71,ask_to_forget,True,54.0,185.0,0.5142857142857142,106,122
71,independent_or_other,True,63.0,213.0,0.6,106,122
71,independent_or_other,True,37.0,129.0,0.3523809523809524,106,122
71,native_update,False,,,,106,122
71,native_update,True,85.0,281.0,0.8095238095238095,106,122
71,native_update,True,97.0,313.0,0.9238095238095239,106,122
71,native_update,True,86.0,285.0,0.819047619047619,106,122
71,native_update,True,87.0,287.0,0.8285714285714286,106,122
71,native_update,True,99.0,319.0,0.9428571428571428,106,122
71,native_update,True,88.0,289.0,0.8380952380952381,106,122
71,native_update,True,89.0,291.0,0.8476190476190476,106,122
71,native_update,True,90.0,295.0,0.8571428571428571,106,122
71,native_update,True,91.0,297.0,0.8666666666666667,106,122
71,native_update,True,92.0,299.0,0.8761904761904762,106,122
71,independent_or_other,True,25.0,85.0,0.23809523809523808,106,122
71,ask_to_forget,True,26.0,87.0,0.24761904761904763,106,122
71,native_update,True,93.0,303.0,0.8857142857142857,106,122
71,independent_or_other,True,65.0,217.0,0.6190476190476191,106,122
71,native_update,True,98.0,317.0,0.9333333333333333,106,122
71,native_update,False,,,,106,122
71,native_update,True,103.0,329.0,0.9809523809523809,106,122
71,native_update,True,95.0,309.0,0.9047619047619048,106,122
71,native_update,True,105.0,333.0,1.0,106,122
71,independent_or_other,True,2.0,7.0,0.01904761904761905,106,122
71,ask_to_forget,True,3.0,11.0,0.02857142857142857,106,122
71,native_update,True,94.0,307.0,0.8952380952380953,106,122
71,native_update,False,,,,106,122
71,native_update,True,102.0,325.0,0.9714285714285714,106,122
71,independent_or_other,True,73.0,241.0,0.6952380952380952,106,122
71,ask_to_forget,True,74.0,243.0,0.7047619047619048,106,122
71,native_update,False,,,,106,122
71,independent_or_other,True,41.0,143.0,0.3904761904761905,106,122
71,native_update,True,101.0,323.0,0.9619047619047619,106,122
71,native_update,True,96.0,311.0,0.9142857142857143,106,122
71,native_update,True,104.0,331.0,0.9904761904761905,106,122
71,independent_or_other,True,12.0,41.0,0.11428571428571428,106,122
71,ask_to_forget,True,13.0,43.0,0.12380952380952381,106,122
71,independent_or_other,True,8.0,31.0,0.0761904761904762,106,122
71,independent_or_other,True,80.0,261.0,0.7619047619047619,106,122
71,native_update,True,100.0,321.0,0.9523809523809523,106,122
71,independent_or_other,False,,,,106,122
71,independent_or_other,False,,,,106,122
71,independent_or_other,False,,,,106,122
71,independent_or_other,True,49.0,167.0,0.4666666666666667,106,122
76,independent_or_other,True,52.0,162.0,0.7123287671232876,74,104
76,independent_or_other,True,27.0,87.0,0.3698630136986301,74,104
76,ask_to_forget,True,28.0,91.0,0.3835616438356164,74,104
76,ask_to_forget,True,39.0,125.0,0.5342465753424658,74,104
76,ask_to_forget,False,,,,74,104
76,independent_or_other,True,13.0,43.0,0.1780821917808219,74,104
76,ask_to_forget,True,14.0,47.0,0.1917808219178082,74,104
76,independent_or_other,True,37.0,117.0,0.5068493150684932,74,104
76,independent_or_other,False,,,,74,104
76,independent_or_other,False,,,,74,104
76,independent_or_other,True,11.0,35.0,0.1506849315068493,74,104
76,independent_or_other,True,7.0,23.0,0.0958904109589041,74,104
76,ask_to_forget,True,8.0,27.0,0.1095890410958904,74,104
76,independent_or_other,True,9.0,31.0,0.1232876712328767,74,104
76,independent_or_other,True,34.0,109.0,0.4657534246575342,74,104
76,ask_to_forget,True,35.0,111.0,0.4794520547945205,74,104
76,independent_or_other,True,40.0,129.0,0.547945205479452,74,104
76,ask_to_forget,True,41.0,131.0,0.5616438356164384,74,104
76,independent_or_other,True,36.0,115.0,0.4931506849315068,74,104
76,independent_or_other,True,42.0,135.0,0.5753424657534246,74,104
76,ask_to_forget,True,25.0,79.0,0.3424657534246575,74,104
76,independent_or_other,True,10.0,33.0,0.136986301369863,74,104
76,independent_or_other,True,21.0,71.0,0.2876712328767123,74,104
76,independent_or_other,True,31.0,101.0,0.4246575342465753,74,104
76,independent_or_other,True,3.0,15.0,0.0410958904109589,74,104
76,independent_or_other,True,5.0,19.0,0.0684931506849315,74,104
76,independent_or_other,False,,,,74,104
76,independent_or_other,False,,,,74,104
76,independent_or_other,False,,,,74,104
76,ask_to_forget,False,,,,74,104
76,independent_or_other,True,50.0,158.0,0.684931506849315,74,104
76,independent_or_other,True,26.0,83.0,0.3561643835616438,74,104
76,independent_or_other,True,0.0,1.0,0.0,74,104
76,ask_to_forget,True,1.0,5.0,0.0136986301369863,74,104
76,independent_or_other,True,16.0,55.0,0.2191780821917808,74,104
76,ask_to_forget,True,17.0,57.0,0.2328767123287671,74,104
76,independent_or_other,True,29.0,95.0,0.3972602739726027,74,104
76,ask_to_forget,True,30.0,97.0,0.410958904109589,74,104
76,independent_or_other,True,48.0,151.0,0.6575342465753424,74,104
76,ask_to_forget,False,,,,74,104
76,independent_or_other,True,19.0,65.0,0.2602739726027397,74,104
76,ask_to_forget,True,20.0,67.0,0.273972602739726,74,104
76,independent_or_other,True,46.0,145.0,0.6301369863013698,74,104
76,ask_to_forget,True,47.0,147.0,0.6438356164383562,74,104
76,independent_or_other,True,49.0,155.0,0.6712328767123288,74,104
76,ask_to_forget,False,,,,74,104
76,independent_or_other,True,54.0,168.0,0.7397260273972602,74,104
76,independent_or_other,False,,,,74,104
76,independent_or_other,False,,,,74,104
76,independent_or_other,False,,,,74,104
76,ask_to_forget,False,,,,74,104
76,independent_or_other,True,51.0,160.0,0.6986301369863014,74,104
76,independent_or_other,True,12.0,39.0,0.1643835616438356,74,104
76,native_update,False,,,,74,104
76,independent_or_other,True,22.0,73.0,0.3013698630136986,74,104
76,native_update,False,,,,74,104
76,native_update,False,,,,74,104
76,native_update,False,,,,74,104
76,native_update,False,,,,74,104
76,independent_or_other,True,24.0,77.0,0.3287671232876712,74,104
76,native_update,True,55.0,172.0,0.7534246575342466,74,104
76,native_update,True,56.0,176.0,0.7671232876712328,74,104
76,native_update,True,71.0,212.0,0.9726027397260274,74,104
76,native_update,True,57.0,180.0,0.7808219178082192,74,104
76,native_update,False,,,,74,104
76,native_update,True,58.0,182.0,0.7945205479452054,74,104
76,native_update,True,59.0,184.0,0.8082191780821918,74,104
76,native_update,True,67.0,204.0,0.9178082191780822,74,104
76,native_update,False,,,,74,104
76,native_update,True,60.0,186.0,0.821917808219178,74,104
76,native_update,False,,,,74,104
76,native_update,False,,,,74,104
76,independent_or_other,True,32.0,103.0,0.4383561643835616,74,104
76,ask_to_forget,True,33.0,105.0,0.4520547945205479,74,104
76,native_update,False,,,,74,104
76,independent_or_other,True,38.0,121.0,0.5205479452054794,74,104
76,independent_or_other,True,18.0,61.0,0.2465753424657534,74,104
76,independent_or_other,True,23.0,75.0,0.3150684931506849,74,104
76,native_update,False,,,,74,104
76,native_update,True,70.0,210.0,0.958904109589041,74,104
76,independent_or_other,True,2.0,9.0,0.0273972602739726,74,104
76,independent_or_other,True,4.0,17.0,0.0547945205479452,74,104
76,independent_or_other,True,15.0,51.0,0.2054794520547945,74,104
76,independent_or_other,True,43.0,137.0,0.589041095890411,74,104
76,independent_or_other,True,44.0,139.0,0.6027397260273972,74,104
76,ask_to_forget,True,45.0,141.0,0.6164383561643836,74,104
76,native_update,True,61.0,188.0,0.8356164383561644,74,104
76,native_update,True,62.0,190.0,0.8493150684931506,74,104
76,native_update,False,,,,74,104
76,native_update,False,,,,74,104
76,native_update,False,,,,74,104
76,native_update,True,66.0,200.0,0.9041095890410958,74,104
76,native_update,False,,,,74,104
76,native_update,True,63.0,194.0,0.863013698630137,74,104
76,independent_or_other,True,53.0,166.0,0.726027397260274,74,104
76,native_update,True,72.0,216.0,0.9863013698630136,74,104
76,native_update,True,73.0,220.0,1.0,74,104
76,native_update,True,64.0,196.0,0.8767123287671232,74,104
76,native_update,False,,,,74,104
76,native_update,True,68.0,206.0,0.9315068493150684,74,104
76,native_update,True,65.0,198.0,0.8904109589041096,74,104
76,native_update,True,69.0,208.0,0.9452054794520548,74,104
76,independent_or_other,False,,,,74,104
76,independent_or_other,True,6.0,21.0,0.0821917808219178,74,104
78,independent_or_other,False,,,,81,101
78,ask_to_forget,False,,,,81,101
78,independent_or_other,False,,,,81,101
78,ask_to_forget,False,,,,81,101
78,independent_or_other,True,43.0,129.0,0.5375,81,101
78,ask_to_forget,True,44.0,133.0,0.55,81,101
78,independent_or_other,True,27.0,83.0,0.3375,81,101
78,independent_or_other,True,42.0,123.0,0.525,81,101
78,independent_or_other,True,61.0,187.0,0.7625,81,101
78,independent_or_other,False,,,,81,101
78,ask_to_forget,False,,,,81,101
78,independent_or_other,True,16.0,51.0,0.2,81,101
78,independent_or_other,True,54.0,167.0,0.675,81,101
78,independent_or_other,True,33.0,99.0,0.4125,81,101
78,independent_or_other,True,0.0,1.0,0.0,81,101
78,ask_to_forget,True,1.0,3.0,0.0125,81,101
78,independent_or_other,True,39.0,113.0,0.4875,81,101
78,independent_or_other,True,2.0,7.0,0.025,81,101
78,independent_or_other,True,53.0,163.0,0.6625,81,101
78,independent_or_other,True,38.0,111.0,0.475,81,101
78,independent_or_other,True,37.0,109.0,0.4625,81,101
78,independent_or_other,True,30.0,89.0,0.375,81,101
78,independent_or_other,True,46.0,139.0,0.575,81,101
78,ask_to_forget,True,47.0,141.0,0.5875,81,101
78,ask_to_forget,False,,,,81,101
78,independent_or_other,True,24.0,73.0,0.3,81,101
78,independent_or_other,True,15.0,49.0,0.1875,81,101
78,independent_or_other,True,6.0,19.0,0.075,81,101
78,independent_or_other,True,20.0,61.0,0.25,81,101
78,ask_to_forget,True,21.0,63.0,0.2625,81,101
78,independent_or_other,True,5.0,17.0,0.0625,81,101
78,independent_or_other,True,50.0,151.0,0.625,81,101
78,independent_or_other,True,51.0,155.0,0.6375,81,101
78,ask_to_forget,True,52.0,159.0,0.65,81,101
78,independent_or_other,True,40.0,117.0,0.5,81,101
78,ask_to_forget,True,41.0,119.0,0.5125,81,101
78,independent_or_other,True,22.0,67.0,0.275,81,101
78,independent_or_other,True,31.0,93.0,0.3875,81,101
78,ask_to_forget,True,32.0,95.0,0.4,81,101
78,independent_or_other,False,,,,81,101
78,independent_or_other,True,9.0,31.0,0.1125,81,101
78,ask_to_forget,True,10.0,33.0,0.125,81,101
78,independent_or_other,True,7.0,23.0,0.0875,81,101
78,ask_to_forget,True,8.0,27.0,0.1,81,101
78,independent_or_other,True,48.0,145.0,0.6,81,101
78,ask_to_forget,True,49.0,147.0,0.6125,81,101
78,independent_or_other,True,34.0,101.0,0.425,81,101
78,ask_to_forget,False,,,,81,101
78,independent_or_other,True,29.0,87.0,0.3625,81,101
78,independent_or_other,False,,,,81,101
78,ask_to_forget,False,,,,81,101
78,independent_or_other,True,13.0,43.0,0.1625,81,101
78,ask_to_forget,True,14.0,45.0,0.175,81,101
78,independent_or_other,True,3.0,9.0,0.0375,81,101
78,ask_to_forget,True,4.0,13.0,0.05,81,101
78,ask_to_forget,False,,,,81,101
78,independent_or_other,True,25.0,77.0,0.3125,81,101
78,ask_to_forget,True,26.0,79.0,0.325,81,101
78,independent_or_other,True,28.0,85.0,0.35,81,101
78,independent_or_other,True,11.0,37.0,0.1375,81,101
78,ask_to_forget,True,12.0,39.0,0.15,81,101
78,independent_or_other,True,56.0,175.0,0.7,81,101
78,independent_or_other,True,23.0,71.0,0.2875,81,101
78,native_update,False,,,,81,101
78,independent_or_other,True,55.0,171.0,0.6875,81,101
78,native_update,True,77.0,233.0,0.9625,81,101
78,native_update,False,,,,81,101
78,native_update,False,,,,81,101
78,native_update,False,,,,81,101
78,independent_or_other,True,35.0,103.0,0.4375,81,101
78,ask_to_forget,True,36.0,105.0,0.45,81,101
78,native_update,True,62.0,191.0,0.775,81,101
78,independent_or_other,True,18.0,55.0,0.225,81,101
78,ask_to_forget,True,19.0,57.0,0.2375,81,101
78,native_update,True,63.0,195.0,0.7875,81,101
78,native_update,False,,,,81,101
78,independent_or_other,True,17.0,53.0,0.2125,81,101
78,independent_or_other,True,58.0,181.0,0.725,81,101
78,independent_or_other,True,59.0,183.0,0.7375,81,101
78,native_update,True,64.0,197.0,0.8,81,101
78,native_update,False,,,,81,101
78,native_update,True,78.0,235.0,0.975,81,101
78,native_update,False,,,,81,101
78,native_update,False,,,,81,101
78,native_update,True,73.0,223.0,0.9125,81,101
78,native_update,True,71.0,217.0,0.8875,81,101
78,native_update,True,65.0,201.0,0.8125,81,101
78,independent_or_other,True,60.0,185.0,0.75,81,101
78,independent_or_other,True,45.0,137.0,0.5625,81,101
78,independent_or_other,True,57.0,177.0,0.7125,81,101
78,native_update,True,72.0,221.0,0.9,81,101
78,native_update,True,66.0,205.0,0.825,81,101
78,native_update,True,79.0,239.0,0.9875,81,101
78,native_update,True,69.0,213.0,0.8625,81,101
78,native_update,True,67.0,209.0,0.8375,81,101
78,native_update,True,68.0,211.0,0.85,81,101
78,native_update,True,74.0,225.0,0.925,81,101
78,native_update,True,80.0,241.0,1.0,81,101
78,native_update,True,75.0,227.0,0.9375,81,101
78,native_update,True,70.0,215.0,0.875,81,101
78,native_update,True,76.0,231.0,0.95,81,101
98,independent_or_other,False,,,,67,113
98,ask_to_forget,False,,,,67,113
98,independent_or_other,True,0.0,1.0,0.0,67,113
98,ask_to_forget,True,1.0,3.0,0.015151515151515152,67,113
98,independent_or_other,True,8.0,27.0,0.12121212121212122,67,113
98,ask_to_forget,True,9.0,31.0,0.13636363636363635,67,113
98,independent_or_other,True,4.0,15.0,0.06060606060606061,67,113
98,independent_or_other,True,27.0,90.0,0.4090909090909091,67,113
98,independent_or_other,True,14.0,49.0,0.21212121212121213,67,113
98,independent_or_other,True,42.0,138.0,0.6363636363636364,67,113
98,independent_or_other,True,10.0,35.0,0.15151515151515152,67,113
98,ask_to_forget,False,,,,67,113
98,independent_or_other,True,34.0,112.0,0.5151515151515151,67,113
98,independent_or_other,True,22.0,71.0,0.3333333333333333,67,113
98,ask_to_forget,True,23.0,75.0,0.3484848484848485,67,113
98,independent_or_other,True,17.0,57.0,0.25757575757575757,67,113
98,ask_to_forget,True,18.0,61.0,0.2727272727272727,67,113
98,independent_or_other,False,,,,67,113
98,ask_to_forget,False,,,,67,113
98,independent_or_other,True,31.0,104.0,0.4696969696969697,67,113
98,ask_to_forget,True,32.0,106.0,0.48484848484848486,67,113
98,independent_or_other,False,,,,67,113
98,ask_to_forget,False,,,,67,113
98,independent_or_other,True,36.0,116.0,0.5454545454545454,67,113
98,independent_or_other,False,,,,67,113
98,ask_to_forget,False,,,,67,113
98,independent_or_other,True,43.0,142.0,0.6515151515151515,67,113
98,independent_or_other,True,39.0,128.0,0.5909090909090909,67,113
98,ask_to_forget,True,40.0,132.0,0.6060606060606061,67,113
98,independent_or_other,False,,,,67,113
98,independent_or_other,True,37.0,122.0,0.5606060606060606,67,113
98,ask_to_forget,True,38.0,124.0,0.5757575757575758,67,113
98,independent_or_other,False,,,,67,113
98,ask_to_forget,False,,,,67,113
98,independent_or_other,True,21.0,69.0,0.3181818181818182,67,113
98,independent_or_other,False,,,,67,113
98,independent_or_other,False,,,,67,113
98,ask_to_forget,False,,,,67,113
98,independent_or_other,False,,,,67,113
98,ask_to_forget,False,,,,67,113
98,independent_or_other,True,5.0,19.0,0.07575757575757576,67,113
98,ask_to_forget,True,6.0,21.0,0.09090909090909091,67,113
98,independent_or_other,True,47.0,152.0,0.7121212121212122,67,113
98,independent_or_other,False,,,,67,113
98,ask_to_forget,False,,,,67,113
98,independent_or_other,True,2.0,7.0,0.030303030303030304,67,113
98,ask_to_forget,True,3.0,11.0,0.045454545454545456,67,113
98,independent_or_other,True,12.0,41.0,0.18181818181818182,67,113
98,ask_to_forget,True,13.0,45.0,0.19696969696969696,67,113
98,independent_or_other,True,25.0,86.0,0.3787878787878788,67,113
98,independent_or_other,True,7.0,25.0,0.10606060606060606,67,113
98,ask_to_forget,False,,,,67,113
98,independent_or_other,False,,,,67,113
98,ask_to_forget,False,,,,67,113
98,independent_or_other,False,,,,67,113
98,independent_or_other,False,,,,67,113
98,independent_or_other,True,33.0,110.0,0.5,67,113
98,independent_or_other,False,,,,67,113
98,ask_to_forget,False,,,,67,113
98,native_update,False,,,,67,113
98,independent_or_other,True,19.0,65.0,0.2878787878787879,67,113
98,native_update,True,49.0,160.0,0.7424242424242424,67,113
98,independent_or_other,False,,,,67,113
98,ask_to_forget,False,,,,67,113
98,native_update,False,,,,67,113
98,native_update,False,,,,67,113
98,native_update,False,,,,67,113
98,native_update,False,,,,67,113
98,native_update,True,65.0,202.0,0.9848484848484849,67,113
98,independent_or_other,True,30.0,100.0,0.45454545454545453,67,113
98,native_update,False,,,,67,113
98,native_update,False,,,,67,113
98,native_update,True,50.0,164.0,0.7575757575757576,67,113
98,native_update,True,63.0,196.0,0.9545454545454546,67,113
98,native_update,True,51.0,166.0,0.7727272727272727,67,113
98,independent_or_other,False,,,,67,113
98,ask_to_forget,False,,,,67,113
98,native_update,True,52.0,168.0,0.7878787878787878,67,113
98,native_update,True,53.0,172.0,0.803030303030303,67,113
98,native_update,True,54.0,176.0,0.8181818181818182,67,113
98,independent_or_other,True,24.0,79.0,0.36363636363636365,67,113
98,ask_to_forget,False,,,,67,113
98,independent_or_other,True,11.0,37.0,0.16666666666666666,67,113
98,independent_or_other,True,46.0,150.0,0.696969696969697,67,113
98,native_update,True,64.0,198.0,0.9696969696969697,67,113
98,native_update,True,55.0,180.0,0.8333333333333334,67,113
98,native_update,True,56.0,182.0,0.8484848484848485,67,113
98,native_update,True,57.0,184.0,0.8636363636363636,67,113
98,native_update,True,58.0,186.0,0.8787878787878788,67,113
98,native_update,True,59.0,188.0,0.8939393939393939,67,113
98,native_update,False,,,,67,113
98,independent_or_other,True,48.0,156.0,0.7272727272727273,67,113
98,independent_or_other,True,26.0,88.0,0.3939393939393939,67,113
98,independent_or_other,True,16.0,55.0,0.24242424242424243,67,113
98,independent_or_other,False,,,,67,113
98,ask_to_forget,False,,,,67,113
98,native_update,True,60.0,190.0,0.9090909090909091,67,113
98,independent_or_other,True,20.0,67.0,0.30303030303030304,67,113
98,independent_or_other,True,44.0,144.0,0.6666666666666666,67,113
98,ask_to_forget,True,45.0,146.0,0.6818181818181818,67,113
98,native_update,False,,,,67,113
98,native_update,True,66.0,204.0,1.0,67,113
98,independent_or_other,True,41.0,136.0,0.6212121212121212,67,113
98,independent_or_other,True,15.0,53.0,0.22727272727272727,67,113
98,independent_or_other,True,29.0,96.0,0.4393939393939394,67,113
98,independent_or_other,True,35.0,114.0,0.5303030303030303,67,113
98,native_update,False,,,,67,113
98,native_update,True,61.0,192.0,0.9242424242424242,67,113
98,native_update,False,,,,67,113
98,native_update,True,62.0,194.0,0.9393939393939394,67,113
98,native_update,False,,,,67,113
98,independent_or_other,False,,,,67,113
98,independent_or_other,True,28.0,94.0,0.42424242424242425,67,113
99,independent_or_other,False,,,,89,134
99,ask_to_forget,False,,,,89,134
99,independent_or_other,True,9.0,27.0,0.10227272727272728,89,134
99,ask_to_forget,True,10.0,29.0,0.11363636363636363,89,134
99,independent_or_other,True,19.0,59.0,0.2159090909090909,89,134
99,ask_to_forget,True,20.0,63.0,0.22727272727272727,89,134
99,independent_or_other,False,,,,89,134
99,ask_to_forget,False,,,,89,134
99,ask_to_forget,False,,,,89,134
99,independent_or_other,False,,,,89,134
99,independent_or_other,False,,,,89,134
99,independent_or_other,True,45.0,147.0,0.5113636363636364,89,134
99,independent_or_other,True,71.0,228.0,0.8068181818181818,89,134
99,independent_or_other,True,15.0,47.0,0.17045454545454544,89,134
99,ask_to_forget,True,16.0,49.0,0.18181818181818182,89,134
99,independent_or_other,True,47.0,151.0,0.5340909090909091,89,134
99,independent_or_other,True,36.0,121.0,0.4090909090909091,89,134
99,independent_or_other,True,54.0,175.0,0.6136363636363636,89,134
99,ask_to_forget,True,55.0,177.0,0.625,89,134
99,independent_or_other,True,50.0,161.0,0.5681818181818182,89,134
99,independent_or_other,True,56.0,181.0,0.6363636363636364,89,134
99,ask_to_forget,True,57.0,183.0,0.6477272727272727,89,134
99,independent_or_other,True,27.0,87.0,0.3068181818181818,89,134
99,ask_to_forget,True,28.0,91.0,0.3181818181818182,89,134
99,independent_or_other,False,,,,89,134
99,independent_or_other,False,,,,89,134
99,independent_or_other,True,34.0,113.0,0.38636363636363635,89,134
99,ask_to_forget,True,35.0,117.0,0.3977272727272727,89,134
99,independent_or_other,True,4.0,13.0,0.045454545454545456,89,134
99,independent_or_other,True,31.0,103.0,0.3522727272727273,89,134
99,ask_to_forget,True,32.0,107.0,0.36363636363636365,89,134
99,independent_or_other,True,11.0,33.0,0.125,89,134
99,ask_to_forget,True,12.0,37.0,0.13636363636363635,89,134
99,independent_or_other,True,61.0,197.0,0.6931818181818182,89,134
99,ask_to_forget,False,,,,89,134
99,independent_or_other,False,,,,89,134
99,independent_or_other,False,,,,89,134
99,independent_or_other,True,29.0,95.0,0.32954545454545453,89,134
99,ask_to_forget,True,30.0,99.0,0.3409090909090909,89,134
99,independent_or_other,True,0.0,1.0,0.0,89,134
99,independent_or_other,False,,,,89,134
99,ask_to_forget,False,,,,89,134
99,independent_or_other,False,,,,89,134
99,ask_to_forget,False,,,,89,134
99,ask_to_forget,False,,,,89,134
99,independent_or_other,True,51.0,165.0,0.5795454545454546,89,134
99,independent_or_other,True,68.0,218.0,0.7727272727272727,89,134
99,independent_or_other,True,13.0,41.0,0.14772727272727273,89,134
99,ask_to_forget,True,14.0,43.0,0.1590909090909091,89,134
99,independent_or_other,False,,,,89,134
99,independent_or_other,True,2.0,7.0,0.022727272727272728,89,134
99,ask_to_forget,True,3.0,9.0,0.03409090909090909,89,134
99,independent_or_other,True,18.0,57.0,0.20454545454545456,89,134
99,independent_or_other,False,,,,89,134
99,ask_to_forget,False,,,,89,134
99,independent_or_other,True,40.0,133.0,0.45454545454545453,89,134
99,ask_to_forget,True,41.0,135.0,0.4659090909090909,89,134
99,independent_or_other,True,43.0,141.0,0.48863636363636365,89,134
99,ask_to_forget,True,44.0,143.0,0.5,89,134
99,independent_or_other,True,48.0,155.0,0.5454545454545454,89,134
99,ask_to_forget,True,49.0,157.0,0.5568181818181818,89,134
99,independent_or_other,True,21.0,67.0,0.23863636363636365,89,134
99,ask_to_forget,True,22.0,71.0,0.25,89,134
99,independent_or_other,False,,,,89,134
99,ask_to_forget,False,,,,89,134
99,independent_or_other,False,,,,89,134
99,independent_or_other,False,,,,89,134
99,independent_or_other,False,,,,89,134
99,independent_or_other,True,23.0,75.0,0.26136363636363635,89,134
99,ask_to_forget,True,24.0,79.0,0.2727272727272727,89,134
99,independent_or_other,True,6.0,19.0,0.06818181818181818,89,134
99,independent_or_other,True,64.0,205.0,0.7272727272727273,89,134
99,ask_to_forget,False,,,,89,134
99,independent_or_other,True,37.0,125.0,0.42045454545454547,89,134
99,ask_to_forget,True,38.0,127.0,0.4318181818181818,89,134
99,independent_or_other,True,42.0,139.0,0.4772727272727273,89,134
99,independent_or_other,True,66.0,212.0,0.75,89,134
99,independent_or_other,False,,,,89,134
99,independent_or_other,True,63.0,203.0,0.7159090909090909,89,134
99,independent_or_other,True,62.0,199.0,0.7045454545454546,89,134
99,independent_or_other,True,33.0,111.0,0.375,89,134
99,independent_or_other,True,1.0,5.0,0.011363636363636364,89,134
99,independent_or_other,True,39.0,131.0,0.4431818181818182,89,134
99,independent_or_other,True,5.0,17.0,0.056818181818181816,89,134
99,ask_to_forget,True,59.0,189.0,0.6704545454545454,89,134
99,independent_or_other,True,69.0,222.0,0.7840909090909091,89,134
99,independent_or_other,False,,,,89,134
99,ask_to_forget,False,,,,89,134
99,independent_or_other,True,26.0,85.0,0.29545454545454547,89,134
99,independent_or_other,False,,,,89,134
99,independent_or_other,True,70.0,226.0,0.7954545454545454,89,134
99,native_update,False,,,,89,134
99,native_update,True,86.0,264.0,0.9772727272727273,89,134
99,independent_or_other,False,,,,89,134
99,independent_or_other,True,8.0,23.0,0.09090909090909091,89,134
99,independent_or_other,False,,,,89,134
99,ask_to_forget,False,,,,89,134
99,independent_or_other,True,52.0,169.0,0.5909090909090909,89,134
99,ask_to_forget,True,53.0,171.0,0.6022727272727273,89,134
99,native_update,False,,,,89,134
99,native_update,True,83.0,256.0,0.9431818181818182,89,134
99,native_update,False,,,,89,134
99,independent_or_other,True,60.0,193.0,0.6818181818181818,89,134
99,independent_or_other,True,46.0,149.0,0.5227272727272727,89,134
99,native_update,False,,,,89,134
99,native_update,False,,,,89,134
99,native_update,False,,,,89,134
99,native_update,False,,,,89,134
99,native_update,True,88.0,270.0,1.0,89,134
99,native_update,False,,,,89,134
99,independent_or_other,True,17.0,53.0,0.19318181818181818,89,134
99,independent_or_other,True,65.0,210.0,0.7386363636363636,89,134
99,native_update,True,82.0,254.0,0.9318181818181818,89,134
99,native_update,True,81.0,252.0,0.9204545454545454,89,134
99,independent_or_other,True,67.0,214.0,0.7613636363636364,89,134
99,native_update,True,72.0,230.0,0.8181818181818182,89,134
99,native_update,False,,,,89,134
99,independent_or_other,True,7.0,21.0,0.07954545454545454,89,134
99,independent_or_other,True,58.0,187.0,0.6590909090909091,89,134
99,native_update,True,73.0,232.0,0.8295454545454546,89,134
99,native_update,False,,,,89,134
99,native_update,True,74.0,234.0,0.8409090909090909,89,134
99,native_update,True,75.0,238.0,0.8522727272727273,89,134
99,native_update,True,76.0,240.0,0.8636363636363636,89,134
99,native_update,True,85.0,260.0,0.9659090909090909,89,134
99,native_update,False,,,,89,134
99,native_update,True,80.0,250.0,0.9090909090909091,89,134
99,independent_or_other,True,25.0,83.0,0.2840909090909091,89,134
99,native_update,True,87.0,266.0,0.9886363636363636,89,134
99,native_update,True,77.0,244.0,0.875,89,134
99,native_update,True,78.0,246.0,0.8863636363636364,89,134
99,native_update,True,84.0,258.0,0.9545454545454546,89,134
99,native_update,False,,,,89,134
99,native_update,True,79.0,248.0,0.8977272727272727,89,134
103,ask_to_forget,False,,,,81,88
103,independent_or_other,True,49.0,157.0,0.6125,81,88
103,ask_to_forget,True,50.0,161.0,0.625,81,88
103,independent_or_other,True,23.0,69.0,0.2875,81,88
103,independent_or_other,True,19.0,55.0,0.2375,81,88
103,ask_to_forget,True,20.0,59.0,0.25,81,88
103,independent_or_other,True,38.0,119.0,0.475,81,88
103,independent_or_other,True,51.0,165.0,0.6375,81,88
103,ask_to_forget,True,52.0,169.0,0.65,81,88
103,independent_or_other,True,10.0,31.0,0.125,81,88
103,independent_or_other,True,0.0,1.0,0.0,81,88
103,ask_to_forget,True,1.0,3.0,0.0125,81,88
103,independent_or_other,True,12.0,35.0,0.15,81,88
103,independent_or_other,True,39.0,123.0,0.4875,81,88
103,independent_or_other,True,29.0,89.0,0.3625,81,88
103,independent_or_other,True,45.0,141.0,0.5625,81,88
103,ask_to_forget,True,46.0,143.0,0.575,81,88
103,independent_or_other,True,34.0,105.0,0.425,81,88
103,independent_or_other,True,32.0,97.0,0.4,81,88
103,ask_to_forget,True,33.0,101.0,0.4125,81,88
103,independent_or_other,True,8.0,25.0,0.1,81,88
103,ask_to_forget,True,9.0,27.0,0.1125,81,88
103,independent_or_other,True,53.0,173.0,0.6625,81,88
103,ask_to_forget,True,54.0,175.0,0.675,81,88
103,ask_to_forget,True,41.0,127.0,0.5125,81,88
103,independent_or_other,True,5.0,13.0,0.0625,81,88
103,ask_to_forget,False,,,,81,88
103,independent_or_other,True,17.0,49.0,0.2125,81,88
103,ask_to_forget,True,18.0,51.0,0.225,81,88
103,independent_or_other,True,26.0,75.0,0.325,81,88
103,independent_or_other,True,47.0,147.0,0.5875,81,88
103,ask_to_forget,True,48.0,153.0,0.6,81,88
103,independent_or_other,True,27.0,81.0,0.3375,81,88
103,ask_to_forget,True,28.0,85.0,0.35,81,88
103,independent_or_other,True,13.0,37.0,0.1625,81,88
103,ask_to_forget,False,,,,81,88
103,independent_or_other,True,22.0,67.0,0.275,81,88
103,independent_or_other,True,37.0,115.0,0.4625,81,88
103,independent_or_other,True,43.0,133.0,0.5375,81,88
103,ask_to_forget,True,44.0,137.0,0.55,81,88
103,independent_or_other,True,42.0,131.0,0.525,81,88
103,independent_or_other,True,35.0,109.0,0.4375,81,88
103,ask_to_forget,True,36.0,111.0,0.45,81,88
103,independent_or_other,True,3.0,9.0,0.0375,81,88
103,independent_or_other,True,11.0,33.0,0.1375,81,88
103,independent_or_other,True,30.0,91.0,0.375,81,88
103,ask_to_forget,True,31.0,93.0,0.3875,81,88
103,independent_or_other,True,24.0,71.0,0.3,81,88
103,independent_or_other,True,14.0,39.0,0.175,81,88
103,ask_to_forget,True,15.0,43.0,0.1875,81,88
103,native_update,True,55.0,179.0,0.6875,81,88
103,native_update,True,79.0,244.0,0.9875,81,88
103,native_update,False,,,,81,88
103,native_update,True,56.0,183.0,0.7,81,88
103,independent_or_other,True,4.0,11.0,0.05,81,88
103,native_update,True,57.0,187.0,0.7125,81,88
103,native_update,True,73.0,231.0,0.9125,81,88
103,native_update,True,58.0,189.0,0.725,81,88
103,native_update,True,59.0,191.0,0.7375,81,88
103,native_update,True,74.0,233.0,0.925,81,88
103,native_update,True,60.0,193.0,0.75,81,88
103,native_update,True,78.0,242.0,0.975,81,88
103,native_update,True,61.0,197.0,0.7625,81,88
103,native_update,True,62.0,199.0,0.775,81,88
103,native_update,True,63.0,201.0,0.7875,81,88
103,native_update,True,80.0,246.0,1.0,81,88
103,native_update,True,64.0,205.0,0.8,81,88
103,native_update,True,65.0,209.0,0.8125,81,88
103,independent_or_other,True,21.0,65.0,0.2625,81,88
103,native_update,False,,,,81,88
103,independent_or_other,True,6.0,15.0,0.075,81,88
103,ask_to_forget,True,7.0,19.0,0.0875,81,88
103,native_update,True,66.0,211.0,0.825,81,88
103,native_update,True,75.0,236.0,0.9375,81,88
103,native_update,True,67.0,213.0,0.8375,81,88
103,native_update,True,68.0,217.0,0.85,81,88
103,native_update,True,69.0,221.0,0.8625,81,88
103,native_update,True,70.0,223.0,0.875,81,88
103,native_update,True,71.0,225.0,0.8875,81,88
103,native_update,True,72.0,229.0,0.9,81,88
103,independent_or_other,True,40.0,125.0,0.5,81,88
103,independent_or_other,True,25.0,73.0,0.3125,81,88
103,independent_or_other,True,16.0,47.0,0.2,81,88
103,native_update,True,77.0,240.0,0.9625,81,88
103,native_update,True,76.0,238.0,0.95,81,88
103,independent_or_other,False,,,,81,88
103,independent_or_other,False,,,,81,88
103,independent_or_other,True,2.0,7.0,0.025,81,88
111,independent_or_other,True,27.0,83.0,0.35526315789473684,77,102
111,ask_to_forget,True,28.0,85.0,0.3684210526315789,77,102
111,ask_to_forget,True,32.0,97.0,0.42105263157894735,77,102
111,independent_or_other,True,3.0,9.0,0.039473684210526314,77,102
111,ask_to_forget,True,4.0,11.0,0.05263157894736842,77,102
111,independent_or_other,True,62.0,186.0,0.8157894736842105,77,102
111,independent_or_other,True,6.0,17.0,0.07894736842105263,77,102
111,independent_or_other,False,,,,77,102
111,independent_or_other,True,53.0,161.0,0.6973684210526315,77,102
111,ask_to_forget,True,54.0,163.0,0.7105263157894737,77,102
111,independent_or_other,True,35.0,107.0,0.4605263157894737,77,102
111,ask_to_forget,True,36.0,111.0,0.47368421052631576,77,102
111,independent_or_other,True,2.0,5.0,0.02631578947368421,77,102
111,independent_or_other,True,23.0,69.0,0.3026315789473684,77,102
111,ask_to_forget,True,24.0,73.0,0.3157894736842105,77,102
111,independent_or_other,True,37.0,115.0,0.4868421052631579,77,102
111,independent_or_other,True,11.0,31.0,0.14473684210526316,77,102
111,independent_or_other,True,7.0,19.0,0.09210526315789473,77,102
111,independent_or_other,True,39.0,121.0,0.5131578947368421,77,102
111,independent_or_other,False,,,,77,102
111,ask_to_forget,True,58.0,175.0,0.7631578947368421,77,102
111,independent_or_other,True,43.0,131.0,0.5657894736842105,77,102
111,ask_to_forget,True,44.0,133.0,0.5789473684210527,77,102
111,independent_or_other,True,50.0,153.0,0.6578947368421053,77,102
111,independent_or_other,True,60.0,181.0,0.7894736842105263,77,102
111,ask_to_forget,False,,,,77,102
111,independent_or_other,True,5.0,15.0,0.06578947368421052,77,102
111,independent_or_other,True,61.0,184.0,0.8026315789473685,77,102
111,independent_or_other,True,42.0,127.0,0.5526315789473685,77,102
111,independent_or_other,True,40.0,123.0,0.5263157894736842,77,102
111,independent_or_other,True,45.0,137.0,0.5921052631578947,77,102
111,ask_to_forget,True,46.0,141.0,0.6052631578947368,77,102
111,independent_or_other,True,38.0,117.0,0.5,77,102
111,independent_or_other,True,51.0,155.0,0.6710526315789473,77,102
111,ask_to_forget,True,52.0,157.0,0.6842105263157895,77,102
111,independent_or_other,True,21.0,63.0,0.27631578947368424,77,102
111,ask_to_forget,True,22.0,65.0,0.2894736842105263,77,102
111,independent_or_other,True,8.0,23.0,0.10526315789473684,77,102
111,ask_to_forget,True,9.0,25.0,0.11842105263157894,77,102
111,ask_to_forget,True,49.0,149.0,0.6447368421052632,77,102
111,independent_or_other,False,,,,77,102
111,ask_to_forget,False,,,,77,102
111,independent_or_other,False,,,,77,102
111,ask_to_forget,False,,,,77,102
111,ask_to_forget,False,,,,77,102
111,independent_or_other,True,33.0,101.0,0.4342105263157895,77,102
111,ask_to_forget,True,34.0,103.0,0.4473684210526316,77,102
111,independent_or_other,True,19.0,57.0,0.25,77,102
111,ask_to_forget,True,20.0,59.0,0.2631578947368421,77,102
111,independent_or_other,True,10.0,29.0,0.13157894736842105,77,102
111,independent_or_other,True,55.0,167.0,0.7236842105263158,77,102
111,independent_or_other,True,29.0,89.0,0.3815789473684211,77,102
111,ask_to_forget,True,30.0,91.0,0.39473684210526316,77,102
111,independent_or_other,True,47.0,145.0,0.618421052631579,77,102
111,independent_or_other,True,1.0,3.0,0.013157894736842105,77,102
111,independent_or_other,False,,,,77,102
111,ask_to_forget,False,,,,77,102
111,independent_or_other,False,,,,77,102
111,native_update,True,64.0,192.0,0.8421052631578947,77,102
111,native_update,False,,,,77,102
111,native_update,False,,,,77,102
111,native_update,True,65.0,194.0,0.8552631578947368,77,102
111,native_update,False,,,,77,102
111,native_update,True,66.0,196.0,0.868421052631579,77,102
111,independent_or_other,True,17.0,49.0,0.2236842105263158,77,102
111,ask_to_forget,True,18.0,53.0,0.23684210526315788,77,102
111,independent_or_other,True,31.0,95.0,0.40789473684210525,77,102
111,native_update,False,,,,77,102
111,native_update,False,,,,77,102
111,independent_or_other,True,57.0,173.0,0.75,77,102
111,independent_or_other,True,56.0,169.0,0.7368421052631579,77,102
111,native_update,False,,,,77,102
111,native_update,False,,,,77,102
111,native_update,True,67.0,198.0,0.881578947368421,77,102
111,native_update,True,68.0,200.0,0.8947368421052632,77,102
111,native_update,True,76.0,224.0,1.0,77,102
111,independent_or_other,False,,,,77,102
111,independent_or_other,True,59.0,179.0,0.7763157894736842,77,102
111,ask_to_forget,False,,,,77,102
111,independent_or_other,True,25.0,77.0,0.32894736842105265,77,102
111,ask_to_forget,True,26.0,79.0,0.34210526315789475,77,102
111,independent_or_other,True,13.0,35.0,0.17105263157894737,77,102
111,ask_to_forget,True,14.0,37.0,0.18421052631578946,77,102
111,native_update,True,69.0,204.0,0.9078947368421053,77,102
111,native_update,False,,,,77,102
111,native_update,False,,,,77,102
111,independent_or_other,True,15.0,41.0,0.19736842105263158,77,102
111,ask_to_forget,True,16.0,45.0,0.21052631578947367,77,102
111,native_update,False,,,,77,102
111,native_update,False,,,,77,102
111,native_update,True,74.0,218.0,0.9736842105263158,77,102
111,native_update,True,70.0,206.0,0.9210526315789473,77,102
111,independent_or_other,True,12.0,33.0,0.15789473684210525,77,102
111,independent_or_other,True,48.0,147.0,0.631578947368421,77,102
111,native_update,False,,,,77,102
111,independent_or_other,True,41.0,125.0,0.5394736842105263,77,102
111,independent_or_other,True,63.0,188.0,0.8289473684210527,77,102
111,independent_or_other,True,0.0,1.0,0.0,77,102
111,native_update,True,75.0,220.0,0.9868421052631579,77,102
111,native_update,True,71.0,210.0,0.9342105263157895,77,102
111,native_update,True,72.0,214.0,0.9473684210526315,77,102
111,native_update,True,73.0,216.0,0.9605263157894737,77,102
114,independent_or_other,False,,,,64,93
114,ask_to_forget,False,,,,64,93
114,independent_or_other,True,25.0,89.0,0.3968253968253968,64,93
114,independent_or_other,True,24.0,85.0,0.38095238095238093,64,93
114,independent_or_other,True,2.0,11.0,0.031746031746031744,64,93
114,independent_or_other,False,,,,64,93
114,independent_or_other,False,,,,64,93
114,ask_to_forget,False,,,,64,93
114,ask_to_forget,True,32.0,113.0,0.5079365079365079,64,93
114,independent_or_other,True,5.0,21.0,0.07936507936507936,64,93
114,ask_to_forget,True,6.0,25.0,0.09523809523809523,64,93
114,independent_or_other,False,,,,64,93
114,independent_or_other,False,,,,64,93
114,independent_or_other,False,,,,64,93
114,ask_to_forget,False,,,,64,93
114,ask_to_forget,False,,,,64,93
114,independent_or_other,True,21.0,77.0,0.3333333333333333,64,93
114,independent_or_other,False,,,,64,93
114,ask_to_forget,False,,,,64,93
114,independent_or_other,True,7.0,29.0,0.1111111111111111,64,93
114,ask_to_forget,True,8.0,33.0,0.12698412698412698,64,93
114,independent_or_other,True,19.0,69.0,0.30158730158730157,64,93
114,ask_to_forget,True,20.0,73.0,0.31746031746031744,64,93
114,independent_or_other,True,35.0,125.0,0.5555555555555556,64,93
114,independent_or_other,True,42.0,146.0,0.6666666666666666,64,93
114,independent_or_other,True,36.0,129.0,0.5714285714285714,64,93
114,ask_to_forget,False,,,,64,93
114,independent_or_other,True,26.0,91.0,0.4126984126984127,64,93
114,ask_to_forget,True,27.0,95.0,0.42857142857142855,64,93
114,independent_or_other,True,22.0,79.0,0.3492063492063492,64,93
114,ask_to_forget,True,23.0,81.0,0.36507936507936506,64,93
114,independent_or_other,True,30.0,107.0,0.47619047619047616,64,93
114,independent_or_other,True,44.0,152.0,0.6984126984126984,64,93
114,independent_or_other,True,38.0,136.0,0.6031746031746031,64,93
114,independent_or_other,False,,,,64,93
114,ask_to_forget,False,,,,64,93
114,ask_to_forget,False,,,,64,93
114,independent_or_other,True,15.0,55.0,0.23809523809523808,64,93
114,ask_to_forget,True,16.0,57.0,0.25396825396825395,64,93
114,independent_or_other,True,0.0,1.0,0.0,64,93
114,ask_to_forget,True,1.0,3.0,0.015873015873015872,64,93
114,independent_or_other,True,33.0,117.0,0.5238095238095238,64,93
114,ask_to_forget,True,34.0,121.0,0.5396825396825397,64,93
114,independent_or_other,False,,,,64,93
114,independent_or_other,False,,,,64,93
114,ask_to_forget,False,,,,64,93
114,independent_or_other,True,13.0,49.0,0.20634920634920634,64,93
114,ask_to_forget,True,14.0,51.0,0.2222222222222222,64,93
114,independent_or_other,True,17.0,61.0,0.2698412698412698,64,93
114,ask_to_forget,True,18.0,65.0,0.2857142857142857,64,93
114,independent_or_other,False,,,,64,93
114,ask_to_forget,False,,,,64,93
114,independent_or_other,True,12.0,45.0,0.19047619047619047,64,93
114,independent_or_other,True,39.0,138.0,0.6190476190476191,64,93
114,independent_or_other,False,,,,64,93
114,native_update,False,,,,64,93
114,native_update,False,,,,64,93
114,native_update,True,45.0,154.0,0.7142857142857143,64,93
114,native_update,True,46.0,156.0,0.7301587301587301,64,93
114,native_update,True,47.0,158.0,0.746031746031746,64,93
114,independent_or_other,True,9.0,37.0,0.14285714285714285,64,93
114,independent_or_other,True,40.0,140.0,0.6349206349206349,64,93
114,native_update,False,,,,64,93
114,independent_or_other,True,3.0,13.0,0.047619047619047616,64,93
114,ask_to_forget,True,4.0,17.0,0.06349206349206349,64,93
114,independent_or_other,True,37.0,134.0,0.5873015873015873,64,93
114,native_update,False,,,,64,93
114,independent_or_other,True,10.0,39.0,0.15873015873015872,64,93
114,ask_to_forget,True,11.0,41.0,0.1746031746031746,64,93
114,native_update,True,48.0,160.0,0.7619047619047619,64,93
114,native_update,True,49.0,162.0,0.7777777777777778,64,93
114,native_update,True,61.0,194.0,0.9682539682539683,64,93
114,native_update,False,,,,64,93
114,native_update,True,50.0,166.0,0.7936507936507936,64,93
114,native_update,True,51.0,170.0,0.8095238095238095,64,93
114,independent_or_other,True,43.0,148.0,0.6825396825396826,64,93
114,independent_or_other,True,28.0,99.0,0.4444444444444444,64,93
114,ask_to_forget,True,29.0,103.0,0.4603174603174603,64,93
114,independent_or_other,True,31.0,111.0,0.49206349206349204,64,93
114,independent_or_other,True,41.0,142.0,0.6507936507936508,64,93
114,native_update,True,62.0,196.0,0.9841269841269841,64,93
114,native_update,True,52.0,174.0,0.8253968253968254,64,93
114,native_update,True,53.0,176.0,0.8412698412698413,64,93
114,native_update,False,,,,64,93
114,native_update,True,54.0,178.0,0.8571428571428571,64,93
114,native_update,True,63.0,200.0,1.0,64,93
114,native_update,True,55.0,180.0,0.873015873015873,64,93
114,native_update,True,56.0,184.0,0.8888888888888888,64,93
114,native_update,True,59.0,190.0,0.9365079365079365,64,93
114,native_update,True,60.0,192.0,0.9523809523809523,64,93
114,native_update,True,57.0,186.0,0.9047619047619048,64,93
114,native_update,True,58.0,188.0,0.9206349206349206,64,93
114,independent_or_other,False,,,,64,93
123,independent_or_other,True,11.0,39.0,0.14473684210526316,77,81
123,ask_to_forget,True,12.0,41.0,0.15789473684210525,77,81
123,independent_or_other,True,5.0,17.0,0.06578947368421052,77,81
123,ask_to_forget,True,6.0,21.0,0.07894736842105263,77,81
123,independent_or_other,True,38.0,117.0,0.5,77,81
123,ask_to_forget,True,39.0,121.0,0.5131578947368421,77,81
123,independent_or_other,False,,,,77,81
123,independent_or_other,True,31.0,99.0,0.40789473684210525,77,81
123,ask_to_forget,True,32.0,101.0,0.42105263157894735,77,81
123,independent_or_other,True,29.0,93.0,0.3815789473684211,77,81
123,independent_or_other,True,48.0,155.0,0.631578947368421,77,81
123,ask_to_forget,True,49.0,157.0,0.6447368421052632,77,81
123,independent_or_other,True,24.0,75.0,0.3157894736842105,77,81
123,independent_or_other,True,7.0,25.0,0.09210526315789473,77,81
123,ask_to_forget,True,8.0,29.0,0.10526315789473684,77,81
123,independent_or_other,True,50.0,161.0,0.6578947368421053,77,81
123,ask_to_forget,True,51.0,163.0,0.6710526315789473,77,81
123,ask_to_forget,True,58.0,183.0,0.7631578947368421,77,81
123,independent_or_other,True,40.0,125.0,0.5263157894736842,77,81
123,ask_to_forget,True,41.0,131.0,0.5394736842105263,77,81
123,ask_to_forget,True,75.0,233.0,0.9868421052631579,77,81
123,ask_to_forget,True,76.0,237.0,1.0,77,81
123,independent_or_other,True,26.0,83.0,0.34210526315789475,77,81
123,ask_to_forget,True,27.0,87.0,0.35526315789473684,77,81
123,independent_or_other,True,25.0,77.0,0.32894736842105265,77,81
123,independent_or_other,True,2.0,9.0,0.02631578947368421,77,81
123,independent_or_other,False,,,,77,81
123,independent_or_other,False,,,,77,81
123,independent_or_other,True,0.0,1.0,0.0,77,81
123,ask_to_forget,True,1.0,5.0,0.013157894736842105,77,81
123,independent_or_other,True,34.0,107.0,0.4473684210526316,77,81
123,independent_or_other,True,37.0,115.0,0.4868421052631579,77,81
123,independent_or_other,True,3.0,11.0,0.039473684210526314,77,81
123,ask_to_forget,True,4.0,13.0,0.05263157894736842,77,81
123,independent_or_other,True,30.0,95.0,0.39473684210526316,77,81
123,independent_or_other,True,21.0,67.0,0.27631578947368424,77,81
123,ask_to_forget,True,22.0,69.0,0.2894736842105263,77,81
123,independent_or_other,True,13.0,45.0,0.17105263157894737,77,81
123,independent_or_other,True,46.0,149.0,0.6052631578947368,77,81
123,ask_to_forget,True,47.0,151.0,0.618421052631579,77,81
123,independent_or_other,True,9.0,33.0,0.11842105263157894,77,81
123,ask_to_forget,True,10.0,35.0,0.13157894736842105,77,81
123,independent_or_other,True,19.0,61.0,0.25,77,81
123,ask_to_forget,True,20.0,63.0,0.2631578947368421,77,81
123,independent_or_other,True,14.0,47.0,0.18421052631578946,77,81
123,ask_to_forget,True,15.0,49.0,0.19736842105263158,77,81
123,independent_or_other,True,35.0,109.0,0.4605263157894737,77,81
123,ask_to_forget,True,36.0,111.0,0.47368421052631576,77,81
123,ask_to_forget,True,45.0,145.0,0.5921052631578947,77,81
123,independent_or_other,True,42.0,135.0,0.5526315789473685,77,81
123,ask_to_forget,True,43.0,139.0,0.5657894736842105,77,81
123,independent_or_other,True,28.0,91.0,0.3684210526315789,77,81
123,independent_or_other,True,52.0,167.0,0.6842105263157895,77,81
123,ask_to_forget,True,53.0,169.0,0.6973684210526315,77,81
123,independent_or_other,True,17.0,55.0,0.2236842105263158,77,81
123,independent_or_other,True,56.0,179.0,0.7368421052631579,77,81
123,independent_or_other,True,33.0,105.0,0.4342105263157895,77,81
123,independent_or_other,False,,,,77,81
123,independent_or_other,True,16.0,53.0,0.21052631578947367,77,81
123,independent_or_other,True,23.0,73.0,0.3026315789473684,77,81
123,native_update,True,59.0,187.0,0.7763157894736842,77,81
123,native_update,True,60.0,189.0,0.7894736842105263,77,81
123,independent_or_other,True,54.0,173.0,0.7105263157894737,77,81
123,ask_to_forget,True,55.0,175.0,0.7236842105263158,77,81
123,native_update,True,61.0,191.0,0.8026315789473685,77,81
123,native_update,True,62.0,195.0,0.8157894736842105,77,81
123,independent_or_other,True,57.0,181.0,0.75,77,81
123,native_update,True,71.0,221.0,0.9342105263157895,77,81
123,native_update,True,63.0,197.0,0.8289473684210527,77,81
123,native_update,True,64.0,199.0,0.8421052631578947,77,81
123,independent_or_other,True,18.0,59.0,0.23684210526315788,77,81
123,independent_or_other,True,44.0,143.0,0.5789473684210527,77,81
123,native_update,True,65.0,201.0,0.8552631578947368,77,81
123,native_update,True,66.0,203.0,0.868421052631579,77,81
123,native_update,True,67.0,207.0,0.881578947368421,77,81
123,native_update,True,73.0,227.0,0.9605263157894737,77,81
123,native_update,True,70.0,219.0,0.9210526315789473,77,81
123,native_update,True,74.0,231.0,0.9736842105263158,77,81
123,native_update,True,72.0,225.0,0.9473684210526315,77,81
123,native_update,True,68.0,211.0,0.8947368421052632,77,81
123,native_update,True,69.0,215.0,0.9078947368421053,77,81
139,independent_or_other,True,5.0,23.0,0.07142857142857142,71,97
139,ask_to_forget,True,6.0,29.0,0.08571428571428572,71,97
139,independent_or_other,True,44.0,157.0,0.6285714285714286,71,97
139,ask_to_forget,True,45.0,161.0,0.6428571428571429,71,97
139,independent_or_other,True,25.0,97.0,0.35714285714285715,71,97
139,ask_to_forget,False,,,,71,97
139,ask_to_forget,False,,,,71,97
139,ask_to_forget,False,,,,71,97
139,independent_or_other,True,10.0,43.0,0.14285714285714285,71,97
139,ask_to_forget,True,11.0,47.0,0.15714285714285714,71,97
139,independent_or_other,False,,,,71,97
139,independent_or_other,True,26.0,103.0,0.37142857142857144,71,97
139,independent_or_other,True,0.0,1.0,0.0,71,97
139,independent_or_other,True,35.0,135.0,0.5,71,97
139,ask_to_forget,True,36.0,137.0,0.5142857142857142,71,97
139,independent_or_other,True,41.0,149.0,0.5857142857142857,71,97
139,independent_or_other,False,,,,71,97
139,independent_or_other,False,,,,71,97
139,independent_or_other,True,18.0,75.0,0.2571428571428571,71,97
139,independent_or_other,True,48.0,173.0,0.6857142857142857,71,97
139,ask_to_forget,True,49.0,177.0,0.7,71,97
139,independent_or_other,True,19.0,77.0,0.2714285714285714,71,97
139,ask_to_forget,True,20.0,79.0,0.2857142857142857,71,97
139,independent_or_other,True,12.0,51.0,0.17142857142857143,71,97
139,ask_to_forget,True,13.0,55.0,0.18571428571428572,71,97
139,independent_or_other,True,38.0,143.0,0.5428571428571428,71,97
139,independent_or_other,True,23.0,91.0,0.32857142857142857,71,97
139,independent_or_other,True,14.0,59.0,0.2,71,97
139,ask_to_forget,True,15.0,63.0,0.21428571428571427,71,97
139,independent_or_other,True,16.0,67.0,0.22857142857142856,71,97
139,ask_to_forget,True,17.0,71.0,0.24285714285714285,71,97
139,independent_or_other,True,21.0,83.0,0.3,71,97
139,ask_to_forget,True,22.0,87.0,0.3142857142857143,71,97
139,independent_or_other,True,34.0,133.0,0.4857142857142857,71,97
139,independent_or_other,True,27.0,109.0,0.38571428571428573,71,97
139,ask_to_forget,True,28.0,111.0,0.4,71,97
139,independent_or_other,False,,,,71,97
139,independent_or_other,True,43.0,153.0,0.6142857142857143,71,97
139,independent_or_other,True,37.0,141.0,0.5285714285714286,71,97
139,independent_or_other,True,29.0,115.0,0.4142857142857143,71,97
139,ask_to_forget,True,30.0,119.0,0.42857142857142855,71,97
139,independent_or_other,False,,,,71,97
139,independent_or_other,False,,,,71,97
139,independent_or_other,True,2.0,9.0,0.02857142857142857,71,97
139,independent_or_other,True,3.0,17.0,0.04285714285714286,71,97
139,ask_to_forget,True,4.0,19.0,0.05714285714285714,71,97
139,independent_or_other,True,50.0,181.0,0.7142857142857143,71,97
139,independent_or_other,True,7.0,33.0,0.1,71,97
139,independent_or_other,True,1.0,5.0,0.014285714285714285,71,97
139,native_update,True,51.0,183.0,0.7285714285714285,71,97
139,native_update,True,52.0,185.0,0.7428571428571429,71,97
139,native_update,True,70.0,232.0,1.0,71,97
139,native_update,True,53.0,187.0,0.7571428571428571,71,97
139,native_update,True,54.0,191.0,0.7714285714285715,71,97
139,native_update,True,63.0,218.0,0.9,71,97
139,native_update,False,,,,71,97
139,native_update,True,55.0,194.0,0.7857142857142857,71,97
139,native_update,True,56.0,198.0,0.8,71,97
139,native_update,False,,,,71,97
139,native_update,True,57.0,200.0,0.8142857142857143,71,97
139,native_update,False,,,,71,97
139,independent_or_other,True,47.0,171.0,0.6714285714285714,71,97
139,independent_or_other,True,40.0,147.0,0.5714285714285714,71,97
139,native_update,False,,,,71,97
139,native_update,False,,,,71,97
139,native_update,True,67.0,226.0,0.9571428571428572,71,97
139,native_update,True,62.0,216.0,0.8857142857142857,71,97
139,independent_or_other,True,31.0,123.0,0.44285714285714284,71,97
139,independent_or_other,True,39.0,145.0,0.5571428571428572,71,97
139,independent_or_other,True,33.0,129.0,0.4714285714285714,71,97
139,native_update,True,58.0,202.0,0.8285714285714286,71,97
139,native_update,False,,,,71,97
139,native_update,False,,,,71,97
139,independent_or_other,True,8.0,37.0,0.11428571428571428,71,97
139,ask_to_forget,True,9.0,39.0,0.12857142857142856,71,97
139,native_update,False,,,,71,97
139,independent_or_other,True,42.0,151.0,0.6,71,97
139,native_update,False,,,,71,97
139,native_update,False,,,,71,97
139,native_update,True,65.0,222.0,0.9285714285714286,71,97
139,native_update,True,59.0,206.0,0.8428571428571429,71,97
139,native_update,True,60.0,210.0,0.8571428571428571,71,97
139,independent_or_other,True,24.0,95.0,0.34285714285714286,71,97
139,native_update,True,68.0,228.0,0.9714285714285714,71,97
139,native_update,True,61.0,214.0,0.8714285714285714,71,97
139,native_update,False,,,,71,97
139,independent_or_other,True,32.0,125.0,0.45714285714285713,71,97
139,independent_or_other,True,46.0,165.0,0.6571428571428571,71,97
139,native_update,False,,,,71,97
139,native_update,False,,,,71,97
139,native_update,True,64.0,220.0,0.9142857142857143,71,97
139,native_update,True,66.0,224.0,0.9428571428571428,71,97
139,native_update,True,69.0,230.0,0.9857142857142858,71,97
139,independent_or_other,False,,,,71,97
139,independent_or_other,False,,,,71,97
139,independent_or_other,False,,,,71,97
139,independent_or_other,False,,,,71,97
142,ask_to_forget,True,65.0,211.0,1.0,66,73
142,independent_or_other,True,34.0,119.0,0.5230769230769231,66,73
142,ask_to_forget,True,35.0,121.0,0.5384615384615384,66,73
142,independent_or_other,True,24.0,87.0,0.36923076923076925,66,73
142,ask_to_forget,True,25.0,91.0,0.38461538461538464,66,73
142,independent_or_other,True,22.0,81.0,0.3384615384615385,66,73
142,ask_to_forget,True,23.0,83.0,0.35384615384615387,66,73
142,independent_or_other,True,18.0,67.0,0.27692307692307694,66,73
142,independent_or_other,True,26.0,95.0,0.4,66,73
142,ask_to_forget,True,27.0,97.0,0.4153846153846154,66,73
142,independent_or_other,True,15.0,55.0,0.23076923076923078,66,73
142,ask_to_forget,True,16.0,61.0,0.24615384615384617,66,73
142,independent_or_other,True,28.0,103.0,0.4307692307692308,66,73
142,ask_to_forget,True,29.0,105.0,0.4461538461538462,66,73
142,independent_or_other,True,9.0,33.0,0.13846153846153847,66,73
142,independent_or_other,True,4.0,15.0,0.06153846153846154,66,73
142,independent_or_other,False,,,,66,73
142,independent_or_other,False,,,,66,73
142,independent_or_other,True,40.0,137.0,0.6153846153846154,66,73
142,ask_to_forget,True,41.0,141.0,0.6307692307692307,66,73
142,independent_or_other,True,38.0,131.0,0.5846153846153846,66,73
142,independent_or_other,True,13.0,47.0,0.2,66,73
142,ask_to_forget,True,14.0,51.0,0.2153846153846154,66,73
142,independent_or_other,True,5.0,19.0,0.07692307692307693,66,73
142,ask_to_forget,True,6.0,21.0,0.09230769230769231,66,73
142,independent_or_other,True,7.0,25.0,0.1076923076923077,66,73
142,ask_to_forget,True,8.0,29.0,0.12307692307692308,66,73
142,independent_or_other,True,10.0,37.0,0.15384615384615385,66,73
142,ask_to_forget,True,11.0,39.0,0.16923076923076924,66,73
142,independent_or_other,False,,,,66,73
142,independent_or_other,True,1.0,5.0,0.015384615384615385,66,73
142,independent_or_other,True,2.0,9.0,0.03076923076923077,66,73
142,ask_to_forget,True,3.0,11.0,0.046153846153846156,66,73
142,independent_or_other,True,30.0,109.0,0.46153846153846156,66,73
142,ask_to_forget,True,31.0,111.0,0.47692307692307695,66,73
142,independent_or_other,True,39.0,135.0,0.6,66,73
142,independent_or_other,False,,,,66,73
142,independent_or_other,False,,,,66,73
142,independent_or_other,True,20.0,73.0,0.3076923076923077,66,73
142,ask_to_forget,True,21.0,77.0,0.3230769230769231,66,73
142,independent_or_other,True,19.0,69.0,0.2923076923076923,66,73
142,independent_or_other,True,33.0,117.0,0.5076923076923077,66,73
142,independent_or_other,True,36.0,125.0,0.5538461538461539,66,73
142,ask_to_forget,True,37.0,127.0,0.5692307692307692,66,73
142,independent_or_other,True,17.0,65.0,0.26153846153846155,66,73
142,independent_or_other,False,,,,66,73
142,native_update,True,42.0,145.0,0.6461538461538462,66,73
142,native_update,True,43.0,149.0,0.6615384615384615,66,73
142,native_update,True,44.0,153.0,0.676923076923077,66,73
142,native_update,True,45.0,157.0,0.6923076923076923,66,73
142,native_update,True,46.0,161.0,0.7076923076923077,66,73
142,independent_or_other,True,12.0,43.0,0.18461538461538463,66,73
142,native_update,True,47.0,163.0,0.7230769230769231,66,73
142,native_update,True,48.0,165.0,0.7384615384615385,66,73
142,native_update,True,49.0,169.0,0.7538461538461538,66,73
142,native_update,True,50.0,173.0,0.7692307692307693,66,73
142,native_update,True,51.0,177.0,0.7846153846153846,66,73
142,native_update,True,52.0,179.0,0.8,66,73
142,native_update,True,63.0,207.0,0.9692307692307692,66,73
142,native_update,True,53.0,181.0,0.8153846153846154,66,73
142,native_update,True,54.0,183.0,0.8307692307692308,66,73
142,native_update,True,55.0,187.0,0.8461538461538461,66,73
142,native_update,True,56.0,189.0,0.8615384615384616,66,73
142,native_update,True,57.0,191.0,0.8769230769230769,66,73
142,native_update,True,58.0,193.0,0.8923076923076924,66,73
142,native_update,True,59.0,195.0,0.9076923076923077,66,73
142,native_update,True,62.0,203.0,0.9538461538461539,66,73
142,independent_or_other,True,0.0,1.0,0.0,66,73
142,native_update,True,60.0,197.0,0.9230769230769231,66,73
142,native_update,True,64.0,209.0,0.9846153846153847,66,73
142,native_update,True,61.0,201.0,0.9384615384615385,66,73
142,independent_or_other,True,32.0,115.0,0.49230769230769234,66,73
142,independent_or_other,False,,,,66,73
151,independent_or_other,True,24.0,75.0,0.36923076923076925,66,71
151,ask_to_forget,True,25.0,77.0,0.38461538461538464,66,71
151,independent_or_other,True,28.0,89.0,0.4307692307692308,66,71
151,ask_to_forget,True,29.0,93.0,0.4461538461538462,66,71
151,independent_or_other,False,,,,66,71
151,independent_or_other,True,14.0,45.0,0.2153846153846154,66,71
151,ask_to_forget,True,15.0,49.0,0.23076923076923078,66,71
151,independent_or_other,True,2.0,7.0,0.03076923076923077,66,71
151,independent_or_other,True,26.0,81.0,0.4,66,71
151,ask_to_forget,True,27.0,85.0,0.4153846153846154,66,71
151,ask_to_forget,True,10.0,31.0,0.15384615384615385,66,71
151,independent_or_other,True,41.0,127.0,0.6307692307692307,66,71
151,independent_or_other,False,,,,66,71
151,independent_or_other,True,23.0,73.0,0.35384615384615387,66,71
151,independent_or_other,True,7.0,21.0,0.1076923076923077,66,71
151,independent_or_other,True,32.0,103.0,0.49230769230769234,66,71
151,ask_to_forget,True,33.0,105.0,0.5076923076923077,66,71
151,independent_or_other,True,3.0,9.0,0.046153846153846156,66,71
151,independent_or_other,True,5.0,15.0,0.07692307692307693,66,71
151,ask_to_forget,True,6.0,17.0,0.09230769230769231,66,71
151,independent_or_other,False,,,,66,71
151,independent_or_other,False,,,,66,71
151,independent_or_other,True,35.0,111.0,0.5384615384615384,66,71
151,ask_to_forget,True,36.0,113.0,0.5538461538461539,66,71
151,independent_or_other,True,21.0,67.0,0.3230769230769231,66,71
151,ask_to_forget,True,22.0,69.0,0.3384615384615385,66,71
151,independent_or_other,True,11.0,35.0,0.16923076923076924,66,71
151,ask_to_forget,True,12.0,37.0,0.18461538461538463,66,71
151,ask_to_forget,False,,,,66,71
151,independent_or_other,True,18.0,57.0,0.27692307692307694,66,71
151,ask_to_forget,True,19.0,61.0,0.2923076923076923,66,71
151,native_update,True,61.0,181.0,0.9384615384615385,66,71
151,native_update,True,42.0,129.0,0.6461538461538462,66,71
151,native_update,True,43.0,131.0,0.6615384615384615,66,71
151,native_update,True,44.0,133.0,0.676923076923077,66,71
151,native_update,True,45.0,137.0,0.6923076923076923,66,71
151,native_update,True,46.0,139.0,0.7076923076923077,66,71
151,independent_or_other,True,39.0,121.0,0.6,66,71
151,independent_or_other,True,17.0,55.0,0.26153846153846155,66,71
151,independent_or_other,True,13.0,41.0,0.2,66,71
151,ask_to_forget,True,40.0,123.0,0.6153846153846154,66,71
151,native_update,True,59.0,177.0,0.9076923076923077,66,71
151,native_update,True,47.0,141.0,0.7230769230769231,66,71
151,native_update,True,48.0,145.0,0.7384615384615385,66,71
151,independent_or_other,True,0.0,1.0,0.0,66,71
151,ask_to_forget,True,1.0,3.0,0.015384615384615385,66,71
151,native_update,True,49.0,149.0,0.7538461538461538,66,71
151,independent_or_other,True,9.0,29.0,0.13846153846153847,66,71
151,native_update,True,50.0,153.0,0.7692307692307693,66,71
151,native_update,True,51.0,155.0,0.7846153846153846,66,71
151,independent_or_other,True,31.0,101.0,0.47692307692307695,66,71
151,independent_or_other,True,34.0,109.0,0.5230769230769231,66,71
151,native_update,True,65.0,193.0,1.0,66,71
151,native_update,True,52.0,159.0,0.8,66,71
151,native_update,True,53.0,161.0,0.8153846153846154,66,71
151,independent_or_other,True,16.0,53.0,0.24615384615384617,66,71
151,native_update,True,60.0,179.0,0.9230769230769231,66,71
151,native_update,True,54.0,163.0,0.8307692307692308,66,71
151,native_update,True,55.0,167.0,0.8461538461538461,66,71
151,independent_or_other,True,38.0,119.0,0.5846153846153846,66,71
151,native_update,True,62.0,183.0,0.9538461538461539,66,71
151,native_update,True,56.0,169.0,0.8615384615384616,66,71
151,independent_or_other,True,8.0,25.0,0.12307692307692308,66,71
151,independent_or_other,True,30.0,97.0,0.46153846153846156,66,71
151,independent_or_other,True,20.0,65.0,0.3076923076923077,66,71
151,independent_or_other,True,37.0,117.0,0.5692307692307692,66,71
151,native_update,True,63.0,187.0,0.9692307692307692,66,71
151,native_update,True,64.0,191.0,0.9846153846153847,66,71
151,native_update,True,57.0,171.0,0.8769230769230769,66,71
151,native_update,True,58.0,173.0,0.8923076923076924,66,71
151,independent_or_other,True,4.0,13.0,0.06153846153846154,66,71
168,independent_or_other,True,28.0,93.0,0.345679012345679,82,127
168,ask_to_forget,True,29.0,95.0,0.35802469135802467,82,127
168,independent_or_other,True,41.0,138.0,0.5061728395061729,82,127
168,independent_or_other,True,15.0,51.0,0.18518518518518517,82,127
168,ask_to_forget,True,16.0,53.0,0.19753086419753085,82,127
168,independent_or_other,True,48.0,152.0,0.5925925925925926,82,127
168,independent_or_other,True,11.0,37.0,0.13580246913580246,82,127
168,independent_or_other,True,2.0,7.0,0.024691358024691357,82,127
168,ask_to_forget,True,3.0,9.0,0.037037037037037035,82,127
168,independent_or_other,False,,,,82,127
168,ask_to_forget,False,,,,82,127
168,independent_or_other,False,,,,82,127
168,independent_or_other,True,17.0,57.0,0.20987654320987653,82,127
168,ask_to_forget,True,18.0,59.0,0.2222222222222222,82,127
168,independent_or_other,True,4.0,13.0,0.04938271604938271,82,127
168,independent_or_other,True,42.0,140.0,0.5185185185185185,82,127
168,independent_or_other,False,,,,82,127
168,ask_to_forget,False,,,,82,127
168,independent_or_other,True,36.0,121.0,0.4444444444444444,82,127
168,independent_or_other,True,12.0,41.0,0.14814814814814814,82,127
168,independent_or_other,True,55.0,176.0,0.6790123456790124,82,127
168,independent_or_other,False,,,,82,127
168,independent_or_other,False,,,,82,127
168,ask_to_forget,False,,,,82,127
168,independent_or_other,True,13.0,43.0,0.16049382716049382,82,127
168,ask_to_forget,True,14.0,47.0,0.1728395061728395,82,127
168,independent_or_other,False,,,,82,127
168,ask_to_forget,False,,,,82,127
168,independent_or_other,False,,,,82,127
168,ask_to_forget,False,,,,82,127
168,independent_or_other,True,49.0,154.0,0.6049382716049383,82,127
168,independent_or_other,True,32.0,107.0,0.3950617283950617,82,127
168,ask_to_forget,True,33.0,111.0,0.4074074074074074,82,127
168,independent_or_other,True,54.0,172.0,0.6666666666666666,82,127
168,independent_or_other,False,,,,82,127
168,independent_or_other,True,46.0,148.0,0.5679012345679012,82,127
168,independent_or_other,False,,,,82,127
168,ask_to_forget,False,,,,82,127
168,independent_or_other,True,31.0,103.0,0.38271604938271603,82,127
168,independent_or_other,True,50.0,160.0,0.6172839506172839,82,127
168,independent_or_other,False,,,,82,127
168,ask_to_forget,False,,,,82,127
168,independent_or_other,False,,,,82,127
168,ask_to_forget,False,,,,82,127
168,independent_or_other,True,40.0,135.0,0.49382716049382713,82,127
168,independent_or_other,False,,,,82,127
168,independent_or_other,True,5.0,17.0,0.06172839506172839,82,127
168,ask_to_forget,True,6.0,19.0,0.07407407407407407,82,127
168,independent_or_other,True,44.0,144.0,0.5432098765432098,82,127
168,independent_or_other,False,,,,82,127
168,ask_to_forget,False,,,,82,127
168,independent_or_other,True,51.0,162.0,0.6296296296296297,82,127
168,independent_or_other,True,26.0,87.0,0.32098765432098764,82,127
168,ask_to_forget,True,27.0,89.0,0.3333333333333333,82,127
168,independent_or_other,True,57.0,180.0,0.7037037037037037,82,127
168,independent_or_other,True,37.0,125.0,0.4567901234567901,82,127
168,ask_to_forget,True,38.0,129.0,0.4691358024691358,82,127
168,independent_or_other,False,,,,82,127
168,ask_to_forget,False,,,,82,127
168,independent_or_other,False,,,,82,127
168,ask_to_forget,False,,,,82,127
168,independent_or_other,False,,,,82,127
168,ask_to_forget,False,,,,82,127
168,independent_or_other,True,22.0,71.0,0.2716049382716049,82,127
168,ask_to_forget,True,23.0,77.0,0.2839506172839506,82,127
168,independent_or_other,True,0.0,1.0,0.0,82,127
168,independent_or_other,False,,,,82,127
168,ask_to_forget,False,,,,82,127
168,independent_or_other,True,53.0,170.0,0.654320987654321,82,127
168,independent_or_other,True,39.0,133.0,0.48148148148148145,82,127
168,independent_or_other,False,,,,82,127
168,ask_to_forget,False,,,,82,127
168,independent_or_other,True,30.0,99.0,0.37037037037037035,82,127
168,independent_or_other,False,,,,82,127
168,ask_to_forget,False,,,,82,127
168,independent_or_other,True,7.0,23.0,0.08641975308641975,82,127
168,ask_to_forget,True,8.0,25.0,0.09876543209876543,82,127
168,independent_or_other,True,24.0,81.0,0.2962962962962963,82,127
168,ask_to_forget,True,25.0,83.0,0.30864197530864196,82,127
168,independent_or_other,True,20.0,65.0,0.24691358024691357,82,127
168,ask_to_forget,True,21.0,67.0,0.25925925925925924,82,127
168,independent_or_other,True,34.0,115.0,0.41975308641975306,82,127
168,ask_to_forget,True,35.0,117.0,0.43209876543209874,82,127
168,independent_or_other,True,45.0,146.0,0.5555555555555556,82,127
168,native_update,True,59.0,184.0,0.7283950617283951,82,127
168,native_update,True,60.0,188.0,0.7407407407407407,82,127
168,native_update,False,,,,82,127
168,native_update,True,61.0,190.0,0.7530864197530864,82,127
168,native_update,True,62.0,194.0,0.7654320987654321,82,127
168,native_update,True,75.0,222.0,0.9259259259259259,82,127
168,native_update,False,,,,82,127
168,native_update,True,70.0,210.0,0.8641975308641975,82,127
168,native_update,True,63.0,196.0,0.7777777777777778,82,127
168,native_update,True,64.0,198.0,0.7901234567901234,82,127
168,native_update,True,71.0,212.0,0.8765432098765432,82,127
168,native_update,True,65.0,200.0,0.8024691358024691,82,127
168,native_update,True,78.0,228.0,0.9629629629629629,82,127
168,native_update,True,66.0,202.0,0.8148148148148148,82,127
168,native_update,False,,,,82,127
168,native_update,True,81.0,236.0,1.0,82,127
168,native_update,True,76.0,224.0,0.9382716049382716,82,127
168,independent_or_other,True,43.0,142.0,0.5308641975308642,82,127
168,independent_or_other,True,52.0,166.0,0.6419753086419753,82,127
168,native_update,True,77.0,226.0,0.9506172839506173,82,127
168,native_update,True,67.0,204.0,0.8271604938271605,82,127
168,native_update,False,,,,82,127
168,native_update,True,80.0,234.0,0.9876543209876543,82,127
168,native_update,False,,,,82,127
168,native_update,False,,,,82,127
168,native_update,False,,,,82,127
168,native_update,True,68.0,206.0,0.8395061728395061,82,127
168,native_update,False,,,,82,127
168,native_update,True,73.0,218.0,0.9012345679012346,82,127
168,native_update,True,74.0,220.0,0.9135802469135802,82,127
168,native_update,False,,,,82,127
168,native_update,True,72.0,214.0,0.8888888888888888,82,127
168,native_update,True,69.0,208.0,0.8518518518518519,82,127
168,independent_or_other,True,19.0,63.0,0.2345679012345679,82,127
168,independent_or_other,True,56.0,178.0,0.691358024691358,82,127
168,native_update,False,,,,82,127
168,independent_or_other,True,58.0,182.0,0.7160493827160493,82,127
168,native_update,False,,,,82,127
168,native_update,True,79.0,230.0,0.9753086419753086,82,127
168,independent_or_other,True,9.0,29.0,0.1111111111111111,82,127
168,ask_to_forget,True,10.0,33.0,0.12345679012345678,82,127
168,independent_or_other,True,1.0,5.0,0.012345679012345678,82,127
168,independent_or_other,True,47.0,150.0,0.5802469135802469,82,127
171,ask_to_forget,False,,,,71,87
171,independent_or_other,True,35.0,117.0,0.5,71,87
171,ask_to_forget,True,36.0,119.0,0.5142857142857142,71,87
171,independent_or_other,True,28.0,93.0,0.4,71,87
171,ask_to_forget,True,29.0,95.0,0.4142857142857143,71,87
171,ask_to_forget,True,53.0,171.0,0.7571428571428571,71,87
171,independent_or_other,True,20.0,63.0,0.2857142857142857,71,87
171,ask_to_forget,True,21.0,67.0,0.3,71,87
171,independent_or_other,True,0.0,1.0,0.0,71,87
171,ask_to_forget,False,,,,71,87
171,independent_or_other,True,45.0,149.0,0.6428571428571429,71,87
171,ask_to_forget,True,46.0,151.0,0.6571428571428571,71,87
171,independent_or_other,True,24.0,77.0,0.34285714285714286,71,87
171,ask_to_forget,True,25.0,83.0,0.35714285714285715,71,87
171,independent_or_other,False,,,,71,87
171,independent_or_other,True,11.0,35.0,0.15714285714285714,71,87
171,independent_or_other,True,6.0,21.0,0.08571428571428572,71,87
171,ask_to_forget,False,,,,71,87
171,independent_or_other,True,43.0,141.0,0.6142857142857143,71,87
171,independent_or_other,True,50.0,163.0,0.7142857142857143,71,87
171,ask_to_forget,True,51.0,165.0,0.7285714285714285,71,87
171,independent_or_other,True,1.0,5.0,0.014285714285714285,71,87
171,ask_to_forget,True,2.0,7.0,0.02857142857142857,71,87
171,independent_or_other,True,30.0,99.0,0.42857142857142855,71,87
171,independent_or_other,False,,,,71,87
171,independent_or_other,True,7.0,25.0,0.1,71,87
171,ask_to_forget,False,,,,71,87
171,independent_or_other,True,31.0,103.0,0.44285714285714284,71,87
171,ask_to_forget,True,32.0,105.0,0.45714285714285713,71,87
171,independent_or_other,True,4.0,15.0,0.05714285714285714,71,87
171,ask_to_forget,True,5.0,17.0,0.07142857142857142,71,87
171,independent_or_other,True,47.0,155.0,0.6714285714285714,71,87
171,ask_to_forget,True,48.0,157.0,0.6857142857142857,71,87
171,independent_or_other,False,,,,71,87
171,independent_or_other,True,39.0,129.0,0.5571428571428572,71,87
171,independent_or_other,True,22.0,71.0,0.3142857142857143,71,87
171,ask_to_forget,True,23.0,73.0,0.32857142857142857,71,87
171,independent_or_other,True,8.0,27.0,0.11428571428571428,71,87
171,ask_to_forget,False,,,,71,87
171,independent_or_other,True,49.0,161.0,0.7,71,87
171,independent_or_other,True,40.0,133.0,0.5714285714285714,71,87
171,ask_to_forget,True,41.0,135.0,0.5857142857142857,71,87
171,independent_or_other,True,42.0,139.0,0.6,71,87
171,independent_or_other,True,12.0,37.0,0.17142857142857143,71,87
171,ask_to_forget,True,13.0,41.0,0.18571428571428572,71,87
171,independent_or_other,True,37.0,123.0,0.5285714285714286,71,87
171,ask_to_forget,True,38.0,125.0,0.5428571428571428,71,87
171,independent_or_other,True,17.0,55.0,0.24285714285714285,71,87
171,independent_or_other,True,9.0,29.0,0.12857142857142856,71,87
171,ask_to_forget,True,10.0,31.0,0.14285714285714285,71,87
171,independent_or_other,True,18.0,57.0,0.2571428571428571,71,87
171,ask_to_forget,True,19.0,59.0,0.2714285714285714,71,87
171,independent_or_other,True,15.0,49.0,0.21428571428571427,71,87
171,ask_to_forget,True,16.0,51.0,0.22857142857142856,71,87
171,independent_or_other,True,33.0,109.0,0.4714285714285714,71,87
171,ask_to_forget,True,34.0,113.0,0.4857142857142857,71,87
171,native_update,False,,,,71,87
171,native_update,True,54.0,178.0,0.7714285714285715,71,87
171,native_update,True,55.0,182.0,0.7857142857142857,71,87
171,native_update,True,56.0,184.0,0.8,71,87
171,native_update,True,57.0,186.0,0.8142857142857143,71,87
171,native_update,True,67.0,218.0,0.9571428571428572,71,87
171,native_update,True,68.0,222.0,0.9714285714285714,71,87
171,native_update,True,58.0,190.0,0.8285714285714286,71,87
171,native_update,True,59.0,192.0,0.8428571428571429,71,87
171,native_update,True,60.0,194.0,0.8571428571428571,71,87
171,native_update,False,,,,71,87
171,native_update,True,61.0,198.0,0.8714285714285714,71,87
171,independent_or_other,True,52.0,169.0,0.7428571428571429,71,87
171,native_update,False,,,,71,87
171,native_update,False,,,,71,87
171,native_update,True,66.0,214.0,0.9428571428571428,71,87
171,native_update,False,,,,71,87
171,native_update,True,70.0,226.0,1.0,71,87
171,native_update,True,62.0,200.0,0.8857142857142857,71,87
171,native_update,False,,,,71,87
171,native_update,True,63.0,204.0,0.9,71,87
171,native_update,True,64.0,206.0,0.9142857142857143,71,87
171,independent_or_other,True,44.0,143.0,0.6285714285714286,71,87
171,native_update,True,69.0,224.0,0.9857142857142858,71,87
171,native_update,True,65.0,210.0,0.9285714285714286,71,87
171,independent_or_other,True,14.0,45.0,0.2,71,87
171,independent_or_other,True,3.0,11.0,0.04285714285714286,71,87
171,independent_or_other,True,26.0,87.0,0.37142857142857144,71,87
171,ask_to_forget,True,27.0,89.0,0.38571428571428573,71,87
171,native_update,False,,,,71,87
171,independent_or_other,False,,,,71,87
172,independent_or_other,True,65.0,213.0,0.7558139534883721,87,99
172,ask_to_forget,True,66.0,217.0,0.7674418604651163,87,99
172,independent_or_other,True,4.0,13.0,0.046511627906976744,87,99
172,ask_to_forget,True,5.0,15.0,0.05813953488372093,87,99
172,independent_or_other,True,44.0,141.0,0.5116279069767442,87,99
172,ask_to_forget,True,45.0,143.0,0.5232558139534884,87,99
172,independent_or_other,True,43.0,139.0,0.5,87,99
172,independent_or_other,True,21.0,69.0,0.2441860465116279,87,99
172,ask_to_forget,True,22.0,73.0,0.2558139534883721,87,99
172,independent_or_other,True,35.0,117.0,0.4069767441860465,87,99
172,independent_or_other,True,29.0,97.0,0.3372093023255814,87,99
172,ask_to_forget,True,30.0,99.0,0.3488372093023256,87,99
172,independent_or_other,True,9.0,27.0,0.10465116279069768,87,99
172,ask_to_forget,True,10.0,31.0,0.11627906976744186,87,99
172,independent_or_other,True,26.0,87.0,0.3023255813953488,87,99
172,independent_or_other,True,31.0,103.0,0.36046511627906974,87,99
172,independent_or_other,True,52.0,165.0,0.6046511627906976,87,99
172,ask_to_forget,True,53.0,169.0,0.6162790697674418,87,99
172,independent_or_other,True,7.0,21.0,0.08139534883720931,87,99
172,ask_to_forget,True,8.0,23.0,0.09302325581395349,87,99
172,independent_or_other,True,36.0,119.0,0.4186046511627907,87,99
172,independent_or_other,True,63.0,207.0,0.7325581395348837,87,99
172,ask_to_forget,True,64.0,209.0,0.7441860465116279,87,99
172,independent_or_other,False,,,,87,99
172,ask_to_forget,True,47.0,149.0,0.5465116279069767,87,99
172,ask_to_forget,False,,,,87,99
172,independent_or_other,True,11.0,35.0,0.12790697674418605,87,99
172,independent_or_other,True,41.0,133.0,0.47674418604651164,87,99
172,ask_to_forget,True,42.0,135.0,0.4883720930232558,87,99
172,independent_or_other,True,25.0,85.0,0.29069767441860467,87,99
172,independent_or_other,True,17.0,55.0,0.19767441860465115,87,99
172,ask_to_forget,True,18.0,61.0,0.20930232558139536,87,99
172,independent_or_other,True,59.0,191.0,0.686046511627907,87,99
172,ask_to_forget,True,60.0,195.0,0.6976744186046512,87,99
172,independent_or_other,True,12.0,39.0,0.13953488372093023,87,99
172,ask_to_forget,True,13.0,41.0,0.1511627906976744,87,99
172,independent_or_other,True,0.0,1.0,0.0,87,99
172,ask_to_forget,False,,,,87,99
172,independent_or_other,True,23.0,77.0,0.26744186046511625,87,99
172,ask_to_forget,True,24.0,81.0,0.27906976744186046,87,99
172,independent_or_other,True,48.0,153.0,0.5581395348837209,87,99
172,ask_to_forget,True,49.0,155.0,0.5697674418604651,87,99
172,independent_or_other,True,2.0,9.0,0.023255813953488372,87,99
172,independent_or_other,True,37.0,121.0,0.43023255813953487,87,99
172,ask_to_forget,True,38.0,123.0,0.4418604651162791,87,99
172,independent_or_other,True,61.0,199.0,0.7093023255813954,87,99
172,ask_to_forget,True,62.0,203.0,0.7209302325581395,87,99
172,independent_or_other,True,14.0,45.0,0.16279069767441862,87,99
172,independent_or_other,True,27.0,91.0,0.313953488372093,87,99
172,ask_to_forget,True,28.0,93.0,0.32558139534883723,87,99
172,independent_or_other,True,67.0,221.0,0.7790697674418605,87,99
172,ask_to_forget,True,68.0,223.0,0.7906976744186046,87,99
172,independent_or_other,False,,,,87,99
172,independent_or_other,True,57.0,183.0,0.6627906976744186,87,99
172,ask_to_forget,True,58.0,187.0,0.6744186046511628,87,99
172,independent_or_other,True,34.0,115.0,0.3953488372093023,87,99
172,independent_or_other,True,39.0,127.0,0.45348837209302323,87,99
172,ask_to_forget,True,40.0,129.0,0.46511627906976744,87,99
172,independent_or_other,True,54.0,173.0,0.627906976744186,87,99
172,ask_to_forget,True,55.0,175.0,0.6395348837209303,87,99
172,independent_or_other,True,15.0,49.0,0.1744186046511628,87,99
172,ask_to_forget,True,16.0,51.0,0.18604651162790697,87,99
172,independent_or_other,True,3.0,11.0,0.03488372093023256,87,99
172,independent_or_other,True,46.0,147.0,0.5348837209302325,87,99
172,native_update,True,70.0,229.0,0.813953488372093,87,99
172,native_update,True,71.0,233.0,0.8255813953488372,87,99
172,native_update,True,84.0,268.0,0.9767441860465116,87,99
172,independent_or_other,True,1.0,7.0,0.011627906976744186,87,99
172,independent_or_other,True,20.0,67.0,0.23255813953488372,87,99
172,independent_or_other,True,50.0,159.0,0.5813953488372093,87,99
172,ask_to_forget,True,51.0,161.0,0.5930232558139535,87,99
172,native_update,True,72.0,237.0,0.8372093023255814,87,99
172,native_update,True,73.0,239.0,0.8488372093023255,87,99
172,native_update,True,74.0,241.0,0.8604651162790697,87,99
172,native_update,True,75.0,243.0,0.872093023255814,87,99
172,native_update,False,,,,87,99
172,native_update,False,,,,87,99
172,native_update,False,,,,87,99
172,native_update,False,,,,87,99
172,native_update,False,,,,87,99
172,native_update,False,,,,87,99
172,native_update,True,85.0,270.0,0.9883720930232558,87,99
172,native_update,False,,,,87,99
172,native_update,True,81.0,262.0,0.9418604651162791,87,99
172,native_update,True,76.0,246.0,0.8837209302325582,87,99
172,independent_or_other,True,69.0,227.0,0.8023255813953488,87,99
172,native_update,True,77.0,250.0,0.8953488372093024,87,99
172,native_update,True,78.0,254.0,0.9069767441860465,87,99
172,native_update,True,86.0,272.0,1.0,87,99
172,independent_or_other,True,19.0,65.0,0.22093023255813954,87,99
172,native_update,True,79.0,256.0,0.9186046511627907,87,99
172,independent_or_other,True,32.0,107.0,0.37209302325581395,87,99
172,ask_to_forget,True,33.0,111.0,0.38372093023255816,87,99
172,native_update,False,,,,87,99
172,independent_or_other,True,56.0,179.0,0.6511627906976745,87,99
172,native_update,True,82.0,264.0,0.9534883720930233,87,99
172,native_update,True,83.0,266.0,0.9651162790697675,87,99
172,native_update,True,80.0,260.0,0.9302325581395349,87,99
172,independent_or_other,True,6.0,19.0,0.06976744186046512,87,99
188,independent_or_other,True,5.0,15.0,0.060240963855421686,84,102
188,independent_or_other,False,,,,84,102
188,independent_or_other,True,17.0,53.0,0.20481927710843373,84,102
188,ask_to_forget,False,,,,84,102
188,independent_or_other,True,12.0,35.0,0.14457831325301204,84,102
188,independent_or_other,True,15.0,47.0,0.18072289156626506,84,102
188,ask_to_forget,True,16.0,49.0,0.1927710843373494,84,102
188,independent_or_other,True,35.0,121.0,0.42168674698795183,84,102
188,ask_to_forget,True,36.0,123.0,0.43373493975903615,84,102
188,independent_or_other,True,47.0,157.0,0.5662650602409639,84,102
188,ask_to_forget,True,48.0,159.0,0.5783132530120482,84,102
188,independent_or_other,True,28.0,97.0,0.3373493975903614,84,102
188,independent_or_other,False,,,,84,102
188,ask_to_forget,False,,,,84,102
188,independent_or_other,True,29.0,99.0,0.3493975903614458,84,102
188,independent_or_other,True,13.0,37.0,0.1566265060240964,84,102
188,ask_to_forget,True,14.0,43.0,0.1686746987951807,84,102
188,independent_or_other,True,6.0,17.0,0.07228915662650602,84,102
188,ask_to_forget,True,7.0,19.0,0.08433734939759036,84,102
188,independent_or_other,False,,,,84,102
188,independent_or_other,True,42.0,145.0,0.5060240963855421,84,102
188,independent_or_other,True,37.0,127.0,0.4457831325301205,84,102
188,independent_or_other,True,30.0,103.0,0.3614457831325301,84,102
188,independent_or_other,True,56.0,181.0,0.6746987951807228,84,102
188,ask_to_forget,True,57.0,185.0,0.6867469879518072,84,102
188,independent_or_other,True,8.0,23.0,0.0963855421686747,84,102
188,independent_or_other,True,54.0,177.0,0.6506024096385542,84,102
188,independent_or_other,True,33.0,111.0,0.39759036144578314,84,102
188,ask_to_forget,True,34.0,117.0,0.40963855421686746,84,102
188,independent_or_other,True,64.0,209.0,0.7710843373493976,84,102
188,independent_or_other,True,26.0,89.0,0.3132530120481928,84,102
188,ask_to_forget,True,27.0,93.0,0.3253012048192771,84,102
188,independent_or_other,True,43.0,147.0,0.5180722891566265,84,102
188,ask_to_forget,False,,,,84,102
188,independent_or_other,True,3.0,9.0,0.03614457831325301,84,102
188,ask_to_forget,True,4.0,11.0,0.04819277108433735,84,102
188,independent_or_other,True,9.0,27.0,0.10843373493975904,84,102
188,independent_or_other,True,52.0,171.0,0.6265060240963856,84,102
188,ask_to_forget,True,53.0,173.0,0.6385542168674698,84,102
188,independent_or_other,True,50.0,165.0,0.6024096385542169,84,102
188,ask_to_forget,True,51.0,167.0,0.6144578313253012,84,102
188,independent_or_other,True,10.0,29.0,0.12048192771084337,84,102
188,ask_to_forget,True,11.0,31.0,0.13253012048192772,84,102
188,independent_or_other,True,40.0,139.0,0.4819277108433735,84,102
188,independent_or_other,True,46.0,153.0,0.5542168674698795,84,102
188,independent_or_other,False,,,,84,102
188,independent_or_other,False,,,,84,102
188,independent_or_other,True,0.0,1.0,0.0,84,102
188,ask_to_forget,True,1.0,3.0,0.012048192771084338,84,102
188,independent_or_other,True,59.0,191.0,0.7108433734939759,84,102
188,ask_to_forget,True,60.0,195.0,0.7228915662650602,84,102
188,independent_or_other,True,38.0,131.0,0.4578313253012048,84,102
188,ask_to_forget,True,39.0,135.0,0.46987951807228917,84,102
188,independent_or_other,True,66.0,215.0,0.7951807228915663,84,102
188,independent_or_other,False,,,,84,102
188,independent_or_other,False,,,,84,102
188,native_update,True,67.0,219.0,0.8072289156626506,84,102
188,native_update,True,80.0,256.0,0.963855421686747,84,102
188,native_update,True,81.0,258.0,0.9759036144578314,84,102
188,native_update,True,68.0,221.0,0.8192771084337349,84,102
188,native_update,True,82.0,262.0,0.9879518072289156,84,102
188,native_update,False,,,,84,102
188,native_update,True,79.0,252.0,0.9518072289156626,84,102
188,native_update,False,,,,84,102
188,native_update,True,69.0,226.0,0.8313253012048193,84,102
188,native_update,False,,,,84,102
188,native_update,True,70.0,228.0,0.8433734939759037,84,102
188,independent_or_other,True,55.0,179.0,0.6626506024096386,84,102
188,native_update,False,,,,84,102
188,independent_or_other,True,44.0,149.0,0.5301204819277109,84,102
188,native_update,True,71.0,230.0,0.8554216867469879,84,102
188,native_update,True,72.0,234.0,0.8674698795180723,84,102
188,native_update,True,78.0,250.0,0.9397590361445783,84,102
188,native_update,True,73.0,236.0,0.8795180722891566,84,102
188,independent_or_other,True,24.0,83.0,0.2891566265060241,84,102
188,ask_to_forget,True,25.0,85.0,0.30120481927710846,84,102
188,native_update,True,74.0,238.0,0.891566265060241,84,102
188,native_update,True,75.0,242.0,0.9036144578313253,84,102
188,independent_or_other,True,18.0,57.0,0.21686746987951808,84,102
188,ask_to_forget,True,19.0,61.0,0.2289156626506024,84,102
188,native_update,True,76.0,244.0,0.9156626506024096,84,102
188,native_update,True,83.0,264.0,1.0,84,102
188,independent_or_other,True,61.0,199.0,0.7349397590361446,84,102
188,ask_to_forget,True,62.0,201.0,0.7469879518072289,84,102
188,independent_or_other,True,31.0,105.0,0.37349397590361444,84,102
188,independent_or_other,True,49.0,163.0,0.5903614457831325,84,102
188,independent_or_other,True,63.0,207.0,0.7590361445783133,84,102
188,native_update,True,77.0,246.0,0.927710843373494,84,102
188,native_update,False,,,,84,102
188,independent_or_other,True,21.0,69.0,0.25301204819277107,84,102
188,ask_to_forget,True,22.0,73.0,0.26506024096385544,84,102
188,independent_or_other,True,23.0,77.0,0.27710843373493976,84,102
188,independent_or_other,True,32.0,109.0,0.3855421686746988,84,102
188,independent_or_other,True,20.0,65.0,0.24096385542168675,84,102
188,independent_or_other,True,65.0,213.0,0.7831325301204819,84,102
188,independent_or_other,True,2.0,7.0,0.024096385542168676,84,102
188,independent_or_other,True,45.0,151.0,0.5421686746987951,84,102
188,independent_or_other,True,41.0,143.0,0.4939759036144578,84,102
188,independent_or_other,True,58.0,189.0,0.6987951807228916,84,102
188,independent_or_other,False,,,,84,102
188,independent_or_other,False,,,,84,102
188,independent_or_other,False,,,,84,102
191,independent_or_other,True,54.0,165.0,0.6666666666666666,82,96
191,ask_to_forget,True,55.0,167.0,0.6790123456790124,82,96
191,ask_to_forget,False,,,,82,96
191,independent_or_other,True,40.0,119.0,0.49382716049382713,82,96
191,ask_to_forget,True,41.0,121.0,0.5061728395061729,82,96
191,independent_or_other,True,57.0,173.0,0.7037037037037037,82,96
191,independent_or_other,True,59.0,179.0,0.7283950617283951,82,96
191,independent_or_other,True,24.0,69.0,0.2962962962962963,82,96
191,independent_or_other,True,4.0,11.0,0.04938271604938271,82,96
191,independent_or_other,False,,,,82,96
191,independent_or_other,True,5.0,13.0,0.06172839506172839,82,96
191,independent_or_other,True,29.0,83.0,0.35802469135802467,82,96
191,independent_or_other,True,7.0,19.0,0.08641975308641975,82,96
191,independent_or_other,True,45.0,133.0,0.5555555555555556,82,96
191,ask_to_forget,True,46.0,137.0,0.5679012345679012,82,96
191,independent_or_other,True,8.0,21.0,0.09876543209876543,82,96
191,ask_to_forget,True,9.0,23.0,0.1111111111111111,82,96
191,independent_or_other,True,25.0,71.0,0.30864197530864196,82,96
191,ask_to_forget,True,26.0,73.0,0.32098765432098764,82,96
191,independent_or_other,True,49.0,149.0,0.6049382716049383,82,96
191,independent_or_other,True,0.0,1.0,0.0,82,96
191,independent_or_other,False,,,,82,96
191,independent_or_other,False,,,,82,96
191,independent_or_other,True,27.0,77.0,0.3333333333333333,82,96
191,ask_to_forget,True,28.0,79.0,0.345679012345679,82,96
191,independent_or_other,True,10.0,27.0,0.12345679012345678,82,96
191,independent_or_other,True,23.0,67.0,0.2839506172839506,82,96
191,independent_or_other,True,18.0,55.0,0.2222222222222222,82,96
191,independent_or_other,True,32.0,93.0,0.3950617283950617,82,96
191,ask_to_forget,True,38.0,111.0,0.4691358024691358,82,96
191,independent_or_other,True,33.0,95.0,0.4074074074074074,82,96
191,ask_to_forget,True,34.0,97.0,0.41975308641975306,82,96
191,independent_or_other,True,6.0,17.0,0.07407407407407407,82,96
191,independent_or_other,True,50.0,153.0,0.6172839506172839,82,96
191,ask_to_forget,True,51.0,155.0,0.6296296296296297,82,96
191,independent_or_other,True,56.0,171.0,0.691358024691358,82,96
191,independent_or_other,True,60.0,181.0,0.7407407407407407,82,96
191,ask_to_forget,True,61.0,183.0,0.7530864197530864,82,96
191,independent_or_other,True,2.0,5.0,0.024691358024691357,82,96
191,ask_to_forget,True,3.0,7.0,0.037037037037037035,82,96
191,independent_or_other,False,,,,82,96
191,independent_or_other,False,,,,82,96
191,ask_to_forget,True,81.0,248.0,1.0,82,96
191,independent_or_other,True,43.0,127.0,0.5308641975308642,82,96
191,ask_to_forget,True,44.0,129.0,0.5432098765432098,82,96
191,independent_or_other,True,19.0,57.0,0.2345679012345679,82,96
191,independent_or_other,True,13.0,39.0,0.16049382716049382,82,96
191,independent_or_other,True,58.0,175.0,0.7160493827160493,82,96
191,independent_or_other,True,16.0,49.0,0.19753086419753085,82,96
191,ask_to_forget,True,17.0,51.0,0.20987654320987653,82,96
191,independent_or_other,True,35.0,101.0,0.43209876543209874,82,96
191,ask_to_forget,True,36.0,103.0,0.4444444444444444,82,96
191,independent_or_other,True,14.0,43.0,0.1728395061728395,82,96
191,ask_to_forget,True,15.0,45.0,0.18518518518518517,82,96
191,independent_or_other,True,30.0,87.0,0.37037037037037035,82,96
191,ask_to_forget,True,31.0,89.0,0.38271604938271603,82,96
191,independent_or_other,True,12.0,35.0,0.14814814814814814,82,96
191,independent_or_other,True,20.0,59.0,0.24691358024691357,82,96
191,ask_to_forget,True,21.0,61.0,0.25925925925925924,82,96
191,independent_or_other,True,42.0,125.0,0.5185185185185185,82,96
191,native_update,True,62.0,187.0,0.7654320987654321,82,96
191,native_update,True,63.0,191.0,0.7777777777777778,82,96
191,native_update,True,64.0,193.0,0.7901234567901234,82,96
191,native_update,True,65.0,197.0,0.8024691358024691,82,96
191,native_update,False,,,,82,96
191,native_update,False,,,,82,96
191,native_update,True,66.0,206.0,0.8148148148148148,82,96
191,native_update,False,,,,82,96
191,native_update,True,67.0,210.0,0.8271604938271605,82,96
191,native_update,False,,,,82,96
191,independent_or_other,True,37.0,107.0,0.4567901234567901,82,96
191,native_update,False,,,,82,96
191,independent_or_other,True,11.0,31.0,0.13580246913580246,82,96
191,independent_or_other,True,47.0,141.0,0.5802469135802469,82,96
191,independent_or_other,True,1.0,3.0,0.012345679012345678,82,96
191,independent_or_other,True,39.0,115.0,0.48148148148148145,82,96
191,independent_or_other,True,22.0,65.0,0.2716049382716049,82,96
191,ask_to_forget,True,48.0,145.0,0.5925925925925926,82,96
191,native_update,True,68.0,212.0,0.8395061728395061,82,96
191,native_update,False,,,,82,96
191,native_update,True,69.0,214.0,0.8518518518518519,82,96
191,native_update,True,80.0,244.0,0.9876543209876543,82,96
191,native_update,False,,,,82,96
191,native_update,True,70.0,218.0,0.8641975308641975,82,96
191,native_update,True,76.0,234.0,0.9382716049382716,82,96
191,native_update,True,71.0,222.0,0.8765432098765432,82,96
191,native_update,False,,,,82,96
191,native_update,True,72.0,224.0,0.8888888888888888,82,96
191,native_update,True,78.0,240.0,0.9629629629629629,82,96
191,native_update,True,75.0,232.0,0.9259259259259259,82,96
191,native_update,True,73.0,226.0,0.9012345679012346,82,96
191,native_update,True,79.0,242.0,0.9753086419753086,82,96
191,native_update,True,77.0,238.0,0.9506172839506173,82,96
191,independent_or_other,True,52.0,159.0,0.6419753086419753,82,96
191,ask_to_forget,True,53.0,161.0,0.654320987654321,82,96
191,native_update,True,74.0,230.0,0.9135802469135802,82,96
192,independent_or_other,True,13.0,41.0,0.17567567567567569,75,108
192,independent_or_other,False,,,,75,108
192,ask_to_forget,False,,,,75,108
192,independent_or_other,True,20.0,63.0,0.2702702702702703,75,108
192,ask_to_forget,True,21.0,67.0,0.28378378378378377,75,108
192,independent_or_other,True,46.0,153.0,0.6216216216216216,75,108
192,independent_or_other,True,41.0,141.0,0.5540540540540541,75,108
192,independent_or_other,True,42.0,143.0,0.5675675675675675,75,108
192,independent_or_other,True,14.0,43.0,0.1891891891891892,75,108
192,ask_to_forget,True,15.0,45.0,0.20270270270270271,75,108
192,independent_or_other,True,51.0,167.0,0.6891891891891891,75,108
192,independent_or_other,False,,,,75,108
192,ask_to_forget,False,,,,75,108
192,independent_or_other,True,31.0,107.0,0.4189189189189189,75,108
192,ask_to_forget,True,32.0,109.0,0.43243243243243246,75,108
192,independent_or_other,True,39.0,133.0,0.527027027027027,75,108
192,independent_or_other,True,43.0,145.0,0.581081081081081,75,108
192,independent_or_other,True,10.0,31.0,0.13513513513513514,75,108
192,independent_or_other,True,29.0,97.0,0.3918918918918919,75,108
192,ask_to_forget,True,30.0,103.0,0.40540540540540543,75,108
192,independent_or_other,True,37.0,125.0,0.5,75,108
192,independent_or_other,False,,,,75,108
192,ask_to_forget,False,,,,75,108
192,independent_or_other,True,19.0,59.0,0.25675675675675674,75,108
192,independent_or_other,True,0.0,1.0,0.0,75,108
192,ask_to_forget,True,1.0,5.0,0.013513513513513514,75,108
192,independent_or_other,True,4.0,17.0,0.05405405405405406,75,108
192,ask_to_forget,True,5.0,19.0,0.06756756756756757,75,108
192,independent_or_other,True,23.0,75.0,0.3108108108108108,75,108
192,ask_to_forget,True,24.0,77.0,0.32432432432432434,75,108
192,independent_or_other,True,8.0,27.0,0.10810810810810811,75,108
192,independent_or_other,True,2.0,9.0,0.02702702702702703,75,108
192,ask_to_forget,True,3.0,13.0,0.04054054054054054,75,108
192,independent_or_other,True,6.0,23.0,0.08108108108108109,75,108
192,independent_or_other,True,35.0,119.0,0.47297297297297297,75,108
192,ask_to_forget,True,36.0,121.0,0.4864864864864865,75,108
192,independent_or_other,False,,,,75,108
192,ask_to_forget,False,,,,75,108
192,independent_or_other,True,11.0,35.0,0.14864864864864866,75,108
192,independent_or_other,True,40.0,137.0,0.5405405405405406,75,108
192,independent_or_other,True,47.0,155.0,0.6351351351351351,75,108
192,independent_or_other,False,,,,75,108
192,ask_to_forget,False,,,,75,108
192,independent_or_other,True,45.0,151.0,0.6081081081081081,75,108
192,independent_or_other,True,27.0,89.0,0.36486486486486486,75,108
192,ask_to_forget,True,28.0,93.0,0.3783783783783784,75,108
192,ask_to_forget,False,,,,75,108
192,independent_or_other,False,,,,75,108
192,ask_to_forget,False,,,,75,108
192,independent_or_other,True,48.0,159.0,0.6486486486486487,75,108
192,ask_to_forget,True,49.0,161.0,0.6621621621621622,75,108
192,independent_or_other,True,9.0,29.0,0.12162162162162163,75,108
192,independent_or_other,True,38.0,131.0,0.5135135135135135,75,108
192,independent_or_other,False,,,,75,108
192,ask_to_forget,False,,,,75,108
192,independent_or_other,True,17.0,51.0,0.22972972972972974,75,108
192,ask_to_forget,True,18.0,55.0,0.24324324324324326,75,108
192,independent_or_other,False,,,,75,108
192,ask_to_forget,False,,,,75,108
192,independent_or_other,False,,,,75,108
192,ask_to_forget,False,,,,75,108
192,native_update,True,69.0,213.0,0.9324324324324325,75,108
192,independent_or_other,True,33.0,113.0,0.44594594594594594,75,108
192,ask_to_forget,True,34.0,115.0,0.4594594594594595,75,108
192,native_update,True,52.0,171.0,0.7027027027027027,75,108
192,independent_or_other,True,16.0,49.0,0.21621621621621623,75,108
192,native_update,True,70.0,215.0,0.9459459459459459,75,108
192,independent_or_other,True,7.0,25.0,0.0945945945945946,75,108
192,native_update,False,,,,75,108
192,native_update,True,72.0,221.0,0.972972972972973,75,108
192,native_update,False,,,,75,108
192,native_update,True,73.0,225.0,0.9864864864864865,75,108
192,native_update,True,53.0,173.0,0.7162162162162162,75,108
192,native_update,False,,,,75,108
192,native_update,True,54.0,177.0,0.7297297297297297,75,108
192,native_update,True,55.0,181.0,0.7432432432432432,75,108
192,native_update,False,,,,75,108
192,independent_or_other,True,25.0,81.0,0.33783783783783783,75,108
192,ask_to_forget,True,26.0,85.0,0.35135135135135137,75,108
192,native_update,False,,,,75,108
192,native_update,True,71.0,217.0,0.9594594594594594,75,108
192,native_update,False,,,,75,108
192,independent_or_other,False,,,,75,108
192,ask_to_forget,False,,,,75,108
192,native_update,False,,,,75,108
192,native_update,False,,,,75,108
192,native_update,True,56.0,183.0,0.7567567567567568,75,108
192,native_update,True,67.0,207.0,0.9054054054054054,75,108
192,native_update,True,57.0,185.0,0.7702702702702703,75,108
192,native_update,False,,,,75,108
192,native_update,True,58.0,187.0,0.7837837837837838,75,108
192,native_update,True,66.0,205.0,0.8918918918918919,75,108
192,native_update,True,59.0,189.0,0.7972972972972973,75,108
192,native_update,True,60.0,191.0,0.8108108108108109,75,108
192,native_update,True,61.0,193.0,0.8243243243243243,75,108
192,independent_or_other,True,50.0,165.0,0.6756756756756757,75,108
192,independent_or_other,True,44.0,149.0,0.5945945945945946,75,108
192,independent_or_other,True,22.0,71.0,0.2972972972972973,75,108
192,native_update,True,62.0,197.0,0.8378378378378378,75,108
192,independent_or_other,False,,,,75,108
192,ask_to_forget,False,,,,75,108
192,native_update,True,63.0,199.0,0.8513513513513513,75,108
192,native_update,True,64.0,201.0,0.8648648648648649,75,108
192,native_update,False,,,,75,108
192,native_update,True,68.0,209.0,0.918918918918919,75,108
192,native_update,True,74.0,227.0,1.0,75,108
192,native_update,True,65.0,203.0,0.8783783783783784,75,108
192,independent_or_other,True,12.0,39.0,0.16216216216216217,75,108
199,independent_or_other,True,27.0,95.0,0.40298507462686567,68,100
199,ask_to_forget,True,28.0,97.0,0.417910447761194,68,100
199,ask_to_forget,False,,,,68,100
199,independent_or_other,True,15.0,53.0,0.22388059701492538,68,100
199,ask_to_forget,False,,,,68,100
199,independent_or_other,True,35.0,119.0,0.5223880597014925,68,100
199,independent_or_other,True,21.0,73.0,0.31343283582089554,68,100
199,ask_to_forget,True,22.0,75.0,0.3283582089552239,68,100
199,independent_or_other,True,47.0,161.0,0.7014925373134329,68,100
199,ask_to_forget,True,48.0,163.0,0.7164179104477612,68,100
199,independent_or_other,True,36.0,123.0,0.5373134328358209,68,100
199,ask_to_forget,True,37.0,129.0,0.5522388059701493,68,100
199,independent_or_other,True,13.0,45.0,0.19402985074626866,68,100
199,ask_to_forget,True,14.0,49.0,0.208955223880597,68,100
199,independent_or_other,True,42.0,145.0,0.6268656716417911,68,100
199,ask_to_forget,True,43.0,147.0,0.6417910447761194,68,100
199,independent_or_other,True,53.0,181.0,0.7910447761194029,68,100
199,ask_to_forget,True,54.0,183.0,0.8059701492537313,68,100
199,independent_or_other,True,33.0,113.0,0.4925373134328358,68,100
199,ask_to_forget,True,34.0,115.0,0.5074626865671642,68,100
199,independent_or_other,True,38.0,133.0,0.5671641791044776,68,100
199,ask_to_forget,True,39.0,135.0,0.582089552238806,68,100
199,independent_or_other,True,19.0,67.0,0.2835820895522388,68,100
199,ask_to_forget,True,20.0,69.0,0.29850746268656714,68,100
199,independent_or_other,True,2.0,7.0,0.029850746268656716,68,100
199,ask_to_forget,True,3.0,9.0,0.04477611940298507,68,100
199,independent_or_other,True,4.0,13.0,0.05970149253731343,68,100
199,ask_to_forget,True,5.0,17.0,0.07462686567164178,68,100
199,independent_or_other,True,6.0,21.0,0.08955223880597014,68,100
199,ask_to_forget,True,7.0,23.0,0.1044776119402985,68,100
199,independent_or_other,False,,,,68,100
199,ask_to_forget,False,,,,68,100
199,independent_or_other,True,0.0,1.0,0.0,68,100
199,ask_to_forget,True,1.0,3.0,0.014925373134328358,68,100
199,independent_or_other,False,,,,68,100
199,ask_to_forget,False,,,,68,100
199,independent_or_other,False,,,,68,100
199,ask_to_forget,False,,,,68,100
199,independent_or_other,True,9.0,31.0,0.13432835820895522,68,100
199,ask_to_forget,True,10.0,35.0,0.14925373134328357,68,100
199,ask_to_forget,False,,,,68,100
199,independent_or_other,True,40.0,139.0,0.5970149253731343,68,100
199,ask_to_forget,True,41.0,141.0,0.6119402985074627,68,100
199,independent_or_other,True,56.0,191.0,0.835820895522388,68,100
199,ask_to_forget,False,,,,68,100
199,independent_or_other,True,24.0,83.0,0.3582089552238806,68,100
199,independent_or_other,True,57.0,194.0,0.8507462686567164,68,100
199,independent_or_other,True,30.0,103.0,0.44776119402985076,68,100
199,ask_to_forget,True,31.0,107.0,0.4626865671641791,68,100
199,independent_or_other,False,,,,68,100
199,ask_to_forget,False,,,,68,100
199,independent_or_other,False,,,,68,100
199,independent_or_other,True,25.0,87.0,0.373134328358209,68,100
199,ask_to_forget,True,26.0,91.0,0.3880597014925373,68,100
199,independent_or_other,True,16.0,55.0,0.23880597014925373,68,100
199,ask_to_forget,True,17.0,59.0,0.2537313432835821,68,100
199,independent_or_other,True,11.0,39.0,0.16417910447761194,68,100
199,ask_to_forget,True,12.0,41.0,0.1791044776119403,68,100
199,independent_or_other,True,32.0,111.0,0.47761194029850745,68,100
199,ask_to_forget,False,,,,68,100
199,independent_or_other,True,50.0,171.0,0.746268656716418,68,100
199,independent_or_other,True,46.0,159.0,0.6865671641791045,68,100
199,native_update,False,,,,68,100
199,native_update,False,,,,68,100
199,native_update,False,,,,68,100
199,native_update,True,60.0,202.0,0.8955223880597015,68,100
199,native_update,False,,,,68,100
199,native_update,True,61.0,206.0,0.9104477611940298,68,100
199,independent_or_other,False,,,,68,100
199,ask_to_forget,False,,,,68,100
199,native_update,False,,,,68,100
199,native_update,False,,,,68,100
199,native_update,False,,,,68,100
199,native_update,True,62.0,208.0,0.9253731343283582,68,100
199,independent_or_other,True,55.0,187.0,0.8208955223880597,68,100
199,native_update,False,,,,68,100
199,native_update,False,,,,68,100
199,native_update,True,66.0,220.0,0.9850746268656716,68,100
199,native_update,True,63.0,212.0,0.9402985074626866,68,100
199,native_update,True,64.0,214.0,0.9552238805970149,68,100
199,independent_or_other,True,52.0,177.0,0.7761194029850746,68,100
199,native_update,True,65.0,218.0,0.9701492537313433,68,100
199,independent_or_other,True,59.0,200.0,0.8805970149253731,68,100
199,native_update,False,,,,68,100
199,native_update,False,,,,68,100
199,independent_or_other,False,,,,68,100
199,independent_or_other,False,,,,68,100
199,independent_or_other,False,,,,68,100
199,independent_or_other,True,29.0,101.0,0.43283582089552236,68,100
199,independent_or_other,False,,,,68,100
199,independent_or_other,True,18.0,63.0,0.26865671641791045,68,100
199,ask_to_forget,False,,,,68,100
199,independent_or_other,True,51.0,175.0,0.7611940298507462,68,100
199,independent_or_other,True,49.0,167.0,0.7313432835820896,68,100
199,independent_or_other,True,58.0,196.0,0.8656716417910447,68,100
199,independent_or_other,True,23.0,79.0,0.34328358208955223,68,100
199,independent_or_other,True,8.0,27.0,0.11940298507462686,68,100
199,independent_or_other,True,44.0,151.0,0.6567164179104478,68,100
199,ask_to_forget,True,45.0,155.0,0.6716417910447762,68,100
199,native_update,True,67.0,224.0,1.0,68,100
203,independent_or_other,True,32.0,109.0,0.3950617283950617,82,96
203,independent_or_other,True,18.0,61.0,0.2222222222222222,82,96
203,independent_or_other,True,37.0,125.0,0.4567901234567901,82,96
203,independent_or_other,True,13.0,43.0,0.16049382716049382,82,96
203,ask_to_forget,True,14.0,47.0,0.1728395061728395,82,96
203,independent_or_other,True,64.0,207.0,0.7901234567901234,82,96
203,ask_to_forget,True,65.0,211.0,0.8024691358024691,82,96
203,independent_or_other,True,68.0,221.0,0.8395061728395061,82,96
203,independent_or_other,True,36.0,123.0,0.4444444444444444,82,96
203,independent_or_other,True,16.0,53.0,0.19753086419753085,82,96
203,ask_to_forget,True,17.0,57.0,0.20987654320987653,82,96
203,independent_or_other,True,5.0,17.0,0.06172839506172839,82,96
203,ask_to_forget,True,6.0,21.0,0.07407407407407407,82,96
203,independent_or_other,True,0.0,1.0,0.0,82,96
203,independent_or_other,True,42.0,139.0,0.5185185185185185,82,96
203,independent_or_other,True,67.0,219.0,0.8271604938271605,82,96
203,independent_or_other,True,54.0,177.0,0.6666666666666666,82,96
203,ask_to_forget,False,,,,82,96
203,independent_or_other,True,21.0,73.0,0.25925925925925924,82,96
203,ask_to_forget,True,22.0,75.0,0.2716049382716049,82,96
203,independent_or_other,True,15.0,51.0,0.18518518518518517,82,96
203,independent_or_other,True,49.0,159.0,0.6049382716049383,82,96
203,independent_or_other,True,48.0,157.0,0.5925925925925926,82,96
203,ask_to_forget,True,81.0,256.0,1.0,82,96
203,independent_or_other,True,44.0,143.0,0.5432098765432098,82,96
203,ask_to_forget,True,45.0,147.0,0.5555555555555556,82,96
203,independent_or_other,False,,,,82,96
203,ask_to_forget,False,,,,82,96
203,independent_or_other,True,62.0,201.0,0.7654320987654321,82,96
203,ask_to_forget,True,63.0,203.0,0.7777777777777778,82,96
203,independent_or_other,True,23.0,79.0,0.2839506172839506,82,96
203,ask_to_forget,True,24.0,81.0,0.2962962962962963,82,96
203,independent_or_other,True,66.0,215.0,0.8148148148148148,82,96
203,independent_or_other,True,2.0,7.0,0.024691358024691357,82,96
203,ask_to_forget,True,3.0,9.0,0.037037037037037035,82,96
203,independent_or_other,True,30.0,103.0,0.37037037037037035,82,96
203,ask_to_forget,True,31.0,105.0,0.38271604938271603,82,96
203,independent_or_other,True,41.0,135.0,0.5061728395061729,82,96
203,independent_or_other,True,1.0,3.0,0.012345679012345678,82,96
203,independent_or_other,True,56.0,183.0,0.691358024691358,82,96
203,ask_to_forget,True,57.0,185.0,0.7037037037037037,82,96
203,independent_or_other,True,50.0,161.0,0.6172839506172839,82,96
203,ask_to_forget,True,51.0,167.0,0.6296296296296297,82,96
203,independent_or_other,True,11.0,35.0,0.13580246913580246,82,96
203,ask_to_forget,True,12.0,39.0,0.14814814814814814,82,96
203,independent_or_other,True,33.0,111.0,0.4074074074074074,82,96
203,ask_to_forget,True,34.0,117.0,0.41975308641975306,82,96
203,independent_or_other,True,19.0,65.0,0.2345679012345679,82,96
203,ask_to_forget,True,20.0,69.0,0.24691358024691357,82,96
203,independent_or_other,True,7.0,25.0,0.08641975308641975,82,96
203,ask_to_forget,True,8.0,27.0,0.09876543209876543,82,96
203,ask_to_forget,False,,,,82,96
203,independent_or_other,True,46.0,151.0,0.5679012345679012,82,96
203,ask_to_forget,True,47.0,153.0,0.5802469135802469,82,96
203,independent_or_other,True,10.0,33.0,0.12345679012345678,82,96
203,independent_or_other,True,39.0,131.0,0.48148148148148145,82,96
203,independent_or_other,True,43.0,141.0,0.5308641975308642,82,96
203,independent_or_other,True,28.0,95.0,0.345679012345679,82,96
203,ask_to_forget,True,29.0,99.0,0.35802469135802467,82,96
203,independent_or_other,True,27.0,91.0,0.3333333333333333,82,96
203,independent_or_other,True,25.0,85.0,0.30864197530864196,82,96
203,ask_to_forget,True,26.0,87.0,0.32098765432098764,82,96
203,native_update,True,69.0,224.0,0.8518518518518519,82,96
203,native_update,False,,,,82,96
203,native_update,False,,,,82,96
203,native_update,False,,,,82,96
203,native_update,True,70.0,226.0,0.8641975308641975,82,96
203,independent_or_other,True,38.0,129.0,0.4691358024691358,82,96
203,independent_or_other,True,9.0,31.0,0.1111111111111111,82,96
203,independent_or_other,True,4.0,13.0,0.04938271604938271,82,96
203,independent_or_other,True,58.0,189.0,0.7160493827160493,82,96
203,native_update,True,71.0,228.0,0.8765432098765432,82,96
203,native_update,False,,,,82,96
203,native_update,False,,,,82,96
203,native_update,False,,,,82,96
203,native_update,True,77.0,244.0,0.9506172839506173,82,96
203,native_update,True,78.0,248.0,0.9629629629629629,82,96
203,native_update,True,76.0,240.0,0.9382716049382716,82,96
203,native_update,True,79.0,250.0,0.9753086419753086,82,96
203,native_update,True,72.0,230.0,0.8888888888888888,82,96
203,native_update,True,80.0,254.0,0.9876543209876543,82,96
203,native_update,False,,,,82,96
203,native_update,False,,,,82,96
203,native_update,True,73.0,234.0,0.9012345679012346,82,96
203,native_update,False,,,,82,96
203,independent_or_other,True,59.0,191.0,0.7283950617283951,82,96
203,ask_to_forget,True,60.0,195.0,0.7407407407407407,82,96
203,independent_or_other,True,35.0,121.0,0.43209876543209874,82,96
203,native_update,True,75.0,238.0,0.9259259259259259,82,96
203,native_update,False,,,,82,96
203,independent_or_other,True,61.0,199.0,0.7530864197530864,82,96
203,independent_or_other,True,55.0,179.0,0.6790123456790124,82,96
203,independent_or_other,True,40.0,133.0,0.49382716049382713,82,96
203,independent_or_other,True,52.0,171.0,0.6419753086419753,82,96
203,native_update,True,74.0,236.0,0.9135802469135802,82,96
203,independent_or_other,True,53.0,175.0,0.654320987654321,82,96
211,ask_to_forget,False,,,,63,102
211,independent_or_other,True,15.0,45.0,0.24193548387096775,63,102
211,ask_to_forget,True,16.0,47.0,0.25806451612903225,63,102
211,independent_or_other,False,,,,63,102
211,ask_to_forget,False,,,,63,102
211,independent_or_other,True,8.0,21.0,0.12903225806451613,63,102
211,ask_to_forget,True,9.0,25.0,0.14516129032258066,63,102
211,independent_or_other,True,0.0,1.0,0.0,63,102
211,independent_or_other,False,,,,63,102
211,ask_to_forget,False,,,,63,102
211,ask_to_forget,False,,,,63,102
211,independent_or_other,False,,,,63,102
211,ask_to_forget,False,,,,63,102
211,independent_or_other,True,17.0,51.0,0.27419354838709675,63,102
211,ask_to_forget,True,18.0,53.0,0.2903225806451613,63,102
211,independent_or_other,True,34.0,104.0,0.5483870967741935,63,102
211,ask_to_forget,False,,,,63,102
211,independent_or_other,True,14.0,41.0,0.22580645161290322,63,102
211,ask_to_forget,False,,,,63,102
211,independent_or_other,True,43.0,126.0,0.6935483870967742,63,102
211,independent_or_other,True,4.0,13.0,0.06451612903225806,63,102
211,independent_or_other,False,,,,63,102
211,ask_to_forget,False,,,,63,102
211,independent_or_other,True,21.0,63.0,0.3387096774193548,63,102
211,ask_to_forget,True,22.0,67.0,0.3548387096774194,63,102
211,independent_or_other,True,36.0,112.0,0.5806451612903226,63,102
211,independent_or_other,False,,,,63,102
211,ask_to_forget,False,,,,63,102
211,independent_or_other,True,40.0,120.0,0.6451612903225806,63,102
211,independent_or_other,False,,,,63,102
211,ask_to_forget,False,,,,63,102
211,independent_or_other,False,,,,63,102
211,ask_to_forget,False,,,,63,102
211,independent_or_other,True,31.0,93.0,0.5,63,102
211,ask_to_forget,True,32.0,97.0,0.5161290322580645,63,102
211,independent_or_other,True,19.0,57.0,0.3064516129032258,63,102
211,ask_to_forget,True,20.0,59.0,0.3225806451612903,63,102
211,independent_or_other,True,12.0,35.0,0.1935483870967742,63,102
211,independent_or_other,True,24.0,75.0,0.3870967741935484,63,102
211,independent_or_other,False,,,,63,102
211,independent_or_other,False,,,,63,102
211,ask_to_forget,False,,,,63,102
211,independent_or_other,False,,,,63,102
211,ask_to_forget,False,,,,63,102
211,independent_or_other,False,,,,63,102
211,ask_to_forget,False,,,,63,102
211,independent_or_other,True,33.0,102.0,0.532258064516129,63,102
211,independent_or_other,True,35.0,106.0,0.5645161290322581,63,102
211,independent_or_other,True,6.0,17.0,0.0967741935483871,63,102
211,independent_or_other,False,,,,63,102
211,independent_or_other,True,11.0,31.0,0.1774193548387097,63,102
211,independent_or_other,True,23.0,71.0,0.3709677419354839,63,102
211,independent_or_other,True,2.0,7.0,0.03225806451612903,63,102
211,ask_to_forget,True,3.0,9.0,0.04838709677419355,63,102
211,independent_or_other,False,,,,63,102
211,ask_to_forget,False,,,,63,102
211,independent_or_other,False,,,,63,102
211,ask_to_forget,False,,,,63,102
211,independent_or_other,False,,,,63,102
211,ask_to_forget,False,,,,63,102
211,native_update,True,56.0,162.0,0.9032258064516129,63,102
211,independent_or_other,True,29.0,85.0,0.46774193548387094,63,102
211,independent_or_other,True,10.0,29.0,0.16129032258064516,63,102
211,native_update,False,,,,63,102
211,native_update,True,60.0,172.0,0.967741935483871,63,102
211,independent_or_other,True,26.0,79.0,0.41935483870967744,63,102
211,independent_or_other,False,,,,63,102
211,ask_to_forget,False,,,,63,102
211,independent_or_other,True,13.0,37.0,0.20967741935483872,63,102
211,native_update,True,45.0,136.0,0.7258064516129032,63,102
211,independent_or_other,True,39.0,118.0,0.6290322580645161,63,102
211,independent_or_other,True,27.0,81.0,0.43548387096774194,63,102
211,independent_or_other,True,30.0,87.0,0.4838709677419355,63,102
211,native_update,True,46.0,138.0,0.7419354838709677,63,102
211,native_update,True,62.0,178.0,1.0,63,102
211,independent_or_other,True,5.0,15.0,0.08064516129032258,63,102
211,native_update,False,,,,63,102
211,independent_or_other,True,42.0,124.0,0.6774193548387096,63,102
211,native_update,True,59.0,168.0,0.9516129032258065,63,102
211,native_update,True,47.0,140.0,0.7580645161290323,63,102
211,native_update,True,48.0,142.0,0.7741935483870968,63,102
211,native_update,True,49.0,144.0,0.7903225806451613,63,102
211,native_update,True,50.0,146.0,0.8064516129032258,63,102
211,native_update,True,51.0,148.0,0.8225806451612904,63,102
211,native_update,True,52.0,150.0,0.8387096774193549,63,102
211,independent_or_other,True,28.0,83.0,0.45161290322580644,63,102
211,independent_or_other,True,1.0,3.0,0.016129032258064516,63,102
211,native_update,True,55.0,158.0,0.8870967741935484,63,102
211,independent_or_other,True,38.0,116.0,0.6129032258064516,63,102
211,independent_or_other,True,7.0,19.0,0.11290322580645161,63,102
211,independent_or_other,True,37.0,114.0,0.5967741935483871,63,102
211,native_update,False,,,,63,102
211,native_update,True,61.0,176.0,0.9838709677419355,63,102
211,native_update,True,53.0,152.0,0.8548387096774194,63,102
211,native_update,True,58.0,166.0,0.9354838709677419,63,102
211,native_update,True,57.0,164.0,0.9193548387096774,63,102
211,native_update,True,54.0,156.0,0.8709677419354839,63,102
211,independent_or_other,True,44.0,132.0,0.7096774193548387,63,102
211,independent_or_other,True,25.0,77.0,0.4032258064516129,63,102
211,independent_or_other,False,,,,63,102
211,independent_or_other,False,,,,63,102
211,independent_or_other,True,41.0,122.0,0.6612903225806451,63,102
214,independent_or_other,False,,,,67,108
214,independent_or_other,True,20.0,75.0,0.30303030303030304,67,108
214,ask_to_forget,True,21.0,79.0,0.3181818181818182,67,108
214,independent_or_other,False,,,,67,108
214,ask_to_forget,False,,,,67,108
214,independent_or_other,True,1.0,7.0,0.015151515151515152,67,108
214,independent_or_other,True,26.0,99.0,0.3939393939393939,67,108
214,ask_to_forget,True,27.0,103.0,0.4090909090909091,67,108
214,independent_or_other,True,44.0,159.0,0.6666666666666666,67,108
214,ask_to_forget,True,45.0,161.0,0.6818181818181818,67,108
214,independent_or_other,False,,,,67,108
214,ask_to_forget,False,,,,67,108
214,independent_or_other,True,47.0,168.0,0.7121212121212122,67,108
214,independent_or_other,True,38.0,141.0,0.5757575757575758,67,108
214,independent_or_other,True,12.0,47.0,0.18181818181818182,67,108
214,ask_to_forget,True,13.0,51.0,0.19696969696969696,67,108
214,independent_or_other,True,30.0,113.0,0.45454545454545453,67,108
214,ask_to_forget,True,31.0,117.0,0.4696969696969697,67,108
214,independent_or_other,True,24.0,91.0,0.36363636363636365,67,108
214,independent_or_other,True,29.0,109.0,0.4393939393939394,67,108
214,independent_or_other,False,,,,67,108
214,ask_to_forget,False,,,,67,108
214,independent_or_other,True,4.0,15.0,0.06060606060606061,67,108
214,independent_or_other,True,7.0,23.0,0.10606060606060606,67,108
214,independent_or_other,True,25.0,95.0,0.3787878787878788,67,108
214,independent_or_other,False,,,,67,108
214,ask_to_forget,False,,,,67,108
214,independent_or_other,False,,,,67,108
214,ask_to_forget,False,,,,67,108
214,independent_or_other,False,,,,67,108
214,ask_to_forget,False,,,,67,108
214,independent_or_other,True,32.0,121.0,0.48484848484848486,67,108
214,ask_to_forget,True,33.0,125.0,0.5,67,108
214,independent_or_other,True,40.0,149.0,0.6060606060606061,67,108
214,independent_or_other,True,5.0,19.0,0.07575757575757576,67,108
214,independent_or_other,False,,,,67,108
214,ask_to_forget,False,,,,67,108
214,independent_or_other,False,,,,67,108
214,ask_to_forget,False,,,,67,108
214,independent_or_other,True,22.0,83.0,0.3333333333333333,67,108
214,ask_to_forget,True,23.0,87.0,0.3484848484848485,67,108
214,independent_or_other,True,41.0,151.0,0.6212121212121212,67,108
214,ask_to_forget,True,42.0,153.0,0.6363636363636364,67,108
214,independent_or_other,True,16.0,63.0,0.24242424242424243,67,108
214,ask_to_forget,True,17.0,67.0,0.25757575757575757,67,108
214,ask_to_forget,True,15.0,59.0,0.22727272727272727,67,108
214,independent_or_other,True,37.0,137.0,0.5606060606060606,67,108
214,independent_or_other,True,39.0,147.0,0.5909090909090909,67,108
214,ask_to_forget,False,,,,67,108
214,independent_or_other,True,34.0,129.0,0.5151515151515151,67,108
214,independent_or_other,True,18.0,71.0,0.2727272727272727,67,108
214,ask_to_forget,False,,,,67,108
214,independent_or_other,True,10.0,39.0,0.15151515151515152,67,108
214,ask_to_forget,True,11.0,43.0,0.16666666666666666,67,108
214,independent_or_other,False,,,,67,108
214,ask_to_forget,False,,,,67,108
214,independent_or_other,True,8.0,27.0,0.12121212121212122,67,108
214,ask_to_forget,True,9.0,31.0,0.13636363636363635,67,108
214,native_update,True,49.0,176.0,0.7424242424242424,67,108
214,native_update,True,66.0,222.0,1.0,67,108
214,native_update,True,50.0,180.0,0.7575757575757576,67,108
214,independent_or_other,False,,,,67,108
214,ask_to_forget,False,,,,67,108
214,native_update,False,,,,67,108
214,native_update,True,51.0,182.0,0.7727272727272727,67,108
214,native_update,True,52.0,184.0,0.7878787878787878,67,108
214,native_update,False,,,,67,108
214,native_update,False,,,,67,108
214,native_update,False,,,,67,108
214,native_update,True,53.0,186.0,0.803030303030303,67,108
214,native_update,False,,,,67,108
214,independent_or_other,True,48.0,172.0,0.7272727272727273,67,108
214,independent_or_other,True,6.0,21.0,0.09090909090909091,67,108
214,native_update,False,,,,67,108
214,native_update,True,54.0,190.0,0.8181818181818182,67,108
214,native_update,True,55.0,192.0,0.8333333333333334,67,108
214,native_update,True,56.0,194.0,0.8484848484848485,67,108
214,native_update,True,57.0,196.0,0.8636363636363636,67,108
214,independent_or_other,True,2.0,9.0,0.030303030303030304,67,108
214,ask_to_forget,True,3.0,11.0,0.045454545454545456,67,108
214,native_update,True,65.0,218.0,0.9848484848484849,67,108
214,native_update,False,,,,67,108
214,independent_or_other,True,43.0,157.0,0.6515151515151515,67,108
214,independent_or_other,True,46.0,166.0,0.696969696969697,67,108
214,independent_or_other,True,0.0,1.0,0.0,67,108
214,independent_or_other,False,,,,67,108
214,ask_to_forget,False,,,,67,108
214,native_update,False,,,,67,108
214,native_update,False,,,,67,108
214,native_update,True,58.0,200.0,0.8787878787878788,67,108
214,native_update,False,,,,67,108
214,native_update,True,59.0,202.0,0.8939393939393939,67,108
214,native_update,True,60.0,204.0,0.9090909090909091,67,108
214,native_update,False,,,,67,108
214,native_update,False,,,,67,108
214,native_update,True,61.0,206.0,0.9242424242424242,67,108
214,independent_or_other,True,14.0,55.0,0.21212121212121213,67,108
214,native_update,False,,,,67,108
214,native_update,True,62.0,210.0,0.9393939393939394,67,108
214,independent_or_other,False,,,,67,108
214,ask_to_forget,False,,,,67,108
214,independent_or_other,True,35.0,131.0,0.5303030303030303,67,108
214,ask_to_forget,True,36.0,133.0,0.5454545454545454,67,108
214,native_update,True,64.0,216.0,0.9696969696969697,67,108
214,independent_or_other,True,28.0,107.0,0.42424242424242425,67,108
214,independent_or_other,True,19.0,73.0,0.2878787878787879,67,108
214,native_update,True,63.0,212.0,0.9545454545454546,67,108
214,independent_or_other,False,,,,67,108
216,independent_or_other,True,19.0,59.0,0.25333333333333335,76,94
216,independent_or_other,True,12.0,35.0,0.16,76,94
216,ask_to_forget,True,13.0,39.0,0.17333333333333334,76,94
216,independent_or_other,True,9.0,25.0,0.12,76,94
216,independent_or_other,True,21.0,67.0,0.28,76,94
216,ask_to_forget,True,22.0,71.0,0.29333333333333333,76,94
216,independent_or_other,True,41.0,135.0,0.5466666666666666,76,94
216,ask_to_forget,True,42.0,137.0,0.56,76,94
216,independent_or_other,True,15.0,47.0,0.2,76,94
216,ask_to_forget,True,16.0,49.0,0.21333333333333335,76,94
216,independent_or_other,True,48.0,155.0,0.64,76,94
216,ask_to_forget,True,49.0,161.0,0.6533333333333333,76,94
216,independent_or_other,True,32.0,107.0,0.4266666666666667,76,94
216,ask_to_forget,True,33.0,109.0,0.44,76,94
216,independent_or_other,True,45.0,147.0,0.6,76,94
216,ask_to_forget,True,46.0,149.0,0.6133333333333333,76,94
216,independent_or_other,True,61.0,208.0,0.8133333333333334,76,94
216,independent_or_other,False,,,,76,94
216,ask_to_forget,False,,,,76,94
216,independent_or_other,True,27.0,87.0,0.36,76,94
216,ask_to_forget,True,28.0,91.0,0.37333333333333335,76,94
216,independent_or_other,False,,,,76,94
216,ask_to_forget,False,,,,76,94
216,independent_or_other,True,36.0,119.0,0.48,76,94
216,independent_or_other,True,10.0,27.0,0.13333333333333333,76,94
216,ask_to_forget,True,11.0,31.0,0.14666666666666667,76,94
216,independent_or_other,True,3.0,7.0,0.04,76,94
216,independent_or_other,True,51.0,169.0,0.68,76,94
216,ask_to_forget,True,52.0,173.0,0.6933333333333334,76,94
216,independent_or_other,True,25.0,81.0,0.3333333333333333,76,94
216,ask_to_forget,True,26.0,83.0,0.3466666666666667,76,94
216,independent_or_other,True,7.0,19.0,0.09333333333333334,76,94
216,ask_to_forget,True,8.0,21.0,0.10666666666666667,76,94
216,independent_or_other,True,50.0,165.0,0.6666666666666666,76,94
216,independent_or_other,True,53.0,177.0,0.7066666666666667,76,94
216,ask_to_forget,True,54.0,179.0,0.72,76,94
216,independent_or_other,True,47.0,153.0,0.6266666666666667,76,94
216,independent_or_other,True,39.0,129.0,0.52,76,94
216,independent_or_other,True,31.0,103.0,0.41333333333333333,76,94
216,independent_or_other,True,34.0,113.0,0.4533333333333333,76,94
216,ask_to_forget,True,35.0,115.0,0.4666666666666667,76,94
216,independent_or_other,True,55.0,183.0,0.7333333333333333,76,94
216,independent_or_other,True,17.0,53.0,0.22666666666666666,76,94
216,ask_to_forget,True,18.0,55.0,0.24,76,94
216,independent_or_other,True,20.0,63.0,0.26666666666666666,76,94
216,independent_or_other,True,23.0,75.0,0.30666666666666664,76,94
216,independent_or_other,True,58.0,196.0,0.7733333333333333,76,94
216,ask_to_forget,True,59.0,200.0,0.7866666666666666,76,94
216,independent_or_other,False,,,,76,94
216,ask_to_forget,False,,,,76,94
216,independent_or_other,True,29.0,95.0,0.38666666666666666,76,94
216,ask_to_forget,True,30.0,99.0,0.4,76,94
216,independent_or_other,True,4.0,11.0,0.05333333333333334,76,94
216,ask_to_forget,True,5.0,13.0,0.06666666666666667,76,94
216,ask_to_forget,False,,,,76,94
216,native_update,True,71.0,234.0,0.9466666666666667,76,94
216,native_update,True,69.0,228.0,0.92,76,94
216,native_update,True,62.0,212.0,0.8266666666666667,76,94
216,native_update,False,,,,76,94
216,native_update,False,,,,76,94
216,native_update,False,,,,76,94
216,native_update,False,,,,76,94
216,independent_or_other,True,56.0,190.0,0.7466666666666667,76,94
216,independent_or_other,True,2.0,5.0,0.02666666666666667,76,94
216,native_update,True,72.0,240.0,0.96,76,94
216,native_update,True,73.0,242.0,0.9733333333333334,76,94
216,native_update,False,,,,76,94
216,native_update,True,70.0,232.0,0.9333333333333333,76,94
216,native_update,False,,,,76,94
216,native_update,False,,,,76,94
216,native_update,False,,,,76,94
216,native_update,True,63.0,214.0,0.84,76,94
216,independent_or_other,True,60.0,204.0,0.8,76,94
216,independent_or_other,True,24.0,77.0,0.32,76,94
216,independent_or_other,True,6.0,17.0,0.08,76,94
216,independent_or_other,True,14.0,43.0,0.18666666666666668,76,94
216,independent_or_other,True,40.0,133.0,0.5333333333333333,76,94
216,independent_or_other,True,43.0,141.0,0.5733333333333334,76,94
216,ask_to_forget,True,44.0,143.0,0.5866666666666667,76,94
216,native_update,True,64.0,216.0,0.8533333333333334,76,94
216,native_update,False,,,,76,94
216,native_update,True,65.0,218.0,0.8666666666666667,76,94
216,independent_or_other,True,1.0,3.0,0.013333333333333334,76,94
216,native_update,False,,,,76,94
216,native_update,True,66.0,220.0,0.88,76,94
216,independent_or_other,True,37.0,121.0,0.49333333333333335,76,94
216,ask_to_forget,True,38.0,125.0,0.5066666666666667,76,94
216,native_update,True,67.0,222.0,0.8933333333333333,76,94
216,independent_or_other,True,0.0,1.0,0.0,76,94
216,independent_or_other,True,57.0,192.0,0.76,76,94
216,native_update,True,75.0,248.0,1.0,76,94
216,native_update,False,,,,76,94
216,native_update,True,68.0,224.0,0.9066666666666666,76,94
216,native_update,True,74.0,244.0,0.9866666666666667,76,94
217,independent_or_other,True,15.0,47.0,0.2112676056338028,72,94
217,ask_to_forget,True,16.0,51.0,0.22535211267605634,72,94
217,independent_or_other,True,54.0,176.0,0.7605633802816901,72,94
217,independent_or_other,True,42.0,137.0,0.5915492957746479,72,94
217,independent_or_other,True,45.0,149.0,0.6338028169014085,72,94
217,ask_to_forget,True,46.0,153.0,0.647887323943662,72,94
217,independent_or_other,True,12.0,39.0,0.16901408450704225,72,94
217,independent_or_other,False,,,,72,94
217,ask_to_forget,False,,,,72,94
217,independent_or_other,True,2.0,5.0,0.028169014084507043,72,94
217,ask_to_forget,True,3.0,9.0,0.04225352112676056,72,94
217,independent_or_other,True,33.0,107.0,0.4647887323943662,72,94
217,ask_to_forget,True,34.0,109.0,0.4788732394366197,72,94
217,independent_or_other,True,55.0,178.0,0.7746478873239436,72,94
217,independent_or_other,False,,,,72,94
217,ask_to_forget,False,,,,72,94
217,independent_or_other,False,,,,72,94
217,independent_or_other,True,49.0,163.0,0.6901408450704225,72,94
217,ask_to_forget,False,,,,72,94
217,independent_or_other,True,7.0,21.0,0.09859154929577464,72,94
217,ask_to_forget,True,8.0,23.0,0.11267605633802817,72,94
217,independent_or_other,True,36.0,115.0,0.5070422535211268,72,94
217,independent_or_other,True,4.0,13.0,0.056338028169014086,72,94
217,independent_or_other,True,0.0,1.0,0.0,72,94
217,ask_to_forget,False,,,,72,94
217,independent_or_other,True,50.0,168.0,0.704225352112676,72,94
217,independent_or_other,True,19.0,61.0,0.2676056338028169,72,94
217,independent_or_other,True,52.0,172.0,0.7323943661971831,72,94
217,independent_or_other,True,13.0,41.0,0.18309859154929578,72,94
217,ask_to_forget,True,14.0,43.0,0.19718309859154928,72,94
217,independent_or_other,True,32.0,105.0,0.4507042253521127,72,94
217,independent_or_other,True,22.0,71.0,0.30985915492957744,72,94
217,independent_or_other,True,30.0,97.0,0.4225352112676056,72,94
217,ask_to_forget,True,31.0,101.0,0.43661971830985913,72,94
217,independent_or_other,False,,,,72,94
217,ask_to_forget,False,,,,72,94
217,independent_or_other,False,,,,72,94
217,ask_to_forget,False,,,,72,94
217,independent_or_other,True,9.0,27.0,0.1267605633802817,72,94
217,ask_to_forget,True,10.0,31.0,0.14084507042253522,72,94
217,independent_or_other,True,27.0,87.0,0.38028169014084506,72,94
217,ask_to_forget,True,28.0,91.0,0.39436619718309857,72,94
217,independent_or_other,True,37.0,119.0,0.5211267605633803,72,94
217,independent_or_other,True,53.0,174.0,0.7464788732394366,72,94
217,independent_or_other,True,29.0,95.0,0.4084507042253521,72,94
217,independent_or_other,False,,,,72,94
217,independent_or_other,True,25.0,79.0,0.352112676056338,72,94
217,ask_to_forget,True,26.0,83.0,0.36619718309859156,72,94
217,independent_or_other,True,51.0,170.0,0.7183098591549296,72,94
217,ask_to_forget,True,24.0,75.0,0.3380281690140845,72,94
217,independent_or_other,True,43.0,141.0,0.6056338028169014,72,94
217,ask_to_forget,True,44.0,145.0,0.6197183098591549,72,94
217,independent_or_other,True,5.0,15.0,0.07042253521126761,72,94
217,ask_to_forget,True,6.0,17.0,0.08450704225352113,72,94
217,independent_or_other,True,38.0,121.0,0.5352112676056338,72,94
217,ask_to_forget,True,39.0,125.0,0.5492957746478874,72,94
217,independent_or_other,True,47.0,157.0,0.6619718309859155,72,94
217,ask_to_forget,True,48.0,159.0,0.676056338028169,72,94
217,native_update,True,56.0,182.0,0.7887323943661971,72,94
217,independent_or_other,True,20.0,65.0,0.28169014084507044,72,94
217,ask_to_forget,True,21.0,67.0,0.29577464788732394,72,94
217,independent_or_other,True,35.0,113.0,0.49295774647887325,72,94
217,native_update,False,,,,72,94
217,native_update,True,57.0,184.0,0.8028169014084507,72,94
217,native_update,False,,,,72,94
217,native_update,True,58.0,186.0,0.8169014084507042,72,94
217,independent_or_other,True,17.0,55.0,0.23943661971830985,72,94
217,ask_to_forget,True,18.0,57.0,0.2535211267605634,72,94
217,native_update,True,59.0,190.0,0.8309859154929577,72,94
217,native_update,False,,,,72,94
217,independent_or_other,True,23.0,73.0,0.323943661971831,72,94
217,independent_or_other,True,1.0,3.0,0.014084507042253521,72,94
217,native_update,False,,,,72,94
217,native_update,True,60.0,192.0,0.8450704225352113,72,94
217,independent_or_other,True,11.0,35.0,0.15492957746478872,72,94
217,native_update,True,70.0,216.0,0.9859154929577465,72,94
217,native_update,True,61.0,196.0,0.8591549295774648,72,94
217,native_update,False,,,,72,94
217,native_update,True,62.0,200.0,0.8732394366197183,72,94
217,native_update,True,63.0,202.0,0.8873239436619719,72,94
217,native_update,True,64.0,204.0,0.9014084507042254,72,94
217,independent_or_other,True,40.0,129.0,0.5633802816901409,72,94
217,ask_to_forget,True,41.0,133.0,0.5774647887323944,72,94
217,native_update,False,,,,72,94
217,native_update,True,69.0,214.0,0.971830985915493,72,94
217,native_update,False,,,,72,94
217,native_update,True,66.0,208.0,0.9295774647887324,72,94
217,independent_or_other,False,,,,72,94
217,ask_to_forget,False,,,,72,94
217,native_update,False,,,,72,94
217,native_update,True,71.0,220.0,1.0,72,94
217,native_update,True,67.0,210.0,0.9436619718309859,72,94
217,native_update,True,68.0,212.0,0.9577464788732394,72,94
217,native_update,True,65.0,206.0,0.9154929577464789,72,94
236,independent_or_other,True,32.0,101.0,0.3902439024390244,83,95
236,ask_to_forget,True,33.0,103.0,0.4024390243902439,83,95
236,independent_or_other,True,19.0,59.0,0.23170731707317074,83,95
236,ask_to_forget,True,20.0,61.0,0.24390243902439024,83,95
236,independent_or_other,False,,,,83,95
236,independent_or_other,False,,,,83,95
236,independent_or_other,True,0.0,1.0,0.0,83,95
236,ask_to_forget,True,1.0,3.0,0.012195121951219513,83,95
236,independent_or_other,True,43.0,137.0,0.524390243902439,83,95
236,independent_or_other,True,24.0,73.0,0.2926829268292683,83,95
236,ask_to_forget,True,25.0,75.0,0.3048780487804878,83,95
236,independent_or_other,True,38.0,121.0,0.4634146341463415,83,95
236,ask_to_forget,True,39.0,123.0,0.47560975609756095,83,95
236,independent_or_other,True,21.0,65.0,0.25609756097560976,83,95
236,independent_or_other,True,29.0,93.0,0.35365853658536583,83,95
236,ask_to_forget,True,30.0,95.0,0.36585365853658536,83,95
236,independent_or_other,True,56.0,181.0,0.6829268292682927,83,95
236,independent_or_other,True,40.0,127.0,0.4878048780487805,83,95
236,ask_to_forget,True,27.0,87.0,0.32926829268292684,83,95
236,independent_or_other,True,8.0,27.0,0.0975609756097561,83,95
236,independent_or_other,True,48.0,155.0,0.5853658536585366,83,95
236,ask_to_forget,True,49.0,157.0,0.5975609756097561,83,95
236,independent_or_other,True,58.0,185.0,0.7073170731707317,83,95
236,independent_or_other,True,18.0,55.0,0.21951219512195122,83,95
236,independent_or_other,True,16.0,49.0,0.1951219512195122,83,95
236,ask_to_forget,True,17.0,51.0,0.2073170731707317,83,95
236,ask_to_forget,False,,,,83,95
236,independent_or_other,True,57.0,183.0,0.6951219512195121,83,95
236,independent_or_other,True,9.0,29.0,0.10975609756097561,83,95
236,independent_or_other,True,22.0,67.0,0.2682926829268293,83,95
236,ask_to_forget,True,23.0,69.0,0.2804878048780488,83,95
236,independent_or_other,True,35.0,111.0,0.4268292682926829,83,95
236,ask_to_forget,True,36.0,113.0,0.43902439024390244,83,95
236,independent_or_other,True,37.0,117.0,0.45121951219512196,83,95
236,independent_or_other,True,10.0,31.0,0.12195121951219512,83,95
236,ask_to_forget,True,11.0,33.0,0.13414634146341464,83,95
236,independent_or_other,True,44.0,139.0,0.5365853658536586,83,95
236,ask_to_forget,True,45.0,143.0,0.5487804878048781,83,95
236,independent_or_other,True,31.0,99.0,0.3780487804878049,83,95
236,independent_or_other,True,54.0,175.0,0.6585365853658537,83,95
236,ask_to_forget,True,55.0,177.0,0.6707317073170732,83,95
236,independent_or_other,False,,,,83,95
236,independent_or_other,True,52.0,167.0,0.6341463414634146,83,95
236,ask_to_forget,True,53.0,171.0,0.6463414634146342,83,95
236,independent_or_other,True,14.0,43.0,0.17073170731707318,83,95
236,ask_to_forget,True,15.0,45.0,0.18292682926829268,83,95
236,independent_or_other,True,46.0,147.0,0.5609756097560976,83,95
236,ask_to_forget,True,47.0,151.0,0.573170731707317,83,95
236,independent_or_other,True,12.0,37.0,0.14634146341463414,83,95
236,ask_to_forget,True,13.0,39.0,0.15853658536585366,83,95
236,independent_or_other,True,34.0,107.0,0.4146341463414634,83,95
236,independent_or_other,True,4.0,15.0,0.04878048780487805,83,95
236,ask_to_forget,True,5.0,17.0,0.06097560975609756,83,95
236,independent_or_other,True,2.0,7.0,0.024390243902439025,83,95
236,ask_to_forget,True,3.0,11.0,0.036585365853658534,83,95
236,independent_or_other,True,59.0,187.0,0.7195121951219512,83,95
236,ask_to_forget,True,60.0,189.0,0.7317073170731707,83,95
236,independent_or_other,True,50.0,161.0,0.6097560975609756,83,95
236,independent_or_other,True,51.0,165.0,0.6219512195121951,83,95
236,native_update,True,63.0,199.0,0.7682926829268293,83,95
236,native_update,True,64.0,201.0,0.7804878048780488,83,95
236,native_update,True,65.0,203.0,0.7926829268292683,83,95
236,native_update,False,,,,83,95
236,native_update,True,66.0,205.0,0.8048780487804879,83,95
236,native_update,True,67.0,209.0,0.8170731707317073,83,95
236,native_update,True,68.0,211.0,0.8292682926829268,83,95
236,native_update,True,69.0,215.0,0.8414634146341463,83,95
236,native_update,True,70.0,217.0,0.8536585365853658,83,95
236,native_update,True,81.0,246.0,0.9878048780487805,83,95
236,native_update,False,,,,83,95
236,native_update,False,,,,83,95
236,native_update,True,71.0,219.0,0.8658536585365854,83,95
236,native_update,True,72.0,221.0,0.8780487804878049,83,95
236,independent_or_other,True,28.0,91.0,0.34146341463414637,83,95
236,native_update,True,80.0,244.0,0.975609756097561,83,95
236,native_update,False,,,,83,95
236,native_update,False,,,,83,95
236,independent_or_other,True,26.0,83.0,0.3170731707317073,83,95
236,independent_or_other,True,61.0,193.0,0.7439024390243902,83,95
236,ask_to_forget,True,62.0,195.0,0.7560975609756098,83,95
236,native_update,False,,,,83,95
236,native_update,True,73.0,224.0,0.8902439024390244,83,95
236,native_update,True,74.0,228.0,0.9024390243902439,83,95
236,native_update,True,75.0,232.0,0.9146341463414634,83,95
236,native_update,True,76.0,236.0,0.926829268292683,83,95
236,native_update,False,,,,83,95
236,independent_or_other,True,6.0,21.0,0.07317073170731707,83,95
236,ask_to_forget,True,7.0,23.0,0.08536585365853659,83,95
236,native_update,True,77.0,238.0,0.9390243902439024,83,95
236,native_update,True,78.0,240.0,0.9512195121951219,83,95
236,native_update,True,79.0,242.0,0.9634146341463414,83,95
236,independent_or_other,True,41.0,131.0,0.5,83,95
236,ask_to_forget,True,42.0,133.0,0.5121951219512195,83,95
236,native_update,True,82.0,248.0,1.0,83,95
236,independent_or_other,False,,,,83,95
