repeat,user_id,language,alpha_mean,alpha_sd,alpha_min,alpha_max
0,61574934126943,pt,0.15516836941242218,0.10104350745677948,0.03036956489086151,0.29739147424697876
0,61575131153481,en,0.22466666996479034,0.08928748965263367,0.04110725224018097,0.29961419105529785
0,61574801413926,fr,0.22463509440422058,0.08995478600263596,0.03529299795627594,0.2994435429573059
0,61575315757634,fr,0.20468387007713318,0.0848827138543129,0.05214317888021469,0.2994140088558197
0,61574863962100,it,0.22340425848960876,0.07686285674571991,0.05621922016143799,0.29971614480018616
0,61575201373332,fr,0.2263936549425125,0.08902054280042648,0.03267686069011688,0.29981231689453125
0,61575691416622,hi,0.2297465205192566,0.08085109293460846,0.04927222430706024,0.2996841073036194
0,61574905567721,en,0.2122119665145874,0.08586975932121277,0.036166951060295105,0.29912644624710083
0,61575169251717,en,0.18773628771305084,0.1008959710597992,0.03333333134651184,0.2992769479751587
0,61575111478220,pt,0.218982994556427,0.08285025507211685,0.04550042003393173,0.2993536591529846
0,61575569215048,hi,0.21070939302444458,0.09116106480360031,0.041956499218940735,0.2994344234466553
0,61575003004721,fr,0.19203247129917145,0.09349223226308823,0.030714944005012512,0.29870110750198364
0,61575027123549,en,0.2014005035161972,0.10110963881015778,0.03038504719734192,0.29951101541519165
0,61574951645380,en,0.23481522500514984,0.08279898762702942,0.046451590955257416,0.29947900772094727
0,61574727556591,en,0.21855823695659637,0.07536976039409637,0.0521264374256134,0.299691379070282
0,61575239345239,en,0.2306266576051712,0.08994197845458984,0.03566858172416687,0.2997409403324127
0,61575622629793,it,0.21403205394744873,0.09397083520889282,0.03047098219394684,0.29972973465919495
0,61575174584515,fr,0.23833025991916656,0.08155093342065811,0.030841320753097534,0.29919588565826416
0,61575689432183,pt,0.22090350091457367,0.08941712975502014,0.030856803059577942,0.29975008964538574
0,61575053907477,en,0.1850583553314209,0.10604390501976013,0.030237123370170593,0.299559623003006
0,61575568405010,en,0.2177966833114624,0.08040951937437057,0.04889681190252304,0.2986961603164673
0,61575007354364,en,0.2234526127576828,0.08957873284816742,0.03714375197887421,0.2996501922607422
0,61575205783063,hi,0.21393050253391266,0.0812101811170578,0.06035912036895752,0.2989805340766907
0,61574652767188,en,0.24603810906410217,0.06316091120243073,0.056633830070495605,0.29904282093048096
0,61574821569203,en,0.1926507204771042,0.09160858392715454,0.030962079763412476,0.29942017793655396
0,61575347826373,hi,0.21211226284503937,0.08849923312664032,0.04010283946990967,0.2996779680252075
0,61575116351597,hi,0.23769526183605194,0.08255314081907272,0.0487862229347229,0.2998092770576477
0,61574764605724,fr,0.23708616197109222,0.0776122659444809,0.053618885576725006,0.29924094676971436
0,61575210563029,fr,0.25316765904426575,0.06932499259710312,0.04642526060342789,0.29974165558815
0,61574937547028,it,0.20489391684532166,0.08944124728441238,0.03133472800254822,0.29984724521636963
0,61575062566013,en,0.20332548022270203,0.10146841406822205,0.03223040699958801,0.29966652393341064
0,61575004409946,en,0.22809040546417236,0.08665478229522705,0.043139874935150146,0.29985880851745605
0,61575167439026,en,0.20164577662944794,0.1024312973022461,0.03697708249092102,0.29982790350914
0,61575303902251,en,0.1941222995519638,0.10128892958164215,0.03212547302246094,0.2993989586830139
0,61574987700816,en,0.23346887528896332,0.08589736372232437,0.03913852572441101,0.29976436495780945
0,61575062519607,en,0.23533818125724792,0.07290183007717133,0.06336196511983871,0.2987302541732788
0,61575236351657,fr,0.16738949716091156,0.10403790324926376,0.030331537127494812,0.29880791902542114
0,61575255040324,en,0.21583238244056702,0.08574553579092026,0.03238154947757721,0.299291729927063
0,61575799107152,pt,0.19786450266838074,0.09663714468479156,0.03245599567890167,0.2995057702064514
0,61575637913685,en,0.22084586322307587,0.09442482143640518,0.03425319492816925,0.29950547218322754
0,61575138556380,en,0.23118595778942108,0.07274963706731796,0.05492626130580902,0.2989993095397949
0,61575527222862,it,0.24106308817863464,0.07465755194425583,0.05014089494943619,0.29946935176849365
0,61573054454503,fr,0.2490222156047821,0.07372473925352097,0.04678179323673248,0.29972952604293823
0,61574839903015,it,0.23851114511489868,0.09464903920888901,0.03096751868724823,0.29981666803359985
0,61574788001360,en,0.1975516974925995,0.10168062150478363,0.03041960299015045,0.2992614805698395
0,61575207112351,en,0.22703245282173157,0.07690979540348053,0.048900023102760315,0.29933983087539673
0,61575152050067,hi,0.1959485411643982,0.09341476112604141,0.04092402011156082,0.29929155111312866
0,61573397313375,fr,0.1938231736421585,0.10712527483701706,0.035702288150787354,0.29957467317581177
0,61575817620916,fr,0.22915810346603394,0.08471687883138657,0.03277027606964111,0.299736350774765
0,61575313410082,en,0.22360360622406006,0.08554302155971527,0.0383431613445282,0.29978033900260925
0,61575266811505,en,0.1956232786178589,0.0825418084859848,0.03727039694786072,0.2996175289154053
0,61574726476500,en,0.24686923623085022,0.07246053963899612,0.04949573427438736,0.2996112108230591
0,61575178964523,pt,0.2000906765460968,0.11127087473869324,0.037195563316345215,0.2993730306625366
0,61575940674829,hi,0.23081795871257782,0.08976208418607712,0.03598213195800781,0.2995370626449585
0,61574855621301,en,0.22920793294906616,0.0795237198472023,0.045804090797901154,0.29911136627197266
0,61575872908128,hi,0.2232695072889328,0.09123457968235016,0.030311018228530884,0.29956597089767456
0,61575227003442,it,0.2547411322593689,0.06802202016115189,0.048410601913928986,0.29968953132629395
0,61575614841893,hi,0.22416694462299347,0.0856650099158287,0.033706724643707275,0.29979825019836426
0,61575828570433,en,0.20173639059066772,0.07560264319181442,0.06342370808124542,0.2982461452484131
0,61574831382328,en,0.22122016549110413,0.08297672122716904,0.030699267983436584,0.29971742630004883
0,61575496125684,en,0.22465096414089203,0.09361261129379272,0.04139394313097,0.29965198040008545
0,61575356045890,it,0.19415639340877533,0.09470172226428986,0.04777991771697998,0.299234002828598
0,61575172646079,it,0.2017122209072113,0.09521228820085526,0.04469799995422363,0.2998617887496948
0,61575027298560,en,0.22438451647758484,0.0856809914112091,0.030192837119102478,0.29931896924972534
0,61574817464063,en,0.24504618346691132,0.0857153907418251,0.03610128164291382,0.2995407283306122
0,61574781734933,it,0.20188002288341522,0.08865063637495041,0.03867115080356598,0.2995797395706177
0,61572766786766,en,0.22997330129146576,0.08528432995080948,0.046483904123306274,0.2996865212917328
0,61575574524688,pt,0.2265452742576599,0.09236646443605423,0.04234392195940018,0.29988646507263184
0,61575226491299,en,0.219063401222229,0.09504653513431549,0.03735284507274628,0.29976603388786316
0,61573217543255,hi,0.21347439289093018,0.09257136285305023,0.03134407103061676,0.2993408739566803
0,61575838795093,pt,0.20544637739658356,0.09868800640106201,0.030248284339904785,0.2997724413871765
0,61575202633062,it,0.21331852674484253,0.09330174326896667,0.03055192530155182,0.2997168302536011
0,61575544152962,it,0.22465242445468903,0.08307450264692307,0.03613242506980896,0.2998395562171936
0,61575088062953,it,0.19927093386650085,0.10647272318601608,0.03076636791229248,0.299528568983078
0,61575119561738,en,0.23218543827533722,0.09369438141584396,0.04726731777191162,0.29982197284698486
0,61574051276067,it,0.2403908371925354,0.06990507990121841,0.056623391807079315,0.29978126287460327
0,61575013502873,it,0.1939796656370163,0.09374499320983887,0.032557860016822815,0.2989576458930969
0,61575571571675,fr,0.2473384290933609,0.08414378017187119,0.04736829549074173,0.2997252941131592
0,61573913763035,it,0.173680379986763,0.10665857791900635,0.030792236328125,0.2995075583457947
0,61575557761520,it,0.2541312277317047,0.0713384672999382,0.04688309133052826,0.29968976974487305
0,61573544637558,fr,0.19541601836681366,0.0833505168557167,0.04833430051803589,0.29917529225349426
0,61573135240533,fr,0.22187739610671997,0.08061601221561432,0.053689420223236084,0.2988428473472595
0,61575098742695,hi,0.23165981471538544,0.0819159597158432,0.03204528987407684,0.2996516823768616
0,61575662108150,en,0.2346305102109909,0.09870873391628265,0.04713490605354309,0.29980021715164185
0,61575515733376,pt,0.24142201244831085,0.074492447078228,0.04986415058374405,0.29951024055480957
0,61575661611123,hi,0.21071775257587433,0.08830957114696503,0.04469510167837143,0.29903486371040344
0,61575214162123,en,0.21353714168071747,0.09285566210746765,0.03170982003211975,0.2996375560760498
0,61573503322985,fr,0.2107989341020584,0.09541730582714081,0.032401710748672485,0.29965054988861084
0,61575198623528,hi,0.2395763397216797,0.08328922837972641,0.04589620977640152,0.2996928095817566
0,61574714597809,pt,0.21332703530788422,0.09268143028020859,0.03592248260974884,0.29983067512512207
0,61575689695617,hi,0.23076482117176056,0.07861210405826569,0.0422302708029747,0.29942139983177185
0,61575606443963,hi,0.12676237523555756,0.09702307730913162,0.030957162380218506,0.29838892817497253
0,61575308401890,en,0.24046027660369873,0.08344716578722,0.04335268586874008,0.299831748008728
0,61575331140964,en,0.2468457669019699,0.08314760774374008,0.045438624918460846,0.29972967505455017
0,61572629921625,pt,0.2271011769771576,0.07341036200523376,0.049445077776908875,0.2993946969509125
0,61573600374605,en,0.20069168508052826,0.09890051931142807,0.03299252688884735,0.29946327209472656
0,61575324090992,en,0.2536991238594055,0.07774847745895386,0.05620764195919037,0.2998361885547638
0,61575112067630,hi,0.2306501418352127,0.08016102015972137,0.030814409255981445,0.29956573247909546
0,61575470764521,pt,0.2733454704284668,0.06276880949735641,0.048019714653491974,0.29984647035598755
0,61575257740412,hi,0.2106591761112213,0.0828607976436615,0.056061096489429474,0.2993549406528473
0,61575324216831,en,0.2287081778049469,0.08015699684619904,0.0500432550907135,0.29973679780960083
0,61575433245776,it,0.1983443945646286,0.09515680372714996,0.04891931265592575,0.29965245723724365
0,61574801715376,en,0.19649028778076172,0.10065564513206482,0.033416539430618286,0.29977041482925415
0,61575229721815,fr,0.2340911626815796,0.07881680876016617,0.04968529939651489,0.2995681166648865
0,61575024946334,hi,0.19425639510154724,0.09839611500501633,0.04378286749124527,0.29967349767684937
0,61575617909167,en,0.17856796085834503,0.09962070733308792,0.031130820512771606,0.29957205057144165
0,61574814822672,en,0.21633043885231018,0.08400470018386841,0.038878172636032104,0.2996289134025574
0,61575044985283,hi,0.2090206891298294,0.08673377335071564,0.03172235190868378,0.29886922240257263
0,61572607540933,fr,0.20848125219345093,0.09859465062618256,0.031100720167160034,0.29951468110084534
0,61575005252655,en,0.21308045089244843,0.08964712917804718,0.03871597349643707,0.2997966706752777
0,61573167969034,fr,0.19963650405406952,0.10713903605937958,0.030702605843544006,0.2991736829280853
0,61573516080607,it,0.15841425955295563,0.10191913694143295,0.030969485640525818,0.2992563247680664
0,61575561427679,pt,0.21347209811210632,0.09939461201429367,0.04330359399318695,0.29952695965766907
0,61575612269544,fr,0.19936609268188477,0.09421811997890472,0.030926957726478577,0.29965680837631226
0,61575152979706,hi,0.21269722282886505,0.09257879108190536,0.030305728316307068,0.29945600032806396
0,61574925813885,en,0.24174726009368896,0.08352718502283096,0.046164631843566895,0.2996829152107239
0,61575647991754,hi,0.20353706181049347,0.10085852444171906,0.030421406030654907,0.2995067834854126
0,61575849294548,pt,0.25790804624557495,0.06475327163934708,0.04682622104883194,0.29976022243499756
0,61575732154813,en,0.22558537125587463,0.08182238787412643,0.048490971326828,0.29973411560058594
0,61575207162938,hi,0.23126141726970673,0.08037514984607697,0.05261869728565216,0.2997158169746399
0,61573697084008,it,0.23132191598415375,0.08657333254814148,0.048502638936042786,0.2998749017715454
0,61574846917976,en,0.18286758661270142,0.09789090603590012,0.031104862689971924,0.29956573247909546
0,61574838672120,en,0.20342512428760529,0.10366970300674438,0.050055235624313354,0.29972758889198303
0,61575162879216,en,0.2069445103406906,0.0976419746875763,0.030892953276634216,0.29962900280952454
0,61575306427918,en,0.21067944169044495,0.07464854419231415,0.058019839227199554,0.2988927364349365
0,61575531152948,pt,0.23113788664340973,0.08582870662212372,0.03109601140022278,0.2998608946800232
0,61572731112276,fr,0.2510887384414673,0.06792503595352173,0.04907380789518356,0.299603134393692
0,61573212846972,en,0.21548154950141907,0.09076569229364395,0.033821552991867065,0.2993548512458801
0,61573754471228,it,0.1804509162902832,0.09964995086193085,0.03574246168136597,0.29828941822052
0,61574858352338,en,0.21769359707832336,0.10334543883800507,0.03023754060268402,0.2994159460067749
0,61575255680659,it,0.20375582575798035,0.10305623710155487,0.031982362270355225,0.2994709610939026
0,61575126533596,en,0.22578296065330505,0.08522872626781464,0.033061519265174866,0.2992928624153137
0,61575180835678,en,0.25555872917175293,0.0653340071439743,0.05030394345521927,0.29982346296310425
0,61575580080566,it,0.2118280678987503,0.0918225422501564,0.03279082477092743,0.2991066575050354
0,61575695455292,en,0.20317670702934265,0.08571534603834152,0.04658486694097519,0.2990609109401703
0,61574932177407,en,0.23323744535446167,0.08464864641427994,0.03828059136867523,0.29963475465774536
0,61575281169106,hi,0.1869807094335556,0.09525344520807266,0.03342375159263611,0.2994624674320221
0,61574785574733,it,0.22125673294067383,0.09685418754816055,0.039009541273117065,0.29961103200912476
0,61574691255198,en,0.20830760896205902,0.09942598640918732,0.03225259482860565,0.29979538917541504
0,61572728411956,fr,0.20148572325706482,0.10901898145675659,0.030655041337013245,0.29966917634010315
0,61575647284322,pt,0.2422148585319519,0.07065446674823761,0.047636084258556366,0.29958856105804443
0,61575262870032,pt,0.21726971864700317,0.09231049567461014,0.031634122133255005,0.29975682497024536
0,61575794757479,pt,0.1916312724351883,0.10479648411273956,0.030416682362556458,0.29979628324508667
0,61574919303983,en,0.19334712624549866,0.09793592244386673,0.03210708498954773,0.2997191548347473
0,61573543259106,it,0.18696878850460052,0.1013893261551857,0.03191043436527252,0.2996949255466461
0,61575191317891,pt,0.21951785683631897,0.09817211329936981,0.030165821313858032,0.2998622953891754
0,61574708867579,en,0.21765753626823425,0.08788423240184784,0.03999406099319458,0.2995152175426483
0,61575368459933,pt,0.23644360899925232,0.06955988705158234,0.062982477247715,0.2990850806236267
0,61575688105742,fr,0.22949238121509552,0.08497116714715958,0.048452913761138916,0.2998289465904236
0,61575545102013,it,0.20531126856803894,0.0992317646741867,0.03082755208015442,0.29976287484169006
0,61572945636998,pt,0.18829454481601715,0.10028862953186035,0.032964885234832764,0.2993846535682678
0,61575533882644,pt,0.20827892422676086,0.09149113297462463,0.038864850997924805,0.29872632026672363
0,61573036322799,pt,0.24297842383384705,0.07950533181428909,0.05243412405252457,0.29949092864990234
0,61575809341597,en,0.22335824370384216,0.09203868359327316,0.045831240713596344,0.299278199672699
0,61575276789549,en,0.23922322690486908,0.07854241877794266,0.04647970199584961,0.2996242344379425
0,61575830879821,fr,0.17927007377147675,0.0855783224105835,0.031255513429641724,0.29769793152809143
0,61575169251615,en,0.20926593244075775,0.08979913592338562,0.04632740467786789,0.2978459596633911
0,61575188275516,it,0.20557011663913727,0.09691130369901657,0.039710745215415955,0.29979509115219116
0,61575455591111,pt,0.1760704070329666,0.10747195035219193,0.03406594693660736,0.29900556802749634
0,61575040950775,en,0.20081549882888794,0.0965208038687706,0.0466771200299263,0.299610435962677
0,61575734633308,en,0.21394041180610657,0.09563011676073074,0.031029537320137024,0.2994624376296997
0,61575131576367,en,0.22067593038082123,0.09114741533994675,0.03827100992202759,0.2997063994407654
0,61574939766846,pt,0.20950202643871307,0.09197927266359329,0.04696827381849289,0.29946160316467285
0,61575729844682,en,0.22764970362186432,0.07950979471206665,0.03423883020877838,0.29942071437835693
0,61574845121589,pt,0.2300119251012802,0.08642745763063431,0.05096106976270676,0.29953300952911377
0,61575154635451,it,0.2467421591281891,0.08026403188705444,0.05142741650342941,0.2995792627334595
0,61573639576797,it,0.209953173995018,0.09915634244680405,0.03106863796710968,0.2987348139286041
0,61575046350558,en,0.2168683558702469,0.09566723555326462,0.03177107870578766,0.29978930950164795
0,61575225621439,en,0.18331009149551392,0.11067456007003784,0.030404478311538696,0.2992909252643585
0,61574914234585,en,0.16844287514686584,0.10824469476938248,0.030371755361557007,0.298936128616333
0,61575259270245,hi,0.21260127425193787,0.0918179526925087,0.033845603466033936,0.2984219193458557
0,61575149005237,en,0.1912665218114853,0.09393449127674103,0.030976802110671997,0.29913777112960815
0,61572817333773,en,0.20725737512111664,0.09903804212808609,0.031315580010414124,0.2998396158218384
0,61575001534754,hi,0.18830843269824982,0.09811777621507645,0.031171515583992004,0.2993524372577667
0,61575236645717,hi,0.22370387613773346,0.09033449739217758,0.032346829771995544,0.29945921897888184
0,61573040625137,fr,0.20089156925678253,0.10027655959129333,0.04281875491142273,0.29968559741973877
0,61575227471920,pt,0.19128933548927307,0.102482870221138,0.042967289686203,0.2992706894874573
0,61575371015595,it,0.21840262413024902,0.09499090909957886,0.030330851674079895,0.29907429218292236
0,61575238131572,pt,0.1942436844110489,0.1027131974697113,0.03611588478088379,0.29966670274734497
0,61575031471293,en,0.24589842557907104,0.07666029781103134,0.05245652794837952,0.299823135137558
0,61573693491518,it,0.261316180229187,0.06483668833971024,0.050736479461193085,0.2997688949108124
0,61575226372155,it,0.23412103950977325,0.07523278146982193,0.04643984138965607,0.29977574944496155
0,61575195653637,pt,0.19021014869213104,0.10051137208938599,0.03286817669868469,0.29953816533088684
0,61574786863896,en,0.23588065803050995,0.0768175944685936,0.05007805675268173,0.2993515729904175
0,61575716964202,hi,0.21531417965888977,0.09668993204832077,0.04277465492486954,0.2996818423271179
0,61575229057307,en,0.23262912034988403,0.08901834487915039,0.03530310094356537,0.29962900280952454
0,61574817494524,fr,0.2395116090774536,0.08769005537033081,0.03188921511173248,0.2998064160346985
0,61575049831217,pt,0.2205628901720047,0.09523986279964447,0.03157418966293335,0.2996402382850647
0,61575115584213,en,0.24388563632965088,0.07743896543979645,0.049362532794475555,0.29879599809646606
0,61575531062633,fr,0.195001482963562,0.1028515174984932,0.033467650413513184,0.29847973585128784
0,61575270759607,pt,0.2069883644580841,0.09789755940437317,0.03871949017047882,0.299457848072052
0,61575091169103,en,0.2368873655796051,0.08175726234912872,0.04732655733823776,0.29976698756217957
0,61575318607485,it,0.22298085689544678,0.08231282979249954,0.050829485058784485,0.29958778619766235
0,61575243677655,pt,0.20388248562812805,0.10279294103384018,0.03260555863380432,0.2997399568557739
0,61574730557113,en,0.17146185040473938,0.10574889183044434,0.030884653329849243,0.298672616481781
0,61575148359774,en,0.20893803238868713,0.08848927170038223,0.03511512279510498,0.299383282661438
0,61574992834078,fr,0.2050219029188156,0.09968386590480804,0.038612425327301025,0.29977360367774963
0,61575075716110,en,0.1711408793926239,0.09454859048128128,0.04154832661151886,0.29950475692749023
0,61574997930238,en,0.22828629612922668,0.09208779036998749,0.03189043700695038,0.29968705773353577
0,61574921619079,fr,0.22412168979644775,0.09500335156917572,0.032603561878204346,0.29930993914604187
0,61574943633252,en,0.2509250044822693,0.06123955920338631,0.06015152484178543,0.29977381229400635
0,61575434374955,fr,0.188612699508667,0.10327716916799545,0.03402376174926758,0.29787200689315796
0,61575079453209,en,0.22692985832691193,0.08803150057792664,0.0464666411280632,0.2996966242790222
0,61575243441350,hi,0.1372135877609253,0.09862387180328369,0.03229624032974243,0.2990288734436035
0,61574979845984,en,0.20373816788196564,0.10037990659475327,0.03435124456882477,0.29956257343292236
0,61575338256889,hi,0.22203297913074493,0.08626125007867813,0.046112775802612305,0.29825523495674133
0,61574715494235,en,0.24949364364147186,0.0762450098991394,0.04614705592393875,0.29983699321746826
0,61573536988081,fr,0.23920750617980957,0.08617526292800903,0.030190378427505493,0.2994147837162018
0,61574815842320,en,0.23676712810993195,0.06692302227020264,0.05394391715526581,0.299537718296051
0,61575631794140,fr,0.24925349652767181,0.06706658005714417,0.05360379070043564,0.2995855510234833
0,61575221512411,hi,0.24104206264019012,0.07079090923070908,0.05859337002038956,0.29930320382118225
0,61575087119240,pt,0.22357088327407837,0.09125345945358276,0.047029316425323486,0.2997916340827942
0,61575310034038,pt,0.2076849490404129,0.09545322507619858,0.03790539503097534,0.29962635040283203
0,61575317113475,pt,0.21473680436611176,0.09537018835544586,0.0354008674621582,0.29957056045532227
0,61575603778005,it,0.2474038153886795,0.07124925404787064,0.04619479924440384,0.29986363649368286
0,61575221286306,hi,0.19831164181232452,0.09242407977581024,0.036733657121658325,0.2997397482395172
0,61575667346713,en,0.25114908814430237,0.07404636591672897,0.0473361536860466,0.29976150393486023
0,61575153195537,fr,0.23867277801036835,0.08093687146902084,0.04743772745132446,0.29977577924728394
0,61573680682759,en,0.2123473882675171,0.08401902765035629,0.030217111110687256,0.2996702194213867
0,61574788035043,hi,0.20055146515369415,0.09779798984527588,0.03842976689338684,0.29886457324028015
0,61574978975929,en,0.19219301640987396,0.09743852913379669,0.045080192387104034,0.29944148659706116
0,61574901935438,en,0.23440471291542053,0.08104636520147324,0.048633769154548645,0.29960018396377563
0,61575119187638,it,0.20594651997089386,0.08451779931783676,0.047189563512802124,0.2985544204711914
0,61575200353453,it,0.18285812437534332,0.1114860475063324,0.035497769713401794,0.2992365062236786
0,61575017759285,en,0.2147417515516281,0.09956452995538712,0.03195255994796753,0.29968512058258057
0,61572897099580,en,0.2521698474884033,0.064517080783844,0.048219501972198486,0.29965734481811523
0,61575213712850,fr,0.2219148576259613,0.09108701348304749,0.0487966313958168,0.29962217807769775
0,61576073780317,hi,0.20142586529254913,0.09219992905855179,0.030327722430229187,0.29943007230758667
0,61575211332811,en,0.20530320703983307,0.1007230207324028,0.03244099020957947,0.2998045086860657
0,61573018383344,fr,0.21169838309288025,0.09746264666318893,0.03830598294734955,0.29893332719802856
0,61575326856811,en,0.2209760993719101,0.08773662894964218,0.03505833446979523,0.29963767528533936
0,61574828802630,fr,0.18924450874328613,0.10521220415830612,0.03323577344417572,0.29892969131469727
0,61575905331775,pt,0.20137761533260345,0.11186962574720383,0.030549004673957825,0.2997674345970154
0,61574996597830,it,0.23789697885513306,0.08477576822042465,0.04483984410762787,0.29984790086746216
0,61573394763409,fr,0.23229484260082245,0.08138369768857956,0.04880586266517639,0.29943621158599854
0,61575582750038,it,0.19753578305244446,0.10522600263357162,0.035625264048576355,0.2995043992996216
0,61575561445414,en,0.23170463740825653,0.07127146422863007,0.06216631829738617,0.29919031262397766
0,61575288632779,en,0.2445877641439438,0.0704236775636673,0.05682583153247833,0.29972967505455017
0,61575557971497,fr,0.18543493747711182,0.09793325513601303,0.030795738101005554,0.2988221049308777
0,61575557408009,pt,0.21770703792572021,0.09443152695894241,0.030609354376792908,0.2997933030128479
0,61574936016860,it,0.20957334339618683,0.10064573585987091,0.03374399244785309,0.2992570400238037
0,61574780144844,en,0.2102998048067093,0.08820228278636932,0.030332446098327637,0.29964834451675415
0,61574964602105,en,0.19837747514247894,0.0957939401268959,0.030476242303848267,0.2993682622909546
0,61575796651817,fr,0.2216670960187912,0.06778066605329514,0.0644872859120369,0.2977173924446106
0,61575263799927,pt,0.20159420371055603,0.0965227484703064,0.050446681678295135,0.2988046407699585
0,61575792327507,it,0.21614517271518707,0.08812563121318817,0.04001448303461075,0.29959240555763245
0,61572939997623,en,0.24113205075263977,0.0831921249628067,0.04569996893405914,0.2997441291809082
0,61575503980281,pt,0.21468354761600494,0.09131158888339996,0.04272392392158508,0.29981231689453125
0,61573535549602,it,0.21623793244361877,0.09106827527284622,0.04485166817903519,0.2998042702674866
0,61575380549834,hi,0.2074151188135147,0.09947237372398376,0.030853837728500366,0.2994263172149658
0,61574940786036,pt,0.2449566274881363,0.07752310484647751,0.04843422770500183,0.29938608407974243
0,61575036330853,en,0.2513183653354645,0.07297340035438538,0.05404127389192581,0.29945746064186096
0,61575179504190,en,0.23098061978816986,0.08822710067033768,0.030704259872436523,0.29914358258247375
0,61575184523495,en,0.20540320873260498,0.1018376350402832,0.03042455017566681,0.29953646659851074
0,61574984850248,en,0.19640783965587616,0.09189485758543015,0.035922229290008545,0.29971903562545776
0,61574896568851,en,0.21961617469787598,0.10162214934825897,0.030587032437324524,0.2996861934661865
0,61575328303165,pt,0.23424816131591797,0.09215717762708664,0.05086721479892731,0.29976460337638855
0,61573639284043,pt,0.1735922396183014,0.1010509803891182,0.0321991890668869,0.29884862899780273
0,61575025306519,hi,0.19335578382015228,0.08975203335285187,0.0315629243850708,0.298931360244751
0,61573044255129,hi,0.232781782746315,0.0813455581665039,0.05367742478847504,0.2997933030128479
0,61575854874351,pt,0.18837659060955048,0.11432544142007828,0.030230417847633362,0.299217164516449
0,61575562855407,hi,0.17703735828399658,0.0988043025135994,0.030676990747451782,0.2985774278640747
0,61573160396182,fr,0.22543907165527344,0.07342322915792465,0.04884083569049835,0.29979652166366577
0,61575025023617,pt,0.2331572026014328,0.08825023472309113,0.030863314867019653,0.2997252345085144
0,61574913877788,pt,0.21240238845348358,0.10016399621963501,0.0319131463766098,0.2998042702674866
0,61575798830806,it,0.21176336705684662,0.08816074579954147,0.03790794312953949,0.299651563167572
0,61574946005614,en,0.19520868360996246,0.10452580451965332,0.03446932137012482,0.29966259002685547
0,61575095245405,en,0.21449586749076843,0.09250616282224655,0.030744656920433044,0.2994222640991211
0,61575005853006,it,0.2091655284166336,0.09798411279916763,0.04000510275363922,0.29969900846481323
0,61575311377502,en,0.1915384829044342,0.09988415241241455,0.035930946469306946,0.29941287636756897
0,61575649624207,pt,0.18928764760494232,0.10411050170660019,0.03443598747253418,0.2998387813568115
0,61575203023035,hi,0.17995339632034302,0.0914618968963623,0.03943723440170288,0.29871368408203125
0,61575079169748,pt,0.23892176151275635,0.07424221187829971,0.04606761783361435,0.29974448680877686
0,61575148797368,en,0.20157629251480103,0.09673701226711273,0.04016781598329544,0.29948168992996216
0,61573053375071,fr,0.2221100628376007,0.07821574807167053,0.052792079746723175,0.29926979541778564
0,61575000899895,en,0.15899640321731567,0.10826446861028671,0.035258978605270386,0.2977637052536011
0,61575098818802,pt,0.2249467968940735,0.08008454740047455,0.04772002995014191,0.2995884418487549
0,61575028711256,fr,0.20851090550422668,0.08717203885316849,0.054479196667671204,0.2996479868888855
0,61575147567358,fr,0.21312633156776428,0.09295114129781723,0.0312943309545517,0.2994554042816162
0,61575045675245,en,0.20149964094161987,0.09670934081077576,0.041316427290439606,0.29983699321746826
0,61575057779980,en,0.1143869161605835,0.0938836932182312,0.031643107533454895,0.2975642681121826
0,61575770523168,hi,0.23227010667324066,0.08691580593585968,0.033629000186920166,0.2997773289680481
0,61574724737317,it,0.20268003642559052,0.09870189428329468,0.03301076591014862,0.29851922392845154
0,61575674126417,hi,0.2388608753681183,0.07681208103895187,0.051666781306266785,0.2993798851966858
0,61575207773071,it,0.22094878554344177,0.06466737389564514,0.05843040347099304,0.2987644076347351
0,61574911149534,it,0.24736863374710083,0.08508025109767914,0.04335679113864899,0.2998465895652771
0,61575719364055,hi,0.21065305173397064,0.08708161860704422,0.04212670028209686,0.2995450496673584
0,61575150555733,en,0.25997263193130493,0.06862125545740128,0.04726336896419525,0.29970064759254456
0,61573382480931,pt,0.22204238176345825,0.09536182880401611,0.03154943883419037,0.2993735074996948
0,61575204173147,fr,0.23033122718334198,0.07961402088403702,0.06092548370361328,0.29947468638420105
0,61575618485389,pt,0.21190907061100006,0.08667547255754471,0.050122521817684174,0.29973071813583374
0,61574764996945,it,0.1928674727678299,0.07360892742872238,0.06330547481775284,0.29844924807548523
0,61575140890194,en,0.21268031001091003,0.08426835387945175,0.03983728587627411,0.29812538623809814
0,61574799343860,pt,0.20778173208236694,0.10456808656454086,0.03116084635257721,0.29911500215530396
0,61575609593809,hi,0.17044515907764435,0.09460083395242691,0.030292704701423645,0.2990868091583252
0,61575088470429,it,0.2608524560928345,0.061815135180950165,0.05686206370592117,0.299824595451355
0,61575274899327,en,0.2108040153980255,0.09204808622598648,0.04320859909057617,0.2995578646659851
0,61575600087094,hi,0.21954935789108276,0.08029045909643173,0.06253789365291595,0.29943373799324036
0,61575787832729,en,0.2213641107082367,0.08957203477621078,0.03380990028381348,0.2993924617767334
0,61575132716094,en,0.1906615048646927,0.08740171790122986,0.03506071865558624,0.29828184843063354
0,61574996550205,en,0.1999998390674591,0.10671018064022064,0.04295901954174042,0.29978179931640625
0,61575311491588,en,0.19056987762451172,0.10777474194765091,0.03305031359195709,0.2998684048652649
0,61575634528316,en,0.22289541363716125,0.0804409459233284,0.04970191419124603,0.2995728850364685
0,61575731093467,en,0.19427843391895294,0.09499074518680573,0.03383788466453552,0.29972296953201294
0,61575208972156,en,0.2628524899482727,0.0662589892745018,0.04640200734138489,0.2997376024723053
0,61575728753782,en,0.24192282557487488,0.07776442915201187,0.04656929522752762,0.2996991276741028
0,61572985534941,pt,0.18690180778503418,0.10172974318265915,0.031026005744934082,0.2995551824569702
0,61574651897378,en,0.2221030294895172,0.0938166156411171,0.030477255582809448,0.29940369725227356
0,61573437931596,en,0.23228928446769714,0.08604834973812103,0.03531166911125183,0.29957056045532227
0,61575463714708,hi,0.1448582261800766,0.09497454017400742,0.03054051101207733,0.2955588400363922
0,61575106577835,it,0.20716547966003418,0.09421239793300629,0.03942406177520752,0.29956990480422974
0,61575582540110,pt,0.20412924885749817,0.09869107604026794,0.03198343515396118,0.29896828532218933
0,61575112227227,en,0.1820847988128662,0.08821195363998413,0.03168317675590515,0.29926204681396484
0,61575953244525,hi,0.24650128185749054,0.06155087426304817,0.06018579751253128,0.29947495460510254
0,61574966165566,pt,0.19805574417114258,0.10060406476259232,0.033375486731529236,0.2992149591445923
0,61575494398591,hi,0.26719599962234497,0.06543001532554626,0.04604097455739975,0.2997388243675232
0,61575327722596,fr,0.17906565964221954,0.10695823282003403,0.030668675899505615,0.2992295026779175
0,61573552948536,it,0.2104477733373642,0.08732852339744568,0.03472776710987091,0.29824143648147583
0,61574967244321,en,0.22517576813697815,0.08686122298240662,0.04778846353292465,0.29933661222457886
0,61575264860231,en,0.21864788234233856,0.08623747527599335,0.03050723671913147,0.29956716299057007
0,61575355296120,hi,0.25684618949890137,0.06332869827747345,0.051957666873931885,0.2997475862503052
0,61575394229554,en,0.20803534984588623,0.10001913458108902,0.036535367369651794,0.29944270849227905
0,61575129190978,en,0.1948774755001068,0.09283795952796936,0.030878201127052307,0.29925668239593506
0,61575161685429,pt,0.18406113982200623,0.09261657297611237,0.03368203341960907,0.29915666580200195
0,61575056637344,en,0.21057604253292084,0.08916499465703964,0.037539467215538025,0.29969051480293274
0,61573167310365,it,0.26331982016563416,0.06449383497238159,0.04803166538476944,0.2991276979446411
0,61575552217980,pt,0.24262060225009918,0.08015947788953781,0.04754871129989624,0.2997271418571472
0,61575461561304,pt,0.22402632236480713,0.08224783092737198,0.04815632849931717,0.2993009388446808
0,61574835341215,fr,0.2276945561170578,0.07622120529413223,0.061582326889038086,0.29944854974746704
0,61573074840596,fr,0.23203933238983154,0.0891970619559288,0.03273084759712219,0.29979151487350464
0,61576059230191,it,0.21767239272594452,0.0921374037861824,0.033039987087249756,0.29980283975601196
0,61574931846511,it,0.21002452075481415,0.09899789094924927,0.03108249604701996,0.2996682822704315
0,61574053119016,it,0.20821671187877655,0.10373717546463013,0.03045886754989624,0.2993578016757965
0,61575680942688,pt,0.1961214244365692,0.09373423457145691,0.04608567804098129,0.29952767491340637
0,61575019756700,pt,0.22288763523101807,0.0866873562335968,0.042603835463523865,0.2997208833694458
0,61574772375215,fr,0.198078453540802,0.09902366250753403,0.04481062293052673,0.2997955083847046
0,61575158695568,pt,0.21568885445594788,0.09179674088954926,0.04412035644054413,0.2998462915420532
0,61574949937616,en,0.2604474723339081,0.06617701053619385,0.04976825416088104,0.29941999912261963
0,61575100662412,en,0.25102078914642334,0.06709393113851547,0.04691097140312195,0.299566388130188
0,61575090989206,fr,0.1891677975654602,0.0894225463271141,0.030196115374565125,0.29918766021728516
0,61575956484127,hi,0.22791339457035065,0.08755595237016678,0.049246616661548615,0.2996407747268677
0,61575671456434,it,0.24612975120544434,0.06730679422616959,0.06235656142234802,0.29974842071533203
0,61574940158280,it,0.21315734088420868,0.09793160110712051,0.04862332344055176,0.2996865510940552
0,61574861712206,pt,0.22595514357089996,0.08324074000120163,0.05719651281833649,0.2989356517791748
0,61575229631870,pt,0.24577510356903076,0.08146079629659653,0.04885488748550415,0.2998626232147217
0,61574980024843,hi,0.2342974990606308,0.08234436064958572,0.04992733150720596,0.29973238706588745
0,61573112383233,it,0.2122536450624466,0.07929512113332748,0.04736291617155075,0.2986190915107727
0,61574999867383,en,0.2242569923400879,0.06715244054794312,0.06875189393758774,0.2987748086452484
0,61575161305509,fr,0.2003261148929596,0.1071217879652977,0.037583380937576294,0.29916077852249146
0,61575805711531,it,0.2658643424510956,0.06542001664638519,0.04531117528676987,0.29983049631118774
0,61574930586709,pt,0.18624469637870789,0.09423566609621048,0.03830274939537048,0.2978094816207886
0,61575036691879,fr,0.16054271161556244,0.10403302311897278,0.031529828906059265,0.29972660541534424
0,61573876354741,it,0.20525459945201874,0.10051678121089935,0.03232039511203766,0.298899382352829
0,61575152385454,fr,0.20942597091197968,0.09062519669532776,0.035178303718566895,0.2997245490550995
0,61575797240901,it,0.20826201140880585,0.10907534509897232,0.039260923862457275,0.29965871572494507
0,61574787854878,pt,0.21055391430854797,0.06711699068546295,0.06831056624650955,0.2986546754837036
0,61575123077172,hi,0.235931396484375,0.08562824875116348,0.051293522119522095,0.29968103766441345
0,61575258724354,hi,0.23455069959163666,0.07890535891056061,0.06373806297779083,0.29864609241485596
0,61574884989863,fr,0.19785484671592712,0.10455245524644852,0.03813356161117554,0.29957178235054016
0,61575171524686,it,0.19771093130111694,0.10489186644554138,0.03664219379425049,0.29971352219581604
0,61575695695222,en,0.2564147114753723,0.06350045651197433,0.0497865229845047,0.29792454838752747
1,61574934126943,pt,0.1581159383058548,0.10104060173034668,0.030386805534362793,0.29697948694229126
1,61575131153481,en,0.2346513569355011,0.08349108695983887,0.04686211794614792,0.2996150851249695
1,61574801413926,fr,0.2172379195690155,0.08763471990823746,0.03616376221179962,0.29919150471687317
1,61575315757634,fr,0.20217333734035492,0.0887078046798706,0.04894131422042847,0.2993994355201721
1,61574863962100,it,0.21968074142932892,0.08066090941429138,0.04835096746683121,0.29963210225105286
1,61575201373332,fr,0.21210095286369324,0.09437268227338791,0.037865132093429565,0.29973286390304565
1,61575691416622,hi,0.21367399394512177,0.08055461943149567,0.0533447265625,0.29969874024391174
1,61574905567721,en,0.21038202941417694,0.08229657262563705,0.054766133427619934,0.29919499158859253
1,61575169251717,en,0.18966343998908997,0.10238589346408844,0.035115912556648254,0.2994447350502014
1,61575111478220,pt,0.22151508927345276,0.08060292154550552,0.04728469252586365,0.2994256615638733
1,61575569215048,hi,0.21428634226322174,0.08612488210201263,0.05879342555999756,0.29928451776504517
1,61575003004721,fr,0.1940169334411621,0.09035520255565643,0.03101123869419098,0.2984570264816284
1,61575027123549,en,0.20322847366333008,0.10034207254648209,0.03048771619796753,0.2996408939361572
1,61574951645380,en,0.23081155121326447,0.08448676764965057,0.04458244889974594,0.2993777394294739
1,61574727556591,en,0.2121959626674652,0.0746806412935257,0.05414716899394989,0.299691379070282
1,61575239345239,en,0.2292790412902832,0.0907336175441742,0.03412488102912903,0.2996889650821686
1,61575622629793,it,0.20866505801677704,0.09558583050966263,0.030347496271133423,0.29967790842056274
1,61575174584515,fr,0.23921190202236176,0.08259042352437973,0.03279566764831543,0.2992808222770691
1,61575689432183,pt,0.22468914091587067,0.08932938426733017,0.0326768159866333,0.29977738857269287
1,61575053907477,en,0.1871192306280136,0.1076568141579628,0.03027266263961792,0.2994263470172882
1,61575568405010,en,0.2217538058757782,0.07698847353458405,0.04846888780593872,0.29886186122894287
1,61575007354364,en,0.21851342916488647,0.08842355757951736,0.0367107093334198,0.29962074756622314
1,61575205783063,hi,0.22009798884391785,0.07764387130737305,0.06035912036895752,0.2991914749145508
1,61574652767188,en,0.25214940309524536,0.06608039140701294,0.04838355630636215,0.29896730184555054
1,61574821569203,en,0.20226514339447021,0.09064199030399323,0.03134915232658386,0.2995438575744629
1,61575347826373,hi,0.2103676199913025,0.08750224858522415,0.04469035565853119,0.29967477917671204
1,61575116351597,hi,0.23561690747737885,0.07974911481142044,0.04765824228525162,0.29978397488594055
1,61574764605724,fr,0.2329113930463791,0.08086548745632172,0.040680378675460815,0.2992425560951233
1,61575210563029,fr,0.250728577375412,0.07232199609279633,0.045338548719882965,0.29968374967575073
1,61574937547028,it,0.20053674280643463,0.09115614742040634,0.03163507580757141,0.29982632398605347
1,61575062566013,en,0.1991298496723175,0.10607204586267471,0.030692443251609802,0.29966259002685547
1,61575004409946,en,0.2254907488822937,0.0846986323595047,0.03291130065917969,0.29971832036972046
1,61575167439026,en,0.20227454602718353,0.10226699709892273,0.03714330494403839,0.2998287081718445
1,61575303902251,en,0.19830374419689178,0.09998487681150436,0.03482317924499512,0.29944509267807007
1,61574987700816,en,0.23586471378803253,0.08424138277769089,0.045539915561676025,0.29978543519973755
1,61575062519607,en,0.23398110270500183,0.0727701485157013,0.05693606287240982,0.2984977960586548
1,61575236351657,fr,0.1679048240184784,0.10506980866193771,0.030331537127494812,0.2989006042480469
1,61575255040324,en,0.21597592532634735,0.08648514747619629,0.03100612759590149,0.2993701994419098
1,61575799107152,pt,0.19995123147964478,0.09859690815210342,0.03105039894580841,0.29955047369003296
1,61575637913685,en,0.2234729826450348,0.09246841073036194,0.03900580108165741,0.2994515895843506
1,61575138556380,en,0.22569328546524048,0.0697481632232666,0.057800307869911194,0.29897594451904297
1,61575527222862,it,0.23597104847431183,0.07602135092020035,0.047489434480667114,0.29949384927749634
1,61573054454503,fr,0.2430526167154312,0.08110493421554565,0.04621417820453644,0.29978179931640625
1,61574839903015,it,0.23416021466255188,0.0932842344045639,0.031181052327156067,0.29983270168304443
1,61574788001360,en,0.19696484506130219,0.1025678887963295,0.030483439564704895,0.29906967282295227
1,61575207112351,en,0.22244040668010712,0.078227199614048,0.052002109587192535,0.2992739677429199
1,61575152050067,hi,0.1960311383008957,0.09045525640249252,0.04014899581670761,0.2992047369480133
1,61573397313375,fr,0.2029993236064911,0.10080848634243011,0.036737218499183655,0.2996518611907959
1,61575817620916,fr,0.23450946807861328,0.08445151895284653,0.038636669516563416,0.2997909188270569
1,61575313410082,en,0.21623022854328156,0.08717294037342072,0.04171476513147354,0.2997109889984131
1,61575266811505,en,0.18624086678028107,0.08474268019199371,0.031849607825279236,0.2996465861797333
1,61574726476500,en,0.24722601473331451,0.07141987979412079,0.053652018308639526,0.2996157705783844
1,61575178964523,pt,0.20466113090515137,0.10789617151021957,0.0343785285949707,0.2994777262210846
1,61575940674829,hi,0.22434918582439423,0.09035568684339523,0.03662833571434021,0.29914218187332153
1,61574855621301,en,0.22735890746116638,0.08245030790567398,0.045856669545173645,0.29912760853767395
1,61575872908128,hi,0.22323165833950043,0.09292388707399368,0.030715912580490112,0.2995840311050415
1,61575227003442,it,0.25530752539634705,0.06718918681144714,0.04677673429250717,0.29966962337493896
1,61575614841893,hi,0.23155738413333893,0.08673145622015,0.05079665780067444,0.29983147978782654
1,61575828570433,en,0.2132873684167862,0.07344222813844681,0.0588536262512207,0.29786837100982666
1,61574831382328,en,0.22623594105243683,0.07912194728851318,0.030745133757591248,0.29974547028541565
1,61575496125684,en,0.2256264090538025,0.09188935160636902,0.04393698275089264,0.29966485500335693
1,61575356045890,it,0.19864235818386078,0.09187763184309006,0.054501280188560486,0.2991563677787781
1,61575172646079,it,0.20163515210151672,0.09002188593149185,0.04613710939884186,0.2998613715171814
1,61575027298560,en,0.22261454164981842,0.08632193505764008,0.030199646949768066,0.2991466522216797
1,61574817464063,en,0.2453010380268097,0.08552084863185883,0.03224717080593109,0.2995586097240448
1,61574781734933,it,0.21181359887123108,0.08220365643501282,0.05613670498132706,0.29965758323669434
1,61572766786766,en,0.23203623294830322,0.08539185672998428,0.0487547367811203,0.29966503381729126
1,61575574524688,pt,0.22838926315307617,0.09075506776571274,0.04392814636230469,0.2998906970024109
1,61575226491299,en,0.2165050357580185,0.09669990837574005,0.03312970697879791,0.29973822832107544
1,61573217543255,hi,0.22025685012340546,0.09163197129964828,0.03357726335525513,0.2996298670768738
1,61575838795093,pt,0.2099190205335617,0.0981270894408226,0.030964970588684082,0.29973605275154114
1,61575202633062,it,0.21769112348556519,0.09032215178012848,0.030459150671958923,0.2997323274612427
1,61575544152962,it,0.22520874440670013,0.08706819266080856,0.03379929065704346,0.29987531900405884
1,61575088062953,it,0.1959388256072998,0.10748912394046783,0.03057895600795746,0.29942405223846436
1,61575119561738,en,0.2318933755159378,0.09526518732309341,0.039738476276397705,0.2998323440551758
1,61574051276067,it,0.2251429706811905,0.07891172170639038,0.05826285481452942,0.29965001344680786
1,61575013502873,it,0.19125941395759583,0.09643383324146271,0.03257055580615997,0.2988176941871643
1,61575571571675,fr,0.24744567275047302,0.08450958132743835,0.047385163605213165,0.29972967505455017
1,61573913763035,it,0.16968302428722382,0.10566674172878265,0.030608370900154114,0.2995489537715912
1,61575557761520,it,0.25380048155784607,0.07185645401477814,0.04561460763216019,0.2996407449245453
1,61573544637558,fr,0.19551260769367218,0.08123243600130081,0.04947759211063385,0.29917529225349426
1,61573135240533,fr,0.21892769634723663,0.07825517654418945,0.054867714643478394,0.29909902811050415
1,61575098742695,hi,0.22827136516571045,0.08209362626075745,0.030604124069213867,0.2995119094848633
1,61575662108150,en,0.2335149496793747,0.09904371201992035,0.04543313384056091,0.2998095750808716
1,61575515733376,pt,0.23762014508247375,0.07255551964044571,0.05242149531841278,0.299530565738678
1,61575661611123,hi,0.21556879580020905,0.0858105942606926,0.05098038911819458,0.2991146743297577
1,61575214162123,en,0.20628613233566284,0.09677388519048691,0.031090259552001953,0.2996334731578827
1,61573503322985,fr,0.20308612287044525,0.09673088043928146,0.03157113492488861,0.2997143268585205
1,61575198623528,hi,0.24214434623718262,0.08369240164756775,0.04934793710708618,0.29973283410072327
1,61574714597809,pt,0.20972637832164764,0.09157658368349075,0.03824378550052643,0.2998202443122864
1,61575689695617,hi,0.2348555475473404,0.07875945419073105,0.033369287848472595,0.2994807958602905
1,61575606443963,hi,0.13021530210971832,0.09816078096628189,0.03081679344177246,0.29856181144714355
1,61575308401890,en,0.23730817437171936,0.08575949817895889,0.033664241433143616,0.29983416199684143
1,61575331140964,en,0.2461661398410797,0.08278622478246689,0.046323202550411224,0.2997595965862274
1,61572629921625,pt,0.21787360310554504,0.07936273515224457,0.05444858968257904,0.29927265644073486
1,61573600374605,en,0.20330742001533508,0.09902811795473099,0.038604170083999634,0.29938292503356934
1,61575324090992,en,0.2507506012916565,0.07592011988162994,0.05503569543361664,0.299834281206131
1,61575112067630,hi,0.2395859658718109,0.08104918152093887,0.030769899487495422,0.29961395263671875
1,61575470764521,pt,0.2733253240585327,0.06147223338484764,0.04962436109781265,0.29984647035598755
1,61575257740412,hi,0.21916750073432922,0.08534561097621918,0.04805059731006622,0.2989254593849182
1,61575324216831,en,0.23271042108535767,0.07283589243888855,0.05451146513223648,0.2997030019760132
1,61575433245776,it,0.20132416486740112,0.08842170983552933,0.053021810948848724,0.2996470332145691
1,61574801715376,en,0.2135777324438095,0.09503903985023499,0.04194311052560806,0.29978036880493164
1,61575229721815,fr,0.23550060391426086,0.07791050523519516,0.04816541075706482,0.2995736002922058
1,61575024946334,hi,0.19235457479953766,0.09419766813516617,0.03827853500843048,0.29948312044143677
1,61575617909167,en,0.19265398383140564,0.09546543657779694,0.03114159405231476,0.2994978129863739
1,61574814822672,en,0.21549299359321594,0.08309096843004227,0.04031027853488922,0.29950588941574097
1,61575044985283,hi,0.2197190374135971,0.08897267282009125,0.03156420588493347,0.2987287640571594
1,61572607540933,fr,0.21239930391311646,0.09515748918056488,0.031553715467453,0.2994236946105957
1,61575005252655,en,0.21810536086559296,0.08806286007165909,0.04413711279630661,0.29981085658073425
1,61573167969034,fr,0.2010970264673233,0.10591237246990204,0.030671119689941406,0.29912883043289185
1,61573516080607,it,0.16195611655712128,0.10180256515741348,0.034084707498550415,0.29919689893722534
1,61575561427679,pt,0.21513423323631287,0.0997815653681755,0.035832226276397705,0.2996060848236084
1,61575612269544,fr,0.20752695202827454,0.09423131495714188,0.031006723642349243,0.2996142506599426
1,61575152979706,hi,0.20966573059558868,0.09083889424800873,0.030321955680847168,0.29938095808029175
1,61574925813885,en,0.2357671707868576,0.08596673607826233,0.049956560134887695,0.29969120025634766
1,61575647991754,hi,0.20439542829990387,0.10485105961561203,0.030391648411750793,0.2997432351112366
1,61575849294548,pt,0.24861735105514526,0.07022169977426529,0.04676533490419388,0.299791157245636
1,61575732154813,en,0.22488674521446228,0.07965809851884842,0.050287529826164246,0.2997449040412903
1,61575207162938,hi,0.22613444924354553,0.08149665594100952,0.04033808410167694,0.2996572256088257
1,61573697084008,it,0.23232825100421906,0.08752340078353882,0.040276430547237396,0.2998749613761902
1,61574846917976,en,0.17271438241004944,0.09750890731811523,0.031359538435935974,0.29951798915863037
1,61574838672120,en,0.1961093544960022,0.10278245061635971,0.050055235624313354,0.2996619641780853
1,61575162879216,en,0.20268560945987701,0.09763919562101364,0.03092522919178009,0.2994961738586426
1,61575306427918,en,0.21382418274879456,0.07403052598237991,0.05951087921857834,0.29903215169906616
1,61575531152948,pt,0.23440463840961456,0.08766450732946396,0.03273633122444153,0.2998642325401306
1,61572731112276,fr,0.2512938976287842,0.0698099210858345,0.046266406774520874,0.2996155023574829
1,61573212846972,en,0.2260579764842987,0.08955762535333633,0.03720138967037201,0.29966995120048523
1,61573754471228,it,0.17953374981880188,0.0963728278875351,0.035222917795181274,0.2985159158706665
1,61574858352338,en,0.22367030382156372,0.10155551880598068,0.030582547187805176,0.2996039390563965
1,61575255680659,it,0.19964216649532318,0.10220158100128174,0.0327669233083725,0.2996203303337097
1,61575126533596,en,0.21059849858283997,0.08634060621261597,0.030893459916114807,0.2993471026420593
1,61575180835678,en,0.2572579085826874,0.06508160382509232,0.04919227212667465,0.2998277544975281
1,61575580080566,it,0.21282057464122772,0.09332965314388275,0.0326990932226181,0.2990880012512207
1,61575695455292,en,0.2057500034570694,0.08471078425645828,0.04837358742952347,0.29902803897857666
1,61574932177407,en,0.2336297333240509,0.08532232791185379,0.0377766489982605,0.2996494770050049
1,61575281169106,hi,0.176219180226326,0.09852631390094757,0.03180718421936035,0.2993868589401245
1,61574785574733,it,0.22558970749378204,0.09306242316961288,0.0363975465297699,0.2996729910373688
1,61574691255198,en,0.21841591596603394,0.09576790779829025,0.03174291551113129,0.2997760772705078
1,61572728411956,fr,0.20409822463989258,0.10767853260040283,0.0319676548242569,0.29964369535446167
1,61575647284322,pt,0.24494093656539917,0.06936445087194443,0.04848828911781311,0.29966533184051514
1,61575262870032,pt,0.21393610537052155,0.09323517978191376,0.032612383365631104,0.2997792959213257
1,61575794757479,pt,0.1854526251554489,0.11164850741624832,0.030405551195144653,0.29979366064071655
1,61574919303983,en,0.19545775651931763,0.09693361073732376,0.031828999519348145,0.299718976020813
1,61573543259106,it,0.17957459390163422,0.10328153520822525,0.030902862548828125,0.2997039556503296
1,61575191317891,pt,0.21913710236549377,0.09905103594064713,0.03037811815738678,0.2998615503311157
1,61574708867579,en,0.22957494854927063,0.07595890760421753,0.05617040395736694,0.29953229427337646
1,61575368459933,pt,0.23663580417633057,0.06984977424144745,0.06147104501724243,0.2989639341831207
1,61575688105742,fr,0.2231704592704773,0.08748074620962143,0.04315660893917084,0.29980894923210144
1,61575545102013,it,0.19929002225399017,0.09759360551834106,0.0303499698638916,0.2997903823852539
1,61572945636998,pt,0.1976919323205948,0.09431378543376923,0.033519595861434937,0.29950395226478577
1,61575533882644,pt,0.2034185826778412,0.08972802013158798,0.03519082069396973,0.2991921007633209
1,61573036322799,pt,0.23580628633499146,0.07929284125566483,0.04960723966360092,0.2995113432407379
1,61575809341597,en,0.22428259253501892,0.08948379009962082,0.0521853044629097,0.29931730031967163
1,61575276789549,en,0.24531610310077667,0.07652135193347931,0.04779237508773804,0.29966896772384644
1,61575830879821,fr,0.16410939395427704,0.08676239848136902,0.030359402298927307,0.2967609167098999
1,61575169251615,en,0.21043097972869873,0.09211312979459763,0.034003838896751404,0.2980748116970062
1,61575188275516,it,0.2019246369600296,0.09674397855997086,0.037913188338279724,0.29978758096694946
1,61575455591111,pt,0.18052667379379272,0.10369256883859634,0.04057810455560684,0.2990521788597107
1,61575040950775,en,0.2099715918302536,0.09380374103784561,0.046929679811000824,0.2996683418750763
1,61575734633308,en,0.21432627737522125,0.09169088304042816,0.03121429681777954,0.2996065616607666
1,61575131576367,en,0.21372155845165253,0.0940546989440918,0.03155602514743805,0.29964613914489746
1,61574939766846,pt,0.20344218611717224,0.09487638622522354,0.04741932451725006,0.2994096279144287
1,61575729844682,en,0.2245052307844162,0.08058583736419678,0.03256472945213318,0.29930591583251953
1,61574845121589,pt,0.23307296633720398,0.08910607546567917,0.050907231867313385,0.2995043396949768
1,61575154635451,it,0.2455948293209076,0.08158817887306213,0.05060363560914993,0.2995893955230713
1,61573639576797,it,0.2125309556722641,0.10145726054906845,0.03230391442775726,0.2990950345993042
1,61575046350558,en,0.21544669568538666,0.09504304081201553,0.03484182059764862,0.2997146248817444
1,61575225621439,en,0.18596826493740082,0.11031149327754974,0.030380979180336,0.29937630891799927
1,61574914234585,en,0.16566035151481628,0.10937486588954926,0.030360206961631775,0.2991185784339905
1,61575259270245,hi,0.2147454470396042,0.08965132385492325,0.03431214392185211,0.29841333627700806
1,61575149005237,en,0.19315817952156067,0.09400752931833267,0.03088909387588501,0.29892611503601074
1,61572817333773,en,0.1982296109199524,0.10360313206911087,0.030919790267944336,0.2998398542404175
1,61575001534754,hi,0.18560351431369781,0.10113880038261414,0.03147873282432556,0.2992875874042511
1,61575236645717,hi,0.21108289062976837,0.09318862110376358,0.03224650025367737,0.2989286780357361
1,61573040625137,fr,0.1874942183494568,0.10299752652645111,0.03217385709285736,0.29966026544570923
1,61575227471920,pt,0.19943049550056458,0.09757450222969055,0.04785512387752533,0.299302339553833
1,61575371015595,it,0.22246965765953064,0.09875176101922989,0.030512437224388123,0.29912659525871277
1,61575238131572,pt,0.1890811324119568,0.10491828620433807,0.03360480070114136,0.2997216582298279
1,61575031471293,en,0.24421747028827667,0.0793464258313179,0.0487925261259079,0.299815833568573
1,61573693491518,it,0.2604551315307617,0.0647820457816124,0.046682462096214294,0.29976099729537964
1,61575226372155,it,0.22904400527477264,0.07742609083652496,0.046811848878860474,0.29979032278060913
1,61575195653637,pt,0.18292298913002014,0.0978427529335022,0.031211987137794495,0.29916685819625854
1,61574786863896,en,0.23982229828834534,0.07509434223175049,0.050849549472332,0.29952555894851685
1,61575716964202,hi,0.20963086187839508,0.09757814556360245,0.03570728003978729,0.2996593713760376
1,61575229057307,en,0.23016418516635895,0.0891459658741951,0.035039231181144714,0.29959362745285034
1,61574817494524,fr,0.23148253560066223,0.08730458468198776,0.031044989824295044,0.2997061014175415
1,61575049831217,pt,0.2099183052778244,0.09731373935937881,0.031596049666404724,0.29949069023132324
1,61575115584213,en,0.24655237793922424,0.07528213411569595,0.050008490681648254,0.2988986074924469
1,61575531062633,fr,0.2039433717727661,0.10156837105751038,0.0394509881734848,0.29883188009262085
1,61575270759607,pt,0.19360075891017914,0.10482898354530334,0.032149940729141235,0.29936471581459045
1,61575091169103,en,0.2339419573545456,0.08750522136688232,0.047939009964466095,0.2997562289237976
1,61575318607485,it,0.2196124941110611,0.08441326767206192,0.03972409665584564,0.2996179759502411
1,61575243677655,pt,0.21197059750556946,0.10123435407876968,0.03305444121360779,0.29974329471588135
1,61574730557113,en,0.17766916751861572,0.10782694071531296,0.03083820641040802,0.29899343848228455
1,61575148359774,en,0.21721488237380981,0.08665314316749573,0.04622256010770798,0.29954588413238525
1,61574992834078,fr,0.1977091133594513,0.10225003957748413,0.03402586281299591,0.2996954321861267
1,61575075716110,en,0.1749563366174698,0.09797961264848709,0.04374673217535019,0.2995363175868988
1,61574997930238,en,0.22373615205287933,0.09313702583312988,0.03174242377281189,0.29964518547058105
1,61574921619079,fr,0.21351337432861328,0.09374219179153442,0.030654922127723694,0.2991473972797394
1,61574943633252,en,0.2562120854854584,0.06103978306055069,0.05985822528600693,0.2998018264770508
1,61575434374955,fr,0.18569734692573547,0.10315581411123276,0.0336826890707016,0.2982812821865082
1,61575079453209,en,0.2277652770280838,0.08986872434616089,0.046532392501831055,0.29971635341644287
1,61575243441350,hi,0.14083047211170197,0.09800431877374649,0.03140352666378021,0.29896801710128784
1,61574979845984,en,0.20951052010059357,0.10156363993883133,0.0338347852230072,0.29960179328918457
1,61575338256889,hi,0.22856900095939636,0.086490698158741,0.04954899102449417,0.29881787300109863
1,61574715494235,en,0.24913112819194794,0.07559843361377716,0.0488511398434639,0.2998387813568115
1,61573536988081,fr,0.241495743393898,0.08822842687368393,0.030962079763412476,0.2993437647819519
1,61574815842320,en,0.22846055030822754,0.07111790776252747,0.05402807891368866,0.2996103763580322
1,61575631794140,fr,0.25529423356056213,0.06479425728321075,0.050506673753261566,0.29957103729248047
1,61575221512411,hi,0.2446930706501007,0.07138040661811829,0.05283120274543762,0.29934442043304443
1,61575087119240,pt,0.2222314476966858,0.09183108061552048,0.03902406990528107,0.29980021715164185
1,61575310034038,pt,0.21535705029964447,0.09359024465084076,0.04267684370279312,0.299579918384552
1,61575317113475,pt,0.21540836989879608,0.09439556300640106,0.03706538677215576,0.299640953540802
1,61575603778005,it,0.24390366673469543,0.07259199023246765,0.04676380753517151,0.299869179725647
1,61575221286306,hi,0.20011363923549652,0.0941304862499237,0.03541068732738495,0.2996823191642761
1,61575667346713,en,0.25227636098861694,0.07308177649974823,0.045782141387462616,0.2997565269470215
1,61575153195537,fr,0.22603142261505127,0.09222700446844101,0.044373512268066406,0.2997874617576599
1,61573680682759,en,0.21131810545921326,0.08481042087078094,0.030179902911186218,0.29970380663871765
1,61574788035043,hi,0.19971467554569244,0.09856528788805008,0.036813318729400635,0.29867732524871826
1,61574978975929,en,0.19827055931091309,0.09743659198284149,0.033998310565948486,0.29940712451934814
1,61574901935438,en,0.22878001630306244,0.08534516394138336,0.04813684523105621,0.29959842562675476
1,61575119187638,it,0.21011808514595032,0.08156411349773407,0.05033022165298462,0.29843756556510925
1,61575200353453,it,0.1828162968158722,0.11048969626426697,0.03414344787597656,0.2993118166923523
1,61575017759285,en,0.212204247713089,0.09598945826292038,0.03247697651386261,0.29965999722480774
1,61572897099580,en,0.2542610764503479,0.06467821449041367,0.04720177501440048,0.29963159561157227
1,61575213712850,fr,0.21428130567073822,0.09234609454870224,0.03727555274963379,0.29952335357666016
1,61576073780317,hi,0.20081117749214172,0.09498001635074615,0.03033939003944397,0.2994661331176758
1,61575211332811,en,0.20824836194515228,0.0994330421090126,0.033492669463157654,0.29976946115493774
1,61573018383344,fr,0.20564179122447968,0.10074072331190109,0.03230619430541992,0.29918980598449707
1,61575326856811,en,0.212864488363266,0.08317863196134567,0.0320272296667099,0.29963821172714233
1,61574828802630,fr,0.18827250599861145,0.10381948202848434,0.03175570070743561,0.2985427975654602
1,61575905331775,pt,0.19727638363838196,0.11142712831497192,0.030544742941856384,0.2997787892818451
1,61574996597830,it,0.2389957755804062,0.08066365122795105,0.04504930227994919,0.29984697699546814
1,61573394763409,fr,0.23436416685581207,0.07829806953668594,0.0543154701590538,0.29946815967559814
1,61575582750038,it,0.19808967411518097,0.10594291985034943,0.032795876264572144,0.2996132969856262
1,61575561445414,en,0.23971450328826904,0.0641748234629631,0.05972804129123688,0.29921412467956543
1,61575288632779,en,0.24725933372974396,0.06940958648920059,0.05616885423660278,0.29974523186683655
1,61575557971497,fr,0.18224559724330902,0.09915802627801895,0.030270501971244812,0.2991819977760315
1,61575557408009,pt,0.2218310683965683,0.0935387909412384,0.03073236346244812,0.2998133897781372
1,61574936016860,it,0.21260425448417664,0.10225284844636917,0.03299607336521149,0.299291729927063
1,61574780144844,en,0.21789373457431793,0.08761860430240631,0.03036808967590332,0.2996232509613037
1,61574964602105,en,0.19543041288852692,0.09467639029026031,0.03045833110809326,0.29923537373542786
1,61575796651817,fr,0.21685467660427094,0.07706607133150101,0.0590766966342926,0.29842597246170044
1,61575263799927,pt,0.2054668366909027,0.09415390342473984,0.0437726229429245,0.2988104224205017
1,61575792327507,it,0.21120207011699677,0.0921364277601242,0.03359760344028473,0.29939621686935425
1,61572939997623,en,0.24128937721252441,0.08357486873865128,0.04580660164356232,0.29976433515548706
1,61575503980281,pt,0.21060770750045776,0.09223608672618866,0.038241446018218994,0.29981741309165955
1,61573535549602,it,0.2198801189661026,0.08993679285049438,0.04603441059589386,0.29978370666503906
1,61575380549834,hi,0.21008607745170593,0.10211119800806046,0.030722424387931824,0.2995476722717285
1,61574940786036,pt,0.23398642241954803,0.08003832399845123,0.04844704270362854,0.2995928227901459
1,61575036330853,en,0.25146394968032837,0.07897360622882843,0.04818587005138397,0.2995666563510895
1,61575179504190,en,0.22359713912010193,0.08518784493207932,0.0305042564868927,0.2992727756500244
1,61575184523495,en,0.2084512561559677,0.10114233195781708,0.030947163701057434,0.2996462285518646
1,61574984850248,en,0.19753491878509521,0.09157754480838776,0.034307435154914856,0.2995479702949524
1,61574896568851,en,0.21978867053985596,0.10026682168245316,0.0316246896982193,0.2996947169303894
1,61575328303165,pt,0.22729067504405975,0.09323810040950775,0.05183391273021698,0.29970675706863403
1,61573639284043,pt,0.17968952655792236,0.09881303459405899,0.03466819226741791,0.29859888553619385
1,61575025306519,hi,0.19206343591213226,0.08716647326946259,0.03174231946468353,0.2990338206291199
1,61573044255129,hi,0.23401862382888794,0.08052505552768707,0.0498073473572731,0.29980820417404175
1,61575854874351,pt,0.1869436353445053,0.11304044723510742,0.030170410871505737,0.2989370822906494
1,61575562855407,hi,0.18296051025390625,0.10168357938528061,0.03106345236301422,0.29899996519088745
1,61573160396182,fr,0.2264924794435501,0.07912763953208923,0.04773665964603424,0.29979342222213745
1,61575025023617,pt,0.22976592183113098,0.09255684912204742,0.030645310878753662,0.29975831508636475
1,61574913877788,pt,0.2090187817811966,0.10071810334920883,0.03158828616142273,0.29980793595314026
1,61575798830806,it,0.2100282907485962,0.0854506567120552,0.04562082141637802,0.2996455430984497
1,61574946005614,en,0.18919888138771057,0.10115255415439606,0.03581090271472931,0.2995835542678833
1,61575095245405,en,0.2151353359222412,0.09228824079036713,0.03055548667907715,0.2990990877151489
1,61575005853006,it,0.21461525559425354,0.09471169859170914,0.03228066861629486,0.29970085620880127
1,61575311377502,en,0.19058755040168762,0.10088427364826202,0.03275512158870697,0.29936113953590393
1,61575649624207,pt,0.1865982711315155,0.10444720089435577,0.03618055582046509,0.2998226284980774
1,61575203023035,hi,0.17544274032115936,0.0935463011264801,0.03604656457901001,0.2988757789134979
1,61575079169748,pt,0.23838657140731812,0.07363574951887131,0.048257723450660706,0.29970860481262207
1,61575148797368,en,0.21776458621025085,0.08828312158584595,0.04941301792860031,0.2996763586997986
1,61573053375071,fr,0.22798626124858856,0.07731330394744873,0.04837505519390106,0.2993704676628113
1,61575000899895,en,0.15755251049995422,0.10755247622728348,0.033800750970840454,0.2977893054485321
1,61575098818802,pt,0.22919224202632904,0.07960370928049088,0.04693786799907684,0.2996610701084137
1,61575028711256,fr,0.22284777462482452,0.07580304145812988,0.06245493143796921,0.2996680736541748
1,61575147567358,fr,0.21405890583992004,0.09447652846574783,0.031001418828964233,0.2993659973144531
1,61575045675245,en,0.20215371251106262,0.09888996928930283,0.04453586786985397,0.29984182119369507
1,61575057779980,en,0.11580442637205124,0.09436853229999542,0.031850337982177734,0.297325074672699
1,61575770523168,hi,0.22346125543117523,0.09142745286226273,0.03573957085609436,0.2997247278690338
1,61574724737317,it,0.20262812077999115,0.10039979219436646,0.0339740514755249,0.2991122007369995
1,61575674126417,hi,0.22648057341575623,0.08611427247524261,0.058851055800914764,0.2993238866329193
1,61575207773071,it,0.21581006050109863,0.07560013234615326,0.05696357041597366,0.2988321781158447
1,61574911149534,it,0.245961531996727,0.0851488783955574,0.04324176907539368,0.29982417821884155
1,61575719364055,hi,0.21742719411849976,0.08242041617631912,0.05301763117313385,0.2995736598968506
1,61575150555733,en,0.26219233870506287,0.06674785166978836,0.04627148061990738,0.29969969391822815
1,61573382480931,pt,0.2226334810256958,0.0910138487815857,0.032210081815719604,0.2990117073059082
1,61575204173147,fr,0.23549999296665192,0.07495372742414474,0.05621344596147537,0.2995905876159668
1,61575618485389,pt,0.20942984521389008,0.0878879502415657,0.046818189322948456,0.2996854782104492
1,61574764996945,it,0.18895557522773743,0.07799097895622253,0.04306811839342117,0.29839175939559937
1,61575140890194,en,0.21285441517829895,0.08590386807918549,0.04361891746520996,0.2981540560722351
1,61574799343860,pt,0.21060936152935028,0.10255568474531174,0.030867621302604675,0.299202561378479
1,61575609593809,hi,0.17609648406505585,0.09430205076932907,0.030366763472557068,0.29908299446105957
1,61575088470429,it,0.25951001048088074,0.0646994560956955,0.051501743495464325,0.29983699321746826
1,61575274899327,en,0.20955674350261688,0.09001000970602036,0.043059639632701874,0.29947173595428467
1,61575600087094,hi,0.20799030363559723,0.08913397043943405,0.0630248486995697,0.2994452118873596
1,61575787832729,en,0.22518888115882874,0.08749642968177795,0.0391397625207901,0.29936665296554565
1,61575132716094,en,0.18513259291648865,0.09371606260538101,0.031376808881759644,0.2980489134788513
1,61574996550205,en,0.1973038911819458,0.10896620899438858,0.04209209233522415,0.2997870445251465
1,61575311491588,en,0.19022659957408905,0.10672180354595184,0.031955018639564514,0.29986411333084106
1,61575634528316,en,0.2246449738740921,0.08185841143131256,0.04744882881641388,0.2995802164077759
1,61575731093467,en,0.18913258612155914,0.09532595425844193,0.03317782282829285,0.29976892471313477
1,61575208972156,en,0.2656536400318146,0.0655137151479721,0.047655798494815826,0.29976505041122437
1,61575728753782,en,0.25013890862464905,0.07154078036546707,0.04550192505121231,0.2997246980667114
1,61572985534941,pt,0.1844567507505417,0.10238488763570786,0.030984222888946533,0.2994898557662964
1,61574651897378,en,0.22485151886940002,0.09381493180990219,0.030672356486320496,0.29955095052719116
1,61573437931596,en,0.23247113823890686,0.08396083116531372,0.04490234702825546,0.29954010248184204
1,61575463714708,hi,0.13906826078891754,0.09223248809576035,0.030646532773971558,0.29608380794525146
1,61575106577835,it,0.2012566775083542,0.09398870915174484,0.03907577693462372,0.29960960149765015
1,61575582540110,pt,0.203372061252594,0.09848304837942123,0.03213945031166077,0.2989605665206909
1,61575112227227,en,0.18431606888771057,0.08782532066106796,0.030959293246269226,0.29929599165916443
1,61575953244525,hi,0.24300207197666168,0.06647834926843643,0.06259835511445999,0.2994586229324341
1,61574966165566,pt,0.19715608656406403,0.10026461631059647,0.03190992772579193,0.2990405559539795
1,61575494398591,hi,0.26821786165237427,0.06521306186914444,0.04537525773048401,0.2997833490371704
1,61575327722596,fr,0.17283658683300018,0.10933773219585419,0.03101518750190735,0.29926228523254395
1,61573552948536,it,0.21123985946178436,0.08848559856414795,0.04796208441257477,0.29879939556121826
1,61574967244321,en,0.22903496026992798,0.08740764111280441,0.04499576985836029,0.29947197437286377
1,61575264860231,en,0.21612462401390076,0.08543553203344345,0.030379310250282288,0.2994834780693054
1,61575355296120,hi,0.2508457601070404,0.06230583041906357,0.05868463218212128,0.2997629940509796
1,61575394229554,en,0.20317895710468292,0.1036309003829956,0.035496801137924194,0.29946237802505493
1,61575129190978,en,0.192886084318161,0.09254862368106842,0.03113982081413269,0.2992295026779175
1,61575161685429,pt,0.18010146915912628,0.09261162579059601,0.033417344093322754,0.2991997003555298
1,61575056637344,en,0.21124275028705597,0.09133995324373245,0.03856822848320007,0.29974985122680664
1,61573167310365,it,0.2651659846305847,0.060350190848112106,0.05360262095928192,0.2992149293422699
1,61575552217980,pt,0.2423192262649536,0.07898341864347458,0.04665249586105347,0.29975423216819763
1,61575461561304,pt,0.2270449697971344,0.07760538160800934,0.04738980531692505,0.29939383268356323
1,61574835341215,fr,0.23195426166057587,0.07509373873472214,0.06357195228338242,0.2994672656059265
1,61573074840596,fr,0.23699645698070526,0.08797426521778107,0.04641608148813248,0.29982292652130127
1,61576059230191,it,0.21369770169258118,0.0929323360323906,0.04163220524787903,0.2997811436653137
1,61574931846511,it,0.20860475301742554,0.09972900152206421,0.030899912118911743,0.2995908856391907
1,61574053119016,it,0.2050134539604187,0.10250250995159149,0.03019663691520691,0.299500972032547
1,61575680942688,pt,0.18790259957313538,0.09302528947591782,0.04438846558332443,0.2994799315929413
1,61575019756700,pt,0.22233940660953522,0.08769374340772629,0.047209158539772034,0.29960569739341736
1,61574772375215,fr,0.2001018524169922,0.09546761959791183,0.045418545603752136,0.29976046085357666
1,61575158695568,pt,0.2100074589252472,0.09440349042415619,0.03869163990020752,0.29983651638031006
1,61574949937616,en,0.25973403453826904,0.06562527269124985,0.049734316766262054,0.2993822693824768
1,61575100662412,en,0.24165049195289612,0.07168523222208023,0.0480957105755806,0.2995375990867615
1,61575090989206,fr,0.18694955110549927,0.09327340126037598,0.030203208327293396,0.29850348830223083
1,61575956484127,hi,0.22543546557426453,0.08560715615749359,0.046494901180267334,0.2996579706668854
1,61575671456434,it,0.2381560504436493,0.08614009618759155,0.049583666026592255,0.29972100257873535
1,61574940158280,it,0.2142045944929123,0.09182362258434296,0.04931601136922836,0.2996627688407898
1,61574861712206,pt,0.22985050082206726,0.07912751287221909,0.0580899715423584,0.2986546754837036
1,61575229631870,pt,0.24542826414108276,0.07912196964025497,0.05140737444162369,0.2998760938644409
1,61574980024843,hi,0.2431945651769638,0.07313641905784607,0.04768937826156616,0.29969221353530884
1,61573112383233,it,0.22133919596672058,0.07938288897275925,0.05724441260099411,0.29845333099365234
1,61574999867383,en,0.2208963930606842,0.07409700006246567,0.06357744336128235,0.2986575961112976
1,61575161305509,fr,0.19677425920963287,0.10720740258693695,0.03454159200191498,0.29900386929512024
1,61575805711531,it,0.2676090598106384,0.06503532826900482,0.04581266641616821,0.2998180687427521
1,61574930586709,pt,0.18658606708049774,0.09171966463327408,0.04057682305574417,0.29722797870635986
1,61575036691879,fr,0.15621215105056763,0.1054847463965416,0.031214922666549683,0.2997172772884369
1,61573876354741,it,0.202808678150177,0.09887342154979706,0.031007349491119385,0.2993108034133911
1,61575152385454,fr,0.2121018022298813,0.0910811796784401,0.04061127454042435,0.29971614480018616
1,61575797240901,it,0.2131289839744568,0.10351363569498062,0.03162175416946411,0.29974451661109924
1,61574787854878,pt,0.20868343114852905,0.0650407150387764,0.062288619577884674,0.29895591735839844
1,61575123077172,hi,0.23970958590507507,0.08142806589603424,0.05190341919660568,0.29965293407440186
1,61575258724354,hi,0.23550564050674438,0.08037938922643661,0.0586150661110878,0.298689603805542
1,61574884989863,fr,0.20004048943519592,0.10612393915653229,0.03415146470069885,0.29953742027282715
1,61575171524686,it,0.19293227791786194,0.10598232597112656,0.03887322545051575,0.2997093200683594
1,61575695695222,en,0.2587261199951172,0.06294608116149902,0.05025766044855118,0.29849672317504883
2,61574934126943,pt,0.15999069809913635,0.1020311787724495,0.030398443341255188,0.29819512367248535
2,61575131153481,en,0.2374040186405182,0.0805264487862587,0.04539176821708679,0.2996709942817688
2,61574801413926,fr,0.21848680078983307,0.08921854943037033,0.03191405534744263,0.29916805028915405
2,61575315757634,fr,0.19707906246185303,0.09020856767892838,0.05614365637302399,0.2994413673877716
2,61574863962100,it,0.22852809727191925,0.07550780475139618,0.05347674340009689,0.2997048795223236
2,61575201373332,fr,0.21324163675308228,0.09506873041391373,0.040649376809597015,0.2997925877571106
2,61575691416622,hi,0.22422575950622559,0.08411946147680283,0.05001293122768402,0.29972314834594727
2,61574905567721,en,0.21450835466384888,0.07933815568685532,0.059070415794849396,0.29940181970596313
2,61575169251717,en,0.19459642469882965,0.10087975114583969,0.03392405807971954,0.29947710037231445
2,61575111478220,pt,0.22126507759094238,0.08257962763309479,0.045645587146282196,0.29923588037490845
2,61575569215048,hi,0.21569238603115082,0.08447763323783875,0.04491663724184036,0.299527108669281
2,61575003004721,fr,0.19958586990833282,0.0932118222117424,0.0311754047870636,0.2987585961818695
2,61575027123549,en,0.20207145810127258,0.09973198920488358,0.030490905046463013,0.29958993196487427
2,61574951645380,en,0.22688478231430054,0.0875868871808052,0.03459525108337402,0.2995170056819916
2,61574727556591,en,0.20495031774044037,0.07561047375202179,0.05418703705072403,0.29966914653778076
2,61575239345239,en,0.22948378324508667,0.09097933769226074,0.035371214151382446,0.29973292350769043
2,61575622629793,it,0.20134775340557098,0.09713475406169891,0.03047172725200653,0.2997666001319885
2,61575174584515,fr,0.2376587986946106,0.08358917385339737,0.03177376091480255,0.2990414798259735
2,61575689432183,pt,0.21664096415042877,0.09211698174476624,0.033270373940467834,0.2997884154319763
2,61575053907477,en,0.18980281054973602,0.1072334349155426,0.03024972975254059,0.2994503378868103
2,61575568405010,en,0.2262250781059265,0.07480689883232117,0.046924345195293427,0.29886651039123535
2,61575007354364,en,0.21829105913639069,0.08962816745042801,0.03740215301513672,0.29946714639663696
2,61575205783063,hi,0.2310718595981598,0.07305164635181427,0.05159320682287216,0.2988094985485077
2,61574652767188,en,0.25207528471946716,0.06601005792617798,0.048132725059986115,0.29899314045906067
2,61574821569203,en,0.19640913605690002,0.09234434366226196,0.03065846860408783,0.2994661331176758
2,61575347826373,hi,0.2050255984067917,0.08624318242073059,0.04211282730102539,0.299625039100647
2,61575116351597,hi,0.24155081808567047,0.07700874656438828,0.046131812036037445,0.29981207847595215
2,61574764605724,fr,0.22967615723609924,0.08266298472881317,0.044316381216049194,0.29929158091545105
2,61575210563029,fr,0.2448212057352066,0.07822611927986145,0.04575728625059128,0.2997007966041565
2,61574937547028,it,0.20604588091373444,0.0902867242693901,0.030552655458450317,0.29982447624206543
2,61575062566013,en,0.2094314694404602,0.0990334004163742,0.03256480395793915,0.29970020055770874
2,61575004409946,en,0.2125612497329712,0.09214453399181366,0.03591473400592804,0.299768328666687
2,61575167439026,en,0.1972021609544754,0.103162981569767,0.03448270261287689,0.2998341917991638
2,61575303902251,en,0.20093530416488647,0.10061071068048477,0.03518764674663544,0.29924386739730835
2,61574987700816,en,0.2338794469833374,0.08536549657583237,0.04464971274137497,0.2997063398361206
2,61575062519607,en,0.24037770926952362,0.0704023614525795,0.0578998327255249,0.2987232804298401
2,61575236351657,fr,0.17215286195278168,0.10744356364011765,0.03033246099948883,0.2988264560699463
2,61575255040324,en,0.20995832979679108,0.08923184871673584,0.032398343086242676,0.2992721199989319
2,61575799107152,pt,0.20128241181373596,0.09950172901153564,0.03389941155910492,0.2994772493839264
2,61575637913685,en,0.22368815541267395,0.09317003935575485,0.03677007555961609,0.29942786693573
2,61575138556380,en,0.22930695116519928,0.07505836337804794,0.05308020859956741,0.29901838302612305
2,61575527222862,it,0.24031364917755127,0.07818736881017685,0.04704735428094864,0.2993770241737366
2,61573054454503,fr,0.2472403347492218,0.07513085007667542,0.04657376557588577,0.29975175857543945
2,61574839903015,it,0.2387748807668686,0.09376474469900131,0.03147563338279724,0.299829363822937
2,61574788001360,en,0.19493375718593597,0.10268820077180862,0.030433163046836853,0.2992478609085083
2,61575207112351,en,0.2305755764245987,0.0759984478354454,0.04964500665664673,0.29939961433410645
2,61575152050067,hi,0.1966376006603241,0.09217067807912827,0.04454461485147476,0.29913121461868286
2,61573397313375,fr,0.20399020612239838,0.09987086802721024,0.03601197898387909,0.29963862895965576
2,61575817620916,fr,0.23410864174365997,0.08361746370792389,0.03272925317287445,0.29982542991638184
2,61575313410082,en,0.21901611983776093,0.0855773389339447,0.04673575609922409,0.2997443675994873
2,61575266811505,en,0.1892247051000595,0.08506038784980774,0.03217954933643341,0.29967600107192993
2,61574726476500,en,0.24677734076976776,0.07199888676404953,0.05416954308748245,0.2996157705783844
2,61575178964523,pt,0.20074701309204102,0.1120482012629509,0.037195563316345215,0.2994399070739746
2,61575940674829,hi,0.22680750489234924,0.08799183368682861,0.04497392475605011,0.2993308901786804
2,61574855621301,en,0.23088380694389343,0.0795692726969719,0.04591824859380722,0.29913094639778137
2,61575872908128,hi,0.22389240562915802,0.09112438559532166,0.030529558658599854,0.2995266616344452
2,61575227003442,it,0.25628462433815,0.0660846009850502,0.04932893067598343,0.29964572191238403
2,61575614841893,hi,0.23545785248279572,0.08389998227357864,0.04018174111843109,0.299818754196167
2,61575828570433,en,0.21011033654212952,0.07328444719314575,0.058478109538555145,0.29789647459983826
2,61574831382328,en,0.2373582422733307,0.07776613533496857,0.033775582909584045,0.2997399568557739
2,61575496125684,en,0.22471453249454498,0.09318500012159348,0.04169454425573349,0.2996852397918701
2,61575356045890,it,0.20404088497161865,0.08820211887359619,0.0578748881816864,0.29931640625
2,61575172646079,it,0.20217737555503845,0.09181215614080429,0.04708784073591232,0.29986771941185
2,61575027298560,en,0.2260979413986206,0.08594193309545517,0.030171215534210205,0.299280047416687
2,61574817464063,en,0.2439045011997223,0.08526384830474854,0.031557753682136536,0.2994610667228699
2,61574781734933,it,0.20836429297924042,0.0845060646533966,0.04972446709871292,0.2996680736541748
2,61572766786766,en,0.23079913854599,0.08442158252000809,0.04833625257015228,0.29966574907302856
2,61575574524688,pt,0.22576946020126343,0.09237353503704071,0.03868681192398071,0.29988813400268555
2,61575226491299,en,0.22143740952014923,0.09541309624910355,0.0390777587890625,0.2997443675994873
2,61573217543255,hi,0.21834667026996613,0.09084708988666534,0.03197205066680908,0.29948386549949646
2,61575838795093,pt,0.21152177453041077,0.09794946014881134,0.03055134415626526,0.29972198605537415
2,61575202633062,it,0.22013281285762787,0.09140139073133469,0.030633404850959778,0.2997637987136841
2,61575544152962,it,0.22420187294483185,0.08565133810043335,0.033304303884506226,0.2998538017272949
2,61575088062953,it,0.20187881588935852,0.10807032883167267,0.03117145597934723,0.2994815409183502
2,61575119561738,en,0.2314024716615677,0.09575508534908295,0.04248674213886261,0.2998284101486206
2,61574051276067,it,0.230122908949852,0.07558771222829819,0.06093689799308777,0.29968929290771484
2,61575013502873,it,0.19691793620586395,0.0925615131855011,0.03508017957210541,0.29912590980529785
2,61575571571675,fr,0.24809902906417847,0.08457043021917343,0.04877602308988571,0.29968300461769104
2,61573913763035,it,0.16638334095478058,0.10399512946605682,0.032077208161354065,0.29952383041381836
2,61575557761520,it,0.24741476774215698,0.0769396722316742,0.04719159007072449,0.29967665672302246
2,61573544637558,fr,0.2022254467010498,0.07934065163135529,0.04866059869527817,0.2988024950027466
2,61573135240533,fr,0.2245160937309265,0.07830860465765,0.04704170674085617,0.2990391254425049
2,61575098742695,hi,0.22861836850643158,0.08163882791996002,0.030661821365356445,0.29945802688598633
2,61575662108150,en,0.23525528609752655,0.0966760441660881,0.04855997860431671,0.2998338043689728
2,61575515733376,pt,0.23744350671768188,0.074374258518219,0.055357784032821655,0.29929178953170776
2,61575661611123,hi,0.2103922963142395,0.08896622806787491,0.045934468507766724,0.29890644550323486
2,61575214162123,en,0.20113563537597656,0.0996515080332756,0.03050348162651062,0.29962947964668274
2,61573503322985,fr,0.2130841612815857,0.09500647336244583,0.033823683857917786,0.2996506690979004
2,61575198623528,hi,0.2444075047969818,0.07697878032922745,0.05410804599523544,0.29973819851875305
2,61574714597809,pt,0.21287071704864502,0.09333883225917816,0.03596682846546173,0.2998236417770386
2,61575689695617,hi,0.230897918343544,0.07936768233776093,0.032269299030303955,0.29932594299316406
2,61575606443963,hi,0.13495837152004242,0.09822084754705429,0.03091481328010559,0.29856884479522705
2,61575308401890,en,0.24118490517139435,0.08223111182451248,0.04684433341026306,0.2998352646827698
2,61575331140964,en,0.24594765901565552,0.08268921822309494,0.046425074338912964,0.29972967505455017
2,61572629921625,pt,0.21381548047065735,0.08196380734443665,0.061283327639102936,0.2991058826446533
2,61573600374605,en,0.2014462798833847,0.10166188329458237,0.034208208322525024,0.29944300651550293
2,61575324090992,en,0.251679003238678,0.07742056995630264,0.054398275911808014,0.2998198866844177
2,61575112067630,hi,0.23258057236671448,0.08039017021656036,0.030814409255981445,0.2995988726615906
2,61575470764521,pt,0.272839218378067,0.06301674246788025,0.04734894633293152,0.2998507618904114
2,61575257740412,hi,0.21761645376682281,0.08208582550287247,0.06116994470357895,0.2993583083152771
2,61575324216831,en,0.23379018902778625,0.07400251179933548,0.05210168659687042,0.2996731698513031
2,61575433245776,it,0.19748853147029877,0.09638002514839172,0.03884650766849518,0.29968175292015076
2,61574801715376,en,0.21266339719295502,0.09490479528903961,0.03985069692134857,0.29980501532554626
2,61575229721815,fr,0.23231098055839539,0.07847756147384644,0.05588538199663162,0.2995814383029938
2,61575024946334,hi,0.1972111314535141,0.09715337306261063,0.05114200711250305,0.2993277907371521
2,61575617909167,en,0.1892261952161789,0.09855645149946213,0.03108099102973938,0.29956746101379395
2,61574814822672,en,0.21893559396266937,0.08529715985059738,0.04025077074766159,0.299506276845932
2,61575044985283,hi,0.22038444876670837,0.08964519947767258,0.03221224248409271,0.298845112323761
2,61572607540933,fr,0.21945130825042725,0.09694410860538483,0.03470604121685028,0.29957303404808044
2,61575005252655,en,0.2066250741481781,0.09336496144533157,0.03622950613498688,0.29976552724838257
2,61573167969034,fr,0.1994834691286087,0.10722437500953674,0.03037412464618683,0.2990294098854065
2,61573516080607,it,0.15842735767364502,0.10222432017326355,0.03222134709358215,0.29939505457878113
2,61575561427679,pt,0.21788477897644043,0.09546376764774323,0.04816262423992157,0.29961341619491577
2,61575612269544,fr,0.19966869056224823,0.09422165900468826,0.0309760719537735,0.29946887493133545
2,61575152979706,hi,0.20428042113780975,0.09437410533428192,0.030366763472557068,0.29954037070274353
2,61574925813885,en,0.2431635558605194,0.08075296133756638,0.04929281026124954,0.29970163106918335
2,61575647991754,hi,0.20681630074977875,0.10354691743850708,0.03033125400543213,0.2996778190135956
2,61575849294548,pt,0.2586204707622528,0.06573577225208282,0.04805370420217514,0.29978471994400024
2,61575732154813,en,0.22946986556053162,0.079395592212677,0.04862845689058304,0.2997637987136841
2,61575207162938,hi,0.22522574663162231,0.08422637730836868,0.04130234569311142,0.2996598482131958
2,61573697084008,it,0.233444944024086,0.08569478988647461,0.04697804152965546,0.2998555600643158
2,61574846917976,en,0.18432633578777313,0.09702196717262268,0.0329265296459198,0.2995895743370056
2,61574838672120,en,0.20571863651275635,0.10093673318624496,0.04398171603679657,0.2996601462364197
2,61575162879216,en,0.20258328318595886,0.09832878410816193,0.03094695508480072,0.2994430363178253
2,61575306427918,en,0.22146891057491302,0.07406621426343918,0.05907499045133591,0.2988329231739044
2,61575531152948,pt,0.23137685656547546,0.08746937662363052,0.032325685024261475,0.29986387491226196
2,61572731112276,fr,0.2456648349761963,0.07152353972196579,0.05256999284029007,0.2996176779270172
2,61573212846972,en,0.22495540976524353,0.08762932568788528,0.03401762247085571,0.2994850277900696
2,61573754471228,it,0.18787090480327606,0.09913917630910873,0.03515791893005371,0.2985445559024811
2,61574858352338,en,0.22112752497196198,0.10241182893514633,0.030600324273109436,0.2995566725730896
2,61575255680659,it,0.20617413520812988,0.10038246959447861,0.03223150968551636,0.29966163635253906
2,61575126533596,en,0.21987284719944,0.08751420676708221,0.03189496695995331,0.2994559109210968
2,61575180835678,en,0.2571435272693634,0.0651131272315979,0.04807230830192566,0.299828439950943
2,61575580080566,it,0.2134191244840622,0.09408833086490631,0.032406508922576904,0.29912155866622925
2,61575695455292,en,0.20260970294475555,0.0853336974978447,0.048638008534908295,0.29888832569122314
2,61574932177407,en,0.23189827799797058,0.0849093645811081,0.039121463894844055,0.2995743751525879
2,61575281169106,hi,0.17523659765720367,0.09736829996109009,0.03143925964832306,0.2991960942745209
2,61574785574733,it,0.2255309820175171,0.09447942674160004,0.04238061606884003,0.29970937967300415
2,61574691255198,en,0.21738629043102264,0.09957566857337952,0.03207969665527344,0.29975461959838867
2,61572728411956,fr,0.20301377773284912,0.10988619923591614,0.03077201545238495,0.2996666431427002
2,61575647284322,pt,0.24455846846103668,0.07013017684221268,0.047464028000831604,0.2996363639831543
2,61575262870032,pt,0.2186097651720047,0.0920606330037117,0.03402267396450043,0.29976993799209595
2,61575794757479,pt,0.18606343865394592,0.11069443821907043,0.030628487467765808,0.2997884750366211
2,61574919303983,en,0.1901896744966507,0.09775462001562119,0.031592175364494324,0.2996496260166168
2,61573543259106,it,0.18684813380241394,0.099683478474617,0.03478898108005524,0.29972559213638306
2,61575191317891,pt,0.2146652489900589,0.09579863399267197,0.03055073320865631,0.2998669147491455
2,61574708867579,en,0.2151394486427307,0.08793561905622482,0.039579495787620544,0.2995031476020813
2,61575368459933,pt,0.22962886095046997,0.07070089131593704,0.06381464749574661,0.2987348437309265
2,61575688105742,fr,0.22546285390853882,0.08923445641994476,0.04343578964471817,0.2998286485671997
2,61575545102013,it,0.201309472322464,0.09544843435287476,0.03040759265422821,0.299734890460968
2,61572945636998,pt,0.1912889927625656,0.09717953950166702,0.032242849469184875,0.29940342903137207
2,61575533882644,pt,0.20249105989933014,0.09224045276641846,0.03562070429325104,0.2991997003555298
2,61573036322799,pt,0.24248123168945312,0.07634459435939789,0.053146518766880035,0.29951637983322144
2,61575809341597,en,0.22148339450359344,0.0910506471991539,0.04218708723783493,0.29940295219421387
2,61575276789549,en,0.24650415778160095,0.0768059641122818,0.045188210904598236,0.2997095584869385
2,61575830879821,fr,0.18002621829509735,0.08609811961650848,0.03134988248348236,0.29769793152809143
2,61575169251615,en,0.20770570635795593,0.09016165882349014,0.03937914967536926,0.2982862591743469
2,61575188275516,it,0.21310964226722717,0.09169165790081024,0.040493324398994446,0.29979896545410156
2,61575455591111,pt,0.1776118278503418,0.10497678071260452,0.039357990026474,0.29876708984375
2,61575040950775,en,0.21159322559833527,0.0931907370686531,0.04714822769165039,0.2996683418750763
2,61575734633308,en,0.21341000497341156,0.09359966963529587,0.030949369072914124,0.29955941438674927
2,61575131576367,en,0.21664920449256897,0.09384134411811829,0.034640684723854065,0.2995986342430115
2,61574939766846,pt,0.20586146414279938,0.09150385111570358,0.04610230773687363,0.2995188236236572
2,61575729844682,en,0.22938527166843414,0.07927843183279037,0.036288291215896606,0.29929277300834656
2,61574845121589,pt,0.23614969849586487,0.08596491068601608,0.048825882375240326,0.2994006276130676
2,61575154635451,it,0.24898076057434082,0.07834160327911377,0.05158533900976181,0.29964154958724976
2,61573639576797,it,0.210260808467865,0.10084477066993713,0.031422004103660583,0.29882705211639404
2,61575046350558,en,0.21590173244476318,0.09506578743457794,0.03139936923980713,0.2997716963291168
2,61575225621439,en,0.18297052383422852,0.11100935190916061,0.030766397714614868,0.29933691024780273
2,61574914234585,en,0.17132672667503357,0.10772039741277695,0.0308123379945755,0.29913920164108276
2,61575259270245,hi,0.21306335926055908,0.09017730504274368,0.0403321236371994,0.29853177070617676
2,61575149005237,en,0.18807221949100494,0.09367780387401581,0.030921101570129395,0.29909199476242065
2,61572817333773,en,0.20795652270317078,0.09822311997413635,0.030658289790153503,0.29982995986938477
2,61575001534754,hi,0.1899503767490387,0.09978286921977997,0.03126928210258484,0.29924431443214417
2,61575236645717,hi,0.21378661692142487,0.09650936722755432,0.03472302854061127,0.29941660165786743
2,61573040625137,fr,0.19251428544521332,0.10223300009965897,0.032944679260253906,0.299699068069458
2,61575227471920,pt,0.1904439479112625,0.10503407567739487,0.04225970059633255,0.29922395944595337
2,61575371015595,it,0.21641747653484344,0.09466428309679031,0.030383571982383728,0.29876741766929626
2,61575238131572,pt,0.19320307672023773,0.1016736775636673,0.033158719539642334,0.29961830377578735
2,61575031471293,en,0.24206799268722534,0.07897449284791946,0.051927678287029266,0.2998186945915222
2,61573693491518,it,0.2613227665424347,0.06543940305709839,0.04884006083011627,0.2997478246688843
2,61575226372155,it,0.23440662026405334,0.07604160904884338,0.04740562289953232,0.2997914254665375
2,61575195653637,pt,0.19256794452667236,0.1022844910621643,0.031906500458717346,0.29957735538482666
2,61574786863896,en,0.23305197060108185,0.07816502451896667,0.05265960097312927,0.2992745041847229
2,61575716964202,hi,0.21091286838054657,0.0964997410774231,0.042042240500450134,0.2996816635131836
2,61575229057307,en,0.23856301605701447,0.08536320179700851,0.04917806386947632,0.29960405826568604
2,61574817494524,fr,0.2363850474357605,0.08676906675100327,0.032016247510910034,0.2997592091560364
2,61575049831217,pt,0.2231345921754837,0.09578687697649002,0.03215794265270233,0.29968416690826416
2,61575115584213,en,0.24383024871349335,0.07680180668830872,0.05104384571313858,0.2989320158958435
2,61575531062633,fr,0.2013421505689621,0.10314026474952698,0.03428739309310913,0.29890602827072144
2,61575270759607,pt,0.20162110030651093,0.10147909820079803,0.0331341028213501,0.29934555292129517
2,61575091169103,en,0.2341957837343216,0.08372336626052856,0.04817467927932739,0.29975318908691406
2,61575318607485,it,0.23592987656593323,0.07819435000419617,0.05259448289871216,0.29965198040008545
2,61575243677655,pt,0.20958034694194794,0.10126006603240967,0.03223215043544769,0.29975953698158264
2,61574730557113,en,0.18158534169197083,0.10850121080875397,0.03136584162712097,0.2989147901535034
2,61575148359774,en,0.21336644887924194,0.08778203278779984,0.04376029968261719,0.2995383143424988
2,61574992834078,fr,0.19937804341316223,0.1038912907242775,0.03575073182582855,0.2997775375843048
2,61575075716110,en,0.1701304167509079,0.09399060159921646,0.03769707679748535,0.2994542717933655
2,61574997930238,en,0.2259266972541809,0.09279531240463257,0.03188514709472656,0.2996898889541626
2,61574921619079,fr,0.21928922832012177,0.0932355746626854,0.03179347515106201,0.29925018548965454
2,61574943633252,en,0.2481543868780136,0.06306195259094238,0.06015152484178543,0.2997654378414154
2,61575434374955,fr,0.19442957639694214,0.10279811918735504,0.0375492125749588,0.29859086871147156
2,61575079453209,en,0.22856754064559937,0.08793443441390991,0.04566223919391632,0.29975828528404236
2,61575243441350,hi,0.14387670159339905,0.09791842848062515,0.03215685486793518,0.2987380623817444
2,61574979845984,en,0.20896941423416138,0.09948799014091492,0.0315222293138504,0.2996756136417389
2,61575338256889,hi,0.2207937389612198,0.08536707609891891,0.04334039241075516,0.29819855093955994
2,61574715494235,en,0.25192320346832275,0.07490569353103638,0.047418467700481415,0.29983752965927124
2,61573536988081,fr,0.23440630733966827,0.08383803069591522,0.0301426500082016,0.29924336075782776
2,61574815842320,en,0.23196685314178467,0.06807916611433029,0.056368619203567505,0.2994723916053772
2,61575631794140,fr,0.2508447468280792,0.06668955087661743,0.05509010702371597,0.2995588779449463
2,61575221512411,hi,0.2424057275056839,0.06808499991893768,0.05570442974567413,0.2994602918624878
2,61575087119240,pt,0.21566088497638702,0.09834706783294678,0.03921717405319214,0.2998278737068176
2,61575310034038,pt,0.21143771708011627,0.09695621579885483,0.040232397615909576,0.2996708154678345
2,61575317113475,pt,0.21276171505451202,0.0942038968205452,0.038677871227264404,0.29955288767814636
2,61575603778005,it,0.24670004844665527,0.07057888805866241,0.050079330801963806,0.2998725175857544
2,61575221286306,hi,0.20632386207580566,0.08646555244922638,0.04257182031869888,0.2996959686279297
2,61575667346713,en,0.25020894408226013,0.07449819892644882,0.046091027557849884,0.29976606369018555
2,61575153195537,fr,0.2373603880405426,0.08420358598232269,0.04736247658729553,0.2997720241546631
2,61573680682759,en,0.22233369946479797,0.08067622780799866,0.030419975519180298,0.2996562719345093
2,61574788035043,hi,0.20317423343658447,0.09814809262752533,0.047882579267024994,0.2987263798713684
2,61574978975929,en,0.19291166961193085,0.09730326384305954,0.03681153059005737,0.2993856370449066
2,61574901935438,en,0.22310440242290497,0.08319255709648132,0.04404238611459732,0.2996692359447479
2,61575119187638,it,0.21730445325374603,0.08424630016088486,0.04825013875961304,0.2988690137863159
2,61575200353453,it,0.182430699467659,0.11044614762067795,0.034148022532463074,0.29915910959243774
2,61575017759285,en,0.21252673864364624,0.09681541472673416,0.03181466460227966,0.2995891571044922
2,61572897099580,en,0.25843170285224915,0.062188245356082916,0.04887542873620987,0.29964780807495117
2,61575213712850,fr,0.22471831738948822,0.08942259103059769,0.04928255081176758,0.29958921670913696
2,61576073780317,hi,0.20728813111782074,0.09229089319705963,0.03031522035598755,0.2996693551540375
2,61575211332811,en,0.21164506673812866,0.09578841924667358,0.031661540269851685,0.2998207211494446
2,61573018383344,fr,0.20942148566246033,0.09480733424425125,0.038929447531700134,0.2992861866950989
2,61575326856811,en,0.21244439482688904,0.08597376197576523,0.03251354396343231,0.2996509075164795
2,61574828802630,fr,0.18148832023143768,0.1010928526520729,0.03170566260814667,0.2982344925403595
2,61575905331775,pt,0.1986367255449295,0.11247679591178894,0.030321180820465088,0.2997710108757019
2,61574996597830,it,0.23835843801498413,0.08116470277309418,0.044657960534095764,0.2998456358909607
2,61573394763409,fr,0.23732922971248627,0.07515991479158401,0.054810188710689545,0.29944950342178345
2,61575582750038,it,0.19972625374794006,0.10421765595674515,0.03702126443386078,0.29953494668006897
2,61575561445414,en,0.23831257224082947,0.0636068657040596,0.05974341928958893,0.29919031262397766
2,61575288632779,en,0.250294953584671,0.07014650106430054,0.054470792412757874,0.2997482419013977
2,61575557971497,fr,0.185343936085701,0.09760504961013794,0.030254274606704712,0.2993468940258026
2,61575557408009,pt,0.2139325588941574,0.09410917013883591,0.030443519353866577,0.29978203773498535
2,61574936016860,it,0.2091730684041977,0.10229668021202087,0.0341133177280426,0.29945793747901917
2,61574780144844,en,0.21656565368175507,0.08733846992254257,0.030359715223312378,0.29952704906463623
2,61574964602105,en,0.19440454244613647,0.09329253435134888,0.030417442321777344,0.2993253767490387
2,61575796651817,fr,0.21418704092502594,0.07424747198820114,0.06160630285739899,0.29867392778396606
2,61575263799927,pt,0.20143340528011322,0.0950590968132019,0.048008888959884644,0.2988319396972656
2,61575792327507,it,0.20553463697433472,0.09472501277923584,0.03735522925853729,0.2994869649410248
2,61572939997623,en,0.24199917912483215,0.08291004598140717,0.04550456255674362,0.29974091053009033
2,61575503980281,pt,0.20589950680732727,0.09383121132850647,0.03855372965335846,0.2998057007789612
2,61573535549602,it,0.21922996640205383,0.0916905328631401,0.04071717709302902,0.29980114102363586
2,61575380549834,hi,0.21053427457809448,0.1027585119009018,0.03110884130001068,0.2996460795402527
2,61574940786036,pt,0.2413390576839447,0.08244939893484116,0.04932671785354614,0.29946136474609375
2,61575036330853,en,0.24969081580638885,0.07638102024793625,0.054930850863456726,0.2995028495788574
2,61575179504190,en,0.23002323508262634,0.08580385148525238,0.030534416437149048,0.2993199825286865
2,61575184523495,en,0.20184005796909332,0.10259351879358292,0.03054562211036682,0.2995786666870117
2,61574984850248,en,0.2043021023273468,0.09190669655799866,0.0350574254989624,0.2996506094932556
2,61574896568851,en,0.22040174901485443,0.1004008874297142,0.030650392174720764,0.29969894886016846
2,61575328303165,pt,0.23075100779533386,0.0934472531080246,0.04676046967506409,0.29974862933158875
2,61573639284043,pt,0.18334704637527466,0.09887906163930893,0.032979026436805725,0.29863613843917847
2,61575025306519,hi,0.19230003654956818,0.08812069147825241,0.031113669276237488,0.29885736107826233
2,61573044255129,hi,0.22934646904468536,0.0803750604391098,0.056419432163238525,0.299773633480072
2,61575854874351,pt,0.1847655177116394,0.11152288317680359,0.03019474446773529,0.2989481985569
2,61575562855407,hi,0.1847965121269226,0.0968877300620079,0.03052458167076111,0.2989919185638428
2,61573160396182,fr,0.2239980548620224,0.07503432035446167,0.05216662585735321,0.2998114824295044
2,61575025023617,pt,0.2319185584783554,0.09097930043935776,0.03118833899497986,0.2997457981109619
2,61574913877788,pt,0.21217820048332214,0.10039494186639786,0.03207679092884064,0.2998042702674866
2,61575798830806,it,0.21198999881744385,0.08296117931604385,0.046086810529232025,0.2996605634689331
2,61574946005614,en,0.1941690295934677,0.1030159518122673,0.0369066447019577,0.2996143698692322
2,61575095245405,en,0.21661917865276337,0.0920877531170845,0.030516982078552246,0.29928058385849
2,61575005853006,it,0.20798248052597046,0.09741651266813278,0.03612735867500305,0.29970234632492065
2,61575311377502,en,0.18940050899982452,0.10206810384988785,0.034186601638793945,0.2994728088378906
2,61575649624207,pt,0.18877582252025604,0.10420434176921844,0.033808931708335876,0.29982230067253113
2,61575203023035,hi,0.16683660447597504,0.09572544693946838,0.03706929087638855,0.2988307774066925
2,61575079169748,pt,0.23173122107982635,0.07951141148805618,0.04653250426054001,0.2997473478317261
2,61575148797368,en,0.21759666502475739,0.08968114852905273,0.04802660644054413,0.2996367812156677
2,61573053375071,fr,0.22273704409599304,0.08337225764989853,0.04998248815536499,0.29954543709754944
2,61575000899895,en,0.1556367576122284,0.10591626167297363,0.03465723991394043,0.2978612184524536
2,61575098818802,pt,0.23011387884616852,0.07860540598630905,0.04863285273313522,0.2996708154678345
2,61575028711256,fr,0.21021652221679688,0.0859045460820198,0.05743294209241867,0.29956382513046265
2,61575147567358,fr,0.21428795158863068,0.0928054004907608,0.030555039644241333,0.2993379235267639
2,61575045675245,en,0.20568011701107025,0.09583529084920883,0.0472208634018898,0.2998446524143219
2,61575057779980,en,0.11688122153282166,0.09446384012699127,0.03138396143913269,0.2974884510040283
2,61575770523168,hi,0.231235072016716,0.08861512690782547,0.04199004918336868,0.29972735047340393
2,61574724737317,it,0.20474733412265778,0.09818348288536072,0.03359858691692352,0.29889053106307983
2,61575674126417,hi,0.23760484158992767,0.07567806541919708,0.05481596291065216,0.2992311120033264
2,61575207773071,it,0.21267224848270416,0.0770128145813942,0.05396164953708649,0.29891765117645264
2,61574911149534,it,0.24626466631889343,0.08777233213186264,0.03237225115299225,0.29983094334602356
2,61575719364055,hi,0.20796023309230804,0.084843210875988,0.05282818526029587,0.29962390661239624
2,61575150555733,en,0.2599962651729584,0.06799984723329544,0.048268094658851624,0.2996782660484314
2,61573382480931,pt,0.2213725596666336,0.09017102420330048,0.03141985833644867,0.2989884614944458
2,61575204173147,fr,0.22221553325653076,0.08314678072929382,0.0503053143620491,0.2993982434272766
2,61575618485389,pt,0.1983758807182312,0.0963066965341568,0.035279542207717896,0.29968106746673584
2,61574764996945,it,0.19962556660175323,0.07550296187400818,0.06501968204975128,0.298064649105072
2,61575140890194,en,0.2132401019334793,0.08615662902593613,0.03817293047904968,0.29845744371414185
2,61574799343860,pt,0.20993980765342712,0.10492894053459167,0.03175927698612213,0.29922905564308167
2,61575609593809,hi,0.18072539567947388,0.09472410380840302,0.030245661735534668,0.29878050088882446
2,61575088470429,it,0.25621360540390015,0.06295423954725266,0.05173646658658981,0.29984867572784424
2,61575274899327,en,0.19868741929531097,0.09485543519258499,0.03618456423282623,0.29967421293258667
2,61575600087094,hi,0.20767948031425476,0.09018997848033905,0.05471532791852951,0.2995830178260803
2,61575787832729,en,0.2240900844335556,0.08866840600967407,0.033388540148735046,0.29932427406311035
2,61575132716094,en,0.19008177518844604,0.09024950116872787,0.03141742944717407,0.2980802059173584
2,61574996550205,en,0.19917665421962738,0.10593752562999725,0.043311312794685364,0.2997906804084778
2,61575311491588,en,0.18549847602844238,0.1105741411447525,0.03334525227546692,0.2998647689819336
2,61575634528316,en,0.22469556331634521,0.07995903491973877,0.04743311554193497,0.2995513677597046
2,61575731093467,en,0.1980385184288025,0.09665989875793457,0.03275512158870697,0.2997957766056061
2,61575208972156,en,0.2640147805213928,0.06588049978017807,0.04665561765432358,0.2997434139251709
2,61575728753782,en,0.2509060204029083,0.0704118087887764,0.047120600938797,0.2997209429740906
2,61572985534941,pt,0.17964474856853485,0.10169482231140137,0.030828237533569336,0.2994382381439209
2,61574651897378,en,0.2269633263349533,0.09414146840572357,0.03045882284641266,0.2995360493659973
2,61573437931596,en,0.22999612987041473,0.0847698226571083,0.04065767675638199,0.2994912266731262
2,61575463714708,hi,0.13991063833236694,0.09141278266906738,0.03092855215072632,0.29583632946014404
2,61575106577835,it,0.21226923167705536,0.08991227298974991,0.048621125519275665,0.29958802461624146
2,61575582540110,pt,0.2042749971151352,0.09882480651140213,0.031954213976860046,0.29896828532218933
2,61575112227227,en,0.18234437704086304,0.08802188187837601,0.03115759789943695,0.2992244362831116
2,61575953244525,hi,0.24605520069599152,0.0685160681605339,0.052102670073509216,0.29918065667152405
2,61574966165566,pt,0.1997675746679306,0.10013565421104431,0.03201232850551605,0.29869547486305237
2,61575494398591,hi,0.2677805721759796,0.06542318314313889,0.04593202471733093,0.2997116148471832
2,61575327722596,fr,0.17377135157585144,0.10998381674289703,0.03085586428642273,0.29898813366889954
2,61573552948536,it,0.2095126509666443,0.08401072025299072,0.040100082755088806,0.29880794882774353
2,61574967244321,en,0.2325679063796997,0.08345462381839752,0.05699588358402252,0.2994258403778076
2,61575264860231,en,0.21799275279045105,0.08474908024072647,0.03056187927722931,0.29950767755508423
2,61575355296120,hi,0.25777652859687805,0.062436554580926895,0.0523199588060379,0.29976773262023926
2,61575394229554,en,0.2027072310447693,0.10211355239152908,0.03181429207324982,0.29943597316741943
2,61575129190978,en,0.19714584946632385,0.09752018004655838,0.030935779213905334,0.29916778206825256
2,61575161685429,pt,0.18405550718307495,0.09133771806955338,0.03267987072467804,0.2990974187850952
2,61575056637344,en,0.20504558086395264,0.09161645919084549,0.03476524353027344,0.2996785044670105
2,61573167310365,it,0.2635277211666107,0.06388436257839203,0.048537589609622955,0.2991564869880676
2,61575552217980,pt,0.23579296469688416,0.08128225058317184,0.04023896902799606,0.29978156089782715
2,61575461561304,pt,0.23084323108196259,0.07815232872962952,0.04745526611804962,0.29949623346328735
2,61574835341215,fr,0.23392318189144135,0.0732547715306282,0.06233026087284088,0.29955893754959106
2,61573074840596,fr,0.237379252910614,0.09003356844186783,0.0357666015625,0.2998228371143341
2,61576059230191,it,0.21394066512584686,0.09413786232471466,0.042207054793834686,0.2997303605079651
2,61574931846511,it,0.20744487643241882,0.09845602512359619,0.03097228705883026,0.2995983362197876
2,61574053119016,it,0.2074682116508484,0.1025705486536026,0.030265361070632935,0.2993648052215576
2,61575680942688,pt,0.18806347250938416,0.09317956119775772,0.04621352255344391,0.299480676651001
2,61575019756700,pt,0.2163114845752716,0.08988353610038757,0.03759986162185669,0.2995621860027313
2,61574772375215,fr,0.20084014534950256,0.09734200686216354,0.04114632308483124,0.2997966408729553
2,61575158695568,pt,0.2116062492132187,0.09400893747806549,0.036332204937934875,0.29982876777648926
2,61574949937616,en,0.2585633397102356,0.06695055961608887,0.047302499413490295,0.29942086338996887
2,61575100662412,en,0.2501612603664398,0.06593645364046097,0.04843572527170181,0.2994934916496277
2,61575090989206,fr,0.18900340795516968,0.09175941348075867,0.03030969202518463,0.2984493374824524
2,61575956484127,hi,0.22586557269096375,0.08554691821336746,0.04220174252986908,0.29967445135116577
2,61575671456434,it,0.24355249106884003,0.07575423270463943,0.059198297560214996,0.29979637265205383
2,61574940158280,it,0.21878273785114288,0.0920289009809494,0.04711735248565674,0.29970332980155945
2,61574861712206,pt,0.22706378996372223,0.07772443443536758,0.06399978697299957,0.29834896326065063
2,61575229631870,pt,0.2442910075187683,0.07991646230220795,0.05399995297193527,0.29986464977264404
2,61574980024843,hi,0.2410634458065033,0.07754665613174438,0.049846477806568146,0.2996763586997986
2,61573112383233,it,0.2154303938150406,0.07931020855903625,0.0458730012178421,0.2987363338470459
2,61574999867383,en,0.22572019696235657,0.07037848234176636,0.06077346205711365,0.2990294098854065
2,61575161305509,fr,0.19579963386058807,0.10658634454011917,0.03342171013355255,0.29899072647094727
2,61575805711531,it,0.2680186927318573,0.06452398747205734,0.04621686786413193,0.29982730746269226
2,61574930586709,pt,0.18875464797019958,0.09345011413097382,0.043100930750370026,0.2980878949165344
2,61575036691879,fr,0.15273885428905487,0.10404801368713379,0.030922412872314453,0.29974013566970825
2,61573876354741,it,0.20616279542446136,0.09840337932109833,0.03630770742893219,0.29878658056259155
2,61575152385454,fr,0.2123057246208191,0.08939461410045624,0.04284774512052536,0.29973089694976807
2,61575797240901,it,0.21075092256069183,0.10630130022764206,0.03355608880519867,0.2997356653213501
2,61574787854878,pt,0.21853215992450714,0.06250783056020737,0.06831056624650955,0.2983752489089966
2,61575123077172,hi,0.23068295419216156,0.08780612051486969,0.04274287819862366,0.29961729049682617
2,61575258724354,hi,0.23628613352775574,0.07895085960626602,0.06192932277917862,0.2988773286342621
2,61574884989863,fr,0.20081424713134766,0.10428541898727417,0.04275861382484436,0.2994835376739502
2,61575171524686,it,0.19004963338375092,0.10803885012865067,0.036376431584358215,0.2996672987937927
2,61575695695222,en,0.2562824487686157,0.06259191036224365,0.04991868883371353,0.2981429994106293
3,61574934126943,pt,0.15792904794216156,0.1007491871714592,0.03037188947200775,0.2980775237083435
3,61575131153481,en,0.23065386712551117,0.08454074710607529,0.04732692986726761,0.2996950149536133
3,61574801413926,fr,0.22268229722976685,0.08743131160736084,0.03616376221179962,0.29947376251220703
3,61575315757634,fr,0.19290584325790405,0.09157011657953262,0.05269362032413483,0.299395352602005
3,61574863962100,it,0.22396737337112427,0.07765205204486847,0.05945463478565216,0.29963070154190063
3,61575201373332,fr,0.21841125190258026,0.09272775799036026,0.03313171863555908,0.2997822165489197
3,61575691416622,hi,0.2229747623205185,0.08138129860162735,0.04983937740325928,0.29970061779022217
3,61574905567721,en,0.20575864613056183,0.08589734882116318,0.05116013437509537,0.29941534996032715
3,61575169251717,en,0.1865159571170807,0.10313507169485092,0.03540442883968353,0.2995273172855377
3,61575111478220,pt,0.2166610211133957,0.08764640241861343,0.04660850018262863,0.2994011342525482
3,61575569215048,hi,0.21943821012973785,0.08227880299091339,0.059083230793476105,0.2994609773159027
3,61575003004721,fr,0.19287094473838806,0.09156385809183121,0.030872687697410583,0.2984964847564697
3,61575027123549,en,0.20189909636974335,0.10004997998476028,0.030473873019218445,0.29956990480422974
3,61574951645380,en,0.22307194769382477,0.08945679664611816,0.03284481167793274,0.2993268370628357
3,61574727556591,en,0.2061634510755539,0.07141552865505219,0.05588385462760925,0.2996853291988373
3,61575239345239,en,0.228144109249115,0.09088034182786942,0.033180877566337585,0.2997090220451355
3,61575622629793,it,0.20148634910583496,0.09616491198539734,0.03036436438560486,0.2997777462005615
3,61575174584515,fr,0.23930634558200836,0.08500566333532333,0.03251159191131592,0.2990846335887909
3,61575689432183,pt,0.21715784072875977,0.09378881752490997,0.03162214159965515,0.2997278869152069
3,61575053907477,en,0.1889142096042633,0.10389930009841919,0.030250072479248047,0.2994701862335205
3,61575568405010,en,0.2219126969575882,0.07736938446760178,0.04811486601829529,0.29882878065109253
3,61575007354364,en,0.22598369419574738,0.09111036360263824,0.051228225231170654,0.29958993196487427
3,61575205783063,hi,0.21946805715560913,0.07593055069446564,0.06431163847446442,0.2989223003387451
3,61574652767188,en,0.24446283280849457,0.06294099241495132,0.05927877128124237,0.29886701703071594
3,61574821569203,en,0.20555530488491058,0.09133957326412201,0.032171040773391724,0.2994896173477173
3,61575347826373,hi,0.21144776046276093,0.09135893732309341,0.04508845508098602,0.29976481199264526
3,61575116351597,hi,0.24383307993412018,0.07160401344299316,0.04639163613319397,0.29978442192077637
3,61574764605724,fr,0.22814953327178955,0.08686142414808273,0.04474632441997528,0.299441397190094
3,61575210563029,fr,0.2488613724708557,0.07431738078594208,0.04691115766763687,0.29971444606781006
3,61574937547028,it,0.2057313770055771,0.08991452306509018,0.031017407774925232,0.2998349070549011
3,61575062566013,en,0.20648954808712006,0.10102825611829758,0.032461121678352356,0.29968518018722534
3,61575004409946,en,0.2230762392282486,0.08745402842760086,0.03439326584339142,0.2997228503227234
3,61575167439026,en,0.20403346419334412,0.10106270760297775,0.03513912856578827,0.2998439371585846
3,61575303902251,en,0.19949744641780853,0.09955742955207825,0.03567904233932495,0.2993745505809784
3,61574987700816,en,0.23269791901111603,0.08588916063308716,0.045207470655441284,0.2997545599937439
3,61575062519607,en,0.23199281096458435,0.06886514276266098,0.06343845278024673,0.2987302541732788
3,61575236351657,fr,0.17193187773227692,0.10565880686044693,0.03053438663482666,0.298971951007843
3,61575255040324,en,0.21570613980293274,0.08440244942903519,0.0310593843460083,0.2994092106819153
3,61575799107152,pt,0.1942204385995865,0.10023343563079834,0.0321539044380188,0.2994072139263153
3,61575637913685,en,0.21951276063919067,0.09372188150882721,0.035549551248550415,0.2993890643119812
3,61575138556380,en,0.22308868169784546,0.06947439163923264,0.062387049198150635,0.298923134803772
3,61575527222862,it,0.24147915840148926,0.07559265941381454,0.047752708196640015,0.29934102296829224
3,61573054454503,fr,0.24411040544509888,0.08092372119426727,0.04782574623823166,0.2997549772262573
3,61574839903015,it,0.23756583034992218,0.0932319238781929,0.031101062893867493,0.29982221126556396
3,61574788001360,en,0.19851025938987732,0.10232079029083252,0.03044252097606659,0.2995471954345703
3,61575207112351,en,0.2294985055923462,0.07721324265003204,0.05060545355081558,0.2994484305381775
3,61575152050067,hi,0.1986873894929886,0.092183917760849,0.045759014785289764,0.2991113066673279
3,61573397313375,fr,0.19268594682216644,0.10755586624145508,0.03211414813995361,0.29963549971580505
3,61575817620916,fr,0.23214003443717957,0.08205743879079819,0.032554879784584045,0.299721360206604
3,61575313410082,en,0.220686674118042,0.08524829894304276,0.03489701449871063,0.29977095127105713
3,61575266811505,en,0.19528654217720032,0.0805966779589653,0.03255830705165863,0.2996788024902344
3,61574726476500,en,0.2377629280090332,0.0742422491312027,0.059069789946079254,0.29954081773757935
3,61575178964523,pt,0.20272541046142578,0.10910650342702866,0.03681178390979767,0.29926586151123047
3,61575940674829,hi,0.22441747784614563,0.0908772349357605,0.03613309562206268,0.299407958984375
3,61574855621301,en,0.22697177529335022,0.080915667116642,0.04601456969976425,0.29914265871047974
3,61575872908128,hi,0.2242897003889084,0.09187771379947662,0.030295252799987793,0.29960453510284424
3,61575227003442,it,0.25717249512672424,0.06669836491346359,0.04698934406042099,0.2996951937675476
3,61575614841893,hi,0.23100730776786804,0.08465667068958282,0.043354250490665436,0.29982277750968933
3,61575828570433,en,0.20785434544086456,0.07537614554166794,0.05765485018491745,0.2980027198791504
3,61574831382328,en,0.22415690124034882,0.08044424653053284,0.031093493103981018,0.29971742630004883
3,61575496125684,en,0.22262148559093475,0.0941067710518837,0.042321786284446716,0.29966121912002563
3,61575356045890,it,0.20508833229541779,0.08586671948432922,0.05575239658355713,0.2992507517337799
3,61575172646079,it,0.19909897446632385,0.09413108974695206,0.04629784822463989,0.29986751079559326
3,61575027298560,en,0.22145512700080872,0.08709365874528885,0.030205875635147095,0.29924875497817993
3,61574817464063,en,0.24461215734481812,0.08464737981557846,0.035048529505729675,0.29952549934387207
3,61574781734933,it,0.20847642421722412,0.08017061650753021,0.061349183320999146,0.2996040880680084
3,61572766786766,en,0.22130973637104034,0.08838385343551636,0.050547920167446136,0.29964542388916016
3,61575574524688,pt,0.22596366703510284,0.09243054687976837,0.038534149527549744,0.2998868227005005
3,61575226491299,en,0.22071579098701477,0.09544149041175842,0.03766658902168274,0.29978126287460327
3,61573217543255,hi,0.2187054455280304,0.09085297584533691,0.03155714273452759,0.2995380759239197
3,61575838795093,pt,0.21135810017585754,0.09921928495168686,0.030494242906570435,0.2997206449508667
3,61575202633062,it,0.22015121579170227,0.09139502793550491,0.03144186735153198,0.29969459772109985
3,61575544152962,it,0.22277724742889404,0.08707093447446823,0.03583911061286926,0.2998656630516052
3,61575088062953,it,0.19696152210235596,0.10939055681228638,0.03072918951511383,0.2995630204677582
3,61575119561738,en,0.2324100285768509,0.09619200974702835,0.037702515721321106,0.29982179403305054
3,61574051276067,it,0.23093238472938538,0.07845809310674667,0.060974396765232086,0.29971468448638916
3,61575013502873,it,0.19622819125652313,0.09284334629774094,0.032515719532966614,0.29869094491004944
3,61575571571675,fr,0.24405521154403687,0.08710507303476334,0.04247507452964783,0.29969120025634766
3,61573913763035,it,0.17430883646011353,0.10448018461465836,0.030653953552246094,0.2995845079421997
3,61575557761520,it,0.245413675904274,0.07848934084177017,0.04678594321012497,0.2997254431247711
3,61573544637558,fr,0.19752667844295502,0.08415908366441727,0.043424323201179504,0.298948734998703
3,61573135240533,fr,0.2282572239637375,0.07646505534648895,0.043002329766750336,0.29897770285606384
3,61575098742695,hi,0.2288479059934616,0.0803510844707489,0.0313262939453125,0.2995504140853882
3,61575662108150,en,0.2305593192577362,0.10054618865251541,0.03556787967681885,0.29983237385749817
3,61575515733376,pt,0.2367382049560547,0.07339517772197723,0.057633526623249054,0.29936373233795166
3,61575661611123,hi,0.22047370672225952,0.08683624863624573,0.04617419093847275,0.29875147342681885
3,61575214162123,en,0.20783837139606476,0.09736223518848419,0.03131584823131561,0.29969748854637146
3,61573503322985,fr,0.20896516740322113,0.09584198892116547,0.03390824794769287,0.2996717095375061
3,61575198623528,hi,0.24293822050094604,0.08294206112623215,0.05191422998905182,0.29971417784690857
3,61574714597809,pt,0.20479632914066315,0.0948435366153717,0.03236597776412964,0.29981744289398193
3,61575689695617,hi,0.2311314344406128,0.07891036570072174,0.03766518831253052,0.2994806468486786
3,61575606443963,hi,0.13175716996192932,0.09618920087814331,0.03070041537284851,0.2986590266227722
3,61575308401890,en,0.24083790183067322,0.08262112736701965,0.04733196645975113,0.29981738328933716
3,61575331140964,en,0.24566173553466797,0.0825285017490387,0.046541422605514526,0.29974284768104553
3,61572629921625,pt,0.2170639932155609,0.0781753659248352,0.05948550999164581,0.2992388904094696
3,61573600374605,en,0.19873228669166565,0.10078687965869904,0.03746138513088226,0.29942530393600464
3,61575324090992,en,0.2523840069770813,0.07773023098707199,0.05334070324897766,0.29982617497444153
3,61575112067630,hi,0.2417401820421219,0.08457551151514053,0.03079383075237274,0.299743115901947
3,61575470764521,pt,0.27345010638237,0.0606185607612133,0.048940517008304596,0.29984813928604126
3,61575257740412,hi,0.21480993926525116,0.0819152221083641,0.04787011444568634,0.2992425560951233
3,61575324216831,en,0.2354239672422409,0.07290998846292496,0.05436383932828903,0.2996910810470581
3,61575433245776,it,0.20283491909503937,0.09047826379537582,0.04389230161905289,0.2995496988296509
3,61574801715376,en,0.21479685604572296,0.09497006237506866,0.03890769183635712,0.29978540539741516
3,61575229721815,fr,0.22722949087619781,0.08175283670425415,0.05076873302459717,0.2995811998844147
3,61575024946334,hi,0.20362450182437897,0.08756836503744125,0.03819170594215393,0.29967349767684937
3,61575617909167,en,0.18202082812786102,0.09702334553003311,0.031222820281982422,0.2996094822883606
3,61574814822672,en,0.2254592478275299,0.08161753416061401,0.04558667540550232,0.29954659938812256
3,61575044985283,hi,0.21636731922626495,0.08710834383964539,0.03116181492805481,0.29907822608947754
3,61572607540933,fr,0.2059498280286789,0.09847264736890793,0.03083568811416626,0.2993549704551697
3,61575005252655,en,0.21674761176109314,0.08868829160928726,0.04153358191251755,0.2997589111328125
3,61573167969034,fr,0.1949579417705536,0.10588253289461136,0.030315518379211426,0.29917529225349426
3,61573516080607,it,0.15576794743537903,0.10153591632843018,0.034403905272483826,0.29920291900634766
3,61575561427679,pt,0.21824942529201508,0.09432490915060043,0.04811999201774597,0.2995782494544983
3,61575612269544,fr,0.2048688381910324,0.09313135594129562,0.0309009850025177,0.2996198832988739
3,61575152979706,hi,0.2108064740896225,0.09382841736078262,0.030382409691810608,0.2995874285697937
3,61574925813885,en,0.24115683138370514,0.0818941742181778,0.04921593517065048,0.29966673254966736
3,61575647991754,hi,0.20743747055530548,0.10428676009178162,0.030650705099105835,0.29972022771835327
3,61575849294548,pt,0.25637397170066833,0.06586221605539322,0.04668349772691727,0.299782395362854
3,61575732154813,en,0.21936750411987305,0.0829850286245346,0.04854687303304672,0.29974299669265747
3,61575207162938,hi,0.2266947478055954,0.08452733606100082,0.04338414967060089,0.29972177743911743
3,61573697084008,it,0.2294379621744156,0.08457200229167938,0.03731513023376465,0.29984796047210693
3,61574846917976,en,0.1911090463399887,0.09720631688833237,0.03255327045917511,0.2996325194835663
3,61574838672120,en,0.204266756772995,0.10016438364982605,0.045496828854084015,0.29972901940345764
3,61575162879216,en,0.20503166317939758,0.09750348329544067,0.03075823187828064,0.2996249794960022
3,61575306427918,en,0.21363310515880585,0.07262936979532242,0.05981101840734482,0.29840701818466187
3,61575531152948,pt,0.23025405406951904,0.09151791781187057,0.032694652676582336,0.2998715043067932
3,61572731112276,fr,0.24591214954853058,0.07185650616884232,0.049821339547634125,0.2995980679988861
3,61573212846972,en,0.2205929309129715,0.09173908084630966,0.03214852511882782,0.2995811104774475
3,61573754471228,it,0.17865218222141266,0.09776264429092407,0.034126296639442444,0.29854679107666016
3,61574858352338,en,0.22070196270942688,0.1037004292011261,0.03023754060268402,0.2995187044143677
3,61575255680659,it,0.20623424649238586,0.0986325815320015,0.03164353966712952,0.2995373010635376
3,61575126533596,en,0.20823542773723602,0.08749538660049438,0.03093533217906952,0.299214631319046
3,61575180835678,en,0.2570919394493103,0.0644497498869896,0.04924323409795761,0.2998267114162445
3,61575580080566,it,0.21566717326641083,0.09594471007585526,0.03472141921520233,0.2993205785751343
3,61575695455292,en,0.20278359949588776,0.08494642376899719,0.04690256714820862,0.29897552728652954
3,61574932177407,en,0.23604834079742432,0.08120200037956238,0.043434299528598785,0.2994607090950012
3,61575281169106,hi,0.18704304099082947,0.09695515036582947,0.03279738128185272,0.29942142963409424
3,61574785574733,it,0.22269554436206818,0.09402995556592941,0.04641455411911011,0.29959359765052795
3,61574691255198,en,0.21373072266578674,0.09978920966386795,0.031040087342262268,0.29970651865005493
3,61572728411956,fr,0.1977759599685669,0.10737564414739609,0.03058280050754547,0.29966145753860474
3,61575647284322,pt,0.23812741041183472,0.07273752242326736,0.04822476953268051,0.2996084690093994
3,61575262870032,pt,0.2154097855091095,0.09399912506341934,0.0323978066444397,0.2997642755508423
3,61575794757479,pt,0.1865600049495697,0.11105231195688248,0.030416682362556458,0.29972440004348755
3,61574919303983,en,0.19257116317749023,0.0972515195608139,0.031550392508506775,0.29967936873435974
3,61573543259106,it,0.17935052514076233,0.1025577187538147,0.031186819076538086,0.2996702492237091
3,61575191317891,pt,0.21702630817890167,0.09775058925151825,0.03027978539466858,0.29985547065734863
3,61574708867579,en,0.21711044013500214,0.0838456004858017,0.05174204707145691,0.2994444966316223
3,61575368459933,pt,0.2291351854801178,0.07477956265211105,0.06578917056322098,0.29877686500549316
3,61575688105742,fr,0.22810834646224976,0.0858101025223732,0.04918680340051651,0.29982638359069824
3,61575545102013,it,0.20947715640068054,0.09727650135755539,0.03133445978164673,0.2997879087924957
3,61572945636998,pt,0.18761886656284332,0.09686928987503052,0.031954601407051086,0.2994541525840759
3,61575533882644,pt,0.21511003375053406,0.08704745024442673,0.03460781276226044,0.2992480397224426
3,61573036322799,pt,0.24184158444404602,0.07699653506278992,0.05501047521829605,0.29947859048843384
3,61575809341597,en,0.22644436359405518,0.08692300319671631,0.05603938549757004,0.2992401719093323
3,61575276789549,en,0.24715961515903473,0.07617034763097763,0.04582919925451279,0.29964637756347656
3,61575830879821,fr,0.17523407936096191,0.08401715010404587,0.030520960688591003,0.29719996452331543
3,61575169251615,en,0.2089909017086029,0.09325232356786728,0.034003838896751404,0.29792630672454834
3,61575188275516,it,0.20131772756576538,0.09683920443058014,0.03397443890571594,0.29979318380355835
3,61575455591111,pt,0.17552202939987183,0.10772828757762909,0.033698052167892456,0.29899659752845764
3,61575040950775,en,0.20676545798778534,0.0941513255238533,0.047136448323726654,0.2996599078178406
3,61575734633308,en,0.22028180956840515,0.0910649374127388,0.03254358470439911,0.29940757155418396
3,61575131576367,en,0.2220429927110672,0.09096162021160126,0.036493584513664246,0.29964742064476013
3,61574939766846,pt,0.20160827040672302,0.09641412645578384,0.04711907356977463,0.2994532585144043
3,61575729844682,en,0.22877658903598785,0.0794060081243515,0.036266013979911804,0.29935771226882935
3,61574845121589,pt,0.23348630964756012,0.0884559229016304,0.05137106776237488,0.29935920238494873
3,61575154635451,it,0.24778352677822113,0.08351940661668777,0.044944822788238525,0.2996635138988495
3,61573639576797,it,0.2129001021385193,0.10123153775930405,0.030566290020942688,0.2986206114292145
3,61575046350558,en,0.20985862612724304,0.09706871211528778,0.03139936923980713,0.29973089694976807
3,61575225621439,en,0.18375368416309357,0.11136814206838608,0.03044775128364563,0.29934006929397583
3,61574914234585,en,0.16675010323524475,0.10806015133857727,0.030650392174720764,0.2991260886192322
3,61575259270245,hi,0.21145674586296082,0.08711829781532288,0.0452970489859581,0.29879146814346313
3,61575149005237,en,0.19321998953819275,0.09740857779979706,0.03093428909778595,0.29857951402664185
3,61572817333773,en,0.19394299387931824,0.10678394138813019,0.03058454394340515,0.299843430519104
3,61575001534754,hi,0.19132286310195923,0.09963380545377731,0.0319669246673584,0.29923227429389954
3,61575236645717,hi,0.20870546996593475,0.09188714623451233,0.031055942177772522,0.29926130175590515
3,61573040625137,fr,0.19326166808605194,0.10419680923223495,0.03391703963279724,0.2996899485588074
3,61575227471920,pt,0.19130051136016846,0.09857311099767685,0.04698454588651657,0.2992284893989563
3,61575371015595,it,0.22014909982681274,0.09702013432979584,0.030531391501426697,0.29935765266418457
3,61575238131572,pt,0.19695329666137695,0.10101509839296341,0.03284601867198944,0.2997242212295532
3,61575031471293,en,0.24784910678863525,0.07451670616865158,0.05272121727466583,0.2998374104499817
3,61573693491518,it,0.2564399242401123,0.06708094477653503,0.05058988928794861,0.29978471994400024
3,61575226372155,it,0.23292990028858185,0.07497316598892212,0.04610990732908249,0.29978784918785095
3,61575195653637,pt,0.19079867005348206,0.10170841962099075,0.031247854232788086,0.29957735538482666
3,61574786863896,en,0.23730549216270447,0.07702867686748505,0.04960057884454727,0.29955053329467773
3,61575716964202,hi,0.20526286959648132,0.099807970225811,0.03479892015457153,0.29965436458587646
3,61575229057307,en,0.23510095477104187,0.08533087372779846,0.056497156620025635,0.29960834980010986
3,61574817494524,fr,0.2331903874874115,0.08819935470819473,0.03357809782028198,0.29974228143692017
3,61575049831217,pt,0.2239636480808258,0.09430951625108719,0.03293482959270477,0.2996371388435364
3,61575115584213,en,0.23867876827716827,0.08498326689004898,0.05085244029760361,0.29892152547836304
3,61575531062633,fr,0.1976885199546814,0.1033523827791214,0.03506749868392944,0.2986326813697815
3,61575270759607,pt,0.19237560033798218,0.1002187430858612,0.03090950846672058,0.29944711923599243
3,61575091169103,en,0.2361011952161789,0.08178915083408356,0.047432415187358856,0.29976069927215576
3,61575318607485,it,0.22365662455558777,0.08108707517385483,0.04855829477310181,0.2995342016220093
3,61575243677655,pt,0.2002490609884262,0.10259745270013809,0.031113266944885254,0.29976972937583923
3,61574730557113,en,0.17181439697742462,0.10580853372812271,0.031001627445220947,0.2990081310272217
3,61575148359774,en,0.2129824161529541,0.08802906423807144,0.03957483172416687,0.29945290088653564
3,61574992834078,fr,0.19858266413211823,0.10495928674936295,0.03500938415527344,0.29976773262023926
3,61575075716110,en,0.17685779929161072,0.0964711606502533,0.04626897722482681,0.29949629306793213
3,61574997930238,en,0.2238345444202423,0.09367307275533676,0.030960366129875183,0.2996896505355835
3,61574921619079,fr,0.220679372549057,0.09316616505384445,0.03090028464794159,0.2988857626914978
3,61574943633252,en,0.253366082906723,0.060364436358213425,0.061278149485588074,0.29976212978363037
3,61575434374955,fr,0.18869733810424805,0.10413730889558792,0.0331525057554245,0.29830819368362427
3,61575079453209,en,0.2250189334154129,0.09002722054719925,0.0458354651927948,0.2997257113456726
3,61575243441350,hi,0.13854512572288513,0.09914059937000275,0.03196132183074951,0.2988196611404419
3,61574979845984,en,0.20143872499465942,0.10180694609880447,0.032901450991630554,0.2996247410774231
3,61575338256889,hi,0.21874944865703583,0.08868371695280075,0.041179388761520386,0.298259973526001
3,61574715494235,en,0.2502788007259369,0.07444953173398972,0.04872003197669983,0.29982852935791016
3,61573536988081,fr,0.23958466947078705,0.08834566920995712,0.030433401465415955,0.29925400018692017
3,61574815842320,en,0.23219802975654602,0.0735071524977684,0.05547383427619934,0.29958605766296387
3,61575631794140,fr,0.2546707093715668,0.06701059639453888,0.04821932315826416,0.29944825172424316
3,61575221512411,hi,0.24208402633666992,0.07047145813703537,0.056499920785427094,0.2990238070487976
3,61575087119240,pt,0.2229209691286087,0.09235446900129318,0.040718868374824524,0.2998144328594208
3,61575310034038,pt,0.21007773280143738,0.09871159493923187,0.03296452760696411,0.29970622062683105
3,61575317113475,pt,0.21214650571346283,0.09462278336286545,0.03377729654312134,0.2996334433555603
3,61575603778005,it,0.24807871878147125,0.07114533334970474,0.047768548130989075,0.2998596429824829
3,61575221286306,hi,0.20916655659675598,0.08563079684972763,0.041526176035404205,0.29972484707832336
3,61575667346713,en,0.252947598695755,0.07255233824253082,0.04678301513195038,0.299748957157135
3,61575153195537,fr,0.23612290620803833,0.08303599059581757,0.04884763062000275,0.2997720241546631
3,61573680682759,en,0.22705113887786865,0.08346125483512878,0.030500933527946472,0.2997140884399414
3,61574788035043,hi,0.20138363540172577,0.09759418666362762,0.042012669146060944,0.29867732524871826
3,61574978975929,en,0.1935940682888031,0.09491746127605438,0.03882212936878204,0.29938167333602905
3,61574901935438,en,0.22791801393032074,0.08479993045330048,0.050922244787216187,0.299565851688385
3,61575119187638,it,0.2141713798046112,0.08419069647789001,0.04981135576963425,0.2984175682067871
3,61575200353453,it,0.1845557540655136,0.10960281640291214,0.035432711243629456,0.2990531325340271
3,61575017759285,en,0.2127179503440857,0.09651529788970947,0.03568969666957855,0.2996136546134949
3,61572897099580,en,0.24882766604423523,0.061375897377729416,0.049515560269355774,0.29959195852279663
3,61575213712850,fr,0.219660222530365,0.09496457129716873,0.04319623112678528,0.29967600107192993
3,61576073780317,hi,0.20462995767593384,0.09156487137079239,0.030517980456352234,0.2994117736816406
3,61575211332811,en,0.20579081773757935,0.09631145745515823,0.03356659412384033,0.29980289936065674
3,61573018383344,fr,0.20992480218410492,0.09779126197099686,0.03494603931903839,0.2992779612541199
3,61575326856811,en,0.21664240956306458,0.08482665568590164,0.03311614692211151,0.29963767528533936
3,61574828802630,fr,0.1822272092103958,0.10165300220251083,0.031780391931533813,0.2983127236366272
3,61575905331775,pt,0.20115287601947784,0.11300166696310043,0.030435621738433838,0.29977136850357056
3,61574996597830,it,0.23796166479587555,0.08312155306339264,0.04497440159320831,0.2998539209365845
3,61573394763409,fr,0.23386088013648987,0.08026837557554245,0.05337309092283249,0.2995174527168274
3,61575582750038,it,0.19690662622451782,0.10657045990228653,0.03549441695213318,0.29958218336105347
3,61575561445414,en,0.24601998925209045,0.06439197063446045,0.054239556193351746,0.2992393672466278
3,61575288632779,en,0.24586570262908936,0.06747844815254211,0.06073511391878128,0.29972636699676514
3,61575557971497,fr,0.1791561096906662,0.09823198616504669,0.030242472887039185,0.299081951379776
3,61575557408009,pt,0.21548962593078613,0.0938749834895134,0.03050173819065094,0.299786239862442
3,61574936016860,it,0.21618050336837769,0.1021217331290245,0.03229525685310364,0.29952627420425415
3,61574780144844,en,0.21412420272827148,0.08939654380083084,0.030650392174720764,0.29959601163864136
3,61574964602105,en,0.2016637921333313,0.09435943514108658,0.03045561909675598,0.29941225051879883
3,61575796651817,fr,0.21667085587978363,0.07606988400220871,0.05917979031801224,0.2983899712562561
3,61575263799927,pt,0.20975464582443237,0.09381883591413498,0.047628529369831085,0.29888951778411865
3,61575792327507,it,0.21012911200523376,0.0931212455034256,0.03337298333644867,0.2995331883430481
3,61572939997623,en,0.2393018901348114,0.08418102562427521,0.04549366980791092,0.2997574508190155
3,61575503980281,pt,0.2156708538532257,0.09116113930940628,0.03677766025066376,0.2998069226741791
3,61573535549602,it,0.2187458872795105,0.09453797340393066,0.045869819819927216,0.29981881380081177
3,61575380549834,hi,0.20530197024345398,0.10421457886695862,0.030550673604011536,0.29945284128189087
3,61574940786036,pt,0.23868192732334137,0.08295460045337677,0.049025557935237885,0.2995274066925049
3,61575036330853,en,0.24818482995033264,0.07614699751138687,0.05675564706325531,0.2995663583278656
3,61575179504190,en,0.21813718974590302,0.0833403542637825,0.030627280473709106,0.2993069291114807
3,61575184523495,en,0.2055380642414093,0.10118492692708969,0.030705034732818604,0.29964539408683777
3,61574984850248,en,0.19842509925365448,0.09049762040376663,0.03540438413619995,0.29968568682670593
3,61574896568851,en,0.22165320813655853,0.10058625787496567,0.031040608882904053,0.299701988697052
3,61575328303165,pt,0.23215517401695251,0.091328926384449,0.05146154761314392,0.29974862933158875
3,61573639284043,pt,0.17547519505023956,0.09907212108373642,0.03100399672985077,0.2983035445213318
3,61575025306519,hi,0.1904757022857666,0.08712957054376602,0.031077846884727478,0.29919177293777466
3,61573044255129,hi,0.23258572816848755,0.08233422040939331,0.0484718382358551,0.2997955083847046
3,61575854874351,pt,0.18929138779640198,0.114738829433918,0.030270040035247803,0.29905733466148376
3,61575562855407,hi,0.17912384867668152,0.10054601728916168,0.030580326914787292,0.2986087203025818
3,61573160396182,fr,0.23280411958694458,0.07520753890275955,0.04647383838891983,0.299809068441391
3,61575025023617,pt,0.23082993924617767,0.0902603343129158,0.03098037838935852,0.29975003004074097
3,61574913877788,pt,0.2066161334514618,0.10209111124277115,0.031061425805091858,0.29976725578308105
3,61575798830806,it,0.2171311378479004,0.08142967522144318,0.0477084144949913,0.2997071146965027
3,61574946005614,en,0.1931132674217224,0.10384763777256012,0.03640112280845642,0.29965341091156006
3,61575095245405,en,0.21555839478969574,0.09382601827383041,0.03048737347126007,0.29947155714035034
3,61575005853006,it,0.2027190774679184,0.09785505384206772,0.031938567757606506,0.299615740776062
3,61575311377502,en,0.18311500549316406,0.10574019700288773,0.03149329125881195,0.29930663108825684
3,61575649624207,pt,0.19036224484443665,0.10451314598321915,0.03638908267021179,0.29983842372894287
3,61575203023035,hi,0.17177358269691467,0.09634964168071747,0.03452925384044647,0.29845643043518066
3,61575079169748,pt,0.2399173229932785,0.07579310238361359,0.048045381903648376,0.2997294068336487
3,61575148797368,en,0.21515892446041107,0.08982319384813309,0.05072683095932007,0.2996369004249573
3,61573053375071,fr,0.21131913363933563,0.08480208367109299,0.055803388357162476,0.2993468940258026
3,61575000899895,en,0.15804937481880188,0.10611221939325333,0.03333313763141632,0.2973988652229309
3,61575098818802,pt,0.22452430427074432,0.0828242376446724,0.04882710427045822,0.2996731400489807
3,61575028711256,fr,0.21040596067905426,0.08467843383550644,0.055667318403720856,0.29957810044288635
3,61575147567358,fr,0.2118614763021469,0.09384646266698837,0.030879080295562744,0.2992590665817261
3,61575045675245,en,0.19944478571414948,0.1031499132514,0.042278870940208435,0.2998335361480713
3,61575057779980,en,0.11456404626369476,0.09501354396343231,0.03111100196838379,0.29730263352394104
3,61575770523168,hi,0.23027734458446503,0.0836799368262291,0.04597374051809311,0.29973548650741577
3,61574724737317,it,0.20665398240089417,0.09742125123739243,0.034946173429489136,0.2991289496421814
3,61575674126417,hi,0.23163464665412903,0.08238335698843002,0.055699676275253296,0.2994079291820526
3,61575207773071,it,0.21211615204811096,0.07436095923185349,0.05694224685430527,0.2991870641708374
3,61574911149534,it,0.24542513489723206,0.08555246144533157,0.04317188262939453,0.2998284697532654
3,61575719364055,hi,0.213039830327034,0.08529417961835861,0.04458271712064743,0.29955005645751953
3,61575150555733,en,0.26054489612579346,0.06524771451950073,0.04659216105937958,0.2995911240577698
3,61573382480931,pt,0.22413064539432526,0.09422223269939423,0.03192208707332611,0.2993117868900299
3,61575204173147,fr,0.23471859097480774,0.07784167677164078,0.0599919855594635,0.29943305253982544
3,61575618485389,pt,0.19294795393943787,0.09463587403297424,0.03634847700595856,0.2996811270713806
3,61574764996945,it,0.18646788597106934,0.08284401148557663,0.039969176054000854,0.29858899116516113
3,61575140890194,en,0.2131146490573883,0.08609633892774582,0.042985133826732635,0.29812365770339966
3,61574799343860,pt,0.21483749151229858,0.10014405101537704,0.03462916612625122,0.29926276206970215
3,61575609593809,hi,0.18421173095703125,0.09734641760587692,0.03059360384941101,0.2991483211517334
3,61575088470429,it,0.2569268047809601,0.06393297761678696,0.055597029626369476,0.2998462915420532
3,61575274899327,en,0.21445758640766144,0.09197637438774109,0.03381669521331787,0.2997100353240967
3,61575600087094,hi,0.2163114696741104,0.08025383204221725,0.06258603930473328,0.29942941665649414
3,61575787832729,en,0.22013962268829346,0.08857155591249466,0.037206098437309265,0.2994561195373535
3,61575132716094,en,0.1915624737739563,0.09060866385698318,0.03506071865558624,0.29819875955581665
3,61574996550205,en,0.20233184099197388,0.10289526730775833,0.05184531956911087,0.2997932732105255
3,61575311491588,en,0.18384018540382385,0.11104502528905869,0.03170210123062134,0.29986315965652466
3,61575634528316,en,0.22407253086566925,0.08420418202877045,0.048310115933418274,0.29961976408958435
3,61575731093467,en,0.19902153313159943,0.09577412903308868,0.035356417298316956,0.29979538917541504
3,61575208972156,en,0.2582347095012665,0.06878547370433807,0.04742727428674698,0.2997225522994995
3,61575728753782,en,0.25006240606307983,0.07021540403366089,0.047351181507110596,0.29971516132354736
3,61572985534941,pt,0.18208260834217072,0.10168150812387466,0.030730336904525757,0.29953497648239136
3,61574651897378,en,0.22347448766231537,0.09299913793802261,0.030463889241218567,0.2995005249977112
3,61573437931596,en,0.23114816844463348,0.08271966874599457,0.04340929538011551,0.29961898922920227
3,61575463714708,hi,0.15056297183036804,0.09425229579210281,0.03054051101207733,0.29530882835388184
3,61575106577835,it,0.2086007446050644,0.08845669031143188,0.04719041287899017,0.29952549934387207
3,61575582540110,pt,0.20234791934490204,0.09785395115613937,0.03129155933856964,0.29888319969177246
3,61575112227227,en,0.18561698496341705,0.08766482025384903,0.03134968876838684,0.2991296648979187
3,61575953244525,hi,0.2526540756225586,0.06640271842479706,0.04900473356246948,0.2994890809059143
3,61574966165566,pt,0.2041214108467102,0.10047838091850281,0.03592394292354584,0.2992638349533081
3,61575494398591,hi,0.266935795545578,0.06549594551324844,0.045633167028427124,0.2997138500213623
3,61575327722596,fr,0.17550653219223022,0.10775191336870193,0.030862674117088318,0.29882314801216125
3,61573552948536,it,0.2183508276939392,0.0837898999452591,0.03764621913433075,0.29879236221313477
3,61574967244321,en,0.2333187460899353,0.08019347488880157,0.06096409261226654,0.29940488934516907
3,61575264860231,en,0.22105588018894196,0.08531641215085983,0.030619457364082336,0.29967355728149414
3,61575355296120,hi,0.25735849142074585,0.060312069952487946,0.05904790759086609,0.29976725578308105
3,61575394229554,en,0.20659780502319336,0.10272987186908722,0.03914855420589447,0.29944097995758057
3,61575129190978,en,0.19440828263759613,0.09686494618654251,0.031440600752830505,0.2990702986717224
3,61575161685429,pt,0.18721157312393188,0.09085053205490112,0.03338579833507538,0.298960417509079
3,61575056637344,en,0.21077805757522583,0.09130099415779114,0.04029826074838638,0.29970985651016235
3,61573167310365,it,0.2650648057460785,0.06431075930595398,0.04711363464593887,0.29934707283973694
3,61575552217980,pt,0.24213534593582153,0.07993979752063751,0.046938344836235046,0.2997290790081024
3,61575461561304,pt,0.22851574420928955,0.07976406067609787,0.04694228619337082,0.29936403036117554
3,61574835341215,fr,0.23527714610099792,0.07333128899335861,0.059456966817379,0.29946979880332947
3,61573074840596,fr,0.23417790234088898,0.08568773418664932,0.04134067893028259,0.29983609914779663
3,61576059230191,it,0.21050570905208588,0.09626216441392899,0.033603399991989136,0.29977014660835266
3,61574931846511,it,0.20894591510295868,0.09710056334733963,0.03179624676704407,0.2994047999382019
3,61574053119016,it,0.213382288813591,0.10257912427186966,0.03019033372402191,0.299397349357605
3,61575680942688,pt,0.19506758451461792,0.09335511922836304,0.04312878102064133,0.2994745969772339
3,61575019756700,pt,0.2200441062450409,0.08412550389766693,0.03935639560222626,0.2995939254760742
3,61574772375215,fr,0.20189927518367767,0.09625494480133057,0.04573875665664673,0.2997853457927704
3,61575158695568,pt,0.2079397439956665,0.09410703927278519,0.04043214023113251,0.29983726143836975
3,61574949937616,en,0.2589758038520813,0.06399860233068466,0.04975152760744095,0.2995914816856384
3,61575100662412,en,0.24603141844272614,0.0650816410779953,0.04886911064386368,0.2994963526725769
3,61575090989206,fr,0.19072085618972778,0.08963217586278915,0.03018777072429657,0.29840248823165894
3,61575956484127,hi,0.22168290615081787,0.08565247058868408,0.03750520944595337,0.2996251583099365
3,61575671456434,it,0.2491709589958191,0.07173067331314087,0.05953899025917053,0.29969847202301025
3,61574940158280,it,0.2188379019498825,0.09020551294088364,0.049083344638347626,0.2996603846549988
3,61574861712206,pt,0.23048831522464752,0.07815160602331161,0.06213066726922989,0.29843929409980774
3,61575229631870,pt,0.24829840660095215,0.07765870541334152,0.04758983105421066,0.2998647391796112
3,61574980024843,hi,0.23753613233566284,0.07694347947835922,0.04879730939865112,0.2997126281261444
3,61573112383233,it,0.21572086215019226,0.08099266141653061,0.04520275443792343,0.2987386882305145
3,61574999867383,en,0.21768207848072052,0.07127323001623154,0.06040928512811661,0.2991185486316681
3,61575161305509,fr,0.19504596292972565,0.10606619715690613,0.033356502652168274,0.29898369312286377
3,61575805711531,it,0.26813772320747375,0.06447958946228027,0.04613626003265381,0.2998426556587219
3,61574930586709,pt,0.1885366141796112,0.09460914134979248,0.043407589197158813,0.29855605959892273
3,61575036691879,fr,0.15072187781333923,0.10328830033540726,0.03110414743423462,0.29970458149909973
3,61573876354741,it,0.19932237267494202,0.09999341517686844,0.03123694658279419,0.2991871237754822
3,61575152385454,fr,0.20237495005130768,0.09165768325328827,0.03437468409538269,0.2997491955757141
3,61575797240901,it,0.2103162407875061,0.10533736646175385,0.03269292414188385,0.2996664345264435
3,61574787854878,pt,0.21519020199775696,0.06190219894051552,0.062288619577884674,0.29895591735839844
3,61575123077172,hi,0.2382713109254837,0.07943534106016159,0.061973415315151215,0.29956817626953125
3,61575258724354,hi,0.23889398574829102,0.07743677496910095,0.06311152130365372,0.2986202836036682
3,61574884989863,fr,0.19618763029575348,0.10748770087957382,0.03333939611911774,0.29953181743621826
3,61575171524686,it,0.20176121592521667,0.10510443896055222,0.03865687549114227,0.2997314929962158
3,61575695695222,en,0.2575176954269409,0.06287473440170288,0.05032065510749817,0.29810774326324463
4,61574934126943,pt,0.1541954129934311,0.10080369561910629,0.030713334679603577,0.29683253169059753
4,61575131153481,en,0.2347688376903534,0.08313838392496109,0.04232131689786911,0.29962098598480225
4,61574801413926,fr,0.2275555431842804,0.08859023451805115,0.04035487025976181,0.2992589473724365
4,61575315757634,fr,0.1987372189760208,0.09084877371788025,0.05007316917181015,0.29951927065849304
4,61574863962100,it,0.21694476902484894,0.08454947173595428,0.04779037833213806,0.29963839054107666
4,61575201373332,fr,0.21881479024887085,0.0926656723022461,0.0445239394903183,0.2997581958770752
4,61575691416622,hi,0.2215060144662857,0.0836319848895073,0.047799110412597656,0.29970628023147583
4,61574905567721,en,0.21303167939186096,0.08281327039003372,0.0436723530292511,0.29945993423461914
4,61575169251717,en,0.18417055904865265,0.10546613484621048,0.032494232058525085,0.29945695400238037
4,61575111478220,pt,0.21126176416873932,0.08696909248828888,0.04597166180610657,0.2992407977581024
4,61575569215048,hi,0.21623392403125763,0.08443773537874222,0.05789295583963394,0.29946479201316833
4,61575003004721,fr,0.19515588879585266,0.0916973277926445,0.030984818935394287,0.2987608313560486
4,61575027123549,en,0.20716595649719238,0.09930354356765747,0.0306699275970459,0.29960256814956665
4,61574951645380,en,0.22650936245918274,0.08611447364091873,0.041218243539333344,0.29941096901893616
4,61574727556591,en,0.21467825770378113,0.07280490547418594,0.04846552759408951,0.2996472418308258
4,61575239345239,en,0.2290419340133667,0.09076996147632599,0.03447014093399048,0.299726277589798
4,61575622629793,it,0.20532074570655823,0.09728962928056717,0.030323252081871033,0.2997128367424011
4,61575174584515,fr,0.23765075206756592,0.08268166333436966,0.03301478922367096,0.29929786920547485
4,61575689432183,pt,0.21571694314479828,0.0904918983578682,0.03138163685798645,0.29976120591163635
4,61575053907477,en,0.18486566841602325,0.10654351860284805,0.030244752764701843,0.29954639077186584
4,61575568405010,en,0.2259787619113922,0.07562326639890671,0.04847394675016403,0.29881197214126587
4,61575007354364,en,0.21851888298988342,0.08979831635951996,0.03719228506088257,0.29943883419036865
4,61575205783063,hi,0.21977747976779938,0.07583466917276382,0.06205242872238159,0.29906725883483887
4,61574652767188,en,0.24277299642562866,0.06654292345046997,0.05107024312019348,0.2988106608390808
4,61574821569203,en,0.20557011663913727,0.09114013612270355,0.03126081824302673,0.2995016574859619
4,61575347826373,hi,0.20778724551200867,0.08947930485010147,0.03506557643413544,0.29967182874679565
4,61575116351597,hi,0.2453513741493225,0.07285046577453613,0.049404747784137726,0.29981452226638794
4,61574764605724,fr,0.22878925502300262,0.08499354869127274,0.04703553020954132,0.29930663108825684
4,61575210563029,fr,0.2502942383289337,0.07241709530353546,0.04705948382616043,0.29969459772109985
4,61574937547028,it,0.20682597160339355,0.08881638944149017,0.03217543661594391,0.29984724521636963
4,61575062566013,en,0.20632340013980865,0.10152643173933029,0.03149288892745972,0.2996557354927063
4,61575004409946,en,0.2167247235774994,0.09111623466014862,0.03147691488265991,0.29972583055496216
4,61575167439026,en,0.20201414823532104,0.10385287553071976,0.03510423004627228,0.2998304069042206
4,61575303902251,en,0.19071106612682343,0.10344498604536057,0.03171937167644501,0.29913368821144104
4,61574987700816,en,0.23215606808662415,0.087302066385746,0.04494170844554901,0.2997347414493561
4,61575062519607,en,0.23726749420166016,0.07114745676517487,0.06199087202548981,0.2980165481567383
4,61575236351657,fr,0.16716207563877106,0.10527120530605316,0.030261129140853882,0.2988021969795227
4,61575255040324,en,0.21440881490707397,0.08522450923919678,0.031024053692817688,0.29915764927864075
4,61575799107152,pt,0.20235158503055573,0.09900461882352829,0.031596839427948,0.2995743155479431
4,61575637913685,en,0.2259460836648941,0.09170721471309662,0.04244069755077362,0.29954493045806885
4,61575138556380,en,0.2274516373872757,0.06894361972808838,0.062387049198150635,0.29894447326660156
4,61575527222862,it,0.23680509626865387,0.0783282071352005,0.049020446836948395,0.29940730333328247
4,61573054454503,fr,0.24571523070335388,0.07708558440208435,0.04741424322128296,0.29974648356437683
4,61574839903015,it,0.23972463607788086,0.09299337863922119,0.030505001544952393,0.2998419404029846
4,61574788001360,en,0.19648794829845428,0.10209504514932632,0.03034856915473938,0.2990099787712097
4,61575207112351,en,0.23648183047771454,0.07360000908374786,0.04762569069862366,0.2994309067726135
4,61575152050067,hi,0.19264362752437592,0.09134095907211304,0.043632201850414276,0.29913902282714844
4,61573397313375,fr,0.20241907238960266,0.1020018681883812,0.03570553660392761,0.2996496558189392
4,61575817620916,fr,0.23674653470516205,0.08254091441631317,0.03330683708190918,0.2998059391975403
4,61575313410082,en,0.2182476669549942,0.08537309616804123,0.049036912620067596,0.2997558116912842
4,61575266811505,en,0.19199532270431519,0.08402112871408463,0.031738847494125366,0.2996091842651367
4,61574726476500,en,0.24092042446136475,0.07607436925172806,0.054792240262031555,0.2995162010192871
4,61575178964523,pt,0.20393551886081696,0.10884114354848862,0.03711169958114624,0.2993650734424591
4,61575940674829,hi,0.2295328676700592,0.08920065313577652,0.0438414067029953,0.29949119687080383
4,61574855621301,en,0.22731710970401764,0.07968277484178543,0.045896001160144806,0.29903870820999146
4,61575872908128,hi,0.22523163259029388,0.0911877304315567,0.03032970428466797,0.29951006174087524
4,61575227003442,it,0.2532799243927002,0.0703556165099144,0.04614481329917908,0.2997276186943054
4,61575614841893,hi,0.23815575242042542,0.07959026843309402,0.045641206204891205,0.2998209595680237
4,61575828570433,en,0.2069215178489685,0.07307475060224533,0.06342370808124542,0.2982461452484131
4,61574831382328,en,0.22217276692390442,0.0785965621471405,0.031063303351402283,0.2996366322040558
4,61575496125684,en,0.22762170433998108,0.0917782261967659,0.044049136340618134,0.2996620237827301
4,61575356045890,it,0.19915802776813507,0.09114138036966324,0.043995603919029236,0.29907453060150146
4,61575172646079,it,0.19906394183635712,0.09367042779922485,0.046174027025699615,0.2998539209365845
4,61575027298560,en,0.22305501997470856,0.08909489959478378,0.030181676149368286,0.29936909675598145
4,61574817464063,en,0.24549835920333862,0.08573839068412781,0.03418509662151337,0.29952192306518555
4,61574781734933,it,0.20132660865783691,0.08702731132507324,0.04616810381412506,0.2995613217353821
4,61572766786766,en,0.22367151081562042,0.0867324098944664,0.05177604407072067,0.2996663451194763
4,61575574524688,pt,0.2301018089056015,0.08864404261112213,0.04263836145401001,0.299893856048584
4,61575226491299,en,0.2147729992866516,0.09437628090381622,0.034875884652137756,0.2997516989707947
4,61573217543255,hi,0.22301222383975983,0.09045156091451645,0.03103017807006836,0.29956579208374023
4,61575838795093,pt,0.2101029008626938,0.09846843779087067,0.030856609344482422,0.29974398016929626
4,61575202633062,it,0.21644796431064606,0.09222950041294098,0.03165474534034729,0.29967740178108215
4,61575544152962,it,0.22944724559783936,0.07999152690172195,0.03885775804519653,0.2998701333999634
4,61575088062953,it,0.20039452612400055,0.1076585203409195,0.03071075677871704,0.29954028129577637
4,61575119561738,en,0.23250682651996613,0.09610739350318909,0.03936015069484711,0.2998359203338623
4,61574051276067,it,0.23757557570934296,0.07044228911399841,0.05930297076702118,0.29970937967300415
4,61575013502873,it,0.19755369424819946,0.0916992649435997,0.03262254595756531,0.2988831400871277
4,61575571571675,fr,0.24851524829864502,0.08283235877752304,0.04763493686914444,0.2997615933418274
4,61573913763035,it,0.17074237763881683,0.10482453554868698,0.031615182757377625,0.29955023527145386
4,61575557761520,it,0.25307390093803406,0.07216233760118484,0.04659421741962433,0.29966041445732117
4,61573544637558,fr,0.1940932273864746,0.08401433378458023,0.05327647924423218,0.29872778058052063
4,61573135240533,fr,0.21900004148483276,0.08319798111915588,0.04095490276813507,0.29884999990463257
4,61575098742695,hi,0.2250991314649582,0.08049683272838593,0.03080660104751587,0.29959726333618164
4,61575662108150,en,0.23240119218826294,0.10050439089536667,0.04252017289400101,0.29981672763824463
4,61575515733376,pt,0.23760519921779633,0.07588907331228256,0.055979304015636444,0.2994154393672943
4,61575661611123,hi,0.2097567915916443,0.08725336939096451,0.050847090780735016,0.29914385080337524
4,61575214162123,en,0.21451039612293243,0.0931006595492363,0.03177949786186218,0.2996981143951416
4,61573503322985,fr,0.20654474198818207,0.09613914787769318,0.03163523972034454,0.2996194362640381
4,61575198623528,hi,0.24601247906684875,0.07941347360610962,0.05511481314897537,0.29973214864730835
4,61574714597809,pt,0.21036702394485474,0.08869903534650803,0.032139092683792114,0.2998245358467102
4,61575689695617,hi,0.23023149371147156,0.07953330874443054,0.033176153898239136,0.29924893379211426
4,61575606443963,hi,0.12988251447677612,0.09707000851631165,0.030806630849838257,0.298193097114563
4,61575308401890,en,0.24029472470283508,0.08402314782142639,0.035133421421051025,0.29984283447265625
4,61575331140964,en,0.24558472633361816,0.08339466154575348,0.04519794136285782,0.2997647523880005
4,61572629921625,pt,0.2231612652540207,0.07673448324203491,0.05113110691308975,0.29931920766830444
4,61573600374605,en,0.20230704545974731,0.09943261742591858,0.03662404417991638,0.29933664202690125
4,61575324090992,en,0.2555099427700043,0.07589904218912125,0.055073752999305725,0.2998446822166443
4,61575112067630,hi,0.22951281070709229,0.08057829737663269,0.03050088882446289,0.29955679178237915
4,61575470764521,pt,0.27296411991119385,0.06269612163305283,0.048676446080207825,0.29984718561172485
4,61575257740412,hi,0.21661055088043213,0.08019839972257614,0.05381057411432266,0.29923975467681885
4,61575324216831,en,0.2408173382282257,0.06933671236038208,0.04901060461997986,0.29969361424446106
4,61575433245776,it,0.20138385891914368,0.09201570600271225,0.04389230161905289,0.29962849617004395
4,61574801715376,en,0.2140563428401947,0.09478165954351425,0.03845249116420746,0.2997696101665497
4,61575229721815,fr,0.23710711300373077,0.07742075622081757,0.046485431492328644,0.2996094226837158
4,61575024946334,hi,0.19545184075832367,0.09728830307722092,0.040781594812870026,0.2994777262210846
4,61575617909167,en,0.18471500277519226,0.09760433435440063,0.031074687838554382,0.29952967166900635
4,61574814822672,en,0.21910513937473297,0.08382789045572281,0.03823137283325195,0.2995641529560089
4,61575044985283,hi,0.21556530892848969,0.08852749317884445,0.03255796432495117,0.29866737127304077
4,61572607540933,fr,0.20359580218791962,0.09869357198476791,0.031887248158454895,0.29937514662742615
4,61575005252655,en,0.21156887710094452,0.08910686522722244,0.038172245025634766,0.29976552724838257
4,61573167969034,fr,0.19732555747032166,0.10727562010288239,0.03047783672809601,0.2992550730705261
4,61573516080607,it,0.16302815079689026,0.10218621045351028,0.03103645145893097,0.299247682094574
4,61575561427679,pt,0.22098331153392792,0.09155598282814026,0.04785728454589844,0.29955950379371643
4,61575612269544,fr,0.20214463770389557,0.09241068363189697,0.03084920346736908,0.2995936870574951
4,61575152979706,hi,0.2078244388103485,0.0929223820567131,0.03040611743927002,0.29945680499076843
4,61574925813885,en,0.23922015726566315,0.08204984664916992,0.04834788292646408,0.2996627390384674
4,61575647991754,hi,0.20245163142681122,0.10435377061367035,0.030383840203285217,0.2996531128883362
4,61575849294548,pt,0.25568047165870667,0.06534931063652039,0.048049069941043854,0.29979121685028076
4,61575732154813,en,0.22659757733345032,0.07950294762849808,0.04889813810586929,0.29972967505455017
4,61575207162938,hi,0.23291544616222382,0.08021005988121033,0.05460908263921738,0.29969823360443115
4,61573697084008,it,0.23444943130016327,0.08692850917577744,0.04746672511100769,0.29987382888793945
4,61574846917976,en,0.18516363203525543,0.09680420905351639,0.031749993562698364,0.29960596561431885
4,61574838672120,en,0.19908516108989716,0.10383646935224533,0.04005936533212662,0.2996704578399658
4,61575162879216,en,0.20341618359088898,0.09733134508132935,0.032580167055130005,0.29948005080223083
4,61575306427918,en,0.22849901020526886,0.06812898069620132,0.05784577876329422,0.2992265820503235
4,61575531152948,pt,0.2325873225927353,0.08599864691495895,0.03298838436603546,0.29986196756362915
4,61572731112276,fr,0.24248246848583221,0.07756170630455017,0.048694536089897156,0.29959845542907715
4,61573212846972,en,0.2210005521774292,0.08747126162052155,0.03555656969547272,0.2994736433029175
4,61573754471228,it,0.18311141431331635,0.09532975405454636,0.03604157269001007,0.29865777492523193
4,61574858352338,en,0.2196771800518036,0.10264994949102402,0.03023754060268402,0.29956960678100586
4,61575255680659,it,0.204551100730896,0.10387267172336578,0.03079502284526825,0.2996247410774231
4,61575126533596,en,0.21437017619609833,0.08685639500617981,0.031570449471473694,0.29920339584350586
4,61575180835678,en,0.25546959042549133,0.06531808525323868,0.049247726798057556,0.299832820892334
4,61575580080566,it,0.21309678256511688,0.09315349161624908,0.034992560744285583,0.2989652156829834
4,61575695455292,en,0.20249740779399872,0.08789230138063431,0.04720935970544815,0.29904061555862427
4,61574932177407,en,0.23553499579429626,0.08305080980062485,0.050904251635074615,0.2996716797351837
4,61575281169106,hi,0.17588327825069427,0.09681844711303711,0.03153181076049805,0.2993844151496887
4,61574785574733,it,0.2238084077835083,0.09291623532772064,0.04945921152830124,0.29957640171051025
4,61574691255198,en,0.21475745737552643,0.10012990981340408,0.03178466856479645,0.29976630210876465
4,61572728411956,fr,0.1962125301361084,0.10701251775026321,0.030655935406684875,0.2995469570159912
4,61575647284322,pt,0.2438417375087738,0.06844266504049301,0.04916040599346161,0.29964935779571533
4,61575262870032,pt,0.20037642121315002,0.1012599766254425,0.031279370188713074,0.2997511029243469
4,61575794757479,pt,0.18532529473304749,0.11327528208494186,0.030311182141304016,0.29979366064071655
4,61574919303983,en,0.19119654595851898,0.09886156022548676,0.03109697997570038,0.2997210621833801
4,61573543259106,it,0.18288283050060272,0.10102894902229309,0.03218929469585419,0.29966413974761963
4,61575191317891,pt,0.21343106031417847,0.0995628759264946,0.030209213495254517,0.29985979199409485
4,61574708867579,en,0.22199392318725586,0.08752235025167465,0.04583132266998291,0.29946792125701904
4,61575368459933,pt,0.2323884665966034,0.06857497990131378,0.06397096812725067,0.2987220287322998
4,61575688105742,fr,0.22502189874649048,0.08823609352111816,0.05012436956167221,0.2997855544090271
4,61575545102013,it,0.2015593945980072,0.09642402827739716,0.03059510886669159,0.2997227907180786
4,61572945636998,pt,0.2071702778339386,0.0902012437582016,0.032230257987976074,0.2995278835296631
4,61575533882644,pt,0.20395025610923767,0.0919739380478859,0.03465375304222107,0.2988048791885376
4,61573036322799,pt,0.24361655116081238,0.07790270447731018,0.05697941035032272,0.29940953850746155
4,61575809341597,en,0.21877709031105042,0.09076589345932007,0.04865650087594986,0.29930371046066284
4,61575276789549,en,0.2475752830505371,0.07566440850496292,0.04782229661941528,0.29966437816619873
4,61575830879821,fr,0.1708693951368332,0.0860978439450264,0.030519738793373108,0.2960929870605469
4,61575169251615,en,0.20565345883369446,0.09125597774982452,0.034003838896751404,0.2981055974960327
4,61575188275516,it,0.20686528086662292,0.09792216122150421,0.03703363239765167,0.29977869987487793
4,61575455591111,pt,0.17996197938919067,0.10378388315439224,0.0360737144947052,0.29908204078674316
4,61575040950775,en,0.19705075025558472,0.10187629610300064,0.04285392165184021,0.29960232973098755
4,61575734633308,en,0.21284860372543335,0.09419336169958115,0.030830904841423035,0.29960158467292786
4,61575131576367,en,0.21953514218330383,0.09250406175851822,0.03671139478683472,0.29964786767959595
4,61574939766846,pt,0.20197293162345886,0.09438467770814896,0.04965794086456299,0.29946041107177734
4,61575729844682,en,0.22310559451580048,0.08066610991954803,0.0337674617767334,0.29928600788116455
4,61574845121589,pt,0.23019248247146606,0.08953892439603806,0.04688452184200287,0.29950249195098877
4,61575154635451,it,0.24696645140647888,0.08448837697505951,0.04803014546632767,0.29960018396377563
4,61573639576797,it,0.2117685228586197,0.10323523730039597,0.03107626736164093,0.2984822988510132
4,61575046350558,en,0.21519164741039276,0.09497179836034775,0.032821446657180786,0.29978734254837036
4,61575225621439,en,0.18823203444480896,0.11113247275352478,0.030806854367256165,0.2990705668926239
4,61574914234585,en,0.16934850811958313,0.10797858983278275,0.030650392174720764,0.2991337180137634
4,61575259270245,hi,0.2146114557981491,0.08667878806591034,0.03590953350067139,0.29866206645965576
4,61575149005237,en,0.19443152844905853,0.09289596229791641,0.031133875250816345,0.29876238107681274
4,61572817333773,en,0.20256023108959198,0.09966154396533966,0.03109067678451538,0.29982757568359375
4,61575001534754,hi,0.18443401157855988,0.1000761017203331,0.03124798834323883,0.29912620782852173
4,61575236645717,hi,0.22199663519859314,0.09014639258384705,0.03635430335998535,0.29949480295181274
4,61573040625137,fr,0.19148150086402893,0.10391521453857422,0.03244811296463013,0.29962509870529175
4,61575227471920,pt,0.18404218554496765,0.10012741386890411,0.04570528119802475,0.2991878390312195
4,61575371015595,it,0.21800434589385986,0.09552067518234253,0.030459150671958923,0.2988777160644531
4,61575238131572,pt,0.1902248114347458,0.09963735938072205,0.03353339433670044,0.29953914880752563
4,61575031471293,en,0.24282988905906677,0.07742661237716675,0.05067320168018341,0.2998252809047699
4,61573693491518,it,0.258464515209198,0.06711649149656296,0.05034647136926651,0.29978126287460327
4,61575226372155,it,0.22400926053524017,0.0870150625705719,0.04742267727851868,0.29978564381599426
4,61575195653637,pt,0.18972188234329224,0.10059487074613571,0.03159406781196594,0.29959285259246826
4,61574786863896,en,0.23362812399864197,0.07864008843898773,0.04854113608598709,0.29931676387786865
4,61575716964202,hi,0.21037276089191437,0.09644056111574173,0.038908496499061584,0.29967939853668213
4,61575229057307,en,0.22803840041160583,0.08720545470714569,0.03560514748096466,0.29959648847579956
4,61574817494524,fr,0.2434394210577011,0.0868452861905098,0.033979907631874084,0.29980748891830444
4,61575049831217,pt,0.22576196491718292,0.09515701979398727,0.034096360206604004,0.2996821403503418
4,61575115584213,en,0.23893862962722778,0.08537690341472626,0.04920849949121475,0.29890793561935425
4,61575531062633,fr,0.2055646926164627,0.10030563175678253,0.041399359703063965,0.29890602827072144
4,61575270759607,pt,0.2054823338985443,0.0991353988647461,0.034846678376197815,0.2991228401660919
4,61575091169103,en,0.23529812693595886,0.08302103728055954,0.047964051365852356,0.2997443675994873
4,61575318607485,it,0.2384997308254242,0.07762093842029572,0.048535026609897614,0.2996411919593811
4,61575243677655,pt,0.21116212010383606,0.10336828231811523,0.034935131669044495,0.29975953698158264
4,61574730557113,en,0.1789567768573761,0.10559875518083572,0.031109914183616638,0.29901063442230225
4,61575148359774,en,0.20794163644313812,0.09219099581241608,0.03500860929489136,0.29939475655555725
4,61574992834078,fr,0.20088931918144226,0.1048678308725357,0.03684400022029877,0.29977360367774963
4,61575075716110,en,0.19017347693443298,0.09385489672422409,0.05055331438779831,0.2996072471141815
4,61574997930238,en,0.22036051750183105,0.09449775516986847,0.03143450617790222,0.29966121912002563
4,61574921619079,fr,0.21725249290466309,0.09378397464752197,0.030686303973197937,0.2990807294845581
4,61574943633252,en,0.24659864604473114,0.06403843313455582,0.061278149485588074,0.2997763156890869
4,61575434374955,fr,0.19482135772705078,0.1013641357421875,0.03369474411010742,0.29861316084861755
4,61575079453209,en,0.22802412509918213,0.09010050445795059,0.04645724594593048,0.29969725012779236
4,61575243441350,hi,0.1406300812959671,0.09837548434734344,0.031200066208839417,0.299042284488678
4,61574979845984,en,0.20506690442562103,0.10246384143829346,0.03151176869869232,0.29964107275009155
4,61575338256889,hi,0.2199905961751938,0.08590234816074371,0.04334039241075516,0.29835057258605957
4,61574715494235,en,0.248435378074646,0.07700037956237793,0.05008208006620407,0.2998517155647278
4,61573536988081,fr,0.2391357719898224,0.08760347962379456,0.030585885047912598,0.29923224449157715
4,61574815842320,en,0.22783735394477844,0.0738946795463562,0.060980044305324554,0.2994542419910431
4,61575631794140,fr,0.25339818000793457,0.0675026997923851,0.04823649674654007,0.29952800273895264
4,61575221512411,hi,0.24217934906482697,0.07046963274478912,0.056409627199172974,0.29912686347961426
4,61575087119240,pt,0.21998481452465057,0.09693672508001328,0.034068763256073,0.29982760548591614
4,61575310034038,pt,0.21536535024642944,0.09614715725183487,0.039968445897102356,0.29972225427627563
4,61575317113475,pt,0.2080996334552765,0.09108021855354309,0.03823480010032654,0.299615740776062
4,61575603778005,it,0.24699696898460388,0.07093892246484756,0.04815106838941574,0.2998691201210022
4,61575221286306,hi,0.2048724889755249,0.089811310172081,0.03738817572593689,0.29969173669815063
4,61575667346713,en,0.2525208592414856,0.07203435897827148,0.04698885977268219,0.29976844787597656
4,61575153195537,fr,0.23630079627037048,0.08299766480922699,0.04804403334856033,0.2997446060180664
4,61573680682759,en,0.22916673123836517,0.08275369554758072,0.030521497130393982,0.299751877784729
4,61574788035043,hi,0.20415492355823517,0.09504064917564392,0.047062382102012634,0.2978019118309021
4,61574978975929,en,0.19879809021949768,0.09868855029344559,0.03486110270023346,0.2993096113204956
4,61574901935438,en,0.23055978119373322,0.08200545608997345,0.050394803285598755,0.29966914653778076
4,61575119187638,it,0.21433746814727783,0.08357065171003342,0.05403997749090195,0.29871028661727905
4,61575200353453,it,0.18309922516345978,0.11063971370458603,0.03474688529968262,0.2991952896118164
4,61575017759285,en,0.21154239773750305,0.09698858112096786,0.03653326630592346,0.2996327877044678
4,61572897099580,en,0.2551870048046112,0.05992068722844124,0.05377117544412613,0.2996026277542114
4,61575213712850,fr,0.21579647064208984,0.09335753321647644,0.03727555274963379,0.29962414503097534
4,61576073780317,hi,0.20388884842395782,0.09485798329114914,0.030374839901924133,0.29945191740989685
4,61575211332811,en,0.2071349024772644,0.09590143710374832,0.03504250943660736,0.29981786012649536
4,61573018383344,fr,0.20864540338516235,0.09847067296504974,0.03757260739803314,0.2990971803665161
4,61575326856811,en,0.21820418536663055,0.08241245895624161,0.031491026282310486,0.2996670603752136
4,61574828802630,fr,0.18551670014858246,0.10628514736890793,0.031833991408348083,0.2985427975654602
4,61575905331775,pt,0.20077814161777496,0.11179807037115097,0.03025658428668976,0.2997446656227112
4,61574996597830,it,0.23405767977237701,0.08594604581594467,0.04546990245580673,0.2998456656932831
4,61573394763409,fr,0.22816744446754456,0.08466169238090515,0.05394968390464783,0.29955947399139404
4,61575582750038,it,0.19880695641040802,0.10875958949327469,0.032195091247558594,0.29954153299331665
4,61575561445414,en,0.24210192263126373,0.0654418021440506,0.059077054262161255,0.2991277873516083
4,61575288632779,en,0.2462150603532791,0.06938371807336807,0.056380726397037506,0.299708753824234
4,61575557971497,fr,0.17614522576332092,0.0991445928812027,0.03040337562561035,0.2989675998687744
4,61575557408009,pt,0.22409935295581818,0.09190908819437027,0.030570626258850098,0.29979026317596436
4,61574936016860,it,0.21246019005775452,0.10163327306509018,0.0320218950510025,0.2994445264339447
4,61574780144844,en,0.21300223469734192,0.08573653548955917,0.030529722571372986,0.29955339431762695
4,61574964602105,en,0.20006215572357178,0.09438847005367279,0.03061939775943756,0.29925239086151123
4,61575796651817,fr,0.21395988762378693,0.07548543065786362,0.06160630285739899,0.29867392778396606
4,61575263799927,pt,0.19968727231025696,0.09858782589435577,0.03960344195365906,0.29903075098991394
4,61575792327507,it,0.21746714413166046,0.09014435112476349,0.037509143352508545,0.2996343970298767
4,61572939997623,en,0.24242977797985077,0.08293936401605606,0.04522799700498581,0.29977720975875854
4,61575503980281,pt,0.20622846484184265,0.09324543178081512,0.03348107635974884,0.2998111844062805
4,61573535549602,it,0.22004957497119904,0.09085709601640701,0.04071717709302902,0.2997952699661255
4,61575380549834,hi,0.20959848165512085,0.10207507759332657,0.030704602599143982,0.29930928349494934
4,61574940786036,pt,0.24074861407279968,0.08508212119340897,0.046497903764247894,0.29953956604003906
4,61575036330853,en,0.25273847579956055,0.07171478867530823,0.0517701655626297,0.29958808422088623
4,61575179504190,en,0.22270649671554565,0.08511847257614136,0.03060196340084076,0.2992026209831238
4,61575184523495,en,0.20737315714359283,0.10099704563617706,0.030785277485847473,0.29966485500335693
4,61574984850248,en,0.19517435133457184,0.09150222688913345,0.033704474568367004,0.29968351125717163
4,61574896568851,en,0.2216886281967163,0.10016956180334091,0.031568169593811035,0.29971569776535034
4,61575328303165,pt,0.2315547615289688,0.09299121797084808,0.047810956835746765,0.29974862933158875
4,61573639284043,pt,0.16962452232837677,0.09806673973798752,0.03217647969722748,0.29881784319877625
4,61575025306519,hi,0.18974454700946808,0.08788826316595078,0.03140325844287872,0.2989366352558136
4,61573044255129,hi,0.23339416086673737,0.08112440258264542,0.04757290333509445,0.29981544613838196
4,61575854874351,pt,0.19192862510681152,0.11613257974386215,0.03024396300315857,0.29933440685272217
4,61575562855407,hi,0.17963965237140656,0.10013026744127274,0.03156496584415436,0.2992665767669678
4,61573160396182,fr,0.23200559616088867,0.07620807737112045,0.047637611627578735,0.29980215430259705
4,61575025023617,pt,0.22949819266796112,0.09228344261646271,0.030551761388778687,0.29975637793540955
4,61574913877788,pt,0.2081511914730072,0.10333598405122757,0.031213581562042236,0.2997552454471588
4,61575798830806,it,0.20934204757213593,0.08977576345205307,0.04503961652517319,0.29966434836387634
4,61574946005614,en,0.18960236012935638,0.10502099245786667,0.034925952553749084,0.29958376288414
4,61575095245405,en,0.2149103879928589,0.09358231723308563,0.03059418499469757,0.2990580201148987
4,61575005853006,it,0.21037334203720093,0.09338726848363876,0.0351434201002121,0.29970234632492065
4,61575311377502,en,0.18558990955352783,0.10368652641773224,0.03461138904094696,0.29930946230888367
4,61575649624207,pt,0.19223903119564056,0.10137132555246353,0.03451612591743469,0.29984086751937866
4,61575203023035,hi,0.1713760495185852,0.09217675775289536,0.0398993194103241,0.2988757789134979
4,61575079169748,pt,0.23934338986873627,0.07165705412626266,0.04734327644109726,0.2996634244918823
4,61575148797368,en,0.2145519256591797,0.09317169338464737,0.048700183629989624,0.29964685440063477
4,61573053375071,fr,0.2207058072090149,0.07964988052845001,0.05523264408111572,0.29935407638549805
4,61575000899895,en,0.15709438920021057,0.10554125159978867,0.03411184251308441,0.2974836230278015
4,61575098818802,pt,0.22498157620429993,0.08618412166833878,0.04705193638801575,0.29967522621154785
4,61575028711256,fr,0.2110152691602707,0.0845949575304985,0.06153444945812225,0.29965052008628845
4,61575147567358,fr,0.21205191314220428,0.09311471879482269,0.030740633606910706,0.2993043065071106
4,61575045675245,en,0.20060162246227264,0.0980135127902031,0.0458097904920578,0.29983675479888916
4,61575057779980,en,0.11293049901723862,0.09395674616098404,0.031357645988464355,0.2974570393562317
4,61575770523168,hi,0.23284916579723358,0.08603635430335999,0.04472273588180542,0.29970085620880127
4,61574724737317,it,0.20528165996074677,0.09866896271705627,0.03588780760765076,0.2987006604671478
4,61575674126417,hi,0.23387059569358826,0.08249762654304504,0.05338652431964874,0.299267053604126
4,61575207773071,it,0.21185804903507233,0.07239703834056854,0.06473846733570099,0.2988860607147217
4,61574911149534,it,0.24619626998901367,0.08596755564212799,0.04262494295835495,0.2998361587524414
4,61575719364055,hi,0.2124716341495514,0.0825306624174118,0.04754618555307388,0.29964298009872437
4,61575150555733,en,0.2610698342323303,0.06627744436264038,0.04833582788705826,0.2996479868888855
4,61573382480931,pt,0.22162838280200958,0.09264058619737625,0.03193521499633789,0.299256831407547
4,61575204173147,fr,0.2265508472919464,0.08235494792461395,0.060871921479701996,0.29937469959259033
4,61575618485389,pt,0.20578129589557648,0.0902390107512474,0.04524974524974823,0.2996779680252075
4,61574764996945,it,0.1918063461780548,0.07908008992671967,0.040619492530822754,0.2985815405845642
4,61575140890194,en,0.21131733059883118,0.08639799803495407,0.04282522201538086,0.2979625463485718
4,61574799343860,pt,0.20923638343811035,0.10252180695533752,0.03192496299743652,0.299221396446228
4,61575609593809,hi,0.17603957653045654,0.09228228777647018,0.030222803354263306,0.2989535629749298
4,61575088470429,it,0.26404640078544617,0.06144987791776657,0.054518043994903564,0.29983991384506226
4,61575274899327,en,0.21420632302761078,0.08931971341371536,0.044331081211566925,0.29966628551483154
4,61575600087094,hi,0.22449328005313873,0.08265259861946106,0.05757369101047516,0.2995830178260803
4,61575787832729,en,0.21567383408546448,0.08779650926589966,0.032921865582466125,0.29931187629699707
4,61575132716094,en,0.19477054476737976,0.08863775432109833,0.035208746790885925,0.29869863390922546
4,61574996550205,en,0.19649168848991394,0.10879557579755783,0.03323201835155487,0.2997550666332245
4,61575311491588,en,0.1875511109828949,0.10864453762769699,0.034064292907714844,0.29986003041267395
4,61575634528316,en,0.22659903764724731,0.08065727353096008,0.04859105497598648,0.29963746666908264
4,61575731093467,en,0.1861535608768463,0.09787111729383469,0.031202241778373718,0.29972124099731445
4,61575208972156,en,0.26360511779785156,0.06611636281013489,0.046668194234371185,0.299738347530365
4,61575728753782,en,0.24882270395755768,0.07041383534669876,0.046211130917072296,0.2996770143508911
4,61572985534941,pt,0.18528860807418823,0.10130646079778671,0.03162674605846405,0.2994895279407501
4,61574651897378,en,0.222142294049263,0.09249331057071686,0.03038504719734192,0.29952472448349
4,61573437931596,en,0.2257245033979416,0.0853358656167984,0.03735789656639099,0.2995067834854126
4,61575463714708,hi,0.14226225018501282,0.09105164557695389,0.03053930401802063,0.2960149347782135
4,61575106577835,it,0.21072012186050415,0.09160898625850677,0.04749281704425812,0.29959896206855774
4,61575582540110,pt,0.20533756911754608,0.09862816333770752,0.03190094232559204,0.29896828532218933
4,61575112227227,en,0.18029414117336273,0.08943013846874237,0.03132784366607666,0.2991415858268738
4,61575953244525,hi,0.24147136509418488,0.06590690463781357,0.05935069918632507,0.2995148301124573
4,61574966165566,pt,0.20225872099399567,0.1000366285443306,0.036273375153541565,0.29905030131340027
4,61575494398591,hi,0.2678529620170593,0.06520544737577438,0.045320384204387665,0.2997310161590576
4,61575327722596,fr,0.17280703783035278,0.10897225141525269,0.030678287148475647,0.2990990877151489
4,61573552948536,it,0.21019034087657928,0.08636119216680527,0.03559848666191101,0.298647940158844
4,61574967244321,en,0.23811869323253632,0.07508214563131332,0.05612152814865112,0.29943832755088806
4,61575264860231,en,0.2210039347410202,0.08465758711099625,0.03066202998161316,0.29961585998535156
4,61575355296120,hi,0.25953203439712524,0.06136151775717735,0.056186430156230927,0.29979366064071655
4,61575394229554,en,0.19876711070537567,0.10242867469787598,0.03209255635738373,0.29946380853652954
4,61575129190978,en,0.19520604610443115,0.09609925001859665,0.03207962214946747,0.2991533875465393
4,61575161685429,pt,0.1829085499048233,0.09015277028083801,0.03260323405265808,0.2990614175796509
4,61575056637344,en,0.2078339010477066,0.09131092578172684,0.035067006945610046,0.2997377812862396
4,61573167310365,it,0.26405930519104004,0.06448088586330414,0.047922588884830475,0.29921096563339233
4,61575552217980,pt,0.2419077306985855,0.08153998851776123,0.04601666331291199,0.29975423216819763
4,61575461561304,pt,0.22756096720695496,0.07945849746465683,0.04921608418226242,0.2991333603858948
4,61574835341215,fr,0.2290569245815277,0.07645166665315628,0.061582326889038086,0.29944854974746704
4,61573074840596,fr,0.22919709980487823,0.08503341674804688,0.03403516113758087,0.2997889518737793
4,61576059230191,it,0.21371684968471527,0.09452030062675476,0.038996607065200806,0.2997699975967407
4,61574931846511,it,0.21073313057422638,0.098442442715168,0.03245837986469269,0.29952096939086914
4,61574053119016,it,0.210959330201149,0.10252086073160172,0.03025822341442108,0.2994263172149658
4,61575680942688,pt,0.1990910768508911,0.09021024405956268,0.05190066993236542,0.2994599938392639
4,61575019756700,pt,0.21843869984149933,0.08770804852247238,0.04704626649618149,0.29962795972824097
4,61574772375215,fr,0.1984826773405075,0.09892357885837555,0.03552132844924927,0.2997908592224121
4,61575158695568,pt,0.20989464223384857,0.0948830395936966,0.036037370562553406,0.2998356521129608
4,61574949937616,en,0.2617698907852173,0.06437939405441284,0.048961885273456573,0.2993699610233307
4,61575100662412,en,0.23926644027233124,0.07430854439735413,0.049671418964862823,0.2995370626449585
4,61575090989206,fr,0.19425345957279205,0.09497325122356415,0.03019893169403076,0.29918766021728516
4,61575956484127,hi,0.2226097285747528,0.08560191839933395,0.03891076147556305,0.29962724447250366
4,61575671456434,it,0.24444645643234253,0.07946477830410004,0.05947262793779373,0.29977357387542725
4,61574940158280,it,0.20860597491264343,0.10376745462417603,0.039770543575286865,0.29969125986099243
4,61574861712206,pt,0.22953656315803528,0.0828191414475441,0.056226946413517,0.2990449070930481
4,61575229631870,pt,0.24705341458320618,0.07797195762395859,0.05412357300519943,0.2998661994934082
4,61574980024843,hi,0.24075062572956085,0.07434013485908508,0.04877176135778427,0.2996048629283905
4,61573112383233,it,0.21381844580173492,0.080223947763443,0.0499698668718338,0.2983570694923401
4,61574999867383,en,0.2239963710308075,0.07079731673002243,0.06073176860809326,0.29895898699760437
4,61575161305509,fr,0.19980114698410034,0.10613022744655609,0.03751860558986664,0.2991323471069336
4,61575805711531,it,0.2682075798511505,0.06494009494781494,0.04620586335659027,0.29983577132225037
4,61574930586709,pt,0.18354539573192596,0.09419359266757965,0.039589762687683105,0.29782217741012573
4,61575036691879,fr,0.16298598051071167,0.10419686138629913,0.03326667845249176,0.29971781373023987
4,61573876354741,it,0.20234933495521545,0.0990639328956604,0.03109590709209442,0.29924359917640686
4,61575152385454,fr,0.19457446038722992,0.09179529547691345,0.03714059293270111,0.29970335960388184
4,61575797240901,it,0.20857663452625275,0.10886348783969879,0.03330659866333008,0.29973581433296204
4,61574787854878,pt,0.21837753057479858,0.06290515512228012,0.06378663331270218,0.2986080050468445
4,61575123077172,hi,0.24242395162582397,0.0774608924984932,0.054760806262493134,0.2996877133846283
4,61575258724354,hi,0.23437342047691345,0.07661335915327072,0.06196970492601395,0.2988716959953308
4,61574884989863,fr,0.1993701457977295,0.10494251549243927,0.03922851383686066,0.2995196580886841
4,61575171524686,it,0.18765562772750854,0.10901331156492233,0.0380064994096756,0.29968705773353577
4,61575695695222,en,0.2582012414932251,0.06207410991191864,0.050588756799697876,0.29863297939300537
5,61574934126943,pt,0.1602572798728943,0.10000371187925339,0.030776262283325195,0.2976749539375305
5,61575131153481,en,0.22238005697727203,0.09061084687709808,0.0348019003868103,0.2994959354400635
5,61574801413926,fr,0.21878740191459656,0.08751656860113144,0.03206855058670044,0.299491286277771
5,61575315757634,fr,0.19923615455627441,0.08948595076799393,0.04523201286792755,0.2995481491088867
5,61574863962100,it,0.217959925532341,0.08266859501600266,0.04517141729593277,0.2996644973754883
5,61575201373332,fr,0.21564292907714844,0.09502357244491577,0.032889917492866516,0.2997819781303406
5,61575691416622,hi,0.22081536054611206,0.08459419757127762,0.04849616438150406,0.29971417784690857
5,61574905567721,en,0.2091255933046341,0.08642972260713577,0.03717173635959625,0.29918724298477173
5,61575169251717,en,0.1900143176317215,0.10329581797122955,0.033286601305007935,0.2994908094406128
5,61575111478220,pt,0.21831068396568298,0.08075851947069168,0.046746186912059784,0.299385130405426
5,61575569215048,hi,0.21277843415737152,0.08719248324632645,0.044134192168712616,0.29926031827926636
5,61575003004721,fr,0.19257687032222748,0.09140124917030334,0.031134560704231262,0.29852360486984253
5,61575027123549,en,0.20463740825653076,0.09727364033460617,0.03035914897918701,0.29954397678375244
5,61574951645380,en,0.22275517880916595,0.08750788867473602,0.04134759306907654,0.29932188987731934
5,61574727556591,en,0.20301251113414764,0.07637439668178558,0.05138116329908371,0.2996522784233093
5,61575239345239,en,0.22650060057640076,0.0925118625164032,0.03244796395301819,0.2997007966041565
5,61575622629793,it,0.20430299639701843,0.09619691222906113,0.030277788639068604,0.29982107877731323
5,61575174584515,fr,0.24100546538829803,0.08420760184526443,0.03328359127044678,0.2991957366466522
5,61575689432183,pt,0.222472682595253,0.08661169558763504,0.03138163685798645,0.2997993230819702
5,61575053907477,en,0.18306131660938263,0.10669774562120438,0.030260279774665833,0.29953616857528687
5,61575568405010,en,0.2214691936969757,0.07674845308065414,0.0489722415804863,0.298750638961792
5,61575007354364,en,0.22562171518802643,0.08826855570077896,0.048303455114364624,0.29955217242240906
5,61575205783063,hi,0.22269004583358765,0.07822860032320023,0.057532183825969696,0.2988487482070923
5,61574652767188,en,0.2501533031463623,0.0642249658703804,0.0533435121178627,0.29899275302886963
5,61574821569203,en,0.20101316273212433,0.09248474985361099,0.03067736327648163,0.2994513213634491
5,61575347826373,hi,0.21111375093460083,0.0872599333524704,0.04013798385858536,0.299752414226532
5,61575116351597,hi,0.24353405833244324,0.07541143894195557,0.05141603201627731,0.299819678068161
5,61574764605724,fr,0.23034173250198364,0.08214843273162842,0.04626914858818054,0.2989502549171448
5,61575210563029,fr,0.246604785323143,0.0746501162648201,0.04534820467233658,0.29968446493148804
5,61574937547028,it,0.20234836637973785,0.08861272037029266,0.03048458695411682,0.29983964562416077
5,61575062566013,en,0.1997442990541458,0.10511505603790283,0.0316694974899292,0.2996503710746765
5,61575004409946,en,0.21776574850082397,0.09000416845083237,0.03174535930156708,0.2997068762779236
5,61575167439026,en,0.2012547254562378,0.10292059183120728,0.034528329968452454,0.2998353838920593
5,61575303902251,en,0.200187087059021,0.10013782232999802,0.03541018068790436,0.29934385418891907
5,61574987700816,en,0.228995680809021,0.08865974098443985,0.044787369668483734,0.29971230030059814
5,61575062519607,en,0.2392585724592209,0.0693381205201149,0.05759134888648987,0.29878708720207214
5,61575236351657,fr,0.17200766503810883,0.10403309762477875,0.0301973819732666,0.29903271794319153
5,61575255040324,en,0.21232567727565765,0.08692912757396698,0.030801013112068176,0.2993069291114807
5,61575799107152,pt,0.19416040182113647,0.09916335344314575,0.03222900629043579,0.2994118928909302
5,61575637913685,en,0.22311687469482422,0.09148496389389038,0.035560041666030884,0.29938358068466187
5,61575138556380,en,0.22714748978614807,0.07388173043727875,0.056283362209796906,0.2989192605018616
5,61575527222862,it,0.24349312484264374,0.07289360463619232,0.05023626983165741,0.2994028925895691
5,61573054454503,fr,0.24344582855701447,0.07818295061588287,0.047610804438591,0.29974666237831116
5,61574839903015,it,0.23964805901050568,0.09361817687749863,0.030652612447738647,0.2998288869857788
5,61574788001360,en,0.1938750147819519,0.10255873203277588,0.030359819531440735,0.29929274320602417
5,61575207112351,en,0.2334577590227127,0.0770832747220993,0.04864778369665146,0.2993544340133667
5,61575152050067,hi,0.19861248135566711,0.09149841964244843,0.04512093961238861,0.2989967465400696
5,61573397313375,fr,0.20354638993740082,0.10002372413873672,0.03469569981098175,0.29956701397895813
5,61575817620916,fr,0.23288299143314362,0.08319040387868881,0.03262010216712952,0.29974889755249023
5,61575313410082,en,0.21806354820728302,0.08510333299636841,0.04639570415019989,0.2997731566429138
5,61575266811505,en,0.19413675367832184,0.0865168571472168,0.03605245053768158,0.29960471391677856
5,61574726476500,en,0.24543730914592743,0.07345668226480484,0.050234369933605194,0.29952120780944824
5,61575178964523,pt,0.1995353400707245,0.11165974289178848,0.0367317795753479,0.2991727590560913
5,61575940674829,hi,0.22492581605911255,0.08989772945642471,0.04286516457796097,0.29940110445022583
5,61574855621301,en,0.2304801046848297,0.0805472806096077,0.04588340222835541,0.2991834878921509
5,61575872908128,hi,0.22522222995758057,0.09231209009885788,0.030277341604232788,0.29967108368873596
5,61575227003442,it,0.2533228397369385,0.06909751892089844,0.04856792837381363,0.2997119426727295
5,61575614841893,hi,0.23289142549037933,0.0830070823431015,0.04567395895719528,0.2997857332229614
5,61575828570433,en,0.21393929421901703,0.0743338018655777,0.055537350475788116,0.29779213666915894
5,61574831382328,en,0.2226083129644394,0.07855042815208435,0.030728474259376526,0.299673855304718
5,61575496125684,en,0.22426101565361023,0.09348297119140625,0.041718192398548126,0.2996816635131836
5,61575356045890,it,0.19868957996368408,0.09240327775478363,0.04506009817123413,0.29909437894821167
5,61575172646079,it,0.19918720424175262,0.09372613579034805,0.045829810202121735,0.2998694181442261
5,61575027298560,en,0.21870552003383636,0.08778835833072662,0.03021177649497986,0.2992837727069855
5,61574817464063,en,0.24568000435829163,0.0858321413397789,0.03346669673919678,0.2995195984840393
5,61574781734933,it,0.20444664359092712,0.08581572771072388,0.05135975778102875,0.2996583580970764
5,61572766786766,en,0.23037636280059814,0.08409129083156586,0.048251017928123474,0.29968732595443726
5,61575574524688,pt,0.22949986159801483,0.09058421850204468,0.042755126953125,0.2998886704444885
5,61575226491299,en,0.2184482365846634,0.09591126441955566,0.035073429346084595,0.2997443675994873
5,61573217543255,hi,0.21724380552768707,0.08906225115060806,0.031168445944786072,0.29952335357666016
5,61575838795093,pt,0.20941855013370514,0.10004676133394241,0.030841290950775146,0.29973089694976807
5,61575202633062,it,0.21130727231502533,0.0989726260304451,0.03131331503391266,0.29975393414497375
5,61575544152962,it,0.22108054161071777,0.08676924556493759,0.032580941915512085,0.29986605048179626
5,61575088062953,it,0.2045222967863083,0.10747987031936646,0.03183923661708832,0.2995261549949646
5,61575119561738,en,0.2297157645225525,0.09350400418043137,0.043483003973960876,0.2998191714286804
5,61574051276067,it,0.23857741057872772,0.0740969181060791,0.059389710426330566,0.2997421324253082
5,61575013502873,it,0.19186146557331085,0.096112921833992,0.0336185097694397,0.29892605543136597
5,61575571571675,fr,0.2483389675617218,0.0839553028345108,0.04736674576997757,0.29969894886016846
5,61573913763035,it,0.17202509939670563,0.10624577850103378,0.032002776861190796,0.29955029487609863
5,61575557761520,it,0.24988125264644623,0.07186334580183029,0.04662090539932251,0.29962193965911865
5,61573544637558,fr,0.19668912887573242,0.08405794948339462,0.04451444000005722,0.2990357279777527
5,61573135240533,fr,0.2213316708803177,0.077948659658432,0.06523240357637405,0.2990816533565521
5,61575098742695,hi,0.22790193557739258,0.08335226029157639,0.030792102217674255,0.2995855212211609
5,61575662108150,en,0.23317262530326843,0.10264605283737183,0.03556787967681885,0.29976922273635864
5,61575515733376,pt,0.23756922781467438,0.07809655368328094,0.05303770303726196,0.2993602752685547
5,61575661611123,hi,0.2166295200586319,0.08874346315860748,0.053213633596897125,0.2986907958984375
5,61575214162123,en,0.196903795003891,0.10287340730428696,0.030480802059173584,0.29962795972824097
5,61573503322985,fr,0.21268899738788605,0.09570834040641785,0.03356032073497772,0.2996836006641388
5,61575198623528,hi,0.2461763620376587,0.08062664419412613,0.04993106424808502,0.2997472286224365
5,61574714597809,pt,0.21902337670326233,0.08849973231554031,0.038962289690971375,0.2998226284980774
5,61575689695617,hi,0.22686931490898132,0.0818183496594429,0.03529071807861328,0.29946810007095337
5,61575606443963,hi,0.12805147469043732,0.09711866825819016,0.0309341698884964,0.2985835671424866
5,61575308401890,en,0.23565925657749176,0.0821632370352745,0.042116209864616394,0.29983288049697876
5,61575331140964,en,0.2435917854309082,0.08731935918331146,0.039004430174827576,0.2997362017631531
5,61572629921625,pt,0.2170345038175583,0.08317817002534866,0.055666662752628326,0.29929599165916443
5,61573600374605,en,0.20367296040058136,0.09709221869707108,0.038908764719963074,0.29950660467147827
5,61575324090992,en,0.25358983874320984,0.07839986681938171,0.0478438064455986,0.29982617497444153
5,61575112067630,hi,0.23227843642234802,0.08059253543615341,0.030432626605033875,0.2995653748512268
5,61575470764521,pt,0.27294984459877014,0.06262196600437164,0.04945428669452667,0.29984647035598755
5,61575257740412,hi,0.21997250616550446,0.07489041984081268,0.05857106298208237,0.29905760288238525
5,61575324216831,en,0.23390981554985046,0.07389476895332336,0.05495747923851013,0.29971247911453247
5,61575433245776,it,0.20156961679458618,0.09164590388536453,0.0446612611413002,0.2995765805244446
5,61574801715376,en,0.21336592733860016,0.09445112198591232,0.04011157900094986,0.2997760772705078
5,61575229721815,fr,0.23415765166282654,0.07641176879405975,0.04856465011835098,0.29962244629859924
5,61575024946334,hi,0.20246286690235138,0.09143359959125519,0.035788729786872864,0.29962414503097534
5,61575617909167,en,0.1801333725452423,0.09795213490724564,0.031133130192756653,0.29964834451675415
5,61574814822672,en,0.22034195065498352,0.08333826065063477,0.04172784835100174,0.2997032403945923
5,61575044985283,hi,0.21613578498363495,0.08864808827638626,0.03345714509487152,0.29906660318374634
5,61572607540933,fr,0.2107117772102356,0.0985976830124855,0.03169932961463928,0.2995959520339966
5,61575005252655,en,0.22020862996578217,0.08742936700582504,0.04424674063920975,0.29977601766586304
5,61573167969034,fr,0.19883856177330017,0.10746626555919647,0.030490249395370483,0.29918235540390015
5,61573516080607,it,0.15510781109333038,0.10246457904577255,0.03182820975780487,0.2993999123573303
5,61575561427679,pt,0.21748197078704834,0.09579239040613174,0.04894987493753433,0.2996103763580322
5,61575612269544,fr,0.20568311214447021,0.09239204972982407,0.031275466084480286,0.2996140122413635
5,61575152979706,hi,0.21651431918144226,0.09285631775856018,0.030441761016845703,0.299705445766449
5,61574925813885,en,0.2421524077653885,0.07949544489383698,0.04641660302877426,0.29966604709625244
5,61575647991754,hi,0.20333297550678253,0.10322783142328262,0.030363768339157104,0.29961368441581726
5,61575849294548,pt,0.2579338550567627,0.06570479273796082,0.04745335131883621,0.2997957766056061
5,61575732154813,en,0.2231779545545578,0.07877656072378159,0.049467287957668304,0.2997458279132843
5,61575207162938,hi,0.23636466264724731,0.08016010373830795,0.0525505393743515,0.2997158467769623
5,61573697084008,it,0.22704273462295532,0.0910135880112648,0.04503544420003891,0.2998751401901245
5,61574846917976,en,0.19125981628894806,0.09671884030103683,0.033513233065605164,0.2996032238006592
5,61574838672120,en,0.1988036185503006,0.10126666724681854,0.046887755393981934,0.2996724843978882
5,61575162879216,en,0.20705443620681763,0.09684128314256668,0.030787840485572815,0.2994464933872223
5,61575306427918,en,0.21244356036186218,0.07560869306325912,0.06224098801612854,0.2986355423927307
5,61575531152948,pt,0.22884471714496613,0.09181390702724457,0.032424598932266235,0.29986634850502014
5,61572731112276,fr,0.2418864667415619,0.07148391008377075,0.05577470362186432,0.2994868755340576
5,61573212846972,en,0.21765463054180145,0.09052201360464096,0.03221866488456726,0.29940664768218994
5,61573754471228,it,0.18573369085788727,0.09639725089073181,0.034507423639297485,0.29836520552635193
5,61574858352338,en,0.22303274273872375,0.1015692874789238,0.030471667647361755,0.2995922863483429
5,61575255680659,it,0.204945370554924,0.10201746970415115,0.03228840231895447,0.2995373010635376
5,61575126533596,en,0.2048082798719406,0.08468711376190186,0.030622035264968872,0.29923945665359497
5,61575180835678,en,0.25376006960868835,0.06691645830869675,0.0493498370051384,0.2998217046260834
5,61575580080566,it,0.21660001575946808,0.09551867097616196,0.03322356939315796,0.299124151468277
5,61575695455292,en,0.20860189199447632,0.0826418474316597,0.04817267507314682,0.2991577982902527
5,61574932177407,en,0.22880706191062927,0.08247601240873337,0.04807042330503464,0.2994089126586914
5,61575281169106,hi,0.17747564613819122,0.09726125746965408,0.03140617907047272,0.29931068420410156
5,61574785574733,it,0.22138933837413788,0.09394895285367966,0.0421152263879776,0.29960834980010986
5,61574691255198,en,0.21821297705173492,0.09876085072755814,0.03233960270881653,0.299752801656723
5,61572728411956,fr,0.201643705368042,0.10779843479394913,0.03091926872730255,0.29972290992736816
5,61575647284322,pt,0.24492467939853668,0.0690159723162651,0.04863379895687103,0.29961079359054565
5,61575262870032,pt,0.21927836537361145,0.09255040436983109,0.03274613618850708,0.29976436495780945
5,61575794757479,pt,0.18461887538433075,0.1117250919342041,0.0303603857755661,0.2997370958328247
5,61574919303983,en,0.18768206238746643,0.09725696593523026,0.03179265558719635,0.2996472716331482
5,61573543259106,it,0.18719670176506042,0.1017509400844574,0.032382816076278687,0.29970064759254456
5,61575191317891,pt,0.2173432558774948,0.09592417627573013,0.030278280377388,0.2998427450656891
5,61574708867579,en,0.21873179078102112,0.08718637377023697,0.04422494024038315,0.2995358109474182
5,61575368459933,pt,0.22693607211112976,0.0723317489027977,0.06006099283695221,0.29900214076042175
5,61575688105742,fr,0.22148536145687103,0.08831869065761566,0.050897739827632904,0.29976680874824524
5,61575545102013,it,0.1972082108259201,0.09790383279323578,0.030438005924224854,0.29978132247924805
5,61572945636998,pt,0.19191189110279083,0.09926015883684158,0.032031893730163574,0.29944097995758057
5,61575533882644,pt,0.20733240246772766,0.09233348071575165,0.03495614230632782,0.29928213357925415
5,61573036322799,pt,0.2390008419752121,0.07678142935037613,0.054707325994968414,0.2994406223297119
5,61575809341597,en,0.21818754076957703,0.09045793861150742,0.04110172390937805,0.2992972135543823
5,61575276789549,en,0.24699369072914124,0.07562979310750961,0.047777846455574036,0.2996816337108612
5,61575830879821,fr,0.17613083124160767,0.08407317101955414,0.030729547142982483,0.296182781457901
5,61575169251615,en,0.20616519451141357,0.08851273357868195,0.046189188957214355,0.29829734563827515
5,61575188275516,it,0.1979239284992218,0.09704475849866867,0.03955048322677612,0.29976728558540344
5,61575455591111,pt,0.17991025745868683,0.10316645354032516,0.03887924551963806,0.29890957474708557
5,61575040950775,en,0.20590129494667053,0.09887582808732986,0.045361198484897614,0.2996538281440735
5,61575734633308,en,0.2169375717639923,0.09203345328569412,0.031192690134048462,0.29960158467292786
5,61575131576367,en,0.22232797741889954,0.09088240563869476,0.037505656480789185,0.29965218901634216
5,61574939766846,pt,0.2079770267009735,0.09248997271060944,0.04914112389087677,0.2994372248649597
5,61575729844682,en,0.22684785723686218,0.07984193414449692,0.03529207408428192,0.29942914843559265
5,61574845121589,pt,0.23260723054409027,0.08767300844192505,0.05116961896419525,0.29943084716796875
5,61575154635451,it,0.24946719408035278,0.08061981201171875,0.049664683640003204,0.2996492087841034
5,61573639576797,it,0.20836739242076874,0.10134893655776978,0.031201839447021484,0.29872336983680725
5,61575046350558,en,0.21625617146492004,0.0962122306227684,0.034096747636795044,0.2997177839279175
5,61575225621439,en,0.18814381957054138,0.11076730489730835,0.030626997351646423,0.29923149943351746
5,61574914234585,en,0.17291322350502014,0.1073087677359581,0.030432164669036865,0.29916346073150635
5,61575259270245,hi,0.2155827134847641,0.09134816378355026,0.03809539973735809,0.29929810762405396
5,61575149005237,en,0.19110728800296783,0.0938471332192421,0.03088812530040741,0.2991281747817993
5,61572817333773,en,0.2050151824951172,0.09790201485157013,0.03144314885139465,0.29983991384506226
5,61575001534754,hi,0.18387474119663239,0.10159309208393097,0.03118833899497986,0.29895126819610596
5,61575236645717,hi,0.21367162466049194,0.09107951819896698,0.031194984912872314,0.299019455909729
5,61573040625137,fr,0.1935013085603714,0.10200374573469162,0.03851430118083954,0.29969751834869385
5,61575227471920,pt,0.19578906893730164,0.10095439851284027,0.042611509561538696,0.2992352247238159
5,61575371015595,it,0.2180365025997162,0.09521156549453735,0.030459150671958923,0.2989778518676758
5,61575238131572,pt,0.18285775184631348,0.10337404906749725,0.03164447844028473,0.2996279001235962
5,61575031471293,en,0.23932954668998718,0.08754149079322815,0.05008349567651749,0.29982084035873413
5,61573693491518,it,0.25126370787620544,0.07300334423780441,0.05026279389858246,0.29977914690971375
5,61575226372155,it,0.2365821748971939,0.07477615028619766,0.04611861705780029,0.29977574944496155
5,61575195653637,pt,0.18770328164100647,0.09955371916294098,0.031277090311050415,0.29930028319358826
5,61574786863896,en,0.23815956711769104,0.07528907060623169,0.04812580347061157,0.29909002780914307
5,61575716964202,hi,0.20841698348522186,0.09846100956201553,0.031614094972610474,0.2996331453323364
5,61575229057307,en,0.24280108511447906,0.08254127949476242,0.04861827194690704,0.2995842695236206
5,61574817494524,fr,0.23966410756111145,0.08663047850131989,0.03313899040222168,0.2997853755950928
5,61575049831217,pt,0.22705449163913727,0.0969863310456276,0.03435242176055908,0.29973649978637695
5,61575115584213,en,0.24590446054935455,0.07596265524625778,0.050520673394203186,0.29877978563308716
5,61575531062633,fr,0.19465935230255127,0.10246900469064713,0.03280128538608551,0.29871073365211487
5,61575270759607,pt,0.20309509336948395,0.10101446509361267,0.032936692237854004,0.2993505299091339
5,61575091169103,en,0.23530668020248413,0.08512894064188004,0.04724863916635513,0.2997358441352844
5,61575318607485,it,0.22879469394683838,0.08293627947568893,0.05298061668872833,0.2995617985725403
5,61575243677655,pt,0.20790880918502808,0.1035836860537529,0.0322156697511673,0.2997130751609802
5,61574730557113,en,0.17521624267101288,0.10826924443244934,0.031165793538093567,0.29861199855804443
5,61575148359774,en,0.21451812982559204,0.08867162466049194,0.042573846876621246,0.2995147705078125
5,61574992834078,fr,0.20180964469909668,0.10203035175800323,0.039423972368240356,0.29976847767829895
5,61575075716110,en,0.1785973161458969,0.09726327657699585,0.04030764847993851,0.299601286649704
5,61574997930238,en,0.2258177399635315,0.09220752865076065,0.031036272644996643,0.29970216751098633
5,61574921619079,fr,0.22470983862876892,0.09559530019760132,0.03483325242996216,0.29939961433410645
5,61574943633252,en,0.2578253746032715,0.06017913669347763,0.06043679267168045,0.2997724413871765
5,61575434374955,fr,0.19088399410247803,0.10366111248731613,0.033296748995780945,0.29829561710357666
5,61575079453209,en,0.22157475352287292,0.0976875051856041,0.038139596581459045,0.2997540533542633
5,61575243441350,hi,0.14090676605701447,0.09964070469141006,0.03346152603626251,0.2988646626472473
5,61574979845984,en,0.20107287168502808,0.10018229484558105,0.03135792911052704,0.29963749647140503
5,61575338256889,hi,0.2261989414691925,0.08678679913282394,0.05008748918771744,0.2988482117652893
5,61574715494235,en,0.25311291217803955,0.07329805195331573,0.047784946858882904,0.2998393177986145
5,61573536988081,fr,0.2412945181131363,0.08983227610588074,0.03072473406791687,0.2993203401565552
5,61574815842320,en,0.23372876644134521,0.0685269758105278,0.05771957337856293,0.2994717061519623
5,61575631794140,fr,0.2555839419364929,0.06429722160100937,0.05287030339241028,0.29961204528808594
5,61575221512411,hi,0.240249902009964,0.06697997450828552,0.05899804085493088,0.2990369498729706
5,61575087119240,pt,0.21955661475658417,0.09655299782752991,0.04757893085479736,0.29978737235069275
5,61575310034038,pt,0.2091260701417923,0.09656614810228348,0.03236056864261627,0.29961395263671875
5,61575317113475,pt,0.21731476485729218,0.09449183195829391,0.041040487587451935,0.29955777525901794
5,61575603778005,it,0.2470380663871765,0.0670790746808052,0.05189327150583267,0.299863338470459
5,61575221286306,hi,0.20942218601703644,0.08718050271272659,0.038866713643074036,0.2996647357940674
5,61575667346713,en,0.253612220287323,0.07195895165205002,0.04593897610902786,0.29977095127105713
5,61575153195537,fr,0.22281542420387268,0.09281110763549805,0.03903466463088989,0.2998003363609314
5,61573680682759,en,0.21376726031303406,0.08507011085748672,0.030189767479896545,0.29971060156822205
5,61574788035043,hi,0.19871793687343597,0.09537198394536972,0.05187114328145981,0.2979968786239624
5,61574978975929,en,0.19084979593753815,0.09688889235258102,0.033284321427345276,0.29938167333602905
5,61574901935438,en,0.23165249824523926,0.08331669867038727,0.047899939119815826,0.29963040351867676
5,61575119187638,it,0.20297835767269135,0.08519510179758072,0.03747871518135071,0.2984147071838379
5,61575200353453,it,0.18175894021987915,0.10895335674285889,0.03386776149272919,0.2992803156375885
5,61575017759285,en,0.2109227031469345,0.09707500785589218,0.03181466460227966,0.2995701730251312
5,61572897099580,en,0.2569899260997772,0.06412576884031296,0.04982072860002518,0.29962587356567383
5,61575213712850,fr,0.22450563311576843,0.08882451057434082,0.04766477644443512,0.29960429668426514
5,61576073780317,hi,0.2043970376253128,0.09324754774570465,0.030534669756889343,0.2994610071182251
5,61575211332811,en,0.20737779140472412,0.09737507253885269,0.03266744315624237,0.2998362183570862
5,61573018383344,fr,0.20858344435691833,0.09807141125202179,0.03882215917110443,0.29893332719802856
5,61575326856811,en,0.21842944622039795,0.08429213613271713,0.03352558612823486,0.29963845014572144
5,61574828802630,fr,0.18842275440692902,0.10604128986597061,0.03183439373970032,0.2989007830619812
5,61575905331775,pt,0.19808244705200195,0.11085119843482971,0.030513614416122437,0.29977697134017944
5,61574996597830,it,0.239157572388649,0.08047648519277573,0.044791676104068756,0.2998456358909607
5,61573394763409,fr,0.2282925695180893,0.08539489656686783,0.055125124752521515,0.29944950342178345
5,61575582750038,it,0.19926291704177856,0.10767719894647598,0.036819443106651306,0.29960763454437256
5,61575561445414,en,0.2464461624622345,0.06586819887161255,0.05228380113840103,0.2991883158683777
5,61575288632779,en,0.2487189620733261,0.07065638899803162,0.051169514656066895,0.2997288703918457
5,61575557971497,fr,0.18518705666065216,0.09856119006872177,0.03038109838962555,0.29926609992980957
5,61575557408009,pt,0.2254916876554489,0.09206906706094742,0.030892491340637207,0.29980313777923584
5,61574936016860,it,0.20968982577323914,0.10028731822967529,0.0325273722410202,0.29910802841186523
5,61574780144844,en,0.21925494074821472,0.09003310650587082,0.03029392659664154,0.29952430725097656
5,61574964602105,en,0.2000761479139328,0.09684048593044281,0.030865058302879333,0.2992662191390991
5,61575796651817,fr,0.21968093514442444,0.07069458812475204,0.06160630285739899,0.2978501319885254
5,61575263799927,pt,0.19737842679023743,0.09842091053724289,0.03709818422794342,0.299000084400177
5,61575792327507,it,0.2209666669368744,0.08731374144554138,0.04794677346944809,0.29958826303482056
5,61572939997623,en,0.2365218698978424,0.08676540106534958,0.04530363529920578,0.29973965883255005
5,61575503980281,pt,0.2101193219423294,0.0923883244395256,0.03963017463684082,0.29981037974357605
5,61573535549602,it,0.21921499073505402,0.09005005657672882,0.04591473191976547,0.2998155951499939
5,61575380549834,hi,0.206180602312088,0.10303191840648651,0.030630439519882202,0.29927128553390503
5,61574940786036,pt,0.24305136501789093,0.07906050980091095,0.05077353119850159,0.29946136474609375
5,61575036330853,en,0.2473156601190567,0.07711437344551086,0.04373886436223984,0.2994174659252167
5,61575179504190,en,0.2210775762796402,0.08541806787252426,0.030450254678726196,0.2990610897541046
5,61575184523495,en,0.212228462100029,0.09882565587759018,0.030785277485847473,0.29972535371780396
5,61574984850248,en,0.1972518414258957,0.09056006371974945,0.03463619947433472,0.2996784448623657
5,61574896568851,en,0.2215113490819931,0.09714794158935547,0.03056226670742035,0.299690306186676
5,61575328303165,pt,0.2267463356256485,0.09488899260759354,0.04097345471382141,0.2996976971626282
5,61573639284043,pt,0.17322218418121338,0.09874855726957321,0.03207346796989441,0.29839980602264404
5,61575025306519,hi,0.2013896256685257,0.09166199713945389,0.032246559858322144,0.2989017963409424
5,61573044255129,hi,0.23215411603450775,0.08175346255302429,0.05032626539468765,0.2998098134994507
5,61575854874351,pt,0.19252896308898926,0.1135990098118782,0.03028564155101776,0.29921627044677734
5,61575562855407,hi,0.17999866604804993,0.10120733082294464,0.030713334679603577,0.29917892813682556
5,61573160396182,fr,0.2308698445558548,0.07330738008022308,0.05183083564043045,0.29980283975601196
5,61575025023617,pt,0.22973303496837616,0.09239407628774643,0.03112199902534485,0.2997414469718933
5,61574913877788,pt,0.2111450433731079,0.09915094822645187,0.03223547339439392,0.2998063564300537
5,61575798830806,it,0.21423321962356567,0.0872785896062851,0.03790794312953949,0.29967010021209717
5,61574946005614,en,0.18726545572280884,0.10373221337795258,0.03385026752948761,0.29956814646720886
5,61575095245405,en,0.21486137807369232,0.0902990847826004,0.03048628568649292,0.2993850111961365
5,61575005853006,it,0.21005383133888245,0.09669777005910873,0.031242147088050842,0.29969942569732666
5,61575311377502,en,0.1865549087524414,0.10184042900800705,0.03203195333480835,0.2993841767311096
5,61575649624207,pt,0.18927571177482605,0.10439027845859528,0.03435969352722168,0.29984116554260254
5,61575203023035,hi,0.17343337833881378,0.09493101388216019,0.03696128726005554,0.29889240860939026
5,61575079169748,pt,0.2336476445198059,0.07589301466941833,0.04740895330905914,0.299702912569046
5,61575148797368,en,0.2093239277601242,0.09425632655620575,0.04841996729373932,0.29962581396102905
5,61573053375071,fr,0.21786265075206757,0.08598895370960236,0.056937552988529205,0.29934456944465637
5,61575000899895,en,0.15865114331245422,0.105464406311512,0.032708361744880676,0.2978336215019226
5,61575098818802,pt,0.21835321187973022,0.08704143017530441,0.05002238601446152,0.29964762926101685
5,61575028711256,fr,0.21274754405021667,0.0827561616897583,0.0574551597237587,0.2995719313621521
5,61575147567358,fr,0.21418610215187073,0.09443328529596329,0.030873417854309082,0.2992824912071228
5,61575045675245,en,0.20306822657585144,0.09652335941791534,0.04741021245718002,0.2998465895652771
5,61575057779980,en,0.11435693502426147,0.09267991781234741,0.031348273158073425,0.2975775897502899
5,61575770523168,hi,0.23594143986701965,0.08604450523853302,0.03261975944042206,0.2997373044490814
5,61574724737317,it,0.20619237422943115,0.09517022222280502,0.041913628578186035,0.2987987995147705
5,61575674126417,hi,0.2254328429698944,0.08330675959587097,0.058851055800914764,0.2993238866329193
5,61575207773071,it,0.21281586587429047,0.08051834255456924,0.05080132186412811,0.29877781867980957
5,61574911149534,it,0.24629557132720947,0.08620297908782959,0.04137542098760605,0.29983097314834595
5,61575719364055,hi,0.21486610174179077,0.07998622208833694,0.06121958792209625,0.2996216118335724
5,61575150555733,en,0.26147112250328064,0.06644006818532944,0.04851856082677841,0.29963040351867676
5,61573382480931,pt,0.22083498537540436,0.0922655239701271,0.03207169473171234,0.2990078926086426
5,61575204173147,fr,0.22521933913230896,0.08445776253938675,0.06046091020107269,0.29944300651550293
5,61575618485389,pt,0.19503025710582733,0.09705367684364319,0.04828464239835739,0.2996445596218109
5,61574764996945,it,0.19885964691638947,0.07889506965875626,0.05183374881744385,0.2980368733406067
5,61575140890194,en,0.21043387055397034,0.08809077739715576,0.04046908766031265,0.29784151911735535
5,61574799343860,pt,0.20960421860218048,0.10371454805135727,0.03094448149204254,0.2992764115333557
5,61575609593809,hi,0.1767835021018982,0.09585265070199966,0.03032580018043518,0.29895591735839844
5,61575088470429,it,0.26010122895240784,0.06514415144920349,0.05124926567077637,0.2998432219028473
5,61575274899327,en,0.2088504433631897,0.0920456126332283,0.03616639971733093,0.2996339201927185
5,61575600087094,hi,0.21252217888832092,0.08858463168144226,0.05641688406467438,0.29953816533088684
5,61575787832729,en,0.2224302887916565,0.0895460769534111,0.03893193602561951,0.2994648814201355
5,61575132716094,en,0.18758270144462585,0.09155299514532089,0.03142930567264557,0.29808568954467773
5,61574996550205,en,0.20113423466682434,0.10569150000810623,0.04776381701231003,0.29976391792297363
5,61575311491588,en,0.1854783296585083,0.1097625121474266,0.034071072936058044,0.2998669743537903
5,61575634528316,en,0.225341334939003,0.084064781665802,0.049069732427597046,0.29960888624191284
5,61575731093467,en,0.19449494779109955,0.09609146416187286,0.034811899065971375,0.2997639775276184
5,61575208972156,en,0.2657260596752167,0.06510849297046661,0.04687502235174179,0.29974794387817383
5,61575728753782,en,0.24312008917331696,0.08123888820409775,0.04710812121629715,0.2996937036514282
5,61572985534941,pt,0.18215297162532806,0.10273296386003494,0.03165338933467865,0.29955023527145386
5,61574651897378,en,0.22507888078689575,0.09458554536104202,0.030580684542655945,0.2996017634868622
5,61573437931596,en,0.2272956371307373,0.08525621145963669,0.03887514770030975,0.29950034618377686
5,61575463714708,hi,0.14628784358501434,0.09249444305896759,0.031174451112747192,0.2963937222957611
5,61575106577835,it,0.21224138140678406,0.09057795256376266,0.04685992747545242,0.29964184761047363
5,61575582540110,pt,0.20183181762695312,0.09728837013244629,0.03126378357410431,0.29887253046035767
5,61575112227227,en,0.18481354415416718,0.08759944140911102,0.03078526258468628,0.29922646284103394
5,61575953244525,hi,0.252084881067276,0.06654315441846848,0.04663648456335068,0.2995332181453705
5,61574966165566,pt,0.19813145697116852,0.10029186308383942,0.03205662965774536,0.29885023832321167
5,61575494398591,hi,0.26855334639549255,0.0650278627872467,0.046050578355789185,0.2997157573699951
5,61575327722596,fr,0.1830512434244156,0.10582634806632996,0.03222548961639404,0.2993490695953369
5,61573552948536,it,0.21273554861545563,0.08506357669830322,0.03477372229099274,0.29880794882774353
5,61574967244321,en,0.2228027880191803,0.08491276949644089,0.05296226590871811,0.2993771731853485
5,61575264860231,en,0.21633297204971313,0.08443949371576309,0.03035096824169159,0.2995668649673462
5,61575355296120,hi,0.2520112097263336,0.06187048926949501,0.05840706825256348,0.2997891306877136
5,61575394229554,en,0.20332388579845428,0.10422611236572266,0.03573988378047943,0.29946035146713257
5,61575129190978,en,0.18497507274150848,0.0942397266626358,0.031068474054336548,0.2991747260093689
5,61575161685429,pt,0.18600966036319733,0.09158001840114594,0.03282129764556885,0.2988261878490448
5,61575056637344,en,0.21566109359264374,0.09038122743368149,0.036848440766334534,0.29975956678390503
5,61573167310365,it,0.2647811770439148,0.0625951886177063,0.04934098571538925,0.29921603202819824
5,61575552217980,pt,0.2431163489818573,0.08092695474624634,0.04569409042596817,0.29976439476013184
5,61575461561304,pt,0.23256954550743103,0.07544126361608505,0.04694394767284393,0.2993927001953125
5,61574835341215,fr,0.2281399667263031,0.07809476554393768,0.061229974031448364,0.2994998097419739
5,61573074840596,fr,0.22749479115009308,0.08234033733606339,0.036146342754364014,0.2998332977294922
5,61576059230191,it,0.21961656212806702,0.0868961289525032,0.04643821716308594,0.2997710406780243
5,61574931846511,it,0.21291512250900269,0.09607991576194763,0.031615182757377625,0.29948365688323975
5,61574053119016,it,0.20820467174053192,0.10168518126010895,0.030255764722824097,0.2993469834327698
5,61575680942688,pt,0.19517681002616882,0.09221596270799637,0.04608567804098129,0.29950302839279175
5,61575019756700,pt,0.2204347848892212,0.08924021571874619,0.04553031176328659,0.29965007305145264
5,61574772375215,fr,0.19408732652664185,0.09866587072610855,0.037713825702667236,0.29976409673690796
5,61575158695568,pt,0.212515726685524,0.09443804621696472,0.03936991095542908,0.2998325228691101
5,61574949937616,en,0.26023924350738525,0.06660911440849304,0.04813636839389801,0.2994246780872345
5,61575100662412,en,0.2498551607131958,0.06591744720935822,0.04873830825090408,0.29952630400657654
5,61575090989206,fr,0.19138485193252563,0.09149407595396042,0.03021562099456787,0.2991270422935486
5,61575956484127,hi,0.22495706379413605,0.08574245125055313,0.04082679748535156,0.29960888624191284
5,61575671456434,it,0.24954231083393097,0.07033849507570267,0.05833164602518082,0.29976141452789307
5,61574940158280,it,0.21583154797554016,0.0962996557354927,0.04874758422374725,0.29967182874679565
5,61574861712206,pt,0.23362985253334045,0.07585379481315613,0.05469965189695358,0.29856598377227783
5,61575229631870,pt,0.2483815848827362,0.07537804543972015,0.0522041842341423,0.2998737394809723
5,61574980024843,hi,0.24296920001506805,0.07349082827568054,0.049609892070293427,0.29970455169677734
5,61573112383233,it,0.22362706065177917,0.07555361837148666,0.05698549002408981,0.29833197593688965
5,61574999867383,en,0.22320708632469177,0.07095369696617126,0.06306705623865128,0.29909640550613403
5,61575161305509,fr,0.20027242600917816,0.10700485110282898,0.037583380937576294,0.29912322759628296
5,61575805711531,it,0.26759329438209534,0.06466894596815109,0.046135567128658295,0.2998359203338623
5,61574930586709,pt,0.18580536544322968,0.09821842610836029,0.043035827577114105,0.29855209589004517
5,61575036691879,fr,0.1536237746477127,0.10408008098602295,0.030955970287322998,0.2997395992279053
5,61573876354741,it,0.20181018114089966,0.10097809880971909,0.03287295997142792,0.2991871237754822
5,61575152385454,fr,0.20870506763458252,0.08959171175956726,0.034956157207489014,0.29971086978912354
5,61575797240901,it,0.20919178426265717,0.10857456177473068,0.03241206705570221,0.29973071813583374
5,61574787854878,pt,0.2178533673286438,0.06340844184160233,0.06380832195281982,0.29900360107421875
5,61575123077172,hi,0.2318057119846344,0.08774621784687042,0.047531209886074066,0.29965537786483765
5,61575258724354,hi,0.23673605918884277,0.08173248916864395,0.058884330093860626,0.2987249493598938
5,61574884989863,fr,0.2000793218612671,0.10404301434755325,0.04181281477212906,0.2995173931121826
5,61575171524686,it,0.19765235483646393,0.10964729636907578,0.039180904626846313,0.299702525138855
5,61575695695222,en,0.2561904788017273,0.061909712851047516,0.05095767229795456,0.2985457181930542
6,61574934126943,pt,0.16202892363071442,0.09924279898405075,0.030334994196891785,0.29773491621017456
6,61575131153481,en,0.2353232204914093,0.08109740912914276,0.04877494275569916,0.29967689514160156
6,61574801413926,fr,0.21854469180107117,0.08738560974597931,0.03616376221179962,0.2992914319038391
6,61575315757634,fr,0.20016680657863617,0.0874532088637352,0.05151079595088959,0.29939132928848267
6,61574863962100,it,0.2222343385219574,0.08308015018701553,0.05080226808786392,0.2997121214866638
6,61575201373332,fr,0.21762382984161377,0.09028439968824387,0.03226648271083832,0.29980748891830444
6,61575691416622,hi,0.2206282615661621,0.08695503324270248,0.04113733023405075,0.2996807396411896
6,61574905567721,en,0.20910866558551788,0.08599334955215454,0.036683738231658936,0.2993372082710266
6,61575169251717,en,0.1975741684436798,0.09964253753423691,0.03671078383922577,0.2994479238986969
6,61575111478220,pt,0.21353961527347565,0.0870496854186058,0.04588101804256439,0.2994436025619507
6,61575569215048,hi,0.20965588092803955,0.09099004417657852,0.043715037405490875,0.2994893789291382
6,61575003004721,fr,0.19582688808441162,0.09033286571502686,0.031084910035133362,0.2986336350440979
6,61575027123549,en,0.19979973137378693,0.10040469467639923,0.030364930629730225,0.29960787296295166
6,61574951645380,en,0.2344955950975418,0.08343646675348282,0.04624307155609131,0.29935741424560547
6,61574727556591,en,0.21117937564849854,0.0737583190202713,0.054099731147289276,0.2996329069137573
6,61575239345239,en,0.2271403819322586,0.09108098596334457,0.03539370000362396,0.2997041344642639
6,61575622629793,it,0.20840518176555634,0.09681091457605362,0.03040151298046112,0.29977697134017944
6,61575174584515,fr,0.23697084188461304,0.08349984884262085,0.03217035531997681,0.29904693365097046
6,61575689432183,pt,0.21766327321529388,0.09005164355039597,0.03138163685798645,0.29979515075683594
6,61575053907477,en,0.19016976654529572,0.10201044380664825,0.030429884791374207,0.2996119260787964
6,61575568405010,en,0.22121277451515198,0.07770735025405884,0.048682309687137604,0.298603355884552
6,61575007354364,en,0.23025542497634888,0.08922309428453445,0.04157701134681702,0.29958128929138184
6,61575205783063,hi,0.21720202267169952,0.07829468697309494,0.05938805639743805,0.29896706342697144
6,61574652767188,en,0.25109225511550903,0.06372499465942383,0.05429316312074661,0.29894915223121643
6,61574821569203,en,0.1961500495672226,0.09197520464658737,0.03069162368774414,0.29955971240997314
6,61575347826373,hi,0.2146902233362198,0.08510153740644455,0.036137402057647705,0.29973095655441284
6,61575116351597,hi,0.24716220796108246,0.07200882583856583,0.04842046648263931,0.2998064160346985
6,61574764605724,fr,0.22384028136730194,0.08567347377538681,0.04664193093776703,0.29923832416534424
6,61575210563029,fr,0.2502608299255371,0.07108445465564728,0.04676234722137451,0.29975003004074097
6,61574937547028,it,0.20577286183834076,0.08939254283905029,0.03191615641117096,0.29984545707702637
6,61575062566013,en,0.20398913323879242,0.10251443833112717,0.03287547826766968,0.2996792793273926
6,61575004409946,en,0.22571541368961334,0.08830326795578003,0.03241130709648132,0.2998485565185547
6,61575167439026,en,0.2006211280822754,0.10521174222230911,0.0357087105512619,0.2998417019844055
6,61575303902251,en,0.19090454280376434,0.10069427639245987,0.03162063658237457,0.29930806159973145
6,61574987700816,en,0.23306268453598022,0.08561607450246811,0.045527197420597076,0.299723744392395
6,61575062519607,en,0.23844130337238312,0.0733041912317276,0.061039358377456665,0.29852601885795593
6,61575236351657,fr,0.16541729867458344,0.10388592630624771,0.03045821189880371,0.2988806366920471
6,61575255040324,en,0.20889762043952942,0.088984414935112,0.030991211533546448,0.2993096709251404
6,61575799107152,pt,0.19883449375629425,0.0967441275715828,0.03450597822666168,0.2995699644088745
6,61575637913685,en,0.22342561185359955,0.09278133511543274,0.0350918173789978,0.29946398735046387
6,61575138556380,en,0.2226964235305786,0.07555987685918808,0.05308020859956741,0.29900139570236206
6,61575527222862,it,0.2434650957584381,0.0760582908987999,0.04704631119966507,0.29937243461608887
6,61573054454503,fr,0.24677929282188416,0.07549235224723816,0.046092621982097626,0.29974716901779175
6,61574839903015,it,0.23914210498332977,0.09439297765493393,0.03051300346851349,0.29980185627937317
6,61574788001360,en,0.1983325481414795,0.10068981349468231,0.03048788011074066,0.2994906008243561
6,61575207112351,en,0.23190763592720032,0.07773004472255707,0.04993853718042374,0.29937756061553955
6,61575152050067,hi,0.19666805863380432,0.091733418405056,0.043389879167079926,0.2989600598812103
6,61573397313375,fr,0.19964765012264252,0.10261610150337219,0.03661845624446869,0.29963862895965576
6,61575817620916,fr,0.2282727211713791,0.08340447396039963,0.03159515559673309,0.29974105954170227
6,61575313410082,en,0.2186664342880249,0.08629799634218216,0.03582543134689331,0.2997647821903229
6,61575266811505,en,0.19070719182491302,0.08772498369216919,0.03153380751609802,0.29964175820350647
6,61574726476500,en,0.2483198642730713,0.07050519436597824,0.05594395101070404,0.29961201548576355
6,61575178964523,pt,0.20239827036857605,0.10928414016962051,0.034303486347198486,0.2992680072784424
6,61575940674829,hi,0.22826647758483887,0.0897635668516159,0.034441158175468445,0.299266517162323
6,61574855621301,en,0.22853590548038483,0.07978565245866776,0.04586202651262283,0.2991015911102295
6,61575872908128,hi,0.2231854349374771,0.09026620537042618,0.030560165643692017,0.29936841130256653
6,61575227003442,it,0.2517625391483307,0.0697624683380127,0.04671429097652435,0.2997007369995117
6,61575614841893,hi,0.24246400594711304,0.08190078288316727,0.043665073812007904,0.29983144998550415
6,61575828570433,en,0.21912407875061035,0.07099245488643646,0.05835847556591034,0.29818978905677795
6,61574831382328,en,0.22357654571533203,0.08041086047887802,0.030691862106323242,0.2997020483016968
6,61575496125684,en,0.22668752074241638,0.09171652048826218,0.041180677711963654,0.2996670603752136
6,61575356045890,it,0.19461576640605927,0.09194238483905792,0.04969165474176407,0.2993168830871582
6,61575172646079,it,0.19916856288909912,0.09605367481708527,0.04469799995422363,0.29985833168029785
6,61575027298560,en,0.22603310644626617,0.08752317726612091,0.030290603637695312,0.2993527054786682
6,61574817464063,en,0.24542316794395447,0.08597557991743088,0.03239935636520386,0.29952630400657654
6,61574781734933,it,0.20574483275413513,0.08769343048334122,0.042185306549072266,0.29958534240722656
6,61572766786766,en,0.2312805950641632,0.08432035893201828,0.047194406390190125,0.2996777296066284
6,61575574524688,pt,0.2254314124584198,0.09439884126186371,0.04528648406267166,0.29988813400268555
6,61575226491299,en,0.21696259081363678,0.09488124400377274,0.03414776921272278,0.2997526526451111
6,61573217543255,hi,0.21066908538341522,0.09153462201356888,0.03204558789730072,0.2995031774044037
6,61575838795093,pt,0.20970793068408966,0.09918174892663956,0.030599430203437805,0.2997320890426636
6,61575202633062,it,0.21818260848522186,0.09268487244844437,0.03083042800426483,0.2997490465641022
6,61575544152962,it,0.2201356291770935,0.08804889023303986,0.03427581489086151,0.2998475432395935
6,61575088062953,it,0.19197320938110352,0.10898051410913467,0.0305120050907135,0.29935961961746216
6,61575119561738,en,0.23104745149612427,0.09561008960008621,0.04224206507205963,0.29982617497444153
6,61574051276067,it,0.22228699922561646,0.07922182232141495,0.06093689799308777,0.29974043369293213
6,61575013502873,it,0.20248298346996307,0.08957487344741821,0.03327867388725281,0.2990048825740814
6,61575571571675,fr,0.24524199962615967,0.0851500928401947,0.048497773706912994,0.29969778656959534
6,61573913763035,it,0.16636930406093597,0.10320042818784714,0.031715720891952515,0.29958993196487427
6,61575557761520,it,0.25148382782936096,0.07220745086669922,0.04653257876634598,0.2996743321418762
6,61573544637558,fr,0.18813155591487885,0.08455154299736023,0.04219776391983032,0.2986220717430115
6,61573135240533,fr,0.22194580733776093,0.0807083249092102,0.04561753571033478,0.29933273792266846
6,61575098742695,hi,0.22717241942882538,0.08237724006175995,0.030833035707473755,0.2994729280471802
6,61575662108150,en,0.23212586343288422,0.10121671110391617,0.03730577230453491,0.2998053729534149
6,61575515733376,pt,0.23710881173610687,0.07609143853187561,0.05674499273300171,0.29942476749420166
6,61575661611123,hi,0.20959913730621338,0.08851337432861328,0.05318719148635864,0.29867082834243774
6,61575214162123,en,0.20941218733787537,0.09455470740795135,0.03121352195739746,0.2996717393398285
6,61573503322985,fr,0.20862852036952972,0.09440173953771591,0.03265164792537689,0.2996912896633148
6,61575198623528,hi,0.2424938678741455,0.0803932249546051,0.047245994210243225,0.29973793029785156
6,61574714597809,pt,0.21348226070404053,0.08886711299419403,0.03611169755458832,0.299812376499176
6,61575689695617,hi,0.2323060780763626,0.08014983683824539,0.03246191143989563,0.2995074689388275
6,61575606443963,hi,0.13214239478111267,0.09826723486185074,0.03083290159702301,0.2986198663711548
6,61575308401890,en,0.2448064088821411,0.08369477838277817,0.03899724781513214,0.29983675479888916
6,61575331140964,en,0.24701708555221558,0.08233842998743057,0.04557745158672333,0.2997676134109497
6,61572629921625,pt,0.21683277189731598,0.07942412048578262,0.051019616425037384,0.29924994707107544
6,61573600374605,en,0.2001846581697464,0.09944185614585876,0.03853371739387512,0.29940909147262573
6,61575324090992,en,0.25379905104637146,0.07792195677757263,0.05429999530315399,0.2998323440551758
6,61575112067630,hi,0.2315209060907364,0.08077976852655411,0.03054708242416382,0.2995881736278534
6,61575470764521,pt,0.2727796137332916,0.06341604143381119,0.04739227890968323,0.2998529076576233
6,61575257740412,hi,0.21390734612941742,0.08317980170249939,0.045226432383060455,0.2994033098220825
6,61575324216831,en,0.23286204040050507,0.07181905955076218,0.05243062973022461,0.2996978759765625
6,61575433245776,it,0.19567541778087616,0.09434955567121506,0.041584260761737823,0.29958444833755493
6,61574801715376,en,0.21717587113380432,0.09439989924430847,0.04194154590368271,0.29981398582458496
6,61575229721815,fr,0.2350870817899704,0.07750425487756729,0.0519663468003273,0.2996094226837158
6,61575024946334,hi,0.19334064424037933,0.09795151650905609,0.04238563030958176,0.2994558811187744
6,61575617909167,en,0.18842968344688416,0.09783497452735901,0.031185448169708252,0.299541175365448
6,61574814822672,en,0.21735118329524994,0.08222319930791855,0.04152746498584747,0.29969632625579834
6,61575044985283,hi,0.21632620692253113,0.09014996141195297,0.03209051489830017,0.2987746000289917
6,61572607540933,fr,0.2072518765926361,0.09774243086576462,0.031346872448921204,0.29945966601371765
6,61575005252655,en,0.21264679729938507,0.09226928651332855,0.040563665330410004,0.29979559779167175
6,61573167969034,fr,0.20043958723545074,0.10669440031051636,0.030459433794021606,0.2992866039276123
6,61573516080607,it,0.16000762581825256,0.10471009463071823,0.034084707498550415,0.2993922829627991
6,61575561427679,pt,0.21919338405132294,0.0933893695473671,0.04676300287246704,0.29953449964523315
6,61575612269544,fr,0.20344851911067963,0.09406057745218277,0.03086484968662262,0.299489289522171
6,61575152979706,hi,0.21114765107631683,0.09012679755687714,0.030432894825935364,0.2995200753211975
6,61574925813885,en,0.24301543831825256,0.08190929144620895,0.04971623420715332,0.2996852993965149
6,61575647991754,hi,0.20458713173866272,0.10338623821735382,0.03032928705215454,0.2996201813220978
6,61575849294548,pt,0.25944575667381287,0.06506936252117157,0.048948682844638824,0.2998136878013611
6,61575732154813,en,0.22356322407722473,0.0825260579586029,0.049017854034900665,0.29972967505455017
6,61575207162938,hi,0.2361963987350464,0.07922296971082687,0.048890650272369385,0.29973161220550537
6,61573697084008,it,0.2336716502904892,0.08572477102279663,0.04589207470417023,0.29987823963165283
6,61574846917976,en,0.18484310805797577,0.0968414694070816,0.03161540627479553,0.2996303141117096
6,61574838672120,en,0.20269127190113068,0.10242657363414764,0.050055235624313354,0.29970622062683105
6,61575162879216,en,0.20500250160694122,0.09808290004730225,0.030802085995674133,0.2994247078895569
6,61575306427918,en,0.20934900641441345,0.07501182705163956,0.05981101840734482,0.29884815216064453
6,61575531152948,pt,0.23072917759418488,0.08957930654287338,0.030962258577346802,0.29987284541130066
6,61572731112276,fr,0.24023039638996124,0.07213706523180008,0.0561005175113678,0.29957371950149536
6,61573212846972,en,0.21583127975463867,0.09023960679769516,0.03309699892997742,0.29944896697998047
6,61573754471228,it,0.18131442368030548,0.09784932434558868,0.03642338514328003,0.29861822724342346
6,61574858352338,en,0.2199622094631195,0.10181697458028793,0.03023754060268402,0.2995010018348694
6,61575255680659,it,0.20448994636535645,0.10234957188367844,0.030981987714767456,0.2996371388435364
6,61575126533596,en,0.2258635312318802,0.08620216697454453,0.03343565762042999,0.2994759678840637
6,61575180835678,en,0.2581009566783905,0.06536970287561417,0.04791413992643356,0.2998085021972656
6,61575580080566,it,0.21533465385437012,0.09580150991678238,0.0331011563539505,0.2992058992385864
6,61575695455292,en,0.19963888823986053,0.08694934099912643,0.04677506536245346,0.29897788166999817
6,61574932177407,en,0.2302611917257309,0.08370526880025864,0.046374864876270294,0.29952406883239746
6,61575281169106,hi,0.17985668778419495,0.09795275330543518,0.03265981376171112,0.2994807958602905
6,61574785574733,it,0.2222183644771576,0.09306906163692474,0.04764902591705322,0.29964113235473633
6,61574691255198,en,0.2160319983959198,0.09331723302602768,0.03124004602432251,0.29977649450302124
6,61572728411956,fr,0.19955025613307953,0.10767003148794174,0.030684620141983032,0.2995988726615906
6,61575647284322,pt,0.24672001600265503,0.06844160705804825,0.04883906990289688,0.29964810609817505
6,61575262870032,pt,0.21696758270263672,0.09268894791603088,0.03477652370929718,0.29975131154060364
6,61575794757479,pt,0.18833895027637482,0.10801827907562256,0.0302160382270813,0.2997097373008728
6,61574919303983,en,0.18269222974777222,0.09634733200073242,0.030518248677253723,0.29961487650871277
6,61573543259106,it,0.18366561830043793,0.1021704226732254,0.03081396222114563,0.2997403144836426
6,61575191317891,pt,0.2170909196138382,0.09789199382066727,0.030359774827957153,0.2998616397380829
6,61574708867579,en,0.2222304493188858,0.08815304189920425,0.04047729820013046,0.2995092272758484
6,61575368459933,pt,0.23151062428951263,0.06854964792728424,0.06381464749574661,0.298689603805542
6,61575688105742,fr,0.2260741889476776,0.08663603663444519,0.04837632179260254,0.2997853457927704
6,61575545102013,it,0.1986214518547058,0.09706685692071915,0.030375778675079346,0.29978179931640625
6,61572945636998,pt,0.19409021735191345,0.09593525528907776,0.033616483211517334,0.29940980672836304
6,61575533882644,pt,0.20588268339633942,0.09435054659843445,0.035605013370513916,0.29899370670318604
6,61573036322799,pt,0.24372228980064392,0.07658170908689499,0.05136478692293167,0.29956063628196716
6,61575809341597,en,0.22127844393253326,0.09114661067724228,0.053671129047870636,0.2993828058242798
6,61575276789549,en,0.2408968061208725,0.07779993861913681,0.048011526465415955,0.2996211647987366
6,61575830879821,fr,0.17321166396141052,0.08381201326847076,0.030711889266967773,0.29665976762771606
6,61575169251615,en,0.21361778676509857,0.09123777598142624,0.04612020403146744,0.2983998656272888
6,61575188275516,it,0.20969901978969574,0.0930822417140007,0.04327256232500076,0.29981473088264465
6,61575455591111,pt,0.17701132595539093,0.10621058195829391,0.03620201349258423,0.29909199476242065
6,61575040950775,en,0.21319028735160828,0.09339509904384613,0.04645105451345444,0.29970782995224
6,61575734633308,en,0.2133501172065735,0.09428688883781433,0.031004279851913452,0.2994430363178253
6,61575131576367,en,0.21433231234550476,0.09519022703170776,0.038019731640815735,0.29967838525772095
6,61574939766846,pt,0.203195720911026,0.09414972364902496,0.04040493071079254,0.29951149225234985
6,61575729844682,en,0.22885379195213318,0.07911263406276703,0.03475673496723175,0.29937943816185
6,61574845121589,pt,0.22989417612552643,0.08708582818508148,0.05011161416769028,0.2995029091835022
6,61575154635451,it,0.2505529522895813,0.07900670170783997,0.04927147924900055,0.2995983362197876
6,61573639576797,it,0.2088703066110611,0.1017104759812355,0.0307304710149765,0.2990407347679138
6,61575046350558,en,0.21785901486873627,0.09399744123220444,0.035020649433135986,0.2997387647628784
6,61575225621439,en,0.1848641037940979,0.11279821395874023,0.030369997024536133,0.29942992329597473
6,61574914234585,en,0.17246516048908234,0.10704517364501953,0.030556529760360718,0.29910680651664734
6,61575259270245,hi,0.2125239372253418,0.0891587883234024,0.03623358905315399,0.29865044355392456
6,61575149005237,en,0.18973836302757263,0.09528575837612152,0.030944645404815674,0.29910099506378174
6,61572817333773,en,0.20566698908805847,0.10151199996471405,0.0310230553150177,0.2998284697532654
6,61575001534754,hi,0.1927327960729599,0.09873507916927338,0.03157418966293335,0.29917535185813904
6,61575236645717,hi,0.22046953439712524,0.08887515962123871,0.03111228346824646,0.29946815967559814
6,61573040625137,fr,0.2035674750804901,0.09891927987337112,0.039287373423576355,0.29971376061439514
6,61575227471920,pt,0.19788511097431183,0.09862100332975388,0.05106807500123978,0.29936766624450684
6,61575371015595,it,0.2166273444890976,0.09450945258140564,0.030583426356315613,0.2992135286331177
6,61575238131572,pt,0.1914624124765396,0.10176531970500946,0.0337439626455307,0.29958575963974
6,61575031471293,en,0.2472512125968933,0.0750274583697319,0.05054735392332077,0.29982560873031616
6,61573693491518,it,0.2629449665546417,0.06470879167318344,0.04930173605680466,0.2998013496398926
6,61575226372155,it,0.22605903446674347,0.08287129551172256,0.047471143305301666,0.29976242780685425
6,61575195653637,pt,0.19354978203773499,0.10101318359375,0.032520756125450134,0.29957735538482666
6,61574786863896,en,0.23432068526744843,0.0790703222155571,0.04944737255573273,0.29931676387786865
6,61575716964202,hi,0.2130177915096283,0.09372484683990479,0.04396142065525055,0.29970598220825195
6,61575229057307,en,0.23285183310508728,0.08728210628032684,0.04285503923892975,0.29955458641052246
6,61574817494524,fr,0.23938912153244019,0.08664491772651672,0.031997546553611755,0.29979217052459717
6,61575049831217,pt,0.22427915036678314,0.0949600338935852,0.032580479979515076,0.2996610999107361
6,61575115584213,en,0.24301858246326447,0.07898908108472824,0.04989328980445862,0.2987212538719177
6,61575531062633,fr,0.2056606560945511,0.1024380624294281,0.03867848217487335,0.2989736795425415
6,61575270759607,pt,0.20370107889175415,0.09875375777482986,0.03794358670711517,0.2993389964103699
6,61575091169103,en,0.23551122844219208,0.08353722095489502,0.04697970300912857,0.29978543519973755
6,61575318607485,it,0.2317665070295334,0.08337254077196121,0.04695401340723038,0.2995210886001587
6,61575243677655,pt,0.20781201124191284,0.1012020856142044,0.0314461886882782,0.29973912239074707
6,61574730557113,en,0.17452485859394073,0.10769379138946533,0.030996322631835938,0.2990081310272217
6,61575148359774,en,0.21319100260734558,0.08806924521923065,0.03517414629459381,0.2995332181453705
6,61574992834078,fr,0.20008854568004608,0.10245752334594727,0.0375138521194458,0.299760639667511
6,61575075716110,en,0.1750447005033493,0.09847584366798401,0.03747008740901947,0.29949939250946045
6,61574997930238,en,0.22335322201251984,0.09347385168075562,0.031189098954200745,0.29972508549690247
6,61574921619079,fr,0.22582730650901794,0.09406840801239014,0.036448657512664795,0.2993428409099579
6,61574943633252,en,0.2533451318740845,0.06451985239982605,0.055676497519016266,0.2998277544975281
6,61575434374955,fr,0.186801478266716,0.10368082672357559,0.032094478607177734,0.2974165081977844
6,61575079453209,en,0.22386886179447174,0.09752867370843887,0.040068671107292175,0.2997710704803467
6,61575243441350,hi,0.14007534086704254,0.097897469997406,0.031995341181755066,0.2988947331905365
6,61574979845984,en,0.20240749418735504,0.09946509450674057,0.032799527049064636,0.2996009886264801
6,61575338256889,hi,0.22555725276470184,0.08798318356275558,0.04694173485040665,0.2984527349472046
6,61574715494235,en,0.2523300051689148,0.07438164949417114,0.04633582383394241,0.2998300790786743
6,61573536988081,fr,0.24023577570915222,0.08765747398138046,0.030215218663215637,0.2993541955947876
6,61574815842320,en,0.23335102200508118,0.06764136254787445,0.05801766365766525,0.2995166778564453
6,61575631794140,fr,0.25245028734207153,0.06716766953468323,0.04981870949268341,0.29947543144226074
6,61575221512411,hi,0.2409011572599411,0.06867343932390213,0.05899804085493088,0.2990483045578003
6,61575087119240,pt,0.2228626012802124,0.09254175424575806,0.03685925900936127,0.29979515075683594
6,61575310034038,pt,0.20818831026554108,0.09932413697242737,0.03280024230480194,0.2996933162212372
6,61575317113475,pt,0.2092393934726715,0.09442996978759766,0.03322933614253998,0.29953789710998535
6,61575603778005,it,0.24860835075378418,0.06999003887176514,0.046451717615127563,0.29985737800598145
6,61575221286306,hi,0.19983035326004028,0.09267334640026093,0.03284923732280731,0.2996785044670105
6,61575667346713,en,0.24347692728042603,0.07728885859251022,0.04805855453014374,0.29976731538772583
6,61575153195537,fr,0.23346522450447083,0.08782381564378738,0.0482119545340538,0.2998020052909851
6,61573680682759,en,0.21598102152347565,0.08258600533008575,0.03028149902820587,0.29966771602630615
6,61574788035043,hi,0.19816942512989044,0.09725837409496307,0.038845211267471313,0.29798614978790283
6,61574978975929,en,0.1904163509607315,0.09879446774721146,0.033539146184921265,0.29915398359298706
6,61574901935438,en,0.23364688456058502,0.08092844486236572,0.049019843339920044,0.2996138334274292
6,61575119187638,it,0.20701390504837036,0.08161577582359314,0.04544535279273987,0.29791259765625
6,61575200353453,it,0.17989994585514069,0.1094963327050209,0.033061280846595764,0.29899799823760986
6,61575017759285,en,0.20863156020641327,0.09675218164920807,0.03401109576225281,0.299593061208725
6,61572897099580,en,0.2560843825340271,0.06446996331214905,0.04825499653816223,0.29964733123779297
6,61575213712850,fr,0.2242843061685562,0.08809363842010498,0.052152492105960846,0.29969993233680725
6,61576073780317,hi,0.20770782232284546,0.09253010898828506,0.030390292406082153,0.29969245195388794
6,61575211332811,en,0.21193669736385345,0.09553425759077072,0.03167909383773804,0.2998207211494446
6,61573018383344,fr,0.2043469399213791,0.09705423563718796,0.03328564763069153,0.29896095395088196
6,61575326856811,en,0.22035837173461914,0.08718540519475937,0.03311614692211151,0.29963767528533936
6,61574828802630,fr,0.1845775842666626,0.10523420572280884,0.0315588116645813,0.29847514629364014
6,61575905331775,pt,0.19988983869552612,0.11231695860624313,0.030234917998313904,0.2997567355632782
6,61574996597830,it,0.2402675300836563,0.07973309606313705,0.044754013419151306,0.29985302686691284
6,61573394763409,fr,0.23005755245685577,0.08075392991304398,0.05019600689411163,0.2994825839996338
6,61575582750038,it,0.2030974179506302,0.1037408635020256,0.03526723384857178,0.2996841073036194
6,61575561445414,en,0.24260684847831726,0.06489316374063492,0.060239434242248535,0.2993793487548828
6,61575288632779,en,0.2452070116996765,0.06941365450620651,0.061542198061943054,0.2996959388256073
6,61575557971497,fr,0.1915619820356369,0.09777729213237762,0.030238166451454163,0.29930591583251953
6,61575557408009,pt,0.21585802733898163,0.09495021402835846,0.030890583992004395,0.2997881770133972
6,61574936016860,it,0.21666721999645233,0.09964566677808762,0.03614160418510437,0.2994813323020935
6,61574780144844,en,0.212327778339386,0.08944892138242722,0.030324220657348633,0.29965081810951233
6,61574964602105,en,0.19765353202819824,0.09355836361646652,0.030402615666389465,0.29925426840782166
6,61575796651817,fr,0.22407062351703644,0.06885702162981033,0.06836777180433273,0.29774630069732666
6,61575263799927,pt,0.1999618411064148,0.0877407044172287,0.04950644075870514,0.29860448837280273
6,61575792327507,it,0.21316473186016083,0.09187941998243332,0.034085556864738464,0.2995615005493164
6,61572939997623,en,0.23842793703079224,0.08513763546943665,0.04535885900259018,0.29973065853118896
6,61575503980281,pt,0.21455606818199158,0.08927733451128006,0.039957255125045776,0.2998049557209015
6,61573535549602,it,0.21735140681266785,0.0923922136425972,0.04467107355594635,0.2997959852218628
6,61575380549834,hi,0.2074607014656067,0.10225098580121994,0.03035096824169159,0.29911404848098755
6,61574940786036,pt,0.2406313419342041,0.08128092437982559,0.05091632902622223,0.299602746963501
6,61575036330853,en,0.2470148205757141,0.07418385148048401,0.0584968701004982,0.2992474436759949
6,61575179504190,en,0.22880026698112488,0.08709504455327988,0.030507713556289673,0.29936128854751587
6,61575184523495,en,0.2132214605808258,0.0988864153623581,0.030535593628883362,0.2996695041656494
6,61574984850248,en,0.19353453814983368,0.09138710051774979,0.03372758626937866,0.29957014322280884
6,61574896568851,en,0.21855367720127106,0.09962951391935349,0.03172919154167175,0.2996954917907715
6,61575328303165,pt,0.22761042416095734,0.0942206159234047,0.04135584086179733,0.29973194003105164
6,61573639284043,pt,0.17360162734985352,0.0985756665468216,0.030993491411209106,0.29819029569625854
6,61575025306519,hi,0.19544492661952972,0.0870322436094284,0.031132325530052185,0.2987212538719177
6,61573044255129,hi,0.23218360543251038,0.07455818355083466,0.05615438520908356,0.29974955320358276
6,61575854874351,pt,0.18720704317092896,0.11309079825878143,0.030209586024284363,0.2989557087421417
6,61575562855407,hi,0.1801622360944748,0.09987694025039673,0.030687734484672546,0.29840099811553955
6,61573160396182,fr,0.23385503888130188,0.07459902763366699,0.04653619974851608,0.2997978925704956
6,61575025023617,pt,0.2300276756286621,0.08899962157011032,0.030321568250656128,0.299751341342926
6,61574913877788,pt,0.21361401677131653,0.09903840720653534,0.03173288702964783,0.29981178045272827
6,61575798830806,it,0.2056703269481659,0.0922367200255394,0.03790794312953949,0.29971176385879517
6,61574946005614,en,0.18653364479541779,0.10369459539651871,0.03406599164009094,0.2995593249797821
6,61575095245405,en,0.21833938360214233,0.09332425892353058,0.03047598898410797,0.2994943857192993
6,61575005853006,it,0.20739765465259552,0.09624011069536209,0.0314851850271225,0.29956597089767456
6,61575311377502,en,0.18461008369922638,0.10306401550769806,0.03244052827358246,0.29925692081451416
6,61575649624207,pt,0.18741899728775024,0.10315830260515213,0.035307109355926514,0.2998107969760895
6,61575203023035,hi,0.1673640012741089,0.09553343802690506,0.04226560890674591,0.29881376028060913
6,61575079169748,pt,0.24321512877941132,0.07140148431062698,0.04757079482078552,0.29972410202026367
6,61575148797368,en,0.20644888281822205,0.08971495926380157,0.05442733317613602,0.2995060682296753
6,61573053375071,fr,0.2240791916847229,0.07851830869913101,0.049423977732658386,0.2993605136871338
6,61575000899895,en,0.15817636251449585,0.10473670810461044,0.03251875936985016,0.29787588119506836
6,61575098818802,pt,0.22221514582633972,0.08580251038074493,0.04879990965127945,0.2996771037578583
6,61575028711256,fr,0.21695426106452942,0.08126892149448395,0.06153444945812225,0.2995368242263794
6,61575147567358,fr,0.21690663695335388,0.09453517198562622,0.03082047402858734,0.2995111048221588
6,61575045675245,en,0.20965152978897095,0.09335199743509293,0.04661247134208679,0.29985541105270386
6,61575057779980,en,0.11397001147270203,0.09546230733394623,0.03112819790840149,0.29755330085754395
6,61575770523168,hi,0.23090486228466034,0.08803480863571167,0.04351135343313217,0.2997615933418274
6,61574724737317,it,0.20536160469055176,0.09779562801122665,0.03373005986213684,0.2985727787017822
6,61575674126417,hi,0.2259364128112793,0.08204036951065063,0.048838019371032715,0.29933077096939087
6,61575207773071,it,0.21069686114788055,0.0731479749083519,0.06313711404800415,0.2987595796585083
6,61574911149534,it,0.2465684860944748,0.08551416546106339,0.04396922141313553,0.29982709884643555
6,61575719364055,hi,0.2149139642715454,0.07992736995220184,0.0604051798582077,0.29962414503097534
6,61575150555733,en,0.263549268245697,0.06584072858095169,0.04603411257266998,0.299713671207428
6,61573382480931,pt,0.22173480689525604,0.09438265115022659,0.032011136412620544,0.29940861463546753
6,61575204173147,fr,0.2297942340373993,0.08120725303888321,0.054454147815704346,0.2995222508907318
6,61575618485389,pt,0.20062032341957092,0.09325002878904343,0.0364806205034256,0.29969677329063416
6,61574764996945,it,0.1855282485485077,0.0784263014793396,0.042103976011276245,0.29857200384140015
6,61575140890194,en,0.2194899469614029,0.0834454596042633,0.04555174708366394,0.298171728849411
6,61574799343860,pt,0.21268635988235474,0.1018187627196312,0.03175927698612213,0.2992538809776306
6,61575609593809,hi,0.17671683430671692,0.09582945704460144,0.03027471899986267,0.29910457134246826
6,61575088470429,it,0.2624048888683319,0.06375320255756378,0.05145379155874252,0.2998484969139099
6,61575274899327,en,0.20515839755535126,0.09706003963947296,0.03514264523983002,0.2995578646659851
6,61575600087094,hi,0.206830695271492,0.08580173552036285,0.06679616868495941,0.29943013191223145
6,61575787832729,en,0.21397028863430023,0.08792822808027267,0.033033788204193115,0.29930630326271057
6,61575132716094,en,0.19699935615062714,0.09105014055967331,0.03506071865558624,0.2982617914676666
6,61574996550205,en,0.1984342634677887,0.10869000107049942,0.03400227427482605,0.2997525930404663
6,61575311491588,en,0.19259552657604218,0.10569079965353012,0.03554666042327881,0.2998684048652649
6,61575634528316,en,0.22718015313148499,0.07831531018018723,0.04826491326093674,0.29960474371910095
6,61575731093467,en,0.18326447904109955,0.09631744772195816,0.032477736473083496,0.2997397184371948
6,61575208972156,en,0.2644026577472687,0.06582409143447876,0.04656078666448593,0.2997438609600067
6,61575728753782,en,0.24489986896514893,0.07434102147817612,0.04625164717435837,0.2996928095817566
6,61572985534941,pt,0.1840168684720993,0.10313603281974792,0.03142310678958893,0.2994728684425354
6,61574651897378,en,0.223769873380661,0.09412265568971634,0.030546650290489197,0.2994898557662964
6,61573437931596,en,0.2345081865787506,0.08330448716878891,0.04810761660337448,0.2995532751083374
6,61575463714708,hi,0.13907049596309662,0.09231611341238022,0.030881986021995544,0.29584670066833496
6,61575106577835,it,0.20573943853378296,0.08986905217170715,0.0487121120095253,0.2995915412902832
6,61575582540110,pt,0.20204541087150574,0.09665855020284653,0.03194524347782135,0.2988538444042206
6,61575112227227,en,0.1840355396270752,0.09011925011873245,0.03073616325855255,0.29919466376304626
6,61575953244525,hi,0.2411627173423767,0.06475246697664261,0.061058029532432556,0.29947763681411743
6,61574966165566,pt,0.2000962495803833,0.10065741091966629,0.03215688467025757,0.29858502745628357
6,61575494398591,hi,0.26718178391456604,0.06529074162244797,0.04573027044534683,0.2997339963912964
6,61575327722596,fr,0.1808587610721588,0.10699620097875595,0.031916543841362,0.29917842149734497
6,61573552948536,it,0.21513153612613678,0.08699437230825424,0.03806595504283905,0.29889562726020813
6,61574967244321,en,0.2306547611951828,0.07827500253915787,0.059194982051849365,0.2992716431617737
6,61575264860231,en,0.210354283452034,0.08880972117185593,0.030393391847610474,0.29948610067367554
6,61575355296120,hi,0.2570326626300812,0.05918828025460243,0.05971871316432953,0.29976266622543335
6,61575394229554,en,0.2055691033601761,0.10235189646482468,0.038545459508895874,0.2995772957801819
6,61575129190978,en,0.200853168964386,0.09612809121608734,0.032288819551467896,0.29930776357650757
6,61575161685429,pt,0.18011730909347534,0.09067939221858978,0.033438608050346375,0.2989848256111145
6,61575056637344,en,0.21213935315608978,0.09171811491250992,0.03585916757583618,0.29974859952926636
6,61573167310365,it,0.2648335099220276,0.06456588953733444,0.047726429998874664,0.2992555499076843
6,61575552217980,pt,0.24224714934825897,0.07982522249221802,0.048817090690135956,0.29974913597106934
6,61575461561304,pt,0.23105621337890625,0.07676397264003754,0.04924800246953964,0.29937949776649475
6,61574835341215,fr,0.2272503674030304,0.08042149245738983,0.06435829401016235,0.2993428707122803
6,61573074840596,fr,0.22899097204208374,0.08936825394630432,0.03616376221179962,0.2998098134994507
6,61576059230191,it,0.2102249413728714,0.09555625170469284,0.034892737865448,0.2997244894504547
6,61574931846511,it,0.20644217729568481,0.09742025285959244,0.03188396990299225,0.29942065477371216
6,61574053119016,it,0.20911356806755066,0.10112717747688293,0.0302240252494812,0.2992677688598633
6,61575680942688,pt,0.1988867223262787,0.09027194231748581,0.05200465768575668,0.2994599938392639
6,61575019756700,pt,0.2226056605577469,0.08746345341205597,0.03638803958892822,0.2995935082435608
6,61574772375215,fr,0.19729535281658173,0.09754806011915207,0.03552132844924927,0.2997989356517792
6,61575158695568,pt,0.21233156323432922,0.09506667405366898,0.0389380156993866,0.2998359799385071
6,61574949937616,en,0.2617891728878021,0.06458546221256256,0.05032475292682648,0.29948288202285767
6,61575100662412,en,0.2522464692592621,0.06573078781366348,0.05077119171619415,0.29956984519958496
6,61575090989206,fr,0.1864583045244217,0.0920397937297821,0.03018917143344879,0.29889124631881714
6,61575956484127,hi,0.23247084021568298,0.08719587326049805,0.05014742910861969,0.2996748685836792
6,61575671456434,it,0.2425820231437683,0.0814751610159874,0.0555218830704689,0.29978376626968384
6,61574940158280,it,0.2208317071199417,0.09201937168836594,0.04746083915233612,0.29970332980155945
6,61574861712206,pt,0.2181052565574646,0.08027265965938568,0.060951463878154755,0.29864394664764404
6,61575229631870,pt,0.24738481640815735,0.07646938413381577,0.05314898490905762,0.2998552620410919
6,61574980024843,hi,0.2409023642539978,0.07555531710386276,0.0503762811422348,0.29970139265060425
6,61573112383233,it,0.21922844648361206,0.0766216591000557,0.04332438111305237,0.2984747886657715
6,61574999867383,en,0.2244987040758133,0.06917550414800644,0.06357744336128235,0.29881104826927185
6,61575161305509,fr,0.20150062441825867,0.10488273948431015,0.04515770822763443,0.2991480827331543
6,61575805711531,it,0.26744309067726135,0.06528123468160629,0.04570712149143219,0.2998354434967041
6,61574930586709,pt,0.1875658482313156,0.09516214579343796,0.04023510217666626,0.2969930171966553
6,61575036691879,fr,0.16396741569042206,0.1046726182103157,0.032702937722206116,0.2997453212738037
6,61573876354741,it,0.20245866477489471,0.10114894062280655,0.031244024634361267,0.2992262840270996
6,61575152385454,fr,0.19949647784233093,0.09019812196493149,0.033553749322891235,0.299707293510437
6,61575797240901,it,0.21832503378391266,0.10023831576108932,0.03418312966823578,0.29974600672721863
6,61574787854878,pt,0.21127864718437195,0.06353095173835754,0.062288619577884674,0.29895591735839844
6,61575123077172,hi,0.23562480509281158,0.08270518481731415,0.0594811886548996,0.2995607256889343
6,61575258724354,hi,0.23748913407325745,0.08074041455984116,0.05790478736162186,0.29875051975250244
6,61574884989863,fr,0.193689227104187,0.10940637439489365,0.03334742784500122,0.2995452284812927
6,61575171524686,it,0.19611813127994537,0.10660087317228317,0.03541329503059387,0.29970115423202515
6,61575695695222,en,0.25861087441444397,0.06391400098800659,0.049363963305950165,0.2984870672225952
7,61574934126943,pt,0.1598237007856369,0.09931820631027222,0.030487924814224243,0.2981262505054474
7,61575131153481,en,0.23095452785491943,0.08626285195350647,0.04520070552825928,0.29957932233810425
7,61574801413926,fr,0.22909177839756012,0.08945303410291672,0.04066106677055359,0.29950428009033203
7,61575315757634,fr,0.1962999552488327,0.09452883899211884,0.05105995386838913,0.2995033264160156
7,61574863962100,it,0.2321433126926422,0.07571563124656677,0.05757591128349304,0.2997118830680847
7,61575201373332,fr,0.21372905373573303,0.09619870036840439,0.03629244863986969,0.2997092604637146
7,61575691416622,hi,0.22248554229736328,0.08530296385288239,0.04986105114221573,0.2997184991836548
7,61574905567721,en,0.2134574055671692,0.08259107172489166,0.03808964788913727,0.29924410581588745
7,61575169251717,en,0.1965305656194687,0.09917391836643219,0.035750627517700195,0.29950714111328125
7,61575111478220,pt,0.2228015661239624,0.0779237449169159,0.046432025730609894,0.2993421256542206
7,61575569215048,hi,0.2106175273656845,0.08810053765773773,0.04071119427680969,0.29919376969337463
7,61575003004721,fr,0.19252145290374756,0.09326241165399551,0.030916079878807068,0.298433780670166
7,61575027123549,en,0.20571324229240417,0.09935307502746582,0.03048044443130493,0.2995670437812805
7,61574951645380,en,0.22775167226791382,0.0873749777674675,0.034379810094833374,0.2993268370628357
7,61574727556591,en,0.21560001373291016,0.07369376718997955,0.05079571157693863,0.29969021677970886
7,61575239345239,en,0.22672341763973236,0.09145068377256393,0.0343802273273468,0.2996991276741028
7,61575622629793,it,0.20228959619998932,0.09562379866838455,0.030316218733787537,0.29972541332244873
7,61575174584515,fr,0.2377500683069229,0.08341050148010254,0.0326557457447052,0.2991766929626465
7,61575689432183,pt,0.21636968851089478,0.09286368638277054,0.03285282850265503,0.2997588515281677
7,61575053907477,en,0.18568748235702515,0.10462832450866699,0.03024943172931671,0.2994084358215332
7,61575568405010,en,0.21829649806022644,0.08198517560958862,0.04690580070018768,0.2987402677536011
7,61575007354364,en,0.21939241886138916,0.08956313133239746,0.0367056280374527,0.29956376552581787
7,61575205783063,hi,0.22011417150497437,0.07618977874517441,0.06279788166284561,0.2989482879638672
7,61574652767188,en,0.24896974861621857,0.06593358516693115,0.05198269337415695,0.2989547550678253
7,61574821569203,en,0.18866638839244843,0.09170019626617432,0.030817463994026184,0.29942598938941956
7,61575347826373,hi,0.21303899586200714,0.09207542985677719,0.040241241455078125,0.2997840642929077
7,61575116351597,hi,0.2415137141942978,0.07185809314250946,0.051147229969501495,0.2997997999191284
7,61574764605724,fr,0.23333045840263367,0.07778280973434448,0.06147997826337814,0.29931461811065674
7,61575210563029,fr,0.25046640634536743,0.07175987213850021,0.04583587497472763,0.29970839619636536
7,61574937547028,it,0.1982274204492569,0.08845222741365433,0.03095906972885132,0.2998271584510803
7,61575062566013,en,0.20200122892856598,0.10246631503105164,0.03234073519706726,0.29965686798095703
7,61575004409946,en,0.21814337372779846,0.0894186943769455,0.031884610652923584,0.29983559250831604
7,61575167439026,en,0.19820614159107208,0.1013222187757492,0.038466677069664,0.29984158277511597
7,61575303902251,en,0.19536063075065613,0.09997276961803436,0.03190363943576813,0.2991129755973816
7,61574987700816,en,0.23273400962352753,0.08569935709238052,0.042863741517066956,0.29972267150878906
7,61575062519607,en,0.23936372995376587,0.07232262939214706,0.05449718236923218,0.29910480976104736
7,61575236351657,fr,0.17181892693042755,0.10445723682641983,0.03062659502029419,0.29891788959503174
7,61575255040324,en,0.21238607168197632,0.09051744639873505,0.030698537826538086,0.2995085120201111
7,61575799107152,pt,0.2031727284193039,0.0994487926363945,0.0349324494600296,0.2994697093963623
7,61575637913685,en,0.22778086364269257,0.09267967194318771,0.04095635563135147,0.29953843355178833
7,61575138556380,en,0.22864516079425812,0.07262207567691803,0.055483341217041016,0.2989997863769531
7,61575527222862,it,0.23218540847301483,0.07403330504894257,0.05013860762119293,0.2994287610054016
7,61573054454503,fr,0.24145907163619995,0.07913804799318314,0.047988876700401306,0.29978179931640625
7,61574839903015,it,0.23943360149860382,0.09321938455104828,0.030459150671958923,0.29983824491500854
7,61574788001360,en,0.1942514181137085,0.1019497960805893,0.030366331338882446,0.29924148321151733
7,61575207112351,en,0.2343934029340744,0.07448383420705795,0.04915908724069595,0.2993358373641968
7,61575152050067,hi,0.20813795924186707,0.08871215581893921,0.04927236586809158,0.2991331219673157
7,61573397313375,fr,0.2027117758989334,0.10107682645320892,0.03890374302864075,0.2996360659599304
7,61575817620916,fr,0.22489777207374573,0.08608580380678177,0.03229492902755737,0.29975593090057373
7,61575313410082,en,0.21906180679798126,0.08376417309045792,0.03850366175174713,0.2997531592845917
7,61575266811505,en,0.19436293840408325,0.0813152939081192,0.0315474271774292,0.2996690571308136
7,61574726476500,en,0.24857261776924133,0.06974098086357117,0.0531071275472641,0.29942381381988525
7,61575178964523,pt,0.20104731619358063,0.11143793910741806,0.038526564836502075,0.29935675859451294
7,61575940674829,hi,0.22722257673740387,0.0904884785413742,0.03509719669818878,0.29949119687080383
7,61574855621301,en,0.22714047133922577,0.07989198714494705,0.04568079859018326,0.29898881912231445
7,61575872908128,hi,0.2237105816602707,0.0911911204457283,0.030321359634399414,0.2995976507663727
7,61575227003442,it,0.256312757730484,0.06717135012149811,0.04824075102806091,0.29967182874679565
7,61575614841893,hi,0.22938382625579834,0.08763843029737473,0.037281960248947144,0.29977890849113464
7,61575828570433,en,0.2091776430606842,0.07593496143817902,0.062170982360839844,0.2986553907394409
7,61574831382328,en,0.22514395415782928,0.07906082272529602,0.030748218297958374,0.29966503381729126
7,61575496125684,en,0.22333693504333496,0.0935843214392662,0.03964725136756897,0.2996845543384552
7,61575356045890,it,0.19780634343624115,0.09339220076799393,0.06316564232110977,0.29924988746643066
7,61575172646079,it,0.19873252511024475,0.09388966113328934,0.046962909400463104,0.2998637557029724
7,61575027298560,en,0.22234535217285156,0.0882011130452156,0.030206024646759033,0.29937106370925903
7,61574817464063,en,0.24290089309215546,0.08638356626033783,0.032220855355262756,0.2994875907897949
7,61574781734933,it,0.20587274432182312,0.08206376433372498,0.04353442043066025,0.29964661598205566
7,61572766786766,en,0.22678078711032867,0.08688989281654358,0.05201553553342819,0.299685537815094
7,61575574524688,pt,0.22822870314121246,0.09050827473402023,0.04147782921791077,0.2998902499675751
7,61575226491299,en,0.215341717004776,0.09587424248456955,0.03467671573162079,0.2997414469718933
7,61573217543255,hi,0.21774758398532867,0.09351304918527603,0.03110608458518982,0.29958051443099976
7,61575838795093,pt,0.2103569209575653,0.0992756113409996,0.030754700303077698,0.2997032403945923
7,61575202633062,it,0.2196352481842041,0.09273162484169006,0.03140133619308472,0.29976221919059753
7,61575544152962,it,0.21920636296272278,0.09125356376171112,0.0325508713722229,0.29987239837646484
7,61575088062953,it,0.19877217710018158,0.11101832240819931,0.030741006135940552,0.2995515465736389
7,61575119561738,en,0.23102380335330963,0.09582370519638062,0.03856804966926575,0.29982513189315796
7,61574051276067,it,0.230124369263649,0.07459888607263565,0.06093689799308777,0.29969125986099243
7,61575013502873,it,0.19853642582893372,0.09047975391149521,0.03287211060523987,0.2989553213119507
7,61575571571675,fr,0.24300548434257507,0.08659492433071136,0.040122322738170624,0.2996911406517029
7,61573913763035,it,0.1717260181903839,0.10558066517114639,0.03153812885284424,0.299566388130188
7,61575557761520,it,0.2519703805446625,0.07274038344621658,0.046149373054504395,0.29966628551483154
7,61573544637558,fr,0.19883468747138977,0.08253820240497589,0.05078474432229996,0.29894304275512695
7,61573135240533,fr,0.22928453981876373,0.07779721915721893,0.04859921336174011,0.29916495084762573
7,61575098742695,hi,0.22671964764595032,0.08045188337564468,0.03087550401687622,0.2995874285697937
7,61575662108150,en,0.2311716377735138,0.10139934718608856,0.03369331359863281,0.2997702360153198
7,61575515733376,pt,0.23948945105075836,0.07220626622438431,0.057228848338127136,0.2993803024291992
7,61575661611123,hi,0.21380342543125153,0.08468472957611084,0.06015169620513916,0.29894697666168213
7,61575214162123,en,0.20810748636722565,0.09658247232437134,0.031149595975875854,0.2996300458908081
7,61573503322985,fr,0.21044643223285675,0.09432191401720047,0.034891992807388306,0.2996615767478943
7,61575198623528,hi,0.24100324511528015,0.08387327939271927,0.042828090488910675,0.299745112657547
7,61574714597809,pt,0.20221127569675446,0.0971846655011177,0.0324942022562027,0.29980117082595825
7,61575689695617,hi,0.23234383761882782,0.07851672917604446,0.033859118819236755,0.2993510365486145
7,61575606443963,hi,0.12913168966770172,0.09596604853868484,0.030728399753570557,0.2986948490142822
7,61575308401890,en,0.2403542846441269,0.08409590274095535,0.03684443235397339,0.29983651638031006
7,61575331140964,en,0.2459764927625656,0.08288740366697311,0.046329185366630554,0.29972705245018005
7,61572629921625,pt,0.22515587508678436,0.07589294761419296,0.0492953285574913,0.29943105578422546
7,61573600374605,en,0.20366503298282623,0.097956582903862,0.036790356040000916,0.2994111478328705
7,61575324090992,en,0.25557196140289307,0.07613474130630493,0.05284097045660019,0.2998323440551758
7,61575112067630,hi,0.23007048666477203,0.08037459850311279,0.030350327491760254,0.2996181845664978
7,61575470764521,pt,0.272302508354187,0.06322877109050751,0.048663556575775146,0.2998412847518921
7,61575257740412,hi,0.22008945047855377,0.0782613456249237,0.05223924666643143,0.299324095249176
7,61575324216831,en,0.23917435109615326,0.07089042663574219,0.04927106201648712,0.2997055649757385
7,61575433245776,it,0.1947038769721985,0.09433728456497192,0.04200010746717453,0.2995774745941162
7,61574801715376,en,0.2138374298810959,0.09505375474691391,0.03560253977775574,0.2997943162918091
7,61575229721815,fr,0.2268224060535431,0.08012556284666061,0.05368286371231079,0.29960405826568604
7,61575024946334,hi,0.19474704563617706,0.09618159383535385,0.047957852482795715,0.2995948791503906
7,61575617909167,en,0.18247045576572418,0.098712258040905,0.031329378485679626,0.2995871305465698
7,61574814822672,en,0.21975667774677277,0.08512111008167267,0.0411626473069191,0.29952722787857056
7,61575044985283,hi,0.21701131761074066,0.0911480039358139,0.032871559262275696,0.2989499270915985
7,61572607540933,fr,0.216569185256958,0.09877284616231918,0.032603561878204346,0.2996084690093994
7,61575005252655,en,0.21691635251045227,0.0878523588180542,0.04390901327133179,0.29978540539741516
7,61573167969034,fr,0.19997547566890717,0.10695519298315048,0.030431807041168213,0.299010694026947
7,61573516080607,it,0.15539899468421936,0.10218292474746704,0.031130865216255188,0.29932206869125366
7,61575561427679,pt,0.2223096787929535,0.09053237736225128,0.04715660214424133,0.29959025979042053
7,61575612269544,fr,0.20263415575027466,0.09359218925237656,0.030894815921783447,0.29961061477661133
7,61575152979706,hi,0.20815454423427582,0.09311751276254654,0.030480846762657166,0.2997179925441742
7,61574925813885,en,0.24296224117279053,0.08278089761734009,0.049303874373435974,0.299687922000885
7,61575647991754,hi,0.20141519606113434,0.10376926511526108,0.03032815456390381,0.2997458875179291
7,61575849294548,pt,0.25780534744262695,0.06594696640968323,0.046925850212574005,0.2997927665710449
7,61575732154813,en,0.22965727746486664,0.07781675457954407,0.04887518286705017,0.29972967505455017
7,61575207162938,hi,0.23096759617328644,0.08199101686477661,0.04955846071243286,0.2996915578842163
7,61573697084008,it,0.2312040776014328,0.08747006952762604,0.04273565113544464,0.29987725615501404
7,61574846917976,en,0.18394725024700165,0.0972331240773201,0.03152860701084137,0.29955509305000305
7,61574838672120,en,0.19854766130447388,0.10546036809682846,0.03857257962226868,0.29971009492874146
7,61575162879216,en,0.2122316062450409,0.09884665906429291,0.030824631452560425,0.2995527982711792
7,61575306427918,en,0.21824271976947784,0.07327266782522202,0.06443512439727783,0.29917603731155396
7,61575531152948,pt,0.2336973398923874,0.08772289007902145,0.03176349401473999,0.2998642325401306
7,61572731112276,fr,0.2503933906555176,0.06921116262674332,0.04810459166765213,0.2996361255645752
7,61573212846972,en,0.21591120958328247,0.09030734747648239,0.033674031496047974,0.29937049746513367
7,61573754471228,it,0.180640310049057,0.09898067265748978,0.034844011068344116,0.2987685203552246
7,61574858352338,en,0.22044675052165985,0.10316794365644455,0.030384153127670288,0.29944276809692383
7,61575255680659,it,0.2058188021183014,0.10111723840236664,0.03182549774646759,0.29961198568344116
7,61575126533596,en,0.21069397032260895,0.08879649639129639,0.031217947602272034,0.29912614822387695
7,61575180835678,en,0.25113222002983093,0.0654490664601326,0.04941362887620926,0.2998013496398926
7,61575580080566,it,0.21173802018165588,0.09354754537343979,0.03285756707191467,0.29882633686065674
7,61575695455292,en,0.2125571370124817,0.08221306651830673,0.046161949634552,0.29910486936569214
7,61574932177407,en,0.23409494757652283,0.08454342186450958,0.041937701404094696,0.2994183301925659
7,61575281169106,hi,0.1800864338874817,0.09407742321491241,0.03151242434978485,0.29933151602745056
7,61574785574733,it,0.22195184230804443,0.09577833861112595,0.03887474536895752,0.2996046841144562
7,61574691255198,en,0.2193407118320465,0.09672541916370392,0.0320863276720047,0.299752801656723
7,61572728411956,fr,0.20039288699626923,0.10980859398841858,0.03055402636528015,0.2996041178703308
7,61575647284322,pt,0.24621276557445526,0.06437932699918747,0.05120266228914261,0.29963529109954834
7,61575262870032,pt,0.21405039727687836,0.09217038005590439,0.031545743346214294,0.29976680874824524
7,61575794757479,pt,0.18784189224243164,0.10891781747341156,0.03038245439529419,0.2997748553752899
7,61574919303983,en,0.19384002685546875,0.09871106594800949,0.03190480172634125,0.29971882700920105
7,61573543259106,it,0.1821555346250534,0.10205227881669998,0.03168174624443054,0.29968100786209106
7,61575191317891,pt,0.21462175250053406,0.09770958125591278,0.03021344542503357,0.2998576760292053
7,61574708867579,en,0.21706269681453705,0.08561865985393524,0.04609452933073044,0.2995185852050781
7,61575368459933,pt,0.24252068996429443,0.06550765782594681,0.05692158639431,0.29896658658981323
7,61575688105742,fr,0.2236025184392929,0.08776571601629257,0.04149889200925827,0.2998054623603821
7,61575545102013,it,0.20473212003707886,0.09930842369794846,0.031029075384140015,0.29976576566696167
7,61572945636998,pt,0.1987915337085724,0.09384233504533768,0.03357957303524017,0.29948920011520386
7,61575533882644,pt,0.20693837106227875,0.09600596874952316,0.034166812896728516,0.2987573444843292
7,61573036322799,pt,0.2435852736234665,0.08077504485845566,0.04944580793380737,0.299471378326416
7,61575809341597,en,0.2197210192680359,0.08790183812379837,0.05211059749126434,0.29932305216789246
7,61575276789549,en,0.2445605844259262,0.07659909129142761,0.047196947038173676,0.2995908856391907
7,61575830879821,fr,0.17009183764457703,0.087505042552948,0.030577734112739563,0.29592350125312805
7,61575169251615,en,0.2096218317747116,0.09228410571813583,0.03762859106063843,0.29809457063674927
7,61575188275516,it,0.205377459526062,0.09537684172391891,0.03614617884159088,0.2997964024543762
7,61575455591111,pt,0.17940443754196167,0.10536771267652512,0.03948603570461273,0.2990860939025879
7,61575040950775,en,0.21390393376350403,0.09220635145902634,0.046972379088401794,0.2996683418750763
7,61575734633308,en,0.21683700382709503,0.09195861965417862,0.030905842781066895,0.2995446026325226
7,61575131576367,en,0.21276678144931793,0.09674272686243057,0.03251075744628906,0.2996521294116974
7,61574939766846,pt,0.2097107470035553,0.09129758179187775,0.04846673458814621,0.29949426651000977
7,61575729844682,en,0.22757332026958466,0.08017534762620926,0.03527511656284332,0.2993667423725128
7,61574845121589,pt,0.23531058430671692,0.08720315247774124,0.05212501436471939,0.2994607090950012
7,61575154635451,it,0.2497081458568573,0.07789308577775955,0.04856615513563156,0.2995995283126831
7,61573639576797,it,0.2134382277727127,0.10203303396701813,0.032090917229652405,0.2990950345993042
7,61575046350558,en,0.2141532152891159,0.09501154720783234,0.034937113523483276,0.2997482717037201
7,61575225621439,en,0.1841270476579666,0.11162897944450378,0.030394896864891052,0.29901498556137085
7,61574914234585,en,0.16416676342487335,0.10906076431274414,0.030439361929893494,0.2991405129432678
7,61575259270245,hi,0.2141037881374359,0.08831676095724106,0.038559600710868835,0.29860180616378784
7,61575149005237,en,0.1882476806640625,0.09513182938098907,0.030996844172477722,0.29909199476242065
7,61572817333773,en,0.20390312373638153,0.10302457213401794,0.03131203353404999,0.2998397946357727
7,61575001534754,hi,0.18257904052734375,0.10093598067760468,0.03108474612236023,0.29884734749794006
7,61575236645717,hi,0.2089427411556244,0.09235833585262299,0.031140685081481934,0.29883721470832825
7,61573040625137,fr,0.1891571581363678,0.100230373442173,0.033234357833862305,0.2996640205383301
7,61575227471920,pt,0.19667312502861023,0.09776002913713455,0.04117453843355179,0.2992919683456421
7,61575371015595,it,0.21618454158306122,0.09353962540626526,0.03045816719532013,0.299141526222229
7,61575238131572,pt,0.18936774134635925,0.1019778624176979,0.03327538073062897,0.299616277217865
7,61575031471293,en,0.23659785091876984,0.08766693621873856,0.0498267337679863,0.299823522567749
7,61573693491518,it,0.2563363313674927,0.06837388128042221,0.04700491577386856,0.29975825548171997
7,61575226372155,it,0.23502425849437714,0.07496313750743866,0.04699578136205673,0.2998020052909851
7,61575195653637,pt,0.18755534291267395,0.09991270303726196,0.032179251313209534,0.29929646849632263
7,61574786863896,en,0.22572444379329681,0.07931981235742569,0.05590939521789551,0.2991706430912018
7,61575716964202,hi,0.2148059606552124,0.09351654350757599,0.04361546039581299,0.29974448680877686
7,61575229057307,en,0.2280557006597519,0.08831844478845596,0.03725580871105194,0.2995311915874481
7,61574817494524,fr,0.24161860346794128,0.085870161652565,0.03201834857463837,0.2997782230377197
7,61575049831217,pt,0.2174709141254425,0.09372884035110474,0.031194984912872314,0.2996583580970764
7,61575115584213,en,0.24169017374515533,0.0815785601735115,0.0522264763712883,0.29894834756851196
7,61575531062633,fr,0.19673755764961243,0.10248112678527832,0.033811941742897034,0.2989790439605713
7,61575270759607,pt,0.19459931552410126,0.10548238456249237,0.03109806776046753,0.29929667711257935
7,61575091169103,en,0.23086225986480713,0.08740638196468353,0.04830765724182129,0.2997483015060425
7,61575318607485,it,0.22209368646144867,0.08424228429794312,0.042994700372219086,0.29961591958999634
7,61575243677655,pt,0.2120230793952942,0.10278963297605515,0.03194907307624817,0.2997606694698334
7,61574730557113,en,0.17725664377212524,0.10741708427667618,0.0313684344291687,0.298871248960495
7,61575148359774,en,0.22241179645061493,0.08969424664974213,0.03883624076843262,0.29951637983322144
7,61574992834078,fr,0.19952750205993652,0.10367066413164139,0.03756199777126312,0.2997792363166809
7,61575075716110,en,0.16855640709400177,0.09562478214502335,0.03939428925514221,0.29944583773612976
7,61574997930238,en,0.22463437914848328,0.09279823303222656,0.03156717121601105,0.2997109293937683
7,61574921619079,fr,0.21700000762939453,0.09211035817861557,0.03186662495136261,0.299163818359375
7,61574943633252,en,0.2525436282157898,0.05874167010188103,0.06282762438058853,0.2997422218322754
7,61575434374955,fr,0.194290429353714,0.1026657298207283,0.03369958698749542,0.2979867160320282
7,61575079453209,en,0.2284936010837555,0.088496632874012,0.04672679305076599,0.29969432950019836
7,61575243441350,hi,0.13925598561763763,0.09714403003454208,0.03264591097831726,0.29900532960891724
7,61574979845984,en,0.20460239052772522,0.10050473362207413,0.032546669244766235,0.2995830774307251
7,61575338256889,hi,0.2281203269958496,0.08699919283390045,0.04985000938177109,0.2988247871398926
7,61574715494235,en,0.25200676918029785,0.07509264349937439,0.04631940275430679,0.29984161257743835
7,61573536988081,fr,0.23686131834983826,0.08693145215511322,0.030329197645187378,0.29928648471832275
7,61574815842320,en,0.24091443419456482,0.06548130512237549,0.05428629368543625,0.2995355725288391
7,61575631794140,fr,0.2512344419956207,0.06610903888940811,0.05714431405067444,0.29940351843833923
7,61575221512411,hi,0.2501083016395569,0.06721795350313187,0.052415281534194946,0.2992015480995178
7,61575087119240,pt,0.22483375668525696,0.09011536836624146,0.0481366291642189,0.2998027205467224
7,61575310034038,pt,0.2141791582107544,0.09442221373319626,0.033653080463409424,0.29970240592956543
7,61575317113475,pt,0.21126414835453033,0.09385582059621811,0.03545704483985901,0.2995750308036804
7,61575603778005,it,0.2439165562391281,0.07541961222887039,0.0494469553232193,0.2998499572277069
7,61575221286306,hi,0.19909650087356567,0.09252142906188965,0.03928735852241516,0.29965221881866455
7,61575667346713,en,0.2515181303024292,0.07399502396583557,0.04701314866542816,0.29974251985549927
7,61575153195537,fr,0.2363719642162323,0.08379935473203659,0.049296602606773376,0.2997688055038452
7,61573680682759,en,0.2178080677986145,0.0841536894440651,0.030202463269233704,0.2997141182422638
7,61574788035043,hi,0.20323558151721954,0.09642963856458664,0.038287922739982605,0.2985892593860626
7,61574978975929,en,0.19635224342346191,0.09965495765209198,0.037668198347091675,0.29910221695899963
7,61574901935438,en,0.23313771188259125,0.08084676414728165,0.047216713428497314,0.2995721101760864
7,61575119187638,it,0.2111254185438156,0.08413130789995193,0.05125873535871506,0.298331618309021
7,61575200353453,it,0.18435800075531006,0.1104358658194542,0.03923116624355316,0.2993925213813782
7,61575017759285,en,0.2098492980003357,0.09605193138122559,0.036028191447257996,0.299548864364624
7,61572897099580,en,0.2548061013221741,0.06388282030820847,0.051009200513362885,0.29962778091430664
7,61575213712850,fr,0.223214790225029,0.08631197363138199,0.05039678514003754,0.2996341586112976
7,61576073780317,hi,0.20389750599861145,0.09267497807741165,0.030306249856948853,0.2995043396949768
7,61575211332811,en,0.21443845331668854,0.09425294399261475,0.03415311872959137,0.2997977137565613
7,61573018383344,fr,0.207166850566864,0.09704747796058655,0.03678025305271149,0.2990298271179199
7,61575326856811,en,0.20973046123981476,0.08382656425237656,0.0315423309803009,0.2994566559791565
7,61574828802630,fr,0.18602609634399414,0.10451385378837585,0.03150123357772827,0.2987976670265198
7,61575905331775,pt,0.197564959526062,0.11144835501909256,0.03027556836605072,0.2997792959213257
7,61574996597830,it,0.23883982002735138,0.08084645867347717,0.04488588869571686,0.29984286427497864
7,61573394763409,fr,0.2374444156885147,0.07864782214164734,0.050536058843135834,0.29948192834854126
7,61575582750038,it,0.19369660317897797,0.10852557420730591,0.032500118017196655,0.2995244860649109
7,61575561445414,en,0.24492816627025604,0.06632895022630692,0.05453817546367645,0.29928481578826904
7,61575288632779,en,0.24563008546829224,0.07156070321798325,0.056380726397037506,0.299674928188324
7,61575557971497,fr,0.18140652775764465,0.09787921607494354,0.030253246426582336,0.2987287938594818
7,61575557408009,pt,0.2157549411058426,0.094758540391922,0.030458182096481323,0.2997972369194031
7,61574936016860,it,0.21303774416446686,0.10106921195983887,0.03495779633522034,0.29945313930511475
7,61574780144844,en,0.21258097887039185,0.08864257484674454,0.030378177762031555,0.2995685040950775
7,61574964602105,en,0.1949981153011322,0.09427956491708755,0.03055216372013092,0.29938870668411255
7,61575796651817,fr,0.21839815378189087,0.07050076127052307,0.06301619857549667,0.29836899042129517
7,61575263799927,pt,0.2128038853406906,0.08900418877601624,0.049519941210746765,0.2988247573375702
7,61575792327507,it,0.2098577320575714,0.09447067230939865,0.03514079749584198,0.2995292544364929
7,61572939997623,en,0.24159716069698334,0.08292227983474731,0.04544790834188461,0.2997604310512543
7,61575503980281,pt,0.22061751782894135,0.08897866308689117,0.038598284125328064,0.2998051047325134
7,61573535549602,it,0.21419893205165863,0.09481039643287659,0.03512181341648102,0.2997937798500061
7,61575380549834,hi,0.21003203094005585,0.10155430436134338,0.03127036988735199,0.29959526658058167
7,61574940786036,pt,0.2406506985425949,0.08134251087903976,0.047154203057289124,0.29949742555618286
7,61575036330853,en,0.24845463037490845,0.07621217519044876,0.0538485050201416,0.29944196343421936
7,61575179504190,en,0.2168927788734436,0.08469969779253006,0.030493304133415222,0.29919272661209106
7,61575184523495,en,0.20016181468963623,0.103913813829422,0.030450060963630676,0.29958510398864746
7,61574984850248,en,0.20369581878185272,0.09361609816551208,0.03894738852977753,0.29973748326301575
7,61574896568851,en,0.22170497477054596,0.10100257396697998,0.03153705596923828,0.2996947169303894
7,61575328303165,pt,0.23118826746940613,0.09416814148426056,0.045463718473911285,0.29974862933158875
7,61573639284043,pt,0.1763957291841507,0.09685845673084259,0.0318903923034668,0.2988350987434387
7,61575025306519,hi,0.19726337492465973,0.08739226311445236,0.03122754395008087,0.2989540696144104
7,61573044255129,hi,0.23364673554897308,0.08192754536867142,0.05463439226150513,0.29980599880218506
7,61575854874351,pt,0.18808840215206146,0.11401184648275375,0.03018394112586975,0.2989806830883026
7,61575562855407,hi,0.18221615254878998,0.10096541792154312,0.030770733952522278,0.2985215187072754
7,61573160396182,fr,0.2241089642047882,0.07740763574838638,0.05191906541585922,0.29979056119918823
7,61575025023617,pt,0.22656649351119995,0.09230836480855942,0.030286923050880432,0.29976266622543335
7,61574913877788,pt,0.20406997203826904,0.10114730894565582,0.03135250508785248,0.29981309175491333
7,61575798830806,it,0.21531328558921814,0.08029378205537796,0.045353420078754425,0.29966700077056885
7,61574946005614,en,0.19246675074100494,0.10262655466794968,0.0378202348947525,0.29964983463287354
7,61575095245405,en,0.21660150587558746,0.09320953488349915,0.03066873550415039,0.2994096875190735
7,61575005853006,it,0.2072083055973053,0.09653430432081223,0.031641989946365356,0.29970234632492065
7,61575311377502,en,0.18432940542697906,0.10460922122001648,0.03275512158870697,0.2993532419204712
7,61575649624207,pt,0.18421946465969086,0.10456757247447968,0.03501985967159271,0.29983729124069214
7,61575203023035,hi,0.16285823285579681,0.09765861183404922,0.035063982009887695,0.2982536554336548
7,61575079169748,pt,0.23496809601783752,0.07883087545633316,0.047828078269958496,0.29970964789390564
7,61575148797368,en,0.2208859622478485,0.08665189146995544,0.04705532640218735,0.2997218370437622
7,61573053375071,fr,0.21810045838356018,0.07978597283363342,0.05570998787879944,0.2993767261505127
7,61575000899895,en,0.15799188613891602,0.10717756301164627,0.03350341320037842,0.29774346947669983
7,61575098818802,pt,0.22637394070625305,0.08139989525079727,0.04724693298339844,0.29966598749160767
7,61575028711256,fr,0.217631995677948,0.0820278525352478,0.05978059768676758,0.2996669411659241
7,61575147567358,fr,0.2144595831632614,0.09254592657089233,0.031054973602294922,0.2993968725204468
7,61575045675245,en,0.20628568530082703,0.09586506336927414,0.0457315593957901,0.29984742403030396
7,61575057779980,en,0.11910548061132431,0.09441148489713669,0.031127825379371643,0.29762500524520874
7,61575770523168,hi,0.23425845801830292,0.08770398050546646,0.04652255028486252,0.29975390434265137
7,61574724737317,it,0.2051205039024353,0.09941168129444122,0.03363621234893799,0.29878729581832886
7,61575674126417,hi,0.22884023189544678,0.08258026093244553,0.0618983656167984,0.29930683970451355
7,61575207773071,it,0.21153059601783752,0.07401923835277557,0.05009295791387558,0.2990676760673523
7,61574911149534,it,0.24481353163719177,0.08778919279575348,0.03237225115299225,0.2998339533805847
7,61575719364055,hi,0.2166200876235962,0.08319821953773499,0.053234897553920746,0.29952460527420044
7,61575150555733,en,0.2612556219100952,0.06681141257286072,0.046858787536621094,0.2996904253959656
7,61573382480931,pt,0.22504070401191711,0.09284722805023193,0.03384745121002197,0.2991483807563782
7,61575204173147,fr,0.2305222451686859,0.08150822669267654,0.0537467896938324,0.2995942234992981
7,61575618485389,pt,0.19442181289196014,0.09562163054943085,0.03323875367641449,0.299661248922348
7,61574764996945,it,0.192127987742424,0.08378402888774872,0.0396946519613266,0.2984728515148163
7,61575140890194,en,0.2135554403066635,0.08453654497861862,0.04141329973936081,0.2980149984359741
7,61574799343860,pt,0.21511030197143555,0.0984797477722168,0.032134175300598145,0.29917436838150024
7,61575609593809,hi,0.1777929663658142,0.09743428230285645,0.030266761779785156,0.29905182123184204
7,61575088470429,it,0.26058951020240784,0.062119245529174805,0.05410095304250717,0.29983243346214294
7,61575274899327,en,0.20837952196598053,0.09223713725805283,0.0402262806892395,0.29963451623916626
7,61575600087094,hi,0.20687533915042877,0.08699128776788712,0.06331955641508102,0.2995542883872986
7,61575787832729,en,0.223906472325325,0.08689723908901215,0.03537604212760925,0.2994975447654724
7,61575132716094,en,0.1944311112165451,0.09108973294496536,0.03135412931442261,0.2978246510028839
7,61574996550205,en,0.1971135139465332,0.10698022693395615,0.031996697187423706,0.2996848225593567
7,61575311491588,en,0.18516211211681366,0.10920868813991547,0.03185935318470001,0.2998639941215515
7,61575634528316,en,0.22980521619319916,0.07859813421964645,0.047588467597961426,0.29958850145339966
7,61575731093467,en,0.190460205078125,0.09550993889570236,0.03275512158870697,0.29972898960113525
7,61575208972156,en,0.2610538899898529,0.06688372045755386,0.04741668701171875,0.29972320795059204
7,61575728753782,en,0.24730247259140015,0.07372088730335236,0.04628222435712814,0.2997209429740906
7,61572985534941,pt,0.18537738919258118,0.10137768089771271,0.030994966626167297,0.2995034456253052
7,61574651897378,en,0.22855693101882935,0.09651752561330795,0.0313601940870285,0.2996363639831543
7,61573437931596,en,0.23185262084007263,0.08310114592313766,0.04711095243692398,0.29951968789100647
7,61575463714708,hi,0.15038269758224487,0.09412392228841782,0.03054051101207733,0.29544585943222046
7,61575106577835,it,0.20044144988059998,0.09563808143138885,0.03927311301231384,0.2996043860912323
7,61575582540110,pt,0.20232552289962769,0.0979195237159729,0.03126378357410431,0.29892873764038086
7,61575112227227,en,0.18807773292064667,0.08675754070281982,0.03078913688659668,0.29899176955223083
7,61575953244525,hi,0.24791115522384644,0.06678777933120728,0.05742868781089783,0.2995132505893707
7,61574966165566,pt,0.20093375444412231,0.10205508023500443,0.0325084924697876,0.29887568950653076
7,61575494398591,hi,0.2675505578517914,0.06533608585596085,0.045300550758838654,0.29977208375930786
7,61575327722596,fr,0.17398783564567566,0.10982189327478409,0.03089587390422821,0.2989206314086914
7,61573552948536,it,0.21352152526378632,0.08809307217597961,0.0339803546667099,0.2987210154533386
7,61574967244321,en,0.22559067606925964,0.08268332481384277,0.06337887793779373,0.299413800239563
7,61575264860231,en,0.22276416420936584,0.08315806090831757,0.030427366495132446,0.2996704578399658
7,61575355296120,hi,0.26136142015457153,0.062458790838718414,0.053791314363479614,0.2998122274875641
7,61575394229554,en,0.20171022415161133,0.10225746035575867,0.032437533140182495,0.2992812991142273
7,61575129190978,en,0.1979285329580307,0.0979461520910263,0.0313468873500824,0.29912734031677246
7,61575161685429,pt,0.18004710972309113,0.09224924445152283,0.03277534246444702,0.2991143465042114
7,61575056637344,en,0.21074031293392181,0.08796597272157669,0.03838495910167694,0.29965728521347046
7,61573167310365,it,0.2624569535255432,0.06470149010419846,0.0489264577627182,0.2989426553249359
7,61575552217980,pt,0.24051347374916077,0.0808015912771225,0.044787608087062836,0.29976731538772583
7,61575461561304,pt,0.22763395309448242,0.0813625156879425,0.04761286824941635,0.299468994140625
7,61574835341215,fr,0.23853015899658203,0.06712620705366135,0.0603913888335228,0.29950588941574097
7,61573074840596,fr,0.23445935547351837,0.08755131810903549,0.04842134565114975,0.29981666803359985
7,61576059230191,it,0.21126021444797516,0.09567383676767349,0.041150279343128204,0.2997491955757141
7,61574931846511,it,0.2064879983663559,0.09578400105237961,0.03177809715270996,0.2995678186416626
7,61574053119016,it,0.21383273601531982,0.10293497890233994,0.030520930886268616,0.29941561818122864
7,61575680942688,pt,0.20298120379447937,0.09202894568443298,0.051406651735305786,0.29952770471572876
7,61575019756700,pt,0.21913272142410278,0.08861105144023895,0.0499463751912117,0.299632728099823
7,61574772375215,fr,0.1926487684249878,0.09938304871320724,0.046539850533008575,0.29978519678115845
7,61575158695568,pt,0.21313169598579407,0.09565696120262146,0.037866175174713135,0.2998405992984772
7,61574949937616,en,0.2590903043746948,0.06636485457420349,0.049795784056186676,0.29942846298217773
7,61575100662412,en,0.2533547282218933,0.06532987207174301,0.0489824041724205,0.299566388130188
7,61575090989206,fr,0.18876124918460846,0.08942870050668716,0.030203506350517273,0.2984170913696289
7,61575956484127,hi,0.22303977608680725,0.08620485663414001,0.03787948191165924,0.2996065616607666
7,61575671456434,it,0.25056570768356323,0.06960549205541611,0.06132245063781738,0.29972708225250244
7,61574940158280,it,0.21123453974723816,0.10052382200956345,0.047600068151950836,0.2996574342250824
7,61574861712206,pt,0.23467768728733063,0.07537850737571716,0.05241992324590683,0.29906314611434937
7,61575229631870,pt,0.2486075609922409,0.0765974149107933,0.04749719798564911,0.2998647391796112
7,61574980024843,hi,0.24404573440551758,0.07171004265546799,0.04984774440526962,0.299633651971817
7,61573112383233,it,0.20872221887111664,0.07952883094549179,0.0432002916932106,0.2984859347343445
7,61574999867383,en,0.21962761878967285,0.0700940191745758,0.06390678882598877,0.29898345470428467
7,61575161305509,fr,0.1964922845363617,0.10691666603088379,0.03415954113006592,0.29898691177368164
7,61575805711531,it,0.2673770487308502,0.06443997472524643,0.04634479433298111,0.2998294234275818
7,61574930586709,pt,0.19037453830242157,0.09376773238182068,0.044898711144924164,0.2987324595451355
7,61575036691879,fr,0.1625618189573288,0.1047855019569397,0.032284170389175415,0.29971998929977417
7,61573876354741,it,0.20247815549373627,0.09947028011083603,0.030970290303230286,0.29920798540115356
7,61575152385454,fr,0.2050623595714569,0.09091159701347351,0.04328025132417679,0.2997567355632782
7,61575797240901,it,0.21169285476207733,0.1062752977013588,0.03512181341648102,0.29972171783447266
7,61574787854878,pt,0.2104688286781311,0.06394535303115845,0.06378663331270218,0.29886746406555176
7,61575123077172,hi,0.23759467899799347,0.0827334076166153,0.056047193706035614,0.2996685206890106
7,61575258724354,hi,0.23743218183517456,0.07862890511751175,0.05940192937850952,0.2989022433757782
7,61574884989863,fr,0.19755935668945312,0.10481917858123779,0.03333939611911774,0.2995608448982239
7,61575171524686,it,0.20162780582904816,0.10454267263412476,0.03901824355125427,0.29970574378967285
7,61575695695222,en,0.25909799337387085,0.06415174156427383,0.04870903491973877,0.2988032102584839
8,61574934126943,pt,0.1599803864955902,0.09864069521427155,0.030485719442367554,0.29832184314727783
8,61575131153481,en,0.2368188202381134,0.08188923448324203,0.04725212603807449,0.29965654015541077
8,61574801413926,fr,0.21601660549640656,0.08664537966251373,0.03362245857715607,0.29930490255355835
8,61575315757634,fr,0.1966739296913147,0.09239087998867035,0.05014590919017792,0.2994447946548462
8,61574863962100,it,0.21763554215431213,0.08384960889816284,0.059243954718112946,0.2995312809944153
8,61575201373332,fr,0.218899667263031,0.09326625615358353,0.03291136026382446,0.29980918765068054
8,61575691416622,hi,0.222267746925354,0.0884748175740242,0.04794410616159439,0.29970085620880127
8,61574905567721,en,0.21824027597904205,0.0765208899974823,0.06409307569265366,0.2993181347846985
8,61575169251717,en,0.19393861293792725,0.10107216238975525,0.03542757034301758,0.29936569929122925
8,61575111478220,pt,0.21908143162727356,0.08282161504030228,0.046776749193668365,0.299236536026001
8,61575569215048,hi,0.21244564652442932,0.08989252150058746,0.044141121208667755,0.2992610037326813
8,61575003004721,fr,0.20230033993721008,0.09465350955724716,0.03075432777404785,0.29862213134765625
8,61575027123549,en,0.20327042043209076,0.0997823178768158,0.030364245176315308,0.2996518611907959
8,61574951645380,en,0.23574253916740417,0.08306087553501129,0.0464787483215332,0.29948386549949646
8,61574727556591,en,0.21279525756835938,0.07429227232933044,0.05212193727493286,0.2996068000793457
8,61575239345239,en,0.2303260713815689,0.09057137370109558,0.033353373408317566,0.2997487783432007
8,61575622629793,it,0.20384500920772552,0.0967617854475975,0.030454307794570923,0.299773633480072
8,61575174584515,fr,0.24061299860477448,0.08395713567733765,0.03235188126564026,0.2991151213645935
8,61575689432183,pt,0.2250256985425949,0.08564843237400055,0.03195309638977051,0.29978424310684204
8,61575053907477,en,0.1884983330965042,0.10547593235969543,0.03023737668991089,0.2996056377887726
8,61575568405010,en,0.22154800593852997,0.08139542490243912,0.04908400774002075,0.2988143861293793
8,61575007354364,en,0.2249714881181717,0.0884058028459549,0.042370788753032684,0.2994917929172516
8,61575205783063,hi,0.21586397290229797,0.08179368823766708,0.05736764520406723,0.2990615963935852
8,61574652767188,en,0.23625782132148743,0.06538057327270508,0.0544498935341835,0.2986071705818176
8,61574821569203,en,0.20189133286476135,0.09048331528902054,0.031220480799674988,0.2994999885559082
8,61575347826373,hi,0.20044013857841492,0.09162721037864685,0.042716123163700104,0.2997083365917206
8,61575116351597,hi,0.2461472600698471,0.07237594574689865,0.047142721712589264,0.29980581998825073
8,61574764605724,fr,0.23518989980220795,0.07781471312046051,0.057523779571056366,0.29946544766426086
8,61575210563029,fr,0.24640212953090668,0.07227315753698349,0.045407675206661224,0.299744576215744
8,61574937547028,it,0.20533956587314606,0.08932614326477051,0.03158293664455414,0.2998349070549011
8,61575062566013,en,0.20631368458271027,0.10185612738132477,0.03225025534629822,0.29969918727874756
8,61575004409946,en,0.22131754457950592,0.08756890892982483,0.03143985569477081,0.2997186779975891
8,61575167439026,en,0.2048070728778839,0.09935905039310455,0.04110042750835419,0.2998511791229248
8,61575303902251,en,0.19521859288215637,0.10038254410028458,0.03480611741542816,0.29932475090026855
8,61574987700816,en,0.23471999168395996,0.0844603106379509,0.04140308499336243,0.2997143864631653
8,61575062519607,en,0.23362328112125397,0.07753291726112366,0.05661837011575699,0.2987879514694214
8,61575236351657,fr,0.17205026745796204,0.10592332482337952,0.030506938695907593,0.2990228533744812
8,61575255040324,en,0.2178146094083786,0.08564875274896622,0.031223192811012268,0.2991371750831604
8,61575799107152,pt,0.1995285004377365,0.09891415387392044,0.03244216740131378,0.29944685101509094
8,61575637913685,en,0.21727252006530762,0.09254177659749985,0.03344695270061493,0.29925990104675293
8,61575138556380,en,0.22154243290424347,0.07081485539674759,0.06274890899658203,0.29893627762794495
8,61575527222862,it,0.23131676018238068,0.07743113487958908,0.049671679735183716,0.29935187101364136
8,61573054454503,fr,0.2495071291923523,0.07149916887283325,0.04719184339046478,0.29979565739631653
8,61574839903015,it,0.23619768023490906,0.09377514570951462,0.030459150671958923,0.29982054233551025
8,61574788001360,en,0.1941593885421753,0.10335908830165863,0.030378282070159912,0.29927361011505127
8,61575207112351,en,0.22601547837257385,0.07576872408390045,0.052824221551418304,0.2992931604385376
8,61575152050067,hi,0.19750520586967468,0.08954349905252457,0.04548848420381546,0.29911792278289795
8,61573397313375,fr,0.2059333622455597,0.09906500577926636,0.03325222432613373,0.29961562156677246
8,61575817620916,fr,0.23147836327552795,0.08197095990180969,0.03387933969497681,0.29980987310409546
8,61575313410082,en,0.21954625844955444,0.08574121445417404,0.0397348552942276,0.29975757002830505
8,61575266811505,en,0.19552433490753174,0.07989097386598587,0.03423398733139038,0.2996293902397156
8,61574726476500,en,0.24912631511688232,0.070856474339962,0.047487325966358185,0.2996157705783844
8,61575178964523,pt,0.2003089040517807,0.10978415608406067,0.03624419867992401,0.2992956042289734
8,61575940674829,hi,0.22378267347812653,0.09163825958967209,0.036158621311187744,0.29947590827941895
8,61574855621301,en,0.22610068321228027,0.08194198459386826,0.04057531803846359,0.2989981770515442
8,61575872908128,hi,0.22542019188404083,0.09104391187429428,0.03066413104534149,0.29953885078430176
8,61575227003442,it,0.25656023621559143,0.06688430160284042,0.046791575849056244,0.2996404767036438
8,61575614841893,hi,0.22946235537528992,0.08517903834581375,0.03779444098472595,0.2998335063457489
8,61575828570433,en,0.2136377990245819,0.0736732929944992,0.05490155518054962,0.29814642667770386
8,61574831382328,en,0.22338591516017914,0.08130482584238052,0.032119303941726685,0.299641489982605
8,61575496125684,en,0.22525368630886078,0.09231097996234894,0.04504859447479248,0.29967671632766724
8,61575356045890,it,0.2009207308292389,0.0899326354265213,0.05465873330831528,0.2991454601287842
8,61575172646079,it,0.19989173114299774,0.09269003570079803,0.04582233726978302,0.299866259098053
8,61575027298560,en,0.2233358919620514,0.08484461903572083,0.030266806483268738,0.2994379699230194
8,61574817464063,en,0.24310222268104553,0.08480780571699142,0.03556361794471741,0.29950201511383057
8,61574781734933,it,0.20691749453544617,0.08452367037534714,0.04508529603481293,0.2996166944503784
8,61572766786766,en,0.2289891391992569,0.08283182978630066,0.050386808812618256,0.2996324896812439
8,61575574524688,pt,0.22962358593940735,0.08976452797651291,0.041476622223854065,0.2998836040496826
8,61575226491299,en,0.21255385875701904,0.09538304060697556,0.03310327231884003,0.299757719039917
8,61573217543255,hi,0.22043254971504211,0.09300851821899414,0.03314739465713501,0.29952672123908997
8,61575838795093,pt,0.20985147356987,0.09968717396259308,0.03102588653564453,0.29973816871643066
8,61575202633062,it,0.21128810942173004,0.09292566776275635,0.03067392110824585,0.2997494339942932
8,61575544152962,it,0.22084416449069977,0.08670998364686966,0.03409190475940704,0.29986071586608887
8,61575088062953,it,0.19011624157428741,0.108893983066082,0.03049205243587494,0.29950541257858276
8,61575119561738,en,0.23284737765789032,0.09426123648881912,0.046918824315071106,0.299837589263916
8,61574051276067,it,0.22922076284885406,0.07432441413402557,0.05727774649858475,0.29969602823257446
8,61575013502873,it,0.19620461761951447,0.09372754395008087,0.03211888670921326,0.2988637387752533
8,61575571571675,fr,0.2446412295103073,0.08256451040506363,0.04760536551475525,0.29970550537109375
8,61573913763035,it,0.17274850606918335,0.105880968272686,0.031762510538101196,0.29959428310394287
8,61575557761520,it,0.253349632024765,0.07059118896722794,0.04703471064567566,0.2996673285961151
8,61573544637558,fr,0.19736088812351227,0.084431491792202,0.05026143789291382,0.2988264560699463
8,61573135240533,fr,0.22225359082221985,0.0817214772105217,0.061921074986457825,0.2991924285888672
8,61575098742695,hi,0.22904613614082336,0.08047367632389069,0.0306662917137146,0.2995874285697937
8,61575662108150,en,0.232070192694664,0.10307233035564423,0.03556787967681885,0.2997936010360718
8,61575515733376,pt,0.2399420291185379,0.07308555394411087,0.05244169384241104,0.29948943853378296
8,61575661611123,hi,0.216959148645401,0.08535159379243851,0.06396955251693726,0.2992708086967468
8,61575214162123,en,0.20623508095741272,0.09662391245365143,0.03099827468395233,0.2996729016304016
8,61573503322985,fr,0.21382997930049896,0.09499426186084747,0.03349199891090393,0.29968929290771484
8,61575198623528,hi,0.24426010251045227,0.08277449756860733,0.05023353546857834,0.2997601330280304
8,61574714597809,pt,0.21073973178863525,0.09424930810928345,0.03570510447025299,0.29983437061309814
8,61575689695617,hi,0.23589862883090973,0.07962342351675034,0.03278350830078125,0.29958245158195496
8,61575606443963,hi,0.13481388986110687,0.09780797362327576,0.03088720142841339,0.2981916666030884
8,61575308401890,en,0.23956431448459625,0.08310893923044205,0.0364496111869812,0.29982590675354004
8,61575331140964,en,0.24690906703472137,0.08292577415704727,0.04533647745847702,0.29976338148117065
8,61572629921625,pt,0.21462957561016083,0.08463437855243683,0.05149826407432556,0.29927754402160645
8,61573600374605,en,0.2026968151330948,0.09765667468309402,0.038873881101608276,0.29917100071907043
8,61575324090992,en,0.253995418548584,0.07910683006048203,0.053805992007255554,0.2998232841491699
8,61575112067630,hi,0.24037761986255646,0.08384010940790176,0.030620962381362915,0.2996668219566345
8,61575470764521,pt,0.2727604806423187,0.06251129508018494,0.049946337938308716,0.29984670877456665
8,61575257740412,hi,0.22366026043891907,0.08136837929487228,0.055026546120643616,0.2990906238555908
8,61575324216831,en,0.23892533779144287,0.07189149409532547,0.04809132218360901,0.2997448444366455
8,61575433245776,it,0.20424634218215942,0.087127186357975,0.050307467579841614,0.2996521592140198
8,61574801715376,en,0.21363426744937897,0.09527011960744858,0.03352963924407959,0.29981017112731934
8,61575229721815,fr,0.2309858500957489,0.08028682321310043,0.0509982705116272,0.2995055615901947
8,61575024946334,hi,0.19736652076244354,0.09807250648736954,0.03699612617492676,0.29948973655700684
8,61575617909167,en,0.1876501888036728,0.09698863327503204,0.03281548619270325,0.29959559440612793
8,61574814822672,en,0.2164190113544464,0.08401758223772049,0.039026886224746704,0.29956167936325073
8,61575044985283,hi,0.21518008410930634,0.08886168152093887,0.031769201159477234,0.2986075282096863
8,61572607540933,fr,0.20865654945373535,0.09883156418800354,0.03122219443321228,0.29955539107322693
8,61575005252655,en,0.22029326856136322,0.08764014393091202,0.04053866118192673,0.29981690645217896
8,61573167969034,fr,0.19840332865715027,0.10684129595756531,0.030410945415496826,0.2991805374622345
8,61573516080607,it,0.15503011643886566,0.10314483940601349,0.03125829994678497,0.299174964427948
8,61575561427679,pt,0.21605198085308075,0.0951632484793663,0.0512596070766449,0.29958605766296387
8,61575612269544,fr,0.2000979483127594,0.09492429345846176,0.031819358468055725,0.2996094226837158
8,61575152979706,hi,0.20851784944534302,0.09406968951225281,0.030696898698806763,0.2995910346508026
8,61574925813885,en,0.2418874055147171,0.08101101219654083,0.048355311155319214,0.2997302711009979
8,61575647991754,hi,0.20276395976543427,0.1023719310760498,0.030275747179985046,0.2996874153614044
8,61575849294548,pt,0.24982105195522308,0.06972348690032959,0.04660818725824356,0.29978832602500916
8,61575732154813,en,0.21436822414398193,0.08014895021915436,0.05543443560600281,0.29970782995224
8,61575207162938,hi,0.23759791254997253,0.08051707595586777,0.04856705665588379,0.29972338676452637
8,61573697084008,it,0.22735196352005005,0.0873507559299469,0.044739700853824615,0.29986968636512756
8,61574846917976,en,0.18263846635818481,0.09843423217535019,0.03175053000450134,0.2996083199977875
8,61574838672120,en,0.1974417120218277,0.10518142580986023,0.038350626826286316,0.2997277081012726
8,61575162879216,en,0.20807260274887085,0.09665883332490921,0.030917882919311523,0.29953664541244507
8,61575306427918,en,0.2243005484342575,0.08067445456981659,0.05749260634183884,0.2990225851535797
8,61575531152948,pt,0.22937576472759247,0.08390844613313675,0.03103668987751007,0.29986393451690674
8,61572731112276,fr,0.2529744803905487,0.06746174395084381,0.04740692675113678,0.29968464374542236
8,61573212846972,en,0.2178804576396942,0.08980212360620499,0.03298144042491913,0.29926377534866333
8,61573754471228,it,0.1822303682565689,0.09491924941539764,0.034344568848609924,0.29856663942337036
8,61574858352338,en,0.22258926928043365,0.10181458294391632,0.030436649918556213,0.29948538541793823
8,61575255680659,it,0.2010374367237091,0.10018595308065414,0.03291292488574982,0.2995637059211731
8,61575126533596,en,0.20789626240730286,0.0866725742816925,0.03074033558368683,0.2991301417350769
8,61575180835678,en,0.25394976139068604,0.06478257477283478,0.05019117891788483,0.29981106519699097
8,61575580080566,it,0.21477803587913513,0.09329386055469513,0.03253675997257233,0.29877030849456787
8,61575695455292,en,0.2083614617586136,0.08275305479764938,0.04648318141698837,0.2990788519382477
8,61574932177407,en,0.23355796933174133,0.08257006108760834,0.05714377760887146,0.2993742823600769
8,61575281169106,hi,0.1836918145418167,0.09882393479347229,0.03174756467342377,0.29935145378112793
8,61574785574733,it,0.223923921585083,0.09212078154087067,0.0404631644487381,0.29965680837631226
8,61574691255198,en,0.21438749134540558,0.09950746595859528,0.031744614243507385,0.2997351288795471
8,61572728411956,fr,0.20354297757148743,0.10971876233816147,0.03152546286582947,0.2996853291988373
8,61575647284322,pt,0.24802826344966888,0.06831120699644089,0.04915215075016022,0.299652636051178
8,61575262870032,pt,0.21738438308238983,0.09309902042150497,0.031129345297813416,0.299748957157135
8,61575794757479,pt,0.18279406428337097,0.1122203916311264,0.030416682362556458,0.2997046113014221
8,61574919303983,en,0.19582006335258484,0.09785778075456619,0.03185318410396576,0.29970356822013855
8,61573543259106,it,0.18813876807689667,0.1022152304649353,0.03318822383880615,0.29970332980155945
8,61575191317891,pt,0.220650315284729,0.09464729577302933,0.03026840090751648,0.2998560070991516
8,61574708867579,en,0.22217673063278198,0.08570355176925659,0.050256893038749695,0.2995092272758484
8,61575368459933,pt,0.23924091458320618,0.06576560437679291,0.06006099283695221,0.29881972074508667
8,61575688105742,fr,0.22879835963249207,0.08457423746585846,0.04787891358137131,0.29979950189590454
8,61575545102013,it,0.20551638305187225,0.09848199784755707,0.031106755137443542,0.2997686266899109
8,61572945636998,pt,0.19667088985443115,0.09514370560646057,0.03175032138824463,0.2993652820587158
8,61575533882644,pt,0.2106027603149414,0.09223110228776932,0.03433960676193237,0.2993461489677429
8,61573036322799,pt,0.24040858447551727,0.07990168780088425,0.040710464119911194,0.2994765043258667
8,61575809341597,en,0.22682133316993713,0.08641406893730164,0.05027729272842407,0.29924267530441284
8,61575276789549,en,0.24286030232906342,0.07867784053087234,0.04805148392915726,0.2996484041213989
8,61575830879821,fr,0.17868706583976746,0.08472861349582672,0.03091445565223694,0.29769793152809143
8,61575169251615,en,0.20518964529037476,0.09491276741027832,0.0351862758398056,0.29836273193359375
8,61575188275516,it,0.21309083700180054,0.09465009719133377,0.04168962687253952,0.29979896545410156
8,61575455591111,pt,0.1745922565460205,0.10686492174863815,0.034831851720809937,0.2989894449710846
8,61575040950775,en,0.20772257447242737,0.09667682647705078,0.04344809055328369,0.29968929290771484
8,61575734633308,en,0.21388347446918488,0.09243226051330566,0.03092542290687561,0.29960158467292786
8,61575131576367,en,0.21572089195251465,0.0947941318154335,0.032202109694480896,0.2996336817741394
8,61574939766846,pt,0.2078891545534134,0.09216693043708801,0.048486076295375824,0.29948973655700684
8,61575729844682,en,0.22157227993011475,0.0796862244606018,0.03212784230709076,0.2992744445800781
8,61574845121589,pt,0.23312528431415558,0.08551368862390518,0.05117526650428772,0.2994670867919922
8,61575154635451,it,0.24409644305706024,0.08107470721006393,0.050131022930145264,0.2996329367160797
8,61573639576797,it,0.21220248937606812,0.10357971489429474,0.03105323016643524,0.29878729581832886
8,61575046350558,en,0.215810626745224,0.09336426854133606,0.03538832068443298,0.2997737526893616
8,61575225621439,en,0.18176011741161346,0.11103931814432144,0.030398011207580566,0.29926395416259766
8,61574914234585,en,0.1705297827720642,0.10805688053369522,0.030498966574668884,0.2991520166397095
8,61575259270245,hi,0.2112431526184082,0.08977404236793518,0.04098908603191376,0.29865044355392456
8,61575149005237,en,0.19823341071605682,0.09429857134819031,0.03121952712535858,0.29908353090286255
8,61572817333773,en,0.19962558150291443,0.10239554196596146,0.030717119574546814,0.2998310327529907
8,61575001534754,hi,0.18609191477298737,0.10003511607646942,0.03129296004772186,0.29914891719818115
8,61575236645717,hi,0.22139696776866913,0.09008769690990448,0.0349406898021698,0.29941660165786743
8,61573040625137,fr,0.18794268369674683,0.10111702978610992,0.03281766176223755,0.2996695935726166
8,61575227471920,pt,0.1984895020723343,0.0999099612236023,0.04502656310796738,0.2992352247238159
8,61575371015595,it,0.2162090241909027,0.09463588893413544,0.030450254678726196,0.29912659525871277
8,61575238131572,pt,0.19195245206356049,0.10211007297039032,0.03590397536754608,0.299616277217865
8,61575031471293,en,0.23877008259296417,0.08797565847635269,0.04894930124282837,0.29982084035873413
8,61573693491518,it,0.2610962390899658,0.06631304323673248,0.04780635982751846,0.29974886775016785
8,61575226372155,it,0.23653346300125122,0.07447361201047897,0.04538460075855255,0.2997875213623047
8,61575195653637,pt,0.18810006976127625,0.10012366622686386,0.03149127960205078,0.2994871735572815
8,61574786863896,en,0.23629969358444214,0.08075813204050064,0.0513816773891449,0.299491286277771
8,61575716964202,hi,0.20772747695446014,0.10021607577800751,0.040025219321250916,0.29971975088119507
8,61575229057307,en,0.2236776202917099,0.08822685480117798,0.038509637117385864,0.2994266152381897
8,61574817494524,fr,0.24343346059322357,0.08751464635133743,0.03249853849411011,0.29974859952926636
8,61575049831217,pt,0.21927933394908905,0.09507092833518982,0.031042978167533875,0.29954513907432556
8,61575115584213,en,0.24452604353427887,0.0774737298488617,0.049482911825180054,0.2988889515399933
8,61575531062633,fr,0.1980726271867752,0.10223173350095749,0.033785998821258545,0.2987595200538635
8,61575270759607,pt,0.20424169301986694,0.09946911782026291,0.039182767271995544,0.299418568611145
8,61575091169103,en,0.23671352863311768,0.08097513020038605,0.04776585102081299,0.29976803064346313
8,61575318607485,it,0.22318224608898163,0.08247344940900803,0.0458294153213501,0.2996017336845398
8,61575243677655,pt,0.20883242785930634,0.10333274304866791,0.032590270042419434,0.29966920614242554
8,61574730557113,en,0.17704714834690094,0.11022069305181503,0.031330883502960205,0.29899924993515015
8,61575148359774,en,0.2068115919828415,0.08886940032243729,0.036874353885650635,0.29949429631233215
8,61574992834078,fr,0.20212648808956146,0.10214536637067795,0.03829029202461243,0.29977360367774963
8,61575075716110,en,0.1824033409357071,0.09602516144514084,0.03882336616516113,0.2996072471141815
8,61574997930238,en,0.223542720079422,0.09347899258136749,0.030755937099456787,0.29966115951538086
8,61574921619079,fr,0.22767412662506104,0.09198931604623795,0.032225266098976135,0.29935306310653687
8,61574943633252,en,0.25563845038414,0.06163238361477852,0.054359979927539825,0.299824982881546
8,61575434374955,fr,0.19076617062091827,0.10445491969585419,0.034061819314956665,0.2983628511428833
8,61575079453209,en,0.22895556688308716,0.0894005224108696,0.04650560021400452,0.29975828528404236
8,61575243441350,hi,0.14095406234264374,0.09655647724866867,0.03193847835063934,0.2986387014389038
8,61574979845984,en,0.20545662939548492,0.10269036144018173,0.034348130226135254,0.2996562719345093
8,61575338256889,hi,0.22621461749076843,0.08714993298053741,0.04660256952047348,0.2986941933631897
8,61574715494235,en,0.25343799591064453,0.0724654570221901,0.04817122220993042,0.29984211921691895
8,61573536988081,fr,0.24118250608444214,0.08752630650997162,0.030709177255630493,0.2992822825908661
8,61574815842320,en,0.22931654751300812,0.07508478313684464,0.06101680546998978,0.2994247078895569
8,61575631794140,fr,0.2525922358036041,0.0643707886338234,0.05429576337337494,0.29955148696899414
8,61575221512411,hi,0.22746308147907257,0.07552442699670792,0.06147356331348419,0.2992805242538452
8,61575087119240,pt,0.22506685554981232,0.09151281416416168,0.04754464328289032,0.29978281259536743
8,61575310034038,pt,0.22013232111930847,0.09207950532436371,0.04226205497980118,0.2996748089790344
8,61575317113475,pt,0.2091527134180069,0.09326118230819702,0.034837886691093445,0.2995713949203491
8,61575603778005,it,0.24683061242103577,0.06970963627099991,0.05101308971643448,0.2998666763305664
8,61575221286306,hi,0.20791222155094147,0.08612491190433502,0.04603831470012665,0.2997124493122101
8,61575667346713,en,0.25158730149269104,0.07412144541740417,0.0473901703953743,0.2997627854347229
8,61575153195537,fr,0.23278841376304626,0.08478209376335144,0.04938383400440216,0.29977867007255554
8,61573680682759,en,0.21431075036525726,0.08683766424655914,0.03033362329006195,0.29976171255111694
8,61574788035043,hi,0.19790779054164886,0.09919457137584686,0.03769785165786743,0.298350065946579
8,61574978975929,en,0.18723197281360626,0.09887395799160004,0.03243701159954071,0.2990523874759674
8,61574901935438,en,0.2338724583387375,0.08219053596258163,0.047234900295734406,0.2995961308479309
8,61575119187638,it,0.2137252390384674,0.08230723440647125,0.04796208441257477,0.29840803146362305
8,61575200353453,it,0.184884712100029,0.10976097732782364,0.037729814648628235,0.29931312799453735
8,61575017759285,en,0.21343781054019928,0.09805377572774887,0.03181466460227966,0.29963451623916626
8,61572897099580,en,0.2561567723751068,0.06510955095291138,0.048208750784397125,0.2996672987937927
8,61575213712850,fr,0.2252693623304367,0.08844965696334839,0.05077020078897476,0.29963114857673645
8,61576073780317,hi,0.20988081395626068,0.09119146317243576,0.030362650752067566,0.29951244592666626
8,61575211332811,en,0.21470177173614502,0.09516061842441559,0.033074602484703064,0.2998396158218384
8,61573018383344,fr,0.20939338207244873,0.09823288768529892,0.03413422405719757,0.2990454435348511
8,61575326856811,en,0.21663878858089447,0.08482850342988968,0.03386504948139191,0.29963767528533936
8,61574828802630,fr,0.1869719922542572,0.10617455095052719,0.03206445276737213,0.2985427975654602
8,61575905331775,pt,0.2009817510843277,0.11302302777767181,0.030933961272239685,0.29976242780685425
8,61574996597830,it,0.23662707209587097,0.08243662863969803,0.044906869530677795,0.2998543381690979
8,61573394763409,fr,0.22847169637680054,0.08830133080482483,0.046117834746837616,0.2996445894241333
8,61575582750038,it,0.19992072880268097,0.10699547082185745,0.04180631786584854,0.29964128136634827
8,61575561445414,en,0.24395979940891266,0.06433720886707306,0.057391926646232605,0.2993311882019043
8,61575288632779,en,0.24562571942806244,0.06852169334888458,0.06117825210094452,0.29964855313301086
8,61575557971497,fr,0.1880561262369156,0.10072149336338043,0.030786514282226562,0.29933488368988037
8,61575557408009,pt,0.22289185225963593,0.09267012774944305,0.030736759305000305,0.2998025417327881
8,61574936016860,it,0.20504076778888702,0.0987628772854805,0.03224651515483856,0.2993921935558319
8,61574780144844,en,0.2132946103811264,0.08771169185638428,0.030344560742378235,0.29950281977653503
8,61574964602105,en,0.1925094723701477,0.09346646070480347,0.030467897653579712,0.2994192838668823
8,61575796651817,fr,0.21966668963432312,0.07051447033882141,0.05917979031801224,0.2981944680213928
8,61575263799927,pt,0.20860764384269714,0.09419841319322586,0.048551179468631744,0.2988157868385315
8,61575792327507,it,0.22167934477329254,0.08806461840867996,0.044877782464027405,0.29962214827537537
8,61572939997623,en,0.2413322627544403,0.08264514803886414,0.04546564072370529,0.29974403977394104
8,61575503980281,pt,0.21114858984947205,0.09333741664886475,0.039086103439331055,0.29981571435928345
8,61573535549602,it,0.21802003681659698,0.08884011209011078,0.046118490397930145,0.2997792661190033
8,61575380549834,hi,0.20827944576740265,0.1005934476852417,0.03071059286594391,0.29934215545654297
8,61574940786036,pt,0.2420894056558609,0.08316931873559952,0.05111612379550934,0.299599826335907
8,61575036330853,en,0.25376757979393005,0.0730036050081253,0.049975037574768066,0.2995663583278656
8,61575179504190,en,0.22282356023788452,0.08501375466585159,0.0314851850271225,0.29940927028656006
8,61575184523495,en,0.2035876363515854,0.1021791473031044,0.030785277485847473,0.2996199131011963
8,61574984850248,en,0.1988329440355301,0.09295058995485306,0.03928127884864807,0.299657940864563
8,61574896568851,en,0.2209949642419815,0.10073243826627731,0.03091047704219818,0.2997325658798218
8,61575328303165,pt,0.2309233844280243,0.09296400099992752,0.04629082232713699,0.29970115423202515
8,61573639284043,pt,0.1783948391675949,0.09628969430923462,0.031370773911476135,0.29885876178741455
8,61575025306519,hi,0.19622164964675903,0.08613664656877518,0.031813427805900574,0.2987508177757263
8,61573044255129,hi,0.23504044115543365,0.08078425377607346,0.05227286368608475,0.2997955083847046
8,61575854874351,pt,0.19061163067817688,0.11487728357315063,0.03029656410217285,0.299374520778656
8,61575562855407,hi,0.1822817176580429,0.09981075674295425,0.03116735816001892,0.29889410734176636
8,61573160396182,fr,0.23189397156238556,0.07593318074941635,0.046309418976306915,0.29981258511543274
8,61575025023617,pt,0.22721993923187256,0.09103505313396454,0.03062288463115692,0.29976439476013184
8,61574913877788,pt,0.211936354637146,0.10057688504457474,0.03156404197216034,0.2998048663139343
8,61575798830806,it,0.2071056067943573,0.08584489673376083,0.04703476279973984,0.29966363310813904
8,61574946005614,en,0.1878533959388733,0.1020449697971344,0.03498867154121399,0.2995883524417877
8,61575095245405,en,0.2171708047389984,0.09196433424949646,0.031074032187461853,0.299494206905365
8,61575005853006,it,0.20535549521446228,0.09730366617441177,0.03459650278091431,0.29968398809432983
8,61575311377502,en,0.19116589426994324,0.1010122075676918,0.03537490963935852,0.29933229088783264
8,61575649624207,pt,0.19026578962802887,0.1042737364768982,0.03435450792312622,0.2998366355895996
8,61575203023035,hi,0.17059694230556488,0.09513247758150101,0.04054027050733566,0.29867273569107056
8,61575079169748,pt,0.2383895367383957,0.07349557429552078,0.04718339443206787,0.2997016906738281
8,61575148797368,en,0.2185729742050171,0.08819834142923355,0.04658651351928711,0.2996614873409271
8,61573053375071,fr,0.22600901126861572,0.07826954126358032,0.05498873442411423,0.29921695590019226
8,61575000899895,en,0.154960036277771,0.10623659938573837,0.0326337069272995,0.297771155834198
8,61575098818802,pt,0.2316063642501831,0.07977389544248581,0.04590412974357605,0.29970207810401917
8,61575028711256,fr,0.21402502059936523,0.08428619056940079,0.05978059768676758,0.29968327283859253
8,61575147567358,fr,0.21370084583759308,0.09651649743318558,0.0306851863861084,0.29922789335250854
8,61575045675245,en,0.20244161784648895,0.09829650819301605,0.042278870940208435,0.29984337091445923
8,61575057779980,en,0.1194230243563652,0.0939544141292572,0.03160536289215088,0.29758596420288086
8,61575770523168,hi,0.23334765434265137,0.08599730581045151,0.046734169125556946,0.2997465133666992
8,61574724737317,it,0.20481790602207184,0.09706539660692215,0.03341411054134369,0.2987276017665863
8,61575674126417,hi,0.22148497402668,0.08676059544086456,0.058851055800914764,0.2993238866329193
8,61575207773071,it,0.22112223505973816,0.07080782204866409,0.06091875582933426,0.29878970980644226
8,61574911149534,it,0.24502889811992645,0.08501885831356049,0.042921558022499084,0.2998284697532654
8,61575719364055,hi,0.21103055775165558,0.08165623992681503,0.06532785296440125,0.2995685935020447
8,61575150555733,en,0.2598603367805481,0.0689549371600151,0.045495495200157166,0.29974472522735596
8,61573382480931,pt,0.21771615743637085,0.09361246973276138,0.03290921449661255,0.29897528886795044
8,61575204173147,fr,0.2285277247428894,0.08025047183036804,0.06136135011911392,0.2994270324707031
8,61575618485389,pt,0.20761288702487946,0.0901918038725853,0.03604215383529663,0.29967451095581055
8,61574764996945,it,0.19949443638324738,0.08100573718547821,0.040524743497371674,0.2983916997909546
8,61575140890194,en,0.2161933332681656,0.08475960046052933,0.04303465038537979,0.2980303168296814
8,61574799343860,pt,0.21066129207611084,0.10527095198631287,0.03604930639266968,0.2992134988307953
8,61575609593809,hi,0.18083404004573822,0.09738391637802124,0.030364155769348145,0.29882723093032837
8,61575088470429,it,0.2613367438316345,0.06395374238491058,0.05249913036823273,0.29983052611351013
8,61575274899327,en,0.20868679881095886,0.09145375341176987,0.04503163695335388,0.2995853126049042
8,61575600087094,hi,0.21108481287956238,0.08658728003501892,0.05125828832387924,0.29941901564598083
8,61575787832729,en,0.22585368156433105,0.08825723081827164,0.042267896234989166,0.2993629276752472
8,61575132716094,en,0.18743477761745453,0.09373237192630768,0.03155088424682617,0.2980157732963562
8,61574996550205,en,0.19898775219917297,0.10530152916908264,0.0414775013923645,0.2997431755065918
8,61575311491588,en,0.19145989418029785,0.10666254907846451,0.0316142737865448,0.299871027469635
8,61575634528316,en,0.22933781147003174,0.07774858176708221,0.04773122817277908,0.29960960149765015
8,61575731093467,en,0.19916991889476776,0.09556356072425842,0.035130247473716736,0.29979488253593445
8,61575208972156,en,0.25829535722732544,0.06877822428941727,0.04717981815338135,0.2997378706932068
8,61575728753782,en,0.24357753992080688,0.07810833305120468,0.046913936734199524,0.29971086978912354
8,61572985534941,pt,0.18940189480781555,0.1019895076751709,0.031137049198150635,0.29954808950424194
8,61574651897378,en,0.22641107439994812,0.0945739820599556,0.030576810240745544,0.29958876967430115
8,61573437931596,en,0.23195728659629822,0.08406297862529755,0.04557208716869354,0.29955828189849854
8,61575463714708,hi,0.14118023216724396,0.09224763512611389,0.03048989176750183,0.295476496219635
8,61575106577835,it,0.2070266604423523,0.09257650375366211,0.05177363008260727,0.29954278469085693
8,61575582540110,pt,0.20392923057079315,0.09947268664836884,0.03125189244747162,0.2989718019962311
8,61575112227227,en,0.18294987082481384,0.08965131640434265,0.030780479311943054,0.299257755279541
8,61575953244525,hi,0.24765019118785858,0.06219594553112984,0.06203582137823105,0.29946133494377136
8,61574966165566,pt,0.19762519001960754,0.10013768076896667,0.032103464007377625,0.2991443872451782
8,61575494398591,hi,0.2672561705112457,0.06528099626302719,0.045706503093242645,0.29970964789390564
8,61575327722596,fr,0.17639799416065216,0.10752588510513306,0.030823245644569397,0.29889482259750366
8,61573552948536,it,0.21304436028003693,0.08494757860898972,0.04064413905143738,0.2986457347869873
8,61574967244321,en,0.22294187545776367,0.08546625077724457,0.050079114735126495,0.29939234256744385
8,61575264860231,en,0.22274912893772125,0.08496862649917603,0.031038016080856323,0.29950451850891113
8,61575355296120,hi,0.25986015796661377,0.06140035763382912,0.0535697266459465,0.29979407787323
8,61575394229554,en,0.2108227163553238,0.09813578426837921,0.035311922430992126,0.2995351254940033
8,61575129190978,en,0.18908749520778656,0.09537342935800552,0.030863195657730103,0.2991747260093689
8,61575161685429,pt,0.18209008872509003,0.09314640611410141,0.032938435673713684,0.2989833354949951
8,61575056637344,en,0.2130056470632553,0.09088779240846634,0.0371309369802475,0.2997453808784485
8,61573167310365,it,0.2639186382293701,0.06313394755125046,0.04851711541414261,0.2992844581604004
8,61575552217980,pt,0.24270406365394592,0.07997465133666992,0.0479741096496582,0.29974639415740967
8,61575461561304,pt,0.23352313041687012,0.07521793991327286,0.04892820119857788,0.29936373233795166
8,61574835341215,fr,0.23297743499279022,0.07392581552267075,0.061336539685726166,0.2994484305381775
8,61573074840596,fr,0.23134848475456238,0.08962810039520264,0.03616376221179962,0.29981356859207153
8,61576059230191,it,0.2100578397512436,0.09504236280918121,0.03644035756587982,0.2997850775718689
8,61574931846511,it,0.2063845992088318,0.09710653871297836,0.031749576330184937,0.29964107275009155
8,61574053119016,it,0.2083897590637207,0.10204409062862396,0.03019033372402191,0.299422025680542
8,61575680942688,pt,0.20021295547485352,0.09230009466409683,0.051800355315208435,0.2995613217353821
8,61575019756700,pt,0.21815216541290283,0.09242758899927139,0.040946319699287415,0.2997269034385681
8,61574772375215,fr,0.1960611492395401,0.09748394042253494,0.044970735907554626,0.2997870445251465
8,61575158695568,pt,0.2123609036207199,0.09314654022455215,0.03921151161193848,0.29983949661254883
8,61574949937616,en,0.2623017728328705,0.06498242914676666,0.04919220507144928,0.29953330755233765
8,61575100662412,en,0.25106433033943176,0.06590083241462708,0.04983401298522949,0.2995356619358063
8,61575090989206,fr,0.1908104419708252,0.09561415016651154,0.030192062258720398,0.2991591691970825
8,61575956484127,hi,0.22661466896533966,0.08864527195692062,0.04360474646091461,0.2996731996536255
8,61575671456434,it,0.2404244840145111,0.08437128365039825,0.056697458028793335,0.2997925281524658
8,61574940158280,it,0.22285059094429016,0.08922499418258667,0.046914130449295044,0.29965314269065857
8,61574861712206,pt,0.23104266822338104,0.07670773565769196,0.05939754843711853,0.298938512802124
8,61575229631870,pt,0.2509506046772003,0.07151622325181961,0.05143234133720398,0.2998735308647156
8,61574980024843,hi,0.2452736347913742,0.07147151976823807,0.0491076335310936,0.2996996343135834
8,61573112383233,it,0.22609512507915497,0.0732492208480835,0.0635465756058693,0.29886066913604736
8,61574999867383,en,0.2118907868862152,0.07686760276556015,0.06390678882598877,0.2989709675312042
8,61575161305509,fr,0.1989845633506775,0.10763586312532425,0.0414314940571785,0.29914790391921997
8,61575805711531,it,0.2671576142311096,0.06563103944063187,0.04640829563140869,0.2998214662075043
8,61574930586709,pt,0.18716149032115936,0.09556933492422104,0.03774331510066986,0.29799526929855347
8,61575036691879,fr,0.15199966728687286,0.10385147482156754,0.030997171998023987,0.2997114062309265
8,61573876354741,it,0.2006530910730362,0.09617199003696442,0.03171519935131073,0.29925408959388733
8,61575152385454,fr,0.19913434982299805,0.09230484068393707,0.0335383415222168,0.2997208535671234
8,61575797240901,it,0.210254967212677,0.10710781067609787,0.03264373540878296,0.29973113536834717
8,61574787854878,pt,0.22019492089748383,0.061499204486608505,0.06670720130205154,0.2985013723373413
8,61575123077172,hi,0.24394096434116364,0.07797137647867203,0.0481228306889534,0.29969239234924316
8,61575258724354,hi,0.23434744775295258,0.08036577701568604,0.051096245646476746,0.2988773286342621
8,61574884989863,fr,0.1942780762910843,0.10803095251321793,0.0406700000166893,0.2995421290397644
8,61575171524686,it,0.20050360262393951,0.10411293804645538,0.03905138373374939,0.29971861839294434
8,61575695695222,en,0.25834542512893677,0.06211606413125992,0.050146184861660004,0.298545777797699
9,61574934126943,pt,0.159254789352417,0.0994722843170166,0.0304231196641922,0.2976486086845398
9,61575131153481,en,0.23348118364810944,0.08276166021823883,0.046631865203380585,0.29965901374816895
9,61574801413926,fr,0.22708545625209808,0.08703610301017761,0.036778226494789124,0.2995450496673584
9,61575315757634,fr,0.2055690884590149,0.08702338486909866,0.04808215796947479,0.2994782328605652
9,61574863962100,it,0.2153085172176361,0.08427693694829941,0.048652201890945435,0.2996594309806824
9,61575201373332,fr,0.21550782024860382,0.09714643657207489,0.03600747883319855,0.2998068928718567
9,61575691416622,hi,0.20691365003585815,0.08365660905838013,0.03933897614479065,0.2996419072151184
9,61574905567721,en,0.21254421770572662,0.08776718378067017,0.04104463756084442,0.29914146661758423
9,61575169251717,en,0.19577281177043915,0.0982828140258789,0.03620581328868866,0.29945552349090576
9,61575111478220,pt,0.223306342959404,0.07864247262477875,0.04587414860725403,0.2993706464767456
9,61575569215048,hi,0.21120677888393402,0.09164664149284363,0.043834954500198364,0.2992156445980072
9,61575003004721,fr,0.1970047950744629,0.09040255844593048,0.030840247869491577,0.29879143834114075
9,61575027123549,en,0.2035219520330429,0.10075893253087997,0.030356645584106445,0.2996145188808441
9,61574951645380,en,0.23185290396213531,0.08354227244853973,0.04459002614021301,0.299380362033844
9,61574727556591,en,0.21542537212371826,0.07189404219388962,0.05293215066194534,0.299691379070282
9,61575239345239,en,0.22845418751239777,0.09050867706537247,0.033382609486579895,0.29969334602355957
9,61575622629793,it,0.20635829865932465,0.0984114408493042,0.030385732650756836,0.2997698187828064
9,61575174584515,fr,0.24039486050605774,0.08420673757791519,0.0322503000497818,0.2991885542869568
9,61575689432183,pt,0.22294116020202637,0.08871974796056747,0.030926421284675598,0.2997567653656006
9,61575053907477,en,0.18751762807369232,0.1060919463634491,0.030261486768722534,0.2994598150253296
9,61575568405010,en,0.2251621037721634,0.0758621022105217,0.04885108768939972,0.2988925576210022
9,61575007354364,en,0.2257714569568634,0.09086251258850098,0.036895737051963806,0.29962074756622314
9,61575205783063,hi,0.2326548993587494,0.07213947176933289,0.050841331481933594,0.29900193214416504
9,61574652767188,en,0.24883054196834564,0.06641149520874023,0.04835418611764908,0.2989054024219513
9,61574821569203,en,0.19673596322536469,0.09211773425340652,0.031112506985664368,0.29951977729797363
9,61575347826373,hi,0.2089579999446869,0.09003956615924835,0.03772498667240143,0.2997540235519409
9,61575116351597,hi,0.2409161478281021,0.07753676176071167,0.046566836535930634,0.2998158931732178
9,61574764605724,fr,0.22911560535430908,0.08311057090759277,0.04248280078172684,0.2991091310977936
9,61575210563029,fr,0.24980224668979645,0.07258156687021255,0.04773014783859253,0.2997153103351593
9,61574937547028,it,0.20553523302078247,0.09044051170349121,0.03218507766723633,0.2998298406600952
9,61575062566013,en,0.2049040049314499,0.1022004708647728,0.030766397714614868,0.29969409108161926
9,61575004409946,en,0.220310777425766,0.08751833438873291,0.03285737335681915,0.29973018169403076
9,61575167439026,en,0.2049451768398285,0.10116814821958542,0.0363910049200058,0.2998421788215637
9,61575303902251,en,0.1957964152097702,0.10158029943704605,0.03342318534851074,0.29932472109794617
9,61574987700816,en,0.23260854184627533,0.08632905781269073,0.04306197911500931,0.2997089624404907
9,61575062519607,en,0.23505163192749023,0.07262974232435226,0.06257440894842148,0.29826289415359497
9,61575236351657,fr,0.17528586089611053,0.10542332381010056,0.03050251305103302,0.29904550313949585
9,61575255040324,en,0.21527984738349915,0.08775949478149414,0.03104579448699951,0.29928845167160034
9,61575799107152,pt,0.19923241436481476,0.0992768257856369,0.03394539654254913,0.29945653676986694
9,61575637913685,en,0.2178959995508194,0.09190644323825836,0.03280189633369446,0.2992507219314575
9,61575138556380,en,0.22208301723003387,0.07145783305168152,0.06224098801612854,0.2989402413368225
9,61575527222862,it,0.22998830676078796,0.08098449558019638,0.04425058513879776,0.2994260787963867
9,61573054454503,fr,0.24520765244960785,0.07748739421367645,0.046439580619335175,0.29974907636642456
9,61574839903015,it,0.23964670300483704,0.0934443473815918,0.030656948685646057,0.2998252511024475
9,61574788001360,en,0.1985747516155243,0.10283830761909485,0.030370250344276428,0.299279123544693
9,61575207112351,en,0.23526209592819214,0.0753444954752922,0.04951617121696472,0.29942965507507324
9,61575152050067,hi,0.20066514611244202,0.08911886066198349,0.0492396354675293,0.2993663549423218
9,61573397313375,fr,0.2053539901971817,0.09837920218706131,0.04096142202615738,0.29963862895965576
9,61575817620916,fr,0.22916783392429352,0.08713135123252869,0.0323614627122879,0.29981115460395813
9,61575313410082,en,0.21936219930648804,0.08761747926473618,0.04837241768836975,0.29975825548171997
9,61575266811505,en,0.19374127686023712,0.0881933867931366,0.031420692801475525,0.29957813024520874
9,61574726476500,en,0.23808589577674866,0.07477842271327972,0.06103998422622681,0.2994062900543213
9,61575178964523,pt,0.20114625990390778,0.1114131361246109,0.03717455267906189,0.29938647150993347
9,61575940674829,hi,0.22809536755084991,0.08941585570573807,0.04121267795562744,0.29956579208374023
9,61574855621301,en,0.22881513833999634,0.07950684428215027,0.045876480638980865,0.2991142272949219
9,61575872908128,hi,0.2239818125963211,0.09105244278907776,0.030347704887390137,0.29943883419036865
9,61575227003442,it,0.2566643953323364,0.06519421190023422,0.046995609998703,0.2996951937675476
9,61575614841893,hi,0.23263566195964813,0.0829768106341362,0.04053633660078049,0.29978302121162415
9,61575828570433,en,0.21289226412773132,0.07259011268615723,0.062170982360839844,0.2984631657600403
9,61574831382328,en,0.21968309581279755,0.07977902889251709,0.031029120087623596,0.2995825409889221
9,61575496125684,en,0.2255113273859024,0.09206108748912811,0.040643565356731415,0.2996671497821808
9,61575356045890,it,0.21462607383728027,0.08246072381734848,0.05418222397565842,0.2992655634880066
9,61575172646079,it,0.1984899640083313,0.0948457196354866,0.046599626541137695,0.299867182970047
9,61575027298560,en,0.2200944721698761,0.08641358464956284,0.030180826783180237,0.2993086874485016
9,61574817464063,en,0.24602386355400085,0.08544447273015976,0.035815343260765076,0.29957902431488037
9,61574781734933,it,0.21570727229118347,0.07875632494688034,0.053360022604465485,0.2996639609336853
9,61572766786766,en,0.22218042612075806,0.0852203369140625,0.05325249582529068,0.2996068000793457
9,61575574524688,pt,0.22961148619651794,0.08933952450752258,0.04367157071828842,0.2998883128166199
9,61575226491299,en,0.2196970134973526,0.0971323773264885,0.03312970697879791,0.2997440993785858
9,61573217543255,hi,0.2181793749332428,0.08919753134250641,0.031352102756500244,0.2994278073310852
9,61575838795093,pt,0.20701491832733154,0.1024751141667366,0.030517220497131348,0.2997252941131592
9,61575202633062,it,0.2105954885482788,0.09904124587774277,0.031722620129585266,0.299741268157959
9,61575544152962,it,0.2239707112312317,0.0823056697845459,0.03389015793800354,0.29984331130981445
9,61575088062953,it,0.1945430487394333,0.10802620649337769,0.030705630779266357,0.2994749844074249
9,61575119561738,en,0.2300647795200348,0.09613512456417084,0.03831373155117035,0.29982906579971313
9,61574051276067,it,0.21934379637241364,0.08233381807804108,0.053242482244968414,0.2997324466705322
9,61575013502873,it,0.19326451420783997,0.09376219660043716,0.03237006068229675,0.2989181876182556
9,61575571571675,fr,0.2475646287202835,0.08384313434362411,0.04702562838792801,0.29969286918640137
9,61573913763035,it,0.17909547686576843,0.10648354887962341,0.03249262273311615,0.29958999156951904
9,61575557761520,it,0.252519428730011,0.07219285517930984,0.047564610838890076,0.29972636699676514
9,61573544637558,fr,0.1887490153312683,0.08542317897081375,0.04067663848400116,0.29872801899909973
9,61573135240533,fr,0.23052175343036652,0.0744643285870552,0.05833707004785538,0.2992541193962097
9,61575098742695,hi,0.22521278262138367,0.08115614205598831,0.03081977367401123,0.29956573247909546
9,61575662108150,en,0.23389223217964172,0.100994773209095,0.041138552129268646,0.2997759282588959
9,61575515733376,pt,0.23806598782539368,0.0740836039185524,0.052779823541641235,0.2994115352630615
9,61575661611123,hi,0.20806525647640228,0.08948343247175217,0.04765807092189789,0.29897433519363403
9,61575214162123,en,0.21102753281593323,0.09499507397413254,0.03167453408241272,0.2996782958507538
9,61573503322985,fr,0.2034265100955963,0.09792041033506393,0.03163523972034454,0.299652636051178
9,61575198623528,hi,0.24633678793907166,0.07760252058506012,0.05776374787092209,0.29971960186958313
9,61574714597809,pt,0.21467770636081696,0.09109237790107727,0.032518163323402405,0.29981380701065063
9,61575689695617,hi,0.2388480305671692,0.07872246950864792,0.03223294019699097,0.2994133234024048
9,61575606443963,hi,0.1368371993303299,0.0980004221200943,0.030877187848091125,0.29889047145843506
9,61575308401890,en,0.24374037981033325,0.08069200813770294,0.047566890716552734,0.29984480142593384
9,61575331140964,en,0.24432949721813202,0.0861426293849945,0.04291761666536331,0.299730122089386
9,61572629921625,pt,0.22253955900669098,0.07871919870376587,0.04864414036273956,0.2993488311767578
9,61573600374605,en,0.20243391394615173,0.09955429285764694,0.03844781219959259,0.2994947135448456
9,61575324090992,en,0.25399839878082275,0.07761730253696442,0.052861228585243225,0.2997938394546509
9,61575112067630,hi,0.233162522315979,0.08072800934314728,0.030301108956336975,0.299635648727417
9,61575470764521,pt,0.27292466163635254,0.06278287619352341,0.04903672635555267,0.29984647035598755
9,61575257740412,hi,0.21454055607318878,0.08395355194807053,0.045993953943252563,0.29923975467681885
9,61575324216831,en,0.2377636730670929,0.07228416949510574,0.05062516778707504,0.2997291386127472
9,61575433245776,it,0.19809697568416595,0.09192699193954468,0.058279819786548615,0.2996097207069397
9,61574801715376,en,0.20997272431850433,0.09614247828722,0.03603023290634155,0.29979488253593445
9,61575229721815,fr,0.22152160108089447,0.08262760937213898,0.0503024160861969,0.29963523149490356
9,61575024946334,hi,0.19611164927482605,0.09599647670984268,0.042081765830516815,0.2995522618293762
9,61575617909167,en,0.18198125064373016,0.10010863840579987,0.031222611665725708,0.2995128631591797
9,61574814822672,en,0.2227524071931839,0.08256853371858597,0.03952041268348694,0.299665629863739
9,61575044985283,hi,0.21748213469982147,0.08740647882223129,0.031342312693595886,0.29886922240257263
9,61572607540933,fr,0.21126142144203186,0.09809423238039017,0.031098753213882446,0.29937875270843506
9,61575005252655,en,0.213092640042305,0.09017891436815262,0.03788319230079651,0.29977601766586304
9,61573167969034,fr,0.20109231770038605,0.10505679994821548,0.030840739607810974,0.29925793409347534
9,61573516080607,it,0.154456228017807,0.1039128229022026,0.03118520975112915,0.2993810772895813
9,61575561427679,pt,0.21907520294189453,0.09311015903949738,0.046631768345832825,0.29954463243484497
9,61575612269544,fr,0.20133619010448456,0.09463277459144592,0.031819358468055725,0.29960793256759644
9,61575152979706,hi,0.21192505955696106,0.09128545224666595,0.030681833624839783,0.2997141480445862
9,61574925813885,en,0.2458292841911316,0.07960223406553268,0.04763049632310867,0.2997284233570099
9,61575647991754,hi,0.20426508784294128,0.10405167192220688,0.030382737517356873,0.2995980978012085
9,61575849294548,pt,0.2548540234565735,0.06719877570867538,0.04710259288549423,0.29976886510849
9,61575732154813,en,0.2257336676120758,0.07956092059612274,0.048612505197525024,0.29971522092819214
9,61575207162938,hi,0.23323103785514832,0.08239822834730148,0.05144967883825302,0.299680233001709
9,61573697084008,it,0.23491129279136658,0.08637698739767075,0.043988294899463654,0.2998824119567871
9,61574846917976,en,0.1751459538936615,0.09722128510475159,0.031190231442451477,0.2995331287384033
9,61574838672120,en,0.20164167881011963,0.10473379492759705,0.038713857531547546,0.29972076416015625
9,61575162879216,en,0.20719392597675323,0.09893234819173813,0.03392663598060608,0.2996608018875122
9,61575306427918,en,0.21428182721138,0.07614782452583313,0.06224098801612854,0.29895251989364624
9,61575531152948,pt,0.23319697380065918,0.08637376874685287,0.030934765934944153,0.299860417842865
9,61572731112276,fr,0.2487850785255432,0.06994632631540298,0.049024127423763275,0.29956573247909546
9,61573212846972,en,0.22101692855358124,0.08665890991687775,0.034018680453300476,0.2994442880153656
9,61573754471228,it,0.17952652275562286,0.09798489511013031,0.03644295036792755,0.2987685203552246
9,61574858352338,en,0.21863290667533875,0.1023254245519638,0.03024052083492279,0.2994346618652344
9,61575255680659,it,0.20442581176757812,0.10159622132778168,0.03137668967247009,0.29955893754959106
9,61575126533596,en,0.21756874024868011,0.08584266901016235,0.030969053506851196,0.2993435859680176
9,61575180835678,en,0.2592221200466156,0.06494837999343872,0.04866510629653931,0.2998286485671997
9,61575580080566,it,0.21126653254032135,0.09358640015125275,0.03234592080116272,0.29906582832336426
9,61575695455292,en,0.20725765824317932,0.08461060374975204,0.04598674178123474,0.29902857542037964
9,61574932177407,en,0.23216664791107178,0.08355467766523361,0.0406646654009819,0.2993825674057007
9,61575281169106,hi,0.18141409754753113,0.09543512016534805,0.032639920711517334,0.2993370294570923
9,61574785574733,it,0.22700627148151398,0.09450316429138184,0.04238061606884003,0.2996535301208496
9,61574691255198,en,0.21946243941783905,0.09563305974006653,0.03129597008228302,0.299752801656723
9,61572728411956,fr,0.20118342339992523,0.10832755267620087,0.030665695667266846,0.2996724545955658
9,61575647284322,pt,0.2475077509880066,0.06871844083070755,0.04758211970329285,0.29958218336105347
9,61575262870032,pt,0.21382376551628113,0.09300534427165985,0.033763229846954346,0.29973816871643066
9,61575794757479,pt,0.18530872464179993,0.11069415509700775,0.030441030859947205,0.29973310232162476
9,61574919303983,en,0.18478362262248993,0.09820389747619629,0.030701473355293274,0.29965341091156006
9,61573543259106,it,0.1854882389307022,0.09995965659618378,0.03567565977573395,0.29970526695251465
9,61575191317891,pt,0.2196275144815445,0.09672581404447556,0.03025747835636139,0.2998631000518799
9,61574708867579,en,0.22210487723350525,0.08841658383607864,0.04191514104604721,0.29945051670074463
9,61575368459933,pt,0.23577889800071716,0.07197058200836182,0.05481114238500595,0.29890382289886475
9,61575688105742,fr,0.22905991971492767,0.08648132532835007,0.04886813461780548,0.2998291254043579
9,61575545102013,it,0.1997958868741989,0.09697413444519043,0.030507296323776245,0.2997540831565857
9,61572945636998,pt,0.208534374833107,0.08908724784851074,0.033636629581451416,0.29948538541793823
9,61575533882644,pt,0.2104611098766327,0.09350863099098206,0.034903720021247864,0.2988114356994629
9,61573036322799,pt,0.24167540669441223,0.07761178910732269,0.0512947216629982,0.2994527220726013
9,61575809341597,en,0.22954605519771576,0.08496429771184921,0.04999062418937683,0.2993985116481781
9,61575276789549,en,0.24343113601207733,0.07754072546958923,0.04777903109788895,0.2995937764644623
9,61575830879821,fr,0.1684134304523468,0.08597692847251892,0.030394554138183594,0.29724687337875366
9,61575169251615,en,0.21213780343532562,0.09009077399969101,0.044888876378536224,0.298048734664917
9,61575188275516,it,0.20970728993415833,0.09521728754043579,0.039511993527412415,0.29979342222213745
9,61575455591111,pt,0.17650534212589264,0.10525396466255188,0.037016481161117554,0.2989601194858551
9,61575040950775,en,0.21176345646381378,0.09287723153829575,0.046624816954135895,0.29969048500061035
9,61575734633308,en,0.21744568645954132,0.09100476652383804,0.030944719910621643,0.29947298765182495
9,61575131576367,en,0.22157013416290283,0.09155751764774323,0.034745752811431885,0.29960519075393677
9,61574939766846,pt,0.20508332550525665,0.09349536895751953,0.049021050333976746,0.299457848072052
9,61575729844682,en,0.22370308637619019,0.08078717440366745,0.03212784230709076,0.2993357181549072
9,61574845121589,pt,0.235084667801857,0.08411895483732224,0.051045529544353485,0.2993878126144409
9,61575154635451,it,0.24870499968528748,0.08194538205862045,0.047642335295677185,0.2996023893356323
9,61573639576797,it,0.2074258178472519,0.10074558854103088,0.030608370900154114,0.29854559898376465
9,61575046350558,en,0.2144661247730255,0.09678217023611069,0.0324382483959198,0.29971206188201904
9,61575225621439,en,0.18602794408798218,0.11049710959196091,0.03037571907043457,0.2993311285972595
9,61574914234585,en,0.17392081022262573,0.1071505919098854,0.031058073043823242,0.29936060309410095
9,61575259270245,hi,0.21420824527740479,0.08707217127084732,0.041475810110569,0.2987213730812073
9,61575149005237,en,0.1914675533771515,0.09504130482673645,0.030897080898284912,0.299016535282135
9,61572817333773,en,0.20433513820171356,0.09905452281236649,0.03164440393447876,0.29983675479888916
9,61575001534754,hi,0.18413196504116058,0.10059671103954315,0.031104177236557007,0.29907846450805664
9,61575236645717,hi,0.20894284546375275,0.09116102755069733,0.03145861625671387,0.299258291721344
9,61573040625137,fr,0.18785697221755981,0.10160834342241287,0.03247053921222687,0.299639493227005
9,61575227471920,pt,0.19965991377830505,0.09683079272508621,0.05031181126832962,0.29927754402160645
9,61575371015595,it,0.2210354059934616,0.09578077495098114,0.03081803023815155,0.2992856204509735
9,61575238131572,pt,0.1941271871328354,0.10290617495775223,0.036845430731773376,0.29971855878829956
9,61575031471293,en,0.23922674357891083,0.08684582263231277,0.05387033522129059,0.29983028769493103
9,61573693491518,it,0.26310795545578003,0.0637705847620964,0.04947889596223831,0.2997674345970154
9,61575226372155,it,0.23099520802497864,0.08193542063236237,0.046304330229759216,0.299796998500824
9,61575195653637,pt,0.18290850520133972,0.10137713700532913,0.03230501711368561,0.2992990016937256
9,61574786863896,en,0.23302122950553894,0.08087373524904251,0.043242767453193665,0.29904869198799133
9,61575716964202,hi,0.2128814160823822,0.0941404327750206,0.040211066603660583,0.29963088035583496
9,61575229057307,en,0.22867055237293243,0.08914440870285034,0.03661927580833435,0.29958152770996094
9,61574817494524,fr,0.2416505515575409,0.08716683834791183,0.03210972249507904,0.29980891942977905
9,61575049831217,pt,0.22708754241466522,0.09373789280653,0.030952736735343933,0.29966533184051514
9,61575115584213,en,0.24397878348827362,0.07744814455509186,0.04991813749074936,0.298772394657135
9,61575531062633,fr,0.19901247322559357,0.10290492326021194,0.03637586534023285,0.2988143563270569
9,61575270759607,pt,0.20001418888568878,0.10245480388402939,0.0329500287771225,0.2993691563606262
9,61575091169103,en,0.23269109427928925,0.08576402068138123,0.04962168633937836,0.29976239800453186
9,61575318607485,it,0.2225904017686844,0.08468563854694366,0.047779522836208344,0.29963845014572144
9,61575243677655,pt,0.214048832654953,0.10305319726467133,0.03622162342071533,0.29975560307502747
9,61574730557113,en,0.17536619305610657,0.10687800496816635,0.03120952844619751,0.29898974299430847
9,61575148359774,en,0.21306884288787842,0.08690863847732544,0.04482395201921463,0.2995169162750244
9,61574992834078,fr,0.19987539947032928,0.10288466513156891,0.03291116654872894,0.2997318506240845
9,61575075716110,en,0.17489059269428253,0.09628528356552124,0.04087308794260025,0.29951804876327515
9,61574997930238,en,0.2205801010131836,0.0925193652510643,0.03075307607650757,0.29962465167045593
9,61574921619079,fr,0.21848993003368378,0.09492407739162445,0.030804812908172607,0.29920846223831177
9,61574943633252,en,0.24757418036460876,0.06352699548006058,0.06015152484178543,0.29977306723594666
9,61575434374955,fr,0.19214029610157013,0.10237840563058853,0.034963950514793396,0.2984638810157776
9,61575079453209,en,0.22411534190177917,0.09264445304870605,0.046788498759269714,0.2996954619884491
9,61575243441350,hi,0.13886652886867523,0.10033264756202698,0.031168505549430847,0.2991110682487488
9,61574979845984,en,0.20782224833965302,0.10266834497451782,0.033746376633644104,0.2996613085269928
9,61575338256889,hi,0.22511924803256989,0.08798186480998993,0.04486530274152756,0.2986869513988495
9,61574715494235,en,0.25480449199676514,0.07203655689954758,0.04671947658061981,0.2998373508453369
9,61573536988081,fr,0.24121424555778503,0.08890951424837112,0.03067094087600708,0.2993093729019165
9,61574815842320,en,0.23848721385002136,0.066459521651268,0.057799406349658966,0.29941484332084656
9,61575631794140,fr,0.25590863823890686,0.06444993615150452,0.053765036165714264,0.29955554008483887
9,61575221512411,hi,0.24759051203727722,0.06916475296020508,0.05054696649312973,0.29950428009033203
9,61575087119240,pt,0.21846094727516174,0.0979839488863945,0.04322511702775955,0.29980534315109253
9,61575310034038,pt,0.2186717838048935,0.09290707111358643,0.03583690524101257,0.2997102439403534
9,61575317113475,pt,0.21593837440013885,0.09499235451221466,0.037678226828575134,0.29958873987197876
9,61575603778005,it,0.2459564357995987,0.06723721325397491,0.051033131778240204,0.2998114228248596
9,61575221286306,hi,0.2078256905078888,0.08949743956327438,0.03725937008857727,0.2997388243675232
9,61575667346713,en,0.25144925713539124,0.07352814823389053,0.04728876054286957,0.2997552156448364
9,61575153195537,fr,0.23493079841136932,0.08431663364171982,0.04801937937736511,0.2997720241546631
9,61573680682759,en,0.21887831389904022,0.08408122509717941,0.030253246426582336,0.29966455698013306
9,61574788035043,hi,0.20118384063243866,0.09455475956201553,0.04814368486404419,0.29859259724617004
9,61574978975929,en,0.1931779384613037,0.09674159437417984,0.034310728311538696,0.2993582785129547
9,61574901935438,en,0.22447186708450317,0.08345506340265274,0.05118895322084427,0.2996601462364197
9,61575119187638,it,0.2146228402853012,0.08645852655172348,0.039326101541519165,0.29891741275787354
9,61575200353453,it,0.1823677271604538,0.10990359634160995,0.03610648214817047,0.2990940809249878
9,61575017759285,en,0.208162322640419,0.0995810478925705,0.032648831605911255,0.2995530962944031
9,61572897099580,en,0.25533610582351685,0.06353379040956497,0.04833531379699707,0.2996208369731903
9,61575213712850,fr,0.22134679555892944,0.08923159539699554,0.04957403987646103,0.2996341586112976
9,61576073780317,hi,0.20756204426288605,0.09199997037649155,0.030534908175468445,0.29954493045806885
9,61575211332811,en,0.20804868638515472,0.09647925943136215,0.031401440501213074,0.29978010058403015
9,61573018383344,fr,0.21037349104881287,0.0967811793088913,0.03328564763069153,0.29904407262802124
9,61575326856811,en,0.21503479778766632,0.08371201157569885,0.03158457577228546,0.2995501160621643
9,61574828802630,fr,0.1873532384634018,0.10581713169813156,0.031508371233940125,0.2985427975654602
9,61575905331775,pt,0.19828036427497864,0.11101160943508148,0.030495479702949524,0.2997370958328247
9,61574996597830,it,0.23339782655239105,0.0870852917432785,0.04464798420667648,0.29984650015830994
9,61573394763409,fr,0.22877022624015808,0.08493032306432724,0.04335012286901474,0.29958707094192505
9,61575582750038,it,0.19827759265899658,0.10888315737247467,0.034051090478897095,0.29958173632621765
9,61575561445414,en,0.23257675766944885,0.07206960767507553,0.06142989546060562,0.2991452217102051
9,61575288632779,en,0.25095969438552856,0.0676998645067215,0.05412536859512329,0.29974454641342163
9,61575557971497,fr,0.17636051774024963,0.10074424743652344,0.030238047242164612,0.29867690801620483
9,61575557408009,pt,0.21450601518154144,0.09641371667385101,0.030528411269187927,0.29977887868881226
9,61574936016860,it,0.20502108335494995,0.10019213706254959,0.03182211518287659,0.29908788204193115
9,61574780144844,en,0.21282723546028137,0.08840244263410568,0.030324339866638184,0.2995017468929291
9,61574964602105,en,0.1976672112941742,0.09315159171819687,0.030475690960884094,0.29931437969207764
9,61575796651817,fr,0.2208729237318039,0.07128026336431503,0.06619157642126083,0.29732394218444824
9,61575263799927,pt,0.20738619565963745,0.09471214562654495,0.048515163362026215,0.2988106906414032
9,61575792327507,it,0.21207621693611145,0.09109344333410263,0.036687031388282776,0.29951930046081543
9,61572939997623,en,0.2389204502105713,0.08364401757717133,0.04511478543281555,0.29976963996887207
9,61575503980281,pt,0.2109084576368332,0.08992378413677216,0.0355859100818634,0.2997775077819824
9,61573535549602,it,0.21975187957286835,0.08937940746545792,0.04570060223340988,0.29980623722076416
9,61575380549834,hi,0.20878733694553375,0.1023985743522644,0.03050464391708374,0.2994747757911682
9,61574940786036,pt,0.24146874248981476,0.08057006448507309,0.04751816391944885,0.29946136474609375
9,61575036330853,en,0.2505267262458801,0.07512520253658295,0.05538046360015869,0.29951679706573486
9,61575179504190,en,0.21939507126808167,0.08428549766540527,0.030663102865219116,0.2990453839302063
9,61575184523495,en,0.206211119890213,0.10054115206003189,0.030601412057876587,0.2995879054069519
9,61574984850248,en,0.1994205266237259,0.09169618785381317,0.03550150990486145,0.2997291088104248
9,61574896568851,en,0.2197294682264328,0.10204838216304779,0.030808046460151672,0.29968971014022827
9,61575328303165,pt,0.23113341629505157,0.09347905963659286,0.04774869978427887,0.29975515604019165
9,61573639284043,pt,0.17611119151115417,0.0989357978105545,0.0311354398727417,0.29895150661468506
9,61575025306519,hi,0.1910799741744995,0.08593305200338364,0.031203702092170715,0.29917219281196594
9,61573044255129,hi,0.2357456237077713,0.07862646877765656,0.05009527504444122,0.29981011152267456
9,61575854874351,pt,0.19043754041194916,0.11398009955883026,0.030241385102272034,0.2992360293865204
9,61575562855407,hi,0.18015363812446594,0.0995837152004242,0.031125172972679138,0.2985880374908447
9,61573160396182,fr,0.22442179918289185,0.07883518934249878,0.04872710257768631,0.2997789978981018
9,61575025023617,pt,0.22816793620586395,0.09495636075735092,0.030926212668418884,0.2997187674045563
9,61574913877788,pt,0.21111077070236206,0.10327518731355667,0.032378554344177246,0.29978662729263306
9,61575798830806,it,0.20273493230342865,0.09135953336954117,0.0392119437456131,0.2996743321418762
9,61574946005614,en,0.19055180251598358,0.10366910696029663,0.036459192633628845,0.29955899715423584
9,61575095245405,en,0.21942095458507538,0.08981547504663467,0.03083731234073639,0.2994222640991211
9,61575005853006,it,0.20154538750648499,0.09970616549253464,0.03155095875263214,0.29951155185699463
9,61575311377502,en,0.18935899436473846,0.10155507177114487,0.037138864398002625,0.29935377836227417
9,61575649624207,pt,0.18629609048366547,0.10445805639028549,0.03246074914932251,0.29981663823127747
9,61575203023035,hi,0.1713271141052246,0.09428172558546066,0.0364561527967453,0.2988307774066925
9,61575079169748,pt,0.24255049228668213,0.07127320766448975,0.046283625066280365,0.2996964156627655
9,61575148797368,en,0.22462359070777893,0.08358784019947052,0.046832144260406494,0.29970765113830566
9,61573053375071,fr,0.22406290471553802,0.07883959263563156,0.05291770398616791,0.29933249950408936
9,61575000899895,en,0.15445567667484283,0.10596977174282074,0.032601967453956604,0.2976667284965515
9,61575098818802,pt,0.22210544347763062,0.08313515782356262,0.04735114425420761,0.2996678352355957
9,61575028711256,fr,0.2092479169368744,0.08853860199451447,0.05879756063222885,0.29952383041381836
9,61575147567358,fr,0.21150687336921692,0.09311608970165253,0.030434444546699524,0.2992343604564667
9,61575045675245,en,0.2030877023935318,0.09886178374290466,0.04455605149269104,0.29983949661254883
9,61575057779980,en,0.1164674386382103,0.09319133311510086,0.031643107533454895,0.29773205518722534
9,61575770523168,hi,0.22631196677684784,0.08911231905221939,0.035104796290397644,0.29973602294921875
9,61574724737317,it,0.2027844786643982,0.09697430580854416,0.03464324772357941,0.2987774610519409
9,61575674126417,hi,0.22938856482505798,0.07958393543958664,0.06167738139629364,0.29936736822128296
9,61575207773071,it,0.21453745663166046,0.07299353927373886,0.057984523475170135,0.29890871047973633
9,61574911149534,it,0.24599561095237732,0.08591563999652863,0.04301935434341431,0.2998347878456116
9,61575719364055,hi,0.21509405970573425,0.08465217798948288,0.04212485998868942,0.2995303273200989
9,61575150555733,en,0.2578052282333374,0.06952153146266937,0.04628487676382065,0.2995864748954773
9,61573382480931,pt,0.22134940326213837,0.0938158631324768,0.03131191432476044,0.29946380853652954
9,61575204173147,fr,0.22839057445526123,0.08167009800672531,0.04913055896759033,0.2995551824569702
9,61575618485389,pt,0.20151211321353912,0.09150109440088272,0.04683651030063629,0.29967784881591797
9,61574764996945,it,0.19627901911735535,0.07379233837127686,0.06046092510223389,0.2981107234954834
9,61575140890194,en,0.21536530554294586,0.08611883968114853,0.04141329973936081,0.29843324422836304
9,61574799343860,pt,0.204824298620224,0.10340071469545364,0.03077666461467743,0.29907068610191345
9,61575609593809,hi,0.17389914393424988,0.0974564403295517,0.03030078113079071,0.2988136410713196
9,61575088470429,it,0.25863564014434814,0.06595003604888916,0.04948001354932785,0.29983052611351013
9,61575274899327,en,0.21753336489200592,0.08989114314317703,0.045568063855171204,0.2996836304664612
9,61575600087094,hi,0.20879875123500824,0.08459572494029999,0.06534720957279205,0.29948991537094116
9,61575787832729,en,0.22743184864521027,0.0852450430393219,0.03702743351459503,0.2994798719882965
9,61575132716094,en,0.18886496126651764,0.09313185513019562,0.03136855363845825,0.29825448989868164
9,61574996550205,en,0.19920481741428375,0.1077175959944725,0.03760337829589844,0.29973646998405457
9,61575311491588,en,0.18936237692832947,0.10644883662462234,0.034408241510391235,0.2998617887496948
9,61575634528316,en,0.23037834465503693,0.07739223539829254,0.04843868315219879,0.2995906174182892
9,61575731093467,en,0.19425635039806366,0.09511978924274445,0.0347491055727005,0.2997392416000366
9,61575208972156,en,0.26591044664382935,0.06517275422811508,0.0467965304851532,0.2997504472732544
9,61575728753782,en,0.24969102442264557,0.07136654108762741,0.045694105327129364,0.29967379570007324
9,61572985534941,pt,0.1873253583908081,0.10293909162282944,0.03140312433242798,0.2995290756225586
9,61574651897378,en,0.2246386855840683,0.0949380099773407,0.030904412269592285,0.2994183897972107
9,61573437931596,en,0.23164401948451996,0.08355937153100967,0.045816801488399506,0.29954320192337036
9,61575463714708,hi,0.14691641926765442,0.09390969574451447,0.03149634599685669,0.295540452003479
9,61575106577835,it,0.20853054523468018,0.08913921564817429,0.048037536442279816,0.2994751036167145
9,61575582540110,pt,0.205167755484581,0.09880974143743515,0.03125189244747162,0.2989718019962311
9,61575112227227,en,0.18134309351444244,0.08977886289358139,0.031239748001098633,0.2992168962955475
9,61575953244525,hi,0.24595434963703156,0.06448809802532196,0.06231280416250229,0.2993602156639099
9,61574966165566,pt,0.19720593094825745,0.10081511735916138,0.03202657401561737,0.2991443872451782
9,61575494398591,hi,0.26803529262542725,0.0651412084698677,0.045626200735569,0.29973068833351135
9,61575327722596,fr,0.1758129596710205,0.10879373550415039,0.03088386356830597,0.29921531677246094
9,61573552948536,it,0.21066883206367493,0.08553442358970642,0.03745853900909424,0.29852205514907837
9,61574967244321,en,0.22690913081169128,0.08746064454317093,0.04461585730314255,0.29941004514694214
9,61575264860231,en,0.2145666778087616,0.08764614164829254,0.030551567673683167,0.2995002865791321
9,61575355296120,hi,0.2520903944969177,0.060089726001024246,0.06144387274980545,0.29974913597106934
9,61575394229554,en,0.20911984145641327,0.10155459493398666,0.03781317174434662,0.29956871271133423
9,61575129190978,en,0.1927938461303711,0.09451448172330856,0.031440600752830505,0.2991012930870056
9,61575161685429,pt,0.18119308352470398,0.09120900928974152,0.03428621590137482,0.2989606261253357
9,61575056637344,en,0.21579955518245697,0.08977454900741577,0.03832985460758209,0.2997530400753021
9,61573167310365,it,0.26227498054504395,0.06262720376253128,0.05020025372505188,0.2991749048233032
9,61575552217980,pt,0.24159061908721924,0.07774629443883896,0.04766140133142471,0.29976946115493774
9,61575461561304,pt,0.22880584001541138,0.07890044152736664,0.04935885965824127,0.2993326783180237
9,61574835341215,fr,0.22965431213378906,0.07381586730480194,0.06395754963159561,0.2993415892124176
9,61573074840596,fr,0.23256535828113556,0.08528012037277222,0.04614187031984329,0.29981666803359985
9,61576059230191,it,0.21182438731193542,0.09490860998630524,0.03247255086898804,0.29976677894592285
9,61574931846511,it,0.2089848816394806,0.09603946655988693,0.031021490693092346,0.29969847202301025
9,61574053119016,it,0.2063119113445282,0.10334805399179459,0.03016597032546997,0.29944276809692383
9,61575680942688,pt,0.1900070309638977,0.09076899290084839,0.04928014427423477,0.2995240092277527
9,61575019756700,pt,0.22383421659469604,0.08646290004253387,0.04423706233501434,0.2996784746646881
9,61574772375215,fr,0.2020559459924698,0.09455478191375732,0.045487746596336365,0.2997888922691345
9,61575158695568,pt,0.21103723347187042,0.09459546208381653,0.039146482944488525,0.2998279333114624
9,61574949937616,en,0.2619208097457886,0.06408187747001648,0.05036474019289017,0.2995476722717285
9,61575100662412,en,0.25027889013290405,0.06393253058195114,0.0489368662238121,0.2995445132255554
9,61575090989206,fr,0.19116538763046265,0.09700300544500351,0.030213266611099243,0.29887521266937256
9,61575956484127,hi,0.23089390993118286,0.08653347194194794,0.051752641797065735,0.2996627390384674
9,61575671456434,it,0.24522610008716583,0.07727687805891037,0.06154205650091171,0.29976195096969604
9,61574940158280,it,0.2181251347064972,0.09104052186012268,0.047816261649131775,0.2996510863304138
9,61574861712206,pt,0.229009747505188,0.07839174568653107,0.060919150710105896,0.2985130548477173
9,61575229631870,pt,0.25078845024108887,0.07373946160078049,0.05412357300519943,0.2998667061328888
9,61574980024843,hi,0.23709046840667725,0.07921568304300308,0.04878886044025421,0.29970139265060425
9,61573112383233,it,0.2145160436630249,0.07589934021234512,0.04180966317653656,0.29886603355407715
9,61574999867383,en,0.21562588214874268,0.07320748269557953,0.06531672924757004,0.2990496754646301
9,61575161305509,fr,0.20027999579906464,0.1049594059586525,0.04324514418840408,0.2991313934326172
9,61575805711531,it,0.26687532663345337,0.0654812678694725,0.045553579926490784,0.299821674823761
9,61574930586709,pt,0.18554845452308655,0.09309426695108414,0.03843116760253906,0.2981254756450653
9,61575036691879,fr,0.15370672941207886,0.105184406042099,0.03110414743423462,0.29972806572914124
9,61573876354741,it,0.20098848640918732,0.10262835770845413,0.03149779140949249,0.2990216612815857
9,61575152385454,fr,0.20720422267913818,0.08982530236244202,0.05052036792039871,0.2997477948665619
9,61575797240901,it,0.21335344016551971,0.10262051969766617,0.03583516180515289,0.2996746301651001
9,61574787854878,pt,0.20974001288414001,0.06456352770328522,0.06249057501554489,0.2986786961555481
9,61575123077172,hi,0.23397164046764374,0.08433281630277634,0.0581909716129303,0.2996317744255066
9,61575258724354,hi,0.23933029174804688,0.08079323917627335,0.05834302306175232,0.29914501309394836
9,61574884989863,fr,0.19770897924900055,0.1068762019276619,0.032416194677352905,0.29947948455810547
9,61575171524686,it,0.1986503303050995,0.10431405156850815,0.03912210464477539,0.29970914125442505
9,61575695695222,en,0.25680816173553467,0.06328868865966797,0.04976494610309601,0.29797786474227905
10,61574934126943,pt,0.1634150594472885,0.09953770041465759,0.030351728200912476,0.29839473962783813
10,61575131153481,en,0.22765880823135376,0.08725788444280624,0.04889189451932907,0.2995730936527252
10,61574801413926,fr,0.22086021304130554,0.08897021412849426,0.03285004198551178,0.2993529438972473
10,61575315757634,fr,0.20116503536701202,0.08793913573026657,0.05010850727558136,0.29944878816604614
10,61574863962100,it,0.21705985069274902,0.08516819030046463,0.046696364879608154,0.2996492385864258
10,61575201373332,fr,0.2185460329055786,0.09219150990247726,0.03270460665225983,0.29970061779022217
10,61575691416622,hi,0.21647614240646362,0.08764489740133286,0.03612343966960907,0.29970619082450867
10,61574905567721,en,0.22181826829910278,0.07827600836753845,0.054757460951805115,0.29934847354888916
10,61575169251717,en,0.19868427515029907,0.09897443652153015,0.03333333134651184,0.29955095052719116
10,61575111478220,pt,0.22332626581192017,0.0796302929520607,0.0454203262925148,0.29935193061828613
10,61575569215048,hi,0.20968197286128998,0.08898694813251495,0.04216046631336212,0.29939982295036316
10,61575003004721,fr,0.19491299986839294,0.09014992415904999,0.030904188752174377,0.29863327741622925
10,61575027123549,en,0.20591601729393005,0.10134065896272659,0.030416250228881836,0.2996373772621155
10,61574951645380,en,0.22893403470516205,0.08982821553945541,0.036481961607933044,0.2994897961616516
10,61574727556591,en,0.2082992047071457,0.07374231517314911,0.05609259009361267,0.2996286153793335
10,61575239345239,en,0.22853140532970428,0.09054016321897507,0.03527629375457764,0.29969537258148193
10,61575622629793,it,0.20629668235778809,0.09753336012363434,0.030516788363456726,0.2997830808162689
10,61575174584515,fr,0.23345214128494263,0.07910126447677612,0.030841216444969177,0.29905158281326294
10,61575689432183,pt,0.22229669988155365,0.08806146681308746,0.03173327445983887,0.2997891902923584
10,61575053907477,en,0.1851876974105835,0.10525058209896088,0.030366063117980957,0.29957205057144165
10,61575568405010,en,0.2202063798904419,0.07902262359857559,0.048558309674263,0.29843103885650635
10,61575007354364,en,0.22347941994667053,0.08942076563835144,0.03641656041145325,0.29946476221084595
10,61575205783063,hi,0.21759213507175446,0.07833780348300934,0.06249456852674484,0.2990051805973053
10,61574652767188,en,0.25229334831237793,0.06538540124893188,0.050579704344272614,0.29894447326660156
10,61574821569203,en,0.19587400555610657,0.0944257527589798,0.030776649713516235,0.299409955739975
10,61575347826373,hi,0.2093607634305954,0.08688080310821533,0.04357311874628067,0.2996852397918701
10,61575116351597,hi,0.22657684981822968,0.0841127261519432,0.052878864109516144,0.2998026907444
10,61574764605724,fr,0.22732339799404144,0.08240743726491928,0.04101193696260452,0.29874473810195923
10,61575210563029,fr,0.2464449256658554,0.07573555409908295,0.04690483957529068,0.2996762692928314
10,61574937547028,it,0.20376206934452057,0.08812066912651062,0.0320616215467453,0.2998339533805847
10,61575062566013,en,0.21054062247276306,0.09820044040679932,0.03259079158306122,0.29969722032546997
10,61575004409946,en,0.22212795913219452,0.08893268555402756,0.03512990474700928,0.299735426902771
10,61575167439026,en,0.20287597179412842,0.0993613749742508,0.03388896584510803,0.29983484745025635
10,61575303902251,en,0.19430139660835266,0.10211091488599777,0.0324363112449646,0.29921257495880127
10,61574987700816,en,0.23432034254074097,0.08533857017755508,0.03907118737697601,0.2997254729270935
10,61575062519607,en,0.23498350381851196,0.07365858554840088,0.05836689472198486,0.29837876558303833
10,61575236351657,fr,0.17261245846748352,0.10589435696601868,0.030342459678649902,0.29891711473464966
10,61575255040324,en,0.2174665331840515,0.08962512016296387,0.030883371829986572,0.2993133068084717
10,61575799107152,pt,0.1974429041147232,0.09795806556940079,0.03217273950576782,0.2994612455368042
10,61575637913685,en,0.22380881011486053,0.09303555637598038,0.035076260566711426,0.29946428537368774
10,61575138556380,en,0.22550871968269348,0.07401753962039948,0.0546991303563118,0.2988519072532654
10,61575527222862,it,0.24292166531085968,0.07382078468799591,0.04874280095100403,0.2994580864906311
10,61573054454503,fr,0.24633260071277618,0.07545719295740128,0.047697342932224274,0.2997465133666992
10,61574839903015,it,0.2379857450723648,0.09418503940105438,0.030633151531219482,0.29980912804603577
10,61574788001360,en,0.19634607434272766,0.1023976132273674,0.03036196529865265,0.2993243336677551
10,61575207112351,en,0.23595072329044342,0.07589519023895264,0.048577889800071716,0.2993358373641968
10,61575152050067,hi,0.1889379322528839,0.09095742553472519,0.03894248604774475,0.29906606674194336
10,61573397313375,fr,0.1965530961751938,0.10534519702196121,0.037871867418289185,0.29965367913246155
10,61575817620916,fr,0.23391175270080566,0.08227675408124924,0.034711167216300964,0.2998112440109253
10,61575313410082,en,0.21968631446361542,0.08484723418951035,0.04555182904005051,0.29976505041122437
10,61575266811505,en,0.1944963037967682,0.08371946215629578,0.031672462821006775,0.299544095993042
10,61574726476500,en,0.24125684797763824,0.07619772851467133,0.05428090691566467,0.29953688383102417
10,61575178964523,pt,0.20147819817066193,0.11008641123771667,0.03836961090564728,0.2992560565471649
10,61575940674829,hi,0.2276020497083664,0.08893415331840515,0.03578527271747589,0.2993502616882324
10,61574855621301,en,0.22616352140903473,0.08086226880550385,0.04562439024448395,0.2990158498287201
10,61575872908128,hi,0.22403484582901,0.09014292061328888,0.030469700694084167,0.29941797256469727
10,61575227003442,it,0.2525792121887207,0.07040058076381683,0.04782263934612274,0.29970380663871765
10,61575614841893,hi,0.23079468309879303,0.08482931554317474,0.03426775336265564,0.29982370138168335
10,61575828570433,en,0.2072768658399582,0.07412458956241608,0.062170982360839844,0.2984631657600403
10,61574831382328,en,0.2306121587753296,0.07943987101316452,0.03367869555950165,0.299706369638443
10,61575496125684,en,0.22570782899856567,0.09315574914216995,0.04399146884679794,0.29970186948776245
10,61575356045890,it,0.1947251409292221,0.09342378377914429,0.04729384183883667,0.2993168830871582
10,61575172646079,it,0.2024392932653427,0.09262841194868088,0.04613730311393738,0.2998546361923218
10,61575027298560,en,0.223585844039917,0.08758029341697693,0.030268266797065735,0.299373984336853
10,61574817464063,en,0.24377040565013885,0.08570615947246552,0.03524002432823181,0.29953259229660034
10,61574781734933,it,0.214162677526474,0.07952839136123657,0.051982127130031586,0.29968151450157166
10,61572766786766,en,0.22332178056240082,0.08329907804727554,0.0538940504193306,0.29966869950294495
10,61575574524688,pt,0.22834156453609467,0.09154720604419708,0.04258511960506439,0.29988810420036316
10,61575226491299,en,0.21098186075687408,0.09342614561319351,0.03281085193157196,0.29966166615486145
10,61573217543255,hi,0.21918345987796783,0.08853869885206223,0.031123816967010498,0.2995809018611908
10,61575838795093,pt,0.20530717074871063,0.09996934235095978,0.030278503894805908,0.2996692955493927
10,61575202633062,it,0.22209122776985168,0.09183341264724731,0.030459150671958923,0.2997560501098633
10,61575544152962,it,0.2191772311925888,0.08757968246936798,0.03407561779022217,0.2998446226119995
10,61575088062953,it,0.19370637834072113,0.10926580429077148,0.030623137950897217,0.2994609475135803
10,61575119561738,en,0.23231232166290283,0.09348101913928986,0.04675652086734772,0.29983747005462646
10,61574051276067,it,0.22927170991897583,0.07868354767560959,0.05673373490571976,0.2997421324253082
10,61575013502873,it,0.19215674698352814,0.09421241283416748,0.03256775438785553,0.29902583360671997
10,61575571571675,fr,0.2478228509426117,0.08398306369781494,0.048759929835796356,0.29973137378692627
10,61573913763035,it,0.17555464804172516,0.10626165568828583,0.03184349834918976,0.2995418906211853
10,61575557761520,it,0.2515365183353424,0.07296078652143478,0.04692882299423218,0.2996819019317627
10,61573544637558,fr,0.20446370542049408,0.07680442929267883,0.06402318924665451,0.2988353967666626
10,61573135240533,fr,0.23181240260601044,0.07586703449487686,0.0536380335688591,0.2994352877140045
10,61575098742695,hi,0.22685593366622925,0.08086202293634415,0.030778110027313232,0.2995874285697937
10,61575662108150,en,0.23500987887382507,0.0991126298904419,0.04628415405750275,0.29982122778892517
10,61575515733376,pt,0.23791690170764923,0.07739388942718506,0.05341702699661255,0.2995092272758484
10,61575661611123,hi,0.21094541251659393,0.08835683763027191,0.05213826149702072,0.29885971546173096
10,61575214162123,en,0.2048717439174652,0.09716364741325378,0.030955448746681213,0.29966986179351807
10,61573503322985,fr,0.2052580863237381,0.09529582411050797,0.03379113972187042,0.2996898293495178
10,61575198623528,hi,0.2474164366722107,0.07843197137117386,0.054001584649086,0.29973673820495605
10,61574714597809,pt,0.20449067652225494,0.09052012115716934,0.03751693665981293,0.29978740215301514
10,61575689695617,hi,0.22980399429798126,0.0807771384716034,0.03246459364891052,0.29940158128738403
10,61575606443963,hi,0.13323673605918884,0.0985637828707695,0.030653059482574463,0.2982892394065857
10,61575308401890,en,0.24440144002437592,0.08160977065563202,0.04749365150928497,0.2998344898223877
10,61575331140964,en,0.24673011898994446,0.0835399180650711,0.046434156596660614,0.2997593879699707
10,61572629921625,pt,0.22127866744995117,0.07660306245088577,0.05598349869251251,0.29924970865249634
10,61573600374605,en,0.2062009871006012,0.09690183401107788,0.040983542799949646,0.2995580732822418
10,61575324090992,en,0.2540540099143982,0.07859766483306885,0.05243392288684845,0.29982414841651917
10,61575112067630,hi,0.22880853712558746,0.08119670301675797,0.030373498797416687,0.29968512058258057
10,61575470764521,pt,0.27343451976776123,0.062371429055929184,0.04767591506242752,0.29984647035598755
10,61575257740412,hi,0.22874309122562408,0.07532399147748947,0.054411619901657104,0.29923248291015625
10,61575324216831,en,0.23153643310070038,0.07154678553342819,0.056571125984191895,0.2995821237564087
10,61575433245776,it,0.19820305705070496,0.09196309745311737,0.040486790239810944,0.29958558082580566
10,61574801715376,en,0.21167100965976715,0.09712235629558563,0.03737461566925049,0.29978805780410767
10,61575229721815,fr,0.23035907745361328,0.08003349602222443,0.05421263724565506,0.29955124855041504
10,61575024946334,hi,0.2043762356042862,0.09167348593473434,0.038598209619522095,0.29936736822128296
10,61575617909167,en,0.18511702120304108,0.09987486898899078,0.03201693296432495,0.2995379567146301
10,61574814822672,en,0.21407335996627808,0.08662303537130356,0.038524165749549866,0.29960280656814575
10,61575044985283,hi,0.21282804012298584,0.0875203087925911,0.031246259808540344,0.29886922240257263
10,61572607540933,fr,0.2116909772157669,0.09779038280248642,0.031242281198501587,0.299521803855896
10,61575005252655,en,0.21009285748004913,0.09215475618839264,0.0425562858581543,0.29976245760917664
10,61573167969034,fr,0.19614571332931519,0.10522416979074478,0.030556529760360718,0.2990525960922241
10,61573516080607,it,0.15592597424983978,0.10378214716911316,0.031867578625679016,0.29921954870224
10,61575561427679,pt,0.21256950497627258,0.10060227662324905,0.035832226276397705,0.29953616857528687
10,61575612269544,fr,0.20213419198989868,0.09274929016828537,0.030829891562461853,0.29959362745285034
10,61575152979706,hi,0.2080448418855667,0.09467847645282745,0.030412405729293823,0.2994424104690552
10,61574925813885,en,0.24379339814186096,0.08079419285058975,0.05075182020664215,0.2997375428676605
10,61575647991754,hi,0.20589713752269745,0.10461235791444778,0.030516475439071655,0.29972222447395325
10,61575849294548,pt,0.2528117597103119,0.06546703726053238,0.046648092567920685,0.2997824549674988
10,61575732154813,en,0.22264111042022705,0.08189994841814041,0.04933124780654907,0.2996950149536133
10,61575207162938,hi,0.23533155024051666,0.07914971560239792,0.0552147701382637,0.2996918559074402
10,61573697084008,it,0.2305416613817215,0.08449836075305939,0.03527472913265228,0.29988014698028564
10,61574846917976,en,0.18567420542240143,0.09766218811273575,0.03216271102428436,0.2995864748954773
10,61574838672120,en,0.20143675804138184,0.10196182876825333,0.050055235624313354,0.2996852397918701
10,61575162879216,en,0.20684535801410675,0.09790416061878204,0.030783355236053467,0.29944461584091187
10,61575306427918,en,0.2160189151763916,0.0677923932671547,0.06480909883975983,0.29841381311416626
10,61575531152948,pt,0.2322101593017578,0.08817136287689209,0.032831743359565735,0.29986894130706787
10,61572731112276,fr,0.2476864755153656,0.07091222703456879,0.04947295039892197,0.29958975315093994
10,61573212846972,en,0.21856693923473358,0.0880453810095787,0.032613784074783325,0.29946401715278625
10,61573754471228,it,0.18370318412780762,0.09724968671798706,0.034224823117256165,0.2978980541229248
10,61574858352338,en,0.21950332820415497,0.10407949984073639,0.030606985092163086,0.2995094060897827
10,61575255680659,it,0.2070731818675995,0.1014462560415268,0.031073540449142456,0.29967421293258667
10,61575126533596,en,0.2048429399728775,0.08451373875141144,0.031109675765037537,0.2989267110824585
10,61575180835678,en,0.2597901523113251,0.06502077728509903,0.04776572436094284,0.2998207211494446
10,61575580080566,it,0.21750269830226898,0.0924496278166771,0.0338677316904068,0.29929548501968384
10,61575695455292,en,0.20119254291057587,0.08760856091976166,0.04766005277633667,0.2990169823169708
10,61574932177407,en,0.22998082637786865,0.08299512416124344,0.05251263082027435,0.29966533184051514
10,61575281169106,hi,0.18048730492591858,0.09794685244560242,0.03124813735485077,0.2993355989456177
10,61574785574733,it,0.22254124283790588,0.09381924569606781,0.040673255920410156,0.29964300990104675
10,61574691255198,en,0.21351958811283112,0.09573880583047867,0.030817463994026184,0.2997658848762512
10,61572728411956,fr,0.20179110765457153,0.10881180316209793,0.03089168667793274,0.29966863989830017
10,61575647284322,pt,0.24834685027599335,0.06775321811437607,0.049120523035526276,0.29970020055770874
10,61575262870032,pt,0.21537986397743225,0.09291940927505493,0.03438548743724823,0.29976195096969604
10,61575794757479,pt,0.1883113980293274,0.10966309159994125,0.030337810516357422,0.2997306287288666
10,61574919303983,en,0.19261996448040009,0.09804389625787735,0.030936583876609802,0.2996969223022461
10,61573543259106,it,0.18424086272716522,0.10200230777263641,0.03278374671936035,0.29970332980155945
10,61575191317891,pt,0.2189832478761673,0.09564755111932755,0.03045983612537384,0.29986363649368286
10,61574708867579,en,0.21865494549274445,0.08555737882852554,0.05616511404514313,0.29919731616973877
10,61575368459933,pt,0.23695853352546692,0.06785759329795837,0.06688601523637772,0.2988791763782501
10,61575688105742,fr,0.2238239198923111,0.08597402274608612,0.044658444821834564,0.2998056709766388
10,61575545102013,it,0.20487283170223236,0.09641487896442413,0.030601143836975098,0.2997550368309021
10,61572945636998,pt,0.1978943943977356,0.0950925275683403,0.03387095034122467,0.2995108962059021
10,61575533882644,pt,0.20305587351322174,0.09107497334480286,0.03438855707645416,0.2991943657398224
10,61573036322799,pt,0.244609996676445,0.07607205957174301,0.055168040096759796,0.2994634509086609
10,61575809341597,en,0.22384752333164215,0.0880843847990036,0.05356626212596893,0.29920560121536255
10,61575276789549,en,0.24560546875,0.07600122690200806,0.04759443551301956,0.2996169924736023
10,61575830879821,fr,0.1774730384349823,0.08564551174640656,0.03061261773109436,0.297325074672699
10,61575169251615,en,0.2074064314365387,0.09075890481472015,0.04582643508911133,0.2980174422264099
10,61575188275516,it,0.21369655430316925,0.09177331626415253,0.040393345057964325,0.299782395362854
10,61575455591111,pt,0.18059177696704865,0.10578498989343643,0.041714780032634735,0.2990037798881531
10,61575040950775,en,0.20352678000926971,0.09727241098880768,0.046354055404663086,0.29961222410202026
10,61575734633308,en,0.2132909595966339,0.09393033385276794,0.031054750084877014,0.29960158467292786
10,61575131576367,en,0.2212141454219818,0.09077771753072739,0.03863954544067383,0.29966670274734497
10,61574939766846,pt,0.20572267472743988,0.09722203761339188,0.03960344195365906,0.2994697690010071
10,61575729844682,en,0.22421227395534515,0.0790218710899353,0.03376255929470062,0.2993094325065613
10,61574845121589,pt,0.23341777920722961,0.08693145960569382,0.05252363532781601,0.2993859052658081
10,61575154635451,it,0.24467438459396362,0.08328758925199509,0.04773706942796707,0.2995871305465698
10,61573639576797,it,0.20957866311073303,0.10106957703828812,0.03082934021949768,0.29869771003723145
10,61575046350558,en,0.2143944650888443,0.09597841650247574,0.034963950514793396,0.299731582403183
10,61575225621439,en,0.18732914328575134,0.11033961176872253,0.03042846918106079,0.2993399202823639
10,61574914234585,en,0.17348648607730865,0.10765440762042999,0.030426055192947388,0.2992282509803772
10,61575259270245,hi,0.211593896150589,0.08799497783184052,0.03763842582702637,0.298635870218277
10,61575149005237,en,0.19196036458015442,0.09490793943405151,0.03097832202911377,0.2985764741897583
10,61572817333773,en,0.1980019062757492,0.10546714067459106,0.030768737196922302,0.29983001947402954
10,61575001534754,hi,0.18696103990077972,0.09941242635250092,0.031193792819976807,0.2991694211959839
10,61575236645717,hi,0.21329383552074432,0.09352170675992966,0.031002908945083618,0.2990882396697998
10,61573040625137,fr,0.19050297141075134,0.10205992311239243,0.03435395658016205,0.2996792197227478
10,61575227471920,pt,0.19008301198482513,0.10339885205030441,0.03915157914161682,0.29917997121810913
10,61575371015595,it,0.21639981865882874,0.09600687026977539,0.030495554208755493,0.29893428087234497
10,61575238131572,pt,0.1879872977733612,0.10190588980913162,0.03226597607135773,0.2996586859226227
10,61575031471293,en,0.23953163623809814,0.087552510201931,0.05108833312988281,0.29983484745025635
10,61573693491518,it,0.26125478744506836,0.06545606255531311,0.047683700919151306,0.299763023853302
10,61575226372155,it,0.23161742091178894,0.07664509862661362,0.045851849019527435,0.29979002475738525
10,61575195653637,pt,0.1847652643918991,0.099293053150177,0.031875595450401306,0.29922664165496826
10,61574786863896,en,0.23222792148590088,0.07756949216127396,0.04966134577989578,0.2995598316192627
10,61575716964202,hi,0.20882511138916016,0.09622938185930252,0.04476282000541687,0.2997274100780487
10,61575229057307,en,0.23015093803405762,0.08792021125555038,0.04071357101202011,0.29963886737823486
10,61574817494524,fr,0.24337205290794373,0.08653616905212402,0.03217324614524841,0.29981130361557007
10,61575049831217,pt,0.2201319932937622,0.0955110490322113,0.030916571617126465,0.2995378375053406
10,61575115584213,en,0.23876743018627167,0.08537299185991287,0.0499768927693367,0.298766553401947
10,61575531062633,fr,0.20369237661361694,0.10273679345846176,0.03885200619697571,0.29910239577293396
10,61575270759607,pt,0.19114336371421814,0.1050153374671936,0.03110012412071228,0.2993389964103699
10,61575091169103,en,0.23026376962661743,0.08562594652175903,0.04978208988904953,0.29971611499786377
10,61575318607485,it,0.2230926901102066,0.08130298554897308,0.04766008257865906,0.2995545268058777
10,61575243677655,pt,0.21123749017715454,0.10383927077054977,0.032560914754867554,0.29975032806396484
10,61574730557113,en,0.17682930827140808,0.10803130269050598,0.031342193484306335,0.2986811399459839
10,61575148359774,en,0.21478307247161865,0.0888587012887001,0.04159347712993622,0.29957708716392517
10,61574992834078,fr,0.1970413327217102,0.10301762819290161,0.03453020751476288,0.2997477054595947
10,61575075716110,en,0.1660386174917221,0.09540559351444244,0.0414004921913147,0.2994776964187622
10,61574997930238,en,0.22047221660614014,0.09493974596261978,0.030498787760734558,0.2996801733970642
10,61574921619079,fr,0.22105291485786438,0.09392937272787094,0.030743181705474854,0.2990817725658417
10,61574943633252,en,0.2583107352256775,0.05820054933428764,0.0568857416510582,0.29974931478500366
10,61575434374955,fr,0.19236254692077637,0.1028478667140007,0.03753688931465149,0.29837292432785034
10,61575079453209,en,0.2291996031999588,0.08832427859306335,0.04609385132789612,0.2997598648071289
10,61575243441350,hi,0.14138655364513397,0.09695237129926682,0.03117448091506958,0.29914045333862305
10,61574979845984,en,0.2040545791387558,0.09997109323740005,0.03121449053287506,0.29964151978492737
10,61575338256889,hi,0.22655674815177917,0.08751960843801498,0.04799754172563553,0.29878413677215576
10,61574715494235,en,0.24970023334026337,0.07641955465078354,0.04684629291296005,0.2998387813568115
10,61573536988081,fr,0.23801016807556152,0.08604105561971664,0.030523359775543213,0.29939618706703186
10,61574815842320,en,0.2335612028837204,0.07091831415891647,0.052720651030540466,0.29956674575805664
10,61575631794140,fr,0.25363826751708984,0.06472919136285782,0.05347321927547455,0.29950612783432007
10,61575221512411,hi,0.23600108921527863,0.07158154994249344,0.05826561897993088,0.2991328239440918
10,61575087119240,pt,0.22168871760368347,0.0937579870223999,0.04702220857143402,0.2997978627681732
10,61575310034038,pt,0.21787424385547638,0.09449314326047897,0.04246129095554352,0.29969799518585205
10,61575317113475,pt,0.21789254248142242,0.09474039822816849,0.03416848182678223,0.29956284165382385
10,61575603778005,it,0.2481442540884018,0.06745564937591553,0.04900573194026947,0.29987549781799316
10,61575221286306,hi,0.18169143795967102,0.09604230523109436,0.031637951731681824,0.2996848225593567
10,61575667346713,en,0.2507486045360565,0.07321713864803314,0.04806739091873169,0.29975277185440063
10,61575153195537,fr,0.23031088709831238,0.08937375992536545,0.044373512268066406,0.299773633480072
10,61573680682759,en,0.21431812644004822,0.08719125390052795,0.030188709497451782,0.2997032403945923
10,61574788035043,hi,0.20083323121070862,0.09441006928682327,0.03753437101840973,0.2978855073451996
10,61574978975929,en,0.195648655295372,0.09634966403245926,0.03392063081264496,0.29923510551452637
10,61574901935438,en,0.2312295138835907,0.08120224624872208,0.04959547519683838,0.29960867762565613
10,61575119187638,it,0.20573917031288147,0.08407311141490936,0.04194090515375137,0.29782864451408386
10,61575200353453,it,0.1847522258758545,0.10805454105138779,0.04092059284448624,0.29919540882110596
10,61575017759285,en,0.2079298049211502,0.10081901401281357,0.0315987765789032,0.2996983230113983
10,61572897099580,en,0.2547718584537506,0.06291493773460388,0.049086689949035645,0.29958367347717285
10,61575213712850,fr,0.22173665463924408,0.09006407856941223,0.048884108662605286,0.29964202642440796
10,61576073780317,hi,0.20453166961669922,0.09317580610513687,0.030766397714614868,0.2996411621570587
10,61575211332811,en,0.20703889429569244,0.09476657211780548,0.031614989042282104,0.2998207211494446
10,61573018383344,fr,0.21154706180095673,0.0968780666589737,0.038114964962005615,0.29893332719802856
10,61575326856811,en,0.21673628687858582,0.08442261070013046,0.03298744559288025,0.2995952367782593
10,61574828802630,fr,0.1819518655538559,0.10407600551843643,0.03185845911502838,0.2985774874687195
10,61575905331775,pt,0.1983087807893753,0.11258333921432495,0.03076772391796112,0.29974037408828735
10,61574996597830,it,0.23072271049022675,0.09050777554512024,0.04504455626010895,0.2998437285423279
10,61573394763409,fr,0.22818198800086975,0.08470344543457031,0.05602700263261795,0.29944950342178345
10,61575582750038,it,0.1956626921892166,0.10828643292188644,0.0330725759267807,0.2995193600654602
10,61575561445414,en,0.2324146330356598,0.07139614224433899,0.06216631829738617,0.29919031262397766
10,61575288632779,en,0.2494524121284485,0.0677638128399849,0.05275430530309677,0.29976576566696167
10,61575557971497,fr,0.18090437352657318,0.09922556579113007,0.030222535133361816,0.29878854751586914
10,61575557408009,pt,0.22068214416503906,0.09280732274055481,0.030552208423614502,0.2997807264328003
10,61574936016860,it,0.21480682492256165,0.09921915829181671,0.0324653685092926,0.299463152885437
10,61574780144844,en,0.21538716554641724,0.08836384117603302,0.03037230670452118,0.29964834451675415
10,61574964602105,en,0.19695839285850525,0.09467684477567673,0.030843600630760193,0.29931551218032837
10,61575796651817,fr,0.21697334945201874,0.07602332532405853,0.06578128784894943,0.29784220457077026
10,61575263799927,pt,0.20269130170345306,0.09590500593185425,0.0463024377822876,0.29867708683013916
10,61575792327507,it,0.2149135321378708,0.091338150203228,0.037471264600753784,0.29958826303482056
10,61572939997623,en,0.24183014035224915,0.08356471359729767,0.04364924877882004,0.2997443675994873
10,61575503980281,pt,0.21222706139087677,0.0933210700750351,0.037784919142723083,0.29980015754699707
10,61573535549602,it,0.21799352765083313,0.0915597453713417,0.03963780403137207,0.29979822039604187
10,61575380549834,hi,0.2083171159029007,0.10259225219488144,0.030686065554618835,0.29957887530326843
10,61574940786036,pt,0.23930129408836365,0.08392296731472015,0.042881131172180176,0.2996476888656616
10,61575036330853,en,0.24731387197971344,0.07777577638626099,0.04317574203014374,0.2992691993713379
10,61575179504190,en,0.2208993285894394,0.085187628865242,0.03046649694442749,0.29913967847824097
10,61575184523495,en,0.206283837556839,0.10245739668607712,0.03048865497112274,0.2996646761894226
10,61574984850248,en,0.19386838376522064,0.09163162112236023,0.0364222526550293,0.29966381192207336
10,61574896568851,en,0.22196754813194275,0.10042844712734222,0.030715212225914,0.2997046113014221
10,61575328303165,pt,0.22151188552379608,0.09611064195632935,0.04399631917476654,0.29976245760917664
10,61573639284043,pt,0.17739146947860718,0.1001371294260025,0.03183123469352722,0.29892775416374207
10,61575025306519,hi,0.19322435557842255,0.08800365030765533,0.03151687979698181,0.2991158366203308
10,61573044255129,hi,0.2354491800069809,0.07764820754528046,0.05173564702272415,0.299818217754364
10,61575854874351,pt,0.1907677948474884,0.11381424218416214,0.03020523488521576,0.2993035912513733
10,61575562855407,hi,0.1808822751045227,0.10154914110898972,0.030465349555015564,0.29913195967674255
10,61573160396182,fr,0.23081599175930023,0.07647079974412918,0.04813569784164429,0.2998107075691223
10,61575025023617,pt,0.22813385725021362,0.09223393350839615,0.030280575156211853,0.2997351884841919
10,61574913877788,pt,0.21210306882858276,0.09868691116571426,0.03127051889896393,0.299805223941803
10,61575798830806,it,0.21298739314079285,0.08060634881258011,0.04494740813970566,0.29968079924583435
10,61574946005614,en,0.18791517615318298,0.10369481146335602,0.03446932137012482,0.2995802164077759
10,61575095245405,en,0.22202374041080475,0.08908134698867798,0.03093402087688446,0.29938387870788574
10,61575005853006,it,0.2035050094127655,0.09927291423082352,0.03137500584125519,0.29969775676727295
10,61575311377502,en,0.18758024275302887,0.10102245211601257,0.03701750934123993,0.2993045449256897
10,61575649624207,pt,0.1815265268087387,0.10615428537130356,0.031184062361717224,0.29983407258987427
10,61575203023035,hi,0.1680549681186676,0.09860178828239441,0.0350748747587204,0.2988773286342621
10,61575079169748,pt,0.24215549230575562,0.07193601131439209,0.048406392335891724,0.2997232973575592
10,61575148797368,en,0.21230371296405792,0.09176307171583176,0.05120464414358139,0.29960235953330994
10,61573053375071,fr,0.2262098491191864,0.07620073109865189,0.054546527564525604,0.29935282468795776
10,61575000899895,en,0.15545932948589325,0.1057903915643692,0.03268107771873474,0.2973988652229309
10,61575098818802,pt,0.22755195200443268,0.0782247856259346,0.04719509929418564,0.2996588945388794
10,61575028711256,fr,0.21358954906463623,0.08489008992910385,0.05900835990905762,0.29967376589775085
10,61575147567358,fr,0.21592222154140472,0.09492053091526031,0.0307275652885437,0.2992195188999176
10,61575045675245,en,0.20547686517238617,0.09478965401649475,0.04652427136898041,0.29984724521636963
10,61575057779980,en,0.11542045325040817,0.09345945715904236,0.03112335503101349,0.29749244451522827
10,61575770523168,hi,0.22775088250637054,0.08977878093719482,0.036087051033973694,0.299713134765625
10,61574724737317,it,0.2050274759531021,0.09654597193002701,0.042255908250808716,0.2987724840641022
10,61575674126417,hi,0.23071467876434326,0.07764443755149841,0.06346562504768372,0.2990988492965698
10,61575207773071,it,0.21007944643497467,0.0729651153087616,0.06331336498260498,0.2992679178714752
10,61574911149534,it,0.2455509603023529,0.08712676167488098,0.03961095213890076,0.299838662147522
10,61575719364055,hi,0.2131212204694748,0.08329812437295914,0.04940847307443619,0.2996124029159546
10,61575150555733,en,0.2598406970500946,0.06925969570875168,0.047278717160224915,0.29962295293807983
10,61573382480931,pt,0.2182893007993698,0.09291723370552063,0.031546831130981445,0.2991979718208313
10,61575204173147,fr,0.23163332045078278,0.07909023016691208,0.06069447100162506,0.2994925379753113
10,61575618485389,pt,0.19708698987960815,0.09652406722307205,0.035462066531181335,0.29965949058532715
10,61574764996945,it,0.1981286257505417,0.0763089582324028,0.053138963878154755,0.29810383915901184
10,61575140890194,en,0.21372848749160767,0.0856444388628006,0.03817293047904968,0.29810619354248047
10,61574799343860,pt,0.20750944316387177,0.09790834039449692,0.03195233643054962,0.29905688762664795
10,61575609593809,hi,0.189412459731102,0.09607670456171036,0.0309172123670578,0.29886454343795776
10,61575088470429,it,0.2549382448196411,0.06320822238922119,0.05563122779130936,0.29982638359069824
10,61575274899327,en,0.20623371005058289,0.09488347172737122,0.04336463660001755,0.29954302310943604
10,61575600087094,hi,0.217099130153656,0.08288366347551346,0.06231936812400818,0.29953816533088684
10,61575787832729,en,0.21899662911891937,0.08909492939710617,0.03355579078197479,0.29921209812164307
10,61575132716094,en,0.18884967267513275,0.09059417247772217,0.03138348460197449,0.2984299957752228
10,61574996550205,en,0.19658835232257843,0.10883603990077972,0.0441264882683754,0.2997313141822815
10,61575311491588,en,0.18593303859233856,0.10985661298036575,0.03249998390674591,0.29986095428466797
10,61575634528316,en,0.22572188079357147,0.07922616600990295,0.04704564809799194,0.2995591163635254
10,61575731093467,en,0.18920180201530457,0.09539923071861267,0.0334867388010025,0.29972755908966064
10,61575208972156,en,0.2653956115245819,0.06566368043422699,0.04757283627986908,0.29969581961631775
10,61575728753782,en,0.2491128295660019,0.07003219425678253,0.04731234163045883,0.2997194528579712
10,61572985534941,pt,0.1868956834077835,0.10228437185287476,0.03083653748035431,0.2994840145111084
10,61574651897378,en,0.22708220779895782,0.09382611513137817,0.030753493309020996,0.29957178235054016
10,61573437931596,en,0.2273087203502655,0.08272989839315414,0.04570939391851425,0.2995361089706421
10,61575463714708,hi,0.14273574948310852,0.0923558697104454,0.03083883225917816,0.29586243629455566
10,61575106577835,it,0.21408085525035858,0.08897020667791367,0.04591475427150726,0.29959550499916077
10,61575582540110,pt,0.20368033647537231,0.0984000489115715,0.0321914404630661,0.2989605665206909
10,61575112227227,en,0.1877160668373108,0.08732514083385468,0.031151697039604187,0.29929766058921814
10,61575953244525,hi,0.24547883868217468,0.06634970009326935,0.055060386657714844,0.29916220903396606
10,61574966165566,pt,0.19711752235889435,0.10071878880262375,0.03245013952255249,0.29913896322250366
10,61575494398591,hi,0.2681770920753479,0.06536267697811127,0.04610595852136612,0.29970598220825195
10,61575327722596,fr,0.18069174885749817,0.10776921361684799,0.03127458691596985,0.29931193590164185
10,61573552948536,it,0.20952361822128296,0.08552202582359314,0.03409498929977417,0.29880794882774353
10,61574967244321,en,0.22116705775260925,0.08396849036216736,0.06037662923336029,0.2992987632751465
10,61575264860231,en,0.21678699553012848,0.08505371958017349,0.030352383852005005,0.29951024055480957
10,61575355296120,hi,0.2577233910560608,0.06295021623373032,0.05109269917011261,0.29976820945739746
10,61575394229554,en,0.20533180236816406,0.10257478058338165,0.036762937903404236,0.29937899112701416
10,61575129190978,en,0.20010755956172943,0.09575016796588898,0.03167322278022766,0.29898595809936523
10,61575161685429,pt,0.1772950142621994,0.09143989533185959,0.03448688983917236,0.2990144193172455
10,61575056637344,en,0.20349621772766113,0.09403293579816818,0.03451848030090332,0.2996566891670227
10,61573167310365,it,0.2643352448940277,0.06138237193226814,0.052060648798942566,0.2991846203804016
10,61575552217980,pt,0.23736117780208588,0.0836971327662468,0.043545447289943695,0.2997451424598694
10,61575461561304,pt,0.22193825244903564,0.08209351450204849,0.04691735655069351,0.29943233728408813
10,61574835341215,fr,0.2385503202676773,0.06753429025411606,0.06233026087284088,0.29930776357650757
10,61573074840596,fr,0.23395730555057526,0.08479040861129761,0.031721532344818115,0.2997504770755768
10,61576059230191,it,0.21976834535598755,0.09018522500991821,0.039866119623184204,0.29979392886161804
10,61574931846511,it,0.20393851399421692,0.09705477952957153,0.03064654767513275,0.29967159032821655
10,61574053119016,it,0.20414531230926514,0.10299401730298996,0.030264616012573242,0.29935920238494873
10,61575680942688,pt,0.18952667713165283,0.09116069227457047,0.046450525522232056,0.2994840145111084
10,61575019756700,pt,0.22406257688999176,0.08830874413251877,0.05396398901939392,0.29968875646591187
10,61574772375215,fr,0.19718614220619202,0.09739237278699875,0.046344392001628876,0.29977768659591675
10,61575158695568,pt,0.2117726355791092,0.0936448872089386,0.040952399373054504,0.2998320460319519
10,61574949937616,en,0.25737297534942627,0.0628868043422699,0.0503464937210083,0.29951441287994385
10,61575100662412,en,0.2387220561504364,0.07376090437173843,0.04909756779670715,0.2994896173477173
10,61575090989206,fr,0.18926504254341125,0.09088651090860367,0.030175358057022095,0.2990863621234894
10,61575956484127,hi,0.22800834476947784,0.08724560588598251,0.05056874454021454,0.29967987537384033
10,61575671456434,it,0.23706287145614624,0.08320895582437515,0.05538817495107651,0.2997291386127472
10,61574940158280,it,0.21610859036445618,0.09317312389612198,0.04836099594831467,0.2996287941932678
10,61574861712206,pt,0.21897412836551666,0.07662326842546463,0.07066160440444946,0.29810523986816406
10,61575229631870,pt,0.251745343208313,0.06966373324394226,0.052066780626773834,0.29986274242401123
10,61574980024843,hi,0.24255792796611786,0.07347480952739716,0.049270763993263245,0.29969942569732666
10,61573112383233,it,0.21253566443920135,0.07548617571592331,0.05727434903383255,0.29829949140548706
10,61574999867383,en,0.21344199776649475,0.07710791379213333,0.06390678882598877,0.2989709675312042
10,61575161305509,fr,0.19694022834300995,0.1075756773352623,0.03458753228187561,0.29914391040802
10,61575805711531,it,0.26729145646095276,0.0655127540230751,0.046193793416023254,0.2998308539390564
10,61574930586709,pt,0.1924220770597458,0.09441333264112473,0.042754165828228,0.2980402410030365
10,61575036691879,fr,0.16339315474033356,0.10474538058042526,0.031819358468055725,0.299765944480896
10,61573876354741,it,0.20293034613132477,0.1030801460146904,0.031225085258483887,0.299119234085083
10,61575152385454,fr,0.20775184035301208,0.08928675949573517,0.04497363418340683,0.29969191551208496
10,61575797240901,it,0.21882441639900208,0.09878411144018173,0.043099887669086456,0.29973581433296204
10,61574787854878,pt,0.21382185816764832,0.06179943308234215,0.06249057501554489,0.29844599962234497
10,61575123077172,hi,0.23025889694690704,0.08520504832267761,0.05675482749938965,0.2996845245361328
10,61575258724354,hi,0.23304180800914764,0.07888177037239075,0.05581652373075485,0.2989020049571991
10,61574884989863,fr,0.19345302879810333,0.10862935334444046,0.038171663880348206,0.29956111311912537
10,61575171524686,it,0.1889907717704773,0.10953450947999954,0.03850121796131134,0.29971447587013245
10,61575695695222,en,0.25860247015953064,0.06259138882160187,0.05060046911239624,0.2983372211456299
11,61574934126943,pt,0.16514146327972412,0.09662517160177231,0.030713334679603577,0.296985387802124
11,61575131153481,en,0.22696428000926971,0.0858464315533638,0.04790429770946503,0.2996619641780853
11,61574801413926,fr,0.216415673494339,0.08857995271682739,0.0364527702331543,0.29917529225349426
11,61575315757634,fr,0.19534094631671906,0.09116761386394501,0.051960863173007965,0.2994064390659332
11,61574863962100,it,0.22866156697273254,0.0780658945441246,0.054635509848594666,0.2997090816497803
11,61575201373332,fr,0.2172187715768814,0.09372967481613159,0.03386586904525757,0.29974398016929626
11,61575691416622,hi,0.22192734479904175,0.08565640449523926,0.04113733023405075,0.2997291684150696
11,61574905567721,en,0.20949791371822357,0.08756303787231445,0.04691129922866821,0.29914647340774536
11,61575169251717,en,0.18931637704372406,0.10376805812120438,0.03328715264797211,0.299295037984848
11,61575111478220,pt,0.22154389321804047,0.08341681212186813,0.0456707626581192,0.299260675907135
11,61575569215048,hi,0.21487468481063843,0.08724410831928253,0.040962524712085724,0.2992747128009796
11,61575003004721,fr,0.19862617552280426,0.0891205221414566,0.03116440773010254,0.2987831234931946
11,61575027123549,en,0.2026602178812027,0.10071929544210434,0.030393779277801514,0.29946309328079224
11,61574951645380,en,0.2288961261510849,0.08750558644533157,0.037911251187324524,0.2993830144405365
11,61574727556591,en,0.19555580615997314,0.07804199308156967,0.057562582194805145,0.29959720373153687
11,61575239345239,en,0.22969555854797363,0.08972311019897461,0.03578764200210571,0.2997061610221863
11,61575622629793,it,0.2022380828857422,0.09795304387807846,0.030306696891784668,0.29976963996887207
11,61575174584515,fr,0.23563703894615173,0.08183702081441879,0.03227958083152771,0.2991437315940857
11,61575689432183,pt,0.22186538577079773,0.09026075154542923,0.03180430829524994,0.299782931804657
11,61575053907477,en,0.18696795403957367,0.1057320088148117,0.03027641773223877,0.29956018924713135
11,61575568405010,en,0.21956691145896912,0.07718271017074585,0.04777432233095169,0.2986505329608917
11,61575007354364,en,0.22091229259967804,0.09074348211288452,0.03658902645111084,0.29951196908950806
11,61575205783063,hi,0.21904529631137848,0.07878603786230087,0.06105143576860428,0.2988709807395935
11,61574652767188,en,0.25161561369895935,0.06635422259569168,0.049330808222293854,0.2989071011543274
11,61574821569203,en,0.19075189530849457,0.09151256829500198,0.030644282698631287,0.29939889907836914
11,61575347826373,hi,0.21350114047527313,0.08793587982654572,0.03924866020679474,0.2997133731842041
11,61575116351597,hi,0.2309424728155136,0.07976481318473816,0.05375189334154129,0.299805611371994
11,61574764605724,fr,0.23024629056453705,0.08355628699064255,0.04921405762434006,0.29931575059890747
11,61575210563029,fr,0.2481289505958557,0.07462354749441147,0.04664376378059387,0.2997046113014221
11,61574937547028,it,0.20427602529525757,0.09006184339523315,0.03179815411567688,0.29981911182403564
11,61575062566013,en,0.20725953578948975,0.0992719829082489,0.03237943351268768,0.2997240424156189
11,61575004409946,en,0.21435996890068054,0.09229332953691483,0.03148910403251648,0.2997176945209503
11,61575167439026,en,0.20740413665771484,0.10186835378408432,0.03446932137012482,0.29984262585639954
11,61575303902251,en,0.19418780505657196,0.09992167353630066,0.033228278160095215,0.2990727722644806
11,61574987700816,en,0.23088338971138,0.08726707845926285,0.041480883955955505,0.29975104331970215
11,61575062519607,en,0.23665164411067963,0.07235357165336609,0.05960913002490997,0.2980124056339264
11,61575236351657,fr,0.1750834584236145,0.10583451390266418,0.030539751052856445,0.2989295423030853
11,61575255040324,en,0.22216680645942688,0.08561544120311737,0.03127661347389221,0.2992554306983948
11,61575799107152,pt,0.20148099958896637,0.10129402577877045,0.03290589153766632,0.2995328903198242
11,61575637913685,en,0.2260306179523468,0.0920134112238884,0.0391618013381958,0.2994721531867981
11,61575138556380,en,0.2246738225221634,0.06793868541717529,0.06284226477146149,0.298981249332428
11,61575527222862,it,0.23886939883232117,0.07840845733880997,0.05067582428455353,0.2994297444820404
11,61573054454503,fr,0.25139307975769043,0.07315223664045334,0.04785122722387314,0.29979175329208374
11,61574839903015,it,0.23861928284168243,0.09453029930591583,0.031017929315567017,0.29982179403305054
11,61574788001360,en,0.1996774673461914,0.10105322301387787,0.03045642375946045,0.29912710189819336
11,61575207112351,en,0.23353970050811768,0.07407385110855103,0.04812198132276535,0.2992413640022278
11,61575152050067,hi,0.20518220961093903,0.0917622372508049,0.04285334050655365,0.2991536855697632
11,61573397313375,fr,0.20552851259708405,0.1001727283000946,0.03680779039859772,0.29967552423477173
11,61575817620916,fr,0.22423984110355377,0.08621247857809067,0.03127455711364746,0.29972153902053833
11,61575313410082,en,0.21682265400886536,0.08530118316411972,0.03559613227844238,0.29976385831832886
11,61575266811505,en,0.19628459215164185,0.08857621997594833,0.03181014955043793,0.29949402809143066
11,61574726476500,en,0.24164655804634094,0.07449030131101608,0.056016311049461365,0.29953882098197937
11,61575178964523,pt,0.19990992546081543,0.11146286129951477,0.03332613408565521,0.29920947551727295
11,61575940674829,hi,0.22810116410255432,0.08907931298017502,0.03881126642227173,0.29957443475723267
11,61574855621301,en,0.22799652814865112,0.08080845326185226,0.046406373381614685,0.2990667223930359
11,61575872908128,hi,0.22363613545894623,0.09169411659240723,0.03036414086818695,0.2995430827140808
11,61575227003442,it,0.2536197304725647,0.06696809828281403,0.04926826059818268,0.29964423179626465
11,61575614841893,hi,0.2236141711473465,0.08626160770654678,0.034021586179733276,0.2997792959213257
11,61575828570433,en,0.21202586591243744,0.07180043309926987,0.05915796011686325,0.29812222719192505
11,61574831382328,en,0.22480620443820953,0.07903853803873062,0.03080253303050995,0.299687922000885
11,61575496125684,en,0.22553007304668427,0.09164980798959732,0.04413534700870514,0.2997124493122101
11,61575356045890,it,0.20100156962871552,0.0903804674744606,0.05920802056789398,0.2991178035736084
11,61575172646079,it,0.19250094890594482,0.09457632899284363,0.046370163559913635,0.29986435174942017
11,61575027298560,en,0.22220273315906525,0.08692516386508942,0.030227795243263245,0.2992909252643585
11,61574817464063,en,0.2433198243379593,0.0858277752995491,0.03337453305721283,0.2994944453239441
11,61574781734933,it,0.21100148558616638,0.0838354229927063,0.04608743637800217,0.29968613386154175
11,61572766786766,en,0.22541311383247375,0.08831090480089188,0.049994178116321564,0.29964083433151245
11,61575574524688,pt,0.22970254719257355,0.08998741209506989,0.03938332200050354,0.2998903691768646
11,61575226491299,en,0.21629340946674347,0.095407634973526,0.03312970697879791,0.2997336983680725
11,61573217543255,hi,0.21534480154514313,0.09053943306207657,0.0312281996011734,0.2993961274623871
11,61575838795093,pt,0.21121537685394287,0.09846910834312439,0.030875355005264282,0.29972466826438904
11,61575202633062,it,0.21401545405387878,0.09894607216119766,0.03133246302604675,0.2996901273727417
11,61575544152962,it,0.22268913686275482,0.08630652725696564,0.045304812490940094,0.2998785376548767
11,61575088062953,it,0.19815035164356232,0.10846937447786331,0.03054220974445343,0.2993810176849365
11,61575119561738,en,0.22914186120033264,0.09498696774244308,0.03995491564273834,0.2998238801956177
11,61574051276067,it,0.23495587706565857,0.07585204392671585,0.05862117558717728,0.29973798990249634
11,61575013502873,it,0.19528798758983612,0.0913628339767456,0.03222246468067169,0.29902583360671997
11,61575571571675,fr,0.24446634948253632,0.08631312102079391,0.040122322738170624,0.2996911108493805
11,61573913763035,it,0.17584440112113953,0.10598243772983551,0.030835911631584167,0.2995638847351074
11,61575557761520,it,0.25344693660736084,0.07097727060317993,0.04641283303499222,0.29966461658477783
11,61573544637558,fr,0.19606630504131317,0.08542949706315994,0.04238075017929077,0.29884207248687744
11,61573135240533,fr,0.22538873553276062,0.08474438637495041,0.04513442516326904,0.29941749572753906
11,61575098742695,hi,0.22829270362854004,0.08090068399906158,0.030842125415802002,0.29947561025619507
11,61575662108150,en,0.23454581201076508,0.09814579784870148,0.04700281471014023,0.29982200264930725
11,61575515733376,pt,0.238058403134346,0.07107717543840408,0.05375558137893677,0.2994295358657837
11,61575661611123,hi,0.20990566909313202,0.08818808943033218,0.051886916160583496,0.29913967847824097
11,61575214162123,en,0.21499194204807281,0.09285556524991989,0.03106735646724701,0.2996954321861267
11,61573503322985,fr,0.2075822949409485,0.09591931849718094,0.032931193709373474,0.29971230030059814
11,61575198623528,hi,0.24474315345287323,0.0769973024725914,0.05591247230768204,0.29970869421958923
11,61574714597809,pt,0.21284599602222443,0.0890527069568634,0.033308908343315125,0.2998039424419403
11,61575689695617,hi,0.2327599674463272,0.07920780777931213,0.03235746920108795,0.2994344234466553
11,61575606443963,hi,0.1340058147907257,0.0984102413058281,0.03068983554840088,0.2980007529258728
11,61575308401890,en,0.24207431077957153,0.08167555183172226,0.0448169931769371,0.29982852935791016
11,61575331140964,en,0.24708972871303558,0.08236485719680786,0.04545444995164871,0.2997487485408783
11,61572629921625,pt,0.21923454105854034,0.0794677883386612,0.04929686337709427,0.29924264550209045
11,61573600374605,en,0.20476119220256805,0.0973878726363182,0.04068099707365036,0.29948747158050537
11,61575324090992,en,0.2542898654937744,0.07894842326641083,0.052424050867557526,0.2998323440551758
11,61575112067630,hi,0.23728708922863007,0.08058779686689377,0.030370458960533142,0.2996136546134949
11,61575470764521,pt,0.2729495167732239,0.06309531629085541,0.048673465847969055,0.29984185099601746
11,61575257740412,hi,0.21509285271167755,0.08115048706531525,0.05913511663675308,0.2992474138736725
11,61575324216831,en,0.23979023098945618,0.06975297629833221,0.04755030572414398,0.2997190058231354
11,61575433245776,it,0.20101800560951233,0.09262894093990326,0.03562095761299133,0.299622118473053
11,61574801715376,en,0.20485979318618774,0.09880903363227844,0.03344649076461792,0.29977351427078247
11,61575229721815,fr,0.22954238951206207,0.07790843397378922,0.056166112422943115,0.29955676198005676
11,61575024946334,hi,0.1932838410139084,0.09704459458589554,0.03756582736968994,0.29940280318260193
11,61575617909167,en,0.1837100237607956,0.09996257722377777,0.03139336407184601,0.2995176911354065
11,61574814822672,en,0.214442178606987,0.0853487104177475,0.03499004244804382,0.299600750207901
11,61575044985283,hi,0.21563495695590973,0.0883471667766571,0.031579285860061646,0.2982310652732849
11,61572607540933,fr,0.2101629227399826,0.09934085607528687,0.034804701805114746,0.2994542121887207
11,61575005252655,en,0.21182282269001007,0.08992286771535873,0.037773892283439636,0.2997761070728302
11,61573167969034,fr,0.20167310535907745,0.10724575072526932,0.030371680855751038,0.2992445230484009
11,61573516080607,it,0.154694065451622,0.1040131226181984,0.031073570251464844,0.29911738634109497
11,61575561427679,pt,0.2131659984588623,0.09954880177974701,0.042072705924510956,0.29958510398864746
11,61575612269544,fr,0.19970127940177917,0.09533343464136124,0.030904218554496765,0.2994699478149414
11,61575152979706,hi,0.21047435700893402,0.0916527509689331,0.030908316373825073,0.29966020584106445
11,61574925813885,en,0.2367255836725235,0.08519036322832108,0.045079685747623444,0.2997123599052429
11,61575647991754,hi,0.20576111972332,0.10374072939157486,0.03038017451763153,0.29959726333618164
11,61575849294548,pt,0.2571656107902527,0.06535955518484116,0.0462426021695137,0.2997927665710449
11,61575732154813,en,0.21584546566009521,0.08271276205778122,0.05069379508495331,0.2997071146965027
11,61575207162938,hi,0.23091287910938263,0.08266133069992065,0.0453687384724617,0.29971420764923096
11,61573697084008,it,0.22812150418758392,0.09059325605630875,0.042596302926540375,0.29987311363220215
11,61574846917976,en,0.1874101161956787,0.09664463251829147,0.03274895250797272,0.29952579736709595
11,61574838672120,en,0.20195071399211884,0.1027688980102539,0.050055235624313354,0.29963019490242004
11,61575162879216,en,0.20553332567214966,0.09672117978334427,0.033343538641929626,0.29943037033081055
11,61575306427918,en,0.21994395554065704,0.07351904362440109,0.06682761013507843,0.29857879877090454
11,61575531152948,pt,0.22830279171466827,0.08911765366792679,0.031189456582069397,0.2998649775981903
11,61572731112276,fr,0.2459665983915329,0.06739974021911621,0.0537417009472847,0.29967331886291504
11,61573212846972,en,0.22741524875164032,0.08922910690307617,0.03761647641658783,0.29955917596817017
11,61573754471228,it,0.18673531711101532,0.09756208956241608,0.0367380827665329,0.29802206158638
11,61574858352338,en,0.22177179157733917,0.10124625265598297,0.030563533306121826,0.2995486259460449
11,61575255680659,it,0.19781893491744995,0.10411876440048218,0.03219769895076752,0.29960715770721436
11,61575126533596,en,0.22094430029392242,0.08759696036577225,0.032695472240448,0.29927539825439453
11,61575180835678,en,0.2543903589248657,0.0646565854549408,0.04870973527431488,0.2997979521751404
11,61575580080566,it,0.21540719270706177,0.09370894730091095,0.03583402931690216,0.2990073263645172
11,61575695455292,en,0.20749281346797943,0.08379111438989639,0.04630431532859802,0.299039751291275
11,61574932177407,en,0.23500284552574158,0.08194174617528915,0.04317718744277954,0.2995714545249939
11,61575281169106,hi,0.18521098792552948,0.09658267349004745,0.03142009675502777,0.29946860671043396
11,61574785574733,it,0.2220032960176468,0.09437727928161621,0.036796703934669495,0.29961076378822327
11,61574691255198,en,0.2195013165473938,0.09562085568904877,0.03165416419506073,0.29975128173828125
11,61572728411956,fr,0.203172504901886,0.10838710516691208,0.030721038579940796,0.29969531297683716
11,61575647284322,pt,0.2477516382932663,0.06818544864654541,0.04797898977994919,0.2996693253517151
11,61575262870032,pt,0.21500848233699799,0.09396886080503464,0.033287376165390015,0.2997688949108124
11,61575794757479,pt,0.1895008683204651,0.1084752082824707,0.030441030859947205,0.2997300624847412
11,61574919303983,en,0.19332817196846008,0.09816684573888779,0.031172841787338257,0.2996741533279419
11,61573543259106,it,0.18448680639266968,0.10144563019275665,0.03115244209766388,0.2996674180030823
11,61575191317891,pt,0.22379548847675323,0.09367726743221283,0.03046552836894989,0.29985755681991577
11,61574708867579,en,0.22363066673278809,0.08537183701992035,0.059218525886535645,0.2996253967285156
11,61575368459933,pt,0.23167845606803894,0.07236318290233612,0.05975792557001114,0.29883718490600586
11,61575688105742,fr,0.22514933347702026,0.08675460517406464,0.0515449121594429,0.2998122572898865
11,61575545102013,it,0.2075006365776062,0.09727662801742554,0.030730724334716797,0.2997664213180542
11,61572945636998,pt,0.19087468087673187,0.09960899502038956,0.031654611229896545,0.29948920011520386
11,61575533882644,pt,0.20379213988780975,0.09023783355951309,0.04134228080511093,0.29919007420539856
11,61573036322799,pt,0.2440778911113739,0.07859434187412262,0.04826615750789642,0.29962655901908875
11,61575809341597,en,0.22194010019302368,0.08908107876777649,0.05178447812795639,0.2993663251399994
11,61575276789549,en,0.24625827372074127,0.07748600095510483,0.04736042022705078,0.2996881604194641
11,61575830879821,fr,0.17722801864147186,0.08521578460931778,0.030778929591178894,0.297425240278244
11,61575169251615,en,0.20846214890480042,0.0921604111790657,0.04537271708250046,0.29808107018470764
11,61575188275516,it,0.20607465505599976,0.09488920122385025,0.03614617884159088,0.299800306558609
11,61575455591111,pt,0.1754312515258789,0.10670749843120575,0.03362593054771423,0.29896479845046997
11,61575040950775,en,0.20398984849452972,0.09479138255119324,0.045400626957416534,0.2996599078178406
11,61575734633308,en,0.22076649963855743,0.09031620621681213,0.030923813581466675,0.2996068596839905
11,61575131576367,en,0.21362675726413727,0.09717615693807602,0.03679564595222473,0.2996598184108734
11,61574939766846,pt,0.2043326050043106,0.09458835422992706,0.04772812873125076,0.29941409826278687
11,61575729844682,en,0.22316032648086548,0.07961975038051605,0.03231117129325867,0.2992418706417084
11,61574845121589,pt,0.2366161048412323,0.08411674946546555,0.05261283367872238,0.2994486689567566
11,61575154635451,it,0.24626478552818298,0.08031512051820755,0.04684247076511383,0.2996380925178528
11,61573639576797,it,0.21036513149738312,0.10220854729413986,0.03278891742229462,0.2991265654563904
11,61575046350558,en,0.21146619319915771,0.09584051370620728,0.035497307777404785,0.2997502088546753
11,61575225621439,en,0.18469884991645813,0.11156176775693893,0.03043074905872345,0.29935309290885925
11,61574914234585,en,0.1687823086977005,0.10868440568447113,0.03064991533756256,0.2991454303264618
11,61575259270245,hi,0.21103130280971527,0.09617199003696442,0.03411570191383362,0.29921674728393555
11,61575149005237,en,0.1888107806444168,0.09371496737003326,0.031331464648246765,0.29908299446105957
11,61572817333773,en,0.20243322849273682,0.10218526422977448,0.031075984239578247,0.29983991384506226
11,61575001534754,hi,0.18327659368515015,0.10214486718177795,0.031084761023521423,0.2992875874042511
11,61575236645717,hi,0.2136322557926178,0.0923440009355545,0.03155764937400818,0.2990577220916748
11,61573040625137,fr,0.19001713395118713,0.10190323740243912,0.032132044434547424,0.29963088035583496
11,61575227471920,pt,0.19611859321594238,0.10015305876731873,0.04405411332845688,0.2993033230304718
11,61575371015595,it,0.2209489941596985,0.09558184444904327,0.030324429273605347,0.29912659525871277
11,61575238131572,pt,0.19434359669685364,0.10155122727155685,0.03483988344669342,0.299638956785202
11,61575031471293,en,0.23378588259220123,0.09002485126256943,0.04816135764122009,0.2998389005661011
11,61573693491518,it,0.2543741762638092,0.06935407966375351,0.050525419414043427,0.29979759454727173
11,61575226372155,it,0.23140333592891693,0.07621040940284729,0.045974478125572205,0.2997913360595703
11,61575195653637,pt,0.1940673589706421,0.102668397128582,0.034031301736831665,0.2995656430721283
11,61574786863896,en,0.22489184141159058,0.08662210404872894,0.050789669156074524,0.298988401889801
11,61575716964202,hi,0.2113555371761322,0.09621873497962952,0.044354937970638275,0.2997141480445862
11,61575229057307,en,0.23285609483718872,0.08531200885772705,0.04871642589569092,0.2996150553226471
11,61574817494524,fr,0.24065399169921875,0.08649998158216476,0.03242135047912598,0.29978400468826294
11,61575049831217,pt,0.22632211446762085,0.09551353752613068,0.03174687922000885,0.2996620237827301
11,61575115584213,en,0.24276459217071533,0.0788908526301384,0.050011590123176575,0.29860663414001465
11,61575531062633,fr,0.19796772301197052,0.10225047916173935,0.034098416566848755,0.29875504970550537
11,61575270759607,pt,0.1883215457201004,0.10784269124269485,0.032215461134910583,0.2990763783454895
11,61575091169103,en,0.2261764109134674,0.09077385067939758,0.046862803399562836,0.29974156618118286
11,61575318607485,it,0.23394498229026794,0.07704281061887741,0.05846637487411499,0.29963433742523193
11,61575243677655,pt,0.21419267356395721,0.10256099700927734,0.033326804637908936,0.2997569441795349
11,61574730557113,en,0.175931915640831,0.10880718380212784,0.030849337577819824,0.2988714575767517
11,61575148359774,en,0.21520861983299255,0.08744821697473526,0.04162945598363876,0.2994934916496277
11,61574992834078,fr,0.1952475607395172,0.104914091527462,0.0325174480676651,0.2997291088104248
11,61575075716110,en,0.17468814551830292,0.09488371759653091,0.04295901954174042,0.29948151111602783
11,61574997930238,en,0.2242935746908188,0.09300406277179718,0.031325146555900574,0.29970505833625793
11,61574921619079,fr,0.22135469317436218,0.09416266530752182,0.031116604804992676,0.2992504835128784
11,61574943633252,en,0.2554934024810791,0.060751862823963165,0.0621219202876091,0.2998051345348358
11,61575434374955,fr,0.1912444829940796,0.10166319459676743,0.03418813645839691,0.29753631353378296
11,61575079453209,en,0.22644807398319244,0.09328731894493103,0.040410175919532776,0.2997562885284424
11,61575243441350,hi,0.13838228583335876,0.09668616950511932,0.03360213339328766,0.29883521795272827
11,61574979845984,en,0.201422318816185,0.10111440718173981,0.03134816884994507,0.299650639295578
11,61575338256889,hi,0.220750093460083,0.08927589654922485,0.043258219957351685,0.29833096265792847
11,61574715494235,en,0.2459733933210373,0.07556993514299393,0.04839179664850235,0.29984885454177856
11,61573536988081,fr,0.2402891367673874,0.0880613848567009,0.03029799461364746,0.29911482334136963
11,61574815842320,en,0.23591355979442596,0.06944280117750168,0.0552864596247673,0.29957592487335205
11,61575631794140,fr,0.25474315881729126,0.06627550721168518,0.05098104476928711,0.2995349168777466
11,61575221512411,hi,0.2393774688243866,0.0671398788690567,0.060246437788009644,0.29910439252853394
11,61575087119240,pt,0.2250165343284607,0.09202263504266739,0.047779783606529236,0.29980385303497314
11,61575310034038,pt,0.20945172011852264,0.10021290928125381,0.03240698575973511,0.29972535371780396
11,61575317113475,pt,0.21696175634860992,0.09490906447172165,0.03436417877674103,0.29958444833755493
11,61575603778005,it,0.24578723311424255,0.07154005765914917,0.048764318227767944,0.29987096786499023
11,61575221286306,hi,0.20356255769729614,0.0897742211818695,0.03781847655773163,0.2996399998664856
11,61575667346713,en,0.25032177567481995,0.07493137568235397,0.04656609892845154,0.29975229501724243
11,61575153195537,fr,0.23423248529434204,0.08272415399551392,0.04832115024328232,0.29977041482925415
11,61573680682759,en,0.21615737676620483,0.08513423800468445,0.030263647437095642,0.2997111678123474
11,61574788035043,hi,0.20268593728542328,0.0963909924030304,0.03714457154273987,0.29767197370529175
11,61574978975929,en,0.19392429292201996,0.09769390523433685,0.03362898528575897,0.29928430914878845
11,61574901935438,en,0.23236094415187836,0.08161177486181259,0.05132639408111572,0.29967859387397766
11,61575119187638,it,0.20702432096004486,0.08743724972009659,0.03899729251861572,0.2981052100658417
11,61575200353453,it,0.1808687299489975,0.11113908141851425,0.03324773907661438,0.29906365275382996
11,61575017759285,en,0.21005715429782867,0.0971246212720871,0.034519076347351074,0.2995520234107971
11,61572897099580,en,0.2534901797771454,0.0636807307600975,0.049299485981464386,0.2996410131454468
11,61575213712850,fr,0.2170545905828476,0.09692859649658203,0.03799706697463989,0.29963070154190063
11,61576073780317,hi,0.2027941793203354,0.09426698833703995,0.03042033314704895,0.2995280623435974
11,61575211332811,en,0.21295170485973358,0.09161410480737686,0.03242601454257965,0.2998155355453491
11,61573018383344,fr,0.20628546178340912,0.09820941090583801,0.03766976296901703,0.2991052269935608
11,61575326856811,en,0.20900504291057587,0.08133138716220856,0.031493887305259705,0.2994956374168396
11,61574828802630,fr,0.18562667071819305,0.10430524498224258,0.031484946608543396,0.2985427975654602
11,61575905331775,pt,0.19960850477218628,0.11168049275875092,0.030679792165756226,0.29977676272392273
11,61574996597830,it,0.2400389313697815,0.07975901663303375,0.04489976167678833,0.2998426556587219
11,61573394763409,fr,0.2301592230796814,0.08195187896490097,0.05047888308763504,0.2994352877140045
11,61575582750038,it,0.19651003181934357,0.10810660570859909,0.032477110624313354,0.2994833290576935
11,61575561445414,en,0.24805590510368347,0.06601772457361221,0.05407138913869858,0.2992134690284729
11,61575288632779,en,0.24992859363555908,0.0681568831205368,0.0561351552605629,0.2997378706932068
11,61575557971497,fr,0.17900513112545013,0.10004346072673798,0.03028935194015503,0.2991411089897156
11,61575557408009,pt,0.22017906606197357,0.09238556027412415,0.030453190207481384,0.2997789978981018
11,61574936016860,it,0.21445997059345245,0.10036539286375046,0.03386782109737396,0.299431711435318
11,61574780144844,en,0.21823947131633759,0.08769741654396057,0.030403271317481995,0.29948690533638
11,61574964602105,en,0.19601033627986908,0.09593813866376877,0.03049643337726593,0.2993554472923279
11,61575796651817,fr,0.21806831657886505,0.07413060963153839,0.05970261991024017,0.2985578179359436
11,61575263799927,pt,0.19679343700408936,0.09516306221485138,0.03455476462841034,0.2987182140350342
11,61575792327507,it,0.20789456367492676,0.09243563562631607,0.03374290466308594,0.29958826303482056
11,61572939997623,en,0.24116250872612,0.08471384644508362,0.04043934494256973,0.29977673292160034
11,61575503980281,pt,0.21856175363063812,0.08907202631235123,0.04606787860393524,0.2998060882091522
11,61573535549602,it,0.21878917515277863,0.09180264919996262,0.03512181341648102,0.29978516697883606
11,61575380549834,hi,0.20940181612968445,0.10147207975387573,0.03044109046459198,0.29939717054367065
11,61574940786036,pt,0.242258682847023,0.08076781034469604,0.0486997589468956,0.29946136474609375
11,61575036330853,en,0.2531355619430542,0.07393129914999008,0.05166061222553253,0.29946771264076233
11,61575179504190,en,0.2224545031785965,0.0850314348936081,0.03056676685810089,0.2992105185985565
11,61575184523495,en,0.20528404414653778,0.10198225826025009,0.030552417039871216,0.29958516359329224
11,61574984850248,en,0.2017681896686554,0.09169080853462219,0.03677813708782196,0.29963281750679016
11,61574896568851,en,0.21926243603229523,0.10164247453212738,0.030650392174720764,0.29969698190689087
11,61575328303165,pt,0.22973205149173737,0.09459296613931656,0.04579920321702957,0.29974016547203064
11,61573639284043,pt,0.17412252724170685,0.09829834848642349,0.0317295640707016,0.2983458638191223
11,61575025306519,hi,0.19994418323040009,0.08957968652248383,0.031160444021224976,0.29930174350738525
11,61573044255129,hi,0.23544296622276306,0.0794331282377243,0.04797174781560898,0.2998207211494446
11,61575854874351,pt,0.18899737298488617,0.1139969751238823,0.03032340109348297,0.2991132140159607
11,61575562855407,hi,0.17837657034397125,0.10044796764850616,0.030719146132469177,0.2987323999404907
11,61573160396182,fr,0.23233488202095032,0.07717479765415192,0.04702097922563553,0.29980573058128357
11,61575025023617,pt,0.23267345130443573,0.0882050171494484,0.03095388412475586,0.2997485399246216
11,61574913877788,pt,0.20461581647396088,0.10109064728021622,0.032019734382629395,0.2997996211051941
11,61575798830806,it,0.20165471732616425,0.08932759612798691,0.034873977303504944,0.29964932799339294
11,61574946005614,en,0.19111333787441254,0.10272770375013351,0.03244099020957947,0.2996111214160919
11,61575095245405,en,0.21863345801830292,0.09487012773752213,0.03105388581752777,0.2993243634700775
11,61575005853006,it,0.2048313021659851,0.09887053817510605,0.03176066279411316,0.29955631494522095
11,61575311377502,en,0.1830780953168869,0.10459486395120621,0.03258518874645233,0.2994181215763092
11,61575649624207,pt,0.18908537924289703,0.1050543561577797,0.03646169602870941,0.29983842372894287
11,61575203023035,hi,0.17249295115470886,0.09530381858348846,0.03456468880176544,0.2988307774066925
11,61575079169748,pt,0.24250468611717224,0.07187364995479584,0.048808448016643524,0.2997036874294281
11,61575148797368,en,0.2180544137954712,0.0876508355140686,0.048811763525009155,0.29966574907302856
11,61573053375071,fr,0.2219115048646927,0.07972729951143265,0.05521395057439804,0.2992680072784424
11,61575000899895,en,0.15571455657482147,0.1065412387251854,0.03322960436344147,0.2972620725631714
11,61575098818802,pt,0.22261139750480652,0.083511121571064,0.047691114246845245,0.2996591329574585
11,61575028711256,fr,0.2148495614528656,0.08589491248130798,0.06195531040430069,0.2996443808078766
11,61575147567358,fr,0.22029776871204376,0.09147494286298752,0.03082364797592163,0.29942774772644043
11,61575045675245,en,0.20901043713092804,0.09538048505783081,0.04530732333660126,0.29985904693603516
11,61575057779980,en,0.12013381719589233,0.09490997344255447,0.031206369400024414,0.2977837026119232
11,61575770523168,hi,0.22345523536205292,0.08866597712039948,0.04233860224485397,0.2997041940689087
11,61574724737317,it,0.2050209492444992,0.10008075833320618,0.03374253213405609,0.2985450029373169
11,61575674126417,hi,0.22733424603939056,0.08359362185001373,0.05560529977083206,0.29936274886131287
11,61575207773071,it,0.2072809338569641,0.07540714740753174,0.06347503513097763,0.29900020360946655
11,61574911149534,it,0.24411118030548096,0.08734282851219177,0.03237225115299225,0.2998424768447876
11,61575719364055,hi,0.21284620463848114,0.08268993347883224,0.04176788032054901,0.29967474937438965
11,61575150555733,en,0.2604134976863861,0.06803830713033676,0.046768635511398315,0.2996695935726166
11,61573382480931,pt,0.21726684272289276,0.09250335395336151,0.03127671778202057,0.2991288900375366
11,61575204173147,fr,0.2221740037202835,0.08437449485063553,0.05397427827119827,0.29956281185150146
11,61575618485389,pt,0.19941088557243347,0.09242144227027893,0.04121178388595581,0.29967620968818665
11,61574764996945,it,0.19406266510486603,0.07728263735771179,0.0417800098657608,0.2983962595462799
11,61575140890194,en,0.2131827026605606,0.08545508235692978,0.04241380840539932,0.2980872094631195
11,61574799343860,pt,0.20695281028747559,0.10063139349222183,0.03065444529056549,0.2991819381713867
11,61575609593809,hi,0.1762770265340805,0.09836039692163467,0.030246034264564514,0.2988134026527405
11,61575088470429,it,0.25791051983833313,0.06493919342756271,0.05085880309343338,0.299848735332489
11,61575274899327,en,0.20340698957443237,0.09652338922023773,0.03528347611427307,0.2996615767478943
11,61575600087094,hi,0.21139250695705414,0.08625934273004532,0.06188944727182388,0.2995399832725525
11,61575787832729,en,0.21799209713935852,0.08588016033172607,0.03337010741233826,0.29941192269325256
11,61575132716094,en,0.18674780428409576,0.09317775070667267,0.031339243054389954,0.2979598641395569
11,61574996550205,en,0.1986486315727234,0.10699420422315598,0.04231555759906769,0.2997634708881378
11,61575311491588,en,0.1820046305656433,0.11344283819198608,0.030696585774421692,0.2998510003089905
11,61575634528316,en,0.21729204058647156,0.08133996278047562,0.04794345051050186,0.2995554208755493
11,61575731093467,en,0.1914588063955307,0.09509913623332977,0.033309340476989746,0.2997325658798218
11,61575208972156,en,0.2635027766227722,0.06557802855968475,0.046457186341285706,0.29974034428596497
11,61575728753782,en,0.24662742018699646,0.0731976255774498,0.04621131718158722,0.2996543347835541
11,61572985534941,pt,0.18569695949554443,0.102809377014637,0.030971169471740723,0.29950666427612305
11,61574651897378,en,0.21927425265312195,0.09348126500844955,0.03039330244064331,0.2994803786277771
11,61573437931596,en,0.22730819880962372,0.08464007079601288,0.03517627716064453,0.2995532751083374
11,61575463714708,hi,0.14209941029548645,0.09352478384971619,0.030854925513267517,0.2950611710548401
11,61575106577835,it,0.21234536170959473,0.09039053320884705,0.04932866245508194,0.29962122440338135
11,61575582540110,pt,0.20221731066703796,0.09781297296285629,0.031894832849502563,0.29891330003738403
11,61575112227227,en,0.18477405607700348,0.08743929117918015,0.030877232551574707,0.29919731616973877
11,61575953244525,hi,0.2415613830089569,0.06814449280500412,0.05196766555309296,0.2992192506790161
11,61574966165566,pt,0.2008701115846634,0.10135438293218613,0.03166617453098297,0.29860037565231323
11,61575494398591,hi,0.2684926688671112,0.06501566618680954,0.045687220990657806,0.2997153401374817
11,61575327722596,fr,0.1791294664144516,0.10724273324012756,0.030984774231910706,0.29930251836776733
11,61573552948536,it,0.21405793726444244,0.0847432017326355,0.03413471579551697,0.2989092469215393
11,61574967244321,en,0.22585704922676086,0.08463388681411743,0.05682298541069031,0.2994120717048645
11,61575264860231,en,0.21256038546562195,0.0875474140048027,0.030412539839744568,0.29947328567504883
11,61575355296120,hi,0.2566468417644501,0.06108340248465538,0.05416393280029297,0.29977256059646606
11,61575394229554,en,0.19988006353378296,0.10262615233659744,0.0325944721698761,0.2992610037326813
11,61575129190978,en,0.19558238983154297,0.09545448422431946,0.031013697385787964,0.29917603731155396
11,61575161685429,pt,0.1790420562028885,0.09179595112800598,0.039698123931884766,0.299014151096344
11,61575056637344,en,0.21169762313365936,0.09156999737024307,0.0340009480714798,0.2997489869594574
11,61573167310365,it,0.2643558979034424,0.06322407722473145,0.04947206377983093,0.2992785573005676
11,61575552217980,pt,0.23774395883083344,0.08321637660264969,0.048383161425590515,0.29974454641342163
11,61575461561304,pt,0.22876188158988953,0.07830297946929932,0.0486750453710556,0.2993846535682678
11,61574835341215,fr,0.23820370435714722,0.07048225402832031,0.05871988832950592,0.2995254099369049
11,61573074840596,fr,0.22695757448673248,0.08947984874248505,0.03188546001911163,0.2998148798942566
11,61576059230191,it,0.21062909066677094,0.09604734927415848,0.03457845747470856,0.2998194396495819
11,61574931846511,it,0.21187882125377655,0.09682108461856842,0.031070560216903687,0.2994634807109833
11,61574053119016,it,0.20282672345638275,0.10332349687814713,0.030154883861541748,0.299322247505188
11,61575680942688,pt,0.1926763951778412,0.09204995632171631,0.04737745225429535,0.2994609475135803
11,61575019756700,pt,0.22349178791046143,0.0890597254037857,0.04741835594177246,0.2997082471847534
11,61574772375215,fr,0.19676600396633148,0.09826667606830597,0.04569496214389801,0.2997668385505676
11,61575158695568,pt,0.21453210711479187,0.09365268051624298,0.04134327918291092,0.29983800649642944
11,61574949937616,en,0.2614971697330475,0.0665409043431282,0.048306144773960114,0.29952365159988403
11,61575100662412,en,0.25155961513519287,0.06572472304105759,0.04857069253921509,0.29954588413238525
11,61575090989206,fr,0.18918274343013763,0.09283705055713654,0.03019528090953827,0.2985146939754486
11,61575956484127,hi,0.22872468829154968,0.08782657235860825,0.04239077866077423,0.29968565702438354
11,61575671456434,it,0.2452133148908615,0.07848197966814041,0.0555218830704689,0.29978376626968384
11,61574940158280,it,0.22078467905521393,0.08973575383424759,0.04711560159921646,0.29970332980155945
11,61574861712206,pt,0.22576238214969635,0.08179043978452682,0.06228840351104736,0.2985491156578064
11,61575229631870,pt,0.24825707077980042,0.07792162150144577,0.0488271564245224,0.2998647391796112
11,61574980024843,hi,0.24345962703227997,0.07314306497573853,0.050684720277786255,0.29963311553001404
11,61573112383233,it,0.21466045081615448,0.07715584337711334,0.05331721156835556,0.2980046272277832
11,61574999867383,en,0.22643348574638367,0.06791073083877563,0.06166144460439682,0.299119234085083
11,61575161305509,fr,0.1955135315656662,0.10620017349720001,0.03454159200191498,0.2989441752433777
11,61575805711531,it,0.2686089873313904,0.06430865824222565,0.045303456485271454,0.2998339831829071
11,61574930586709,pt,0.18653540313243866,0.09225206822156906,0.04084484279155731,0.2975336015224457
11,61575036691879,fr,0.1578170657157898,0.10552341490983963,0.031088009476661682,0.29971933364868164
11,61573876354741,it,0.20280088484287262,0.10274764895439148,0.031627267599105835,0.2989651560783386
11,61575152385454,fr,0.20849727094173431,0.09033654630184174,0.04297914355993271,0.2997736930847168
11,61575797240901,it,0.2071993201971054,0.10835938155651093,0.03191281855106354,0.2996864318847656
11,61574787854878,pt,0.21529081463813782,0.06255924701690674,0.06302760541439056,0.2984691858291626
11,61575123077172,hi,0.23584142327308655,0.08579277247190475,0.056641705334186554,0.2996317744255066
11,61575258724354,hi,0.2353915274143219,0.08189623057842255,0.06053218990564346,0.29883062839508057
11,61574884989863,fr,0.19994579255580902,0.104501873254776,0.04176979511976242,0.2994728088378906
11,61575171524686,it,0.1974700391292572,0.10473866760730743,0.03799760341644287,0.29965442419052124
11,61575695695222,en,0.25566577911376953,0.06326872855424881,0.04962771385908127,0.2982521951198578
