scenario_id,context,source_intent,candidate_id,candidate_text,meaning_preserved,no_new_material_fact,no_core_intent_removed,natural_utterance,qc_reason,landscape_selected,probe_selected
cg_001,A family dinner that had been planned for Saturday has been moved to Sunday because the host's schedule changed.,Tell the older adult that the family dinner moved to Sunday and ask whether the new day works for them.,5a3f2f185f6b80e0,The family dinner that was planned for Saturday has been moved to Sunday because the host's schedule changed; does Sunday work for you?,True,True,True,True,Clearly states the move and asks if Sunday works; no added facts and retains the request.,False,False
cg_001,A family dinner that had been planned for Saturday has been moved to Sunday because the host's schedule changed.,Tell the older adult that the family dinner moved to Sunday and ask whether the new day works for them.,9a6828aadc6b297d,"Just so you know, Saturday's family dinner was rescheduled to Sunday due to the host's schedule—can you make it on Sunday?",True,True,True,True,Conveys the reschedule and asks if they can make Sunday; natural and no new information.,True,True
cg_001,A family dinner that had been planned for Saturday has been moved to Sunday because the host's schedule changed.,Tell the older adult that the family dinner moved to Sunday and ask whether the new day works for them.,710554135551bdb4,"The host had to change their schedule, so the family dinner is now on Sunday instead of Saturday; would Sunday be okay for you?",True,True,True,True,Explains host change and asks if Sunday is okay; preserves intent without extra facts.,False,False
cg_001,A family dinner that had been planned for Saturday has been moved to Sunday because the host's schedule changed.,Tell the older adult that the family dinner moved to Sunday and ask whether the new day works for them.,06cee66324723283,We moved the Saturday dinner to Sunday because the host's schedule changed—are you free on Sunday?,True,True,True,True,States the move and asks about availability on Sunday; natural wording and no additions.,False,False
cg_001,A family dinner that had been planned for Saturday has been moved to Sunday because the host's schedule changed.,Tell the older adult that the family dinner moved to Sunday and ask whether the new day works for them.,b533dc49938213ce,Heads up: the family dinner originally set for Saturday is now Sunday because the host's schedule changed; will Sunday work for you?,True,True,True,True,Heads-up phrasing but still informs about the change and asks if Sunday works; no new facts.,False,False
cg_001,A family dinner that had been planned for Saturday has been moved to Sunday because the host's schedule changed.,Tell the older adult that the family dinner moved to Sunday and ask whether the new day works for them.,0a566364036647d0,The family dinner's been pushed from Saturday to Sunday since the host's schedule changed—does Sunday suit you?,True,True,True,True,Says the dinner was pushed to Sunday and asks if that suits them; preserves original intent.,False,False
cg_001,A family dinner that had been planned for Saturday has been moved to Sunday because the host's schedule changed.,Tell the older adult that the family dinner moved to Sunday and ask whether the new day works for them.,685565203f1670a3,"Because the host's schedule changed, the dinner is now on Sunday rather than Saturday; would that day work for you?",True,True,True,True,Gives reason for change and asks if the day works; no new information added.,True,False
cg_001,A family dinner that had been planned for Saturday has been moved to Sunday because the host's schedule changed.,Tell the older adult that the family dinner moved to Sunday and ask whether the new day works for them.,d368ee51f3f5ba6e,I wanted to tell you the family dinner was changed from Saturday to Sunday due to the host's schedule—are you good for Sunday?,True,True,True,True,Personal phrasing but still informs and asks if they're good for Sunday; natural and faithful to intent.,True,False
cg_001,A family dinner that had been planned for Saturday has been moved to Sunday because the host's schedule changed.,Tell the older adult that the family dinner moved to Sunday and ask whether the new day works for them.,a6d75862a44527d3,"The host changed their schedule, so our family dinner moved to Sunday; can you attend on Sunday?",True,True,True,True,States the host change and asks if they can attend Sunday; no added facts.,True,False
cg_001,A family dinner that had been planned for Saturday has been moved to Sunday because the host's schedule changed.,Tell the older adult that the family dinner moved to Sunday and ask whether the new day works for them.,70690d05fe54b1ca,FYI: family dinner moved from Saturday to Sunday because of the host's schedule change—is Sunday okay with you?,True,True,True,True,FYI style note that the dinner moved and asks if Sunday is okay; preserves the request.,True,True
cg_001,A family dinner that had been planned for Saturday has been moved to Sunday because the host's schedule changed.,Tell the older adult that the family dinner moved to Sunday and ask whether the new day works for them.,fe340be20c61a5f2,The family dinner that had been planned for Saturday is now Sunday because the host's schedule changed; do you want to come on Sunday?,True,True,True,True,Asks if they want to come on Sunday after stating the change; slightly different phrasing but keeps the essential ask.,True,False
cg_001,A family dinner that had been planned for Saturday has been moved to Sunday because the host's schedule changed.,Tell the older adult that the family dinner moved to Sunday and ask whether the new day works for them.,505b3a6baff7f031,They had to move the family dinner from Saturday to Sunday because the host's schedule changed—will Sunday work for you?,True,True,True,True,Reports the move and asks if Sunday will work; natural and no new material facts.,True,False
cg_001,A family dinner that had been planned for Saturday has been moved to Sunday because the host's schedule changed.,Tell the older adult that the family dinner moved to Sunday and ask whether the new day works for them.,5277ca804b7ad275,The dinner's been rescheduled from Saturday to Sunday due to the host's schedule—would Sunday fit your plans?,True,True,True,True,Notes rescheduling and asks if Sunday fits their plans; preserves intent without additions.,True,True
cg_001,A family dinner that had been planned for Saturday has been moved to Sunday because the host's schedule changed.,Tell the older adult that the family dinner moved to Sunday and ask whether the new day works for them.,399caafba1afcdd5,Just a quick update: Saturday's family dinner is now on Sunday because the host's schedule changed—can you make Sunday?,True,True,True,True,Quick update phrasing that informs of the change and asks if they can make Sunday; no new facts.,True,False
cg_001,A family dinner that had been planned for Saturday has been moved to Sunday because the host's schedule changed.,Tell the older adult that the family dinner moved to Sunday and ask whether the new day works for them.,3827f2a564990094,"The host's schedule changed, so the family dinner's been shifted to Sunday; would you be able to come Sunday?",True,True,True,True,States host schedule change and asks about ability to come Sunday; direct and faithful to intent.,True,False
cg_001,A family dinner that had been planned for Saturday has been moved to Sunday because the host's schedule changed.,Tell the older adult that the family dinner moved to Sunday and ask whether the new day works for them.,dfefe700ac742f66,Family dinner isn't on Saturday anymore—it's been moved to Sunday because the host's schedule changed; does that day work for you?,True,True,True,True,Explains the move and asks if that day works; natural and contains no new material facts.,False,False
cg_001,A family dinner that had been planned for Saturday has been moved to Sunday because the host's schedule changed.,Tell the older adult that the family dinner moved to Sunday and ask whether the new day works for them.,eef0bb6f6f9d5dbe,The plan changed: dinner that was for Saturday is now Sunday due to the host's schedule—would Sunday be all right for you?,True,True,True,True,Says the plan changed due to host and asks if Sunday is all right; preserves the original request.,True,False
cg_001,A family dinner that had been planned for Saturday has been moved to Sunday because the host's schedule changed.,Tell the older adult that the family dinner moved to Sunday and ask whether the new day works for them.,5fbdb03808737cd9,Wanted to let you know the family dinner was moved to Sunday from Saturday since the host's schedule changed; are you available that day?,True,True,True,True,Notifies of the move and asks about availability that day; natural and faithful to intent.,True,False
cg_001,A family dinner that had been planned for Saturday has been moved to Sunday because the host's schedule changed.,Tell the older adult that the family dinner moved to Sunday and ask whether the new day works for them.,8b8ef488d1c722f1,"The host changed their schedule, so the dinner's now Sunday instead of Saturday—are you okay with Sunday?",True,True,True,True,States the host change and asks if they're okay with Sunday; no new info and core intent intact.,True,False
cg_001,A family dinner that had been planned for Saturday has been moved to Sunday because the host's schedule changed.,Tell the older adult that the family dinner moved to Sunday and ask whether the new day works for them.,43840f6436956e50,"The Saturday family dinner has been moved to Sunday because the host's schedule changed; would Sunday work for you, or do you have a conflict?",True,True,True,True,"Informs about the move and asks if Sunday works, adding an offer to report conflicts—still within original intent and no new facts.",False,False
cg_001,A family dinner that had been planned for Saturday has been moved to Sunday because the host's schedule changed.,Tell the older adult that the family dinner moved to Sunday and ask whether the new day works for them.,c37d043f2a32c7ab,"Because the host's schedule changed, the family dinner originally for Saturday will be on Sunday—does Sunday work for you?",True,True,True,True,Explains reason for move and asks if Sunday works; natural phrasing without added facts.,True,False
cg_001,A family dinner that had been planned for Saturday has been moved to Sunday because the host's schedule changed.,Tell the older adult that the family dinner moved to Sunday and ask whether the new day works for them.,9b79693a08ff8eb4,The family dinner was rescheduled to Sunday from Saturday because the host's schedule changed; can you be there on Sunday?,True,True,True,True,Says the dinner was rescheduled and asks if they can be there Sunday; preserves intent and is natural.,False,False
cg_001,A family dinner that had been planned for Saturday has been moved to Sunday because the host's schedule changed.,Tell the older adult that the family dinner moved to Sunday and ask whether the new day works for them.,a22da2c5df94962c,"I just heard the host changed their schedule, so the family dinner is now Sunday instead of Saturday—would that day work for you?",True,True,True,True,Reports hearing about the host change and asks if Sunday would work; natural and no new material facts.,True,False
cg_001,A family dinner that had been planned for Saturday has been moved to Sunday because the host's schedule changed.,Tell the older adult that the family dinner moved to Sunday and ask whether the new day works for them.,8ed9de42298ffb06,The dinner we planned for Saturday has been moved to Sunday because the host's schedule changed—are you free Sunday?,True,True,True,True,"States the dinner moved and asks about availability on Sunday; clear, natural, and faithful to the source intent.",True,True
cg_002,The caregiver will arrive about one hour later than usual this afternoon because of an unavoidable delay.,Tell the older adult about the one-hour delay and coordinate the updated arrival time.,15e8783207a22bfb,I wanted to let you know I'll be about an hour later than usual this afternoon because of an unavoidable delay; is arriving an hour later okay with you?,True,True,True,True,Explicitly states the one-hour delay due to an unavoidable issue and asks if arriving an hour later is okay; no new facts added.,False,False
cg_002,The caregiver will arrive about one hour later than usual this afternoon because of an unavoidable delay.,Tell the older adult about the one-hour delay and coordinate the updated arrival time.,d2cb63e345da7f03,I'm running an hour late this afternoon due to an unavoidable delay—will it be all right if I come an hour later than normal?,True,True,True,True,Clearly communicates the one-hour delay and requests confirmation that the later arrival is acceptable; no added material.,True,False
cg_002,The caregiver will arrive about one hour later than usual this afternoon because of an unavoidable delay.,Tell the older adult about the one-hour delay and coordinate the updated arrival time.,76c1f8afd0f1b278,"There's an unavoidable delay, so I won't make my usual time this afternoon; I'll arrive about an hour later, does that work?",True,True,True,True,"States the unavoidable delay and that arrival will be about an hour later, asks if that works—matches the source intent.",True,False
cg_002,The caregiver will arrive about one hour later than usual this afternoon because of an unavoidable delay.,Tell the older adult about the one-hour delay and coordinate the updated arrival time.,9ae318dbd5101bdc,"Sorry, I have an unavoidable delay and will be roughly one hour later than usual this afternoon—are you okay with that updated time?",True,True,True,True,"Apologizes, notes the one-hour delay, and asks if the updated time is acceptable; no new facts.",True,True
cg_002,The caregiver will arrive about one hour later than usual this afternoon because of an unavoidable delay.,Tell the older adult about the one-hour delay and coordinate the updated arrival time.,7f130bc941f5ea9a,I'm going to be about an hour later than my usual time today because of a delay; would you like me to come an hour later this afternoon?,True,True,True,True,Says they will be an hour later due to delay and offers to come an hour later—seeks coordination without adding facts.,True,False
cg_002,The caregiver will arrive about one hour later than usual this afternoon because of an unavoidable delay.,Tell the older adult about the one-hour delay and coordinate the updated arrival time.,7b566b9472c92168,Just a heads up: an unavoidable delay means I'll get there about an hour later than usual this afternoon—does that fit your plans?,True,True,True,True,Notifies of the one-hour delay and asks if that fits the recipient’s plans; preserves intent and adds no new material.,True,False
cg_002,The caregiver will arrive about one hour later than usual this afternoon because of an unavoidable delay.,Tell the older adult about the one-hour delay and coordinate the updated arrival time.,032229f1c8e7de5d,I can't make my usual time today due to an unavoidable delay; I should be there an hour later—will that be alright?,True,True,True,True,"Communicates the delay and that they'll arrive about an hour later, asking if that's alright—keeps intent intact.",True,False
cg_002,The caregiver will arrive about one hour later than usual this afternoon because of an unavoidable delay.,Tell the older adult about the one-hour delay and coordinate the updated arrival time.,a3ce3a7de185625b,Unavoidable delay this afternoon—I'll arrive about one hour later than usual; does arriving an hour later work for you?,True,True,True,True,"Announces the unavoidable delay and an hour-later arrival, then asks if that timing works; natural and faithful to intent.",True,False
cg_002,The caregiver will arrive about one hour later than usual this afternoon because of an unavoidable delay.,Tell the older adult about the one-hour delay and coordinate the updated arrival time.,1f51c8acf59792b3,I wanted to tell you I'm delayed and will be about an hour later than usual this afternoon; can we move my arrival time forward by an hour?,True,True,True,True,Says they will be about an hour later and asks to move the arrival time by an hour—communicates the delay and seeks coordination (phrase 'move forward' is colloquial here).,True,False
cg_002,The caregiver will arrive about one hour later than usual this afternoon because of an unavoidable delay.,Tell the older adult about the one-hour delay and coordinate the updated arrival time.,cfe37a2610e54ff3,I'm delayed and will come roughly an hour later than normal this afternoon; please let me know if that is okay with you.,True,True,True,True,States the one-hour delay and asks to be informed whether that is okay—matches source intent without adding facts.,True,False
cg_002,The caregiver will arrive about one hour later than usual this afternoon because of an unavoidable delay.,Tell the older adult about the one-hour delay and coordinate the updated arrival time.,0d767c0ae6fe146a,"Because of an unavoidable delay, I'll be about one hour late this afternoon; is coming an hour later acceptable?",True,True,True,True,Explains the unavoidable delay and asks if coming an hour later is acceptable; preserves intent and is natural.,False,False
cg_002,The caregiver will arrive about one hour later than usual this afternoon because of an unavoidable delay.,Tell the older adult about the one-hour delay and coordinate the updated arrival time.,e8690c8608444b2a,I'll be roughly an hour later than my usual time this afternoon due to a delay—would arriving an hour later be fine?,True,True,True,True,"Notes the delay and that they'll be roughly an hour later, asking if that would be fine—faithful to the source.",True,True
cg_002,The caregiver will arrive about one hour later than usual this afternoon because of an unavoidable delay.,Tell the older adult about the one-hour delay and coordinate the updated arrival time.,f16201a7eb448332,"There’s an unavoidable delay, so I won't arrive at my usual time today; I expect to be there one hour later—does that work?",True,True,True,True,"States the unavoidable delay and one-hour-later expected arrival, then asks if that works—no new material added.",False,False
cg_002,The caregiver will arrive about one hour later than usual this afternoon because of an unavoidable delay.,Tell the older adult about the one-hour delay and coordinate the updated arrival time.,64727dfda0e87cab,I need to shift my arrival this afternoon by one hour because of an unavoidable delay; is that okay with you?,True,True,True,True,Says they need to shift arrival by one hour due to a delay and asks if that is okay—keeps intent and coordination request.,True,True
cg_002,The caregiver will arrive about one hour later than usual this afternoon because of an unavoidable delay.,Tell the older adult about the one-hour delay and coordinate the updated arrival time.,4eea2a5e51a300bd,"I'm sorry, but an unavoidable delay means I'll be about an hour later than usual this afternoon—can we make the arrival time one hour later?",True,True,True,True,"Apologizes, explains the one-hour delay, and asks to make the arrival time one hour later—matches the source intent.",True,False
cg_002,The caregiver will arrive about one hour later than usual this afternoon because of an unavoidable delay.,Tell the older adult about the one-hour delay and coordinate the updated arrival time.,db803647dcf28e1e,"Due to an unavoidable delay, I'll arrive about an hour later than usual this afternoon—would that be okay?",True,True,True,True,States the unavoidable delay and asks if arriving about an hour later would be okay—faithful and natural.,False,False
cg_002,The caregiver will arrive about one hour later than usual this afternoon because of an unavoidable delay.,Tell the older adult about the one-hour delay and coordinate the updated arrival time.,a3f2e1426c7aca3b,I'm delayed and will be about one hour later than normal this afternoon; please tell me if arriving an hour later is a problem for you.,True,True,True,True,Notifies of the hour delay and requests the recipient to indicate if it's a problem—preserves intent without adding facts.,False,False
cg_002,The caregiver will arrive about one hour later than usual this afternoon because of an unavoidable delay.,Tell the older adult about the one-hour delay and coordinate the updated arrival time.,58cbc96b956cb4c3,I'll be arriving roughly an hour later than my usual time this afternoon because of an unavoidable delay—does that updated time work?,True,True,True,True,Communicates arrival will be roughly an hour later due to delay and asks if the updated time works—keeps core intent.,False,False
cg_002,The caregiver will arrive about one hour later than usual this afternoon because of an unavoidable delay.,Tell the older adult about the one-hour delay and coordinate the updated arrival time.,e8f66a8515bff6db,Unavoidable delay today—I'll be about an hour later than usual this afternoon; are you okay with me coming an hour later?,True,True,True,True,"Announces unavoidable delay and hour-later arrival, asking for approval to come an hour later—natural and intact.",False,False
cg_002,The caregiver will arrive about one hour later than usual this afternoon because of an unavoidable delay.,Tell the older adult about the one-hour delay and coordinate the updated arrival time.,c9355a228a90fa67,I won't be able to make my usual time this afternoon because of a delay and will be about one hour later—does that suit you?,True,True,True,True,"Explains they won't make the usual time and will be about an hour later, then asks if that suits the recipient—matches intent.",True,True
cg_002,The caregiver will arrive about one hour later than usual this afternoon because of an unavoidable delay.,Tell the older adult about the one-hour delay and coordinate the updated arrival time.,06ef3be9edfd1877,"Just to let you know, I have an unavoidable delay and will come an hour later than normal this afternoon; is that acceptable?",True,True,True,True,"Notifies of the unavoidable delay and hour-later arrival, asking if that is acceptable—faithful and natural.",True,False
cg_002,The caregiver will arrive about one hour later than usual this afternoon because of an unavoidable delay.,Tell the older adult about the one-hour delay and coordinate the updated arrival time.,c33a3b564c5d01af,I'm delayed and need to shift my arrival this afternoon by one hour—will arriving an hour late be alright?,True,True,True,True,Says they need to shift arrival by an hour due to delay and asks if arriving an hour late will be alright—preserves intent.,True,False
cg_002,The caregiver will arrive about one hour later than usual this afternoon because of an unavoidable delay.,Tell the older adult about the one-hour delay and coordinate the updated arrival time.,3eac87e59a816712,"Because of an unavoidable delay, I will get there about an hour later than usual this afternoon; please let me know if that timing is okay.",True,True,True,True,States they'll arrive about an hour later because of an unavoidable delay and asks to be told if that timing is okay—keeps intent and adds no new facts.,True,False
cg_003,The older adult has several grocery bags to bring inside. The caregiver is available to help but does not know whether help is wanted.,Offer help carrying the grocery bags and ask whether the older adult wants that help.,13f7e9e14e785497,Would you like me to help carry those grocery bags inside?,True,True,True,True,Direct offer to carry bags and asks if help is wanted; no added facts; natural phrasing.,True,True
cg_003,The older adult has several grocery bags to bring inside. The caregiver is available to help but does not know whether help is wanted.,Offer help carrying the grocery bags and ask whether the older adult wants that help.,0d43e32c4f72d59e,Do you want a hand with those bags?,True,True,True,True,Clear offer of assistance and question about wanting help; concise and natural.,False,False
cg_003,The older adult has several grocery bags to bring inside. The caregiver is available to help but does not know whether help is wanted.,Offer help carrying the grocery bags and ask whether the older adult wants that help.,743357b05507117e,I can carry some of the groceries in for you—do you want me to?,True,True,True,True,States ability to carry some groceries and asks if they want that help; no new facts.,True,False
cg_003,The older adult has several grocery bags to bring inside. The caregiver is available to help but does not know whether help is wanted.,Offer help carrying the grocery bags and ask whether the older adult wants that help.,775f629aa88b2b60,Can I help bring those bags inside?,True,True,True,True,Simple offer to help bring bags inside framed as a question; preserves intent and natural.,True,False
cg_003,The older adult has several grocery bags to bring inside. The caregiver is available to help but does not know whether help is wanted.,Offer help carrying the grocery bags and ask whether the older adult wants that help.,8811ac892ae16c1a,Want me to take a couple of those bags inside for you?,True,True,True,True,Offers to take a couple of bags and asks if they want that; adds scope but no new material facts.,True,False
cg_003,The older adult has several grocery bags to bring inside. The caregiver is available to help but does not know whether help is wanted.,Offer help carrying the grocery bags and ask whether the older adult wants that help.,39a5ffc470ecedeb,"If you'd like, I can help with the grocery bags—do you want that?",True,True,True,True,Conditional offer plus direct question about wanting help; natural and preserves intent.,False,False
cg_003,The older adult has several grocery bags to bring inside. The caregiver is available to help but does not know whether help is wanted.,Offer help carrying the grocery bags and ask whether the older adult wants that help.,5aa98c5fcbfe4af3,Would you prefer me to carry any of those bags inside?,True,True,True,True,Asks preference about carrying any bags—still an offer and request for decision; no new facts.,False,False
cg_003,The older adult has several grocery bags to bring inside. The caregiver is available to help but does not know whether help is wanted.,Offer help carrying the grocery bags and ask whether the older adult wants that help.,bfe5f048e442dfd6,Do you want me to come and help with those bags?,True,True,True,True,Offers to come and help with the bags and asks if wanted; natural and equivalent intent.,True,False
cg_003,The older adult has several grocery bags to bring inside. The caregiver is available to help but does not know whether help is wanted.,Offer help carrying the grocery bags and ask whether the older adult wants that help.,52f7059a3a213c9c,Shall I help you bring those groceries inside?,True,True,True,True,Polite offer ('shall I') to help bring groceries inside; asks for decision and is natural.,False,False
cg_003,The older adult has several grocery bags to bring inside. The caregiver is available to help but does not know whether help is wanted.,Offer help carrying the grocery bags and ask whether the older adult wants that help.,9eee35ac72b5a7b1,Do you want some help carrying the bags?,True,True,True,True,"Asks if they want help carrying the bags—direct offer/question, no added material facts.",True,False
cg_003,The older adult has several grocery bags to bring inside. The caregiver is available to help but does not know whether help is wanted.,Offer help carrying the grocery bags and ask whether the older adult wants that help.,2c5fdbbe58e29a4e,I'm available to help—do you want me to carry any of those in?,True,True,True,True,Notes availability and asks if they'd like help carrying any bags; preserves intent and natural.,True,True
cg_003,The older adult has several grocery bags to bring inside. The caregiver is available to help but does not know whether help is wanted.,Offer help carrying the grocery bags and ask whether the older adult wants that help.,2a53038622adea77,Would you like a hand with those grocery bags?,True,True,True,True,"Offers a hand with grocery bags and asks if desired; simple, natural, and equivalent.",True,False
cg_003,The older adult has several grocery bags to bring inside. The caregiver is available to help but does not know whether help is wanted.,Offer help carrying the grocery bags and ask whether the older adult wants that help.,03fa1dc7dc8cfbb4,Do you want me to grab a few of those bags and bring them inside?,True,True,True,True,Asks to grab a few bags and bring them inside—offers assistance and requests decision; natural.,False,False
cg_003,The older adult has several grocery bags to bring inside. The caregiver is available to help but does not know whether help is wanted.,Offer help carrying the grocery bags and ask whether the older adult wants that help.,e7d30e4423eb46c7,Can I give you a hand with the bags?,True,True,True,True,"Asks if caregiver can give a hand with the bags—clear offer/question, no new facts.",True,True
cg_003,The older adult has several grocery bags to bring inside. The caregiver is available to help but does not know whether help is wanted.,Offer help carrying the grocery bags and ask whether the older adult wants that help.,ac791b882ebdc362,Do you want help bringing the groceries inside?,True,True,True,True,Direct question offering help bringing groceries inside; preserves intent and natural phrasing.,True,False
cg_003,The older adult has several grocery bags to bring inside. The caregiver is available to help but does not know whether help is wanted.,Offer help carrying the grocery bags and ask whether the older adult wants that help.,87725eff37515670,Would it help if I carried some of those bags—do you want me to?,True,True,True,True,Suggests it would help if they carried some bags and asks if wanted—adds a mild suggestion but no factual claim.,True,False
cg_003,The older adult has several grocery bags to bring inside. The caregiver is available to help but does not know whether help is wanted.,Offer help carrying the grocery bags and ask whether the older adult wants that help.,4c489da1a101af89,I can help carry the bags if you want—shall I?,True,True,True,True,States willingness to help if wanted and asks 'shall I'—keeps the offer/question intact.,True,False
cg_003,The older adult has several grocery bags to bring inside. The caregiver is available to help but does not know whether help is wanted.,Offer help carrying the grocery bags and ask whether the older adult wants that help.,f87525f75497f462,Do you want me to help you with those grocery bags?,True,True,True,True,Directly asks if they want help with grocery bags—equivalent intent and natural.,False,False
cg_003,The older adult has several grocery bags to bring inside. The caregiver is available to help but does not know whether help is wanted.,Offer help carrying the grocery bags and ask whether the older adult wants that help.,d8e6fb2ce3deecf6,Would you like me to take some of those inside for you?,True,True,True,True,Offers to take some bags inside and asks if they want that assistance; preserves core intent.,True,True
cg_003,The older adult has several grocery bags to bring inside. The caregiver is available to help but does not know whether help is wanted.,Offer help carrying the grocery bags and ask whether the older adult wants that help.,73ea85a50b3d8972,"If you want, I can carry some of the groceries in—do you want me to do that?",True,True,True,True,Conditional offer to carry some groceries and direct question about whether they want that; natural phrasing.,False,False
cg_003,The older adult has several grocery bags to bring inside. The caregiver is available to help but does not know whether help is wanted.,Offer help carrying the grocery bags and ask whether the older adult wants that help.,2896d7ea2aa5b9e6,Want help with the grocery bags?,True,True,True,True,"Casual, concise offer of help with the bags and question about wanting assistance; natural and equivalent.",True,False
cg_003,The older adult has several grocery bags to bring inside. The caregiver is available to help but does not know whether help is wanted.,Offer help carrying the grocery bags and ask whether the older adult wants that help.,12e81bdc009b5dbb,Do you want me to bring those inside for you?,True,True,True,True,Asks if they want the speaker to bring those inside—clear offer and question; may imply bringing all but no new factual claim.,True,False
cg_003,The older adult has several grocery bags to bring inside. The caregiver is available to help but does not know whether help is wanted.,Offer help carrying the grocery bags and ask whether the older adult wants that help.,d7f7e610a533974f,Would you like me to assist with carrying the bags?,True,True,True,True,Formal phrasing offering assistance with carrying the bags and asking if desired; preserves intent.,False,False
cg_003,The older adult has several grocery bags to bring inside. The caregiver is available to help but does not know whether help is wanted.,Offer help carrying the grocery bags and ask whether the older adult wants that help.,75ba6a014fb514d9,I’m here if you want help with those groceries—do you want me to carry any?,True,True,True,True,Declares availability and directly asks if they want any bags carried—offers help and requests decision; natural.,True,False
cg_004,A relative would like to have a video call later this week. The older adult has used video calling before but may or may not want help setting it up.,Tell the older adult about the proposed video call and ask whether they want help setting it up.,cf379f137b2aaba9,A relative would like to have a video call later this week—would you like help setting it up?,True,True,True,True,Clearly states the relative wants a call and asks if they want help setting it up.,True,True
cg_004,A relative would like to have a video call later this week. The older adult has used video calling before but may or may not want help setting it up.,Tell the older adult about the proposed video call and ask whether they want help setting it up.,98506c87138fb708,A relative would like to have a video call later this week; do you want me to help you set it up?,True,True,True,True,"Same content, uses first person to offer help; preserves intent.",True,False
cg_004,A relative would like to have a video call later this week. The older adult has used video calling before but may or may not want help setting it up.,Tell the older adult about the proposed video call and ask whether they want help setting it up.,e04ac68d44a9c1d2,A relative would like to have a video call later this week—would you prefer help setting it up or would you like to do it yourself?,True,True,True,True,States the call and explicitly offers help vs doing it themselves; preserves intent.,True,False
cg_004,A relative would like to have a video call later this week. The older adult has used video calling before but may or may not want help setting it up.,Tell the older adult about the proposed video call and ask whether they want help setting it up.,904e294a3bf21102,A relative would like to have a video call later this week; would you like some assistance getting it started?,True,True,True,True,Notifies about the call and offers assistance getting it started (equivalent to setup).,True,False
cg_004,A relative would like to have a video call later this week. The older adult has used video calling before but may or may not want help setting it up.,Tell the older adult about the proposed video call and ask whether they want help setting it up.,4f5febd70b039542,A relative would like to have a video call later this week; want me to walk you through the setup?,True,True,True,True,Mentions the call and offers to 'walk you through' the setup—same practical offer.,True,True
cg_004,A relative would like to have a video call later this week. The older adult has used video calling before but may or may not want help setting it up.,Tell the older adult about the proposed video call and ask whether they want help setting it up.,5e3d16808b792b56,A relative would like to have a video call later this week; shall I help you set it up when you're ready?,True,True,True,True,"Same message with added timing ('when you're ready'), still an offer to help set it up.",True,False
cg_004,A relative would like to have a video call later this week. The older adult has used video calling before but may or may not want help setting it up.,Tell the older adult about the proposed video call and ask whether they want help setting it up.,3af73bf5491953a9,A relative would like to have a video call later this week—would you like me to show you how to set it up?,True,True,True,True,Offers to show how to set it up while informing about the planned call—preserves intent.,True,False
cg_004,A relative would like to have a video call later this week. The older adult has used video calling before but may or may not want help setting it up.,Tell the older adult about the proposed video call and ask whether they want help setting it up.,9e11e97ed05a30a5,A relative would like to have a video call later this week; would you like help configuring it?,True,True,True,True,Uses 'configuring' (more technical) but still offers help with setup after informing about the call.,True,False
cg_004,A relative would like to have a video call later this week. The older adult has used video calling before but may or may not want help setting it up.,Tell the older adult about the proposed video call and ask whether they want help setting it up.,51e52499bb490480,A relative would like to have a video call later this week—do you want assistance with the video call setup?,True,True,True,True,Explicitly states the planned call and offers assistance with setup; preserves intent.,True,False
cg_004,A relative would like to have a video call later this week. The older adult has used video calling before but may or may not want help setting it up.,Tell the older adult about the proposed video call and ask whether they want help setting it up.,8a122187b7f0a08a,A relative would like to have a video call later this week; would it help if I helped set it up with you?,True,True,True,True,Awkward phrasing but still informs about the call and offers to help set it up with them.,True,False
cg_004,A relative would like to have a video call later this week. The older adult has used video calling before but may or may not want help setting it up.,Tell the older adult about the proposed video call and ask whether they want help setting it up.,0d3f42865efb7752,A relative would like to have a video call later this week—would you like my help getting it set up?,True,True,True,True,Straightforward notification and offer of help to get it set up.,False,False
cg_004,A relative would like to have a video call later this week. The older adult has used video calling before but may or may not want help setting it up.,Tell the older adult about the proposed video call and ask whether they want help setting it up.,cd76ce6ef0124b4c,A relative would like to have a video call later this week—do you want me to help set up the call?,True,True,True,True,Directly notifies about the call and asks if they want help setting it up; preserves intent.,True,False
cg_004,A relative would like to have a video call later this week. The older adult has used video calling before but may or may not want help setting it up.,Tell the older adult about the proposed video call and ask whether they want help setting it up.,ccdb93bf18d8d6aa,A relative would like to have a video call later this week—would you like support with the setup?,True,True,True,True,Notifies about the call and asks if they want support with the setup—equivalent intent.,True,True
cg_004,A relative would like to have a video call later this week. The older adult has used video calling before but may or may not want help setting it up.,Tell the older adult about the proposed video call and ask whether they want help setting it up.,6f0b6593960bb609,A relative would like to have a video call later this week—should I help you set it up or would you rather handle it?,True,True,True,True,Gives the choice of helping set it up or letting them handle it—still informs and offers setup help.,True,True
cg_004,A relative would like to have a video call later this week. The older adult has used video calling before but may or may not want help setting it up.,Tell the older adult about the proposed video call and ask whether they want help setting it up.,8774648e1b749684,A relative would like to have a video call later this week; would you like help with the technical setup?,True,True,True,True,Specifies 'technical setup' but still conveys the same offer to help set up the call.,True,False
cg_004,A relative would like to have a video call later this week. The older adult has used video calling before but may or may not want help setting it up.,Tell the older adult about the proposed video call and ask whether they want help setting it up.,f738b3f1b15662ec,A relative would like to have a video call later this week—do you want me to help get it ready?,True,True,True,True,"Asks if they want help to 'get it ready,' which reasonably maps to setting it up.",True,False
cg_004,A relative would like to have a video call later this week. The older adult has used video calling before but may or may not want help setting it up.,Tell the older adult about the proposed video call and ask whether they want help setting it up.,0d201eabd3530632,A relative would like to have a video call later this week; would you like me to assist with setting it up?,True,True,True,True,Directly offers assistance with setting it up after informing about the call.,False,False
cg_004,A relative would like to have a video call later this week. The older adult has used video calling before but may or may not want help setting it up.,Tell the older adult about the proposed video call and ask whether they want help setting it up.,9cbca3b0087898f4,A relative would like to have a video call later this week; do you want help arranging the video call setup?,True,True,True,True,Odd phrasing ('arranging the video call setup') but still informs and offers help with setup.,True,False
cg_004,A relative would like to have a video call later this week. The older adult has used video calling before but may or may not want help setting it up.,Tell the older adult about the proposed video call and ask whether they want help setting it up.,5bced7f5257ac0e4,A relative would like to have a video call later this week—would you like help setting things up for it?,True,True,True,True,States the call and offers help setting things up for it; preserves the original intent.,False,False
cg_005,A repair person needs access to the home to inspect the heater. Two possible arrival windows are available on the same day.,Explain that the heater inspection needs to be scheduled and ask which available arrival window the older adult prefers.,81444c7d6f5ccef9,The repair person needs access to the house to inspect the heater; there are two arrival windows that day—which one do you prefer?,True,True,True,True,Clearly explains inspection and asks which window is preferred; no added facts.,True,False
cg_005,A repair person needs access to the home to inspect the heater. Two possible arrival windows are available on the same day.,Explain that the heater inspection needs to be scheduled and ask which available arrival window the older adult prefers.,9be0477b5eccaef6,We need to schedule the heater inspection and the company gave two possible arrival windows on the same day; which would you like?,True,True,True,True,"States scheduling and two windows and asks preference; natural phrasing, no new material facts.",True,True
cg_005,A repair person needs access to the home to inspect the heater. Two possible arrival windows are available on the same day.,Explain that the heater inspection needs to be scheduled and ask which available arrival window the older adult prefers.,4622c01006c9d54a,They need to come by to inspect the heater and they can arrive in one of two windows that day—do you have a preference?,True,True,True,True,Conveys inspection and two windows and asks preference; no added facts.,True,False
cg_005,A repair person needs access to the home to inspect the heater. Two possible arrival windows are available on the same day.,Explain that the heater inspection needs to be scheduled and ask which available arrival window the older adult prefers.,faf717aaa54cf881,The heater inspection requires access to your home and there are two time windows available that day; which one works better for you?,True,True,True,True,"Says inspection requires access, gives two windows, asks which works better; faithful to intent.",True,False
cg_005,A repair person needs access to the home to inspect the heater. Two possible arrival windows are available on the same day.,Explain that the heater inspection needs to be scheduled and ask which available arrival window the older adult prefers.,87af25ec30f4ac7f,I need to set up the heater inspection; the crew offered two arrival windows that day—which would you prefer?,True,True,True,True,Indicates scheduling and two offered windows and asks preference; no substantive new facts.,True,False
cg_005,A repair person needs access to the home to inspect the heater. Two possible arrival windows are available on the same day.,Explain that the heater inspection needs to be scheduled and ask which available arrival window the older adult prefers.,67314af5b9531919,There are two possible arrival windows on the same day for the heater inspection; which one do you prefer for access to the house?,True,True,True,True,States two windows and asks which is preferred for access; no new material facts.,True,False
cg_005,A repair person needs access to the home to inspect the heater. Two possible arrival windows are available on the same day.,Explain that the heater inspection needs to be scheduled and ask which available arrival window the older adult prefers.,bccb13b724e67a5e,To arrange the heater inspection they need access to your home and have two windows that day—would you rather the first or the second?,True,True,True,True,"Explains need to arrange inspection, gives two windows, asks preference between first or second.",True,True
cg_005,A repair person needs access to the home to inspect the heater. Two possible arrival windows are available on the same day.,Explain that the heater inspection needs to be scheduled and ask which available arrival window the older adult prefers.,74b649b132e2187a,We have to pick one of two arrival windows that day for the heater inspection—do you have a preference?,True,True,True,True,Says a choice is required between two windows and asks for a preference; no added facts.,False,False
cg_005,A repair person needs access to the home to inspect the heater. Two possible arrival windows are available on the same day.,Explain that the heater inspection needs to be scheduled and ask which available arrival window the older adult prefers.,aa188416adcfef84,The company needs to inspect the heater and gave two time windows on that day; which one do you prefer?,True,True,True,True,"Mentions company inspection and two windows, asks which is preferred; consistent with source intent.",True,False
cg_005,A repair person needs access to the home to inspect the heater. Two possible arrival windows are available on the same day.,Explain that the heater inspection needs to be scheduled and ask which available arrival window the older adult prefers.,3f23fa1f1e385b9e,They need access to the house to inspect the heater and can come during either of two windows on the same day—which would you like?,True,True,True,True,Keeps inspection/access information and asks which window they would like; no new material facts.,True,False
cg_005,A repair person needs access to the home to inspect the heater. Two possible arrival windows are available on the same day.,Explain that the heater inspection needs to be scheduled and ask which available arrival window the older adult prefers.,1e20c0c96529d077,The heater inspection needs to be scheduled and the repair person can arrive in one of two windows that day—which one do you want?,True,True,True,True,States scheduling necessity and two windows and asks which they want; faithful to intent.,True,False
cg_005,A repair person needs access to the home to inspect the heater. Two possible arrival windows are available on the same day.,Explain that the heater inspection needs to be scheduled and ask which available arrival window the older adult prefers.,181b898bde21556c,They need access to inspect the heater and there are two available windows that day—do you prefer the earlier or the later one?,True,True,True,True,Gives two windows and explicitly asks earlier vs later preference; no added facts.,True,False
cg_005,A repair person needs access to the home to inspect the heater. Two possible arrival windows are available on the same day.,Explain that the heater inspection needs to be scheduled and ask which available arrival window the older adult prefers.,92c0d4c4cb73beaf,We need to set a time for the heater inspection; the company gave two windows that day—which do you prefer?,True,True,True,True,"Says time must be set, two windows offered, asks which is preferred; aligns with source intent.",False,False
cg_005,A repair person needs access to the home to inspect the heater. Two possible arrival windows are available on the same day.,Explain that the heater inspection needs to be scheduled and ask which available arrival window the older adult prefers.,88609aba5a7dc532,The repair person must inspect the heater and can come during one of two arrival windows the same day—which would you choose?,True,True,True,True,Indicates repair person can come in one of two windows and asks which they'd choose; no new facts.,True,True
cg_005,A repair person needs access to the home to inspect the heater. Two possible arrival windows are available on the same day.,Explain that the heater inspection needs to be scheduled and ask which available arrival window the older adult prefers.,aa7251fa67a7f0c9,I need you to pick between two arrival windows on that day for the heater inspection—which do you prefer?,True,True,True,True,Directly asks the recipient to pick between two windows for the inspection; preserves intent.,True,False
cg_005,A repair person needs access to the home to inspect the heater. Two possible arrival windows are available on the same day.,Explain that the heater inspection needs to be scheduled and ask which available arrival window the older adult prefers.,6d727a282c386a38,There are two slots available that day for the heater inspection and the repair person will need access to the house—which slot do you prefer?,True,True,True,True,"Mentions two slots and need for access, asks which slot is preferred; faithful and natural.",True,True
cg_005,A repair person needs access to the home to inspect the heater. Two possible arrival windows are available on the same day.,Explain that the heater inspection needs to be scheduled and ask which available arrival window the older adult prefers.,2a68847d34018764,The heater inspection has to be scheduled and they offered two arrival windows that day—do you have a preference?,True,True,True,True,"States inspection must be scheduled, two windows offered, asks for preference; no added material facts.",False,False
cg_005,A repair person needs access to the home to inspect the heater. Two possible arrival windows are available on the same day.,Explain that the heater inspection needs to be scheduled and ask which available arrival window the older adult prefers.,cdf853da06ccbf83,They can come on that day in one of two arrival windows to inspect the heater; which one would you rather?,True,True,True,True,Explains two possible arrival windows and asks which they'd rather; preserves intent.,True,False
cg_005,A repair person needs access to the home to inspect the heater. Two possible arrival windows are available on the same day.,Explain that the heater inspection needs to be scheduled and ask which available arrival window the older adult prefers.,16ee23fe5656a318,We’ve got two possible arrival windows that day for the heater inspection and they’ll need access to your home—do you prefer the first or second?,True,True,True,True,"Gives two windows and notes need for access, asks preference between first or second; consistent with source.",False,False
cg_005,A repair person needs access to the home to inspect the heater. Two possible arrival windows are available on the same day.,Explain that the heater inspection needs to be scheduled and ask which available arrival window the older adult prefers.,0d38a931cc1fd2a3,They need access to your home to inspect the heater and can come in one of two windows that day—what’s your preference?,True,True,True,True,"States access needed and two windows, asks for preference; no new facts introduced.",False,False
cg_005,A repair person needs access to the home to inspect the heater. Two possible arrival windows are available on the same day.,Explain that the heater inspection needs to be scheduled and ask which available arrival window the older adult prefers.,f4f4f84bc1db766d,The heater inspector is available in two arrival windows on that day and will need access to the home—which one do you prefer?,True,True,True,True,"Says inspector available in two windows and will need access, asks which is preferred; preserves intent.",True,False
cg_006,Two activities on the older adult's weekly calendar now overlap because one event changed time.,Point out the scheduling overlap and ask whether the older adult wants to review the two plans together.,cd4390ef60bef8fe,"One event on your weekly calendar changed time, so two activities now overlap; would you like to review the two plans together?",True,True,True,True,Directly notes the time-change overlap and asks to review together; no new facts and reads as a natural utterance.,True,True
cg_006,Two activities on the older adult's weekly calendar now overlap because one event changed time.,Point out the scheduling overlap and ask whether the older adult wants to review the two plans together.,e0e0cd63c61b3054,I noticed one event moved and now it overlaps with another on your schedule—do you want to look over both plans with me?,True,True,True,True,Conveys the same overlap from a moved event and offers to look over plans together; no added facts and natural phrasing.,True,False
cg_006,Two activities on the older adult's weekly calendar now overlap because one event changed time.,Point out the scheduling overlap and ask whether the older adult wants to review the two plans together.,a12e911b4719b4e7,There’s an overlap on your calendar because one event changed time; would you like to go through the two activities together?,True,True,True,True,"States overlap caused by time change and asks to go through activities together; preserves intent, no new material facts.",True,False
cg_006,Two activities on the older adult's weekly calendar now overlap because one event changed time.,Point out the scheduling overlap and ask whether the older adult wants to review the two plans together.,c2bb13093ccb09d7,One of your events changed its time and now conflicts with another—shall we review the two plans together?,True,True,True,True,Indicates an event time change causing a conflict and proposes reviewing plans together; no extra facts and natural.,True,True
cg_006,Two activities on the older adult's weekly calendar now overlap because one event changed time.,Point out the scheduling overlap and ask whether the older adult wants to review the two plans together.,a523c97908e1235f,Your weekly calendar shows two activities at the same time after one event changed time; do you want to go over them?,True,True,True,True,Notes two activities now coincide after a time change and asks to go over them; retains intent with no new facts.,False,False
cg_006,Two activities on the older adult's weekly calendar now overlap because one event changed time.,Point out the scheduling overlap and ask whether the older adult wants to review the two plans together.,055faedf992e1042,"Because one event shifted, two things on your schedule are overlapping—would you like me to sit with you and review them?",True,True,True,True,Explains the overlap from a shifted event and offers to sit with the person to review; adds an interpersonal offer but no new material facts and preserves intent.,True,False
cg_006,Two activities on the older adult's weekly calendar now overlap because one event changed time.,Point out the scheduling overlap and ask whether the older adult wants to review the two plans together.,ba7b5d9eaabf9018,One appointment changed time and now overlaps another on your calendar; do you want to review those plans together?,True,True,True,True,States an appointment time change causing overlap and asks to review the plans together; matches intent and is natural.,True,True
cg_006,Two activities on the older adult's weekly calendar now overlap because one event changed time.,Point out the scheduling overlap and ask whether the older adult wants to review the two plans together.,07026c8b03d6b974,I see two activities now overlap since one event changed time—would you like to look at both plans together?,True,True,True,True,Observes the overlap from a changed event time and invites reviewing both plans together; no new facts and natural phrasing.,False,False
cg_006,Two activities on the older adult's weekly calendar now overlap because one event changed time.,Point out the scheduling overlap and ask whether the older adult wants to review the two plans together.,cdd7dcf7c7351032,Two items on your weekly schedule are overlapping because one event moved; do you want to review them with me?,True,True,True,True,Says two schedule items overlap because one moved and asks to review them with the speaker; preserves intent without added facts.,True,False
cg_006,Two activities on the older adult's weekly calendar now overlap because one event changed time.,Point out the scheduling overlap and ask whether the older adult wants to review the two plans together.,a8f89d52e7ce10f6,One event was rescheduled and now overlaps a different activity—would you like to review the two plans together?,True,True,True,True,"States a rescheduled event now overlaps another and offers to review the plans together; equivalent intent, natural.",True,False
cg_006,Two activities on the older adult's weekly calendar now overlap because one event changed time.,Point out the scheduling overlap and ask whether the older adult wants to review the two plans together.,02a80434f96714a4,There’s a time change on one event that makes it overlap with another; would you like to go over both plans together?,True,True,True,True,Explains a time change causing overlap and asks to go over both plans together; keeps original intent and adds no facts.,False,False
cg_006,Two activities on the older adult's weekly calendar now overlap because one event changed time.,Point out the scheduling overlap and ask whether the older adult wants to review the two plans together.,4a479c6675daef90,One event changed its time and now two activities overlap on your calendar—want to review them together?,True,True,True,True,Notes the time change and resulting overlap and asks if they want to review together; natural and faithful to intent.,False,False
cg_006,Two activities on the older adult's weekly calendar now overlap because one event changed time.,Point out the scheduling overlap and ask whether the older adult wants to review the two plans together.,7a2db2d092fb4a6c,Your calendar shows an overlap after one event changed time; shall we review the two plans together?,True,True,True,True,States the calendar overlap after a time change and proposes reviewing the plans together; no new material facts and natural.,True,False
cg_006,Two activities on the older adult's weekly calendar now overlap because one event changed time.,Point out the scheduling overlap and ask whether the older adult wants to review the two plans together.,3617762283dd74e6,I noticed a time change for one event that creates an overlap with another—do you want to review both plans with me?,True,True,True,True,Mentions the time change creating an overlap and asks to review both plans with the speaker; preserves intent and is natural.,False,False
cg_006,Two activities on the older adult's weekly calendar now overlap because one event changed time.,Point out the scheduling overlap and ask whether the older adult wants to review the two plans together.,3dea35b86d077b61,One event moved to a new time and it's overlapping another activity on your weekly calendar; would you like to go over the two plans?,True,True,True,True,Says one event moved and now overlaps another on the weekly calendar and asks to go over plans; matches intent and contains no new facts.,False,False
cg_006,Two activities on the older adult's weekly calendar now overlap because one event changed time.,Point out the scheduling overlap and ask whether the older adult wants to review the two plans together.,29ce53ca7508662d,"Because one event changed time, two activities are scheduled at the same time—do you want to review them together?",True,True,True,True,Explains two activities are scheduled at the same time due to a changed event and asks to review them together; faithful and natural.,True,False
cg_006,Two activities on the older adult's weekly calendar now overlap because one event changed time.,Point out the scheduling overlap and ask whether the older adult wants to review the two plans together.,5d6d51ddca7468ad,One of the events on your weekly schedule shifted and now overlaps another—would you like to check the two plans together?,True,True,True,True,Notes an event shifted causing overlap and asks to check the plans together; keeps core intent and adds no facts.,True,False
cg_006,Two activities on the older adult's weekly calendar now overlap because one event changed time.,Point out the scheduling overlap and ask whether the older adult wants to review the two plans together.,f187361ad7fd171e,There’s been a time change for one of your events so two activities overlap now—do you want to review both plans with me?,True,True,True,True,States a time change caused overlap and asks to review both plans with the speaker; equivalent intent and natural.,True,False
cg_006,Two activities on the older adult's weekly calendar now overlap because one event changed time.,Point out the scheduling overlap and ask whether the older adult wants to review the two plans together.,924377ecdd541f77,I saw that one event changed time and now overlaps another on your schedule; would you like to go through the plans together?,True,True,True,True,Says the speaker saw a time change causing overlap and asks to go through plans together; preserves intent and is plausible.,True,False
cg_006,Two activities on the older adult's weekly calendar now overlap because one event changed time.,Point out the scheduling overlap and ask whether the older adult wants to review the two plans together.,b049e57537a1b7b6,"One event changed time, creating an overlap with another activity on your calendar—shall we look over the two plans together?",True,True,True,True,"Explains an event change created an overlap and offers to look over the plans together; retains intent, no added facts.",False,False
cg_006,Two activities on the older adult's weekly calendar now overlap because one event changed time.,Point out the scheduling overlap and ask whether the older adult wants to review the two plans together.,bb8a012bf4fa3159,Your schedule now has two overlapping activities because one event changed time; would you like to review them together?,True,True,True,True,Notes the schedule now has overlapping activities due to a time change and asks to review them together; matches source intent.,True,False
cg_006,Two activities on the older adult's weekly calendar now overlap because one event changed time.,Point out the scheduling overlap and ask whether the older adult wants to review the two plans together.,9c2931d79d269781,One event's time was changed and now it overlaps with another on your weekly calendar—do you want to look at the two plans together?,True,True,True,True,States an event's time change caused overlap on the weekly calendar and asks to look at the plans together; faithful and natural.,False,False
cg_006,Two activities on the older adult's weekly calendar now overlap because one event changed time.,Point out the scheduling overlap and ask whether the older adult wants to review the two plans together.,1faabdbfb3d94cfd,A time change to one event has caused an overlap with another activity—would you like to review those two plans with me?,True,True,True,True,"Says a time change caused an overlap and asks if they'd like to review the two plans with the speaker; preserves intent, no new facts.",True,False
cg_006,Two activities on the older adult's weekly calendar now overlap because one event changed time.,Point out the scheduling overlap and ask whether the older adult wants to review the two plans together.,43e1cb59c6908c6f,I noticed a change in one event’s time that makes it overlap with another—do you want to go over the two plans together?,True,True,True,True,Notes a change in one event’s time creating an overlap and asks to go over the two plans together; keeps core intent and is natural.,True,True
cg_007,"A shared ride the older adult expected is running late. There are several ordinary alternatives, including waiting or changing the pickup plan.",Tell the older adult that the ride is delayed and ask how they would like to handle the changed pickup plan.,7d9c93f4fd54e6e8,The shared ride is running late—would you like to wait here or change the pickup plan?,True,True,True,True,States the delay and asks whether to wait or change pickup; no new facts or actions added.,False,False
cg_007,"A shared ride the older adult expected is running late. There are several ordinary alternatives, including waiting or changing the pickup plan.",Tell the older adult that the ride is delayed and ask how they would like to handle the changed pickup plan.,f177e1dc93bfec1b,I just heard the shared ride is delayed; how would you like to handle the pickup?,True,True,True,True,Reports delay and asks how to handle pickup; faithful to original intent.,True,False
cg_007,"A shared ride the older adult expected is running late. There are several ordinary alternatives, including waiting or changing the pickup plan.",Tell the older adult that the ride is delayed and ask how they would like to handle the changed pickup plan.,972cef4e47db14af,The driver's running late—do you want to wait for them or change where or when they pick you up?,True,True,True,True,Conveys driver is late and offers waiting or changing pickup details; no added facts.,True,True
cg_007,"A shared ride the older adult expected is running late. There are several ordinary alternatives, including waiting or changing the pickup plan.",Tell the older adult that the ride is delayed and ask how they would like to handle the changed pickup plan.,4d91eaf733389340,Your ride's delayed; would you prefer to wait or switch to a different pickup arrangement?,True,True,True,True,Tells of delay and asks whether to wait or switch pickup arrangement; preserves intent.,False,False
cg_007,"A shared ride the older adult expected is running late. There are several ordinary alternatives, including waiting or changing the pickup plan.",Tell the older adult that the ride is delayed and ask how they would like to handle the changed pickup plan.,31ce7bea7ec136af,The pickup's been pushed back—what do you want to do about it?,True,True,True,True,Says pickup was pushed back and asks what to do; conveys same options without adding facts.,True,True
cg_007,"A shared ride the older adult expected is running late. There are several ordinary alternatives, including waiting or changing the pickup plan.",Tell the older adult that the ride is delayed and ask how they would like to handle the changed pickup plan.,a97aa64ac25dc294,"The shared ride is late. Do you want to stay and wait, or would you like to change the pickup plan?",True,True,True,True,Clearly states delay and asks whether to wait or change pickup plan; no additions.,False,False
cg_007,"A shared ride the older adult expected is running late. There are several ordinary alternatives, including waiting or changing the pickup plan.",Tell the older adult that the ride is delayed and ask how they would like to handle the changed pickup plan.,e0e458dcee7d89bd,I've been told the ride is delayed; do you want to change the pick-up time or stick with waiting?,True,True,True,True,Reports being told of delay and asks whether to change time or wait; preserves intent.,True,False
cg_007,"A shared ride the older adult expected is running late. There are several ordinary alternatives, including waiting or changing the pickup plan.",Tell the older adult that the ride is delayed and ask how they would like to handle the changed pickup plan.,a8772dc13c614af7,The ride's not on time—how would you like to proceed?,True,True,True,True,Notes the ride isn't on time and asks how to proceed; faithful to original intent.,True,True
cg_007,"A shared ride the older adult expected is running late. There are several ordinary alternatives, including waiting or changing the pickup plan.",Tell the older adult that the ride is delayed and ask how they would like to handle the changed pickup plan.,3782c714066fcf7b,Your shared ride will be delayed; would you rather wait or try a different pickup?,True,True,True,True,States the ride will be delayed and asks whether to wait or try a different pickup; no new facts.,True,False
cg_007,"A shared ride the older adult expected is running late. There are several ordinary alternatives, including waiting or changing the pickup plan.",Tell the older adult that the ride is delayed and ask how they would like to handle the changed pickup plan.,acf4c2d40292edf1,I've been notified the ride is running late; what's your preference for handling the pickup?,True,True,True,True,Notifies of delay and asks preference for handling pickup; preserves original request.,True,False
cg_007,"A shared ride the older adult expected is running late. There are several ordinary alternatives, including waiting or changing the pickup plan.",Tell the older adult that the ride is delayed and ask how they would like to handle the changed pickup plan.,d49731408d4fcdca,"The shared ride's behind schedule; do you want to wait, or should we change the pickup plan?",True,True,True,True,Says ride is behind schedule and asks whether to wait or change pickup; no added facts.,False,False
cg_007,"A shared ride the older adult expected is running late. There are several ordinary alternatives, including waiting or changing the pickup plan.",Tell the older adult that the ride is delayed and ask how they would like to handle the changed pickup plan.,e3bc3f9203365852,The driver is delayed—what would you like to do about your pickup?,True,True,True,True,Reports driver delay and asks what to do about pickup; preserves intent without additions.,True,False
cg_007,"A shared ride the older adult expected is running late. There are several ordinary alternatives, including waiting or changing the pickup plan.",Tell the older adult that the ride is delayed and ask how they would like to handle the changed pickup plan.,e05ce6fa57d12e52,The ride's delayed; would you like to reschedule the pickup or stay put and wait?,True,True,True,True,Indicates delay and offers reschedule or wait options; consistent with source intent.,True,False
cg_007,"A shared ride the older adult expected is running late. There are several ordinary alternatives, including waiting or changing the pickup plan.",Tell the older adult that the ride is delayed and ask how they would like to handle the changed pickup plan.,6f04d3807e212e12,I just learned the shared ride is late—how would you like to handle pickup now?,True,True,True,True,Just learned ride is late and asks how to handle pickup now; no new material facts.,False,False
cg_007,"A shared ride the older adult expected is running late. There are several ordinary alternatives, including waiting or changing the pickup plan.",Tell the older adult that the ride is delayed and ask how they would like to handle the changed pickup plan.,cdc41b487aee3151,Heads up: the ride's delayed. Do you want to wait here or switch to a different pickup arrangement?,True,True,True,True,Casual notice of delay and asks whether to wait or switch pickup; preserves intent.,True,True
cg_007,"A shared ride the older adult expected is running late. There are several ordinary alternatives, including waiting or changing the pickup plan.",Tell the older adult that the ride is delayed and ask how they would like to handle the changed pickup plan.,e105fee67d99c242,Your pickup is running late; how would you like to proceed—wait or change the plan?,True,True,True,True,States pickup running late and asks whether to wait or change plan; faithful to source.,True,False
cg_007,"A shared ride the older adult expected is running late. There are several ordinary alternatives, including waiting or changing the pickup plan.",Tell the older adult that the ride is delayed and ask how they would like to handle the changed pickup plan.,8040731b4d0e0aca,"Just so you know, the ride is delayed; what do you want me to do about the pickup?",True,True,True,True,Notifies of delay and asks what the speaker should do about pickup (seeking instruction rather than adding actions).,True,False
cg_007,"A shared ride the older adult expected is running late. There are several ordinary alternatives, including waiting or changing the pickup plan.",Tell the older adult that the ride is delayed and ask how they would like to handle the changed pickup plan.,5df89af81b29739c,The shared ride's delayed—do you want to adjust the pickup or hold tight and wait?,True,True,True,True,Conveys delay and asks whether to adjust pickup or wait; no additional facts.,True,False
cg_007,"A shared ride the older adult expected is running late. There are several ordinary alternatives, including waiting or changing the pickup plan.",Tell the older adult that the ride is delayed and ask how they would like to handle the changed pickup plan.,88f2a2df1ff6fa33,I learned the ride is running late; would you prefer to sit tight or change the pickup plan?,True,True,True,True,Reports learning of delay and asks whether to sit tight or change pickup plan; preserves intent.,True,False
cg_007,"A shared ride the older adult expected is running late. There are several ordinary alternatives, including waiting or changing the pickup plan.",Tell the older adult that the ride is delayed and ask how they would like to handle the changed pickup plan.,c632d5403c5b80f5,The scheduled pickup is delayed; would you like to wait for it or choose a different pickup option?,True,True,True,True,Notes scheduled pickup is delayed and asks whether to wait or choose different pickup; no new facts.,True,False
cg_007,"A shared ride the older adult expected is running late. There are several ordinary alternatives, including waiting or changing the pickup plan.",Tell the older adult that the ride is delayed and ask how they would like to handle the changed pickup plan.,bfa60dd988caf7ee,The ride's not coming on time; what's your choice for handling the pickup?,True,True,True,True,Says ride isn't coming on time and asks for choice about handling pickup; consistent with source.,True,False
cg_007,"A shared ride the older adult expected is running late. There are several ordinary alternatives, including waiting or changing the pickup plan.",Tell the older adult that the ride is delayed and ask how they would like to handle the changed pickup plan.,a4cb1cd10abb3c40,"The shared ride is delayed—would you like to wait, change the pickup, or pick another option?",True,True,True,True,"States delay and offers waiting, changing pickup, or another option; preserves intent without adding facts.",False,False
cg_008,The caregiver would like to move their regular weekly phone call from the evening to the morning this week.,Ask the older adult whether they would be comfortable moving this week's regular call to the morning.,45dda1a303e59a2c,Would you be comfortable moving this week's usual evening call to the morning?,True,True,True,True,Directly asks permission to move this week's usual evening call to the morning; no new facts.,False,False
cg_008,The caregiver would like to move their regular weekly phone call from the evening to the morning this week.,Ask the older adult whether they would be comfortable moving this week's regular call to the morning.,98f0ff7d05c11884,Can we move our regular weekly call this week from the evening to the morning?,True,True,True,True,Asks consent to move this week's regular call from evening to morning; preserves intent and adds no facts.,True,True
cg_008,The caregiver would like to move their regular weekly phone call from the evening to the morning this week.,Ask the older adult whether they would be comfortable moving this week's regular call to the morning.,3d6fce94c89ea4e7,Is it all right with you if we switch this week's evening call to the morning?,True,True,True,True,Checks if it's all right to switch this week's evening call to the morning; matches intent.,True,False
cg_008,The caregiver would like to move their regular weekly phone call from the evening to the morning this week.,Ask the older adult whether they would be comfortable moving this week's regular call to the morning.,28946c1b5cb2cfea,Would you mind if we rescheduled this week's usual call to the morning instead of the evening?,True,True,True,True,Asks whether they'd mind rescheduling this week's usual call to the morning instead of evening; preserves intent.,False,False
cg_008,The caregiver would like to move their regular weekly phone call from the evening to the morning this week.,Ask the older adult whether they would be comfortable moving this week's regular call to the morning.,c8fef5d5cfb53fb5,Are you okay with having this week's weekly call in the morning rather than in the evening?,True,True,True,True,Asks if they're okay with having this week's call in the morning rather than evening; intent preserved despite slight wording repetition.,True,False
cg_008,The caregiver would like to move their regular weekly phone call from the evening to the morning this week.,Ask the older adult whether they would be comfortable moving this week's regular call to the morning.,cbb2299125bc006b,Would it be okay to have our regular call in the morning this week?,True,True,True,True,Requests permission to have the regular call in the morning this week; conveys the same request without adding facts.,True,False
cg_008,The caregiver would like to move their regular weekly phone call from the evening to the morning this week.,Ask the older adult whether they would be comfortable moving this week's regular call to the morning.,c08d164d7c718e13,Do you feel comfortable if we shift our usual evening call this week to the morning?,True,True,True,True,Asks if they feel comfortable shifting the usual evening call this week to the morning; intent intact.,True,False
cg_008,The caregiver would like to move their regular weekly phone call from the evening to the morning this week.,Ask the older adult whether they would be comfortable moving this week's regular call to the morning.,ed6e79bd2cbdf5af,I'd like to move our weekly call to the morning this week—would that be fine with you?,True,True,True,True,States preference to move the call and asks if that would be fine; still requests permission and adds no material facts.,True,False
cg_008,The caregiver would like to move their regular weekly phone call from the evening to the morning this week.,Ask the older adult whether they would be comfortable moving this week's regular call to the morning.,49e3c66a3b4cd3e1,Would switching this week's regular call from the evening to the morning work for you?,True,True,True,True,Asks whether switching this week's regular call from evening to morning would work for them; preserves intent.,True,False
cg_008,The caregiver would like to move their regular weekly phone call from the evening to the morning this week.,Ask the older adult whether they would be comfortable moving this week's regular call to the morning.,c7c508859b034bb0,"Would you prefer we keep the call in the evening, or would morning work for this week's call?",True,True,True,True,Offers choice between keeping evening or moving to morning for this week's call; still asks their preference/consent.,True,False
cg_008,The caregiver would like to move their regular weekly phone call from the evening to the morning this week.,Ask the older adult whether they would be comfortable moving this week's regular call to the morning.,1f49eeb3616ca228,Is switching our usual weekly call to the morning for this week acceptable to you?,True,True,True,True,Checks acceptability of switching the usual weekly call to the morning for this week; matches intent.,True,False
cg_008,The caregiver would like to move their regular weekly phone call from the evening to the morning this week.,Ask the older adult whether they would be comfortable moving this week's regular call to the morning.,9a02351687eed7bb,How would you feel about having this week's usual call in the morning instead of the evening?,True,True,True,True,Asks how they'd feel about having this week's usual call in the morning instead of evening; preserves intent.,True,False
cg_008,The caregiver would like to move their regular weekly phone call from the evening to the morning this week.,Ask the older adult whether they would be comfortable moving this week's regular call to the morning.,ea0027cd21cb53c3,"If it's okay with you, can we take this week's regular call in the morning?",True,True,True,True,Requests permission ('If it's okay with you') to take this week's regular call in the morning; intent preserved.,True,True
cg_008,The caregiver would like to move their regular weekly phone call from the evening to the morning this week.,Ask the older adult whether they would be comfortable moving this week's regular call to the morning.,d3a4a631943d2fee,Would you be alright if our weekly call happened in the morning just for this week?,True,True,True,True,Asks if they'd be alright with the weekly call happening in the morning just this week; matches intent.,True,False
cg_008,The caregiver would like to move their regular weekly phone call from the evening to the morning this week.,Ask the older adult whether they would be comfortable moving this week's regular call to the morning.,4e34832ebfdfbfaa,Would moving our regular evening call to the morning for this week suit you?,True,True,True,True,Asks whether moving the regular evening call to the morning for this week would suit them; intent intact.,True,True
cg_008,The caregiver would like to move their regular weekly phone call from the evening to the morning this week.,Ask the older adult whether they would be comfortable moving this week's regular call to the morning.,3dca8445b1485739,Are you comfortable with changing this week's scheduled call from evening to morning?,True,True,True,True,Checks comfort with changing this week's scheduled call from evening to morning; preserves core request.,True,True
cg_008,The caregiver would like to move their regular weekly phone call from the evening to the morning this week.,Ask the older adult whether they would be comfortable moving this week's regular call to the morning.,af389a822cc3244e,Would it be all right with you to have our usual weekly call in the morning this week?,True,True,True,True,Asks if it would be all right to have the usual weekly call in the morning this week; matches intent.,False,False
cg_008,The caregiver would like to move their regular weekly phone call from the evening to the morning this week.,Ask the older adult whether they would be comfortable moving this week's regular call to the morning.,40523f2f55ff0af4,"Would morning work for our regular call this week, or would you rather keep the evening?",True,True,True,True,Asks whether morning would work or if they'd prefer the evening for this week's regular call; preserves choice/consent.,False,False
cg_008,The caregiver would like to move their regular weekly phone call from the evening to the morning this week.,Ask the older adult whether they would be comfortable moving this week's regular call to the morning.,c522e34e31c2ec75,Could we have this week's usual call in the morning instead of the evening?,True,True,True,True,Asks if they could have this week's usual call in the morning instead of evening; intent preserved.,True,False
cg_008,The caregiver would like to move their regular weekly phone call from the evening to the morning this week.,Ask the older adult whether they would be comfortable moving this week's regular call to the morning.,addef2fdfcd7edc6,Would you be okay if we rescheduled our weekly evening call to the morning for this week?,True,True,True,True,Asks if they'd be okay rescheduling the weekly evening call to the morning for this week; matches intent.,False,False
cg_008,The caregiver would like to move their regular weekly phone call from the evening to the morning this week.,Ask the older adult whether they would be comfortable moving this week's regular call to the morning.,320dafab7c8118d1,Would switching to a morning time for this week's regular call be fine with you?,True,True,True,True,Asks whether switching to a morning time for this week's regular call would be fine; preserves intent.,True,False
cg_008,The caregiver would like to move their regular weekly phone call from the evening to the morning this week.,Ask the older adult whether they would be comfortable moving this week's regular call to the morning.,d244849666c66c81,Is it okay if we move our regular weekly call to the morning this week?,True,True,True,True,Checks if it's okay to move the regular weekly call to the morning this week; intent intact.,False,False
cg_008,The caregiver would like to move their regular weekly phone call from the evening to the morning this week.,Ask the older adult whether they would be comfortable moving this week's regular call to the morning.,127b7e58c371b880,Would you be comfortable taking our weekly call in the morning this week?,True,True,True,True,Asks if they'd be comfortable taking the weekly call in the morning this week; preserves the request.,False,False
cg_008,The caregiver would like to move their regular weekly phone call from the evening to the morning this week.,Ask the older adult whether they would be comfortable moving this week's regular call to the morning.,81df4727589875f4,Would you agree to move this week's regular evening call to the morning?,True,True,True,True,Asks whether they'd agree to move this week's regular evening call to the morning; matches intent.,False,False
cg_009,A kitchen repair will require access to the kitchen for about two hours. The exact visit time can be chosen from several ordinary time slots.,Tell the older adult about the two-hour kitchen repair visit and coordinate a time that works for them.,cac0d00256915cf8,There's a kitchen repair that will need access for about two hours; which of the available time slots would you prefer?,True,True,True,True,States two-hour kitchen repair and asks which available slot they prefer; no new facts added.,True,True
cg_009,A kitchen repair will require access to the kitchen for about two hours. The exact visit time can be chosen from several ordinary time slots.,Tell the older adult about the two-hour kitchen repair visit and coordinate a time that works for them.,77a86bd2b77ab323,They need to come into the kitchen for roughly two hours—do any of the offered time slots work for you?,True,True,True,True,Mentions two-hour kitchen visit and asks if offered slots work; no added facts.,True,True
cg_009,A kitchen repair will require access to the kitchen for about two hours. The exact visit time can be chosen from several ordinary time slots.,Tell the older adult about the two-hour kitchen repair visit and coordinate a time that works for them.,881689177df9e3ef,A repair visit will take about two hours in the kitchen; tell me which of the several time slots you'd like.,True,True,True,True,Communicates two-hour repair in kitchen and requests a preferred slot; natural and no new material fact.,True,False
cg_009,A kitchen repair will require access to the kitchen for about two hours. The exact visit time can be chosen from several ordinary time slots.,Tell the older adult about the two-hour kitchen repair visit and coordinate a time that works for them.,2d8343a68c04e650,We need to schedule a two-hour kitchen repair—which of the available slots fits your day?,True,True,True,True,States need to schedule a two-hour kitchen repair and asks which slot fits; preserves intent without new facts.,True,False
cg_009,A kitchen repair will require access to the kitchen for about two hours. The exact visit time can be chosen from several ordinary time slots.,Tell the older adult about the two-hour kitchen repair visit and coordinate a time that works for them.,473f75c7ab98f393,Someone needs access to the kitchen for about two hours; do you have a preferred time among the options?,True,True,True,True,Notes someone needs two-hour access to kitchen and asks for a preferred option; no extra facts.,True,False
cg_009,A kitchen repair will require access to the kitchen for about two hours. The exact visit time can be chosen from several ordinary time slots.,Tell the older adult about the two-hour kitchen repair visit and coordinate a time that works for them.,5ced0d4c2a2361c6,The repair will require the kitchen for around two hours—what time slot would you like to pick?,True,True,True,True,Communicates approximate two-hour repair and asks which slot they'd like; faithful to source.,False,False
cg_009,A kitchen repair will require access to the kitchen for about two hours. The exact visit time can be chosen from several ordinary time slots.,Tell the older adult about the two-hour kitchen repair visit and coordinate a time that works for them.,17889554cb58fbb9,There’s a repair that will take about two hours in your kitchen; which time slot from the options suits you?,True,True,True,True,Specifies two-hour kitchen repair and asks which option suits them; no added material facts.,True,False
cg_009,A kitchen repair will require access to the kitchen for about two hours. The exact visit time can be chosen from several ordinary time slots.,Tell the older adult about the two-hour kitchen repair visit and coordinate a time that works for them.,3f710691174338df,I need you to choose a time for a two-hour kitchen visit; which of the several ordinary slots do you prefer?,True,True,True,True,Asks the person to choose a time for a two-hour visit; preserves intent though slightly more directive.,True,True
cg_009,A kitchen repair will require access to the kitchen for about two hours. The exact visit time can be chosen from several ordinary time slots.,Tell the older adult about the two-hour kitchen repair visit and coordinate a time that works for them.,ed84dc58b2cda5bb,The kitchen will be in use for approximately two hours for a repair—when among the available slots is best for you?,True,True,True,True,Explains kitchen use for ~2 hours and asks which available slot is best; no new facts introduced.,True,False
cg_009,A kitchen repair will require access to the kitchen for about two hours. The exact visit time can be chosen from several ordinary time slots.,Tell the older adult about the two-hour kitchen repair visit and coordinate a time that works for them.,2b79d433e097f5b0,A two-hour repair visit is planned for the kitchen; please let me know which of the offered time slots you'd like.,True,True,True,True,States two-hour repair visit and requests which offered slot they'd like; faithful and natural.,False,False
cg_009,A kitchen repair will require access to the kitchen for about two hours. The exact visit time can be chosen from several ordinary time slots.,Tell the older adult about the two-hour kitchen repair visit and coordinate a time that works for them.,37c147aa6fe49e4c,They can come for a kitchen repair that lasts about two hours—are any of the available times good for you?,True,True,True,True,Indicates someone can come for ~2-hour repair and asks if times are good for them; no extra facts.,True,True
cg_009,A kitchen repair will require access to the kitchen for about two hours. The exact visit time can be chosen from several ordinary time slots.,Tell the older adult about the two-hour kitchen repair visit and coordinate a time that works for them.,a4b6f3bba25b5b45,The repair requires about two hours in the kitchen; which of the time slots would you like us to pick?,True,True,True,True,Notes repair requires ~2 hours and offers to pick a slot based on their choice; preserves intent.,True,False
cg_009,A kitchen repair will require access to the kitchen for about two hours. The exact visit time can be chosen from several ordinary time slots.,Tell the older adult about the two-hour kitchen repair visit and coordinate a time that works for them.,4356bd51c4a73f81,I need to coordinate a two-hour kitchen repair—which of the several ordinary time slots would you prefer?,True,True,True,True,Says they need to coordinate a two-hour repair and asks preferred slot; matches source without added facts.,True,False
cg_009,A kitchen repair will require access to the kitchen for about two hours. The exact visit time can be chosen from several ordinary time slots.,Tell the older adult about the two-hour kitchen repair visit and coordinate a time that works for them.,139bf41c3cdc9a18,Please choose a time slot for a kitchen repair that will take about two hours; which option suits you?,True,True,True,True,Requests choice of time slot for ~2-hour kitchen repair; natural and faithful.,True,False
cg_009,A kitchen repair will require access to the kitchen for about two hours. The exact visit time can be chosen from several ordinary time slots.,Tell the older adult about the two-hour kitchen repair visit and coordinate a time that works for them.,4bcb0152e87e6cd7,A repair will use the kitchen for about two hours; which of the available time slots would you like to set?,True,True,True,True,Says repair will use the kitchen ~2 hours and asks which slot they'd like to set; no new facts added.,False,False
cg_009,A kitchen repair will require access to the kitchen for about two hours. The exact visit time can be chosen from several ordinary time slots.,Tell the older adult about the two-hour kitchen repair visit and coordinate a time that works for them.,82ac0d4997d80f4e,They need about two hours in the kitchen for repairs—which time slot from the options do you prefer?,True,True,True,True,Communicates need for ~2 hours in kitchen and asks preferred slot; preserves intent and natural.,True,False
cg_009,A kitchen repair will require access to the kitchen for about two hours. The exact visit time can be chosen from several ordinary time slots.,Tell the older adult about the two-hour kitchen repair visit and coordinate a time that works for them.,f1fb15c2c6ef16f4,There's going to be a two-hour visit for kitchen repairs; tell me which of the available slots you want.,True,True,True,True,States a two-hour visit is going to happen and asks which slot they want; no added material facts.,True,False
cg_009,A kitchen repair will require access to the kitchen for about two hours. The exact visit time can be chosen from several ordinary time slots.,Tell the older adult about the two-hour kitchen repair visit and coordinate a time that works for them.,16f2fc6dd2bc5b7f,A repair visit that will take roughly two hours needs scheduling for the kitchen; which time slot would you like?,True,True,True,True,Explains repair visit will take ~2 hours and asks which slot they'd like; faithful and natural.,True,False
cg_009,A kitchen repair will require access to the kitchen for about two hours. The exact visit time can be chosen from several ordinary time slots.,Tell the older adult about the two-hour kitchen repair visit and coordinate a time that works for them.,d30b1cd60a7eb9c0,The kitchen needs to be available for about two hours for a repair—which of the several time slots should we choose?,True,True,True,True,Says kitchen needs to be available ~2 hours and asks which time to choose; matches source without extra facts.,False,False
cg_009,A kitchen repair will require access to the kitchen for about two hours. The exact visit time can be chosen from several ordinary time slots.,Tell the older adult about the two-hour kitchen repair visit and coordinate a time that works for them.,a15e89b8b353e489,We need to pick a time for a two-hour kitchen repair—which of the available slots do you prefer?,True,True,True,True,Directly asks which available slot they prefer for a two-hour repair; preserves intent and is natural.,False,False
cg_009,A kitchen repair will require access to the kitchen for about two hours. The exact visit time can be chosen from several ordinary time slots.,Tell the older adult about the two-hour kitchen repair visit and coordinate a time that works for them.,7fb363f76650a66b,I'm checking in about a two-hour kitchen repair; which of the offered time slots would you like to pick?,True,True,True,True,Checks in about a two-hour kitchen repair and asks which offered slot they'd like to pick; no new facts.,True,False
cg_009,A kitchen repair will require access to the kitchen for about two hours. The exact visit time can be chosen from several ordinary time slots.,Tell the older adult about the two-hour kitchen repair visit and coordinate a time that works for them.,a3a8700508484d7d,A repair will require access to the kitchen for about two hours; which of the available time slots works best for you?,True,True,True,True,States repair requires ~2 hours access and asks which slot works best; preserves intent without additions.,False,False
cg_010,"A family member who had planned to visit this week can no longer come, but would like to arrange another day.",Tell the older adult that the visit cannot happen this week and ask whether they want to choose another day.,acbd5ac72a9dd6c5,They can't come this week; would you like to pick another day for their visit?,True,True,True,True,"Clearly informs visit is canceled this week and asks if they want to pick another day; natural phrasing, no new facts.",False,False
cg_010,"A family member who had planned to visit this week can no longer come, but would like to arrange another day.",Tell the older adult that the visit cannot happen this week and ask whether they want to choose another day.,edad88e336fe3d50,"I'm letting you know they won't be visiting this week, and they'd like to set up another day—do you want to choose one?",True,True,True,True,"States the visit won't happen this week and asks if they want to choose another day; natural, no added material facts.",True,False
cg_010,"A family member who had planned to visit this week can no longer come, but would like to arrange another day.",Tell the older adult that the visit cannot happen this week and ask whether they want to choose another day.,ea08ad62a177503b,"They can't make it this week, but they'd like to arrange another day—would you like to pick a day?",True,True,True,True,"Conveys cancellation and offers to arrange another day, asking if they want to pick one; natural and faithful.",True,False
cg_010,"A family member who had planned to visit this week can no longer come, but would like to arrange another day.",Tell the older adult that the visit cannot happen this week and ask whether they want to choose another day.,57d4c57fd1d36330,They won't be here this week; do you want to pick a different day for their visit?,True,True,True,True,Straightforwardly says the visit won't happen this week and asks if they want to pick a different day; no new facts.,False,False
cg_010,"A family member who had planned to visit this week can no longer come, but would like to arrange another day.",Tell the older adult that the visit cannot happen this week and ask whether they want to choose another day.,82d79fce26325b7e,This week won't work for their visit; they'd like to find another day—would you like to choose when?,True,True,True,True,"Explains the week won't work and asks if they'd like to choose another day; preserves intent, natural phrasing.",True,False
cg_010,"A family member who had planned to visit this week can no longer come, but would like to arrange another day.",Tell the older adult that the visit cannot happen this week and ask whether they want to choose another day.,f53715aeeee0546f,They can't visit this week and want to schedule another day; is there a day you'd prefer?,True,True,True,True,"Says they can't visit this week and asks if there's a preferred day to reschedule; preserves intent, no added facts.",True,False
cg_010,"A family member who had planned to visit this week can no longer come, but would like to arrange another day.",Tell the older adult that the visit cannot happen this week and ask whether they want to choose another day.,9db470e21ddb1431,"They can't come by this week, but they'd like to come another day—would you like to choose which day?",True,True,True,True,States the visit is canceled this week and asks if the recipient wants to choose which alternative day; natural and faithful.,True,False
cg_010,"A family member who had planned to visit this week can no longer come, but would like to arrange another day.",Tell the older adult that the visit cannot happen this week and ask whether they want to choose another day.,a3bb67963b92a383,"Just so you know, they can't visit this week; would you like to pick an alternative day?",True,True,True,True,Polite notification that they can't visit this week and asks if the recipient wants to pick another day; no new facts.,True,True
cg_010,"A family member who had planned to visit this week can no longer come, but would like to arrange another day.",Tell the older adult that the visit cannot happen this week and ask whether they want to choose another day.,81e6897a0879445b,They won't be able to come this week; would you like to decide on another day for them to visit?,True,True,True,True,"Says they won't be able to come this week and asks if the recipient would like to decide on another day; preserves intent, natural.",False,False
cg_010,"A family member who had planned to visit this week can no longer come, but would like to arrange another day.",Tell the older adult that the visit cannot happen this week and ask whether they want to choose another day.,8f3a4c69121e2320,They can't make it this week and are hoping to arrange a different day—do you want to choose one?,True,True,True,True,"Communicates cancellation and that they hope to arrange a different day, asking if the recipient wants to choose one; no material facts added.",True,True
cg_010,"A family member who had planned to visit this week can no longer come, but would like to arrange another day.",Tell the older adult that the visit cannot happen this week and ask whether they want to choose another day.,6200067a823a8f9f,"They aren't coming this week, but they'd like to reschedule—would you like to choose a new day?",True,True,True,True,Uses 'reschedule' but still conveys the visit won't happen this week and asks if the recipient wants to choose a new day; intent preserved.,True,False
cg_010,"A family member who had planned to visit this week can no longer come, but would like to arrange another day.",Tell the older adult that the visit cannot happen this week and ask whether they want to choose another day.,c8f0a77174e0e649,They can't visit this week; do you want to choose another day for their visit instead?,True,True,True,True,Directly states cancellation this week and asks if the recipient wants to choose another day; natural and faithful.,True,False
cg_010,"A family member who had planned to visit this week can no longer come, but would like to arrange another day.",Tell the older adult that the visit cannot happen this week and ask whether they want to choose another day.,d5cc0a16b3d8b7b0,"They can't come this week, and they'd like to pick another day—what day would you prefer?",True,True,True,True,"Says they can't come this week and asks what day the recipient would prefer for another visit; preserves intent, no new facts.",False,False
cg_010,"A family member who had planned to visit this week can no longer come, but would like to arrange another day.",Tell the older adult that the visit cannot happen this week and ask whether they want to choose another day.,77c3ae83cceaff7d,They're not able to visit this week; would you like to pick an alternate day for the visit?,True,True,True,True,States they're not able to visit this week and asks if the recipient would like to pick an alternate day; natural and faithful.,False,False
cg_010,"A family member who had planned to visit this week can no longer come, but would like to arrange another day.",Tell the older adult that the visit cannot happen this week and ask whether they want to choose another day.,6f9dbb31d9ebae75,They won't make it this week; would you like to tell them which other day works for you?,True,True,True,True,Says they won't make it this week and asks if the recipient would like to tell them which other day works; preserves core intent though adds an instruction to communicate it.,True,True
cg_010,"A family member who had planned to visit this week can no longer come, but would like to arrange another day.",Tell the older adult that the visit cannot happen this week and ask whether they want to choose another day.,9b6a7f76b205f74a,They can't come this week but want to arrange another day—do you want to select one now?,True,True,True,True,"Conveys cancellation and asks if the recipient wants to select another day now; natural, intent intact.",True,False
cg_010,"A family member who had planned to visit this week can no longer come, but would like to arrange another day.",Tell the older adult that the visit cannot happen this week and ask whether they want to choose another day.,9ca82d030a104d79,They can't come by this week; would you like to choose another day for them to come?,True,True,True,True,Says they can't come by this week and asks if the recipient would like to choose another day for their visit; preserves intent.,True,True
cg_010,"A family member who had planned to visit this week can no longer come, but would like to arrange another day.",Tell the older adult that the visit cannot happen this week and ask whether they want to choose another day.,7440b466547e499c,"They won't be here this week, but they'd like to come another day—do you want to pick the day?",True,True,True,True,States the visit won't happen this week and asks if the recipient wants to pick the day; natural and faithful.,True,False
cg_010,"A family member who had planned to visit this week can no longer come, but would like to arrange another day.",Tell the older adult that the visit cannot happen this week and ask whether they want to choose another day.,1b0aba6902e048d7,They can't visit this week and would like to set a different day—do you want to choose when?,True,True,True,True,"Communicates cancellation and asks if the recipient wants to choose when to reschedule; preserves intent, no added facts.",False,False
cg_010,"A family member who had planned to visit this week can no longer come, but would like to arrange another day.",Tell the older adult that the visit cannot happen this week and ask whether they want to choose another day.,994a95953452e945,They can't make it this week; would you like to pick a different day that works for you?,True,True,True,True,Says they can't make it this week and asks if the recipient would like to pick a different day that works for them; intent preserved.,True,False
cg_010,"A family member who had planned to visit this week can no longer come, but would like to arrange another day.",Tell the older adult that the visit cannot happen this week and ask whether they want to choose another day.,961fb7ddee3f9b0e,They won't be visiting this week; would you like to choose another day for their visit?,True,True,True,True,States they won't be visiting this week and asks if the recipient wants to choose another day; natural and faithful.,False,False
cg_010,"A family member who had planned to visit this week can no longer come, but would like to arrange another day.",Tell the older adult that the visit cannot happen this week and ask whether they want to choose another day.,2a4b55efdfba0d35,They can't come this week; would you like to pick a new day for them to visit?,True,True,True,True,Says they can't come this week and asks if the recipient would like to pick a new day for the visit; preserves intent.,True,False
cg_010,"A family member who had planned to visit this week can no longer come, but would like to arrange another day.",Tell the older adult that the visit cannot happen this week and ask whether they want to choose another day.,7664012fb6380194,"They won't be able to visit this week, and they'd like to arrange another day—would you like to choose one?",True,True,True,True,States they won't be able to visit this week and asks if the recipient would like to choose another day; natural and faithful.,True,False
cg_010,"A family member who had planned to visit this week can no longer come, but would like to arrange another day.",Tell the older adult that the visit cannot happen this week and ask whether they want to choose another day.,dcfac2ee5d5f7b49,They can't make it this week but want to arrange another day—would you like to decide on a day?,True,True,True,True,Says they can't make it this week but want to arrange another day and asks if the recipient would like to decide on a day; intent preserved.,False,False
cg_011,A community center is holding an optional social event this weekend. The caregiver thinks the older adult might be interested but does not know.,Tell the older adult about the community event and ask whether they are interested in going.,63de0e2123efe894,There's an optional social event at the community center this weekend; would you be interested in going?,True,True,True,True,States the event and directly asks about interest; no new facts added and natural phrasing.,True,True
cg_011,A community center is holding an optional social event this weekend. The caregiver thinks the older adult might be interested but does not know.,Tell the older adult about the community event and ask whether they are interested in going.,821ebf3df675de0b,I wanted to let you know there's an optional social event at the community center this weekend—are you interested in attending?,True,True,True,True,Clearly informs about the event and asks if they want to attend; natural and no added facts.,True,False
cg_011,A community center is holding an optional social event this weekend. The caregiver thinks the older adult might be interested but does not know.,Tell the older adult about the community event and ask whether they are interested in going.,374e70bd39d0c239,The community center is holding an optional social event this weekend; do you want to go?,True,True,True,True,"Conveys the event and asks if they want to go; concise and natural, no new material facts.",True,True
cg_011,A community center is holding an optional social event this weekend. The caregiver thinks the older adult might be interested but does not know.,Tell the older adult about the community event and ask whether they are interested in going.,6be2eaf296060f2d,Would you like to go to the optional social event at the community center this weekend?,True,True,True,True,Directly offers the event and asks if they'd like to attend; retains intent and is natural.,True,False
cg_011,A community center is holding an optional social event this weekend. The caregiver thinks the older adult might be interested but does not know.,Tell the older adult about the community event and ask whether they are interested in going.,19ba8322d48147cb,There's an optional social event at the community center this weekend—would you be up for going?,True,True,True,True,"Informs about the event and asks if they'd be 'up for' going; same intent, informal but natural.",True,False
cg_011,A community center is holding an optional social event this weekend. The caregiver thinks the older adult might be interested but does not know.,Tell the older adult about the community event and ask whether they are interested in going.,b4990beeb793a755,Are you interested in attending the community center's optional social event this weekend?,True,True,True,True,Asks about interest in attending after stating the event; preserves intent and adds no new facts.,True,False
cg_011,A community center is holding an optional social event this weekend. The caregiver thinks the older adult might be interested but does not know.,Tell the older adult about the community event and ask whether they are interested in going.,984d1705f3031466,"Just so you know, the community center has an optional social event this weekend; would you be interested in going?",True,True,True,True,"Prefatory 'just so you know' then asks interest; still informs and queries interest, natural.",False,False
cg_011,A community center is holding an optional social event this weekend. The caregiver thinks the older adult might be interested but does not know.,Tell the older adult about the community event and ask whether they are interested in going.,bfb61f39e75958f4,This weekend the community center is hosting an optional social event; do you think you'd like to go?,True,True,True,True,"States the event and asks whether they think they'd like to go; preserves intent, natural wording.",True,False
cg_011,A community center is holding an optional social event this weekend. The caregiver thinks the older adult might be interested but does not know.,Tell the older adult about the community event and ask whether they are interested in going.,fc8ae60b4d107b41,The community center will have an optional social event this weekend; would you want to go?,True,True,True,True,Informs of the event and asks if they'd want to go; maintains original intent and is natural.,False,False
cg_011,A community center is holding an optional social event this weekend. The caregiver thinks the older adult might be interested but does not know.,Tell the older adult about the community event and ask whether they are interested in going.,f7cd24c8076d4539,Did you know there's an optional social event at the community center this weekend—would you like to go?,True,True,True,True,"Combines informing and asking if they'd like to go; natural phrasing, no invented facts.",True,False
cg_011,A community center is holding an optional social event this weekend. The caregiver thinks the older adult might be interested but does not know.,Tell the older adult about the community event and ask whether they are interested in going.,5bff46a8f22b2e29,There's an optional social event at the community center this weekend; how do you feel about going?,True,True,True,True,Asks how they feel about going after stating the event; still elicits interest and is a natural question.,True,False
cg_011,A community center is holding an optional social event this weekend. The caregiver thinks the older adult might be interested but does not know.,Tell the older adult about the community event and ask whether they are interested in going.,2be7fe53be3f83cb,"If you're free, would you be interested in the optional social event at the community center this weekend?",True,True,True,True,Adds 'if you're free' conditional but still informs and asks about interest; natural and no new facts.,True,True
cg_011,A community center is holding an optional social event this weekend. The caregiver thinks the older adult might be interested but does not know.,Tell the older adult about the community event and ask whether they are interested in going.,30d99478277116e5,The community center is holding an optional social event this weekend; are you interested in attending?,True,True,True,True,Direct restatement informing about the event and asking if they want to attend; preserves intent and is natural.,False,False
cg_011,A community center is holding an optional social event this weekend. The caregiver thinks the older adult might be interested but does not know.,Tell the older adult about the community event and ask whether they are interested in going.,da25dcfa035d8403,I wanted to tell you about an optional social event at the community center this weekend—would you want to go?,True,True,True,True,Prefaces with 'I wanted to tell you' then asks if they'd want to go; retains intent and is natural.,True,False
cg_011,A community center is holding an optional social event this weekend. The caregiver thinks the older adult might be interested but does not know.,Tell the older adult about the community event and ask whether they are interested in going.,cddddfb12432a18e,There's an optional social event at the community center this weekend; would going to it interest you?,True,True,True,True,Asks whether going would interest them after noting the event; preserves intent and is natural.,True,False
cg_011,A community center is holding an optional social event this weekend. The caregiver thinks the older adult might be interested but does not know.,Tell the older adult about the community event and ask whether they are interested in going.,fbaa3215985e8dd0,The community center's having an optional social event this weekend; would that be something you'd be interested in?,True,True,True,True,"Presents the event and asks if it would interest them; maintains intent, natural phrasing.",True,False
cg_011,A community center is holding an optional social event this weekend. The caregiver thinks the older adult might be interested but does not know.,Tell the older adult about the community event and ask whether they are interested in going.,f56df3d557219c3a,This weekend the community center is hosting an optional social event; do you want to attend?,True,True,True,True,States the event and directly asks if they want to attend; preserves intent and is natural.,False,False
cg_011,A community center is holding an optional social event this weekend. The caregiver thinks the older adult might be interested but does not know.,Tell the older adult about the community event and ask whether they are interested in going.,dcabf881376951ac,There's an optional social event at the community center this weekend—want to go?,True,True,True,True,Informal phrasing ('want to go?') but still conveys the event and asks interest; natural and no new facts.,True,False
cg_011,A community center is holding an optional social event this weekend. The caregiver thinks the older adult might be interested but does not know.,Tell the older adult about the community event and ask whether they are interested in going.,e8d4f709ef628f50,The community center will host an optional social event this weekend; are you up for attending?,True,True,True,True,States the event will be hosted and asks if they're up for attending; preserves intent and adds no new material facts.,True,True
cg_011,A community center is holding an optional social event this weekend. The caregiver thinks the older adult might be interested but does not know.,Tell the older adult about the community event and ask whether they are interested in going.,6b2cf583d94cdb9c,There's an optional social event at the community center this weekend; would you be interested in joining?,True,True,True,True,Uses 'joining' to ask about interest after informing of the event; same intent and natural.,True,False
cg_011,A community center is holding an optional social event this weekend. The caregiver thinks the older adult might be interested but does not know.,Tell the older adult about the community event and ask whether they are interested in going.,4d9fb5d50e207eda,There's an optional social event at the community center this weekend; would you like to go to it?,True,True,True,True,Restates the event and asks if they'd like to go to it; preserves intent and is natural.,False,False
cg_011,A community center is holding an optional social event this weekend. The caregiver thinks the older adult might be interested but does not know.,Tell the older adult about the community event and ask whether they are interested in going.,059a25cfb24e8c4e,I wanted to mention an optional social event at the community center this weekend—are you interested in going?,True,True,True,True,"Prefaces with 'I wanted to mention' and asks if they're interested; keeps the informing-and-asking intent, natural.",False,False
cg_012,"The caregiver found a simpler way to organize a recurring household task, but the current arrangement is still workable.",Suggest discussing the alternative way to organize the household task and ask whether the older adult wants to consider changing the current arrangement.,bfba9f46610bdb3a,I found a simpler way to organize that recurring household task; would you like to talk about possibly changing our current arrangement?,True,True,True,True,Keeps suggestion to discuss an alternative and asks about changing; no new facts; natural.,False,False
cg_012,"The caregiver found a simpler way to organize a recurring household task, but the current arrangement is still workable.",Suggest discussing the alternative way to organize the household task and ask whether the older adult wants to consider changing the current arrangement.,d3176527ef1131a1,"There's a simpler way I came across to organize that task, and the way we do it now still works—do you want to consider switching to the new method?",True,True,True,True,Keeps suggestion to discuss an alternative and asks about changing; no new facts; natural.,True,True
cg_012,"The caregiver found a simpler way to organize a recurring household task, but the current arrangement is still workable.",Suggest discussing the alternative way to organize the household task and ask whether the older adult wants to consider changing the current arrangement.,ec6cad13e7f2df26,I discovered a simpler approach for organizing the recurring task; would you be open to discussing whether you'd like to change the current setup?,True,True,True,True,Keeps suggestion to discuss an alternative and asks about changing; no new facts; natural.,False,False
cg_012,"The caregiver found a simpler way to organize a recurring household task, but the current arrangement is still workable.",Suggest discussing the alternative way to organize the household task and ask whether the older adult wants to consider changing the current arrangement.,8a94d5b52b7adb0d,"I have a simpler idea for organizing that task, but the current arrangement is fine—would you like to talk about trying the new approach?",True,True,True,True,Keeps suggestion to discuss an alternative and asks about changing; no new facts; natural.,True,False
cg_012,"The caregiver found a simpler way to organize a recurring household task, but the current arrangement is still workable.",Suggest discussing the alternative way to organize the household task and ask whether the older adult wants to consider changing the current arrangement.,e768ac0c019a4946,I found a simpler way to handle that routine task; would you like to discuss whether we should change how we do it now?,True,True,True,True,Keeps suggestion to discuss an alternative and asks about changing; no new facts; natural.,True,False
cg_012,"The caregiver found a simpler way to organize a recurring household task, but the current arrangement is still workable.",Suggest discussing the alternative way to organize the household task and ask whether the older adult wants to consider changing the current arrangement.,4b0d77cd3d97c5a5,I came up with a simpler way to organize the recurring task; do you want to consider changing the current arrangement and talk it over?,True,True,True,True,Keeps suggestion to discuss an alternative and asks about changing; no new facts; natural.,False,False
cg_012,"The caregiver found a simpler way to organize a recurring household task, but the current arrangement is still workable.",Suggest discussing the alternative way to organize the household task and ask whether the older adult wants to consider changing the current arrangement.,160e195dafccb135,There’s a simpler option for organizing that task; would you be interested in discussing whether to change from our current setup?,True,True,True,True,Keeps suggestion to discuss an alternative and asks about changing; no new facts; natural.,True,False
cg_012,"The caregiver found a simpler way to organize a recurring household task, but the current arrangement is still workable.",Suggest discussing the alternative way to organize the household task and ask whether the older adult wants to consider changing the current arrangement.,7cb53bb4e4dd8bc8,I noticed a simpler way to organize that recurring chore—would you like to chat about possibly changing how we do it?,True,True,True,True,Keeps suggestion to discuss an alternative and asks about changing; no new facts; natural.,True,False
cg_012,"The caregiver found a simpler way to organize a recurring household task, but the current arrangement is still workable.",Suggest discussing the alternative way to organize the household task and ask whether the older adult wants to consider changing the current arrangement.,35f26e0efee4cfd3,"I found a simpler method for organizing that task; the current arrangement still works, but would you like to consider a change?",True,True,True,True,Keeps suggestion to discuss an alternative and asks about changing; no new facts; natural.,False,False
cg_012,"The caregiver found a simpler way to organize a recurring household task, but the current arrangement is still workable.",Suggest discussing the alternative way to organize the household task and ask whether the older adult wants to consider changing the current arrangement.,1fefdc980c1e0cd4,I have an idea for a simpler way to organize that regular task; would you like to discuss whether it’s worth changing our current arrangement?,True,True,True,True,Keeps suggestion to discuss an alternative and asks about changing; no new facts; natural.,True,True
cg_012,"The caregiver found a simpler way to organize a recurring household task, but the current arrangement is still workable.",Suggest discussing the alternative way to organize the household task and ask whether the older adult wants to consider changing the current arrangement.,3b70f5596c4f04c0,"I found a simpler way to organize that recurring task; if you want, we can talk about whether to change the current setup. Would you like that?",True,True,True,True,Keeps suggestion to discuss an alternative and asks about changing; no new facts; natural.,False,False
cg_012,"The caregiver found a simpler way to organize a recurring household task, but the current arrangement is still workable.",Suggest discussing the alternative way to organize the household task and ask whether the older adult wants to consider changing the current arrangement.,15ef4f9a670517e1,"I came across a simpler way to handle the recurring task, and our current system is still okay—do you want to talk about changing it?",True,True,True,True,Keeps suggestion to discuss an alternative and asks about changing; no new facts; natural.,True,True
cg_012,"The caregiver found a simpler way to organize a recurring household task, but the current arrangement is still workable.",Suggest discussing the alternative way to organize the household task and ask whether the older adult wants to consider changing the current arrangement.,cf85f29a405d27e6,I discovered a simpler organization for that task; would you be open to discussing whether you want to switch from the current arrangement?,True,True,True,True,Keeps suggestion to discuss an alternative and asks about changing; no new facts; natural.,True,True
cg_012,"The caregiver found a simpler way to organize a recurring household task, but the current arrangement is still workable.",Suggest discussing the alternative way to organize the household task and ask whether the older adult wants to consider changing the current arrangement.,3b6629047b522488,I found a simpler approach to our recurring task—would you like to go over it and decide if you want to change the current arrangement?,True,True,True,True,Keeps suggestion to discuss an alternative and asks about changing; no new facts; natural.,True,False
cg_012,"The caregiver found a simpler way to organize a recurring household task, but the current arrangement is still workable.",Suggest discussing the alternative way to organize the household task and ask whether the older adult wants to consider changing the current arrangement.,f217757e84e3bae7,I have a simpler idea for organizing that task; would you like to consider changing how we do it and talk it through?,True,True,True,True,Keeps suggestion to discuss an alternative and asks about changing; no new facts; natural.,True,False
cg_012,"The caregiver found a simpler way to organize a recurring household task, but the current arrangement is still workable.",Suggest discussing the alternative way to organize the household task and ask whether the older adult wants to consider changing the current arrangement.,7cacb9684112ad9d,I found a simpler way to organize that regular task; the present arrangement still works—would you want to discuss changing it?,True,True,True,True,Keeps suggestion to discuss an alternative and asks about changing; no new facts; natural.,True,False
cg_012,"The caregiver found a simpler way to organize a recurring household task, but the current arrangement is still workable.",Suggest discussing the alternative way to organize the household task and ask whether the older adult wants to consider changing the current arrangement.,93f0f6330a479598,I came across a simpler way to organize that household task; would you be willing to discuss whether you'd like to change our current arrangement?,True,True,True,True,Keeps suggestion to discuss an alternative and asks about changing; no new facts; natural.,True,False
cg_012,"The caregiver found a simpler way to organize a recurring household task, but the current arrangement is still workable.",Suggest discussing the alternative way to organize the household task and ask whether the older adult wants to consider changing the current arrangement.,ffecd642d47b9b7a,I have a simpler suggestion for organizing that recurring task; would you like to discuss whether to change the way we currently do it?,True,True,True,True,Keeps suggestion to discuss an alternative and asks about changing; no new facts; natural.,True,False
cg_012,"The caregiver found a simpler way to organize a recurring household task, but the current arrangement is still workable.",Suggest discussing the alternative way to organize the household task and ask whether the older adult wants to consider changing the current arrangement.,d0e1afd10d9ba7da,I found a simpler method for that recurring task; are you interested in discussing whether we should change the current arrangement?,True,True,True,True,Keeps suggestion to discuss an alternative and asks about changing; no new facts; natural.,False,False
cg_012,"The caregiver found a simpler way to organize a recurring household task, but the current arrangement is still workable.",Suggest discussing the alternative way to organize the household task and ask whether the older adult wants to consider changing the current arrangement.,90cf41886fb798d2,I discovered a simpler way to organize that task; would you like to talk about whether you'd prefer to change the current setup?,True,True,True,True,Keeps suggestion to discuss an alternative and asks about changing; no new facts; natural.,False,False
cg_012,"The caregiver found a simpler way to organize a recurring household task, but the current arrangement is still workable.",Suggest discussing the alternative way to organize the household task and ask whether the older adult wants to consider changing the current arrangement.,9ec3920f551bb532,"I found a simpler way to organize that routine task, though the current arrangement still works—do you want to discuss possibly switching?",True,True,True,True,Keeps suggestion to discuss an alternative and asks about changing; no new facts; natural.,True,False
cg_012,"The caregiver found a simpler way to organize a recurring household task, but the current arrangement is still workable.",Suggest discussing the alternative way to organize the household task and ask whether the older adult wants to consider changing the current arrangement.,8bd6c61a62acc235,I came up with a simpler organizational idea for that task; would you like to discuss if you want to change our current arrangement?,True,True,True,True,Keeps suggestion to discuss an alternative and asks about changing; no new facts; natural.,True,False
cg_012,"The caregiver found a simpler way to organize a recurring household task, but the current arrangement is still workable.",Suggest discussing the alternative way to organize the household task and ask whether the older adult wants to consider changing the current arrangement.,8a4c208f72741fbf,I have a simpler way to organize that recurring task; would you like to hear about it and consider changing the current setup?,True,True,True,True,Keeps suggestion to discuss an alternative and asks about changing; no new facts; natural.,True,False
cg_012,"The caregiver found a simpler way to organize a recurring household task, but the current arrangement is still workable.",Suggest discussing the alternative way to organize the household task and ask whether the older adult wants to consider changing the current arrangement.,9fce11893a4433ca,I found a simpler approach to organizing that task; would you like to discuss whether you want to change how we currently do it?,True,True,True,True,Keeps suggestion to discuss an alternative and asks about changing; no new facts; natural.,False,False
