user_id,query_id,query_index,condition,requested_k,actual_k,n_support,true_choice,pred_choice,correct,p_true,elicited_nll,elicited_brier,input_tokens,output_tokens,p_A,p_B,p_C,p_D
668,937c08477fec222113ae0834d2191e4b29a2bb93,0,query_only,0,0,13,2,2,1,0.45,0.7985076962177716,0.45000000000000007,524,49,0.05,0.15,0.45,0.35
668,937c08477fec222113ae0834d2191e4b29a2bb93,0,rag_1,1,1,13,2,2,1,0.6,0.5108256237659907,0.22980000000000003,628,49,0.03,0.2,0.6,0.17
668,937c08477fec222113ae0834d2191e4b29a2bb93,0,rag_3,3,3,13,2,2,1,0.6,0.5108256237659907,0.22500000000000003,847,49,0.05,0.2,0.6,0.15
668,937c08477fec222113ae0834d2191e4b29a2bb93,0,rag_5,5,5,13,2,2,1,0.55,0.5978370007556204,0.29,1045,49,0.05,0.25,0.55,0.15
668,937c08477fec222113ae0834d2191e4b29a2bb93,0,rag_10,10,10,13,2,2,1,0.6000000000000001,0.5108256237659905,0.23499999999999996,1795,49,0.05000000000000001,0.25000000000000006,0.6000000000000001,0.10000000000000002
668,937c08477fec222113ae0834d2191e4b29a2bb93,0,rag_all_support,-1,13,13,2,2,1,0.6,0.5108256237659907,0.22500000000000003,2150,49,0.05,0.2,0.6,0.15
590,5c928ee2c05277f7f6d48c548915a2f94068164e,5,query_only,0,0,15,0,0,1,0.9,0.10536051565782628,0.013599999999999996,533,49,0.9,0.02,0.04,0.04
590,5c928ee2c05277f7f6d48c548915a2f94068164e,5,rag_1,1,1,15,0,0,1,0.85,0.16251892949777494,0.03140000000000001,692,49,0.85,0.02,0.07,0.06
590,5c928ee2c05277f7f6d48c548915a2f94068164e,5,rag_3,3,3,15,0,0,1,0.85,0.16251892949777494,0.030600000000000006,1031,49,0.85,0.03,0.06,0.06
590,5c928ee2c05277f7f6d48c548915a2f94068164e,5,rag_5,5,5,15,0,0,1,0.85,0.16251892949777494,0.031400000000000004,1338,49,0.85,0.02,0.06,0.07
590,5c928ee2c05277f7f6d48c548915a2f94068164e,5,rag_10,10,10,15,0,0,1,0.8500000000000001,0.1625189294977748,0.03379999999999998,1992,49,0.8500000000000001,0.0,0.07000000000000002,0.08000000000000002
590,5c928ee2c05277f7f6d48c548915a2f94068164e,5,rag_all_support,-1,15,15,0,0,1,0.8500000000000001,0.1625189294977748,0.03379999999999998,2506,49,0.8500000000000001,0.0,0.07000000000000002,0.08000000000000002
59,74e90bd34b447a3fb5dbec4864125adcdaa51234,0,query_only,0,0,11,2,2,1,0.9,0.10536051565782628,0.013799999999999995,540,49,0.02,0.05,0.9,0.03
59,74e90bd34b447a3fb5dbec4864125adcdaa51234,0,rag_1,1,1,11,2,1,0,0.3,1.2039728043259361,0.8049999999999999,658,49,0.1,0.55,0.3,0.05
59,74e90bd34b447a3fb5dbec4864125adcdaa51234,0,rag_3,3,3,11,2,2,1,0.82,0.19845093872383832,0.04860000000000002,940,49,0.12,0.03,0.82,0.03
59,74e90bd34b447a3fb5dbec4864125adcdaa51234,0,rag_5,5,5,11,2,2,1,0.85,0.16251892949777494,0.03260000000000001,1136,49,0.06,0.08,0.85,0.01
59,74e90bd34b447a3fb5dbec4864125adcdaa51234,0,rag_10,10,10,11,2,2,1,0.65,0.4307829160924542,0.175,1662,49,0.1,0.2,0.65,0.05
59,74e90bd34b447a3fb5dbec4864125adcdaa51234,0,rag_all_support,-1,11,11,2,2,1,0.75,0.2876820724517809,0.09,1769,49,0.05,0.15,0.75,0.05
697,ecf87cce25368001fdfbdcdb33ebb8fbb4acf5d4,3,query_only,0,0,14,2,3,0,0.12,2.120263536200091,1.4178000000000002,462,49,0.05,0.03,0.12,0.8
697,ecf87cce25368001fdfbdcdb33ebb8fbb4acf5d4,3,rag_1,1,1,14,2,3,0,0.4,0.916290731874155,0.615,572,49,0.05,0.05,0.4,0.5
697,ecf87cce25368001fdfbdcdb33ebb8fbb4acf5d4,3,rag_3,3,3,14,2,3,0,0.4,0.916290731874155,0.6338,803,49,0.05,0.03,0.4,0.52
697,ecf87cce25368001fdfbdcdb33ebb8fbb4acf5d4,3,rag_5,5,5,14,2,3,0,0.45,0.7985076962177716,0.5538000000000001,1029,49,0.03,0.02,0.45,0.5
697,ecf87cce25368001fdfbdcdb33ebb8fbb4acf5d4,3,rag_10,10,10,14,2,3,0,0.45,0.7985076962177716,0.5354000000000001,1581,49,0.04,0.03,0.45,0.48
697,ecf87cce25368001fdfbdcdb33ebb8fbb4acf5d4,3,rag_all_support,-1,14,14,2,2,1,0.5,0.6931471805599453,0.43779999999999997,2141,49,0.05,0.02,0.5,0.43
826,95a24967de94e28d4874984164aea28f4ceedc03,2,query_only,0,0,7,1,2,0,0.27,1.3093333199837622,0.725,453,49,0.18,0.27,0.34,0.21
826,95a24967de94e28d4874984164aea28f4ceedc03,2,rag_1,1,1,7,1,1,1,0.5,0.6931471805599453,0.34500000000000003,570,49,0.15,0.5,0.25,0.1
826,95a24967de94e28d4874984164aea28f4ceedc03,2,rag_3,3,3,7,1,1,1,0.4,0.916290731874155,0.54,792,49,0.1,0.4,0.4,0.1
826,95a24967de94e28d4874984164aea28f4ceedc03,2,rag_5,5,5,7,1,1,1,0.4,0.916290731874155,0.5288,987,49,0.12,0.4,0.38,0.1
826,95a24967de94e28d4874984164aea28f4ceedc03,2,rag_10,10,7,7,1,1,1,0.4,0.916290731874155,0.54,1216,49,0.1,0.4,0.4,0.1
826,95a24967de94e28d4874984164aea28f4ceedc03,2,rag_all_support,-1,7,7,1,1,1,0.4,0.916290731874155,0.54,1216,49,0.1,0.4,0.4,0.1
462,1c7f6f2b5ded7ece04bd8fa7a05c8f1c27eb2487,3,query_only,0,0,11,1,0,0,0.10000000000000002,2.3025850929940455,1.3200000000000003,490,49,0.7000000000000001,0.10000000000000002,0.10000000000000002,0.10000000000000002
462,1c7f6f2b5ded7ece04bd8fa7a05c8f1c27eb2487,3,rag_1,1,1,11,1,0,0,0.05,2.995732273553991,1.4249999999999998,580,49,0.7,0.05,0.1,0.15
462,1c7f6f2b5ded7ece04bd8fa7a05c8f1c27eb2487,3,rag_3,3,3,11,1,0,0,0.1,2.3025850929940455,1.175,820,49,0.55,0.1,0.15,0.2
462,1c7f6f2b5ded7ece04bd8fa7a05c8f1c27eb2487,3,rag_5,5,5,11,1,0,0,0.05,2.995732273553991,1.29,1017,49,0.55,0.05,0.15,0.25
462,1c7f6f2b5ded7ece04bd8fa7a05c8f1c27eb2487,3,rag_10,10,10,11,1,0,0,0.05,2.995732273553991,1.4249999999999998,1643,49,0.7,0.05,0.1,0.15
462,1c7f6f2b5ded7ece04bd8fa7a05c8f1c27eb2487,3,rag_all_support,-1,11,11,1,0,0,0.05,2.995732273553991,1.4249999999999998,1838,49,0.7,0.05,0.1,0.15
942,4c3c1caa10de9847e9e81ff6eb26df2d836447dd,3,query_only,0,0,15,2,1,0,0.10000000000000002,2.3025850929940455,1.32,488,49,0.10000000000000002,0.7000000000000001,0.10000000000000002,0.10000000000000002
942,4c3c1caa10de9847e9e81ff6eb26df2d836447dd,3,rag_1,1,1,15,2,1,0,0.25,1.3862943611198906,0.855,593,49,0.2,0.5,0.25,0.05
942,4c3c1caa10de9847e9e81ff6eb26df2d836447dd,3,rag_3,3,3,15,2,1,0,0.3,1.2039728043259361,0.7816000000000001,810,49,0.14,0.52,0.3,0.04
942,4c3c1caa10de9847e9e81ff6eb26df2d836447dd,3,rag_5,5,5,15,2,1,0,0.35,1.0498221244986778,0.625,1008,49,0.2,0.4,0.35,0.05
942,4c3c1caa10de9847e9e81ff6eb26df2d836447dd,3,rag_10,10,10,15,2,1,0,0.25,1.3862943611198906,0.89,1624,49,0.15,0.55,0.25,0.05
942,4c3c1caa10de9847e9e81ff6eb26df2d836447dd,3,rag_all_support,-1,15,15,2,1,0,0.25,1.3862943611198906,0.855,2192,49,0.2,0.5,0.25,0.05
998,f45af2d12c645cdff43d4aa1e186ae157f0dc5c8,3,query_only,0,0,11,2,3,0,0.3,1.2039728043259361,0.8078000000000001,496,49,0.12,0.03,0.3,0.55
998,f45af2d12c645cdff43d4aa1e186ae157f0dc5c8,3,rag_1,1,1,11,2,1,0,0.05,2.995732273553991,1.4249999999999998,587,49,0.1,0.7,0.05,0.15
998,f45af2d12c645cdff43d4aa1e186ae157f0dc5c8,3,rag_3,3,3,11,2,3,0,0.35,1.0498221244986778,0.6500000000000001,789,49,0.15,0.05,0.35,0.45
998,f45af2d12c645cdff43d4aa1e186ae157f0dc5c8,3,rag_5,5,5,11,2,3,0,0.25,1.3862943611198906,0.855,1020,49,0.2,0.05,0.25,0.5
998,f45af2d12c645cdff43d4aa1e186ae157f0dc5c8,3,rag_10,10,10,11,2,3,0,0.35,1.0498221244986778,0.685,1549,49,0.1,0.05,0.35,0.5
998,f45af2d12c645cdff43d4aa1e186ae157f0dc5c8,3,rag_all_support,-1,11,11,2,3,0,0.3,1.2039728043259361,0.8049999999999999,1698,49,0.1,0.05,0.3,0.55
309,371ab72ed3565a47534862a94c52e03eb66cd475,1,query_only,0,0,7,0,0,1,0.7,0.35667494393873245,0.15380000000000005,633,49,0.7,0.25,0.03,0.02
309,371ab72ed3565a47534862a94c52e03eb66cd475,1,rag_1,1,1,7,0,0,1,0.7,0.35667494393873245,0.13500000000000004,801,49,0.7,0.2,0.05,0.05
309,371ab72ed3565a47534862a94c52e03eb66cd475,1,rag_3,3,3,7,0,0,1,0.7,0.35667494393873245,0.15380000000000005,1135,49,0.7,0.25,0.03,0.02
309,371ab72ed3565a47534862a94c52e03eb66cd475,1,rag_5,5,5,7,0,0,1,0.75,0.2876820724517809,0.1038,1499,49,0.75,0.2,0.03,0.02
309,371ab72ed3565a47534862a94c52e03eb66cd475,1,rag_10,10,7,7,0,0,1,0.7,0.35667494393873245,0.13500000000000004,1830,49,0.7,0.2,0.05,0.05
309,371ab72ed3565a47534862a94c52e03eb66cd475,1,rag_all_support,-1,7,7,0,0,1,0.7,0.35667494393873245,0.13500000000000004,1830,49,0.7,0.2,0.05,0.05
543,554aa6348034584bbb38c8dd496dc6982e832f88,1,query_only,0,0,14,3,1,0,0.09999999999999998,2.302585092994046,1.4549999999999996,474,49,0.04999999999999999,0.7999999999999998,0.04999999999999999,0.09999999999999998
543,554aa6348034584bbb38c8dd496dc6982e832f88,1,rag_1,1,1,14,3,1,0,0.15,1.8971199848858813,0.985,570,49,0.2,0.4,0.25,0.15
543,554aa6348034584bbb38c8dd496dc6982e832f88,1,rag_3,3,3,14,3,1,0,0.25,1.3862943611198906,0.7849999999999999,785,49,0.1,0.35,0.3,0.25
543,554aa6348034584bbb38c8dd496dc6982e832f88,1,rag_5,5,5,14,3,2,0,0.25,1.3862943611198906,0.755,999,49,0.25,0.2,0.3,0.25
543,554aa6348034584bbb38c8dd496dc6982e832f88,1,rag_10,10,10,14,3,1,0,0.2,1.6094379124341003,0.9000000000000001,1563,49,0.1,0.4,0.3,0.2
543,554aa6348034584bbb38c8dd496dc6982e832f88,1,rag_all_support,-1,14,14,3,1,0,0.10000000000000002,2.3025850929940455,1.2200000000000002,2024,49,0.10000000000000002,0.6000000000000001,0.20000000000000004,0.10000000000000002
670,363d3d7f8f181d401298c9b273b2acb87b117374,1,query_only,0,0,12,3,0,0,0.10000000000000002,2.3025850929940455,1.3200000000000003,495,49,0.7000000000000001,0.10000000000000002,0.10000000000000002,0.10000000000000002
670,363d3d7f8f181d401298c9b273b2acb87b117374,1,rag_1,1,1,12,3,3,1,0.6,0.5108256237659907,0.255,594,49,0.05,0.05,0.3,0.6
670,363d3d7f8f181d401298c9b273b2acb87b117374,1,rag_3,3,3,12,3,3,1,0.45,0.7985076962177716,0.44500000000000006,781,49,0.1,0.1,0.35,0.45
670,363d3d7f8f181d401298c9b273b2acb87b117374,1,rag_5,5,5,12,3,3,1,0.55,0.5978370007556204,0.285,999,49,0.1,0.1,0.25,0.55
670,363d3d7f8f181d401298c9b273b2acb87b117374,1,rag_10,10,10,12,3,3,1,0.5,0.6931471805599453,0.385,1608,49,0.1,0.05,0.35,0.5
670,363d3d7f8f181d401298c9b273b2acb87b117374,1,rag_all_support,-1,12,12,3,3,1,0.7,0.35667494393873245,0.12500000000000003,1923,49,0.1,0.05,0.15,0.7
298,f1ba138bc68a07bd651979735007b19284b3668d,1,query_only,0,0,7,0,2,0,0.05,2.995732273553991,1.39,529,49,0.05,0.25,0.65,0.05
298,f1ba138bc68a07bd651979735007b19284b3668d,1,rag_1,1,1,7,0,3,0,0.08,2.5257286443082556,1.2608000000000001,716,49,0.08,0.12,0.2,0.6
298,f1ba138bc68a07bd651979735007b19284b3668d,1,rag_3,3,3,7,0,3,0,0.12,2.120263536200091,1.1318,999,49,0.12,0.15,0.18,0.55
298,f1ba138bc68a07bd651979735007b19284b3668d,1,rag_5,5,5,7,0,3,0,0.1,2.3025850929940455,1.185,1332,49,0.1,0.1,0.25,0.55
298,f1ba138bc68a07bd651979735007b19284b3668d,1,rag_10,10,7,7,0,3,0,0.1,2.3025850929940455,1.2200000000000002,1641,49,0.1,0.1,0.2,0.6
298,f1ba138bc68a07bd651979735007b19284b3668d,1,rag_all_support,-1,7,7,0,3,0,0.1,2.3025850929940455,1.2200000000000002,1641,49,0.1,0.1,0.2,0.6
208,12d91f3442693ede2087a77cb5c47ab47491215f,1,query_only,0,0,7,2,2,1,0.5,0.6931471805599453,0.345,455,49,0.1,0.15,0.5,0.25
208,12d91f3442693ede2087a77cb5c47ab47491215f,1,rag_1,1,1,7,2,2,1,0.5,0.6931471805599453,0.34500000000000003,574,49,0.25,0.1,0.5,0.15
208,12d91f3442693ede2087a77cb5c47ab47491215f,1,rag_3,3,3,7,2,2,1,0.5,0.6931471805599453,0.335,824,49,0.15,0.2,0.5,0.15
208,12d91f3442693ede2087a77cb5c47ab47491215f,1,rag_5,5,5,7,2,2,1,0.4,0.916290731874155,0.4838,1057,49,0.18,0.17,0.4,0.25
208,12d91f3442693ede2087a77cb5c47ab47491215f,1,rag_10,10,7,7,2,2,1,0.6,0.5108256237659907,0.22500000000000003,1353,49,0.05,0.2,0.6,0.15
208,12d91f3442693ede2087a77cb5c47ab47491215f,1,rag_all_support,-1,7,7,2,2,1,0.6,0.5108256237659907,0.22500000000000003,1353,49,0.05,0.2,0.6,0.15
215,063d838aad0107fca0f353f88190f9957bc2bfdc,0,query_only,0,0,9,2,2,1,0.7,0.35667494393873245,0.12500000000000003,587,49,0.05,0.1,0.7,0.15
215,063d838aad0107fca0f353f88190f9957bc2bfdc,0,rag_1,1,1,9,2,2,1,0.5000000000000001,0.6931471805599451,0.3849999999999999,786,49,0.05000000000000001,0.35000000000000003,0.5000000000000001,0.10000000000000002
215,063d838aad0107fca0f353f88190f9957bc2bfdc,0,rag_3,3,3,9,2,2,1,0.6,0.5108256237659907,0.23980000000000004,1133,49,0.02,0.25,0.6,0.13
215,063d838aad0107fca0f353f88190f9957bc2bfdc,0,rag_5,5,5,9,2,2,1,0.65,0.4307829160924542,0.1818,1386,49,0.03,0.22,0.65,0.1
215,063d838aad0107fca0f353f88190f9957bc2bfdc,0,rag_10,10,9,9,2,2,1,0.75,0.2876820724517809,0.08499999999999999,1837,49,0.05,0.1,0.75,0.1
215,063d838aad0107fca0f353f88190f9957bc2bfdc,0,rag_all_support,-1,9,9,2,2,1,0.75,0.2876820724517809,0.08499999999999999,1837,49,0.05,0.1,0.75,0.1
72,39fc84d6f94c707c58057cc0d72dd778c217278e,3,query_only,0,0,19,2,0,0,0.15,1.8971199848858813,1.2249999999999999,448,49,0.7,0.05,0.15,0.1
72,39fc84d6f94c707c58057cc0d72dd778c217278e,3,rag_1,1,1,19,2,0,0,0.2,1.6094379124341003,1.0250000000000001,564,49,0.6,0.05,0.2,0.15
72,39fc84d6f94c707c58057cc0d72dd778c217278e,3,rag_3,3,3,19,2,0,0,0.2,1.6094379124341003,1.0250000000000001,783,49,0.6,0.05,0.2,0.15
72,39fc84d6f94c707c58057cc0d72dd778c217278e,3,rag_5,5,5,19,2,0,0,0.15,1.8971199848858813,1.2249999999999999,1050,49,0.7,0.05,0.15,0.1
72,39fc84d6f94c707c58057cc0d72dd778c217278e,3,rag_10,10,10,19,2,0,0,0.15,1.8971199848858813,1.2249999999999999,1679,49,0.7,0.05,0.15,0.1
72,39fc84d6f94c707c58057cc0d72dd778c217278e,3,rag_all_support,-1,19,19,2,0,0,0.15,1.8971199848858813,1.2249999999999999,2988,49,0.7,0.05,0.15,0.1
948,3050d23b078cb4a779e0438d0ef7bd1cdc5d982f,1,query_only,0,0,7,2,3,0,0.1,2.3025850929940455,1.32,504,49,0.1,0.1,0.1,0.7
948,3050d23b078cb4a779e0438d0ef7bd1cdc5d982f,1,rag_1,1,1,7,2,0,0,0.2,1.6094379124341003,1.0750000000000002,628,49,0.65,0.1,0.2,0.05
948,3050d23b078cb4a779e0438d0ef7bd1cdc5d982f,1,rag_3,3,3,7,2,0,0,0.20000000000000004,1.6094379124341003,1.02,831,49,0.6000000000000001,0.10000000000000002,0.20000000000000004,0.10000000000000002
948,3050d23b078cb4a779e0438d0ef7bd1cdc5d982f,1,rag_5,5,5,7,2,0,0,0.2,1.6094379124341003,1.135,1002,49,0.7,0.05,0.2,0.05
948,3050d23b078cb4a779e0438d0ef7bd1cdc5d982f,1,rag_10,10,7,7,2,0,0,0.20000000000000004,1.6094379124341003,1.02,1222,49,0.6000000000000001,0.10000000000000002,0.20000000000000004,0.10000000000000002
948,3050d23b078cb4a779e0438d0ef7bd1cdc5d982f,1,rag_all_support,-1,7,7,2,0,0,0.20000000000000004,1.6094379124341003,1.02,1222,49,0.6000000000000001,0.10000000000000002,0.20000000000000004,0.10000000000000002
521,91bb7f7d68cfe1b18da22afdebd979a3864c7051,4,query_only,0,0,14,3,0,0,0.25,1.3862943611198906,0.935,429,49,0.6,0.05,0.1,0.25
521,91bb7f7d68cfe1b18da22afdebd979a3864c7051,4,rag_1,1,1,14,3,3,1,0.55,0.5978370007556204,0.2899999999999999,511,49,0.15,0.05,0.25,0.55
521,91bb7f7d68cfe1b18da22afdebd979a3864c7051,4,rag_3,3,3,14,3,2,0,0.25,1.3862943611198906,0.935,738,49,0.1,0.05,0.6,0.25
521,91bb7f7d68cfe1b18da22afdebd979a3864c7051,4,rag_5,5,5,14,3,2,0,0.1,2.3025850929940455,1.455,979,49,0.05,0.05,0.8,0.1
521,91bb7f7d68cfe1b18da22afdebd979a3864c7051,4,rag_10,10,10,14,3,2,0,0.4,0.916290731874155,0.615,1517,49,0.05,0.05,0.5,0.4
521,91bb7f7d68cfe1b18da22afdebd979a3864c7051,4,rag_all_support,-1,14,14,3,2,0,0.3,1.2039728043259361,0.855,1972,49,0.05,0.05,0.6,0.3
764,12ad1f646c5b0532282e04ac06520f595265c9f3,0,query_only,0,0,13,1,1,1,0.85,0.16251892949777494,0.03380000000000001,524,49,0.02,0.85,0.03,0.1
764,12ad1f646c5b0532282e04ac06520f595265c9f3,0,rag_1,1,1,13,1,1,1,0.88,0.12783337150988489,0.0206,729,49,0.01,0.88,0.05,0.06
764,12ad1f646c5b0532282e04ac06520f595265c9f3,0,rag_3,3,3,13,1,1,1,0.9,0.10536051565782628,0.014199999999999996,1079,49,0.01,0.9,0.04,0.05
764,12ad1f646c5b0532282e04ac06520f595265c9f3,0,rag_5,5,5,13,1,1,1,0.85,0.16251892949777494,0.03500000000000001,1285,49,0.0,0.85,0.05,0.1
764,12ad1f646c5b0532282e04ac06520f595265c9f3,0,rag_10,10,10,13,1,1,1,0.85,0.16251892949777494,0.030000000000000013,1767,49,0.05,0.85,0.05,0.05
764,12ad1f646c5b0532282e04ac06520f595265c9f3,0,rag_all_support,-1,13,13,1,1,1,0.9,0.10536051565782628,0.013799999999999995,2104,49,0.02,0.9,0.05,0.03
86,6e9a421cdd4ace13a8ad315c5d468025c0781a85,5,query_only,0,0,17,1,2,0,0.25000000000000006,1.3862943611198904,0.81,395,49,0.05000000000000001,0.25000000000000006,0.35000000000000003,0.35000000000000003
86,6e9a421cdd4ace13a8ad315c5d468025c0781a85,5,rag_1,1,1,17,1,2,0,0.25,1.3862943611198906,0.83,481,49,0.05,0.25,0.45,0.25
86,6e9a421cdd4ace13a8ad315c5d468025c0781a85,5,rag_3,3,3,17,1,2,0,0.3,1.2039728043259361,0.715,700,49,0.05,0.3,0.4,0.25
86,6e9a421cdd4ace13a8ad315c5d468025c0781a85,5,rag_5,5,5,17,1,2,0,0.25,1.3862943611198906,0.83,942,49,0.05,0.25,0.45,0.25
86,6e9a421cdd4ace13a8ad315c5d468025c0781a85,5,rag_10,10,10,17,1,2,0,0.25,1.3862943611198906,0.855,1541,49,0.05,0.25,0.5,0.2
86,6e9a421cdd4ace13a8ad315c5d468025c0781a85,5,rag_all_support,-1,17,17,1,2,0,0.25,1.3862943611198906,0.855,2429,49,0.05,0.25,0.5,0.2
643,0941ee2f88ec4fc0d3737d7383d1f22b8e9eee8f,0,query_only,0,0,17,1,3,0,0.1,2.3025850929940455,1.385,447,49,0.1,0.1,0.05,0.75
643,0941ee2f88ec4fc0d3737d7383d1f22b8e9eee8f,0,rag_1,1,1,17,1,3,0,0.25,1.3862943611198906,0.785,548,49,0.15,0.25,0.2,0.4
643,0941ee2f88ec4fc0d3737d7383d1f22b8e9eee8f,0,rag_3,3,3,17,1,3,0,0.2,1.6094379124341003,0.9150000000000001,742,49,0.1,0.2,0.25,0.45
643,0941ee2f88ec4fc0d3737d7383d1f22b8e9eee8f,0,rag_5,5,5,17,1,3,0,0.3,1.2039728043259361,0.7649999999999999,1027,49,0.05,0.3,0.15,0.5
643,0941ee2f88ec4fc0d3737d7383d1f22b8e9eee8f,0,rag_10,10,10,17,1,3,0,0.28,1.2729656758128873,0.7328,1623,49,0.12,0.28,0.2,0.4
643,0941ee2f88ec4fc0d3737d7383d1f22b8e9eee8f,0,rag_all_support,-1,17,17,1,3,0,0.3,1.2039728043259361,0.7,2526,49,0.1,0.3,0.2,0.4
158,689995c20cb1a50524c74d15c67d9b7605b310f4,0,query_only,0,0,9,1,2,0,0.18,1.7147984280919266,0.9224000000000001,445,49,0.18,0.18,0.4,0.24
158,689995c20cb1a50524c74d15c67d9b7605b310f4,0,rag_1,1,1,9,1,2,0,0.15,1.8971199848858813,1.005,543,49,0.2,0.15,0.45,0.2
158,689995c20cb1a50524c74d15c67d9b7605b310f4,0,rag_3,3,3,9,1,2,0,0.22,1.5141277326297755,0.8408000000000001,744,49,0.18,0.22,0.4,0.2
158,689995c20cb1a50524c74d15c67d9b7605b310f4,0,rag_5,5,5,9,1,2,0,0.2,1.6094379124341003,0.9400000000000002,962,49,0.1,0.2,0.5,0.2
158,689995c20cb1a50524c74d15c67d9b7605b310f4,0,rag_10,10,9,9,1,2,0,0.25,1.3862943611198906,0.785,1433,49,0.15,0.25,0.4,0.2
158,689995c20cb1a50524c74d15c67d9b7605b310f4,0,rag_all_support,-1,9,9,1,2,0,0.25,1.3862943611198906,0.785,1433,49,0.15,0.25,0.4,0.2
310,00ed0764f3a398fe9da5f91442e01c0b460d7414,1,query_only,0,0,9,0,0,1,0.45,0.7985076962177716,0.4250000000000001,703,49,0.45,0.3,0.1,0.15
310,00ed0764f3a398fe9da5f91442e01c0b460d7414,1,rag_1,1,1,9,0,0,1,0.7,0.35667494393873245,0.13500000000000004,862,49,0.7,0.05,0.05,0.2
310,00ed0764f3a398fe9da5f91442e01c0b460d7414,1,rag_3,3,3,9,0,0,1,0.55,0.5978370007556204,0.27499999999999997,1242,49,0.55,0.1,0.15,0.2
310,00ed0764f3a398fe9da5f91442e01c0b460d7414,1,rag_5,5,5,9,0,0,1,0.7,0.35667494393873245,0.13500000000000004,1720,49,0.7,0.05,0.05,0.2
310,00ed0764f3a398fe9da5f91442e01c0b460d7414,1,rag_10,10,9,9,0,0,1,0.4,0.916290731874155,0.515,2410,49,0.4,0.15,0.1,0.35
310,00ed0764f3a398fe9da5f91442e01c0b460d7414,1,rag_all_support,-1,9,9,0,0,1,0.4,0.916290731874155,0.515,2410,49,0.4,0.15,0.1,0.35
977,863984a416f9a0fe5b9f4416fc00ce19a5e3580c,1,query_only,0,0,5,1,0,0,0.05,2.995732273553991,1.4849999999999999,526,49,0.75,0.05,0.1,0.1
977,863984a416f9a0fe5b9f4416fc00ce19a5e3580c,1,rag_1,1,1,5,1,0,0,0.15,1.8971199848858813,1.3638,632,49,0.8,0.15,0.03,0.02
977,863984a416f9a0fe5b9f4416fc00ce19a5e3580c,1,rag_3,3,3,5,1,1,1,0.7999999999999998,0.22314355131421,0.05500000000000006,1021,49,0.04999999999999999,0.7999999999999998,0.04999999999999999,0.09999999999999998
977,863984a416f9a0fe5b9f4416fc00ce19a5e3580c,1,rag_5,5,5,5,1,1,1,0.7000000000000001,0.3566749439387323,0.11999999999999998,1251,49,0.10000000000000002,0.7000000000000001,0.10000000000000002,0.10000000000000002
977,863984a416f9a0fe5b9f4416fc00ce19a5e3580c,1,rag_10,10,5,5,1,1,1,0.7000000000000001,0.3566749439387323,0.11999999999999998,1251,49,0.10000000000000002,0.7000000000000001,0.10000000000000002,0.10000000000000002
977,863984a416f9a0fe5b9f4416fc00ce19a5e3580c,1,rag_all_support,-1,5,5,1,1,1,0.7000000000000001,0.3566749439387323,0.11999999999999998,1251,49,0.10000000000000002,0.7000000000000001,0.10000000000000002,0.10000000000000002
436,bb7acf72e83c84cb4975c6552d84a6e5b9067d42,3,query_only,0,0,13,3,0,0,0.10000000000000002,2.3025850929940455,1.3200000000000003,464,49,0.7000000000000001,0.10000000000000002,0.10000000000000002,0.10000000000000002
436,bb7acf72e83c84cb4975c6552d84a6e5b9067d42,3,rag_1,1,1,13,3,2,0,0.15,1.8971199848858813,1.1149999999999998,586,49,0.15,0.1,0.6,0.15
436,bb7acf72e83c84cb4975c6552d84a6e5b9067d42,3,rag_3,3,3,13,3,2,0,0.25,1.3862943611198906,0.935,794,49,0.1,0.05,0.6,0.25
436,bb7acf72e83c84cb4975c6552d84a6e5b9067d42,3,rag_5,5,5,13,3,2,0,0.2,1.6094379124341003,0.9750000000000002,1005,49,0.15,0.1,0.55,0.2
436,bb7acf72e83c84cb4975c6552d84a6e5b9067d42,3,rag_10,10,10,13,3,2,0,0.3,1.2039728043259361,0.725,1537,49,0.1,0.15,0.45,0.3
436,bb7acf72e83c84cb4975c6552d84a6e5b9067d42,3,rag_all_support,-1,13,13,3,2,0,0.35,1.0498221244986778,0.6150000000000001,1892,49,0.1,0.15,0.4,0.35
583,d352c4600007adb9cef13a89507dfdd5beac7772,6,query_only,0,0,15,0,3,0,0.05,2.995732273553991,1.63,410,49,0.05,0.05,0.05,0.85
583,d352c4600007adb9cef13a89507dfdd5beac7772,6,rag_1,1,1,15,0,0,1,0.7,0.35667494393873245,0.12500000000000003,523,49,0.7,0.1,0.05,0.15
583,d352c4600007adb9cef13a89507dfdd5beac7772,6,rag_3,3,3,15,0,0,1,0.7,0.35667494393873245,0.13500000000000004,712,49,0.7,0.05,0.05,0.2
583,d352c4600007adb9cef13a89507dfdd5beac7772,6,rag_5,5,5,15,0,0,1,0.7,0.35667494393873245,0.13500000000000004,923,49,0.7,0.05,0.05,0.2
583,d352c4600007adb9cef13a89507dfdd5beac7772,6,rag_10,10,10,15,0,0,1,0.7,0.35667494393873245,0.13500000000000004,1535,49,0.7,0.05,0.05,0.2
583,d352c4600007adb9cef13a89507dfdd5beac7772,6,rag_all_support,-1,15,15,0,0,1,0.6,0.5108256237659907,0.22500000000000003,2125,49,0.6,0.15,0.05,0.2
429,2e90af2a8e60b398328f51296cb32023f1a66221,2,query_only,0,0,19,3,2,0,0.05,2.995732273553991,1.5550000000000002,460,49,0.1,0.05,0.8,0.05
429,2e90af2a8e60b398328f51296cb32023f1a66221,2,rag_1,1,1,19,3,2,0,0.05,2.995732273553991,1.5550000000000002,556,49,0.05,0.1,0.8,0.05
429,2e90af2a8e60b398328f51296cb32023f1a66221,2,rag_3,3,3,19,3,0,0,0.05,2.995732273553991,1.435,729,49,0.7,0.05,0.2,0.05
429,2e90af2a8e60b398328f51296cb32023f1a66221,2,rag_5,5,5,19,3,0,0,0.05,2.995732273553991,1.3050000000000002,951,49,0.55,0.1,0.3,0.05
429,2e90af2a8e60b398328f51296cb32023f1a66221,2,rag_10,10,10,19,3,0,0,0.1,2.3025850929940455,1.235,1682,49,0.6,0.05,0.25,0.1
429,2e90af2a8e60b398328f51296cb32023f1a66221,2,rag_all_support,-1,19,19,3,0,0,0.05,2.995732273553991,1.4249999999999998,2713,49,0.7,0.1,0.15,0.05
55,e921f8b24f6f46fcec008aad501a9889203c11af,2,query_only,0,0,16,2,3,0,0.1,2.3025850929940455,1.125,389,49,0.3,0.15,0.1,0.45
55,e921f8b24f6f46fcec008aad501a9889203c11af,2,rag_1,1,1,16,2,3,0,0.1,2.3025850929940455,1.1600000000000001,484,49,0.3,0.1,0.1,0.5
55,e921f8b24f6f46fcec008aad501a9889203c11af,2,rag_3,3,3,16,2,0,0,0.1,2.3025850929940455,1.185,679,49,0.55,0.1,0.1,0.25
55,e921f8b24f6f46fcec008aad501a9889203c11af,2,rag_5,5,5,16,2,0,0,0.1,2.3025850929940455,1.185,939,49,0.55,0.1,0.1,0.25
55,e921f8b24f6f46fcec008aad501a9889203c11af,2,rag_10,10,10,16,2,0,0,0.3,1.2039728043259361,0.6849999999999999,1556,49,0.35,0.1,0.3,0.25
55,e921f8b24f6f46fcec008aad501a9889203c11af,2,rag_all_support,-1,16,16,2,0,0,0.2,1.6094379124341003,0.9000000000000001,2614,49,0.4,0.1,0.2,0.3
893,4ad1a77e3830b9794d5ef51f29cd2058efe6266d,2,query_only,0,0,13,1,0,0,0.3999999999999999,0.9162907318741553,0.575,462,49,0.4499999999999999,0.3999999999999999,0.04999999999999999,0.09999999999999998
893,4ad1a77e3830b9794d5ef51f29cd2058efe6266d,2,rag_1,1,1,13,1,1,1,0.55,0.5978370007556204,0.29,600,49,0.25,0.55,0.05,0.15
893,4ad1a77e3830b9794d5ef51f29cd2058efe6266d,2,rag_3,3,3,13,1,0,0,0.35,1.0498221244986778,0.6499999999999999,806,49,0.45,0.35,0.05,0.15
893,4ad1a77e3830b9794d5ef51f29cd2058efe6266d,2,rag_5,5,5,13,1,0,0,0.35,1.0498221244986778,0.685,1009,49,0.5,0.35,0.05,0.1
893,4ad1a77e3830b9794d5ef51f29cd2058efe6266d,2,rag_10,10,10,13,1,1,1,0.7,0.35667494393873245,0.12380000000000002,1647,49,0.12,0.7,0.05,0.13
893,4ad1a77e3830b9794d5ef51f29cd2058efe6266d,2,rag_all_support,-1,13,13,1,1,1,0.55,0.5978370007556204,0.29,2121,49,0.25,0.55,0.05,0.15
281,05d0edb0a5e1188b4b690450c78d6ce6ca96c0fb,0,query_only,0,0,4,1,3,0,0.12,2.120263536200091,1.2127999999999999,892,49,0.12,0.12,0.12,0.64
281,05d0edb0a5e1188b4b690450c78d6ce6ca96c0fb,0,rag_1,1,1,4,1,0,0,0.1,2.3025850929940455,1.325,1140,49,0.7,0.1,0.05,0.15
281,05d0edb0a5e1188b4b690450c78d6ce6ca96c0fb,0,rag_3,3,3,4,1,1,1,0.45,0.7985076962177716,0.43000000000000005,1348,49,0.25,0.45,0.05,0.25
281,05d0edb0a5e1188b4b690450c78d6ce6ca96c0fb,0,rag_5,5,4,4,1,3,0,0.15,1.8971199848858813,1.1149999999999998,1540,49,0.15,0.15,0.1,0.6
281,05d0edb0a5e1188b4b690450c78d6ce6ca96c0fb,0,rag_10,10,4,4,1,3,0,0.15,1.8971199848858813,1.1149999999999998,1540,49,0.15,0.15,0.1,0.6
281,05d0edb0a5e1188b4b690450c78d6ce6ca96c0fb,0,rag_all_support,-1,4,4,1,3,0,0.15,1.8971199848858813,1.1149999999999998,1540,49,0.15,0.15,0.1,0.6
650,49b8e6878b1d9b7328dca49b48afa5884993022d,6,query_only,0,0,16,1,1,1,0.55,0.5978370007556204,0.32999999999999996,609,49,0.05,0.55,0.35,0.05
650,49b8e6878b1d9b7328dca49b48afa5884993022d,6,rag_1,1,1,16,1,1,1,0.6,0.5108256237659907,0.25500000000000006,766,49,0.05,0.6,0.3,0.05
650,49b8e6878b1d9b7328dca49b48afa5884993022d,6,rag_3,3,3,16,1,1,1,0.62,0.4780358009429998,0.22460000000000002,1063,49,0.08,0.62,0.27,0.03
650,49b8e6878b1d9b7328dca49b48afa5884993022d,6,rag_5,5,5,16,1,1,1,0.7,0.35667494393873245,0.13500000000000004,1296,49,0.05,0.7,0.2,0.05
650,49b8e6878b1d9b7328dca49b48afa5884993022d,6,rag_10,10,10,16,1,1,1,0.6,0.5108256237659907,0.25500000000000006,1847,49,0.05,0.6,0.3,0.05
650,49b8e6878b1d9b7328dca49b48afa5884993022d,6,rag_all_support,-1,16,16,1,1,1,0.7,0.35667494393873245,0.13500000000000004,2484,49,0.05,0.7,0.2,0.05
716,5810c7f0edf3eda0e396c74ed0e38fee4da2df03,3,query_only,0,0,13,3,1,0,0.2,1.6094379124341003,1.02,493,49,0.1,0.6,0.1,0.2
716,5810c7f0edf3eda0e396c74ed0e38fee4da2df03,3,rag_1,1,1,13,3,1,0,0.2,1.6094379124341003,1.0738000000000003,608,49,0.07,0.65,0.08,0.2
716,5810c7f0edf3eda0e396c74ed0e38fee4da2df03,3,rag_3,3,3,13,3,1,0,0.2,1.6094379124341003,1.02,822,49,0.1,0.6,0.1,0.2
716,5810c7f0edf3eda0e396c74ed0e38fee4da2df03,3,rag_5,5,5,13,3,1,0,0.3,1.2039728043259361,0.7607999999999999,1026,49,0.12,0.5,0.08,0.3
716,5810c7f0edf3eda0e396c74ed0e38fee4da2df03,3,rag_10,10,10,13,3,1,0,0.3,1.2039728043259361,0.8049999999999999,1525,49,0.05,0.55,0.1,0.3
716,5810c7f0edf3eda0e396c74ed0e38fee4da2df03,3,rag_all_support,-1,13,13,3,1,0,0.2,1.6094379124341003,1.0208000000000002,1950,49,0.08,0.6,0.12,0.2
626,bc64526b2f1d66be7b56f0379bc41dc47b176808,6,query_only,0,0,13,1,1,1,0.55,0.5978370007556204,0.32999999999999996,507,49,0.05,0.55,0.35,0.05
626,bc64526b2f1d66be7b56f0379bc41dc47b176808,6,rag_1,1,1,13,1,1,1,0.85,0.16251892949777494,0.03180000000000001,659,49,0.05,0.85,0.08,0.02
626,bc64526b2f1d66be7b56f0379bc41dc47b176808,6,rag_3,3,3,13,1,1,1,0.85,0.16251892949777494,0.03080000000000001,915,49,0.05,0.85,0.07,0.03
626,bc64526b2f1d66be7b56f0379bc41dc47b176808,6,rag_5,5,5,13,1,1,1,0.85,0.16251892949777494,0.03500000000000001,1148,49,0.05,0.85,0.1,0.0
626,bc64526b2f1d66be7b56f0379bc41dc47b176808,6,rag_10,10,10,13,1,1,1,0.75,0.2876820724517809,0.0978,1690,49,0.05,0.75,0.18,0.02
626,bc64526b2f1d66be7b56f0379bc41dc47b176808,6,rag_all_support,-1,13,13,1,1,1,0.75,0.2876820724517809,0.09,2049,49,0.05,0.75,0.15,0.05
168,90231c9254550d339061b69174024699d21bd9f3,3,query_only,0,0,15,0,3,0,0.2,1.6094379124341003,0.9050000000000001,429,49,0.2,0.2,0.15,0.45
168,90231c9254550d339061b69174024699d21bd9f3,3,rag_1,1,1,15,0,1,0,0.25,1.3862943611198906,0.7649999999999999,519,49,0.25,0.3,0.15,0.3
168,90231c9254550d339061b69174024699d21bd9f3,3,rag_3,3,3,15,0,1,0,0.3,1.2039728043259361,0.7049999999999998,696,49,0.3,0.35,0.05,0.3
168,90231c9254550d339061b69174024699d21bd9f3,3,rag_5,5,5,15,0,3,0,0.25,1.3862943611198906,0.8150000000000001,891,49,0.25,0.2,0.1,0.45
168,90231c9254550d339061b69174024699d21bd9f3,3,rag_10,10,10,15,0,1,0,0.2,1.6094379124341003,0.895,1399,49,0.2,0.35,0.1,0.35
168,90231c9254550d339061b69174024699d21bd9f3,3,rag_all_support,-1,15,15,0,1,0,0.2,1.6094379124341003,0.9150000000000001,2207,49,0.2,0.45,0.1,0.25
23,8530124db9ccb88cf0110c3091ee3b0717ba9e49,2,query_only,0,0,15,2,2,1,0.45,0.7985076962177716,0.41180000000000005,471,49,0.18,0.12,0.45,0.25
23,8530124db9ccb88cf0110c3091ee3b0717ba9e49,2,rag_1,1,1,15,2,2,1,0.6000000000000001,0.5108256237659905,0.23499999999999996,564,49,0.25000000000000006,0.05000000000000001,0.6000000000000001,0.10000000000000002
23,8530124db9ccb88cf0110c3091ee3b0717ba9e49,2,rag_3,3,3,15,2,2,1,0.45,0.7985076962177716,0.4250000000000001,755,49,0.3,0.1,0.45,0.15
23,8530124db9ccb88cf0110c3091ee3b0717ba9e49,2,rag_5,5,5,15,2,0,0,0.35,1.0498221244986778,0.645,958,49,0.45,0.1,0.35,0.1
23,8530124db9ccb88cf0110c3091ee3b0717ba9e49,2,rag_10,10,10,15,2,0,0,0.29999999999999993,1.2039728043259361,0.805,1484,49,0.5499999999999999,0.04999999999999999,0.29999999999999993,0.09999999999999998
23,8530124db9ccb88cf0110c3091ee3b0717ba9e49,2,rag_all_support,-1,15,15,2,1,0,0.25,1.3862943611198906,0.845,2113,49,0.1,0.5,0.25,0.15
199,23a3cad858a182d6029ee633b83e178a86b9d1c7,0,query_only,0,0,7,0,1,0,0.05,2.995732273553991,1.7137999999999998,432,49,0.05,0.9,0.02,0.03
199,23a3cad858a182d6029ee633b83e178a86b9d1c7,0,rag_1,1,1,7,0,0,1,0.75,0.2876820724517809,0.12014999999999999,529,49,0.75,0.24,0.005,0.005
199,23a3cad858a182d6029ee633b83e178a86b9d1c7,0,rag_3,3,3,7,0,0,1,0.72,0.3285040669720361,0.14140000000000003,768,49,0.72,0.25,0.01,0.02
199,23a3cad858a182d6029ee633b83e178a86b9d1c7,0,rag_5,5,5,7,0,0,1,0.72,0.3285040669720361,0.1462,952,49,0.72,0.26,0.01,0.01
199,23a3cad858a182d6029ee633b83e178a86b9d1c7,0,rag_10,10,7,7,0,0,1,0.75,0.2876820724517809,0.11560000000000001,1273,49,0.75,0.23,0.01,0.01
199,23a3cad858a182d6029ee633b83e178a86b9d1c7,0,rag_all_support,-1,7,7,0,0,1,0.75,0.2876820724517809,0.11560000000000001,1273,49,0.75,0.23,0.01,0.01
678,34313280e88ccd8307729f3abb39cf1a02b379bc,3,query_only,0,0,11,3,0,0,0.15,1.8971199848858813,1.115,489,49,0.6,0.1,0.15,0.15
678,34313280e88ccd8307729f3abb39cf1a02b379bc,3,rag_1,1,1,11,3,3,1,0.61,0.4942963218147801,0.23220000000000002,578,49,0.11,0.02,0.26,0.61
678,34313280e88ccd8307729f3abb39cf1a02b379bc,3,rag_3,3,3,11,3,3,1,0.5,0.6931471805599453,0.3758,835,49,0.12,0.05,0.33,0.5
678,34313280e88ccd8307729f3abb39cf1a02b379bc,3,rag_5,5,5,11,3,2,0,0.45,0.7985076962177716,0.51,1081,49,0.05,0.05,0.45,0.45
678,34313280e88ccd8307729f3abb39cf1a02b379bc,3,rag_10,10,10,11,3,3,1,0.45,0.7985076962177716,0.44500000000000006,1569,49,0.1,0.1,0.35,0.45
678,34313280e88ccd8307729f3abb39cf1a02b379bc,3,rag_all_support,-1,11,11,3,3,1,0.55,0.5978370007556204,0.30499999999999994,1710,49,0.1,0.05,0.3,0.55
802,f86d6f88e4a0bef9f43b173470f24f75b3366e3b,1,query_only,0,0,11,3,3,1,0.47,0.7550225842780328,0.4214,491,49,0.12,0.35,0.06,0.47
802,f86d6f88e4a0bef9f43b173470f24f75b3366e3b,1,rag_1,1,1,11,3,0,0,0.25,1.3862943611198906,0.8300000000000001,609,49,0.45,0.25,0.05,0.25
802,f86d6f88e4a0bef9f43b173470f24f75b3366e3b,1,rag_3,3,3,11,3,0,0,0.3,1.2039728043259361,0.7049999999999998,802,49,0.35,0.3,0.05,0.3
802,f86d6f88e4a0bef9f43b173470f24f75b3366e3b,1,rag_5,5,5,11,3,0,0,0.15,1.8971199848858813,1.125,999,49,0.6,0.2,0.05,0.15
802,f86d6f88e4a0bef9f43b173470f24f75b3366e3b,1,rag_10,10,10,11,3,0,0,0.10000000000000002,2.3025850929940455,1.3400000000000003,1529,49,0.7000000000000001,0.20000000000000004,0.0,0.10000000000000002
802,f86d6f88e4a0bef9f43b173470f24f75b3366e3b,1,rag_all_support,-1,11,11,3,0,0,0.1,2.3025850929940455,1.235,1658,49,0.6,0.25,0.05,0.1
652,d6cd163fe7043a85088b81dfa19319510f3275ea,5,query_only,0,0,17,2,2,1,0.4,0.916290731874155,0.515,442,49,0.15,0.35,0.4,0.1
652,d6cd163fe7043a85088b81dfa19319510f3275ea,5,rag_1,1,1,17,2,2,1,0.5,0.6931471805599453,0.365,534,49,0.15,0.3,0.5,0.05
652,d6cd163fe7043a85088b81dfa19319510f3275ea,5,rag_3,3,3,17,2,2,1,0.55,0.5978370007556204,0.285,747,49,0.1,0.25,0.55,0.1
652,d6cd163fe7043a85088b81dfa19319510f3275ea,5,rag_5,5,5,17,2,2,1,0.5,0.6931471805599453,0.3528,965,49,0.12,0.28,0.5,0.1
652,d6cd163fe7043a85088b81dfa19319510f3275ea,5,rag_10,10,10,17,2,2,1,0.65,0.4307829160924542,0.19,1502,49,0.05,0.25,0.65,0.05
652,d6cd163fe7043a85088b81dfa19319510f3275ea,5,rag_all_support,-1,17,17,2,2,1,0.6,0.5108256237659907,0.23500000000000004,2360,49,0.1,0.25,0.6,0.05
741,6c142cd76f67dbf48da58a4965ab84339d34dec3,5,query_only,0,0,13,0,3,0,0.1,2.3025850929940455,1.175,496,49,0.1,0.4,0.05,0.45
741,6c142cd76f67dbf48da58a4965ab84339d34dec3,5,rag_1,1,1,13,0,1,0,0.12,2.120263536200091,1.1897999999999997,597,49,0.12,0.6,0.05,0.23
741,6c142cd76f67dbf48da58a4965ab84339d34dec3,5,rag_3,3,3,13,0,1,0,0.15,1.8971199848858813,1.0899999999999999,819,49,0.15,0.55,0.05,0.25
741,6c142cd76f67dbf48da58a4965ab84339d34dec3,5,rag_5,5,5,13,0,1,0,0.15,1.8971199848858813,1.045,1018,49,0.15,0.5,0.1,0.25
741,6c142cd76f67dbf48da58a4965ab84339d34dec3,5,rag_10,10,10,13,0,1,0,0.12,2.120263536200091,1.1238,1561,49,0.12,0.45,0.05,0.38
741,6c142cd76f67dbf48da58a4965ab84339d34dec3,5,rag_all_support,-1,13,13,0,1,0,0.12,2.120263536200091,1.1807999999999998,1991,49,0.12,0.6,0.08,0.2
811,a46218edbf2a12ef18e8986eb98b3e520c25ee87,3,query_only,0,0,11,3,1,0,0.19,1.6607312068216509,1.1546,549,49,0.09,0.7,0.02,0.19
811,a46218edbf2a12ef18e8986eb98b3e520c25ee87,3,rag_1,1,1,11,3,1,0,0.15,1.8971199848858813,1.2899999999999998,679,49,0.05,0.75,0.05,0.15
811,a46218edbf2a12ef18e8986eb98b3e520c25ee87,3,rag_3,3,3,11,3,1,0,0.13,2.0402208285265546,1.3998,937,49,0.05,0.8,0.02,0.13
811,a46218edbf2a12ef18e8986eb98b3e520c25ee87,3,rag_5,5,5,11,3,1,0,0.13,2.0402208285265546,1.3998,1146,49,0.05,0.8,0.02,0.13
811,a46218edbf2a12ef18e8986eb98b3e520c25ee87,3,rag_10,10,10,11,3,1,0,0.14,1.9661128563728327,1.3519999999999999,1759,49,0.06,0.78,0.02,0.14
811,a46218edbf2a12ef18e8986eb98b3e520c25ee87,3,rag_all_support,-1,11,11,3,1,0,0.12,2.120263536200091,1.4178000000000002,1878,49,0.05,0.8,0.03,0.12
361,ff8f5ecaf19c84a626d4edff9ab190dc6ba0bddf,0,query_only,0,0,11,1,3,0,0.3,1.2039728043259361,0.7599999999999999,463,49,0.1,0.3,0.1,0.5
361,ff8f5ecaf19c84a626d4edff9ab190dc6ba0bddf,0,rag_1,1,1,11,1,1,1,0.4,0.916290731874155,0.515,560,49,0.15,0.4,0.1,0.35
361,ff8f5ecaf19c84a626d4edff9ab190dc6ba0bddf,0,rag_3,3,3,11,1,1,1,0.4,0.916290731874155,0.48500000000000004,779,49,0.2,0.4,0.15,0.25
361,ff8f5ecaf19c84a626d4edff9ab190dc6ba0bddf,0,rag_5,5,5,11,1,3,0,0.3,1.2039728043259361,0.7599999999999999,1003,49,0.1,0.3,0.1,0.5
361,ff8f5ecaf19c84a626d4edff9ab190dc6ba0bddf,0,rag_10,10,10,11,1,3,0,0.3,1.2039728043259361,0.7599999999999999,1536,49,0.1,0.3,0.1,0.5
361,ff8f5ecaf19c84a626d4edff9ab190dc6ba0bddf,0,rag_all_support,-1,11,11,1,3,0,0.35,1.0498221244986778,0.645,1686,49,0.1,0.35,0.1,0.45
973,120877667dd13a8104af8a3a0bb3dffcd7219e10,3,query_only,0,0,13,2,1,0,0.05,2.995732273553991,1.63,494,49,0.05,0.85,0.05,0.05
973,120877667dd13a8104af8a3a0bb3dffcd7219e10,3,rag_1,1,1,13,2,2,1,0.8,0.2231435513142097,0.054999999999999986,602,49,0.05,0.05,0.8,0.1
973,120877667dd13a8104af8a3a0bb3dffcd7219e10,3,rag_3,3,3,13,2,2,1,0.4,0.916290731874155,0.48500000000000004,842,49,0.25,0.2,0.4,0.15
973,120877667dd13a8104af8a3a0bb3dffcd7219e10,3,rag_5,5,5,13,2,2,1,0.5,0.6931471805599453,0.335,1039,49,0.2,0.15,0.5,0.15
973,120877667dd13a8104af8a3a0bb3dffcd7219e10,3,rag_10,10,10,13,2,2,1,0.5,0.6931471805599453,0.34500000000000003,1559,49,0.1,0.25,0.5,0.15
973,120877667dd13a8104af8a3a0bb3dffcd7219e10,3,rag_all_support,-1,13,13,2,2,1,0.45,0.7985076962177716,0.4100000000000001,1933,49,0.25,0.15,0.45,0.15
198,5c55f738c692c6c3ef1474b990f48c4866aac9f6,2,query_only,0,0,15,0,3,0,0.12,2.120263536200091,1.2127999999999999,464,49,0.12,0.12,0.12,0.64
198,5c55f738c692c6c3ef1474b990f48c4866aac9f6,2,rag_1,1,1,15,0,1,0,0.15,1.8971199848858813,1.075,574,49,0.15,0.55,0.1,0.2
198,5c55f738c692c6c3ef1474b990f48c4866aac9f6,2,rag_3,3,3,15,0,0,1,0.7000000000000001,0.3566749439387323,0.11999999999999998,799,49,0.7000000000000001,0.10000000000000002,0.10000000000000002,0.10000000000000002
198,5c55f738c692c6c3ef1474b990f48c4866aac9f6,2,rag_5,5,5,15,0,0,1,0.35,1.0498221244986778,0.5850000000000001,1056,49,0.35,0.25,0.1,0.3
198,5c55f738c692c6c3ef1474b990f48c4866aac9f6,2,rag_10,10,10,15,0,3,0,0.05,2.995732273553991,1.275,1675,49,0.05,0.4,0.1,0.45
198,5c55f738c692c6c3ef1474b990f48c4866aac9f6,2,rag_all_support,-1,15,15,0,3,0,0.05,2.995732273553991,1.63,2478,49,0.05,0.05,0.05,0.85
829,c66d323fcf3f50bbce06f0c3162f1e643d10dde8,0,query_only,0,0,6,3,1,0,0.2,1.6094379124341003,1.2486000000000002,446,49,0.01,0.78,0.01,0.2
829,c66d323fcf3f50bbce06f0c3162f1e643d10dde8,0,rag_1,1,1,6,3,3,1,0.73,0.31471074483970024,0.1356,555,49,0.01,0.25,0.01,0.73
829,c66d323fcf3f50bbce06f0c3162f1e643d10dde8,0,rag_3,3,3,6,3,3,1,0.5,0.6931471805599453,0.41500000000000004,774,49,0.05,0.4,0.05,0.5
829,c66d323fcf3f50bbce06f0c3162f1e643d10dde8,0,rag_5,5,5,6,3,3,1,0.51,0.6733445532637656,0.4434,1149,49,0.02,0.45,0.02,0.51
829,c66d323fcf3f50bbce06f0c3162f1e643d10dde8,0,rag_10,10,6,6,3,3,1,0.65,0.4307829160924542,0.2138,1262,49,0.02,0.3,0.03,0.65
829,c66d323fcf3f50bbce06f0c3162f1e643d10dde8,0,rag_all_support,-1,6,6,3,3,1,0.65,0.4307829160924542,0.2138,1262,49,0.02,0.3,0.03,0.65
294,56e7001a6fd2174376ea0a3bf81f27904a7fc2b4,1,query_only,0,0,7,1,0,0,0.05,2.995732273553991,1.63,507,49,0.85,0.05,0.05,0.05
294,56e7001a6fd2174376ea0a3bf81f27904a7fc2b4,1,rag_1,1,1,7,1,0,0,0.05,2.995732273553991,1.4849999999999999,633,49,0.75,0.05,0.1,0.1
294,56e7001a6fd2174376ea0a3bf81f27904a7fc2b4,1,rag_3,3,3,7,1,0,0,0.05,2.995732273553991,1.4349999999999998,1132,49,0.7,0.05,0.05,0.2
294,56e7001a6fd2174376ea0a3bf81f27904a7fc2b4,1,rag_5,5,5,7,1,0,0,0.05,2.995732273553991,1.335,1511,49,0.6,0.05,0.1,0.25
294,56e7001a6fd2174376ea0a3bf81f27904a7fc2b4,1,rag_10,10,7,7,1,0,0,0.0,27.631021115928547,1.595,1851,49,0.75,0.0,0.15,0.1
294,56e7001a6fd2174376ea0a3bf81f27904a7fc2b4,1,rag_all_support,-1,7,7,1,0,0,0.0,27.631021115928547,1.595,1851,49,0.75,0.0,0.15,0.1
823,237ca08155149e8acda5a65469b518bcf894589d,1,query_only,0,0,10,1,0,0,0.25,1.3862943611198906,0.8099999999999999,420,49,0.45,0.25,0.15,0.15
823,237ca08155149e8acda5a65469b518bcf894589d,1,rag_1,1,1,10,1,1,1,0.3,1.2039728043259361,0.655,555,49,0.25,0.3,0.2,0.25
823,237ca08155149e8acda5a65469b518bcf894589d,1,rag_3,3,3,10,1,2,0,0.18,1.7147984280919266,1.0118,769,49,0.12,0.18,0.55,0.15
823,237ca08155149e8acda5a65469b518bcf894589d,1,rag_5,5,5,10,1,2,0,0.15,1.8971199848858813,1.1149999999999998,1011,49,0.1,0.15,0.6,0.15
823,237ca08155149e8acda5a65469b518bcf894589d,1,rag_10,10,10,10,1,2,0,0.18,1.7147984280919266,0.9896,1730,49,0.12,0.18,0.52,0.18
823,237ca08155149e8acda5a65469b518bcf894589d,1,rag_all_support,-1,10,10,1,2,0,0.18,1.7147984280919266,0.9896,1730,49,0.12,0.18,0.52,0.18
25,f1500180119db8d5625885fb0e4e2f8082834065,1,query_only,0,0,14,0,2,0,0.05,2.995732273553991,1.63,493,49,0.05,0.05,0.85,0.05
25,f1500180119db8d5625885fb0e4e2f8082834065,1,rag_1,1,1,14,0,2,0,0.05,2.995732273553991,1.63,584,49,0.05,0.05,0.85,0.05
25,f1500180119db8d5625885fb0e4e2f8082834065,1,rag_3,3,3,14,0,0,1,0.7,0.35667494393873245,0.14580000000000004,805,49,0.7,0.05,0.23,0.02
25,f1500180119db8d5625885fb0e4e2f8082834065,1,rag_5,5,5,14,0,0,1,0.6,0.5108256237659907,0.23500000000000004,1028,49,0.6,0.1,0.25,0.05
25,f1500180119db8d5625885fb0e4e2f8082834065,1,rag_10,10,10,14,0,0,1,0.55,0.5978370007556204,0.305,1490,49,0.55,0.1,0.3,0.05
25,f1500180119db8d5625885fb0e4e2f8082834065,1,rag_all_support,-1,14,14,0,0,1,0.45000000000000007,0.7985076962177715,0.425,1998,49,0.45000000000000007,0.15000000000000002,0.30000000000000004,0.10000000000000002
687,16451d43bbbccfc663f9adb24b5734392d0e9e69,1,query_only,0,0,11,3,2,0,0.3,1.2039728043259361,0.6968,444,49,0.18,0.12,0.4,0.3
687,16451d43bbbccfc663f9adb24b5734392d0e9e69,1,rag_1,1,1,11,3,3,1,0.35,1.0498221244986778,0.5650000000000001,545,49,0.25,0.2,0.2,0.35
687,16451d43bbbccfc663f9adb24b5734392d0e9e69,1,rag_3,3,3,11,3,0,0,0.15,1.8971199848858813,0.9899999999999999,780,49,0.35,0.35,0.15,0.15
687,16451d43bbbccfc663f9adb24b5734392d0e9e69,1,rag_5,5,5,11,3,1,0,0.25,1.3862943611198906,0.785,1012,49,0.2,0.4,0.15,0.25
687,16451d43bbbccfc663f9adb24b5734392d0e9e69,1,rag_10,10,10,11,3,1,0,0.24,1.4271163556401458,0.8024,1537,49,0.18,0.4,0.18,0.24
687,16451d43bbbccfc663f9adb24b5734392d0e9e69,1,rag_all_support,-1,11,11,3,1,0,0.25,1.3862943611198906,0.81,1645,49,0.15,0.45,0.15,0.25
254,54f3689d85f689fa8dfdc44788e54becab4d0b5f,1,query_only,0,0,10,3,1,0,0.05,2.995732273553991,1.5550000000000002,650,49,0.05,0.8,0.1,0.05
254,54f3689d85f689fa8dfdc44788e54becab4d0b5f,1,rag_1,1,1,10,3,1,0,0.08000000000000002,2.525728644308255,1.3607999999999998,907,49,0.10000000000000002,0.7000000000000001,0.12000000000000001,0.08000000000000002
254,54f3689d85f689fa8dfdc44788e54becab4d0b5f,1,rag_3,3,3,10,3,1,0,0.05,2.995732273553991,1.5550000000000002,1218,49,0.05,0.8,0.1,0.05
254,54f3689d85f689fa8dfdc44788e54becab4d0b5f,1,rag_5,5,5,10,3,1,0,0.05,2.995732273553991,1.5550000000000002,1490,49,0.05,0.8,0.1,0.05
254,54f3689d85f689fa8dfdc44788e54becab4d0b5f,1,rag_10,10,10,10,3,1,0,0.05,2.995732273553991,1.5550000000000002,2488,49,0.05,0.8,0.1,0.05
254,54f3689d85f689fa8dfdc44788e54becab4d0b5f,1,rag_all_support,-1,10,10,3,1,0,0.05,2.995732273553991,1.5550000000000002,2488,49,0.05,0.8,0.1,0.05
959,995075b8b0c095b9c26e744fe20a1b1a012c2f2d,0,query_only,0,0,18,2,1,0,0.2,1.6094379124341003,0.9350000000000002,456,49,0.05,0.45,0.2,0.3
959,995075b8b0c095b9c26e744fe20a1b1a012c2f2d,0,rag_1,1,1,18,2,1,0,0.25000000000000006,1.3862943611198904,0.81,569,49,0.05000000000000001,0.35000000000000003,0.25000000000000006,0.35000000000000003
959,995075b8b0c095b9c26e744fe20a1b1a012c2f2d,0,rag_3,3,3,18,2,1,0,0.25,1.3862943611198906,0.8150000000000001,802,49,0.05,0.4,0.25,0.3
959,995075b8b0c095b9c26e744fe20a1b1a012c2f2d,0,rag_5,5,5,18,2,3,0,0.32000000000000006,1.1394342831883646,0.6758,1036,49,0.030000000000000002,0.30000000000000004,0.32000000000000006,0.35000000000000003
959,995075b8b0c095b9c26e744fe20a1b1a012c2f2d,0,rag_10,10,10,18,2,1,0,0.3,1.2039728043259361,0.7111999999999999,1667,49,0.06,0.4,0.3,0.24
959,995075b8b0c095b9c26e744fe20a1b1a012c2f2d,0,rag_all_support,-1,18,18,2,0,0,0.15,1.8971199848858813,0.985,2653,49,0.4,0.25,0.15,0.2
883,46262da993c8006911c0968947379e638a593620,4,query_only,0,0,11,2,1,0,0.35,1.0498221244986778,0.7838,561,49,0.02,0.6,0.35,0.03
883,46262da993c8006911c0968947379e638a593620,4,rag_1,1,1,11,2,2,1,0.88,0.12783337150988489,0.0246,742,49,0.01,0.1,0.88,0.01
883,46262da993c8006911c0968947379e638a593620,4,rag_3,3,3,11,2,2,1,0.84,0.1743533871447778,0.03820000000000001,1099,49,0.01,0.1,0.84,0.05
883,46262da993c8006911c0968947379e638a593620,4,rag_5,5,5,11,2,2,1,0.86,0.15082288973458366,0.030400000000000007,1390,49,0.02,0.1,0.86,0.02
883,46262da993c8006911c0968947379e638a593620,4,rag_10,10,10,11,2,2,1,0.88,0.12783337150988489,0.0206,1981,49,0.01,0.05,0.88,0.06
883,46262da993c8006911c0968947379e638a593620,4,rag_all_support,-1,11,11,2,2,1,0.95,0.05129329438755058,0.0034000000000000046,2071,49,0.01,0.02,0.95,0.02
493,046dda9f5c594783ed33c73513fa9d4db66f8407,2,query_only,0,0,10,0,2,0,0.35,1.0498221244986778,0.6150000000000001,514,49,0.35,0.15,0.4,0.1
493,046dda9f5c594783ed33c73513fa9d4db66f8407,2,rag_1,1,1,10,0,0,1,0.65,0.4307829160924542,0.175,617,49,0.65,0.1,0.2,0.05
493,046dda9f5c594783ed33c73513fa9d4db66f8407,2,rag_3,3,3,10,0,0,1,0.55,0.5978370007556204,0.285,848,49,0.55,0.1,0.25,0.1
493,046dda9f5c594783ed33c73513fa9d4db66f8407,2,rag_5,5,5,10,0,0,1,0.7,0.35667494393873245,0.13500000000000004,1076,49,0.7,0.05,0.2,0.05
493,046dda9f5c594783ed33c73513fa9d4db66f8407,2,rag_10,10,10,10,0,0,1,0.5,0.6931471805599453,0.34500000000000003,1606,49,0.5,0.1,0.25,0.15
493,046dda9f5c594783ed33c73513fa9d4db66f8407,2,rag_all_support,-1,10,10,0,0,1,0.5,0.6931471805599453,0.34500000000000003,1606,49,0.5,0.1,0.25,0.15
822,b6480b06d3b1ac684d89b160bc4d1a37a652d617,0,query_only,0,0,17,1,1,1,0.6,0.5108256237659907,0.255,552,49,0.05,0.6,0.05,0.3
822,b6480b06d3b1ac684d89b160bc4d1a37a652d617,0,rag_1,1,1,17,1,1,1,0.6,0.5108256237659907,0.22980000000000003,688,49,0.12,0.6,0.05,0.23
822,b6480b06d3b1ac684d89b160bc4d1a37a652d617,0,rag_3,3,3,17,1,1,1,0.7,0.35667494393873245,0.13500000000000004,895,49,0.05,0.7,0.05,0.2
822,b6480b06d3b1ac684d89b160bc4d1a37a652d617,0,rag_5,5,5,17,1,1,1,0.55,0.5978370007556204,0.30499999999999994,1131,49,0.1,0.55,0.05,0.3
822,b6480b06d3b1ac684d89b160bc4d1a37a652d617,0,rag_10,10,10,17,1,1,1,0.55,0.5978370007556204,0.32999999999999996,1675,49,0.05,0.55,0.05,0.35
822,b6480b06d3b1ac684d89b160bc4d1a37a652d617,0,rag_all_support,-1,17,17,1,1,1,0.55,0.5978370007556204,0.285,2399,49,0.2,0.55,0.05,0.2
662,78ae8c0e0a08d9595b2eabf4bb675784822a1294,3,query_only,0,0,9,3,0,0,0.19,1.6607312068216509,1.2212,549,49,0.75,0.01,0.05,0.19
662,78ae8c0e0a08d9595b2eabf4bb675784822a1294,3,rag_1,1,1,9,3,0,0,0.2,1.6094379124341003,1.135,651,49,0.7,0.05,0.05,0.2
662,78ae8c0e0a08d9595b2eabf4bb675784822a1294,3,rag_3,3,3,9,3,0,0,0.25,1.3862943611198906,1.055,939,49,0.7,0.0,0.05,0.25
662,78ae8c0e0a08d9595b2eabf4bb675784822a1294,3,rag_5,5,5,9,3,0,0,0.2,1.6094379124341003,1.0750000000000002,1166,49,0.65,0.05,0.1,0.2
662,78ae8c0e0a08d9595b2eabf4bb675784822a1294,3,rag_10,10,9,9,3,0,0,0.3,1.2039728043259361,0.915,1549,49,0.65,0.0,0.05,0.3
662,78ae8c0e0a08d9595b2eabf4bb675784822a1294,3,rag_all_support,-1,9,9,3,0,0,0.3,1.2039728043259361,0.915,1549,49,0.65,0.0,0.05,0.3
635,01ec81106837328b5a0bf767dc7ec96877d085de,4,query_only,0,0,15,2,1,0,0.15,1.8971199848858813,1.1149999999999998,482,49,0.1,0.6,0.15,0.15
635,01ec81106837328b5a0bf767dc7ec96877d085de,4,rag_1,1,1,15,2,1,0,0.2,1.6094379124341003,0.935,576,49,0.15,0.5,0.2,0.15
635,01ec81106837328b5a0bf767dc7ec96877d085de,4,rag_3,3,3,15,2,0,0,0.20000000000000004,1.6094379124341003,0.8749999999999999,797,49,0.35000000000000003,0.30000000000000004,0.20000000000000004,0.15000000000000002
635,01ec81106837328b5a0bf767dc7ec96877d085de,4,rag_5,5,5,15,2,1,0,0.3,1.2039728043259361,0.6727999999999998,1001,49,0.28,0.3,0.3,0.12
635,01ec81106837328b5a0bf767dc7ec96877d085de,4,rag_10,10,10,15,2,1,0,0.29999999999999993,1.2039728043259361,0.7,1517,49,0.19999999999999996,0.3999999999999999,0.29999999999999993,0.09999999999999998
635,01ec81106837328b5a0bf767dc7ec96877d085de,4,rag_all_support,-1,15,15,2,1,0,0.3,1.2039728043259361,0.6967999999999999,2258,49,0.18,0.4,0.3,0.12
237,b835094f0fb04883cfc7d4023b0a6580b3527034,5,query_only,0,0,19,2,3,0,0.18,1.7147984280919266,1.1454000000000002,459,49,0.09,0.05,0.18,0.68
237,b835094f0fb04883cfc7d4023b0a6580b3527034,5,rag_1,1,1,19,2,3,0,0.1,2.3025850929940455,1.455,659,49,0.05,0.05,0.1,0.8
237,b835094f0fb04883cfc7d4023b0a6580b3527034,5,rag_3,3,3,19,2,3,0,0.15,1.8971199848858813,1.2249999999999999,892,49,0.1,0.05,0.15,0.7
237,b835094f0fb04883cfc7d4023b0a6580b3527034,5,rag_5,5,5,19,2,2,1,0.6,0.5108256237659907,0.23500000000000004,1106,49,0.1,0.05,0.6,0.25
237,b835094f0fb04883cfc7d4023b0a6580b3527034,5,rag_10,10,10,19,2,2,1,0.65,0.4307829160924542,0.175,1626,49,0.1,0.05,0.65,0.2
237,b835094f0fb04883cfc7d4023b0a6580b3527034,5,rag_all_support,-1,19,19,2,2,1,0.7,0.35667494393873245,0.13500000000000004,2725,49,0.05,0.05,0.7,0.2
96,83f78bf1cc83ed68b1335c9b371370a1ded0e5bc,2,query_only,0,0,13,1,2,0,0.05,2.995732273553991,1.335,392,49,0.1,0.05,0.6,0.25
96,83f78bf1cc83ed68b1335c9b371370a1ded0e5bc,2,rag_1,1,1,13,1,2,0,0.1,2.3025850929940455,1.1150000000000002,462,49,0.25,0.1,0.45,0.2
96,83f78bf1cc83ed68b1335c9b371370a1ded0e5bc,2,rag_3,3,3,13,1,2,0,0.1,2.3025850929940455,1.0950000000000002,671,49,0.25,0.1,0.4,0.25
96,83f78bf1cc83ed68b1335c9b371370a1ded0e5bc,2,rag_5,5,5,13,1,2,0,0.05,2.995732273553991,1.3050000000000002,884,49,0.1,0.05,0.55,0.3
96,83f78bf1cc83ed68b1335c9b371370a1ded0e5bc,2,rag_10,10,10,13,1,1,1,0.45,0.7985076962177716,0.41500000000000004,1476,49,0.1,0.45,0.2,0.25
96,83f78bf1cc83ed68b1335c9b371370a1ded0e5bc,2,rag_all_support,-1,13,13,1,1,1,0.35000000000000003,1.0498221244986776,0.61,1873,49,0.05000000000000001,0.35000000000000003,0.25000000000000006,0.35000000000000003
66,f53bcce8acae341cf849619f6ddaa48576f49caf,7,query_only,0,0,18,0,0,1,0.45,0.7985076962177716,0.51,485,49,0.45,0.05,0.45,0.05
66,f53bcce8acae341cf849619f6ddaa48576f49caf,7,rag_1,1,1,18,0,0,1,0.6,0.5108256237659907,0.25500000000000006,652,49,0.6,0.05,0.3,0.05
66,f53bcce8acae341cf849619f6ddaa48576f49caf,7,rag_3,3,3,18,0,0,1,0.75,0.2876820724517809,0.0932,909,49,0.75,0.01,0.09,0.15
66,f53bcce8acae341cf849619f6ddaa48576f49caf,7,rag_5,5,5,18,0,0,1,0.75,0.2876820724517809,0.09640000000000001,1125,49,0.75,0.01,0.07,0.17
66,f53bcce8acae341cf849619f6ddaa48576f49caf,7,rag_10,10,10,18,0,0,1,0.65,0.4307829160924542,0.175,1614,49,0.65,0.05,0.1,0.2
66,f53bcce8acae341cf849619f6ddaa48576f49caf,7,rag_all_support,-1,18,18,0,0,1,0.6,0.5108256237659907,0.23500000000000004,2383,49,0.6,0.05,0.1,0.25
548,5b77ec79cdb4d62f060653c7bcd1dd13f23a815f,1,query_only,0,0,10,1,1,1,0.32,1.1394342831883648,0.6215999999999999,477,49,0.18,0.32,0.22,0.28
548,5b77ec79cdb4d62f060653c7bcd1dd13f23a815f,1,rag_1,1,1,10,1,1,1,0.55,0.5978370007556204,0.285,601,49,0.1,0.55,0.25,0.1
548,5b77ec79cdb4d62f060653c7bcd1dd13f23a815f,1,rag_3,3,3,10,1,1,1,0.35,1.0498221244986778,0.59,812,49,0.15,0.35,0.35,0.15
548,5b77ec79cdb4d62f060653c7bcd1dd13f23a815f,1,rag_5,5,5,10,1,0,0,0.1,2.3025850929940455,1.145,1002,49,0.5,0.1,0.15,0.25
548,5b77ec79cdb4d62f060653c7bcd1dd13f23a815f,1,rag_10,10,10,10,1,1,1,0.45,0.7985076962177716,0.4250000000000001,1572,49,0.1,0.45,0.3,0.15
548,5b77ec79cdb4d62f060653c7bcd1dd13f23a815f,1,rag_all_support,-1,10,10,1,1,1,0.45,0.7985076962177716,0.4250000000000001,1572,49,0.1,0.45,0.3,0.15
312,0b57887962d0bf4a53adfdde9cd8c4765bf8c80f,1,query_only,0,0,6,2,0,0,0.15,1.8971199848858813,0.9949999999999999,731,49,0.4,0.3,0.15,0.15
312,0b57887962d0bf4a53adfdde9cd8c4765bf8c80f,1,rag_1,1,1,6,2,0,0,0.1,2.3025850929940455,1.185,910,49,0.55,0.25,0.1,0.1
312,0b57887962d0bf4a53adfdde9cd8c4765bf8c80f,1,rag_3,3,3,6,2,2,1,0.35,1.0498221244986778,0.5650000000000001,1254,49,0.25,0.2,0.35,0.2
312,0b57887962d0bf4a53adfdde9cd8c4765bf8c80f,1,rag_5,5,5,6,2,2,1,0.48,0.7339691750802004,0.38480000000000003,1677,49,0.12,0.1,0.48,0.3
312,0b57887962d0bf4a53adfdde9cd8c4765bf8c80f,1,rag_10,10,6,6,2,2,1,0.6,0.5108256237659907,0.22000000000000006,1880,49,0.1,0.1,0.6,0.2
312,0b57887962d0bf4a53adfdde9cd8c4765bf8c80f,1,rag_all_support,-1,6,6,2,2,1,0.6,0.5108256237659907,0.22000000000000006,1880,49,0.1,0.1,0.6,0.2
110,0a46ed8a37d51574b4e0fa90f700cb99d2da8a48,2,query_only,0,0,13,3,3,1,0.95,0.05129329438755058,0.0050000000000000044,510,49,0.0,0.05,0.0,0.95
110,0a46ed8a37d51574b4e0fa90f700cb99d2da8a48,2,rag_1,1,1,13,3,3,1,0.9,0.10536051565782628,0.014999999999999996,678,49,0.05,0.05,0.0,0.9
110,0a46ed8a37d51574b4e0fa90f700cb99d2da8a48,2,rag_3,3,3,13,3,0,0,0.35,1.0498221244986778,0.785,1082,49,0.6,0.05,0.0,0.35
110,0a46ed8a37d51574b4e0fa90f700cb99d2da8a48,2,rag_5,5,5,13,3,0,0,0.4,0.916290731874155,0.665,1371,49,0.55,0.05,0.0,0.4
110,0a46ed8a37d51574b4e0fa90f700cb99d2da8a48,2,rag_10,10,10,13,3,3,1,0.87,0.13926206733350766,0.0274,1885,49,0.1,0.02,0.01,0.87
110,0a46ed8a37d51574b4e0fa90f700cb99d2da8a48,2,rag_all_support,-1,13,13,3,3,1,0.92,0.08338160893905101,0.009399999999999993,2178,49,0.05,0.02,0.01,0.92
265,71b2bb47db63430f33ffc689233491c94d900b33,1,query_only,0,0,8,3,2,0,0.05,2.995732273553991,1.5550000000000002,1268,49,0.1,0.05,0.8,0.05
265,71b2bb47db63430f33ffc689233491c94d900b33,1,rag_1,1,1,8,3,0,0,0.02,3.912023005428146,1.5137999999999998,1397,49,0.7,0.03,0.25,0.02
265,71b2bb47db63430f33ffc689233491c94d900b33,1,rag_3,3,3,8,3,0,0,0.05,2.995732273553991,1.355,1675,49,0.6,0.05,0.3,0.05
265,71b2bb47db63430f33ffc689233491c94d900b33,1,rag_5,5,5,8,3,2,0,0.1,2.3025850929940455,1.455,2028,49,0.05,0.05,0.8,0.1
265,71b2bb47db63430f33ffc689233491c94d900b33,1,rag_10,10,8,8,3,0,0,0.05,2.995732273553991,1.355,2605,49,0.6,0.05,0.3,0.05
265,71b2bb47db63430f33ffc689233491c94d900b33,1,rag_all_support,-1,8,8,3,0,0,0.05,2.995732273553991,1.355,2605,49,0.6,0.05,0.3,0.05
355,2246d93dc11359b5d4b1fb293ecc6453f2601d96,1,query_only,0,0,8,0,1,0,0.05,2.995732273553991,1.6307999999999998,511,49,0.05,0.85,0.03,0.07
355,2246d93dc11359b5d4b1fb293ecc6453f2601d96,1,rag_1,1,1,8,0,1,0,0.25,1.3862943611198906,0.885,625,49,0.25,0.55,0.1,0.1
355,2246d93dc11359b5d4b1fb293ecc6453f2601d96,1,rag_3,3,3,8,0,0,1,0.62,0.4780358009429998,0.22799999999999998,809,49,0.62,0.28,0.06,0.04
355,2246d93dc11359b5d4b1fb293ecc6453f2601d96,1,rag_5,5,5,8,0,0,1,0.55,0.5978370007556204,0.305,1052,49,0.55,0.3,0.1,0.05
355,2246d93dc11359b5d4b1fb293ecc6453f2601d96,1,rag_10,10,8,8,0,0,1,0.55,0.5978370007556204,0.305,1391,49,0.55,0.3,0.1,0.05
355,2246d93dc11359b5d4b1fb293ecc6453f2601d96,1,rag_all_support,-1,8,8,0,0,1,0.55,0.5978370007556204,0.305,1391,49,0.55,0.3,0.1,0.05
534,57cb052806aa329ca522da802fc36008411beefc,3,query_only,0,0,9,2,0,0,0.2,1.6094379124341003,1.135,497,49,0.7,0.05,0.2,0.05
534,57cb052806aa329ca522da802fc36008411beefc,3,rag_1,1,1,9,2,1,0,0.3,1.2039728043259361,0.8049999999999999,601,49,0.1,0.55,0.3,0.05
534,57cb052806aa329ca522da802fc36008411beefc,3,rag_3,3,3,9,2,2,1,0.6,0.5108256237659907,0.22000000000000006,876,49,0.2,0.1,0.6,0.1
534,57cb052806aa329ca522da802fc36008411beefc,3,rag_5,5,5,9,2,2,1,0.45,0.7985076962177716,0.4750000000000001,1228,49,0.1,0.4,0.45,0.05
534,57cb052806aa329ca522da802fc36008411beefc,3,rag_10,10,9,9,2,1,0,0.4,0.916290731874155,0.615,1672,49,0.05,0.5,0.4,0.05
534,57cb052806aa329ca522da802fc36008411beefc,3,rag_all_support,-1,9,9,2,1,0,0.4,0.916290731874155,0.615,1672,49,0.05,0.5,0.4,0.05
578,604a535c68df05c75af4a1ab72ac8cb07091fff4,1,query_only,0,0,11,2,2,1,0.8,0.2231435513142097,0.054999999999999986,526,49,0.05,0.1,0.8,0.05
578,604a535c68df05c75af4a1ab72ac8cb07091fff4,1,rag_1,1,1,11,2,1,0,0.38,0.9675840262617056,0.7,625,49,0.04,0.56,0.38,0.02
578,604a535c68df05c75af4a1ab72ac8cb07091fff4,1,rag_3,3,3,11,2,1,0,0.3,1.2039728043259361,0.8549999999999999,814,49,0.05,0.6,0.3,0.05
578,604a535c68df05c75af4a1ab72ac8cb07091fff4,1,rag_5,5,5,11,2,2,1,0.7,0.35667494393873245,0.13500000000000004,1031,49,0.05,0.2,0.7,0.05
578,604a535c68df05c75af4a1ab72ac8cb07091fff4,1,rag_10,10,10,11,2,2,1,0.8,0.2231435513142097,0.05779999999999998,1576,49,0.03,0.12,0.8,0.05
578,604a535c68df05c75af4a1ab72ac8cb07091fff4,1,rag_all_support,-1,11,11,2,2,1,0.6,0.5108256237659907,0.25500000000000006,1665,49,0.05,0.3,0.6,0.05
425,ab25605483644d009364011f08985f35a80cfd09,6,query_only,0,0,15,1,3,0,0.2,1.6094379124341003,1.0750000000000002,446,49,0.1,0.2,0.05,0.65
425,ab25605483644d009364011f08985f35a80cfd09,6,rag_1,1,1,15,1,1,1,0.48,0.7339691750802004,0.39360000000000006,550,49,0.12,0.48,0.08,0.32
425,ab25605483644d009364011f08985f35a80cfd09,6,rag_3,3,3,15,1,0,0,0.1,2.3025850929940455,1.325,750,49,0.7,0.1,0.05,0.15
425,ab25605483644d009364011f08985f35a80cfd09,6,rag_5,5,5,15,1,0,0,0.1,2.3025850929940455,1.325,972,49,0.7,0.1,0.05,0.15
425,ab25605483644d009364011f08985f35a80cfd09,6,rag_10,10,10,15,1,0,0,0.15,1.8971199848858813,1.125,1630,49,0.6,0.15,0.05,0.2
425,ab25605483644d009364011f08985f35a80cfd09,6,rag_all_support,-1,15,15,1,3,0,0.1,2.3025850929940455,1.455,2152,49,0.05,0.1,0.05,0.8
816,82fe5864cf12e51e7c805958636aea899404845f,0,query_only,0,0,8,0,2,0,0.2,1.6094379124341003,0.8850000000000001,407,49,0.2,0.15,0.4,0.25
816,82fe5864cf12e51e7c805958636aea899404845f,0,rag_1,1,1,8,0,2,0,0.25,1.3862943611198906,0.8150000000000001,515,49,0.25,0.1,0.45,0.2
816,82fe5864cf12e51e7c805958636aea899404845f,0,rag_3,3,3,8,0,0,1,0.35,1.0498221244986778,0.5750000000000001,816,49,0.35,0.15,0.3,0.2
816,82fe5864cf12e51e7c805958636aea899404845f,0,rag_5,5,5,8,0,0,1,0.35,1.0498221244986778,0.5750000000000001,1088,49,0.35,0.15,0.3,0.2
816,82fe5864cf12e51e7c805958636aea899404845f,0,rag_10,10,8,8,0,0,1,0.35,1.0498221244986778,0.5850000000000001,1394,49,0.35,0.1,0.3,0.25
816,82fe5864cf12e51e7c805958636aea899404845f,0,rag_all_support,-1,8,8,0,0,1,0.35,1.0498221244986778,0.5850000000000001,1394,49,0.35,0.1,0.3,0.25
787,76a5b42d09c020b10fc1a30200ec64c5e626e863,0,query_only,0,0,13,0,1,0,0.05,2.995732273553991,1.63,511,49,0.05,0.85,0.05,0.05
787,76a5b42d09c020b10fc1a30200ec64c5e626e863,0,rag_1,1,1,13,0,1,0,0.04999999999999999,2.9957322735539913,1.5549999999999995,684,49,0.04999999999999999,0.7999999999999998,0.04999999999999999,0.09999999999999998
787,76a5b42d09c020b10fc1a30200ec64c5e626e863,0,rag_3,3,3,13,0,1,0,0.04999999999999999,2.9957322735539913,1.5549999999999995,869,49,0.04999999999999999,0.7999999999999998,0.04999999999999999,0.09999999999999998
787,76a5b42d09c020b10fc1a30200ec64c5e626e863,0,rag_5,5,5,13,0,1,0,0.1,2.3025850929940455,1.385,1086,49,0.1,0.75,0.05,0.1
787,76a5b42d09c020b10fc1a30200ec64c5e626e863,0,rag_10,10,10,13,0,1,0,0.1,2.3025850929940455,1.385,1591,49,0.1,0.75,0.05,0.1
787,76a5b42d09c020b10fc1a30200ec64c5e626e863,0,rag_all_support,-1,13,13,0,1,0,0.2,1.6094379124341003,1.135,1912,49,0.2,0.7,0.05,0.05
486,859cbcd38f7d10544dc3b779dd3748fc476fdacc,2,query_only,0,0,9,1,0,0,0.2,1.6094379124341003,1.135,453,49,0.7,0.2,0.05,0.05
486,859cbcd38f7d10544dc3b779dd3748fc476fdacc,2,rag_1,1,1,9,1,1,1,0.7999999999999998,0.22314355131421,0.05500000000000006,572,49,0.04999999999999999,0.7999999999999998,0.04999999999999999,0.09999999999999998
486,859cbcd38f7d10544dc3b779dd3748fc476fdacc,2,rag_3,3,3,9,1,1,1,0.7000000000000001,0.3566749439387323,0.12239999999999998,814,49,0.12000000000000001,0.7000000000000001,0.060000000000000005,0.12000000000000001
486,859cbcd38f7d10544dc3b779dd3748fc476fdacc,2,rag_5,5,5,9,1,1,1,0.85,0.16251892949777494,0.03080000000000001,1010,49,0.05,0.85,0.03,0.07
486,859cbcd38f7d10544dc3b779dd3748fc476fdacc,2,rag_10,10,9,9,1,1,1,0.7000000000000001,0.3566749439387323,0.12239999999999998,1452,49,0.12000000000000001,0.7000000000000001,0.060000000000000005,0.12000000000000001
486,859cbcd38f7d10544dc3b779dd3748fc476fdacc,2,rag_all_support,-1,9,9,1,1,1,0.7000000000000001,0.3566749439387323,0.12239999999999998,1452,49,0.12000000000000001,0.7000000000000001,0.060000000000000005,0.12000000000000001
892,b1e253e8b5931c22b61bc53628457f1cd1767645,0,query_only,0,0,9,1,0,0,0.10000000000000002,2.3025850929940455,1.3200000000000003,492,49,0.7000000000000001,0.10000000000000002,0.10000000000000002,0.10000000000000002
892,b1e253e8b5931c22b61bc53628457f1cd1767645,0,rag_1,1,1,9,1,0,0,0.1,2.3025850929940455,1.175,568,49,0.55,0.1,0.2,0.15
892,b1e253e8b5931c22b61bc53628457f1cd1767645,0,rag_3,3,3,9,1,0,0,0.25,1.3862943611198906,0.885,855,49,0.55,0.25,0.1,0.1
892,b1e253e8b5931c22b61bc53628457f1cd1767645,0,rag_5,5,5,9,1,1,1,0.45,0.7985076962177716,0.41500000000000004,1069,49,0.2,0.45,0.1,0.25
892,b1e253e8b5931c22b61bc53628457f1cd1767645,0,rag_10,10,9,9,1,1,1,0.7,0.35667494393873245,0.12500000000000003,1738,49,0.05,0.7,0.1,0.15
892,b1e253e8b5931c22b61bc53628457f1cd1767645,0,rag_all_support,-1,9,9,1,1,1,0.7,0.35667494393873245,0.12500000000000003,1738,49,0.05,0.7,0.1,0.15
902,fa6a7eb12a490c6843852cb5cc4919e826f70bcf,2,query_only,0,0,7,1,0,0,0.03,3.506557897319982,1.4677999999999998,623,49,0.7,0.03,0.12,0.15
902,fa6a7eb12a490c6843852cb5cc4919e826f70bcf,2,rag_1,1,1,7,1,0,0,0.05,2.995732273553991,1.4349999999999998,701,49,0.7,0.05,0.2,0.05
902,fa6a7eb12a490c6843852cb5cc4919e826f70bcf,2,rag_3,3,3,7,1,0,0,0.0,27.631021115928547,1.5400000000000003,913,49,0.7000000000000001,0.0,0.20000000000000004,0.10000000000000002
902,fa6a7eb12a490c6843852cb5cc4919e826f70bcf,2,rag_5,5,5,7,1,0,0,0.04999999999999999,2.9957322735539913,1.3749999999999998,1128,49,0.6499999999999999,0.04999999999999999,0.19999999999999996,0.09999999999999998
902,fa6a7eb12a490c6843852cb5cc4919e826f70bcf,2,rag_10,10,7,7,1,0,0,0.0,27.631021115928547,1.5400000000000003,1343,49,0.7000000000000001,0.0,0.20000000000000004,0.10000000000000002
902,fa6a7eb12a490c6843852cb5cc4919e826f70bcf,2,rag_all_support,-1,7,7,1,0,0,0.0,27.631021115928547,1.5400000000000003,1343,49,0.7000000000000001,0.0,0.20000000000000004,0.10000000000000002
327,da4e631638801286d04db8d26facee5217822d02,2,query_only,0,0,9,2,1,0,0.4,0.916290731874155,0.6638000000000001,551,49,0.02,0.55,0.4,0.03
327,da4e631638801286d04db8d26facee5217822d02,2,rag_1,1,1,9,2,1,0,0.30000000000000004,1.203972804325936,0.8582000000000001,657,49,0.010000000000000002,0.6000000000000001,0.30000000000000004,0.09000000000000001
327,da4e631638801286d04db8d26facee5217822d02,2,rag_3,3,3,9,2,2,1,0.5,0.6931471805599453,0.45380000000000004,992,49,0.02,0.45,0.5,0.03
327,da4e631638801286d04db8d26facee5217822d02,2,rag_5,5,5,9,2,1,0,0.18,1.7147984280919266,1.2816,1260,49,0.02,0.78,0.18,0.02
327,da4e631638801286d04db8d26facee5217822d02,2,rag_10,10,9,9,2,1,0,0.28,1.2729656758128873,1.0086,1843,49,0.01,0.7,0.28,0.01
327,da4e631638801286d04db8d26facee5217822d02,2,rag_all_support,-1,9,9,2,1,0,0.28,1.2729656758128873,1.0086,1843,49,0.01,0.7,0.28,0.01
761,86b99edb484a0ed4dcc45d517e6bcd256ddf21ba,7,query_only,0,0,16,0,1,0,0.10000000000000002,2.3025850929940455,1.2200000000000002,438,49,0.10000000000000002,0.6000000000000001,0.20000000000000004,0.10000000000000002
761,86b99edb484a0ed4dcc45d517e6bcd256ddf21ba,7,rag_1,1,1,16,0,0,1,0.55,0.5978370007556204,0.285,542,49,0.55,0.25,0.1,0.1
761,86b99edb484a0ed4dcc45d517e6bcd256ddf21ba,7,rag_3,3,3,16,0,0,1,0.5,0.6931471805599453,0.36,721,49,0.5,0.3,0.1,0.1
761,86b99edb484a0ed4dcc45d517e6bcd256ddf21ba,7,rag_5,5,5,16,0,0,1,0.5499999999999999,0.5978370007556205,0.30500000000000005,929,49,0.5499999999999999,0.29999999999999993,0.04999999999999999,0.09999999999999998
761,86b99edb484a0ed4dcc45d517e6bcd256ddf21ba,7,rag_10,10,10,16,0,0,1,0.6,0.5108256237659907,0.23500000000000004,1426,49,0.6,0.25,0.05,0.1
761,86b99edb484a0ed4dcc45d517e6bcd256ddf21ba,7,rag_all_support,-1,16,16,0,0,1,0.5,0.6931471805599453,0.365,2179,49,0.5,0.3,0.05,0.15
351,1d698e3617aa6182c2c81a6c5275de17897449a2,7,query_only,0,0,16,3,0,0,0.05,2.995732273553991,1.63,495,49,0.85,0.05,0.05,0.05
351,1d698e3617aa6182c2c81a6c5275de17897449a2,7,rag_1,1,1,16,3,0,0,0.09000000000000001,2.407945608651872,1.4034000000000002,598,49,0.7500000000000001,0.08000000000000002,0.08000000000000002,0.09000000000000001
351,1d698e3617aa6182c2c81a6c5275de17897449a2,7,rag_3,3,3,16,3,1,0,0.2,1.6094379124341003,1.02,835,49,0.1,0.6,0.1,0.2
351,1d698e3617aa6182c2c81a6c5275de17897449a2,7,rag_5,5,5,16,3,1,0,0.3,1.2039728043259361,0.855,1032,49,0.05,0.6,0.05,0.3
351,1d698e3617aa6182c2c81a6c5275de17897449a2,7,rag_10,10,10,16,3,0,0,0.05,2.995732273553991,1.4349999999999998,1555,49,0.7,0.2,0.05,0.05
351,1d698e3617aa6182c2c81a6c5275de17897449a2,7,rag_all_support,-1,16,16,3,1,0,0.25,1.3862943611198906,0.935,2350,49,0.1,0.6,0.05,0.25
849,50dbfb40b2a6df86b5ab6cda7c111ce813a4e5d4,2,query_only,0,0,13,3,2,0,0.05,2.995732273553991,1.63,484,49,0.05,0.05,0.85,0.05
849,50dbfb40b2a6df86b5ab6cda7c111ce813a4e5d4,2,rag_1,1,1,13,3,2,0,0.05,2.995732273553991,1.63,572,49,0.05,0.05,0.85,0.05
849,50dbfb40b2a6df86b5ab6cda7c111ce813a4e5d4,2,rag_3,3,3,13,3,2,0,0.05,2.995732273553991,1.63,748,49,0.05,0.05,0.85,0.05
849,50dbfb40b2a6df86b5ab6cda7c111ce813a4e5d4,2,rag_5,5,5,13,3,2,0,0.10000000000000002,2.3025850929940455,1.3200000000000003,1018,49,0.10000000000000002,0.10000000000000002,0.7000000000000001,0.10000000000000002
849,50dbfb40b2a6df86b5ab6cda7c111ce813a4e5d4,2,rag_10,10,10,13,3,2,0,0.05,2.995732273553991,1.5550000000000002,1595,49,0.05,0.1,0.8,0.05
849,50dbfb40b2a6df86b5ab6cda7c111ce813a4e5d4,2,rag_all_support,-1,13,13,3,2,0,0.10000000000000002,2.3025850929940455,1.3200000000000003,1949,49,0.10000000000000002,0.10000000000000002,0.7000000000000001,0.10000000000000002
44,c99910d80e652162dabaec778aa562c053b32b2d,1,query_only,0,0,8,0,3,0,0.2,1.6094379124341003,1.0750000000000002,490,49,0.2,0.05,0.1,0.65
44,c99910d80e652162dabaec778aa562c053b32b2d,1,rag_1,1,1,8,0,0,1,0.45,0.7985076962177716,0.4750000000000001,590,49,0.45,0.05,0.1,0.4
44,c99910d80e652162dabaec778aa562c053b32b2d,1,rag_3,3,3,8,0,3,0,0.35,1.0498221244986778,0.685,788,49,0.35,0.05,0.1,0.5
44,c99910d80e652162dabaec778aa562c053b32b2d,1,rag_5,5,5,8,0,0,1,0.45,0.7985076962177716,0.45000000000000007,965,49,0.45,0.05,0.35,0.15
44,c99910d80e652162dabaec778aa562c053b32b2d,1,rag_10,10,8,8,0,2,0,0.35,1.0498221244986778,0.65,1256,49,0.35,0.05,0.45,0.15
44,c99910d80e652162dabaec778aa562c053b32b2d,1,rag_all_support,-1,8,8,0,2,0,0.35,1.0498221244986778,0.65,1256,49,0.35,0.05,0.45,0.15
451,095c49214516829f53a0456c2b8b9b31a8a46200,4,query_only,0,0,15,1,0,0,0.4,0.916290731874155,0.6638000000000001,651,49,0.55,0.4,0.03,0.02
451,095c49214516829f53a0456c2b8b9b31a8a46200,4,rag_1,1,1,15,1,1,1,0.85,0.16251892949777494,0.030000000000000013,821,49,0.05,0.85,0.05,0.05
451,095c49214516829f53a0456c2b8b9b31a8a46200,4,rag_3,3,3,15,1,1,1,0.85,0.16251892949777494,0.030000000000000013,1052,49,0.05,0.85,0.05,0.05
451,095c49214516829f53a0456c2b8b9b31a8a46200,4,rag_5,5,5,15,1,0,0,0.3,1.2039728043259361,0.9138,1270,49,0.65,0.3,0.03,0.02
451,095c49214516829f53a0456c2b8b9b31a8a46200,4,rag_10,10,10,15,1,1,1,0.85,0.16251892949777494,0.030000000000000013,1872,49,0.05,0.85,0.05,0.05
451,095c49214516829f53a0456c2b8b9b31a8a46200,4,rag_all_support,-1,15,15,1,1,1,0.85,0.16251892949777494,0.030000000000000013,2469,49,0.05,0.85,0.05,0.05
280,fc2fb719fc20073e3b72bdd03d2425b9cae56090,1,query_only,0,0,6,2,1,0,0.2,1.6094379124341003,1.135,476,49,0.05,0.7,0.2,0.05
280,fc2fb719fc20073e3b72bdd03d2425b9cae56090,1,rag_1,1,1,6,2,1,0,0.1,2.3025850929940455,1.455,608,49,0.05,0.8,0.1,0.05
280,fc2fb719fc20073e3b72bdd03d2425b9cae56090,1,rag_3,3,3,6,2,0,0,0.05,2.995732273553991,1.7138,971,49,0.9,0.03,0.05,0.02
280,fc2fb719fc20073e3b72bdd03d2425b9cae56090,1,rag_5,5,5,6,2,2,1,0.85,0.16251892949777494,0.030000000000000006,1422,49,0.05,0.05,0.85,0.05
280,fc2fb719fc20073e3b72bdd03d2425b9cae56090,1,rag_10,10,6,6,2,0,0,0.25,1.3862943611198906,0.9349999999999999,1581,49,0.6,0.1,0.25,0.05
280,fc2fb719fc20073e3b72bdd03d2425b9cae56090,1,rag_all_support,-1,6,6,2,0,0,0.25,1.3862943611198906,0.9349999999999999,1581,49,0.6,0.1,0.25,0.05
601,28f0ff41367b93d1bb4b7ac78086476ee8b5c9cb,4,query_only,0,0,16,2,2,1,0.9,0.10536051565782628,0.013399999999999995,508,49,0.03,0.03,0.9,0.04
601,28f0ff41367b93d1bb4b7ac78086476ee8b5c9cb,4,rag_1,1,1,16,2,2,1,0.85,0.16251892949777494,0.030000000000000006,718,49,0.05,0.05,0.85,0.05
601,28f0ff41367b93d1bb4b7ac78086476ee8b5c9cb,4,rag_3,3,3,16,2,2,1,0.85,0.16251892949777494,0.030000000000000006,1125,49,0.05,0.05,0.85,0.05
601,28f0ff41367b93d1bb4b7ac78086476ee8b5c9cb,4,rag_5,5,5,16,2,2,1,0.8,0.2231435513142097,0.054999999999999986,1346,49,0.05,0.1,0.8,0.05
601,28f0ff41367b93d1bb4b7ac78086476ee8b5c9cb,4,rag_10,10,10,16,2,2,1,0.8,0.2231435513142097,0.054999999999999986,1907,49,0.05,0.1,0.8,0.05
601,28f0ff41367b93d1bb4b7ac78086476ee8b5c9cb,4,rag_all_support,-1,16,16,2,2,1,0.78,0.2484613592984996,0.0678,2573,49,0.12,0.05,0.78,0.05
559,2353dc5c0dce8d4cff0a5f314a3306090666f263,1,query_only,0,0,7,1,3,0,0.1,2.3025850929940455,1.385,549,49,0.05,0.1,0.1,0.75
559,2353dc5c0dce8d4cff0a5f314a3306090666f263,1,rag_1,1,1,7,1,3,0,0.25,1.3862943611198906,0.9349999999999999,646,49,0.05,0.25,0.1,0.6
559,2353dc5c0dce8d4cff0a5f314a3306090666f263,1,rag_3,3,3,7,1,3,0,0.2,1.6094379124341003,0.9368000000000001,889,49,0.12,0.2,0.18,0.5
559,2353dc5c0dce8d4cff0a5f314a3306090666f263,1,rag_5,5,5,7,1,3,0,0.2,1.6094379124341003,0.9150000000000001,1111,49,0.1,0.2,0.25,0.45
559,2353dc5c0dce8d4cff0a5f314a3306090666f263,1,rag_10,10,7,7,1,0,0,0.1,2.3025850929940455,1.1400000000000001,1395,49,0.5,0.1,0.2,0.2
559,2353dc5c0dce8d4cff0a5f314a3306090666f263,1,rag_all_support,-1,7,7,1,0,0,0.1,2.3025850929940455,1.1400000000000001,1395,49,0.5,0.1,0.2,0.2
522,89b9a14fade733b87d0dac70816389a2c2cd698e,4,query_only,0,0,14,0,2,0,0.05,2.995732273553991,1.63,507,49,0.05,0.05,0.85,0.05
522,89b9a14fade733b87d0dac70816389a2c2cd698e,4,rag_1,1,1,14,0,0,1,0.6,0.5108256237659907,0.25500000000000006,626,49,0.6,0.05,0.3,0.05
522,89b9a14fade733b87d0dac70816389a2c2cd698e,4,rag_3,3,3,14,0,2,0,0.25,1.3862943611198906,0.8150000000000001,827,49,0.25,0.2,0.45,0.1
522,89b9a14fade733b87d0dac70816389a2c2cd698e,4,rag_5,5,5,14,0,2,0,0.15,1.8971199848858813,1.1149999999999998,1059,49,0.15,0.1,0.6,0.15
522,89b9a14fade733b87d0dac70816389a2c2cd698e,4,rag_10,10,10,14,0,0,1,0.4,0.916290731874155,0.515,1601,49,0.4,0.15,0.35,0.1
522,89b9a14fade733b87d0dac70816389a2c2cd698e,4,rag_all_support,-1,14,14,0,2,0,0.2,1.6094379124341003,0.9750000000000001,2206,49,0.2,0.15,0.55,0.1
60,940873c27885cc66e52a1248a5f2a4c6f68bacd6,1,query_only,0,0,13,1,0,0,0.3,1.2039728043259361,0.6949999999999998,448,49,0.4,0.3,0.15,0.15
60,940873c27885cc66e52a1248a5f2a4c6f68bacd6,1,rag_1,1,1,13,1,1,1,0.35,1.0498221244986778,0.5650000000000001,538,49,0.25,0.35,0.2,0.2
60,940873c27885cc66e52a1248a5f2a4c6f68bacd6,1,rag_3,3,3,13,1,1,1,0.3,1.2039728043259361,0.6649999999999999,757,49,0.25,0.3,0.15,0.3
60,940873c27885cc66e52a1248a5f2a4c6f68bacd6,1,rag_5,5,5,13,1,1,1,0.35,1.0498221244986778,0.5750000000000001,950,49,0.3,0.35,0.15,0.2
60,940873c27885cc66e52a1248a5f2a4c6f68bacd6,1,rag_10,10,10,13,1,1,1,0.3,1.2039728043259361,0.6649999999999999,1434,49,0.25,0.3,0.15,0.3
60,940873c27885cc66e52a1248a5f2a4c6f68bacd6,1,rag_all_support,-1,13,13,1,0,0,0.3,1.2039728043259361,0.6749999999999999,1875,49,0.35,0.3,0.15,0.2
692,16fd43142b00071fe9233b0d69d45289a1304991,0,query_only,0,0,17,1,1,1,0.7999999999999998,0.22314355131421,0.05500000000000006,484,49,0.04999999999999999,0.7999999999999998,0.04999999999999999,0.09999999999999998
692,16fd43142b00071fe9233b0d69d45289a1304991,0,rag_1,1,1,17,1,1,1,0.75,0.2876820724517809,0.09,682,49,0.05,0.75,0.05,0.15
692,16fd43142b00071fe9233b0d69d45289a1304991,0,rag_3,3,3,17,1,1,1,0.7,0.35667494393873245,0.15500000000000003,1045,49,0.05,0.7,0.0,0.25
692,16fd43142b00071fe9233b0d69d45289a1304991,0,rag_5,5,5,17,1,1,1,0.85,0.16251892949777494,0.03500000000000001,1327,49,0.05,0.85,0.0,0.1
692,16fd43142b00071fe9233b0d69d45289a1304991,0,rag_10,10,10,17,1,1,1,0.7,0.35667494393873245,0.15500000000000003,1791,49,0.05,0.7,0.0,0.25
692,16fd43142b00071fe9233b0d69d45289a1304991,0,rag_all_support,-1,17,17,1,1,1,0.8,0.2231435513142097,0.06499999999999997,2534,49,0.05,0.8,0.0,0.15
377,9bc8dfe99f2a30524e6835521170787e31947cb6,1,query_only,0,0,8,2,1,0,0.04999999999999999,2.9957322735539913,1.5549999999999995,421,49,0.04999999999999999,0.7999999999999998,0.04999999999999999,0.09999999999999998
377,9bc8dfe99f2a30524e6835521170787e31947cb6,1,rag_1,1,1,8,2,2,1,0.55,0.5978370007556204,0.30499999999999994,531,49,0.05,0.3,0.55,0.1
377,9bc8dfe99f2a30524e6835521170787e31947cb6,1,rag_3,3,3,8,2,2,1,0.4,0.916290731874155,0.5149999999999999,745,49,0.1,0.15,0.4,0.35
377,9bc8dfe99f2a30524e6835521170787e31947cb6,1,rag_5,5,5,8,2,1,0,0.18,1.7147984280919266,1.0198000000000003,934,49,0.07,0.55,0.18,0.2
377,9bc8dfe99f2a30524e6835521170787e31947cb6,1,rag_10,10,8,8,2,3,0,0.30000000000000004,1.203972804325936,0.685,1260,49,0.10000000000000002,0.25000000000000006,0.30000000000000004,0.35000000000000003
377,9bc8dfe99f2a30524e6835521170787e31947cb6,1,rag_all_support,-1,8,8,2,3,0,0.30000000000000004,1.203972804325936,0.685,1260,49,0.10000000000000002,0.25000000000000006,0.30000000000000004,0.35000000000000003
67,c9d79921d049bb7255303e8ea5a0a20ca98ae175,4,query_only,0,0,15,0,1,0,0.25,1.3862943611198906,0.795,509,49,0.25,0.4,0.1,0.25
67,c9d79921d049bb7255303e8ea5a0a20ca98ae175,4,rag_1,1,1,15,0,1,0,0.25,1.3862943611198906,0.785,634,49,0.25,0.4,0.15,0.2
67,c9d79921d049bb7255303e8ea5a0a20ca98ae175,4,rag_3,3,3,15,0,0,1,0.45,0.7985076962177716,0.405,849,49,0.45,0.2,0.15,0.2
67,c9d79921d049bb7255303e8ea5a0a20ca98ae175,4,rag_5,5,5,15,0,0,1,0.35,1.0498221244986778,0.5750000000000001,1078,49,0.35,0.2,0.15,0.3
67,c9d79921d049bb7255303e8ea5a0a20ca98ae175,4,rag_10,10,10,15,0,0,1,0.4,0.916290731874155,0.4800000000000001,1615,49,0.4,0.2,0.2,0.2
67,c9d79921d049bb7255303e8ea5a0a20ca98ae175,4,rag_all_support,-1,15,15,0,0,1,0.45,0.7985076962177716,0.44500000000000006,2352,49,0.45,0.35,0.1,0.1
346,c74dac5febc7c7634559f5eaa9160f89b82e0736,6,query_only,0,0,14,2,3,0,0.15,1.8971199848858813,1.2249999999999999,546,49,0.1,0.05,0.15,0.7
346,c74dac5febc7c7634559f5eaa9160f89b82e0736,6,rag_1,1,1,14,2,2,1,0.55,0.5978370007556204,0.2899999999999999,663,49,0.15,0.05,0.55,0.25
346,c74dac5febc7c7634559f5eaa9160f89b82e0736,6,rag_3,3,3,14,2,2,1,0.78,0.2484613592984996,0.06499999999999999,870,49,0.07,0.06,0.78,0.09
346,c74dac5febc7c7634559f5eaa9160f89b82e0736,6,rag_5,5,5,14,2,2,1,0.75,0.2876820724517809,0.08499999999999999,1094,49,0.1,0.05,0.75,0.1
346,c74dac5febc7c7634559f5eaa9160f89b82e0736,6,rag_10,10,10,14,2,2,1,0.75,0.2876820724517809,0.09,1604,49,0.05,0.05,0.75,0.15
346,c74dac5febc7c7634559f5eaa9160f89b82e0736,6,rag_all_support,-1,14,14,2,2,1,0.8,0.2231435513142097,0.054999999999999986,2045,49,0.05,0.05,0.8,0.1
644,45ac582786a03dd49e379f302312e0c89fe8d2f3,3,query_only,0,0,13,0,1,0,0.1,2.3025850929940455,1.185,482,49,0.1,0.55,0.25,0.1
644,45ac582786a03dd49e379f302312e0c89fe8d2f3,3,rag_1,1,1,13,0,0,1,0.5,0.6931471805599453,0.335,585,49,0.5,0.15,0.2,0.15
644,45ac582786a03dd49e379f302312e0c89fe8d2f3,3,rag_3,3,3,13,0,0,1,0.6,0.5108256237659907,0.22500000000000003,862,49,0.6,0.15,0.2,0.05
644,45ac582786a03dd49e379f302312e0c89fe8d2f3,3,rag_5,5,5,13,0,0,1,0.55,0.5978370007556204,0.27499999999999997,1080,49,0.55,0.2,0.15,0.1
644,45ac582786a03dd49e379f302312e0c89fe8d2f3,3,rag_10,10,10,13,0,0,1,0.65,0.4307829160924542,0.16499999999999998,1618,49,0.65,0.1,0.15,0.1
644,45ac582786a03dd49e379f302312e0c89fe8d2f3,3,rag_all_support,-1,13,13,0,0,1,0.55,0.5978370007556204,0.27499999999999997,2041,49,0.55,0.2,0.15,0.1
529,582aa0b5331d20d91af7e16a527d76506c6e6064,4,query_only,0,0,14,3,1,0,0.16,1.8325814637483102,1.3157999999999999,470,49,0.03,0.78,0.03,0.16
529,582aa0b5331d20d91af7e16a527d76506c6e6064,4,rag_1,1,1,14,3,1,0,0.2,1.6094379124341003,1.135,581,49,0.05,0.7,0.05,0.2
529,582aa0b5331d20d91af7e16a527d76506c6e6064,4,rag_3,3,3,14,3,1,0,0.09999999999999998,2.302585092994046,1.4549999999999996,766,49,0.04999999999999999,0.7999999999999998,0.04999999999999999,0.09999999999999998
529,582aa0b5331d20d91af7e16a527d76506c6e6064,4,rag_5,5,5,14,3,1,0,0.3,1.2039728043259361,0.855,931,49,0.05,0.6,0.05,0.3
529,582aa0b5331d20d91af7e16a527d76506c6e6064,4,rag_10,10,10,14,3,3,1,0.55,0.5978370007556204,0.32999999999999996,1506,49,0.05,0.35,0.05,0.55
529,582aa0b5331d20d91af7e16a527d76506c6e6064,4,rag_all_support,-1,14,14,3,3,1,0.55,0.5978370007556204,0.32999999999999996,2004,49,0.05,0.35,0.05,0.55
218,fec12d115834583971a57d106afcbdf73b7717d2,3,query_only,0,0,11,3,2,0,0.25,1.3862943611198906,0.755,466,49,0.25,0.2,0.3,0.25
218,fec12d115834583971a57d106afcbdf73b7717d2,3,rag_1,1,1,11,3,2,0,0.2,1.6094379124341003,0.9050000000000001,586,49,0.2,0.15,0.45,0.2
218,fec12d115834583971a57d106afcbdf73b7717d2,3,rag_3,3,3,11,3,0,0,0.25,1.3862943611198906,0.7849999999999999,828,49,0.35,0.1,0.3,0.25
218,fec12d115834583971a57d106afcbdf73b7717d2,3,rag_5,5,5,11,3,2,0,0.2,1.6094379124341003,0.8750000000000001,1028,49,0.3,0.15,0.35,0.2
218,fec12d115834583971a57d106afcbdf73b7717d2,3,rag_10,10,10,11,3,2,0,0.1,2.3025850929940455,1.1150000000000002,1579,49,0.35,0.15,0.4,0.1
218,fec12d115834583971a57d106afcbdf73b7717d2,3,rag_all_support,-1,11,11,3,0,0,0.15,1.8971199848858813,0.9899999999999999,1697,49,0.35,0.15,0.35,0.15
213,052c06e042828dc95397638c58eb866fced8c5b0,5,query_only,0,0,11,1,0,0,0.05,2.995732273553991,1.325,430,49,0.6,0.05,0.2,0.15
213,052c06e042828dc95397638c58eb866fced8c5b0,5,rag_1,1,1,11,1,2,0,0.05,2.995732273553991,1.5550000000000002,548,49,0.1,0.05,0.8,0.05
213,052c06e042828dc95397638c58eb866fced8c5b0,5,rag_3,3,3,11,1,2,0,0.05,2.995732273553991,1.335,731,49,0.1,0.05,0.6,0.25
213,052c06e042828dc95397638c58eb866fced8c5b0,5,rag_5,5,5,11,1,2,0,0.15,1.8971199848858813,1.075,924,49,0.1,0.15,0.55,0.2
213,052c06e042828dc95397638c58eb866fced8c5b0,5,rag_10,10,10,11,1,1,1,0.6000000000000001,0.5108256237659905,0.21999999999999995,1480,49,0.10000000000000002,0.6000000000000001,0.20000000000000004,0.10000000000000002
213,052c06e042828dc95397638c58eb866fced8c5b0,5,rag_all_support,-1,11,11,1,1,1,0.55,0.5978370007556204,0.285,1603,49,0.1,0.55,0.25,0.1
299,36a42f9af9674deb39c0ef4349a3553f7d162e83,0,query_only,0,0,5,3,1,0,0.05,2.995732273553991,1.335,552,49,0.25,0.6,0.1,0.05
299,36a42f9af9674deb39c0ef4349a3553f7d162e83,0,rag_1,1,1,5,3,0,0,0.05,2.995732273553991,1.33,672,49,0.55,0.35,0.05,0.05
299,36a42f9af9674deb39c0ef4349a3553f7d162e83,0,rag_3,3,3,5,3,0,0,0.05,2.995732273553991,1.355,936,49,0.6,0.3,0.05,0.05
299,36a42f9af9674deb39c0ef4349a3553f7d162e83,0,rag_5,5,5,5,3,0,0,0.15,1.8971199848858813,1.045,1224,49,0.5,0.25,0.1,0.15
299,36a42f9af9674deb39c0ef4349a3553f7d162e83,0,rag_10,10,5,5,3,0,0,0.15,1.8971199848858813,1.045,1224,49,0.5,0.25,0.1,0.15
299,36a42f9af9674deb39c0ef4349a3553f7d162e83,0,rag_all_support,-1,5,5,3,0,0,0.15,1.8971199848858813,1.045,1224,49,0.5,0.25,0.1,0.15
737,f01b9a3bcc59c68dba4d234ca29043c23d10fe2f,1,query_only,0,0,8,0,2,0,0.25,1.3862943611198906,0.8899999999999999,488,49,0.25,0.05,0.55,0.15
737,f01b9a3bcc59c68dba4d234ca29043c23d10fe2f,1,rag_1,1,1,8,0,2,0,0.3,1.2039728043259361,0.7,583,49,0.3,0.1,0.4,0.2
737,f01b9a3bcc59c68dba4d234ca29043c23d10fe2f,1,rag_3,3,3,8,0,3,0,0.25,1.3862943611198906,0.785,795,49,0.25,0.15,0.2,0.4
737,f01b9a3bcc59c68dba4d234ca29043c23d10fe2f,1,rag_5,5,5,8,0,3,0,0.18,1.7147984280919266,1.0118,1084,49,0.18,0.15,0.12,0.55
737,f01b9a3bcc59c68dba4d234ca29043c23d10fe2f,1,rag_10,10,8,8,0,3,0,0.30000000000000004,1.203972804325936,0.675,1593,49,0.30000000000000004,0.15000000000000002,0.20000000000000004,0.35000000000000003
737,f01b9a3bcc59c68dba4d234ca29043c23d10fe2f,1,rag_all_support,-1,8,8,0,3,0,0.30000000000000004,1.203972804325936,0.675,1593,49,0.30000000000000004,0.15000000000000002,0.20000000000000004,0.35000000000000003
244,0494b0c229fb55196acee84fb249693e0c7ad29a,1,query_only,0,0,9,3,2,0,0.1,2.3025850929940455,1.62,505,49,0.0,0.0,0.9,0.1
244,0494b0c229fb55196acee84fb249693e0c7ad29a,1,rag_1,1,1,9,3,2,0,0.05,2.995732273553991,1.7149999999999999,679,49,0.05,0.0,0.9,0.05
244,0494b0c229fb55196acee84fb249693e0c7ad29a,1,rag_3,3,3,9,3,2,0,0.05,2.995732273553991,1.63,871,49,0.05,0.05,0.85,0.05
244,0494b0c229fb55196acee84fb249693e0c7ad29a,1,rag_5,5,5,9,3,2,0,0.05,2.995732273553991,1.63,1122,49,0.05,0.05,0.85,0.05
244,0494b0c229fb55196acee84fb249693e0c7ad29a,1,rag_10,10,9,9,3,2,0,0.05,2.995732273553991,1.63,1522,49,0.05,0.05,0.85,0.05
244,0494b0c229fb55196acee84fb249693e0c7ad29a,1,rag_all_support,-1,9,9,3,2,0,0.05,2.995732273553991,1.63,1522,49,0.05,0.05,0.85,0.05
740,d35768b67ce8ed7e0cb6cb2dcb96b4ded5cce9b5,4,query_only,0,0,15,0,3,0,0.15,1.8971199848858813,1.015,431,49,0.15,0.35,0.1,0.4
740,d35768b67ce8ed7e0cb6cb2dcb96b4ded5cce9b5,4,rag_1,1,1,15,0,0,1,0.4499999999999999,0.7985076962177718,0.475,517,49,0.4499999999999999,0.3999999999999999,0.04999999999999999,0.09999999999999998
740,d35768b67ce8ed7e0cb6cb2dcb96b4ded5cce9b5,4,rag_3,3,3,15,0,0,1,0.4,0.916290731874155,0.5449999999999999,722,49,0.4,0.4,0.05,0.15
740,d35768b67ce8ed7e0cb6cb2dcb96b4ded5cce9b5,4,rag_5,5,5,15,0,0,1,0.4499999999999999,0.7985076962177718,0.475,940,49,0.4499999999999999,0.3999999999999999,0.04999999999999999,0.09999999999999998
740,d35768b67ce8ed7e0cb6cb2dcb96b4ded5cce9b5,4,rag_10,10,10,15,0,1,0,0.26,1.3470736479666092,0.8472000000000001,1493,49,0.26,0.52,0.06,0.16
740,d35768b67ce8ed7e0cb6cb2dcb96b4ded5cce9b5,4,rag_all_support,-1,15,15,0,1,0,0.2,1.6094379124341003,1.025,2345,49,0.2,0.6,0.05,0.15
689,35cfbe44b8970249f0a9b6705be49d70926bc4ae,5,query_only,0,0,14,0,2,0,0.35,1.0498221244986778,0.685,475,49,0.35,0.1,0.5,0.05
689,35cfbe44b8970249f0a9b6705be49d70926bc4ae,5,rag_1,1,1,14,0,0,1,0.55,0.5978370007556204,0.30379999999999996,564,49,0.55,0.15,0.28,0.02
689,35cfbe44b8970249f0a9b6705be49d70926bc4ae,5,rag_3,3,3,14,0,0,1,0.55,0.5978370007556204,0.29,736,49,0.55,0.15,0.25,0.05
689,35cfbe44b8970249f0a9b6705be49d70926bc4ae,5,rag_5,5,5,14,0,0,1,0.6,0.5108256237659907,0.23500000000000004,921,49,0.6,0.1,0.25,0.05
689,35cfbe44b8970249f0a9b6705be49d70926bc4ae,5,rag_10,10,10,14,0,0,1,0.6,0.5108256237659907,0.23500000000000004,1425,49,0.6,0.1,0.25,0.05
689,35cfbe44b8970249f0a9b6705be49d70926bc4ae,5,rag_all_support,-1,14,14,0,0,1,0.55,0.5978370007556204,0.305,1866,49,0.55,0.1,0.3,0.05
649,f5aa76a160f13ef35a1ef9bf49828f4c654dc6b6,4,query_only,0,0,15,0,3,0,0.15,1.8971199848858813,1.125,597,49,0.15,0.05,0.2,0.6
649,f5aa76a160f13ef35a1ef9bf49828f4c654dc6b6,4,rag_1,1,1,15,0,2,0,0.12000000000000001,2.120263536200091,1.1298,709,49,0.12000000000000001,0.05000000000000001,0.48000000000000004,0.35000000000000003
649,f5aa76a160f13ef35a1ef9bf49828f4c654dc6b6,4,rag_3,3,3,15,0,3,0,0.25,1.3862943611198906,0.815,903,49,0.25,0.05,0.3,0.4
649,f5aa76a160f13ef35a1ef9bf49828f4c654dc6b6,4,rag_5,5,5,15,0,3,0,0.2,1.6094379124341003,0.935,1120,49,0.2,0.05,0.3,0.45
649,f5aa76a160f13ef35a1ef9bf49828f4c654dc6b6,4,rag_10,10,10,15,0,2,0,0.1,2.3025850929940455,1.2750000000000001,1681,49,0.1,0.05,0.65,0.2
649,f5aa76a160f13ef35a1ef9bf49828f4c654dc6b6,4,rag_all_support,-1,15,15,0,2,0,0.2,1.6094379124341003,0.935,2323,49,0.2,0.05,0.45,0.3
76,fe788bf214f0b6eeb990f37f17a1409a6b49c338,2,query_only,0,0,17,2,2,1,0.5,0.6931471805599453,0.355,535,49,0.05,0.2,0.5,0.25
76,fe788bf214f0b6eeb990f37f17a1409a6b49c338,2,rag_1,1,1,17,2,2,1,0.7,0.35667494393873245,0.12500000000000003,663,49,0.05,0.1,0.7,0.15
76,fe788bf214f0b6eeb990f37f17a1409a6b49c338,2,rag_3,3,3,17,2,2,1,0.55,0.5978370007556204,0.27499999999999997,994,49,0.1,0.2,0.55,0.15
76,fe788bf214f0b6eeb990f37f17a1409a6b49c338,2,rag_5,5,5,17,2,2,1,0.5,0.6931471805599453,0.355,1206,49,0.05,0.25,0.5,0.2
76,fe788bf214f0b6eeb990f37f17a1409a6b49c338,2,rag_10,10,10,17,2,2,1,0.6,0.5108256237659907,0.22500000000000003,1854,49,0.05,0.15,0.6,0.2
76,fe788bf214f0b6eeb990f37f17a1409a6b49c338,2,rag_all_support,-1,17,17,2,1,0,0.3,1.2039728043259361,0.7477999999999999,2685,49,0.07,0.48,0.3,0.15
767,2809b3717bcaa39e90a065fd0062d7d5bfa4a856,1,query_only,0,0,7,3,2,0,0.2,1.6094379124341003,1.135,530,49,0.05,0.05,0.7,0.2
767,2809b3717bcaa39e90a065fd0062d7d5bfa4a856,1,rag_1,1,1,7,3,2,0,0.14,1.9661128563728327,1.1,647,49,0.12,0.18,0.56,0.14
767,2809b3717bcaa39e90a065fd0062d7d5bfa4a856,1,rag_3,3,3,7,3,2,0,0.10000000000000002,2.3025850929940455,1.3250000000000002,884,49,0.15000000000000002,0.05000000000000001,0.7000000000000001,0.10000000000000002
767,2809b3717bcaa39e90a065fd0062d7d5bfa4a856,1,rag_5,5,5,7,3,2,0,0.15,1.8971199848858813,0.985,1107,49,0.25,0.2,0.4,0.15
767,2809b3717bcaa39e90a065fd0062d7d5bfa4a856,1,rag_10,10,7,7,3,2,0,0.10000000000000002,2.3025850929940455,1.3250000000000002,1293,49,0.15000000000000002,0.05000000000000001,0.7000000000000001,0.10000000000000002
767,2809b3717bcaa39e90a065fd0062d7d5bfa4a856,1,rag_all_support,-1,7,7,3,2,0,0.10000000000000002,2.3025850929940455,1.3250000000000002,1293,49,0.15000000000000002,0.05000000000000001,0.7000000000000001,0.10000000000000002
439,258e3721803ff45dd451e93be6e7e3509e2e3ae2,0,query_only,0,0,19,2,0,0,0.3,1.2039728043259361,0.8049999999999999,501,49,0.55,0.1,0.3,0.05
439,258e3721803ff45dd451e93be6e7e3509e2e3ae2,0,rag_1,1,1,19,2,1,0,0.38,0.9675840262617056,0.6038,612,49,0.12,0.45,0.38,0.05
439,258e3721803ff45dd451e93be6e7e3509e2e3ae2,0,rag_3,3,3,19,2,1,0,0.35,1.0498221244986778,0.685,881,49,0.1,0.5,0.35,0.05
439,258e3721803ff45dd451e93be6e7e3509e2e3ae2,0,rag_5,5,5,19,2,2,1,0.45,0.7985076962177716,0.4398,1106,49,0.18,0.32,0.45,0.05
439,258e3721803ff45dd451e93be6e7e3509e2e3ae2,0,rag_10,10,10,19,2,2,1,0.55,0.5978370007556204,0.285,1633,49,0.1,0.25,0.55,0.1
439,258e3721803ff45dd451e93be6e7e3509e2e3ae2,0,rag_all_support,-1,19,19,2,2,1,0.48000000000000004,0.7339691750802003,0.3936000000000001,2974,49,0.12000000000000001,0.32000000000000006,0.48000000000000004,0.08000000000000002
584,31a17fcda761673a7fc9edbf147398a11bdb9862,3,query_only,0,0,11,3,0,0,0.3,1.2039728043259361,0.8049999999999999,425,49,0.55,0.1,0.05,0.3
584,31a17fcda761673a7fc9edbf147398a11bdb9862,3,rag_1,1,1,11,3,0,0,0.25,1.3862943611198906,0.8900000000000001,539,49,0.55,0.15,0.05,0.25
584,31a17fcda761673a7fc9edbf147398a11bdb9862,3,rag_3,3,3,11,3,0,0,0.25,1.3862943611198906,0.935,733,49,0.6,0.05,0.1,0.25
584,31a17fcda761673a7fc9edbf147398a11bdb9862,3,rag_5,5,5,11,3,0,0,0.15,1.8971199848858813,1.0899999999999999,913,49,0.55,0.05,0.25,0.15
584,31a17fcda761673a7fc9edbf147398a11bdb9862,3,rag_10,10,10,11,3,0,0,0.25,1.3862943611198906,0.935,1400,49,0.6,0.1,0.05,0.25
584,31a17fcda761673a7fc9edbf147398a11bdb9862,3,rag_all_support,-1,11,11,3,0,0,0.3,1.2039728043259361,0.76,1543,49,0.5,0.1,0.1,0.3
261,52ab271c1f9bcb42d2a81ad7639d88505d63df17,3,query_only,0,0,8,3,0,0,0.2,1.6094379124341003,0.9750000000000002,647,49,0.55,0.15,0.1,0.2
261,52ab271c1f9bcb42d2a81ad7639d88505d63df17,3,rag_1,1,1,8,3,0,0,0.4,0.916290731874155,0.575,811,49,0.45,0.05,0.1,0.4
261,52ab271c1f9bcb42d2a81ad7639d88505d63df17,3,rag_3,3,3,8,3,0,0,0.35,1.0498221244986778,0.685,1064,49,0.5,0.05,0.1,0.35
261,52ab271c1f9bcb42d2a81ad7639d88505d63df17,3,rag_5,5,5,8,3,0,0,0.35,1.0498221244986778,0.685,1558,49,0.5,0.05,0.1,0.35
261,52ab271c1f9bcb42d2a81ad7639d88505d63df17,3,rag_10,10,8,8,3,0,0,0.35,1.0498221244986778,0.685,2405,49,0.5,0.05,0.1,0.35
261,52ab271c1f9bcb42d2a81ad7639d88505d63df17,3,rag_all_support,-1,8,8,3,0,0,0.35,1.0498221244986778,0.685,2405,49,0.5,0.05,0.1,0.35
595,b46118b5d9e7791080551ce92ad20234fe91649b,7,query_only,0,0,17,1,3,0,0.05,2.995732273553991,1.63,479,49,0.05,0.05,0.05,0.85
595,b46118b5d9e7791080551ce92ad20234fe91649b,7,rag_1,1,1,17,1,3,0,0.1,2.3025850929940455,1.385,570,49,0.1,0.1,0.05,0.75
595,b46118b5d9e7791080551ce92ad20234fe91649b,7,rag_3,3,3,17,1,3,0,0.25,1.3862943611198906,0.815,771,49,0.3,0.25,0.05,0.4
595,b46118b5d9e7791080551ce92ad20234fe91649b,7,rag_5,5,5,17,1,3,0,0.15,1.8971199848858813,1.125,966,49,0.2,0.15,0.05,0.6
595,b46118b5d9e7791080551ce92ad20234fe91649b,7,rag_10,10,10,17,1,3,0,0.3,1.2039728043259361,0.7349999999999999,1524,49,0.2,0.3,0.05,0.45
595,b46118b5d9e7791080551ce92ad20234fe91649b,7,rag_all_support,-1,17,17,1,1,1,0.35,1.0498221244986778,0.61,2578,49,0.25,0.35,0.05,0.35
899,864d90a659ff0f3ed87ef1be43822f06f7a0d65b,7,query_only,0,0,17,1,1,1,0.4,0.916290731874155,0.5216,582,49,0.16,0.4,0.36,0.08
899,864d90a659ff0f3ed87ef1be43822f06f7a0d65b,7,rag_1,1,1,17,1,1,1,0.55,0.5978370007556204,0.29,685,49,0.15,0.55,0.25,0.05
899,864d90a659ff0f3ed87ef1be43822f06f7a0d65b,7,rag_3,3,3,17,1,1,1,0.5499999999999999,0.5978370007556205,0.275,1022,49,0.14999999999999997,0.5499999999999999,0.19999999999999996,0.09999999999999998
899,864d90a659ff0f3ed87ef1be43822f06f7a0d65b,7,rag_5,5,5,17,1,1,1,0.5,0.6931471805599453,0.36,1234,49,0.1,0.5,0.1,0.3
899,864d90a659ff0f3ed87ef1be43822f06f7a0d65b,7,rag_10,10,10,17,1,1,1,0.6,0.5108256237659907,0.21500000000000002,1794,49,0.1,0.6,0.15,0.15
899,864d90a659ff0f3ed87ef1be43822f06f7a0d65b,7,rag_all_support,-1,17,17,1,1,1,0.6000000000000001,0.5108256237659905,0.21999999999999995,2640,49,0.10000000000000002,0.6000000000000001,0.20000000000000004,0.10000000000000002
382,d86be374d9d89dc491187c61038cd83dfcdcc77b,2,query_only,0,0,12,3,1,0,0.2,1.6094379124341003,1.0250000000000001,396,49,0.05,0.6,0.15,0.2
382,d86be374d9d89dc491187c61038cd83dfcdcc77b,2,rag_1,1,1,12,3,1,0,0.35,1.0498221244986778,0.685,491,49,0.05,0.5,0.1,0.35
382,d86be374d9d89dc491187c61038cd83dfcdcc77b,2,rag_3,3,3,12,3,1,0,0.31,1.171182981502945,0.7145999999999999,688,49,0.06,0.45,0.18,0.31
382,d86be374d9d89dc491187c61038cd83dfcdcc77b,2,rag_5,5,5,12,3,1,0,0.25,1.3862943611198906,0.935,969,49,0.05,0.6,0.1,0.25
382,d86be374d9d89dc491187c61038cd83dfcdcc77b,2,rag_10,10,10,12,3,1,0,0.25,1.3862943611198906,0.855,1550,49,0.05,0.5,0.2,0.25
382,d86be374d9d89dc491187c61038cd83dfcdcc77b,2,rag_all_support,-1,12,12,3,1,0,0.35,1.0498221244986778,0.685,1844,49,0.05,0.5,0.1,0.35
363,e0a039f69f1cf20bbcb3474966985333708a5f0a,2,query_only,0,0,9,1,1,1,0.8,0.2231435513142097,0.06499999999999997,434,49,0.05,0.8,0.0,0.15
363,e0a039f69f1cf20bbcb3474966985333708a5f0a,2,rag_1,1,1,9,1,1,1,0.85,0.16251892949777494,0.03500000000000001,533,49,0.05,0.85,0.0,0.1
363,e0a039f69f1cf20bbcb3474966985333708a5f0a,2,rag_3,3,3,9,1,1,1,0.9,0.10536051565782628,0.014999999999999996,907,49,0.05,0.9,0.0,0.05
363,e0a039f69f1cf20bbcb3474966985333708a5f0a,2,rag_5,5,5,9,1,1,1,0.9,0.10536051565782628,0.014999999999999996,1128,49,0.05,0.9,0.0,0.05
363,e0a039f69f1cf20bbcb3474966985333708a5f0a,2,rag_10,10,9,9,1,1,1,0.9,0.10536051565782628,0.014999999999999996,1590,49,0.05,0.9,0.0,0.05
363,e0a039f69f1cf20bbcb3474966985333708a5f0a,2,rag_all_support,-1,9,9,1,1,1,0.9,0.10536051565782628,0.014999999999999996,1590,49,0.05,0.9,0.0,0.05
527,f7cec5941566e249d753c4a37f9b3f35de186b94,4,query_only,0,0,11,0,2,0,0.05,2.995732273553991,1.63,528,49,0.05,0.05,0.85,0.05
527,f7cec5941566e249d753c4a37f9b3f35de186b94,4,rag_1,1,1,11,0,0,1,0.7,0.35667494393873245,0.13500000000000004,624,49,0.7,0.05,0.2,0.05
527,f7cec5941566e249d753c4a37f9b3f35de186b94,4,rag_3,3,3,11,0,2,0,0.3,1.2039728043259361,0.8549999999999999,841,49,0.3,0.05,0.6,0.05
527,f7cec5941566e249d753c4a37f9b3f35de186b94,4,rag_5,5,5,11,0,0,1,0.7,0.35667494393873245,0.13500000000000004,1043,49,0.7,0.05,0.2,0.05
527,f7cec5941566e249d753c4a37f9b3f35de186b94,4,rag_10,10,10,11,0,0,1,0.5499999999999999,0.5978370007556205,0.30500000000000005,1589,49,0.5499999999999999,0.04999999999999999,0.29999999999999993,0.09999999999999998
527,f7cec5941566e249d753c4a37f9b3f35de186b94,4,rag_all_support,-1,11,11,0,0,1,0.6,0.5108256237659907,0.23500000000000004,1759,49,0.6,0.05,0.25,0.1
867,630dd71984128190e4a5cc909c6187f30e7e1a23,1,query_only,0,0,14,0,2,0,0.15,1.8971199848858813,1.1149999999999998,432,49,0.15,0.1,0.6,0.15
867,630dd71984128190e4a5cc909c6187f30e7e1a23,1,rag_1,1,1,14,0,2,0,0.2,1.6094379124341003,0.9750000000000001,529,49,0.2,0.1,0.55,0.15
867,630dd71984128190e4a5cc909c6187f30e7e1a23,1,rag_3,3,3,14,0,2,0,0.18,1.7147984280919266,0.9768000000000001,729,49,0.18,0.12,0.5,0.2
867,630dd71984128190e4a5cc909c6187f30e7e1a23,1,rag_5,5,5,14,0,2,0,0.25,1.3862943611198906,0.785,952,49,0.25,0.2,0.4,0.15
867,630dd71984128190e4a5cc909c6187f30e7e1a23,1,rag_10,10,10,14,0,2,0,0.2,1.6094379124341003,0.9050000000000001,1533,49,0.2,0.15,0.45,0.2
867,630dd71984128190e4a5cc909c6187f30e7e1a23,1,rag_all_support,-1,14,14,0,2,0,0.25,1.3862943611198906,0.765,2143,49,0.25,0.2,0.35,0.2
332,eb0eaa08d2e81bf505acb790d37469ac8bcd201b,0,query_only,0,0,4,1,0,0,0.25,1.3862943611198906,0.75,580,49,0.25,0.25,0.25,0.25
332,eb0eaa08d2e81bf505acb790d37469ac8bcd201b,0,rag_1,1,1,4,1,1,1,0.4,0.916290731874155,0.54,746,49,0.1,0.4,0.1,0.4
332,eb0eaa08d2e81bf505acb790d37469ac8bcd201b,0,rag_3,3,3,4,1,1,1,0.32,1.1394342831883648,0.6197999999999999,1064,49,0.18,0.32,0.25,0.25
332,eb0eaa08d2e81bf505acb790d37469ac8bcd201b,0,rag_5,5,4,4,1,0,0,0.05,2.995732273553991,1.63,1248,49,0.85,0.05,0.05,0.05
332,eb0eaa08d2e81bf505acb790d37469ac8bcd201b,0,rag_10,10,4,4,1,0,0,0.05,2.995732273553991,1.63,1248,49,0.85,0.05,0.05,0.05
332,eb0eaa08d2e81bf505acb790d37469ac8bcd201b,0,rag_all_support,-1,4,4,1,0,0,0.05,2.995732273553991,1.63,1248,49,0.85,0.05,0.05,0.05
901,b02e8e5c15d0736e15a3fb3e761bdd782561da99,6,query_only,0,0,15,3,3,1,0.9,0.10536051565782628,0.014999999999999996,501,49,0.05,0.05,0.0,0.9
901,b02e8e5c15d0736e15a3fb3e761bdd782561da99,6,rag_1,1,1,15,3,3,1,0.9,0.10536051565782628,0.014999999999999996,736,49,0.05,0.05,0.0,0.9
901,b02e8e5c15d0736e15a3fb3e761bdd782561da99,6,rag_3,3,3,15,3,3,1,0.9,0.10536051565782628,0.014999999999999996,935,49,0.05,0.05,0.0,0.9
901,b02e8e5c15d0736e15a3fb3e761bdd782561da99,6,rag_5,5,5,15,3,3,1,0.85,0.16251892949777494,0.03500000000000001,1165,49,0.1,0.05,0.0,0.85
901,b02e8e5c15d0736e15a3fb3e761bdd782561da99,6,rag_10,10,10,15,3,3,1,0.85,0.16251892949777494,0.03500000000000001,1795,49,0.1,0.05,0.0,0.85
901,b02e8e5c15d0736e15a3fb3e761bdd782561da99,6,rag_all_support,-1,15,15,3,3,1,0.85,0.16251892949777494,0.03500000000000001,2305,49,0.1,0.05,0.0,0.85
936,de4ddcc12c701a6bb695d92bfca7827f6a32ee10,0,query_only,0,0,19,1,0,0,0.1,2.3025850929940455,1.175,494,49,0.55,0.1,0.15,0.2
936,de4ddcc12c701a6bb695d92bfca7827f6a32ee10,0,rag_1,1,1,19,1,3,0,0.05,2.995732273553991,1.375,575,49,0.2,0.05,0.1,0.65
936,de4ddcc12c701a6bb695d92bfca7827f6a32ee10,0,rag_3,3,3,19,1,0,0,0.1,2.3025850929940455,1.205,803,49,0.55,0.1,0.05,0.3
936,de4ddcc12c701a6bb695d92bfca7827f6a32ee10,0,rag_5,5,5,19,1,0,0,0.15,1.8971199848858813,1.075,978,49,0.55,0.15,0.1,0.2
936,de4ddcc12c701a6bb695d92bfca7827f6a32ee10,0,rag_10,10,10,19,1,0,0,0.3,1.2039728043259361,0.6749999999999999,1440,49,0.35,0.3,0.15,0.2
936,de4ddcc12c701a6bb695d92bfca7827f6a32ee10,0,rag_all_support,-1,19,19,1,1,1,0.35,1.0498221244986778,0.5750000000000001,2783,49,0.2,0.35,0.15,0.3
570,f252309ca87d6f0deed2332f22d7578d174eba49,2,query_only,0,0,9,3,0,0,0.1,2.3025850929940455,1.5337999999999998,489,49,0.85,0.02,0.03,0.1
570,f252309ca87d6f0deed2332f22d7578d174eba49,2,rag_1,1,1,9,3,0,0,0.2,1.6094379124341003,1.2038000000000002,621,49,0.75,0.03,0.02,0.2
570,f252309ca87d6f0deed2332f22d7578d174eba49,2,rag_3,3,3,9,3,0,0,0.22,1.5141277326297755,1.1288,833,49,0.72,0.04,0.02,0.22
570,f252309ca87d6f0deed2332f22d7578d174eba49,2,rag_5,5,5,9,3,0,0,0.2,1.6094379124341003,1.135,1036,49,0.7,0.05,0.05,0.2
570,f252309ca87d6f0deed2332f22d7578d174eba49,2,rag_10,10,9,9,3,0,0,0.22,1.5141277326297755,1.1714,1432,49,0.75,0.02,0.01,0.22
570,f252309ca87d6f0deed2332f22d7578d174eba49,2,rag_all_support,-1,9,9,3,0,0,0.22,1.5141277326297755,1.1714,1432,49,0.75,0.02,0.01,0.22
985,57cdde9de7033b0440eea7fe4695a7422dc838d6,1,query_only,0,0,11,3,3,1,0.65,0.4307829160924542,0.1798,461,49,0.22,0.05,0.08,0.65
985,57cdde9de7033b0440eea7fe4695a7422dc838d6,1,rag_1,1,1,11,3,0,0,0.15,1.8971199848858813,1.065,564,49,0.5,0.3,0.05,0.15
985,57cdde9de7033b0440eea7fe4695a7422dc838d6,1,rag_3,3,3,11,3,3,1,0.55,0.5978370007556204,0.30499999999999994,787,49,0.3,0.05,0.1,0.55
985,57cdde9de7033b0440eea7fe4695a7422dc838d6,1,rag_5,5,5,11,3,3,1,0.5,0.6931471805599453,0.385,1126,49,0.35,0.05,0.1,0.5
985,57cdde9de7033b0440eea7fe4695a7422dc838d6,1,rag_10,10,10,11,3,2,0,0.35000000000000003,1.0498221244986776,0.6099999999999999,1675,49,0.25000000000000006,0.05000000000000001,0.35000000000000003,0.35000000000000003
985,57cdde9de7033b0440eea7fe4695a7422dc838d6,1,rag_all_support,-1,11,11,3,3,1,0.45,0.7985076962177716,0.45000000000000007,1850,49,0.35,0.05,0.15,0.45
30,d9711a2a10f2e9f98c25b5577f6041d8dc4f8e36,4,query_only,0,0,13,0,2,0,0.18,1.7147984280919266,0.9238000000000002,447,49,0.18,0.17,0.4,0.25
30,d9711a2a10f2e9f98c25b5577f6041d8dc4f8e36,4,rag_1,1,1,13,0,2,0,0.1,2.3025850929940455,1.175,558,49,0.1,0.15,0.55,0.2
30,d9711a2a10f2e9f98c25b5577f6041d8dc4f8e36,4,rag_3,3,3,13,0,0,1,0.6000000000000001,0.5108256237659905,0.21999999999999995,778,49,0.6000000000000001,0.10000000000000002,0.20000000000000004,0.10000000000000002
30,d9711a2a10f2e9f98c25b5577f6041d8dc4f8e36,4,rag_5,5,5,13,0,2,0,0.15,1.8971199848858813,1.0099999999999998,985,49,0.15,0.15,0.45,0.25
30,d9711a2a10f2e9f98c25b5577f6041d8dc4f8e36,4,rag_10,10,10,13,0,2,0,0.1,2.3025850929940455,1.145,1525,49,0.1,0.25,0.5,0.15
30,d9711a2a10f2e9f98c25b5577f6041d8dc4f8e36,4,rag_all_support,-1,13,13,0,2,0,0.15,1.8971199848858813,0.9749999999999999,1889,49,0.15,0.3,0.35,0.2
549,946866779bdc258b9e28f4094e667700aedc1b51,2,query_only,0,0,16,0,3,0,0.05,2.995732273553991,1.63,495,49,0.05,0.05,0.05,0.85
549,946866779bdc258b9e28f4094e667700aedc1b51,2,rag_1,1,1,16,0,0,1,0.7,0.35667494393873245,0.13500000000000004,614,49,0.7,0.05,0.05,0.2
549,946866779bdc258b9e28f4094e667700aedc1b51,2,rag_3,3,3,16,0,0,1,0.78,0.2484613592984996,0.07379999999999999,826,49,0.78,0.02,0.05,0.15
549,946866779bdc258b9e28f4094e667700aedc1b51,2,rag_5,5,5,16,0,0,1,0.7,0.35667494393873245,0.12500000000000003,1030,49,0.7,0.05,0.15,0.1
549,946866779bdc258b9e28f4094e667700aedc1b51,2,rag_10,10,10,16,0,0,1,0.65,0.4307829160924542,0.16999999999999998,1614,49,0.65,0.05,0.15,0.15
549,946866779bdc258b9e28f4094e667700aedc1b51,2,rag_all_support,-1,16,16,0,0,1,0.6,0.5108256237659907,0.23500000000000004,2375,49,0.6,0.05,0.1,0.25
136,57f38d5b809c7e8a263f4074e05e61cfd538d6bc,1,query_only,0,0,11,2,1,0,0.20000000000000004,1.6094379124341003,1.02,604,49,0.10000000000000002,0.6000000000000001,0.20000000000000004,0.10000000000000002
136,57f38d5b809c7e8a263f4074e05e61cfd538d6bc,1,rag_1,1,1,11,2,1,0,0.2,1.6094379124341003,1.0250000000000001,692,49,0.15,0.6,0.2,0.05
136,57f38d5b809c7e8a263f4074e05e61cfd538d6bc,1,rag_3,3,3,11,2,1,0,0.15,1.8971199848858813,1.2249999999999999,919,49,0.1,0.7,0.15,0.05
136,57f38d5b809c7e8a263f4074e05e61cfd538d6bc,1,rag_5,5,5,11,2,1,0,0.20000000000000004,1.6094379124341003,1.02,1118,49,0.10000000000000002,0.6000000000000001,0.20000000000000004,0.10000000000000002
136,57f38d5b809c7e8a263f4074e05e61cfd538d6bc,1,rag_10,10,10,11,2,1,0,0.15,1.8971199848858813,1.2249999999999999,1671,49,0.1,0.7,0.15,0.05
136,57f38d5b809c7e8a263f4074e05e61cfd538d6bc,1,rag_all_support,-1,11,11,2,1,0,0.20000000000000004,1.6094379124341003,1.02,1756,49,0.10000000000000002,0.6000000000000001,0.20000000000000004,0.10000000000000002
370,848fb2c25982a5d55d647baa834294f94aab01eb,1,query_only,0,0,8,0,0,1,0.85,0.16251892949777494,0.03500000000000001,553,49,0.85,0.0,0.05,0.1
370,848fb2c25982a5d55d647baa834294f94aab01eb,1,rag_1,1,1,8,0,0,1,0.85,0.16251892949777494,0.03500000000000001,736,49,0.85,0.0,0.05,0.1
370,848fb2c25982a5d55d647baa834294f94aab01eb,1,rag_3,3,3,8,0,0,1,0.85,0.16251892949777494,0.03500000000000001,964,49,0.85,0.0,0.05,0.1
370,848fb2c25982a5d55d647baa834294f94aab01eb,1,rag_5,5,5,8,0,0,1,0.85,0.16251892949777494,0.03500000000000001,1164,49,0.85,0.0,0.05,0.1
370,848fb2c25982a5d55d647baa834294f94aab01eb,1,rag_10,10,8,8,0,0,1,0.85,0.16251892949777494,0.03500000000000001,1457,49,0.85,0.0,0.05,0.1
370,848fb2c25982a5d55d647baa834294f94aab01eb,1,rag_all_support,-1,8,8,0,0,1,0.85,0.16251892949777494,0.03500000000000001,1457,49,0.85,0.0,0.05,0.1
289,18f6fe2768a8b797f06a5dc7f0f523f8e502a5d8,3,query_only,0,0,9,0,0,1,0.6,0.5108256237659907,0.23500000000000004,1030,49,0.6,0.05,0.25,0.1
289,18f6fe2768a8b797f06a5dc7f0f523f8e502a5d8,3,rag_1,1,1,9,0,3,0,0.34,1.0788096613719298,0.6373999999999999,1216,49,0.34,0.03,0.28,0.35
289,18f6fe2768a8b797f06a5dc7f0f523f8e502a5d8,3,rag_3,3,3,9,0,0,1,0.6,0.5108256237659907,0.22500000000000003,1587,49,0.6,0.05,0.15,0.2
289,18f6fe2768a8b797f06a5dc7f0f523f8e502a5d8,3,rag_5,5,5,9,0,0,1,0.62,0.4780358009429998,0.21780000000000002,1944,49,0.62,0.03,0.25,0.1
289,18f6fe2768a8b797f06a5dc7f0f523f8e502a5d8,3,rag_10,10,9,9,0,3,0,0.05,2.995732273553991,1.6317999999999997,2671,49,0.05,0.02,0.08,0.85
289,18f6fe2768a8b797f06a5dc7f0f523f8e502a5d8,3,rag_all_support,-1,9,9,0,3,0,0.05,2.995732273553991,1.6317999999999997,2671,49,0.05,0.02,0.08,0.85
986,27bacc6549538aa77c9b74a5a50750187694319a,0,query_only,0,0,9,2,0,0,0.45,0.7985076962177716,0.51,435,49,0.45,0.05,0.45,0.05
986,27bacc6549538aa77c9b74a5a50750187694319a,0,rag_1,1,1,9,2,2,1,0.55,0.5978370007556204,0.29579999999999995,520,49,0.28,0.1,0.55,0.07
986,27bacc6549538aa77c9b74a5a50750187694319a,0,rag_3,3,3,9,2,2,1,0.6,0.5108256237659907,0.22000000000000006,768,49,0.2,0.1,0.6,0.1
986,27bacc6549538aa77c9b74a5a50750187694319a,0,rag_5,5,5,9,2,2,1,0.7,0.35667494393873245,0.13500000000000004,964,49,0.2,0.05,0.7,0.05
986,27bacc6549538aa77c9b74a5a50750187694319a,0,rag_10,10,9,9,2,2,1,0.6,0.5108256237659907,0.22000000000000006,1552,49,0.2,0.1,0.6,0.1
986,27bacc6549538aa77c9b74a5a50750187694319a,0,rag_all_support,-1,9,9,2,2,1,0.6,0.5108256237659907,0.22000000000000006,1552,49,0.2,0.1,0.6,0.1
184,71666ee6255df1b86589b2761ee4008df4d225e2,2,query_only,0,0,14,0,2,0,0.4,0.916290731874155,0.575,488,49,0.4,0.1,0.45,0.05
184,71666ee6255df1b86589b2761ee4008df4d225e2,2,rag_1,1,1,14,0,2,0,0.25,1.3862943611198906,0.885,589,49,0.25,0.1,0.55,0.1
184,71666ee6255df1b86589b2761ee4008df4d225e2,2,rag_3,3,3,14,0,0,1,0.5,0.6931471805599453,0.385,811,49,0.5,0.1,0.35,0.05
184,71666ee6255df1b86589b2761ee4008df4d225e2,2,rag_5,5,5,14,0,0,1,0.4,0.916290731874155,0.515,1027,49,0.4,0.15,0.35,0.1
184,71666ee6255df1b86589b2761ee4008df4d225e2,2,rag_10,10,10,14,0,0,1,0.5000000000000001,0.6931471805599451,0.35999999999999993,1675,49,0.5000000000000001,0.10000000000000002,0.30000000000000004,0.10000000000000002
184,71666ee6255df1b86589b2761ee4008df4d225e2,2,rag_all_support,-1,14,14,0,2,0,0.25,1.3862943611198906,0.845,2186,49,0.25,0.15,0.5,0.1
810,089b103e2058d47308528a10e1e6f2a1a5561f89,1,query_only,0,0,10,0,2,0,0.25,1.3862943611198906,0.755,466,49,0.25,0.2,0.3,0.25
810,089b103e2058d47308528a10e1e6f2a1a5561f89,1,rag_1,1,1,10,0,2,0,0.25,1.3862943611198906,0.765,568,49,0.25,0.2,0.35,0.2
810,089b103e2058d47308528a10e1e6f2a1a5561f89,1,rag_3,3,3,10,0,1,0,0.2,1.6094379124341003,0.8600000000000001,760,49,0.2,0.3,0.3,0.2
810,089b103e2058d47308528a10e1e6f2a1a5561f89,1,rag_5,5,5,10,0,2,0,0.25,1.3862943611198906,0.755,976,49,0.25,0.25,0.3,0.2
810,089b103e2058d47308528a10e1e6f2a1a5561f89,1,rag_10,10,10,10,0,1,0,0.25,1.3862943611198906,0.755,1732,49,0.25,0.3,0.25,0.2
810,089b103e2058d47308528a10e1e6f2a1a5561f89,1,rag_all_support,-1,10,10,0,1,0,0.25,1.3862943611198906,0.755,1732,49,0.25,0.3,0.25,0.2
10,5a0434e8b78c2490982c9fd5a17e85d42600ea2d,2,query_only,0,0,13,0,3,0,0.1,2.3025850929940455,1.32,477,49,0.1,0.1,0.1,0.7
10,5a0434e8b78c2490982c9fd5a17e85d42600ea2d,2,rag_1,1,1,13,0,0,1,0.7,0.35667494393873245,0.12500000000000003,592,49,0.7,0.1,0.05,0.15
10,5a0434e8b78c2490982c9fd5a17e85d42600ea2d,2,rag_3,3,3,13,0,0,1,0.7000000000000001,0.3566749439387323,0.11999999999999998,838,49,0.7000000000000001,0.10000000000000002,0.10000000000000002,0.10000000000000002
10,5a0434e8b78c2490982c9fd5a17e85d42600ea2d,2,rag_5,5,5,13,0,0,1,0.75,0.2876820724517809,0.09,1036,49,0.75,0.05,0.05,0.15
10,5a0434e8b78c2490982c9fd5a17e85d42600ea2d,2,rag_10,10,10,13,0,0,1,0.7,0.35667494393873245,0.12500000000000003,1596,49,0.7,0.05,0.1,0.15
10,5a0434e8b78c2490982c9fd5a17e85d42600ea2d,2,rag_all_support,-1,13,13,0,0,1,0.6,0.5108256237659907,0.23500000000000004,2141,49,0.6,0.1,0.05,0.25
54,c657a31b6fee1c67c9dcc8da45d0054091ad1304,0,query_only,0,0,11,3,0,0,0.15,1.8971199848858813,1.035,390,49,0.5,0.2,0.15,0.15
54,c657a31b6fee1c67c9dcc8da45d0054091ad1304,0,rag_1,1,1,11,3,0,0,0.15,1.8971199848858813,1.115,495,49,0.6,0.1,0.15,0.15
54,c657a31b6fee1c67c9dcc8da45d0054091ad1304,0,rag_3,3,3,11,3,0,0,0.10000000000000002,2.3025850929940455,1.2200000000000002,670,49,0.6000000000000001,0.10000000000000002,0.20000000000000004,0.10000000000000002
54,c657a31b6fee1c67c9dcc8da45d0054091ad1304,0,rag_5,5,5,11,3,0,0,0.1,2.3025850929940455,1.325,875,49,0.7,0.05,0.15,0.1
54,c657a31b6fee1c67c9dcc8da45d0054091ad1304,0,rag_10,10,10,11,3,0,0,0.25,1.3862943611198906,0.935,1575,49,0.6,0.05,0.1,0.25
54,c657a31b6fee1c67c9dcc8da45d0054091ad1304,0,rag_all_support,-1,11,11,3,0,0,0.15,1.8971199848858813,1.075,1722,49,0.55,0.1,0.2,0.15
235,c514a4d00d0b616432d19bc7f8700e17259cbbc1,4,query_only,0,0,14,0,3,0,0.2,1.6094379124341003,1.135,526,49,0.2,0.05,0.05,0.7
235,c514a4d00d0b616432d19bc7f8700e17259cbbc1,4,rag_1,1,1,14,0,3,0,0.3,1.2039728043259361,0.8049999999999999,645,49,0.3,0.05,0.1,0.55
235,c514a4d00d0b616432d19bc7f8700e17259cbbc1,4,rag_3,3,3,14,0,3,0,0.4,0.916290731874155,0.615,876,49,0.4,0.05,0.05,0.5
235,c514a4d00d0b616432d19bc7f8700e17259cbbc1,4,rag_5,5,5,14,0,0,1,0.45,0.7985076962177716,0.51,1088,49,0.45,0.05,0.05,0.45
235,c514a4d00d0b616432d19bc7f8700e17259cbbc1,4,rag_10,10,10,14,0,0,1,0.45,0.7985076962177716,0.4750000000000001,1675,49,0.45,0.05,0.1,0.4
235,c514a4d00d0b616432d19bc7f8700e17259cbbc1,4,rag_all_support,-1,14,14,0,0,1,0.45,0.7985076962177716,0.5118,2092,49,0.45,0.02,0.08,0.45
974,d370c390db0f5263748683aee24f6b7e87a0dd34,0,query_only,0,0,8,1,2,0,0.05,2.995732273553991,1.4249999999999998,481,49,0.1,0.05,0.7,0.15
974,d370c390db0f5263748683aee24f6b7e87a0dd34,0,rag_1,1,1,8,1,2,0,0.05,2.995732273553991,1.4249999999999998,574,49,0.1,0.05,0.7,0.15
974,d370c390db0f5263748683aee24f6b7e87a0dd34,0,rag_3,3,3,8,1,1,1,0.55,0.5978370007556204,0.305,803,49,0.1,0.55,0.3,0.05
974,d370c390db0f5263748683aee24f6b7e87a0dd34,0,rag_5,5,5,8,1,2,0,0.15,1.8971199848858813,1.01,1065,49,0.25,0.15,0.45,0.15
974,d370c390db0f5263748683aee24f6b7e87a0dd34,0,rag_10,10,8,8,1,0,0,0.1,2.3025850929940455,1.1250000000000002,1400,49,0.45,0.1,0.3,0.15
974,d370c390db0f5263748683aee24f6b7e87a0dd34,0,rag_all_support,-1,8,8,1,0,0,0.1,2.3025850929940455,1.1250000000000002,1400,49,0.45,0.1,0.3,0.15
247,058417b0ee7efdc1c695febf6f7ee24ee5c4383d,2,query_only,0,0,18,1,2,0,0.2,1.6094379124341003,1.135,418,49,0.05,0.2,0.7,0.05
247,058417b0ee7efdc1c695febf6f7ee24ee5c4383d,2,rag_1,1,1,18,1,1,1,0.6,0.5108256237659907,0.25500000000000006,517,49,0.05,0.6,0.3,0.05
247,058417b0ee7efdc1c695febf6f7ee24ee5c4383d,2,rag_3,3,3,18,1,2,0,0.25,1.3862943611198906,0.99,718,49,0.05,0.25,0.65,0.05
247,058417b0ee7efdc1c695febf6f7ee24ee5c4383d,2,rag_5,5,5,18,1,2,0,0.18000000000000002,1.7147984280919266,1.1727999999999998,944,49,0.020000000000000004,0.18000000000000002,0.7000000000000001,0.10000000000000002
247,058417b0ee7efdc1c695febf6f7ee24ee5c4383d,2,rag_10,10,10,18,1,2,0,0.25,1.3862943611198906,0.99,1493,49,0.05,0.25,0.65,0.05
247,058417b0ee7efdc1c695febf6f7ee24ee5c4383d,2,rag_all_support,-1,18,18,1,1,1,0.45,0.7985076962177716,0.51,2414,49,0.05,0.45,0.45,0.05
859,75953f3e87340a34b01d8f8f1f21b67ee7ebfd3d,6,query_only,0,0,13,3,3,1,0.45,0.7985076962177716,0.4750000000000001,471,49,0.1,0.05,0.4,0.45
859,75953f3e87340a34b01d8f8f1f21b67ee7ebfd3d,6,rag_1,1,1,13,3,3,1,0.42,0.8675005677047231,0.4616000000000001,589,49,0.12,0.28,0.18,0.42
859,75953f3e87340a34b01d8f8f1f21b67ee7ebfd3d,6,rag_3,3,3,13,3,3,1,0.35,1.0498221244986778,0.5700000000000001,793,49,0.15,0.25,0.25,0.35
859,75953f3e87340a34b01d8f8f1f21b67ee7ebfd3d,6,rag_5,5,5,13,3,3,1,0.4,0.916290731874155,0.5149999999999999,1045,49,0.15,0.1,0.35,0.4
859,75953f3e87340a34b01d8f8f1f21b67ee7ebfd3d,6,rag_10,10,10,13,3,1,0,0.2,1.6094379124341003,0.9368000000000001,1639,49,0.12,0.5,0.18,0.2
859,75953f3e87340a34b01d8f8f1f21b67ee7ebfd3d,6,rag_all_support,-1,13,13,3,3,1,0.4,0.916290731874155,0.5,2073,49,0.1,0.2,0.3,0.4
328,559dcfea226fbc2f005bcc850f7694dfcd7fba03,0,query_only,0,0,5,2,0,0,0.15,1.8971199848858813,1.2899999999999998,744,49,0.75,0.05,0.15,0.05
328,559dcfea226fbc2f005bcc850f7694dfcd7fba03,0,rag_1,1,1,5,2,0,0,0.08,2.5257286443082556,1.4936000000000003,869,49,0.8,0.06,0.08,0.06
328,559dcfea226fbc2f005bcc850f7694dfcd7fba03,0,rag_3,3,3,5,2,0,0,0.20000000000000004,1.6094379124341003,1.02,1254,49,0.6000000000000001,0.10000000000000002,0.20000000000000004,0.10000000000000002
328,559dcfea226fbc2f005bcc850f7694dfcd7fba03,0,rag_5,5,5,5,2,0,0,0.10000000000000002,2.3025850929940455,1.32,1521,49,0.7000000000000001,0.10000000000000002,0.10000000000000002,0.10000000000000002
328,559dcfea226fbc2f005bcc850f7694dfcd7fba03,0,rag_10,10,5,5,2,0,0,0.10000000000000002,2.3025850929940455,1.32,1521,49,0.7000000000000001,0.10000000000000002,0.10000000000000002,0.10000000000000002
328,559dcfea226fbc2f005bcc850f7694dfcd7fba03,0,rag_all_support,-1,5,5,2,0,0,0.10000000000000002,2.3025850929940455,1.32,1521,49,0.7000000000000001,0.10000000000000002,0.10000000000000002,0.10000000000000002
995,79ca762a4da9fb23212277db5b340e78e2c3123a,2,query_only,0,0,12,1,3,0,0.05,2.995732273553991,1.63,598,49,0.05,0.05,0.05,0.85
995,79ca762a4da9fb23212277db5b340e78e2c3123a,2,rag_1,1,1,12,1,3,0,0.05,2.995732273553991,1.63,689,49,0.05,0.05,0.05,0.85
995,79ca762a4da9fb23212277db5b340e78e2c3123a,2,rag_3,3,3,12,1,3,0,0.1,2.3025850929940455,1.455,941,49,0.05,0.1,0.05,0.8
995,79ca762a4da9fb23212277db5b340e78e2c3123a,2,rag_5,5,5,12,1,3,0,0.05,2.995732273553991,1.7149999999999999,1166,49,0.05,0.05,0.0,0.9
995,79ca762a4da9fb23212277db5b340e78e2c3123a,2,rag_10,10,10,12,1,3,0,0.1,2.3025850929940455,1.455,1733,49,0.05,0.1,0.05,0.8
995,79ca762a4da9fb23212277db5b340e78e2c3123a,2,rag_all_support,-1,12,12,1,3,0,0.1,2.3025850929940455,1.5017999999999998,1960,49,0.05,0.1,0.02,0.83
989,cb66013a704017f5b14b2e8bd631ffd3eb99c93d,2,query_only,0,0,15,3,2,0,0.1,2.3025850929940455,1.455,491,49,0.05,0.05,0.8,0.1
989,cb66013a704017f5b14b2e8bd631ffd3eb99c93d,2,rag_1,1,1,15,3,2,0,0.15,1.8971199848858813,1.2249999999999999,587,49,0.1,0.05,0.7,0.15
989,cb66013a704017f5b14b2e8bd631ffd3eb99c93d,2,rag_3,3,3,15,3,0,0,0.05,2.995732273553991,1.355,822,49,0.6,0.05,0.3,0.05
989,cb66013a704017f5b14b2e8bd631ffd3eb99c93d,2,rag_5,5,5,15,3,0,0,0.1,2.3025850929940455,1.185,1007,49,0.5,0.05,0.35,0.1
989,cb66013a704017f5b14b2e8bd631ffd3eb99c93d,2,rag_10,10,10,15,3,0,0,0.04,3.2188758248682006,1.388,1556,49,0.62,0.06,0.28,0.04
989,cb66013a704017f5b14b2e8bd631ffd3eb99c93d,2,rag_all_support,-1,15,15,3,0,0,0.05,2.995732273553991,1.4899999999999998,2192,49,0.75,0.05,0.15,0.05
371,572744aa0d991d5c62e85450f8dad097f3f52bd0,2,query_only,0,0,13,1,0,0,0.10000000000000002,2.3025850929940455,1.3200000000000003,504,49,0.7000000000000001,0.10000000000000002,0.10000000000000002,0.10000000000000002
371,572744aa0d991d5c62e85450f8dad097f3f52bd0,2,rag_1,1,1,13,1,1,1,0.7000000000000001,0.3566749439387323,0.11999999999999998,617,49,0.10000000000000002,0.7000000000000001,0.10000000000000002,0.10000000000000002
371,572744aa0d991d5c62e85450f8dad097f3f52bd0,2,rag_3,3,3,13,1,1,1,0.7,0.35667494393873245,0.12500000000000003,803,49,0.15,0.7,0.1,0.05
371,572744aa0d991d5c62e85450f8dad097f3f52bd0,2,rag_5,5,5,13,1,1,1,0.8,0.2231435513142097,0.054999999999999986,1029,49,0.05,0.8,0.1,0.05
371,572744aa0d991d5c62e85450f8dad097f3f52bd0,2,rag_10,10,10,13,1,0,0,0.15,1.8971199848858813,1.035,1595,49,0.5,0.15,0.2,0.15
371,572744aa0d991d5c62e85450f8dad097f3f52bd0,2,rag_all_support,-1,13,13,1,1,1,0.7,0.35667494393873245,0.13220000000000004,2142,49,0.06,0.7,0.05,0.19
319,9f4ea2918e27de880a773f4fc2abf1c26e20e5e9,2,query_only,0,0,6,0,3,0,0.1,2.3025850929940455,1.385,562,49,0.1,0.05,0.1,0.75
319,9f4ea2918e27de880a773f4fc2abf1c26e20e5e9,2,rag_1,1,1,6,0,0,1,0.65,0.4307829160924542,0.175,649,49,0.65,0.05,0.1,0.2
319,9f4ea2918e27de880a773f4fc2abf1c26e20e5e9,2,rag_3,3,3,6,0,0,1,0.7,0.35667494393873245,0.13500000000000004,1003,49,0.7,0.05,0.05,0.2
319,9f4ea2918e27de880a773f4fc2abf1c26e20e5e9,2,rag_5,5,5,6,0,0,1,0.65,0.4307829160924542,0.18999999999999997,1328,49,0.65,0.05,0.05,0.25
319,9f4ea2918e27de880a773f4fc2abf1c26e20e5e9,2,rag_10,10,6,6,0,0,1,0.7,0.35667494393873245,0.12500000000000003,1546,49,0.7,0.05,0.1,0.15
319,9f4ea2918e27de880a773f4fc2abf1c26e20e5e9,2,rag_all_support,-1,6,6,0,0,1,0.7,0.35667494393873245,0.12500000000000003,1546,49,0.7,0.05,0.1,0.15
528,d9033843ea15627e72288700783caa58c6b17854,2,query_only,0,0,11,1,0,0,0.15,1.8971199848858813,1.115,464,49,0.6,0.15,0.15,0.1
528,d9033843ea15627e72288700783caa58c6b17854,2,rag_1,1,1,11,1,0,0,0.10000000000000002,2.3025850929940455,1.3200000000000003,552,49,0.7000000000000001,0.10000000000000002,0.10000000000000002,0.10000000000000002
528,d9033843ea15627e72288700783caa58c6b17854,2,rag_3,3,3,11,1,0,0,0.1,2.3025850929940455,1.2149999999999999,753,49,0.6,0.1,0.15,0.15
528,d9033843ea15627e72288700783caa58c6b17854,2,rag_5,5,5,11,1,0,0,0.15,1.8971199848858813,1.115,971,49,0.6,0.15,0.15,0.1
528,d9033843ea15627e72288700783caa58c6b17854,2,rag_10,10,10,11,1,0,0,0.10000000000000002,2.3025850929940455,1.2200000000000002,1480,49,0.6000000000000001,0.10000000000000002,0.20000000000000004,0.10000000000000002
528,d9033843ea15627e72288700783caa58c6b17854,2,rag_all_support,-1,11,11,1,0,0,0.15,1.8971199848858813,1.115,1591,49,0.6,0.15,0.1,0.15
721,eb985ae2739f089aea33b8c4a7645ecaeeec47c1,6,query_only,0,0,17,2,0,0,0.10000000000000002,2.3025850929940455,1.32,510,49,0.7000000000000001,0.10000000000000002,0.10000000000000002,0.10000000000000002
721,eb985ae2739f089aea33b8c4a7645ecaeeec47c1,6,rag_1,1,1,17,2,0,0,0.3,1.2039728043259361,0.8549999999999999,617,49,0.6,0.05,0.3,0.05
721,eb985ae2739f089aea33b8c4a7645ecaeeec47c1,6,rag_3,3,3,17,2,0,0,0.35,1.0498221244986778,0.685,809,49,0.5,0.1,0.35,0.05
721,eb985ae2739f089aea33b8c4a7645ecaeeec47c1,6,rag_5,5,5,17,2,0,0,0.25,1.3862943611198906,0.9349999999999999,1008,49,0.6,0.1,0.25,0.05
721,eb985ae2739f089aea33b8c4a7645ecaeeec47c1,6,rag_10,10,10,17,2,2,1,0.7000000000000001,0.3566749439387323,0.12499999999999997,1575,49,0.15000000000000002,0.05000000000000001,0.7000000000000001,0.10000000000000002
721,eb985ae2739f089aea33b8c4a7645ecaeeec47c1,6,rag_all_support,-1,17,17,2,2,1,0.7,0.35667494393873245,0.12500000000000003,2415,49,0.1,0.05,0.7,0.15
411,a9cdf3ee568365a3b9103a6ae35a4b9c47f9bec0,4,query_only,0,0,9,2,3,0,0.12,2.120263536200091,1.2128,503,49,0.12,0.12,0.12,0.64
411,a9cdf3ee568365a3b9103a6ae35a4b9c47f9bec0,4,rag_1,1,1,9,2,0,0,0.05,2.995732273553991,1.335,602,49,0.6,0.1,0.05,0.25
411,a9cdf3ee568365a3b9103a6ae35a4b9c47f9bec0,4,rag_3,3,3,9,2,0,0,0.05,2.995732273553991,1.335,773,49,0.6,0.1,0.05,0.25
411,a9cdf3ee568365a3b9103a6ae35a4b9c47f9bec0,4,rag_5,5,5,9,2,3,0,0.05,2.995732273553991,1.4849999999999999,991,49,0.1,0.1,0.05,0.75
411,a9cdf3ee568365a3b9103a6ae35a4b9c47f9bec0,4,rag_10,10,9,9,2,1,0,0.05,2.995732273553991,1.235,1411,49,0.2,0.45,0.05,0.3
411,a9cdf3ee568365a3b9103a6ae35a4b9c47f9bec0,4,rag_all_support,-1,9,9,2,1,0,0.05,2.995732273553991,1.235,1411,49,0.2,0.45,0.05,0.3
865,a25726a76255be13360fe1ef2b2456ec50b3deb1,3,query_only,0,0,17,3,1,0,0.15,1.8971199848858813,1.2249999999999999,554,49,0.1,0.7,0.05,0.15
865,a25726a76255be13360fe1ef2b2456ec50b3deb1,3,rag_1,1,1,17,3,1,0,0.18,1.7147984280919266,1.1728,666,49,0.1,0.7,0.02,0.18
865,a25726a76255be13360fe1ef2b2456ec50b3deb1,3,rag_3,3,3,17,3,1,0,0.15,1.8971199848858813,1.2249999999999999,880,49,0.1,0.7,0.05,0.15
865,a25726a76255be13360fe1ef2b2456ec50b3deb1,3,rag_5,5,5,17,3,1,0,0.18,1.7147984280919266,1.2378,1104,49,0.05,0.75,0.02,0.18
865,a25726a76255be13360fe1ef2b2456ec50b3deb1,3,rag_10,10,10,17,3,1,0,0.17,1.7719568419318752,1.2548,1625,49,0.05,0.75,0.03,0.17
865,a25726a76255be13360fe1ef2b2456ec50b3deb1,3,rag_all_support,-1,17,17,3,1,0,0.15,1.8971199848858813,1.125,2636,49,0.2,0.6,0.05,0.15
275,8e2bc980dc9b260a2c95d603f52b18b57ef63102,2,query_only,0,0,5,0,0,1,0.7,0.35667494393873245,0.15500000000000003,534,49,0.7,0.0,0.05,0.25
275,8e2bc980dc9b260a2c95d603f52b18b57ef63102,2,rag_1,1,1,5,0,0,1,0.85,0.16251892949777494,0.03500000000000001,672,49,0.85,0.0,0.05,0.1
275,8e2bc980dc9b260a2c95d603f52b18b57ef63102,2,rag_3,3,3,5,0,3,0,0.12,2.120263536200091,1.4657999999999998,988,49,0.12,0.0,0.05,0.83
275,8e2bc980dc9b260a2c95d603f52b18b57ef63102,2,rag_5,5,5,5,0,3,0,0.1,2.3025850929940455,1.535,1367,49,0.1,0.0,0.05,0.85
275,8e2bc980dc9b260a2c95d603f52b18b57ef63102,2,rag_10,10,5,5,0,3,0,0.1,2.3025850929940455,1.535,1367,49,0.1,0.0,0.05,0.85
275,8e2bc980dc9b260a2c95d603f52b18b57ef63102,2,rag_all_support,-1,5,5,0,3,0,0.1,2.3025850929940455,1.535,1367,49,0.1,0.0,0.05,0.85
679,b37ee53a204fa095bbbcf258c66f669a92fe2341,4,query_only,0,0,12,2,1,0,0.1,2.3025850929940455,1.455,475,49,0.05,0.8,0.1,0.05
679,b37ee53a204fa095bbbcf258c66f669a92fe2341,4,rag_1,1,1,12,2,2,1,0.45,0.7985076962177716,0.4100000000000001,588,49,0.25,0.15,0.45,0.15
679,b37ee53a204fa095bbbcf258c66f669a92fe2341,4,rag_3,3,3,12,2,0,0,0.4,0.916290731874155,0.575,790,49,0.45,0.1,0.4,0.05
679,b37ee53a204fa095bbbcf258c66f669a92fe2341,4,rag_5,5,5,12,2,0,0,0.4,0.916290731874155,0.54,1086,49,0.4,0.1,0.4,0.1
679,b37ee53a204fa095bbbcf258c66f669a92fe2341,4,rag_10,10,10,12,2,0,0,0.22,1.5141277326297755,0.9680000000000001,1669,49,0.58,0.14,0.22,0.06
679,b37ee53a204fa095bbbcf258c66f669a92fe2341,4,rag_all_support,-1,12,12,2,2,1,0.4,0.916290731874155,0.515,1866,49,0.35,0.15,0.4,0.1
714,c9ce1b90b2f49ad47cca12fb2dd5549866dcdec7,4,query_only,0,0,15,1,1,1,0.45,0.7985076962177716,0.51,503,49,0.05,0.45,0.45,0.05
714,c9ce1b90b2f49ad47cca12fb2dd5549866dcdec7,4,rag_1,1,1,15,1,1,1,0.7,0.35667494393873245,0.13500000000000004,652,49,0.05,0.7,0.2,0.05
714,c9ce1b90b2f49ad47cca12fb2dd5549866dcdec7,4,rag_3,3,3,15,1,1,1,0.75,0.2876820724517809,0.09,845,49,0.05,0.75,0.15,0.05
714,c9ce1b90b2f49ad47cca12fb2dd5549866dcdec7,4,rag_5,5,5,15,1,1,1,0.75,0.2876820724517809,0.0918,1078,49,0.02,0.75,0.15,0.08
714,c9ce1b90b2f49ad47cca12fb2dd5549866dcdec7,4,rag_10,10,10,15,1,1,1,0.6,0.5108256237659907,0.25500000000000006,1591,49,0.05,0.6,0.3,0.05
714,c9ce1b90b2f49ad47cca12fb2dd5549866dcdec7,4,rag_all_support,-1,15,15,1,1,1,0.68,0.3856624808119846,0.18699999999999994,2138,49,0.02,0.68,0.29,0.01
660,136b837817fe71f3d04075413620dbfec16fd6a7,1,query_only,0,0,11,3,2,0,0.25,1.3862943611198906,0.795,562,49,0.1,0.25,0.4,0.25
660,136b837817fe71f3d04075413620dbfec16fd6a7,1,rag_1,1,1,11,3,2,0,0.15,1.8971199848858813,0.985,684,49,0.2,0.25,0.4,0.15
660,136b837817fe71f3d04075413620dbfec16fd6a7,1,rag_3,3,3,11,3,2,0,0.1,2.3025850929940455,1.2650000000000001,923,49,0.1,0.15,0.65,0.1
660,136b837817fe71f3d04075413620dbfec16fd6a7,1,rag_5,5,5,11,3,2,0,0.10000000000000002,2.3025850929940455,1.3200000000000003,1171,49,0.10000000000000002,0.10000000000000002,0.7000000000000001,0.10000000000000002
660,136b837817fe71f3d04075413620dbfec16fd6a7,1,rag_10,10,10,11,3,2,0,0.10000000000000002,2.3025850929940455,1.3200000000000003,1748,49,0.10000000000000002,0.10000000000000002,0.7000000000000001,0.10000000000000002
660,136b837817fe71f3d04075413620dbfec16fd6a7,1,rag_all_support,-1,11,11,3,2,0,0.04,3.2188758248682006,1.548,1862,49,0.06,0.12,0.78,0.04
884,b6ac23b5a66ce030f2efb849625d17d8374c265a,4,query_only,0,0,14,2,2,1,0.9,0.10536051565782628,0.013799999999999995,508,49,0.05,0.03,0.9,0.02
884,b6ac23b5a66ce030f2efb849625d17d8374c265a,4,rag_1,1,1,14,2,2,1,0.9,0.10536051565782628,0.014999999999999996,651,49,0.05,0.0,0.9,0.05
884,b6ac23b5a66ce030f2efb849625d17d8374c265a,4,rag_3,3,3,14,2,2,1,0.85,0.16251892949777494,0.030000000000000006,931,49,0.05,0.05,0.85,0.05
884,b6ac23b5a66ce030f2efb849625d17d8374c265a,4,rag_5,5,5,14,2,2,1,0.85,0.16251892949777494,0.030000000000000006,1235,49,0.05,0.05,0.85,0.05
884,b6ac23b5a66ce030f2efb849625d17d8374c265a,4,rag_10,10,10,14,2,2,1,0.85,0.16251892949777494,0.030000000000000006,1825,49,0.05,0.05,0.85,0.05
884,b6ac23b5a66ce030f2efb849625d17d8374c265a,4,rag_all_support,-1,14,14,2,2,1,0.85,0.16251892949777494,0.030000000000000006,2260,49,0.05,0.05,0.85,0.05
866,0f45b06c751ba43ac597ca58af61d107a45500d3,4,query_only,0,0,11,2,2,1,0.3,1.2039728043259361,0.6649999999999999,426,49,0.25,0.15,0.3,0.3
866,0f45b06c751ba43ac597ca58af61d107a45500d3,4,rag_1,1,1,11,2,2,1,0.3,1.2039728043259361,0.6649999999999999,514,49,0.25,0.15,0.3,0.3
866,0f45b06c751ba43ac597ca58af61d107a45500d3,4,rag_3,3,3,11,2,0,0,0.3,1.2039728043259361,0.6649999999999999,731,49,0.3,0.15,0.3,0.25
866,0f45b06c751ba43ac597ca58af61d107a45500d3,4,rag_5,5,5,11,2,3,0,0.30000000000000004,1.203972804325936,0.685,991,49,0.25000000000000006,0.10000000000000002,0.30000000000000004,0.35000000000000003
866,0f45b06c751ba43ac597ca58af61d107a45500d3,4,rag_10,10,10,11,2,3,0,0.25,1.3862943611198906,0.7699999999999999,1554,49,0.25,0.15,0.25,0.35
866,0f45b06c751ba43ac597ca58af61d107a45500d3,4,rag_all_support,-1,11,11,2,2,1,0.3,1.2039728043259361,0.6649999999999999,1705,49,0.25,0.15,0.3,0.3
914,9e7daf7bc1561cf6be29ef0dfeefee79992f3fec,1,query_only,0,0,6,1,3,0,0.1,2.3025850929940455,1.385,539,49,0.1,0.1,0.05,0.75
914,9e7daf7bc1561cf6be29ef0dfeefee79992f3fec,1,rag_1,1,1,6,1,3,0,0.15,1.8971199848858813,1.2249999999999999,670,49,0.1,0.15,0.05,0.7
914,9e7daf7bc1561cf6be29ef0dfeefee79992f3fec,1,rag_3,3,3,6,1,1,1,0.65,0.4307829160924542,0.175,864,49,0.1,0.65,0.05,0.2
914,9e7daf7bc1561cf6be29ef0dfeefee79992f3fec,1,rag_5,5,5,6,1,3,0,0.1,2.3025850929940455,1.5181999999999998,1063,49,0.05,0.1,0.01,0.84
914,9e7daf7bc1561cf6be29ef0dfeefee79992f3fec,1,rag_10,10,6,6,1,3,0,0.1,2.3025850929940455,1.385,1163,49,0.1,0.1,0.05,0.75
914,9e7daf7bc1561cf6be29ef0dfeefee79992f3fec,1,rag_all_support,-1,6,6,1,3,0,0.1,2.3025850929940455,1.385,1163,49,0.1,0.1,0.05,0.75
917,ecbb43f6ee1d6ea1c3925809f0f3ac2a09d38002,6,query_only,0,0,14,2,3,0,0.2,1.6094379124341003,0.9550000000000001,498,49,0.05,0.25,0.2,0.5
917,ecbb43f6ee1d6ea1c3925809f0f3ac2a09d38002,6,rag_1,1,1,14,2,2,1,0.45,0.7985076962177716,0.4750000000000001,595,49,0.05,0.4,0.45,0.1
917,ecbb43f6ee1d6ea1c3925809f0f3ac2a09d38002,6,rag_3,3,3,14,2,1,0,0.35,1.0498221244986778,0.6250000000000001,843,49,0.05,0.4,0.35,0.2
917,ecbb43f6ee1d6ea1c3925809f0f3ac2a09d38002,6,rag_5,5,5,14,2,1,0,0.25,1.3862943611198906,0.8300000000000001,1068,49,0.05,0.45,0.25,0.25
917,ecbb43f6ee1d6ea1c3925809f0f3ac2a09d38002,6,rag_10,10,10,14,2,2,1,0.45,0.7985076962177716,0.4750000000000001,1679,49,0.05,0.4,0.45,0.1
917,ecbb43f6ee1d6ea1c3925809f0f3ac2a09d38002,6,rag_all_support,-1,14,14,2,1,0,0.3,1.2039728043259361,0.735,2203,49,0.05,0.45,0.3,0.2
526,9264a32d331cc9e05e4abee89938ee36bd291bb4,3,query_only,0,0,7,3,2,0,0.05,2.995732273553991,1.63,468,49,0.05,0.05,0.85,0.05
526,9264a32d331cc9e05e4abee89938ee36bd291bb4,3,rag_1,1,1,7,3,2,0,0.05,2.995732273553991,1.63,570,49,0.05,0.05,0.85,0.05
526,9264a32d331cc9e05e4abee89938ee36bd291bb4,3,rag_3,3,3,7,3,2,0,0.1,2.3025850929940455,1.22,769,49,0.2,0.1,0.6,0.1
526,9264a32d331cc9e05e4abee89938ee36bd291bb4,3,rag_5,5,5,7,3,2,0,0.15,1.8971199848858813,1.045,1007,49,0.25,0.1,0.5,0.15
526,9264a32d331cc9e05e4abee89938ee36bd291bb4,3,rag_10,10,7,7,3,0,0,0.1,2.3025850929940455,1.185,1222,49,0.55,0.1,0.25,0.1
526,9264a32d331cc9e05e4abee89938ee36bd291bb4,3,rag_all_support,-1,7,7,3,0,0,0.1,2.3025850929940455,1.185,1222,49,0.55,0.1,0.25,0.1
120,8db1b1110ff9de5519383f78faa16b84d3216c7a,2,query_only,0,0,17,2,1,0,0.05,2.995732273553991,1.63,514,49,0.05,0.85,0.05,0.05
120,8db1b1110ff9de5519383f78faa16b84d3216c7a,2,rag_1,1,1,17,2,1,0,0.04999999999999999,2.9957322735539913,1.5549999999999995,604,49,0.04999999999999999,0.7999999999999998,0.04999999999999999,0.09999999999999998
120,8db1b1110ff9de5519383f78faa16b84d3216c7a,2,rag_3,3,3,17,2,1,0,0.04999999999999999,2.9957322735539913,1.5549999999999995,802,49,0.04999999999999999,0.7999999999999998,0.04999999999999999,0.09999999999999998
120,8db1b1110ff9de5519383f78faa16b84d3216c7a,2,rag_5,5,5,17,2,1,0,0.05,2.995732273553991,1.63,1002,49,0.05,0.85,0.05,0.05
120,8db1b1110ff9de5519383f78faa16b84d3216c7a,2,rag_10,10,10,17,2,1,0,0.05,2.995732273553991,1.63,1528,49,0.05,0.85,0.05,0.05
120,8db1b1110ff9de5519383f78faa16b84d3216c7a,2,rag_all_support,-1,17,17,2,1,0,0.05,2.995732273553991,1.63,2383,49,0.05,0.85,0.05,0.05
70,40801e62266a1b050560283e764694384bf806c4,2,query_only,0,0,10,2,0,0,0.1,2.3025850929940455,1.2200000000000002,485,49,0.6,0.1,0.1,0.2
70,40801e62266a1b050560283e764694384bf806c4,2,rag_1,1,1,10,2,0,0,0.10000000000000002,2.3025850929940455,1.32,579,49,0.7000000000000001,0.10000000000000002,0.10000000000000002,0.10000000000000002
70,40801e62266a1b050560283e764694384bf806c4,2,rag_3,3,3,10,2,3,0,0.05,2.995732273553991,1.5550000000000002,784,49,0.1,0.05,0.05,0.8
70,40801e62266a1b050560283e764694384bf806c4,2,rag_5,5,5,10,2,3,0,0.05,2.995732273553991,1.5550000000000002,1010,49,0.1,0.05,0.05,0.8
70,40801e62266a1b050560283e764694384bf806c4,2,rag_10,10,10,10,2,2,1,0.75,0.2876820724517809,0.08499999999999999,1595,49,0.1,0.05,0.75,0.1
70,40801e62266a1b050560283e764694384bf806c4,2,rag_all_support,-1,10,10,2,2,1,0.75,0.2876820724517809,0.08499999999999999,1595,49,0.1,0.05,0.75,0.1
321,7ee8fa57ee87dd71d79406a3e4989e04aca1d101,1,query_only,0,0,5,1,3,0,0.05,2.995732273553991,1.63,664,49,0.05,0.05,0.05,0.85
321,7ee8fa57ee87dd71d79406a3e4989e04aca1d101,1,rag_1,1,1,5,1,0,0,0.05,2.995732273553991,1.4249999999999998,799,49,0.7,0.05,0.1,0.15
321,7ee8fa57ee87dd71d79406a3e4989e04aca1d101,1,rag_3,3,3,5,1,0,0,0.05,2.995732273553991,1.4899999999999998,1147,49,0.75,0.05,0.05,0.15
321,7ee8fa57ee87dd71d79406a3e4989e04aca1d101,1,rag_5,5,5,5,1,0,0,0.05,2.995732273553991,1.4249999999999998,1402,49,0.7,0.05,0.1,0.15
321,7ee8fa57ee87dd71d79406a3e4989e04aca1d101,1,rag_10,10,5,5,1,0,0,0.05,2.995732273553991,1.4249999999999998,1402,49,0.7,0.05,0.1,0.15
321,7ee8fa57ee87dd71d79406a3e4989e04aca1d101,1,rag_all_support,-1,5,5,1,0,0,0.05,2.995732273553991,1.4249999999999998,1402,49,0.7,0.05,0.1,0.15
210,50185a495ed10d7c0e84f4d0dd3674e04bb9d155,3,query_only,0,0,14,0,0,1,0.3,1.2039728043259361,0.6649999999999999,562,49,0.3,0.25,0.15,0.3
210,50185a495ed10d7c0e84f4d0dd3674e04bb9d155,3,rag_1,1,1,14,0,1,0,0.25,1.3862943611198906,0.7699999999999999,671,49,0.25,0.35,0.15,0.25
210,50185a495ed10d7c0e84f4d0dd3674e04bb9d155,3,rag_3,3,3,14,0,0,1,0.35,1.0498221244986778,0.5650000000000001,871,49,0.35,0.25,0.2,0.2
210,50185a495ed10d7c0e84f4d0dd3674e04bb9d155,3,rag_5,5,5,14,0,3,0,0.2,1.6094379124341003,0.9150000000000001,1082,49,0.2,0.25,0.1,0.45
210,50185a495ed10d7c0e84f4d0dd3674e04bb9d155,3,rag_10,10,10,14,0,0,1,0.3,1.2039728043259361,0.6549999999999999,1626,49,0.3,0.2,0.25,0.25
210,50185a495ed10d7c0e84f4d0dd3674e04bb9d155,3,rag_all_support,-1,14,14,0,0,1,0.3,1.2039728043259361,0.6649999999999999,2097,49,0.3,0.25,0.15,0.3
656,880fbafa219d96e9609842f9245ef73801bece6d,2,query_only,0,0,12,1,3,0,0.2,1.6094379124341003,1.135,566,49,0.05,0.2,0.05,0.7
656,880fbafa219d96e9609842f9245ef73801bece6d,2,rag_1,1,1,12,1,3,0,0.15,1.8971199848858813,1.2899999999999998,665,49,0.05,0.15,0.05,0.75
656,880fbafa219d96e9609842f9245ef73801bece6d,2,rag_3,3,3,12,1,3,0,0.25,1.3862943611198906,0.99,886,49,0.05,0.25,0.05,0.65
656,880fbafa219d96e9609842f9245ef73801bece6d,2,rag_5,5,5,12,1,3,0,0.4,0.916290731874155,0.615,1125,49,0.05,0.4,0.05,0.5
656,880fbafa219d96e9609842f9245ef73801bece6d,2,rag_10,10,10,12,1,3,0,0.25,1.3862943611198906,0.99,1687,49,0.05,0.25,0.05,0.65
656,880fbafa219d96e9609842f9245ef73801bece6d,2,rag_all_support,-1,12,12,1,3,0,0.45,0.7985076962177716,0.5538000000000001,1890,49,0.03,0.45,0.02,0.5
174,936f7e92fea23551686630c9568fc91c130845a1,0,query_only,0,0,7,3,1,0,0.35,1.0498221244986778,0.7300000000000001,438,49,0.05,0.55,0.05,0.35
174,936f7e92fea23551686630c9568fc91c130845a1,0,rag_1,1,1,7,3,1,0,0.3,1.2039728043259361,0.855,526,49,0.05,0.6,0.05,0.3
174,936f7e92fea23551686630c9568fc91c130845a1,0,rag_3,3,3,7,3,1,0,0.2,1.6094379124341003,1.0750000000000002,777,49,0.1,0.65,0.05,0.2
174,936f7e92fea23551686630c9568fc91c130845a1,0,rag_5,5,5,7,3,1,0,0.2,1.6094379124341003,0.9400000000000002,980,49,0.2,0.5,0.1,0.2
174,936f7e92fea23551686630c9568fc91c130845a1,0,rag_10,10,7,7,3,1,0,0.25,1.3862943611198906,0.885,1177,49,0.1,0.55,0.1,0.25
174,936f7e92fea23551686630c9568fc91c130845a1,0,rag_all_support,-1,7,7,3,1,0,0.25,1.3862943611198906,0.885,1177,49,0.1,0.55,0.1,0.25
941,a01e6ab1ca743f1ecd859b986dc62ce66806421b,2,query_only,0,0,15,0,3,0,0.2,1.6094379124341003,0.9750000000000001,455,49,0.2,0.1,0.15,0.55
941,a01e6ab1ca743f1ecd859b986dc62ce66806421b,2,rag_1,1,1,15,0,3,0,0.25,1.3862943611198906,0.885,560,49,0.25,0.1,0.1,0.55
941,a01e6ab1ca743f1ecd859b986dc62ce66806421b,2,rag_3,3,3,15,0,0,1,0.5,0.6931471805599453,0.34500000000000003,749,49,0.5,0.1,0.15,0.25
941,a01e6ab1ca743f1ecd859b986dc62ce66806421b,2,rag_5,5,5,15,0,3,0,0.15,1.8971199848858813,1.075,973,49,0.15,0.1,0.2,0.55
941,a01e6ab1ca743f1ecd859b986dc62ce66806421b,2,rag_10,10,10,15,0,3,0,0.2,1.6094379124341003,0.8850000000000001,1536,49,0.2,0.25,0.15,0.4
941,a01e6ab1ca743f1ecd859b986dc62ce66806421b,2,rag_all_support,-1,15,15,0,3,0,0.25,1.3862943611198906,0.8150000000000001,2158,49,0.25,0.1,0.2,0.45
599,5296611133939388ae2c19aa7af4518bcffa7128,3,query_only,0,0,9,0,1,0,0.05,2.995732273553991,1.565,556,49,0.05,0.8,0.0,0.15
599,5296611133939388ae2c19aa7af4518bcffa7128,3,rag_1,1,1,9,0,1,0,0.05,2.995732273553991,1.505,671,49,0.05,0.75,0.0,0.2
599,5296611133939388ae2c19aa7af4518bcffa7128,3,rag_3,3,3,9,0,1,0,0.05,2.995732273553991,1.565,882,49,0.05,0.8,0.0,0.15
599,5296611133939388ae2c19aa7af4518bcffa7128,3,rag_5,5,5,9,0,1,0,0.1,2.3025850929940455,1.325,1114,49,0.1,0.7,0.05,0.15
599,5296611133939388ae2c19aa7af4518bcffa7128,3,rag_10,10,9,9,0,1,0,0.15,1.8971199848858813,1.2349999999999999,1540,49,0.15,0.7,0.0,0.15
599,5296611133939388ae2c19aa7af4518bcffa7128,3,rag_all_support,-1,9,9,0,1,0,0.15,1.8971199848858813,1.2349999999999999,1540,49,0.15,0.7,0.0,0.15
209,78d6331f4ecae270ffe468b0d43f75de70e0a3d6,0,query_only,0,0,13,0,2,0,0.1,2.3025850929940455,1.325,481,49,0.1,0.05,0.7,0.15
209,78d6331f4ecae270ffe468b0d43f75de70e0a3d6,0,rag_1,1,1,13,0,0,1,0.45,0.7985076962177716,0.43000000000000005,613,49,0.45,0.05,0.25,0.25
209,78d6331f4ecae270ffe468b0d43f75de70e0a3d6,0,rag_3,3,3,13,0,0,1,0.55,0.5978370007556204,0.30499999999999994,866,49,0.55,0.05,0.1,0.3
209,78d6331f4ecae270ffe468b0d43f75de70e0a3d6,0,rag_5,5,5,13,0,0,1,0.55,0.5978370007556204,0.2899999999999999,1092,49,0.55,0.05,0.15,0.25
209,78d6331f4ecae270ffe468b0d43f75de70e0a3d6,0,rag_10,10,10,13,0,0,1,0.5,0.6931471805599453,0.385,1631,49,0.5,0.05,0.1,0.35
209,78d6331f4ecae270ffe468b0d43f75de70e0a3d6,0,rag_all_support,-1,13,13,0,0,1,0.55,0.5978370007556204,0.30499999999999994,1940,49,0.55,0.05,0.1,0.3
277,e2b1caa6443541c7b4581651af59ee4a3daffbc7,2,query_only,0,0,5,1,3,0,0.05,2.995732273553991,1.6018,571,49,0.02,0.05,0.1,0.83
277,e2b1caa6443541c7b4581651af59ee4a3daffbc7,2,rag_1,1,1,5,1,3,0,0.08,2.5257286443082556,1.5717999999999999,749,49,0.02,0.08,0.05,0.85
277,e2b1caa6443541c7b4581651af59ee4a3daffbc7,2,rag_3,3,3,5,1,3,0,0.05,2.995732273553991,1.7138,1064,49,0.02,0.05,0.03,0.9
277,e2b1caa6443541c7b4581651af59ee4a3daffbc7,2,rag_5,5,5,5,1,3,0,0.05,2.995732273553991,1.5550000000000002,1344,49,0.05,0.05,0.1,0.8
277,e2b1caa6443541c7b4581651af59ee4a3daffbc7,2,rag_10,10,5,5,1,3,0,0.05,2.995732273553991,1.5550000000000002,1344,49,0.05,0.05,0.1,0.8
277,e2b1caa6443541c7b4581651af59ee4a3daffbc7,2,rag_all_support,-1,5,5,1,3,0,0.05,2.995732273553991,1.5550000000000002,1344,49,0.05,0.05,0.1,0.8
753,ec8cefda0969f7d9146ea1b31f1f161d74704180,3,query_only,0,0,9,3,3,1,0.75,0.2876820724517809,0.0978,626,49,0.18,0.02,0.05,0.75
753,ec8cefda0969f7d9146ea1b31f1f161d74704180,3,rag_1,1,1,9,3,0,0,0.3,1.2039728043259361,0.8049999999999999,786,49,0.55,0.05,0.1,0.3
753,ec8cefda0969f7d9146ea1b31f1f161d74704180,3,rag_3,3,3,9,3,0,0,0.3,1.2039728043259361,0.8049999999999999,1073,49,0.55,0.1,0.05,0.3
753,ec8cefda0969f7d9146ea1b31f1f161d74704180,3,rag_5,5,5,9,3,3,1,0.48,0.7339691750802004,0.4446,1305,49,0.41,0.05,0.06,0.48
753,ec8cefda0969f7d9146ea1b31f1f161d74704180,3,rag_10,10,9,9,3,0,0,0.35,1.0498221244986778,0.7300000000000001,1777,49,0.55,0.05,0.05,0.35
753,ec8cefda0969f7d9146ea1b31f1f161d74704180,3,rag_all_support,-1,9,9,3,0,0,0.35,1.0498221244986778,0.7300000000000001,1777,49,0.55,0.05,0.05,0.35
604,f77e5b8be51c7030174f599e8602748412b6f36f,2,query_only,0,0,13,2,3,0,0.18,1.7147984280919266,0.9016000000000002,428,49,0.28,0.22,0.18,0.32
604,f77e5b8be51c7030174f599e8602748412b6f36f,2,rag_1,1,1,13,2,3,0,0.2,1.6094379124341003,0.8650000000000001,508,49,0.25,0.2,0.2,0.35
604,f77e5b8be51c7030174f599e8602748412b6f36f,2,rag_3,3,3,13,2,2,1,0.35,1.0498221244986778,0.5650000000000001,686,49,0.25,0.2,0.35,0.2
604,f77e5b8be51c7030174f599e8602748412b6f36f,2,rag_5,5,5,13,2,2,1,0.3,1.2039728043259361,0.6549999999999999,875,49,0.25,0.2,0.3,0.25
604,f77e5b8be51c7030174f599e8602748412b6f36f,2,rag_10,10,10,13,2,2,1,0.3,1.2039728043259361,0.6567999999999999,1425,49,0.28,0.2,0.3,0.22
604,f77e5b8be51c7030174f599e8602748412b6f36f,2,rag_all_support,-1,13,13,2,2,1,0.3,1.2039728043259361,0.6549999999999999,1812,49,0.2,0.25,0.3,0.25
445,916e0554735692616d2cfaaa5fb211a6bf3a972a,6,query_only,0,0,13,1,0,0,0.1,2.3025850929940455,1.1250000000000002,396,49,0.45,0.1,0.15,0.3
445,916e0554735692616d2cfaaa5fb211a6bf3a972a,6,rag_1,1,1,13,1,1,1,0.5,0.6931471805599453,0.34500000000000003,510,49,0.15,0.5,0.25,0.1
445,916e0554735692616d2cfaaa5fb211a6bf3a972a,6,rag_3,3,3,13,1,1,1,0.45000000000000007,0.7985076962177715,0.425,698,49,0.15000000000000002,0.45000000000000007,0.30000000000000004,0.10000000000000002
445,916e0554735692616d2cfaaa5fb211a6bf3a972a,6,rag_5,5,5,13,1,1,1,0.5000000000000001,0.6931471805599451,0.36079999999999995,913,49,0.12000000000000001,0.5000000000000001,0.30000000000000004,0.08000000000000002
445,916e0554735692616d2cfaaa5fb211a6bf3a972a,6,rag_10,10,10,13,1,1,1,0.3,1.2039728043259361,0.6649999999999999,1459,49,0.25,0.3,0.3,0.15
445,916e0554735692616d2cfaaa5fb211a6bf3a972a,6,rag_all_support,-1,13,13,1,1,1,0.35,1.0498221244986778,0.5858000000000001,1763,49,0.12,0.35,0.33,0.2
101,48261e8c81f425744486fe8f2ac9ac5c7fca8b35,0,query_only,0,0,9,3,3,1,0.5,0.6931471805599453,0.33540000000000003,470,49,0.13,0.19,0.18,0.5
101,48261e8c81f425744486fe8f2ac9ac5c7fca8b35,0,rag_1,1,1,9,3,3,1,0.5,0.6931471805599453,0.345,575,49,0.1,0.15,0.25,0.5
101,48261e8c81f425744486fe8f2ac9ac5c7fca8b35,0,rag_3,3,3,9,3,3,1,0.6,0.5108256237659907,0.22000000000000003,767,49,0.1,0.1,0.2,0.6
101,48261e8c81f425744486fe8f2ac9ac5c7fca8b35,0,rag_5,5,5,9,3,3,1,0.4,0.916290731874155,0.485,959,49,0.15,0.25,0.2,0.4
101,48261e8c81f425744486fe8f2ac9ac5c7fca8b35,0,rag_10,10,9,9,3,3,1,0.55,0.5978370007556204,0.27499999999999997,1584,49,0.15,0.1,0.2,0.55
101,48261e8c81f425744486fe8f2ac9ac5c7fca8b35,0,rag_all_support,-1,9,9,3,3,1,0.55,0.5978370007556204,0.27499999999999997,1584,49,0.15,0.1,0.2,0.55
879,4eda9ecd958f7f012d268bb7ff8746a5d09023b3,4,query_only,0,0,11,2,2,1,0.6,0.5108256237659907,0.22500000000000003,497,49,0.2,0.05,0.6,0.15
879,4eda9ecd958f7f012d268bb7ff8746a5d09023b3,4,rag_1,1,1,11,2,2,1,0.75,0.2876820724517809,0.10500000000000001,626,49,0.05,0.0,0.75,0.2
879,4eda9ecd958f7f012d268bb7ff8746a5d09023b3,4,rag_3,3,3,11,2,2,1,0.78,0.2484613592984996,0.07379999999999999,835,49,0.05,0.02,0.78,0.15
879,4eda9ecd958f7f012d268bb7ff8746a5d09023b3,4,rag_5,5,5,11,2,2,1,0.75,0.2876820724517809,0.0978,1057,49,0.05,0.02,0.75,0.18
879,4eda9ecd958f7f012d268bb7ff8746a5d09023b3,4,rag_10,10,10,11,2,2,1,0.58,0.5447271754416722,0.27680000000000005,1641,49,0.1,0.02,0.58,0.3
879,4eda9ecd958f7f012d268bb7ff8746a5d09023b3,4,rag_all_support,-1,11,11,2,2,1,0.65,0.4307829160924542,0.175,1746,49,0.1,0.05,0.65,0.2
256,5b2dd4d6e43360200e92820c24ee76e1a045ba31,1,query_only,0,0,4,0,3,0,0.15,1.8971199848858813,1.2249999999999999,500,49,0.15,0.1,0.05,0.7
256,5b2dd4d6e43360200e92820c24ee76e1a045ba31,1,rag_1,1,1,4,0,3,0,0.12,2.120263536200091,1.2808,747,49,0.12,0.1,0.08,0.7
256,5b2dd4d6e43360200e92820c24ee76e1a045ba31,1,rag_3,3,3,4,0,3,0,0.1,2.3025850929940455,1.455,1155,49,0.1,0.05,0.05,0.8
256,5b2dd4d6e43360200e92820c24ee76e1a045ba31,1,rag_5,5,4,4,0,3,0,0.1,2.3025850929940455,1.385,1246,49,0.1,0.1,0.05,0.75
256,5b2dd4d6e43360200e92820c24ee76e1a045ba31,1,rag_10,10,4,4,0,3,0,0.1,2.3025850929940455,1.385,1246,49,0.1,0.1,0.05,0.75
256,5b2dd4d6e43360200e92820c24ee76e1a045ba31,1,rag_all_support,-1,4,4,0,3,0,0.1,2.3025850929940455,1.385,1246,49,0.1,0.1,0.05,0.75
837,356842f91557e18b6955548c2525be32cdee53e0,3,query_only,0,0,13,0,0,1,0.45000000000000007,0.7985076962177715,0.41500000000000004,539,49,0.45000000000000007,0.25000000000000006,0.20000000000000004,0.10000000000000002
837,356842f91557e18b6955548c2525be32cdee53e0,3,rag_1,1,1,13,0,0,1,0.5499999999999999,0.5978370007556205,0.275,655,49,0.5499999999999999,0.14999999999999997,0.19999999999999996,0.09999999999999998
837,356842f91557e18b6955548c2525be32cdee53e0,3,rag_3,3,3,13,0,0,1,0.4,0.916290731874155,0.515,885,49,0.4,0.35,0.15,0.1
837,356842f91557e18b6955548c2525be32cdee53e0,3,rag_5,5,5,13,0,0,1,0.55,0.5978370007556204,0.2858,1127,49,0.55,0.25,0.12,0.08
837,356842f91557e18b6955548c2525be32cdee53e0,3,rag_10,10,10,13,0,0,1,0.5499999999999999,0.5978370007556205,0.275,1811,49,0.5499999999999999,0.14999999999999997,0.19999999999999996,0.09999999999999998
837,356842f91557e18b6955548c2525be32cdee53e0,3,rag_all_support,-1,13,13,0,0,1,0.55,0.5978370007556204,0.27499999999999997,2164,49,0.55,0.2,0.15,0.1
408,34d8953bc0af797c693a4781009136c0ab6fb9c2,4,query_only,0,0,17,1,1,1,0.6,0.5108256237659907,0.21500000000000002,568,49,0.1,0.6,0.15,0.15
408,34d8953bc0af797c693a4781009136c0ab6fb9c2,4,rag_1,1,1,17,1,1,1,0.4,0.916290731874155,0.495,689,49,0.1,0.4,0.25,0.25
408,34d8953bc0af797c693a4781009136c0ab6fb9c2,4,rag_3,3,3,17,1,3,0,0.25,1.3862943611198906,0.8150000000000001,923,49,0.1,0.25,0.2,0.45
408,34d8953bc0af797c693a4781009136c0ab6fb9c2,4,rag_5,5,5,17,1,3,0,0.25,1.3862943611198906,0.845,1149,49,0.1,0.25,0.15,0.5
408,34d8953bc0af797c693a4781009136c0ab6fb9c2,4,rag_10,10,10,17,1,3,0,0.18,1.7147984280919266,0.9768000000000001,1808,49,0.12,0.18,0.2,0.5
408,34d8953bc0af797c693a4781009136c0ab6fb9c2,4,rag_all_support,-1,17,17,1,3,0,0.25,1.3862943611198906,0.9349999999999999,2682,49,0.05,0.25,0.1,0.6
63,df16994c0babfb357e755603991782e75789c55e,5,query_only,0,0,12,2,1,0,0.059999999999999984,2.813410716760037,1.5333999999999997,565,49,0.06999999999999999,0.7999999999999998,0.059999999999999984,0.06999999999999999
63,df16994c0babfb357e755603991782e75789c55e,5,rag_1,1,1,12,2,1,0,0.01,4.605170185988091,1.5914,677,49,0.02,0.75,0.01,0.22
63,df16994c0babfb357e755603991782e75789c55e,5,rag_3,3,3,12,2,1,0,0.06,2.8134107167600364,1.3224,893,49,0.12,0.62,0.06,0.2
63,df16994c0babfb357e755603991782e75789c55e,5,rag_5,5,5,12,2,1,0,0.04999999999999999,2.9957322735539913,1.5549999999999995,1206,49,0.04999999999999999,0.7999999999999998,0.04999999999999999,0.09999999999999998
63,df16994c0babfb357e755603991782e75789c55e,5,rag_10,10,10,12,2,3,0,0.05,2.995732273553991,1.4349999999999998,1768,49,0.05,0.2,0.05,0.7
63,df16994c0babfb357e755603991782e75789c55e,5,rag_all_support,-1,12,12,2,1,0,0.05,2.995732273553991,1.4899999999999998,2068,49,0.05,0.75,0.05,0.15
494,229480745e2ec81c9c623b6026ea09bb428cc36c,3,query_only,0,0,11,0,1,0,0.09000000000000001,2.407945608651872,1.3402000000000003,434,49,0.09000000000000001,0.7000000000000001,0.11000000000000001,0.10000000000000002
494,229480745e2ec81c9c623b6026ea09bb428cc36c,3,rag_1,1,1,11,0,0,1,0.55,0.5978370007556204,0.32999999999999996,515,49,0.55,0.35,0.05,0.05
494,229480745e2ec81c9c623b6026ea09bb428cc36c,3,rag_3,3,3,11,0,1,0,0.15,1.8971199848858813,1.115,708,49,0.15,0.6,0.15,0.1
494,229480745e2ec81c9c623b6026ea09bb428cc36c,3,rag_5,5,5,11,0,1,0,0.10000000000000002,2.3025850929940455,1.2200000000000002,904,49,0.10000000000000002,0.6000000000000001,0.20000000000000004,0.10000000000000002
494,229480745e2ec81c9c623b6026ea09bb428cc36c,3,rag_10,10,10,11,0,1,0,0.1,2.3025850929940455,1.325,1370,49,0.1,0.7,0.15,0.05
494,229480745e2ec81c9c623b6026ea09bb428cc36c,3,rag_all_support,-1,11,11,0,1,0,0.14999999999999997,1.8971199848858815,1.0750000000000002,1477,49,0.14999999999999997,0.5499999999999999,0.19999999999999996,0.09999999999999998
542,231773b4225c53d0aceafc93df22a99720a2677e,0,query_only,0,0,9,2,2,1,0.35,1.0498221244986778,0.605,492,49,0.3,0.05,0.35,0.3
542,231773b4225c53d0aceafc93df22a99720a2677e,0,rag_1,1,1,9,2,0,0,0.3,1.2039728043259361,0.735,604,49,0.45,0.05,0.3,0.2
542,231773b4225c53d0aceafc93df22a99720a2677e,0,rag_3,3,3,9,2,0,0,0.3,1.2039728043259361,0.715,845,49,0.4,0.05,0.3,0.25
542,231773b4225c53d0aceafc93df22a99720a2677e,0,rag_5,5,5,9,2,0,0,0.25,1.3862943611198906,0.855,1055,49,0.5,0.05,0.25,0.2
542,231773b4225c53d0aceafc93df22a99720a2677e,0,rag_10,10,9,9,2,0,0,0.25,1.3862943611198906,0.935,1476,49,0.6,0.05,0.25,0.1
542,231773b4225c53d0aceafc93df22a99720a2677e,0,rag_all_support,-1,9,9,2,0,0,0.25,1.3862943611198906,0.935,1476,49,0.6,0.05,0.25,0.1
636,4d77f1c87b7bd34f740efb4aa512958e842e4e4c,6,query_only,0,0,15,1,3,0,0.15,1.8971199848858813,1.3337999999999999,496,49,0.05,0.15,0.02,0.78
636,4d77f1c87b7bd34f740efb4aa512958e842e4e4c,6,rag_1,1,1,15,1,3,0,0.1,2.3025850929940455,1.5674000000000001,616,49,0.02,0.1,0.01,0.87
636,4d77f1c87b7bd34f740efb4aa512958e842e4e4c,6,rag_3,3,3,15,1,3,0,0.1,2.3025850929940455,1.5674000000000001,832,49,0.02,0.1,0.01,0.87
636,4d77f1c87b7bd34f740efb4aa512958e842e4e4c,6,rag_5,5,5,15,1,3,0,0.1,2.3025850929940455,1.5337999999999998,1071,49,0.02,0.1,0.03,0.85
636,4d77f1c87b7bd34f740efb4aa512958e842e4e4c,6,rag_10,10,10,15,1,3,0,0.1,2.3025850929940455,1.5674000000000001,1663,49,0.02,0.1,0.01,0.87
636,4d77f1c87b7bd34f740efb4aa512958e842e4e4c,6,rag_all_support,-1,15,15,1,3,0,0.1,2.3025850929940455,1.5674000000000001,2149,49,0.02,0.1,0.01,0.87
621,6f3de4a29129b7043c84a7412da474952cdcb990,1,query_only,0,0,7,0,1,0,0.2,1.6094379124341003,0.9850000000000001,582,49,0.2,0.55,0.05,0.2
621,6f3de4a29129b7043c84a7412da474952cdcb990,1,rag_1,1,1,7,0,1,0,0.35,1.0498221244986778,0.625,674,49,0.35,0.4,0.05,0.2
621,6f3de4a29129b7043c84a7412da474952cdcb990,1,rag_3,3,3,7,0,0,1,0.45,0.7985076962177716,0.45000000000000007,892,49,0.45,0.35,0.05,0.15
621,6f3de4a29129b7043c84a7412da474952cdcb990,1,rag_5,5,5,7,0,0,1,0.45,0.7985076962177716,0.45000000000000007,1175,49,0.45,0.35,0.05,0.15
621,6f3de4a29129b7043c84a7412da474952cdcb990,1,rag_10,10,7,7,0,0,1,0.6,0.5108256237659907,0.23500000000000004,1373,49,0.6,0.25,0.05,0.1
621,6f3de4a29129b7043c84a7412da474952cdcb990,1,rag_all_support,-1,7,7,0,0,1,0.6,0.5108256237659907,0.23500000000000004,1373,49,0.6,0.25,0.05,0.1
617,c4a3dc701a0646ab858130ed1e9abdb145e28801,0,query_only,0,0,9,3,2,0,0.35,1.0498221244986778,0.7350000000000001,559,49,0.0,0.1,0.55,0.35
617,c4a3dc701a0646ab858130ed1e9abdb145e28801,0,rag_1,1,1,9,3,2,0,0.45,0.7985076962177716,0.5108,717,49,0.03,0.07,0.45,0.45
617,c4a3dc701a0646ab858130ed1e9abdb145e28801,0,rag_3,3,3,9,3,2,0,0.33,1.1086626245216111,0.7618,939,49,0.02,0.1,0.55,0.33
617,c4a3dc701a0646ab858130ed1e9abdb145e28801,0,rag_5,5,5,9,3,2,0,0.25,1.3862943611198906,1.055,1198,49,0.0,0.05,0.7,0.25
617,c4a3dc701a0646ab858130ed1e9abdb145e28801,0,rag_10,10,9,9,3,2,0,0.13,2.0402208285265546,1.3998000000000002,1657,49,0.02,0.05,0.8,0.13
617,c4a3dc701a0646ab858130ed1e9abdb145e28801,0,rag_all_support,-1,9,9,3,2,0,0.13,2.0402208285265546,1.3998000000000002,1657,49,0.02,0.05,0.8,0.13
924,ecc8df2a8d060897db595558298acf78adc774b3,0,query_only,0,0,11,2,3,0,0.15,1.8971199848858813,1.07,504,49,0.15,0.15,0.15,0.55
924,ecc8df2a8d060897db595558298acf78adc774b3,0,rag_1,1,1,11,2,2,1,0.65,0.4307829160924542,0.16499999999999998,596,49,0.1,0.1,0.65,0.15
924,ecc8df2a8d060897db595558298acf78adc774b3,0,rag_3,3,3,11,2,0,0,0.35,1.0498221244986778,0.615,784,49,0.4,0.1,0.35,0.15
924,ecc8df2a8d060897db595558298acf78adc774b3,0,rag_5,5,5,11,2,0,0,0.3,1.2039728043259361,0.7249999999999999,990,49,0.45,0.1,0.3,0.15
924,ecc8df2a8d060897db595558298acf78adc774b3,0,rag_10,10,10,11,2,0,0,0.3,1.2039728043259361,0.7249999999999999,1526,49,0.45,0.1,0.3,0.15
924,ecc8df2a8d060897db595558298acf78adc774b3,0,rag_all_support,-1,11,11,2,2,1,0.4,0.916290731874155,0.5149999999999999,1695,49,0.35,0.1,0.4,0.15
221,6cef8355e661178f64e94d7b0bdaacca259f1548,4,query_only,0,0,12,2,3,0,0.24,1.4271163556401458,0.7784,399,49,0.18,0.28,0.24,0.3
221,6cef8355e661178f64e94d7b0bdaacca259f1548,4,rag_1,1,1,12,2,2,1,0.48,0.7339691750802004,0.3648,512,49,0.12,0.2,0.48,0.2
221,6cef8355e661178f64e94d7b0bdaacca259f1548,4,rag_3,3,3,12,2,2,1,0.45,0.7985076962177716,0.4182,720,49,0.09,0.2,0.45,0.26
221,6cef8355e661178f64e94d7b0bdaacca259f1548,4,rag_5,5,5,12,2,2,1,0.4,0.916290731874155,0.495,930,49,0.1,0.25,0.4,0.25
221,6cef8355e661178f64e94d7b0bdaacca259f1548,4,rag_10,10,10,12,2,1,0,0.3,1.2039728043259361,0.7,1415,49,0.1,0.4,0.3,0.2
221,6cef8355e661178f64e94d7b0bdaacca259f1548,4,rag_all_support,-1,12,12,2,2,1,0.3,1.2039728043259361,0.6728,1629,49,0.12,0.28,0.3,0.3
938,69cea1abb6ffcc43035e31c8730235a260ed1c59,1,query_only,0,0,15,3,1,0,0.23,1.4696759700589417,1.0857999999999999,476,49,0.05,0.7,0.02,0.23
938,69cea1abb6ffcc43035e31c8730235a260ed1c59,1,rag_1,1,1,15,3,1,0,0.17,1.7719568419318752,1.2548,605,49,0.05,0.75,0.03,0.17
938,69cea1abb6ffcc43035e31c8730235a260ed1c59,1,rag_3,3,3,15,3,1,0,0.19,1.6607312068216509,1.2212,793,49,0.05,0.75,0.01,0.19
938,69cea1abb6ffcc43035e31c8730235a260ed1c59,1,rag_5,5,5,15,3,1,0,0.13,2.0402208285265546,1.3998,1003,49,0.05,0.8,0.02,0.13
938,69cea1abb6ffcc43035e31c8730235a260ed1c59,1,rag_10,10,10,15,3,1,0,0.23,1.4696759700589417,1.0857999999999999,1605,49,0.05,0.7,0.02,0.23
938,69cea1abb6ffcc43035e31c8730235a260ed1c59,1,rag_all_support,-1,15,15,3,1,0,0.19,1.6607312068216509,1.2212,2331,49,0.05,0.75,0.01,0.19
292,dbe00e045ce50ff85ea091b190f100d576a19e85,0,query_only,0,0,5,3,3,1,0.93,0.07257069283483537,0.007599999999999993,526,49,0.01,0.05,0.01,0.93
292,dbe00e045ce50ff85ea091b190f100d576a19e85,0,rag_1,1,1,5,3,3,1,0.96,0.040821994520255166,0.002200000000000003,1004,49,0.02,0.01,0.01,0.96
292,dbe00e045ce50ff85ea091b190f100d576a19e85,0,rag_3,3,3,5,3,3,1,0.95,0.05129329438755058,0.0034000000000000046,1371,49,0.01,0.02,0.02,0.95
292,dbe00e045ce50ff85ea091b190f100d576a19e85,0,rag_5,5,5,5,3,3,1,0.9,0.10536051565782628,0.019999999999999997,1750,49,0.0,0.1,0.0,0.9
292,dbe00e045ce50ff85ea091b190f100d576a19e85,0,rag_10,10,5,5,3,3,1,0.9,0.10536051565782628,0.019999999999999997,1750,49,0.0,0.1,0.0,0.9
292,dbe00e045ce50ff85ea091b190f100d576a19e85,0,rag_all_support,-1,5,5,3,3,1,0.9,0.10536051565782628,0.019999999999999997,1750,49,0.0,0.1,0.0,0.9
314,7f87094a7a23b2480878bb0c51993069600afa07,2,query_only,0,0,5,3,2,0,0.12,2.120263536200091,1.2128,923,49,0.12,0.12,0.64,0.12
314,7f87094a7a23b2480878bb0c51993069600afa07,2,rag_1,1,1,5,3,2,0,0.15,1.8971199848858813,1.2249999999999999,1079,49,0.1,0.05,0.7,0.15
314,7f87094a7a23b2480878bb0c51993069600afa07,2,rag_3,3,3,5,3,2,0,0.15,1.8971199848858813,1.1149999999999998,1393,49,0.15,0.1,0.6,0.15
314,7f87094a7a23b2480878bb0c51993069600afa07,2,rag_5,5,5,5,3,2,0,0.15,1.8971199848858813,1.2249999999999999,1776,49,0.1,0.05,0.7,0.15
314,7f87094a7a23b2480878bb0c51993069600afa07,2,rag_10,10,5,5,3,2,0,0.15,1.8971199848858813,1.2249999999999999,1776,49,0.1,0.05,0.7,0.15
314,7f87094a7a23b2480878bb0c51993069600afa07,2,rag_all_support,-1,5,5,3,2,0,0.15,1.8971199848858813,1.2249999999999999,1776,49,0.1,0.05,0.7,0.15
845,e9a11017e047de057d22d32e882ec65249db4c73,0,query_only,0,0,9,0,1,0,0.1,2.3025850929940455,1.115,491,49,0.1,0.4,0.15,0.35
845,e9a11017e047de057d22d32e882ec65249db4c73,0,rag_1,1,1,9,0,1,0,0.15,1.8971199848858813,1.015,597,49,0.15,0.4,0.1,0.35
845,e9a11017e047de057d22d32e882ec65249db4c73,0,rag_3,3,3,9,0,2,0,0.12,2.120263536200091,1.1256000000000002,811,49,0.12,0.2,0.54,0.14
845,e9a11017e047de057d22d32e882ec65249db4c73,0,rag_5,5,5,9,0,2,0,0.1,2.3025850929940455,1.1150000000000002,1001,49,0.1,0.25,0.45,0.2
845,e9a11017e047de057d22d32e882ec65249db4c73,0,rag_10,10,9,9,0,2,0,0.1,2.3025850929940455,1.125,1489,49,0.1,0.3,0.45,0.15
845,e9a11017e047de057d22d32e882ec65249db4c73,0,rag_all_support,-1,9,9,0,2,0,0.1,2.3025850929940455,1.125,1489,49,0.1,0.3,0.45,0.15
749,1b9d1783fcd6c9c95dfd7214fcade537c519a4b0,5,query_only,0,0,13,0,1,0,0.12,2.120263536200091,1.1807999999999998,418,49,0.12,0.6,0.08,0.2
749,1b9d1783fcd6c9c95dfd7214fcade537c519a4b0,5,rag_1,1,1,13,0,0,1,0.55,0.5978370007556204,0.27499999999999997,506,49,0.55,0.2,0.1,0.15
749,1b9d1783fcd6c9c95dfd7214fcade537c519a4b0,5,rag_3,3,3,13,0,0,1,0.55,0.5978370007556204,0.27499999999999997,760,49,0.55,0.1,0.15,0.2
749,1b9d1783fcd6c9c95dfd7214fcade537c519a4b0,5,rag_5,5,5,13,0,0,1,0.55,0.5978370007556204,0.27499999999999997,987,49,0.55,0.1,0.15,0.2
749,1b9d1783fcd6c9c95dfd7214fcade537c519a4b0,5,rag_10,10,10,13,0,0,1,0.55,0.5978370007556204,0.30499999999999994,1600,49,0.55,0.1,0.05,0.3
749,1b9d1783fcd6c9c95dfd7214fcade537c519a4b0,5,rag_all_support,-1,13,13,0,0,1,0.55,0.5978370007556204,0.30499999999999994,1976,49,0.55,0.1,0.05,0.3
978,6bc703de329eb46dd915f9f21d8bee9920699aa3,6,query_only,0,0,17,3,0,0,0.10000000000000002,2.3025850929940455,1.3200000000000003,558,49,0.7000000000000001,0.10000000000000002,0.10000000000000002,0.10000000000000002
978,6bc703de329eb46dd915f9f21d8bee9920699aa3,6,rag_1,1,1,17,3,0,0,0.2,1.6094379124341003,1.135,663,49,0.7,0.05,0.05,0.2
978,6bc703de329eb46dd915f9f21d8bee9920699aa3,6,rag_3,3,3,17,3,1,0,0.3,1.2039728043259361,0.6799999999999999,911,49,0.1,0.3,0.3,0.3
978,6bc703de329eb46dd915f9f21d8bee9920699aa3,6,rag_5,5,5,17,3,2,0,0.1,2.3025850929940455,1.175,1122,49,0.05,0.4,0.45,0.1
978,6bc703de329eb46dd915f9f21d8bee9920699aa3,6,rag_10,10,10,17,3,1,0,0.15,1.8971199848858813,1.17,1704,49,0.05,0.65,0.15,0.15
978,6bc703de329eb46dd915f9f21d8bee9920699aa3,6,rag_all_support,-1,17,17,3,1,0,0.35,1.0498221244986778,0.6250000000000001,2548,49,0.05,0.4,0.2,0.35
139,c0f826a0a41fd58cd4d492e7d1811453726fefd7,3,query_only,0,0,15,2,1,0,0.15,1.8971199848858813,1.1149999999999998,492,49,0.1,0.6,0.15,0.15
139,c0f826a0a41fd58cd4d492e7d1811453726fefd7,3,rag_1,1,1,15,2,1,0,0.1,2.3025850929940455,1.2050000000000003,596,49,0.05,0.55,0.1,0.3
139,c0f826a0a41fd58cd4d492e7d1811453726fefd7,3,rag_3,3,3,15,2,3,0,0.1,2.3025850929940455,1.2750000000000001,794,49,0.05,0.2,0.1,0.65
139,c0f826a0a41fd58cd4d492e7d1811453726fefd7,3,rag_5,5,5,15,2,1,0,0.2,1.6094379124341003,0.9850000000000002,1014,49,0.05,0.55,0.2,0.2
139,c0f826a0a41fd58cd4d492e7d1811453726fefd7,3,rag_10,10,10,15,2,3,0,0.2,1.6094379124341003,0.9250000000000002,1725,49,0.05,0.35,0.2,0.4
139,c0f826a0a41fd58cd4d492e7d1811453726fefd7,3,rag_all_support,-1,15,15,2,1,0,0.15,1.8971199848858813,1.1149999999999998,2384,49,0.1,0.6,0.15,0.15
554,ab9a58bd79e76eec7701e516a6da52365d42429b,0,query_only,0,0,5,2,0,0,0.15,1.8971199848858813,0.985,484,49,0.4,0.2,0.15,0.25
554,ab9a58bd79e76eec7701e516a6da52365d42429b,0,rag_1,1,1,5,2,1,0,0.1,2.3025850929940455,1.1,607,49,0.2,0.4,0.1,0.3
554,ab9a58bd79e76eec7701e516a6da52365d42429b,0,rag_3,3,3,5,2,0,0,0.1,2.3025850929940455,1.22,793,49,0.6,0.2,0.1,0.1
554,ab9a58bd79e76eec7701e516a6da52365d42429b,0,rag_5,5,5,5,2,0,0,0.05,2.995732273553991,1.4249999999999998,987,49,0.7,0.1,0.05,0.15
554,ab9a58bd79e76eec7701e516a6da52365d42429b,0,rag_10,10,5,5,2,0,0,0.05,2.995732273553991,1.4249999999999998,987,49,0.7,0.1,0.05,0.15
554,ab9a58bd79e76eec7701e516a6da52365d42429b,0,rag_all_support,-1,5,5,2,0,0,0.05,2.995732273553991,1.4249999999999998,987,49,0.7,0.1,0.05,0.15
677,e98bdba5060fca7d276c92c56fb2dbf7109057c2,5,query_only,0,0,12,2,1,0,0.03,3.506557897319982,1.6707999999999996,584,49,0.05,0.85,0.03,0.07
677,e98bdba5060fca7d276c92c56fb2dbf7109057c2,5,rag_1,1,1,12,2,1,0,0.15,1.8971199848858813,0.9949999999999999,693,49,0.3,0.4,0.15,0.15
677,e98bdba5060fca7d276c92c56fb2dbf7109057c2,5,rag_3,3,3,12,2,3,0,0.25,1.3862943611198906,0.7699999999999999,931,49,0.25,0.15,0.25,0.35
677,e98bdba5060fca7d276c92c56fb2dbf7109057c2,5,rag_5,5,5,12,2,3,0,0.25,1.3862943611198906,0.7849999999999999,1177,49,0.3,0.1,0.25,0.35
677,e98bdba5060fca7d276c92c56fb2dbf7109057c2,5,rag_10,10,10,12,2,0,0,0.25,1.3862943611198906,0.7849999999999999,1876,49,0.35,0.1,0.25,0.3
677,e98bdba5060fca7d276c92c56fb2dbf7109057c2,5,rag_all_support,-1,12,12,2,0,0,0.1,2.3025850929940455,1.0850000000000002,2241,49,0.35,0.25,0.1,0.3
589,25e5680dc2fbffb9a9d90fe9de42f2fa64c4c6ce,1,query_only,0,0,13,1,3,0,0.05,2.995732273553991,1.5550000000000002,527,49,0.05,0.05,0.1,0.8
589,25e5680dc2fbffb9a9d90fe9de42f2fa64c4c6ce,1,rag_1,1,1,13,1,3,0,0.05,2.995732273553991,1.335,597,49,0.25,0.05,0.1,0.6
589,25e5680dc2fbffb9a9d90fe9de42f2fa64c4c6ce,1,rag_3,3,3,13,1,3,0,0.05,2.995732273553991,1.335,820,49,0.1,0.05,0.25,0.6
589,25e5680dc2fbffb9a9d90fe9de42f2fa64c4c6ce,1,rag_5,5,5,13,1,3,0,0.05,2.995732273553991,1.305,1028,49,0.1,0.05,0.3,0.55
589,25e5680dc2fbffb9a9d90fe9de42f2fa64c4c6ce,1,rag_10,10,10,13,1,1,1,0.45,0.7985076962177716,0.41500000000000004,1549,49,0.1,0.45,0.2,0.25
589,25e5680dc2fbffb9a9d90fe9de42f2fa64c4c6ce,1,rag_all_support,-1,13,13,1,1,1,0.4,0.916290731874155,0.5288,1895,49,0.12,0.4,0.1,0.38
39,3b72c0abe01e23fe25ee9e26a5d46e695b2ce3d6,3,query_only,0,0,13,3,1,0,0.09999999999999998,2.302585092994046,1.4549999999999996,499,49,0.04999999999999999,0.7999999999999998,0.04999999999999999,0.09999999999999998
39,3b72c0abe01e23fe25ee9e26a5d46e695b2ce3d6,3,rag_1,1,1,13,3,1,0,0.3,1.2039728043259361,0.855,562,49,0.05,0.6,0.05,0.3
39,3b72c0abe01e23fe25ee9e26a5d46e695b2ce3d6,3,rag_3,3,3,13,3,1,0,0.25,1.3862943611198906,0.935,790,49,0.1,0.6,0.05,0.25
39,3b72c0abe01e23fe25ee9e26a5d46e695b2ce3d6,3,rag_5,5,5,13,3,1,0,0.25,1.3862943611198906,0.885,1030,49,0.1,0.55,0.1,0.25
39,3b72c0abe01e23fe25ee9e26a5d46e695b2ce3d6,3,rag_10,10,10,13,3,1,0,0.2,1.6094379124341003,1.0424000000000002,1602,49,0.12,0.62,0.06,0.2
39,3b72c0abe01e23fe25ee9e26a5d46e695b2ce3d6,3,rag_all_support,-1,13,13,3,1,0,0.25,1.3862943611198906,0.935,2009,49,0.1,0.6,0.05,0.25
513,e6562997bd47ea219f7610ec3d3d01a217feb470,0,query_only,0,0,13,1,2,0,0.25,1.3862943611198906,0.9349999999999999,491,49,0.1,0.25,0.6,0.05
513,e6562997bd47ea219f7610ec3d3d01a217feb470,0,rag_1,1,1,13,1,1,1,0.55,0.5978370007556204,0.29,583,49,0.15,0.55,0.25,0.05
513,e6562997bd47ea219f7610ec3d3d01a217feb470,0,rag_3,3,3,13,1,1,1,0.4,0.916290731874155,0.5249999999999999,787,49,0.35,0.4,0.2,0.05
513,e6562997bd47ea219f7610ec3d3d01a217feb470,0,rag_5,5,5,13,1,1,1,0.45000000000000007,0.7985076962177715,0.41500000000000004,997,49,0.25000000000000006,0.45000000000000007,0.20000000000000004,0.10000000000000002
513,e6562997bd47ea219f7610ec3d3d01a217feb470,0,rag_10,10,10,13,1,1,1,0.35,1.0498221244986778,0.575,1548,49,0.2,0.35,0.3,0.15
513,e6562997bd47ea219f7610ec3d3d01a217feb470,0,rag_all_support,-1,13,13,1,1,1,0.45000000000000007,0.7985076962177715,0.41500000000000004,1893,49,0.25000000000000006,0.45000000000000007,0.20000000000000004,0.10000000000000002
613,111db66881ed6b2feb12a95c5da4e30aaef600b7,4,query_only,0,0,10,2,3,0,0.2,1.6094379124341003,0.9750000000000001,561,49,0.1,0.15,0.2,0.55
613,111db66881ed6b2feb12a95c5da4e30aaef600b7,4,rag_1,1,1,10,2,3,0,0.15,1.8971199848858813,1.0213999999999999,680,49,0.19,0.18,0.15,0.48
613,111db66881ed6b2feb12a95c5da4e30aaef600b7,4,rag_3,3,3,10,2,3,0,0.15,1.8971199848858813,1.0717999999999999,880,49,0.18,0.12,0.15,0.55
613,111db66881ed6b2feb12a95c5da4e30aaef600b7,4,rag_5,5,5,10,2,3,0,0.15,1.8971199848858813,1.0717999999999999,1075,49,0.12,0.18,0.15,0.55
613,111db66881ed6b2feb12a95c5da4e30aaef600b7,4,rag_10,10,10,10,2,3,0,0.2,1.6094379124341003,0.9750000000000001,1691,49,0.1,0.15,0.2,0.55
613,111db66881ed6b2feb12a95c5da4e30aaef600b7,4,rag_all_support,-1,10,10,2,3,0,0.2,1.6094379124341003,0.9750000000000001,1691,49,0.1,0.15,0.2,0.55
107,2e9903f3ac23b98febefb319c76c390ff9e8449b,2,query_only,0,0,11,0,1,0,0.04999999999999999,2.9957322735539913,1.5549999999999995,536,49,0.04999999999999999,0.7999999999999998,0.04999999999999999,0.09999999999999998
107,2e9903f3ac23b98febefb319c76c390ff9e8449b,2,rag_1,1,1,11,0,0,1,0.82,0.19845093872383832,0.04880000000000002,656,49,0.82,0.12,0.04,0.02
107,2e9903f3ac23b98febefb319c76c390ff9e8449b,2,rag_3,3,3,11,0,1,0,0.02,3.912023005428146,1.7737999999999998,868,49,0.02,0.9,0.03,0.05
107,2e9903f3ac23b98febefb319c76c390ff9e8449b,2,rag_5,5,5,11,0,0,1,0.7,0.35667494393873245,0.13500000000000004,1138,49,0.7,0.2,0.05,0.05
107,2e9903f3ac23b98febefb319c76c390ff9e8449b,2,rag_10,10,10,11,0,0,1,0.6,0.5108256237659907,0.23500000000000004,1860,49,0.6,0.25,0.1,0.05
107,2e9903f3ac23b98febefb319c76c390ff9e8449b,2,rag_all_support,-1,11,11,0,0,1,0.65,0.4307829160924542,0.19,2075,49,0.65,0.25,0.05,0.05
432,98b753ed1c4ee5835547aed6fdc1577d9a5dbf18,2,query_only,0,0,11,0,0,1,0.25,1.3862943611198906,0.75,472,49,0.25,0.25,0.25,0.25
432,98b753ed1c4ee5835547aed6fdc1577d9a5dbf18,2,rag_1,1,1,11,0,0,1,0.6,0.5108256237659907,0.23500000000000004,578,49,0.6,0.05,0.1,0.25
432,98b753ed1c4ee5835547aed6fdc1577d9a5dbf18,2,rag_3,3,3,11,0,0,1,0.45,0.7985076962177716,0.43500000000000005,803,49,0.45,0.05,0.2,0.3
432,98b753ed1c4ee5835547aed6fdc1577d9a5dbf18,2,rag_5,5,5,11,0,0,1,0.55,0.5978370007556204,0.30499999999999994,1020,49,0.55,0.05,0.1,0.3
432,98b753ed1c4ee5835547aed6fdc1577d9a5dbf18,2,rag_10,10,10,11,0,0,1,0.55,0.5978370007556204,0.285,1590,49,0.55,0.1,0.1,0.25
432,98b753ed1c4ee5835547aed6fdc1577d9a5dbf18,2,rag_all_support,-1,11,11,0,0,1,0.55,0.5978370007556204,0.285,1702,49,0.55,0.05,0.2,0.2
800,16c6112ff4f60f855973e3bbb686b20aafae790e,1,query_only,0,0,13,3,1,0,0.1,2.3025850929940455,1.185,430,49,0.25,0.55,0.1,0.1
800,16c6112ff4f60f855973e3bbb686b20aafae790e,1,rag_1,1,1,13,3,0,0,0.09999999999999998,2.302585092994046,1.1749999999999998,535,49,0.5499999999999999,0.14999999999999997,0.19999999999999996,0.09999999999999998
800,16c6112ff4f60f855973e3bbb686b20aafae790e,1,rag_3,3,3,13,3,0,0,0.15,1.8971199848858813,1.035,781,49,0.5,0.15,0.2,0.15
800,16c6112ff4f60f855973e3bbb686b20aafae790e,1,rag_5,5,5,13,3,0,0,0.15,1.8971199848858813,0.985,1026,49,0.4,0.25,0.2,0.15
800,16c6112ff4f60f855973e3bbb686b20aafae790e,1,rag_10,10,10,13,3,0,0,0.10000000000000002,2.3025850929940455,1.1250000000000002,1542,49,0.45000000000000007,0.15000000000000002,0.30000000000000004,0.10000000000000002
800,16c6112ff4f60f855973e3bbb686b20aafae790e,1,rag_all_support,-1,13,13,3,0,0,0.09999999999999998,2.302585092994046,1.1383999999999999,1900,49,0.4599999999999999,0.11999999999999997,0.31999999999999995,0.09999999999999998
260,2285e464c95037290a11fc1b14df9b9b402734ec,2,query_only,0,0,6,3,2,0,0.2,1.6094379124341003,1.2800000000000002,483,49,0.0,0.0,0.8,0.2
260,2285e464c95037290a11fc1b14df9b9b402734ec,2,rag_1,1,1,6,3,3,1,0.65,0.4307829160924542,0.19,616,49,0.05,0.05,0.25,0.65
260,2285e464c95037290a11fc1b14df9b9b402734ec,2,rag_3,3,3,6,3,3,1,0.8,0.2231435513142097,0.05499999999999998,972,49,0.05,0.05,0.1,0.8
260,2285e464c95037290a11fc1b14df9b9b402734ec,2,rag_5,5,5,6,3,3,1,0.75,0.2876820724517809,0.1038,1233,49,0.03,0.02,0.2,0.75
260,2285e464c95037290a11fc1b14df9b9b402734ec,2,rag_10,10,6,6,3,3,1,0.55,0.5978370007556204,0.32999999999999996,1458,49,0.05,0.05,0.35,0.55
260,2285e464c95037290a11fc1b14df9b9b402734ec,2,rag_all_support,-1,6,6,3,3,1,0.55,0.5978370007556204,0.32999999999999996,1458,49,0.05,0.05,0.35,0.55
307,9b3ca95d2d7b6f600ba0ef4c7fa06405c724b5f3,3,query_only,0,0,11,2,0,0,0.05,2.995732273553991,1.4899999999999998,710,49,0.75,0.05,0.05,0.15
307,9b3ca95d2d7b6f600ba0ef4c7fa06405c724b5f3,3,rag_1,1,1,11,2,0,0,0.29999999999999993,1.2039728043259361,0.805,955,49,0.5499999999999999,0.04999999999999999,0.29999999999999993,0.09999999999999998
307,9b3ca95d2d7b6f600ba0ef4c7fa06405c724b5f3,3,rag_3,3,3,11,2,2,1,0.75,0.2876820724517809,0.09,1495,49,0.15,0.05,0.75,0.05
307,9b3ca95d2d7b6f600ba0ef4c7fa06405c724b5f3,3,rag_5,5,5,11,2,2,1,0.75,0.2876820724517809,0.09,1902,49,0.15,0.05,0.75,0.05
307,9b3ca95d2d7b6f600ba0ef4c7fa06405c724b5f3,3,rag_10,10,10,11,2,0,0,0.3,1.2039728043259361,0.8549999999999999,2694,49,0.6,0.05,0.3,0.05
307,9b3ca95d2d7b6f600ba0ef4c7fa06405c724b5f3,3,rag_all_support,-1,11,11,2,0,0,0.3,1.2039728043259361,0.8549999999999999,2883,49,0.6,0.05,0.3,0.05
713,6c305b6f96311fe9b5c0e119a0551c955d3be2b0,2,query_only,0,0,9,3,1,0,0.1,2.3025850929940455,1.4857999999999998,468,49,0.03,0.82,0.05,0.1
713,6c305b6f96311fe9b5c0e119a0551c955d3be2b0,2,rag_1,1,1,9,3,1,0,0.15,1.8971199848858813,1.015,583,49,0.35,0.4,0.1,0.15
713,6c305b6f96311fe9b5c0e119a0551c955d3be2b0,2,rag_3,3,3,9,3,1,0,0.2,1.6094379124341003,0.9750000000000002,797,49,0.15,0.55,0.1,0.2
713,6c305b6f96311fe9b5c0e119a0551c955d3be2b0,2,rag_5,5,5,9,3,1,0,0.15,1.8971199848858813,1.075,979,49,0.2,0.55,0.1,0.15
713,6c305b6f96311fe9b5c0e119a0551c955d3be2b0,2,rag_10,10,9,9,3,1,0,0.1,2.3025850929940455,1.2650000000000001,1449,49,0.1,0.65,0.15,0.1
713,6c305b6f96311fe9b5c0e119a0551c955d3be2b0,2,rag_all_support,-1,9,9,3,1,0,0.1,2.3025850929940455,1.2650000000000001,1449,49,0.1,0.65,0.15,0.1
820,87dc838004e9be726ebb59ecae9dab6deea47d7e,0,query_only,0,0,11,2,2,1,0.35000000000000003,1.0498221244986776,0.59,484,49,0.15000000000000002,0.15000000000000002,0.35000000000000003,0.35000000000000003
820,87dc838004e9be726ebb59ecae9dab6deea47d7e,0,rag_1,1,1,11,2,2,1,0.5,0.6931471805599453,0.33999999999999997,593,49,0.1,0.2,0.5,0.2
820,87dc838004e9be726ebb59ecae9dab6deea47d7e,0,rag_3,3,3,11,2,2,1,0.4,0.916290731874155,0.5408,816,49,0.08,0.12,0.4,0.4
820,87dc838004e9be726ebb59ecae9dab6deea47d7e,0,rag_5,5,5,11,2,2,1,0.7,0.35667494393873245,0.12500000000000003,1047,49,0.05,0.1,0.7,0.15
820,87dc838004e9be726ebb59ecae9dab6deea47d7e,0,rag_10,10,10,11,2,2,1,0.6,0.5108256237659907,0.23500000000000004,1569,49,0.05,0.1,0.6,0.25
820,87dc838004e9be726ebb59ecae9dab6deea47d7e,0,rag_all_support,-1,11,11,2,2,1,0.6,0.5108256237659907,0.22480000000000003,1696,49,0.08,0.1,0.6,0.22
137,c85b2e053e1013a04c46906adeb7eaacb86395cd,0,query_only,0,0,15,1,2,0,0.05,2.995732273553991,1.4249999999999998,421,49,0.1,0.05,0.7,0.15
137,c85b2e053e1013a04c46906adeb7eaacb86395cd,0,rag_1,1,1,15,1,1,1,0.45,0.7985076962177716,0.43500000000000005,535,49,0.05,0.45,0.2,0.3
137,c85b2e053e1013a04c46906adeb7eaacb86395cd,0,rag_3,3,3,15,1,1,1,0.55,0.5978370007556204,0.2899999999999999,738,49,0.05,0.55,0.15,0.25
137,c85b2e053e1013a04c46906adeb7eaacb86395cd,0,rag_5,5,5,15,1,1,1,0.5,0.6931471805599453,0.355,924,49,0.05,0.5,0.2,0.25
137,c85b2e053e1013a04c46906adeb7eaacb86395cd,0,rag_10,10,10,15,1,1,1,0.55,0.5978370007556204,0.285,1430,49,0.05,0.55,0.2,0.2
137,c85b2e053e1013a04c46906adeb7eaacb86395cd,0,rag_all_support,-1,15,15,1,1,1,0.56,0.579818495252942,0.26959999999999995,2127,49,0.06,0.56,0.18,0.2
947,2b3c9474821244b6a23d920a376d88ecbad11e9e,6,query_only,0,0,17,3,0,0,0.15,1.8971199848858813,0.985,563,49,0.4,0.2,0.25,0.15
947,2b3c9474821244b6a23d920a376d88ecbad11e9e,6,rag_1,1,1,17,3,1,0,0.1,2.3025850929940455,1.2650000000000001,674,49,0.15,0.65,0.1,0.1
947,2b3c9474821244b6a23d920a376d88ecbad11e9e,6,rag_3,3,3,17,3,1,0,0.1,2.3025850929940455,1.2650000000000001,921,49,0.1,0.65,0.15,0.1
947,2b3c9474821244b6a23d920a376d88ecbad11e9e,6,rag_5,5,5,17,3,1,0,0.07,2.659260036932778,1.4438,1198,49,0.1,0.75,0.08,0.07
947,2b3c9474821244b6a23d920a376d88ecbad11e9e,6,rag_10,10,10,17,3,1,0,0.10000000000000002,2.3025850929940455,1.3200000000000003,1747,49,0.10000000000000002,0.7000000000000001,0.10000000000000002,0.10000000000000002
947,2b3c9474821244b6a23d920a376d88ecbad11e9e,6,rag_all_support,-1,17,17,3,1,0,0.15,1.8971199848858813,1.2899999999999998,2550,49,0.05,0.75,0.05,0.15
479,2f90640bc5404c5fb53705aba8baaaa8c550db06,2,query_only,0,0,9,2,2,1,0.3,1.2039728043259361,0.6549999999999999,430,49,0.2,0.25,0.3,0.25
479,2f90640bc5404c5fb53705aba8baaaa8c550db06,2,rag_1,1,1,9,2,0,0,0.19999999999999996,1.6094379124341005,0.9750000000000001,546,49,0.5499999999999999,0.14999999999999997,0.19999999999999996,0.09999999999999998
479,2f90640bc5404c5fb53705aba8baaaa8c550db06,2,rag_3,3,3,9,2,0,0,0.25,1.3862943611198906,0.885,764,49,0.55,0.1,0.25,0.1
479,2f90640bc5404c5fb53705aba8baaaa8c550db06,2,rag_5,5,5,9,2,0,0,0.30000000000000004,1.203972804325936,0.7250000000000001,999,49,0.45000000000000007,0.15000000000000002,0.30000000000000004,0.10000000000000002
479,2f90640bc5404c5fb53705aba8baaaa8c550db06,2,rag_10,10,9,9,2,0,0,0.35,1.0498221244986778,0.59,1488,49,0.35,0.15,0.35,0.15
479,2f90640bc5404c5fb53705aba8baaaa8c550db06,2,rag_all_support,-1,9,9,2,0,0,0.35,1.0498221244986778,0.59,1488,49,0.35,0.15,0.35,0.15
365,b4170f81ee527241c2c4250b98154fe966d3a8a2,4,query_only,0,0,11,1,2,0,0.10000000000000002,2.3025850929940455,1.32,450,49,0.10000000000000002,0.10000000000000002,0.7000000000000001,0.10000000000000002
365,b4170f81ee527241c2c4250b98154fe966d3a8a2,4,rag_1,1,1,11,1,0,0,0.1,2.3025850929940455,1.2750000000000001,550,49,0.65,0.1,0.2,0.05
365,b4170f81ee527241c2c4250b98154fe966d3a8a2,4,rag_3,3,3,11,1,0,0,0.15,1.8971199848858813,1.125,781,49,0.6,0.15,0.2,0.05
365,b4170f81ee527241c2c4250b98154fe966d3a8a2,4,rag_5,5,5,11,1,0,0,0.25000000000000006,1.3862943611198904,0.7850000000000001,986,49,0.35000000000000003,0.25000000000000006,0.30000000000000004,0.10000000000000002
365,b4170f81ee527241c2c4250b98154fe966d3a8a2,4,rag_10,10,10,11,1,0,0,0.15,1.8971199848858813,1.125,1612,49,0.6,0.15,0.2,0.05
365,b4170f81ee527241c2c4250b98154fe966d3a8a2,4,rag_all_support,-1,11,11,1,0,0,0.1,2.3025850929940455,1.325,1721,49,0.7,0.1,0.15,0.05
499,f97176fff2fc3494ad85ad950329fd73a7c7fbef,3,query_only,0,0,9,3,0,0,0.10000000000000002,2.3025850929940455,1.3200000000000003,446,49,0.7000000000000001,0.10000000000000002,0.10000000000000002,0.10000000000000002
499,f97176fff2fc3494ad85ad950329fd73a7c7fbef,3,rag_1,1,1,9,3,0,0,0.25,1.3862943611198906,0.935,549,49,0.6,0.05,0.1,0.25
499,f97176fff2fc3494ad85ad950329fd73a7c7fbef,3,rag_3,3,3,9,3,0,0,0.2,1.6094379124341003,0.9850000000000002,766,49,0.55,0.05,0.2,0.2
499,f97176fff2fc3494ad85ad950329fd73a7c7fbef,3,rag_5,5,5,9,3,0,0,0.15,1.8971199848858813,1.075,1005,49,0.55,0.1,0.2,0.15
499,f97176fff2fc3494ad85ad950329fd73a7c7fbef,3,rag_10,10,9,9,3,0,0,0.2,1.6094379124341003,0.8850000000000001,1556,49,0.4,0.15,0.25,0.2
499,f97176fff2fc3494ad85ad950329fd73a7c7fbef,3,rag_all_support,-1,9,9,3,0,0,0.2,1.6094379124341003,0.8850000000000001,1556,49,0.4,0.15,0.25,0.2
88,a2852b3c45743d848897abcd9d3c21350515784e,0,query_only,0,0,8,2,2,1,0.85,0.16251892949777494,0.030000000000000006,454,49,0.05,0.05,0.85,0.05
88,a2852b3c45743d848897abcd9d3c21350515784e,0,rag_1,1,1,8,2,2,1,0.84,0.1743533871447778,0.034200000000000015,634,49,0.06,0.05,0.84,0.05
88,a2852b3c45743d848897abcd9d3c21350515784e,0,rag_3,3,3,8,2,2,1,0.75,0.2876820724517809,0.085,1032,49,0.1,0.1,0.75,0.05
88,a2852b3c45743d848897abcd9d3c21350515784e,0,rag_5,5,5,8,2,2,1,0.85,0.16251892949777494,0.030000000000000006,1283,49,0.05,0.05,0.85,0.05
88,a2852b3c45743d848897abcd9d3c21350515784e,0,rag_10,10,8,8,2,2,1,0.8,0.2231435513142097,0.054999999999999986,1640,49,0.1,0.05,0.8,0.05
88,a2852b3c45743d848897abcd9d3c21350515784e,0,rag_all_support,-1,8,8,2,2,1,0.8,0.2231435513142097,0.054999999999999986,1640,49,0.1,0.05,0.8,0.05
668,6b16b5190492f1e6ced76b8906068fdab8a1c642,3,query_only,0,0,13,1,0,0,0.3,1.2039728043259361,0.8549999999999998,499,49,0.6,0.3,0.05,0.05
668,6b16b5190492f1e6ced76b8906068fdab8a1c642,3,rag_1,1,1,13,1,0,0,0.3,1.2039728043259361,0.8549999999999998,603,49,0.6,0.3,0.05,0.05
668,6b16b5190492f1e6ced76b8906068fdab8a1c642,3,rag_3,3,3,13,1,0,0,0.25000000000000006,1.3862943611198904,0.9338000000000001,934,49,0.6000000000000001,0.25000000000000006,0.07000000000000002,0.08000000000000002
668,6b16b5190492f1e6ced76b8906068fdab8a1c642,3,rag_5,5,5,13,1,0,0,0.29999999999999993,1.2039728043259361,0.8049999999999999,1149,49,0.5499999999999999,0.29999999999999993,0.04999999999999999,0.09999999999999998
668,6b16b5190492f1e6ced76b8906068fdab8a1c642,3,rag_10,10,10,13,1,0,0,0.25,1.3862943611198906,0.9349999999999999,1777,49,0.6,0.25,0.05,0.1
668,6b16b5190492f1e6ced76b8906068fdab8a1c642,3,rag_all_support,-1,13,13,1,0,0,0.25,1.3862943611198906,0.7849999999999999,2125,49,0.35,0.25,0.1,0.3
590,3e4115a9bee522661add08cf0195f0c508a4894a,7,query_only,0,0,15,0,1,0,0.1,2.3025850929940455,1.385,513,49,0.1,0.75,0.05,0.1
590,3e4115a9bee522661add08cf0195f0c508a4894a,7,rag_1,1,1,15,0,1,0,0.1,2.3025850929940455,1.385,623,49,0.1,0.75,0.05,0.1
590,3e4115a9bee522661add08cf0195f0c508a4894a,7,rag_3,3,3,15,0,0,1,0.55,0.5978370007556204,0.32999999999999996,842,49,0.55,0.35,0.05,0.05
590,3e4115a9bee522661add08cf0195f0c508a4894a,7,rag_5,5,5,15,0,0,1,0.45,0.7985076962177716,0.4750000000000001,1048,49,0.45,0.4,0.1,0.05
590,3e4115a9bee522661add08cf0195f0c508a4894a,7,rag_10,10,10,15,0,0,1,0.62,0.4780358009429998,0.25460000000000005,1673,49,0.62,0.33,0.03,0.02
590,3e4115a9bee522661add08cf0195f0c508a4894a,7,rag_all_support,-1,15,15,0,1,0,0.05,2.995732273553991,1.63,2486,49,0.05,0.85,0.05,0.05
59,29f233fb9af903cac69999cdebca21a6a212c6fa,1,query_only,0,0,11,1,1,1,0.9,0.10536051565782628,0.014599999999999995,521,49,0.03,0.9,0.06,0.01
59,29f233fb9af903cac69999cdebca21a6a212c6fa,1,rag_1,1,1,11,1,1,1,0.85,0.16251892949777494,0.03320000000000001,639,49,0.05,0.85,0.09,0.01
59,29f233fb9af903cac69999cdebca21a6a212c6fa,1,rag_3,3,3,11,1,0,0,0.35,1.0498221244986778,0.7318,907,49,0.55,0.35,0.08,0.02
59,29f233fb9af903cac69999cdebca21a6a212c6fa,1,rag_5,5,5,11,1,1,1,0.85,0.16251892949777494,0.030000000000000013,1132,49,0.05,0.85,0.05,0.05
59,29f233fb9af903cac69999cdebca21a6a212c6fa,1,rag_10,10,10,11,1,1,1,0.85,0.16251892949777494,0.030000000000000013,1659,49,0.05,0.85,0.05,0.05
59,29f233fb9af903cac69999cdebca21a6a212c6fa,1,rag_all_support,-1,11,11,1,1,1,0.85,0.16251892949777494,0.030000000000000013,1750,49,0.05,0.85,0.05,0.05
697,9ae6e08d05326b7e11cd7f0ae452d1d295031825,5,query_only,0,0,14,3,2,0,0.2,1.6094379124341003,0.9750000000000002,486,49,0.1,0.15,0.55,0.2
697,9ae6e08d05326b7e11cd7f0ae452d1d295031825,5,rag_1,1,1,14,3,2,0,0.1,2.3025850929940455,1.385,596,49,0.05,0.1,0.75,0.1
697,9ae6e08d05326b7e11cd7f0ae452d1d295031825,5,rag_3,3,3,14,3,2,0,0.15,1.8971199848858813,1.2249999999999999,808,49,0.05,0.1,0.7,0.15
697,9ae6e08d05326b7e11cd7f0ae452d1d295031825,5,rag_5,5,5,14,3,2,0,0.1,2.3025850929940455,1.385,1039,49,0.05,0.1,0.75,0.1
697,9ae6e08d05326b7e11cd7f0ae452d1d295031825,5,rag_10,10,10,14,3,2,0,0.2,1.6094379124341003,1.0250000000000001,1619,49,0.05,0.15,0.6,0.2
697,9ae6e08d05326b7e11cd7f0ae452d1d295031825,5,rag_all_support,-1,14,14,3,2,0,0.27,1.3093333199837622,0.7796,2165,49,0.09,0.19,0.45,0.27
826,f572ffebcbaccccae073795c182db09732fa377b,1,query_only,0,0,7,2,1,0,0.3,1.2039728043259361,0.9142,497,49,0.01,0.65,0.3,0.04
826,f572ffebcbaccccae073795c182db09732fa377b,1,rag_1,1,1,7,2,1,0,0.25,1.3862943611198906,1.0537999999999998,617,49,0.02,0.7,0.25,0.03
826,f572ffebcbaccccae073795c182db09732fa377b,1,rag_3,3,3,7,2,1,0,0.33,1.1086626245216111,0.8345999999999999,836,49,0.03,0.62,0.33,0.02
826,f572ffebcbaccccae073795c182db09732fa377b,1,rag_5,5,5,7,2,1,0,0.3,1.2039728043259361,0.8549999999999999,1046,49,0.05,0.6,0.3,0.05
826,f572ffebcbaccccae073795c182db09732fa377b,1,rag_10,10,7,7,2,1,0,0.3,1.2039728043259361,0.8549999999999999,1260,49,0.05,0.6,0.3,0.05
826,f572ffebcbaccccae073795c182db09732fa377b,1,rag_all_support,-1,7,7,2,1,0,0.3,1.2039728043259361,0.8549999999999999,1260,49,0.05,0.6,0.3,0.05
462,543ad04db7b693999a49f0fbaeac5a3a06fe24c5,1,query_only,0,0,11,0,1,0,0.14999999999999997,1.8971199848858815,1.0750000000000002,507,49,0.14999999999999997,0.5499999999999999,0.19999999999999996,0.09999999999999998
462,543ad04db7b693999a49f0fbaeac5a3a06fe24c5,1,rag_1,1,1,11,0,0,1,0.75,0.2876820724517809,0.08500000000000002,628,49,0.75,0.1,0.1,0.05
462,543ad04db7b693999a49f0fbaeac5a3a06fe24c5,1,rag_3,3,3,11,0,0,1,0.7000000000000001,0.3566749439387323,0.13679999999999998,827,49,0.7000000000000001,0.20000000000000004,0.08000000000000002,0.020000000000000004
462,543ad04db7b693999a49f0fbaeac5a3a06fe24c5,1,rag_5,5,5,11,0,0,1,0.75,0.2876820724517809,0.09,1043,49,0.75,0.15,0.05,0.05
462,543ad04db7b693999a49f0fbaeac5a3a06fe24c5,1,rag_10,10,10,11,0,0,1,0.7,0.35667494393873245,0.12500000000000003,1660,49,0.7,0.15,0.1,0.05
462,543ad04db7b693999a49f0fbaeac5a3a06fe24c5,1,rag_all_support,-1,11,11,0,0,1,0.7,0.35667494393873245,0.12500000000000003,1855,49,0.7,0.15,0.1,0.05
942,3b31197631d9bf2f34d3a16ac69530c99a4ab809,2,query_only,0,0,15,3,2,0,0.1,2.3025850929940455,1.455,509,49,0.05,0.05,0.8,0.1
942,3b31197631d9bf2f34d3a16ac69530c99a4ab809,2,rag_1,1,1,15,3,1,0,0.09999999999999998,2.302585092994046,1.205,604,49,0.04999999999999999,0.5499999999999999,0.29999999999999993,0.09999999999999998
942,3b31197631d9bf2f34d3a16ac69530c99a4ab809,2,rag_3,3,3,15,3,1,0,0.15,1.8971199848858813,1.0899999999999999,818,49,0.05,0.55,0.25,0.15
942,3b31197631d9bf2f34d3a16ac69530c99a4ab809,2,rag_5,5,5,15,3,1,0,0.13,2.0402208285265546,1.1798,1002,49,0.02,0.6,0.25,0.13
942,3b31197631d9bf2f34d3a16ac69530c99a4ab809,2,rag_10,10,10,15,3,1,0,0.10000000000000002,2.3025850929940455,1.3328000000000002,1684,49,0.020000000000000004,0.7000000000000001,0.18000000000000002,0.10000000000000002
942,3b31197631d9bf2f34d3a16ac69530c99a4ab809,2,rag_all_support,-1,15,15,3,1,0,0.13,2.0402208285265546,1.2198000000000002,2213,49,0.02,0.65,0.2,0.13
998,90af6721156c5538fcf64babe634af19c2275b83,4,query_only,0,0,11,3,1,0,0.25,1.3862943611198906,0.8150000000000001,438,49,0.1,0.45,0.2,0.25
998,90af6721156c5538fcf64babe634af19c2275b83,4,rag_1,1,1,11,3,1,0,0.3,1.2039728043259361,0.725,555,49,0.1,0.45,0.15,0.3
998,90af6721156c5538fcf64babe634af19c2275b83,4,rag_3,3,3,11,3,2,0,0.25,1.3862943611198906,0.755,759,49,0.2,0.25,0.3,0.25
998,90af6721156c5538fcf64babe634af19c2275b83,4,rag_5,5,5,11,3,2,0,0.25,1.3862943611198906,0.845,979,49,0.1,0.15,0.5,0.25
998,90af6721156c5538fcf64babe634af19c2275b83,4,rag_10,10,10,11,3,2,0,0.28,1.2729656758128873,0.7256,1491,49,0.12,0.22,0.38,0.28
998,90af6721156c5538fcf64babe634af19c2275b83,4,rag_all_support,-1,11,11,3,2,0,0.28,1.2729656758128873,0.7544,1640,49,0.1,0.18,0.44,0.28
309,b31c43105a923cfb7b6485940c7e42405b8d51df,0,query_only,0,0,7,2,0,0,0.2,1.6094379124341003,0.9850000000000001,931,49,0.55,0.2,0.2,0.05
309,b31c43105a923cfb7b6485940c7e42405b8d51df,0,rag_1,1,1,7,2,2,1,0.4,0.916290731874155,0.515,1095,49,0.35,0.15,0.4,0.1
309,b31c43105a923cfb7b6485940c7e42405b8d51df,0,rag_3,3,3,7,2,0,0,0.3,1.2039728043259361,0.8049999999999999,1509,49,0.55,0.1,0.3,0.05
309,b31c43105a923cfb7b6485940c7e42405b8d51df,0,rag_5,5,5,7,2,2,1,0.4,0.916290731874155,0.48500000000000004,1807,49,0.25,0.2,0.4,0.15
309,b31c43105a923cfb7b6485940c7e42405b8d51df,0,rag_10,10,7,7,2,0,0,0.3,1.2039728043259361,0.6749999999999998,2128,49,0.35,0.2,0.3,0.15
309,b31c43105a923cfb7b6485940c7e42405b8d51df,0,rag_all_support,-1,7,7,2,0,0,0.3,1.2039728043259361,0.6749999999999998,2128,49,0.35,0.2,0.3,0.15
543,7a5842cd101c53ec507cd35713384042bcd1387d,3,query_only,0,0,14,1,1,1,0.7,0.35667494393873245,0.13500000000000004,543,49,0.05,0.7,0.05,0.2
543,7a5842cd101c53ec507cd35713384042bcd1387d,3,rag_1,1,1,14,1,1,1,0.75,0.2876820724517809,0.0978,703,49,0.05,0.75,0.02,0.18
543,7a5842cd101c53ec507cd35713384042bcd1387d,3,rag_3,3,3,14,1,1,1,0.85,0.16251892949777494,0.03180000000000001,937,49,0.05,0.85,0.02,0.08
543,7a5842cd101c53ec507cd35713384042bcd1387d,3,rag_5,5,5,14,1,1,1,0.55,0.5978370007556204,0.32999999999999996,1126,49,0.05,0.55,0.05,0.35
543,7a5842cd101c53ec507cd35713384042bcd1387d,3,rag_10,10,10,14,1,1,1,0.85,0.16251892949777494,0.030000000000000013,1649,49,0.05,0.85,0.05,0.05
543,7a5842cd101c53ec507cd35713384042bcd1387d,3,rag_all_support,-1,14,14,1,1,1,0.7,0.35667494393873245,0.13280000000000003,2093,49,0.1,0.7,0.02,0.18
670,5fcb0783d365c9a9c483233d02bdf665ee99ac34,3,query_only,0,0,12,3,3,1,0.7,0.35667494393873245,0.15500000000000003,507,49,0.0,0.05,0.25,0.7
670,5fcb0783d365c9a9c483233d02bdf665ee99ac34,3,rag_1,1,1,12,3,3,1,0.95,0.05129329438755058,0.0038000000000000043,691,49,0.0,0.02,0.03,0.95
670,5fcb0783d365c9a9c483233d02bdf665ee99ac34,3,rag_3,3,3,12,3,3,1,0.85,0.16251892949777494,0.03500000000000001,986,49,0.0,0.05,0.1,0.85
670,5fcb0783d365c9a9c483233d02bdf665ee99ac34,3,rag_5,5,5,12,3,3,1,0.75,0.2876820724517809,0.0978,1177,49,0.02,0.05,0.18,0.75
670,5fcb0783d365c9a9c483233d02bdf665ee99ac34,3,rag_10,10,10,12,3,2,0,0.18,1.7147984280919266,1.2378,1710,49,0.02,0.05,0.75,0.18
670,5fcb0783d365c9a9c483233d02bdf665ee99ac34,3,rag_all_support,-1,12,12,3,2,0,0.13,2.0402208285265546,1.4796,1935,49,0.01,0.01,0.85,0.13
298,2724bbec240067239ccadb3d216af4f854d4cf87,0,query_only,0,0,7,1,1,1,0.7,0.35667494393873245,0.15500000000000003,604,49,0.05,0.7,0.0,0.25
298,2724bbec240067239ccadb3d216af4f854d4cf87,0,rag_1,1,1,7,1,1,1,0.65,0.4307829160924542,0.19,800,49,0.05,0.65,0.25,0.05
298,2724bbec240067239ccadb3d216af4f854d4cf87,0,rag_3,3,3,7,1,1,1,0.5,0.6931471805599453,0.41500000000000004,1134,49,0.05,0.5,0.4,0.05
298,2724bbec240067239ccadb3d216af4f854d4cf87,0,rag_5,5,5,7,1,1,1,0.7,0.35667494393873245,0.13500000000000004,1429,49,0.05,0.7,0.05,0.2
298,2724bbec240067239ccadb3d216af4f854d4cf87,0,rag_10,10,7,7,1,1,1,0.5499999999999999,0.5978370007556205,0.3134,1716,49,0.06999999999999999,0.5499999999999999,0.31999999999999995,0.059999999999999984
298,2724bbec240067239ccadb3d216af4f854d4cf87,0,rag_all_support,-1,7,7,1,1,1,0.5499999999999999,0.5978370007556205,0.3134,1716,49,0.06999999999999999,0.5499999999999999,0.31999999999999995,0.059999999999999984
208,3a06935af25fbcbdb6f7cb28f1ee2730de756b93,3,query_only,0,0,7,1,3,0,0.05,2.995732273553991,1.63,477,49,0.05,0.05,0.05,0.85
208,3a06935af25fbcbdb6f7cb28f1ee2730de756b93,3,rag_1,1,1,7,1,1,1,0.65,0.4307829160924542,0.175,579,49,0.1,0.65,0.05,0.2
208,3a06935af25fbcbdb6f7cb28f1ee2730de756b93,3,rag_3,3,3,7,1,1,1,0.45,0.7985076962177716,0.4750000000000001,909,49,0.05,0.45,0.1,0.4
208,3a06935af25fbcbdb6f7cb28f1ee2730de756b93,3,rag_5,5,5,7,1,1,1,0.5,0.6931471805599453,0.36,1159,49,0.1,0.5,0.1,0.3
208,3a06935af25fbcbdb6f7cb28f1ee2730de756b93,3,rag_10,10,7,7,1,1,1,0.5,0.6931471805599453,0.3688,1375,49,0.08,0.5,0.1,0.32
208,3a06935af25fbcbdb6f7cb28f1ee2730de756b93,3,rag_all_support,-1,7,7,1,1,1,0.5,0.6931471805599453,0.3688,1375,49,0.08,0.5,0.1,0.32
215,50e35f2789cbf4de7deba1b00babd5941e900dad,4,query_only,0,0,9,1,2,0,0.12,2.120263536200091,1.1928,490,49,0.12,0.12,0.62,0.14
215,50e35f2789cbf4de7deba1b00babd5941e900dad,4,rag_1,1,1,9,1,1,1,0.5,0.6931471805599453,0.385,597,49,0.1,0.5,0.35,0.05
215,50e35f2789cbf4de7deba1b00babd5941e900dad,4,rag_3,3,3,9,1,2,0,0.35,1.0498221244986778,0.685,850,49,0.1,0.35,0.5,0.05
215,50e35f2789cbf4de7deba1b00babd5941e900dad,4,rag_5,5,5,9,1,1,1,0.45,0.7985076962177716,0.4750000000000001,1129,49,0.1,0.45,0.4,0.05
215,50e35f2789cbf4de7deba1b00babd5941e900dad,4,rag_10,10,9,9,1,2,0,0.35000000000000003,1.0498221244986776,0.645,1740,49,0.10000000000000002,0.35000000000000003,0.45000000000000007,0.10000000000000002
215,50e35f2789cbf4de7deba1b00babd5941e900dad,4,rag_all_support,-1,9,9,1,2,0,0.35000000000000003,1.0498221244986776,0.645,1740,49,0.10000000000000002,0.35000000000000003,0.45000000000000007,0.10000000000000002
72,4a191049e2e222b8059dfd571131e521a4216595,5,query_only,0,0,19,1,1,1,0.7000000000000001,0.3566749439387323,0.13279999999999997,464,49,0.020000000000000004,0.7000000000000001,0.18000000000000002,0.10000000000000002
72,4a191049e2e222b8059dfd571131e521a4216595,5,rag_1,1,1,19,1,1,1,0.8,0.2231435513142097,0.054999999999999986,673,49,0.05,0.8,0.1,0.05
72,4a191049e2e222b8059dfd571131e521a4216595,5,rag_3,3,3,19,1,1,1,0.85,0.16251892949777494,0.030000000000000013,1017,49,0.05,0.85,0.05,0.05
72,4a191049e2e222b8059dfd571131e521a4216595,5,rag_5,5,5,19,1,1,1,0.85,0.16251892949777494,0.03180000000000001,1377,49,0.05,0.85,0.08,0.02
72,4a191049e2e222b8059dfd571131e521a4216595,5,rag_10,10,10,19,1,1,1,0.85,0.16251892949777494,0.030000000000000013,1982,49,0.05,0.85,0.05,0.05
72,4a191049e2e222b8059dfd571131e521a4216595,5,rag_all_support,-1,19,19,1,1,1,0.85,0.16251892949777494,0.030600000000000006,3004,49,0.03,0.85,0.06,0.06
948,f9099a93ec00e556c8530bfcaf133e3fa8c30f32,2,query_only,0,0,7,0,2,0,0.10000000000000002,2.3025850929940455,1.32,436,49,0.10000000000000002,0.10000000000000002,0.7000000000000001,0.10000000000000002
948,f9099a93ec00e556c8530bfcaf133e3fa8c30f32,2,rag_1,1,1,7,0,2,0,0.25,1.3862943611198906,0.7849999999999999,549,49,0.25,0.3,0.35,0.1
948,f9099a93ec00e556c8530bfcaf133e3fa8c30f32,2,rag_3,3,3,7,0,0,1,0.45000000000000007,0.7985076962177715,0.425,748,49,0.45000000000000007,0.15000000000000002,0.30000000000000004,0.10000000000000002
948,f9099a93ec00e556c8530bfcaf133e3fa8c30f32,2,rag_5,5,5,7,0,0,1,0.6,0.5108256237659907,0.25500000000000006,931,49,0.6,0.05,0.3,0.05
948,f9099a93ec00e556c8530bfcaf133e3fa8c30f32,2,rag_10,10,7,7,0,0,1,0.7,0.35667494393873245,0.13500000000000004,1154,49,0.7,0.05,0.2,0.05
948,f9099a93ec00e556c8530bfcaf133e3fa8c30f32,2,rag_all_support,-1,7,7,0,0,1,0.7,0.35667494393873245,0.13500000000000004,1154,49,0.7,0.05,0.2,0.05
521,15289efe3963d6d3049d236c5e852a20282db367,3,query_only,0,0,14,2,0,0,0.08,2.5257286443082556,1.4238,494,49,0.75,0.1,0.08,0.07
521,15289efe3963d6d3049d236c5e852a20282db367,3,rag_1,1,1,14,2,0,0,0.10000000000000002,2.3025850929940455,1.32,601,49,0.7000000000000001,0.10000000000000002,0.10000000000000002,0.10000000000000002
521,15289efe3963d6d3049d236c5e852a20282db367,3,rag_3,3,3,14,2,0,0,0.05,2.995732273553991,1.4249999999999998,836,49,0.7,0.1,0.05,0.15
521,15289efe3963d6d3049d236c5e852a20282db367,3,rag_5,5,5,14,2,0,0,0.05,2.995732273553991,1.485,1011,49,0.75,0.1,0.05,0.1
521,15289efe3963d6d3049d236c5e852a20282db367,3,rag_10,10,10,14,2,0,0,0.05,2.995732273553991,1.4249999999999998,1585,49,0.7,0.1,0.05,0.15
521,15289efe3963d6d3049d236c5e852a20282db367,3,rag_all_support,-1,14,14,2,0,0,0.05,2.995732273553991,1.4249999999999998,2037,49,0.7,0.1,0.05,0.15
764,78ccff7443f70e70db213f1f958b05cf5942b08b,3,query_only,0,0,13,2,0,0,0.2,1.6094379124341003,1.135,534,49,0.7,0.05,0.2,0.05
764,78ccff7443f70e70db213f1f958b05cf5942b08b,3,rag_1,1,1,13,2,0,0,0.12,2.120263536200091,1.4178000000000002,617,49,0.8,0.03,0.12,0.05
764,78ccff7443f70e70db213f1f958b05cf5942b08b,3,rag_3,3,3,13,2,0,0,0.25,1.3862943611198906,1.055,841,49,0.7,0.05,0.25,0.0
764,78ccff7443f70e70db213f1f958b05cf5942b08b,3,rag_5,5,5,13,2,0,0,0.25,1.3862943611198906,1.055,1036,49,0.7,0.05,0.25,0.0
764,78ccff7443f70e70db213f1f958b05cf5942b08b,3,rag_10,10,10,13,2,0,0,0.25,1.3862943611198906,1.125,1556,49,0.75,0.0,0.25,0.0
764,78ccff7443f70e70db213f1f958b05cf5942b08b,3,rag_all_support,-1,13,13,2,0,0,0.15,1.8971199848858813,1.365,2114,49,0.8,0.05,0.15,0.0
86,ef68cbad3a2526d630c915d6408196445e3745cd,1,query_only,0,0,17,1,2,0,0.35,1.0498221244986778,0.65,494,49,0.05,0.35,0.45,0.15
86,ef68cbad3a2526d630c915d6408196445e3745cd,1,rag_1,1,1,17,1,1,1,0.5,0.6931471805599453,0.36500000000000005,606,49,0.05,0.5,0.3,0.15
86,ef68cbad3a2526d630c915d6408196445e3745cd,1,rag_3,3,3,17,1,1,1,0.45,0.7985076962177716,0.43500000000000005,791,49,0.05,0.45,0.3,0.2
86,ef68cbad3a2526d630c915d6408196445e3745cd,1,rag_5,5,5,17,1,1,1,0.45,0.7985076962177716,0.45000000000000007,1099,49,0.05,0.45,0.35,0.15
86,ef68cbad3a2526d630c915d6408196445e3745cd,1,rag_10,10,10,17,1,1,1,0.45,0.7985076962177716,0.4798000000000001,1616,49,0.02,0.45,0.4,0.13
86,ef68cbad3a2526d630c915d6408196445e3745cd,1,rag_all_support,-1,17,17,1,1,1,0.45,0.7985076962177716,0.4750000000000001,2528,49,0.05,0.45,0.4,0.1
643,c0093603518dc75c68364d80efbc6065c3b9fc5b,6,query_only,0,0,17,3,2,0,0.15,1.8971199848858813,1.0899999999999999,491,49,0.25,0.05,0.55,0.15
643,c0093603518dc75c68364d80efbc6065c3b9fc5b,6,rag_1,1,1,17,3,0,0,0.1,2.3025850929940455,1.185,594,49,0.5,0.05,0.35,0.1
643,c0093603518dc75c68364d80efbc6065c3b9fc5b,6,rag_3,3,3,17,3,2,0,0.1,2.3025850929940455,1.2750000000000001,806,49,0.2,0.05,0.65,0.1
643,c0093603518dc75c68364d80efbc6065c3b9fc5b,6,rag_5,5,5,17,3,1,0,0.10000000000000002,2.3025850929940455,1.1250000000000002,1034,49,0.15000000000000002,0.45000000000000007,0.30000000000000004,0.10000000000000002
643,c0093603518dc75c68364d80efbc6065c3b9fc5b,6,rag_10,10,10,17,3,1,0,0.05,2.995732273553991,1.25,1573,49,0.15,0.45,0.35,0.05
643,c0093603518dc75c68364d80efbc6065c3b9fc5b,6,rag_all_support,-1,17,17,3,1,0,0.05,2.995732273553991,1.3050000000000002,2570,49,0.1,0.55,0.3,0.05
158,ded4dde6b7ea3e4deb1f63e5a46925712aebbc56,3,query_only,0,0,9,0,2,0,0.1,2.3025850929940455,1.325,510,49,0.1,0.05,0.7,0.15
158,ded4dde6b7ea3e4deb1f63e5a46925712aebbc56,3,rag_1,1,1,9,0,2,0,0.18,1.7147984280919266,0.9368000000000001,631,49,0.18,0.3,0.4,0.12
158,ded4dde6b7ea3e4deb1f63e5a46925712aebbc56,3,rag_3,3,3,9,0,1,0,0.18,1.7147984280919266,0.9614000000000001,816,49,0.18,0.45,0.28,0.09
158,ded4dde6b7ea3e4deb1f63e5a46925712aebbc56,3,rag_5,5,5,9,0,1,0,0.13,2.0402208285265546,1.1618,1020,49,0.13,0.6,0.2,0.07
158,ded4dde6b7ea3e4deb1f63e5a46925712aebbc56,3,rag_10,10,9,9,0,1,0,0.1,2.3025850929940455,1.185,1498,49,0.1,0.55,0.25,0.1
158,ded4dde6b7ea3e4deb1f63e5a46925712aebbc56,3,rag_all_support,-1,9,9,0,1,0,0.1,2.3025850929940455,1.185,1498,49,0.1,0.55,0.25,0.1
310,a7ffcc2f3aaf3e1acf69e9feec17c39e25c50a84,4,query_only,0,0,9,2,0,0,0.05,2.995732273553991,1.63,739,49,0.85,0.05,0.05,0.05
310,a7ffcc2f3aaf3e1acf69e9feec17c39e25c50a84,4,rag_1,1,1,9,2,0,0,0.10000000000000002,2.3025850929940455,1.32,908,49,0.7000000000000001,0.10000000000000002,0.10000000000000002,0.10000000000000002
310,a7ffcc2f3aaf3e1acf69e9feec17c39e25c50a84,4,rag_3,3,3,9,2,0,0,0.1,2.3025850929940455,1.385,1258,49,0.75,0.05,0.1,0.1
310,a7ffcc2f3aaf3e1acf69e9feec17c39e25c50a84,4,rag_5,5,5,9,2,0,0,0.10000000000000002,2.3025850929940455,1.32,1583,49,0.7000000000000001,0.10000000000000002,0.10000000000000002,0.10000000000000002
310,a7ffcc2f3aaf3e1acf69e9feec17c39e25c50a84,4,rag_10,10,9,9,2,0,0,0.05,2.995732273553991,1.63,2446,49,0.85,0.05,0.05,0.05
310,a7ffcc2f3aaf3e1acf69e9feec17c39e25c50a84,4,rag_all_support,-1,9,9,2,0,0,0.05,2.995732273553991,1.63,2446,49,0.85,0.05,0.05,0.05
977,9ac7e53a6f39db5da934245d1f48918b11da541a,0,query_only,0,0,5,3,1,0,0.15,1.8971199848858813,1.2249999999999999,499,49,0.05,0.7,0.1,0.15
977,9ac7e53a6f39db5da934245d1f48918b11da541a,0,rag_1,1,1,5,3,1,0,0.15,1.8971199848858813,1.2249999999999999,613,49,0.05,0.7,0.1,0.15
977,9ac7e53a6f39db5da934245d1f48918b11da541a,0,rag_3,3,3,5,3,1,0,0.2,1.6094379124341003,1.0750000000000002,1002,49,0.05,0.65,0.1,0.2
977,9ac7e53a6f39db5da934245d1f48918b11da541a,0,rag_5,5,5,5,3,1,0,0.15,1.8971199848858813,1.2899999999999998,1224,49,0.05,0.75,0.05,0.15
977,9ac7e53a6f39db5da934245d1f48918b11da541a,0,rag_10,10,5,5,3,1,0,0.15,1.8971199848858813,1.2899999999999998,1224,49,0.05,0.75,0.05,0.15
977,9ac7e53a6f39db5da934245d1f48918b11da541a,0,rag_all_support,-1,5,5,3,1,0,0.15,1.8971199848858813,1.2899999999999998,1224,49,0.05,0.75,0.05,0.15
436,c92b6a5d4520b3ee67e336b7da4bbfaeea66e953,5,query_only,0,0,13,1,0,0,0.1,2.3025850929940455,1.22,501,49,0.6,0.1,0.1,0.2
436,c92b6a5d4520b3ee67e336b7da4bbfaeea66e953,5,rag_1,1,1,13,1,3,0,0.1,2.3025850929940455,1.385,629,49,0.05,0.1,0.1,0.75
436,c92b6a5d4520b3ee67e336b7da4bbfaeea66e953,5,rag_3,3,3,13,1,3,0,0.2,1.6094379124341003,1.0750000000000002,825,49,0.05,0.2,0.1,0.65
436,c92b6a5d4520b3ee67e336b7da4bbfaeea66e953,5,rag_5,5,5,13,1,3,0,0.4,0.916290731874155,0.575,1037,49,0.05,0.4,0.1,0.45
436,c92b6a5d4520b3ee67e336b7da4bbfaeea66e953,5,rag_10,10,10,13,1,1,1,0.5,0.6931471805599453,0.385,1564,49,0.05,0.5,0.1,0.35
436,c92b6a5d4520b3ee67e336b7da4bbfaeea66e953,5,rag_all_support,-1,13,13,1,3,0,0.4,0.916290731874155,0.5678,1929,49,0.02,0.4,0.15,0.43
583,9c2538eef135bd31438c629e60d5407d400a23f9,5,query_only,0,0,15,2,1,0,0.25,1.3862943611198906,0.8099999999999999,545,49,0.15,0.45,0.25,0.15
583,9c2538eef135bd31438c629e60d5407d400a23f9,5,rag_1,1,1,15,2,1,0,0.2,1.6094379124341003,0.9750000000000001,627,49,0.1,0.55,0.2,0.15
583,9c2538eef135bd31438c629e60d5407d400a23f9,5,rag_3,3,3,15,2,1,0,0.2,1.6094379124341003,0.9350000000000002,865,49,0.05,0.45,0.2,0.3
583,9c2538eef135bd31438c629e60d5407d400a23f9,5,rag_5,5,5,15,2,1,0,0.15,1.8971199848858813,1.2249999999999999,1168,49,0.05,0.7,0.15,0.1
583,9c2538eef135bd31438c629e60d5407d400a23f9,5,rag_10,10,10,15,2,1,0,0.2,1.6094379124341003,0.9400000000000002,1765,49,0.1,0.5,0.2,0.2
583,9c2538eef135bd31438c629e60d5407d400a23f9,5,rag_all_support,-1,15,15,2,1,0,0.18000000000000002,1.7147984280919266,0.9318,2260,49,0.12000000000000001,0.35000000000000003,0.18000000000000002,0.35000000000000003
429,b70e759013d964fda9b40f7d41d586f1f7153bfb,6,query_only,0,0,19,3,3,1,0.5,0.6931471805599453,0.355,453,49,0.25,0.2,0.05,0.5
429,b70e759013d964fda9b40f7d41d586f1f7153bfb,6,rag_1,1,1,19,3,3,1,0.4,0.916290731874155,0.515,542,49,0.3,0.25,0.05,0.4
429,b70e759013d964fda9b40f7d41d586f1f7153bfb,6,rag_3,3,3,19,3,3,1,0.37,0.9942522733438669,0.5678000000000001,751,49,0.28,0.3,0.05,0.37
429,b70e759013d964fda9b40f7d41d586f1f7153bfb,6,rag_5,5,5,19,3,3,1,0.35,1.0498221244986778,0.605,939,49,0.3,0.3,0.05,0.35
429,b70e759013d964fda9b40f7d41d586f1f7153bfb,6,rag_10,10,10,19,3,0,0,0.35,1.0498221244986778,0.6100000000000001,1502,49,0.35,0.25,0.05,0.35
429,b70e759013d964fda9b40f7d41d586f1f7153bfb,6,rag_all_support,-1,19,19,3,3,1,0.35,1.0498221244986778,0.605,2706,49,0.3,0.3,0.05,0.35
55,caafe8e36109d72159c297c970808d039b0cc725,4,query_only,0,0,16,2,0,0,0.2,1.6094379124341003,0.8600000000000001,472,49,0.3,0.3,0.2,0.2
55,caafe8e36109d72159c297c970808d039b0cc725,4,rag_1,1,1,16,2,1,0,0.15,1.8971199848858813,0.985,567,49,0.25,0.4,0.15,0.2
55,caafe8e36109d72159c297c970808d039b0cc725,4,rag_3,3,3,16,2,0,0,0.15,1.8971199848858813,1.015,807,49,0.4,0.35,0.15,0.1
55,caafe8e36109d72159c297c970808d039b0cc725,4,rag_5,5,5,16,2,1,0,0.18,1.7147984280919266,0.9208000000000002,1029,49,0.22,0.4,0.18,0.2
55,caafe8e36109d72159c297c970808d039b0cc725,4,rag_10,10,10,16,2,1,0,0.2,1.6094379124341003,0.9050000000000001,1681,49,0.2,0.45,0.2,0.15
55,caafe8e36109d72159c297c970808d039b0cc725,4,rag_all_support,-1,16,16,2,1,0,0.15,1.8971199848858813,1.0699999999999998,2697,49,0.15,0.55,0.15,0.15
893,942f7d02ce8e36f4ad3a2c05fd9c3dd1b5308ecc,1,query_only,0,0,13,0,2,0,0.05,2.995732273553991,1.555,413,49,0.05,0.05,0.8,0.1
893,942f7d02ce8e36f4ad3a2c05fd9c3dd1b5308ecc,1,rag_1,1,1,13,0,2,0,0.05,2.995732273553991,1.555,513,49,0.05,0.05,0.8,0.1
893,942f7d02ce8e36f4ad3a2c05fd9c3dd1b5308ecc,1,rag_3,3,3,13,0,0,1,0.65,0.4307829160924542,0.19,719,49,0.65,0.05,0.25,0.05
893,942f7d02ce8e36f4ad3a2c05fd9c3dd1b5308ecc,1,rag_5,5,5,13,0,0,1,0.55,0.5978370007556204,0.305,1048,49,0.55,0.1,0.3,0.05
893,942f7d02ce8e36f4ad3a2c05fd9c3dd1b5308ecc,1,rag_10,10,10,13,0,0,1,0.55,0.5978370007556204,0.32999999999999996,1598,49,0.55,0.05,0.35,0.05
893,942f7d02ce8e36f4ad3a2c05fd9c3dd1b5308ecc,1,rag_all_support,-1,13,13,0,0,1,0.55,0.5978370007556204,0.32999999999999996,2072,49,0.55,0.05,0.35,0.05
281,35a2348c74c6912b6005cba4c510acdfd9882d24,1,query_only,0,0,4,3,3,1,0.83,0.18632957819149348,0.04180000000000002,482,49,0.1,0.05,0.02,0.83
281,35a2348c74c6912b6005cba4c510acdfd9882d24,1,rag_1,1,1,4,3,3,1,0.83,0.18632957819149348,0.04180000000000002,592,49,0.1,0.05,0.02,0.83
281,35a2348c74c6912b6005cba4c510acdfd9882d24,1,rag_3,3,3,4,3,3,1,0.85,0.16251892949777494,0.030000000000000006,938,49,0.05,0.05,0.05,0.85
281,35a2348c74c6912b6005cba4c510acdfd9882d24,1,rag_5,5,4,4,3,3,1,0.89,0.11653381625595151,0.0172,1130,49,0.05,0.05,0.01,0.89
281,35a2348c74c6912b6005cba4c510acdfd9882d24,1,rag_10,10,4,4,3,3,1,0.89,0.11653381625595151,0.0172,1130,49,0.05,0.05,0.01,0.89
281,35a2348c74c6912b6005cba4c510acdfd9882d24,1,rag_all_support,-1,4,4,3,3,1,0.89,0.11653381625595151,0.0172,1130,49,0.05,0.05,0.01,0.89
650,8bf30511ef99aed10e2085dd85096956449a40a6,1,query_only,0,0,16,2,3,0,0.05,2.995732273553991,1.63,496,49,0.05,0.05,0.05,0.85
650,8bf30511ef99aed10e2085dd85096956449a40a6,1,rag_1,1,1,16,2,3,0,0.3,1.2039728043259361,0.8049999999999999,606,49,0.05,0.1,0.3,0.55
650,8bf30511ef99aed10e2085dd85096956449a40a6,1,rag_3,3,3,16,2,3,0,0.1,2.3025850929940455,1.325,783,49,0.05,0.15,0.1,0.7
650,8bf30511ef99aed10e2085dd85096956449a40a6,1,rag_5,5,5,16,2,2,1,0.5,0.6931471805599453,0.33999999999999997,1005,49,0.2,0.1,0.5,0.2
650,8bf30511ef99aed10e2085dd85096956449a40a6,1,rag_10,10,10,16,2,2,1,0.5,0.6931471805599453,0.345,1546,49,0.15,0.1,0.5,0.25
650,8bf30511ef99aed10e2085dd85096956449a40a6,1,rag_all_support,-1,16,16,2,2,1,0.3,1.2039728043259361,0.6549999999999999,2371,49,0.25,0.2,0.3,0.25
716,3ea4bbf4b53e93096cff89b3eade8762aba760f6,5,query_only,0,0,13,1,0,0,0.05,2.995732273553991,1.4349999999999998,410,49,0.7,0.05,0.05,0.2
716,3ea4bbf4b53e93096cff89b3eade8762aba760f6,5,rag_1,1,1,13,1,1,1,0.7,0.35667494393873245,0.12500000000000003,525,49,0.1,0.7,0.05,0.15
716,3ea4bbf4b53e93096cff89b3eade8762aba760f6,5,rag_3,3,3,13,1,1,1,0.6499999999999999,0.4307829160924544,0.17500000000000004,753,49,0.19999999999999996,0.6499999999999999,0.04999999999999999,0.09999999999999998
716,3ea4bbf4b53e93096cff89b3eade8762aba760f6,5,rag_5,5,5,13,1,1,1,0.55,0.5978370007556204,0.30499999999999994,943,49,0.1,0.55,0.05,0.3
716,3ea4bbf4b53e93096cff89b3eade8762aba760f6,5,rag_10,10,10,13,1,1,1,0.6,0.5108256237659907,0.23500000000000004,1476,49,0.1,0.6,0.05,0.25
716,3ea4bbf4b53e93096cff89b3eade8762aba760f6,5,rag_all_support,-1,13,13,1,1,1,0.7,0.35667494393873245,0.12500000000000003,1867,49,0.1,0.7,0.05,0.15
626,7ddf53186d337672c7a266bf4c44e15421373f1d,5,query_only,0,0,13,0,1,0,0.18000000000000002,1.7147984280919266,0.9896,452,49,0.18000000000000002,0.5200000000000001,0.18000000000000002,0.12000000000000001
626,7ddf53186d337672c7a266bf4c44e15421373f1d,5,rag_1,1,1,13,0,1,0,0.3,1.2039728043259361,0.7349999999999999,544,49,0.3,0.45,0.2,0.05
626,7ddf53186d337672c7a266bf4c44e15421373f1d,5,rag_3,3,3,13,0,0,1,0.45,0.7985076962177716,0.4750000000000001,785,49,0.45,0.4,0.1,0.05
626,7ddf53186d337672c7a266bf4c44e15421373f1d,5,rag_5,5,5,13,0,0,1,0.45,0.7985076962177716,0.4778000000000001,1012,49,0.45,0.4,0.12,0.03
626,7ddf53186d337672c7a266bf4c44e15421373f1d,5,rag_10,10,10,13,0,0,1,0.45,0.7985076962177716,0.5118,1601,49,0.45,0.45,0.08,0.02
626,7ddf53186d337672c7a266bf4c44e15421373f1d,5,rag_all_support,-1,13,13,0,1,0,0.42,0.8675005677047231,0.5514000000000001,1994,49,0.42,0.45,0.11,0.02
168,e46ad048a992072a1da99f9c5d23a22af278f359,2,query_only,0,0,15,2,1,0,0.22,1.5141277326297755,0.8208,400,49,0.18,0.3,0.22,0.3
168,e46ad048a992072a1da99f9c5d23a22af278f359,2,rag_1,1,1,15,2,1,0,0.22,1.5141277326297755,0.8306,487,49,0.18,0.37,0.22,0.23
168,e46ad048a992072a1da99f9c5d23a22af278f359,2,rag_3,3,3,15,2,1,0,0.31999999999999995,1.139434283188365,0.6648000000000001,678,49,0.17999999999999997,0.3999999999999999,0.31999999999999995,0.09999999999999998
168,e46ad048a992072a1da99f9c5d23a22af278f359,2,rag_5,5,5,15,2,1,0,0.3,1.2039728043259361,0.695,891,49,0.15,0.4,0.3,0.15
168,e46ad048a992072a1da99f9c5d23a22af278f359,2,rag_10,10,10,15,2,1,0,0.22,1.5141277326297755,0.8216000000000001,1474,49,0.18,0.32,0.22,0.28
168,e46ad048a992072a1da99f9c5d23a22af278f359,2,rag_all_support,-1,15,15,2,1,0,0.25,1.3862943611198906,0.8099999999999999,2178,49,0.15,0.45,0.25,0.15
23,6aac91cfdac337f09a9e2a72ef08980b0fe87d5b,7,query_only,0,0,15,1,0,0,0.1,2.3025850929940455,1.2149999999999999,581,49,0.6,0.1,0.15,0.15
23,6aac91cfdac337f09a9e2a72ef08980b0fe87d5b,7,rag_1,1,1,15,1,1,1,0.35,1.0498221244986778,0.5700000000000001,674,49,0.25,0.35,0.25,0.15
23,6aac91cfdac337f09a9e2a72ef08980b0fe87d5b,7,rag_3,3,3,15,1,1,1,0.55,0.5978370007556204,0.29,893,49,0.15,0.55,0.25,0.05
23,6aac91cfdac337f09a9e2a72ef08980b0fe87d5b,7,rag_5,5,5,15,1,1,1,0.6,0.5108256237659907,0.23500000000000004,1111,49,0.1,0.6,0.25,0.05
23,6aac91cfdac337f09a9e2a72ef08980b0fe87d5b,7,rag_10,10,10,15,1,1,1,0.6,0.5108256237659907,0.23500000000000004,1658,49,0.1,0.6,0.25,0.05
23,6aac91cfdac337f09a9e2a72ef08980b0fe87d5b,7,rag_all_support,-1,15,15,1,1,1,0.6,0.5108256237659907,0.22500000000000003,2223,49,0.15,0.6,0.2,0.05
199,033c713603cc50134296fe167309498f0047de66,3,query_only,0,0,7,3,0,0,0.3,1.2039728043259361,0.855,511,49,0.6,0.05,0.05,0.3
199,033c713603cc50134296fe167309498f0047de66,3,rag_1,1,1,7,3,3,1,0.6,0.5108256237659907,0.22000000000000003,629,49,0.1,0.2,0.1,0.6
199,033c713603cc50134296fe167309498f0047de66,3,rag_3,3,3,7,3,3,1,0.55,0.5978370007556204,0.285,827,49,0.1,0.25,0.1,0.55
199,033c713603cc50134296fe167309498f0047de66,3,rag_5,5,5,7,3,3,1,0.6,0.5108256237659907,0.21500000000000002,1031,49,0.15,0.15,0.1,0.6
199,033c713603cc50134296fe167309498f0047de66,3,rag_10,10,7,7,3,3,1,0.55,0.5978370007556204,0.27499999999999997,1352,49,0.15,0.2,0.1,0.55
199,033c713603cc50134296fe167309498f0047de66,3,rag_all_support,-1,7,7,3,3,1,0.55,0.5978370007556204,0.27499999999999997,1352,49,0.15,0.2,0.1,0.55
678,756fae224864c834e4f396027cca5294dd231d48,0,query_only,0,0,11,1,2,0,0.25,1.3862943611198906,0.9349999999999999,466,49,0.1,0.25,0.6,0.05
678,756fae224864c834e4f396027cca5294dd231d48,0,rag_1,1,1,11,1,0,0,0.4,0.916290731874155,0.5528,555,49,0.4,0.4,0.18,0.02
678,756fae224864c834e4f396027cca5294dd231d48,0,rag_3,3,3,11,1,1,1,0.55,0.5978370007556204,0.29,783,49,0.15,0.55,0.25,0.05
678,756fae224864c834e4f396027cca5294dd231d48,0,rag_5,5,5,11,1,1,1,0.5,0.6931471805599453,0.36880000000000007,1010,49,0.2,0.5,0.28,0.02
678,756fae224864c834e4f396027cca5294dd231d48,0,rag_10,10,10,11,1,1,1,0.75,0.2876820724517809,0.0878,1591,49,0.1,0.75,0.12,0.03
678,756fae224864c834e4f396027cca5294dd231d48,0,rag_all_support,-1,11,11,1,1,1,0.6,0.5108256237659907,0.23500000000000004,1687,49,0.1,0.6,0.25,0.05
802,f52fe8e313a664bea97b6ede7899d28ff554fc9c,2,query_only,0,0,11,2,1,0,0.25,1.3862943611198906,0.8150000000000001,506,49,0.1,0.45,0.25,0.2
802,f52fe8e313a664bea97b6ede7899d28ff554fc9c,2,rag_1,1,1,11,2,3,0,0.2,1.6094379124341003,0.8928000000000001,632,49,0.12,0.28,0.2,0.4
802,f52fe8e313a664bea97b6ede7899d28ff554fc9c,2,rag_3,3,3,11,2,1,0,0.2,1.6094379124341003,0.8550000000000001,873,49,0.25,0.3,0.2,0.25
802,f52fe8e313a664bea97b6ede7899d28ff554fc9c,2,rag_5,5,5,11,2,1,0,0.25,1.3862943611198906,0.785,1090,49,0.15,0.4,0.25,0.2
802,f52fe8e313a664bea97b6ede7899d28ff554fc9c,2,rag_10,10,10,11,2,1,0,0.2,1.6094379124341003,0.8800000000000002,1577,49,0.2,0.4,0.2,0.2
802,f52fe8e313a664bea97b6ede7899d28ff554fc9c,2,rag_all_support,-1,11,11,2,3,0,0.15,1.8971199848858813,0.985,1673,49,0.2,0.25,0.15,0.4
652,5209017c8d8844f3f6086612d2d0264d1cb6cec3,6,query_only,0,0,17,1,1,1,0.9,0.10536051565782628,0.013799999999999995,562,49,0.05,0.9,0.03,0.02
652,5209017c8d8844f3f6086612d2d0264d1cb6cec3,6,rag_1,1,1,17,1,1,1,0.9,0.10536051565782628,0.013799999999999995,731,49,0.05,0.9,0.03,0.02
652,5209017c8d8844f3f6086612d2d0264d1cb6cec3,6,rag_3,3,3,17,1,1,1,0.7,0.35667494393873245,0.15380000000000005,934,49,0.25,0.7,0.02,0.03
652,5209017c8d8844f3f6086612d2d0264d1cb6cec3,6,rag_5,5,5,17,1,1,1,0.85,0.16251892949777494,0.033800000000000004,1165,49,0.1,0.85,0.03,0.02
652,5209017c8d8844f3f6086612d2d0264d1cb6cec3,6,rag_10,10,10,17,1,1,1,0.75,0.2876820724517809,0.1038,1751,49,0.2,0.75,0.03,0.02
652,5209017c8d8844f3f6086612d2d0264d1cb6cec3,6,rag_all_support,-1,17,17,1,1,1,0.8,0.2231435513142097,0.06379999999999998,2480,49,0.15,0.8,0.03,0.02
741,ed1e720f56fc278634c24c1a0e8f2a280acb9607,3,query_only,0,0,13,2,1,0,0.1,2.3025850929940455,1.385,528,49,0.05,0.75,0.1,0.1
741,ed1e720f56fc278634c24c1a0e8f2a280acb9607,3,rag_1,1,1,13,2,1,0,0.2,1.6094379124341003,0.8850000000000001,618,49,0.25,0.4,0.2,0.15
741,ed1e720f56fc278634c24c1a0e8f2a280acb9607,3,rag_3,3,3,13,2,0,0,0.2,1.6094379124341003,0.8648000000000001,839,49,0.32,0.18,0.2,0.3
741,ed1e720f56fc278634c24c1a0e8f2a280acb9607,3,rag_5,5,5,13,2,0,0,0.15,1.8971199848858813,1.045,1045,49,0.5,0.1,0.15,0.25
741,ed1e720f56fc278634c24c1a0e8f2a280acb9607,3,rag_10,10,10,13,2,0,0,0.25,1.3862943611198906,0.7598,1581,49,0.32,0.18,0.25,0.25
741,ed1e720f56fc278634c24c1a0e8f2a280acb9607,3,rag_all_support,-1,13,13,2,0,0,0.19999999999999996,1.6094379124341005,0.9750000000000001,2023,49,0.5499999999999999,0.14999999999999997,0.19999999999999996,0.09999999999999998
811,c13626ac26e11aee2392bafaf7e82e8f26c5397d,0,query_only,0,0,11,0,1,0,0.3,1.2039728043259361,0.6949999999999998,542,49,0.3,0.4,0.15,0.15
811,c13626ac26e11aee2392bafaf7e82e8f26c5397d,0,rag_1,1,1,11,0,0,1,0.45,0.7985076962177716,0.4250000000000001,672,49,0.45,0.3,0.1,0.15
811,c13626ac26e11aee2392bafaf7e82e8f26c5397d,0,rag_3,3,3,11,0,0,1,0.55,0.5978370007556204,0.27499999999999997,879,49,0.55,0.2,0.1,0.15
811,c13626ac26e11aee2392bafaf7e82e8f26c5397d,0,rag_5,5,5,11,0,0,1,0.45,0.7985076962177716,0.4050000000000001,1127,49,0.45,0.2,0.2,0.15
811,c13626ac26e11aee2392bafaf7e82e8f26c5397d,0,rag_10,10,10,11,0,0,1,0.4,0.916290731874155,0.48500000000000004,1735,49,0.4,0.2,0.25,0.15
811,c13626ac26e11aee2392bafaf7e82e8f26c5397d,0,rag_all_support,-1,11,11,0,0,1,0.6,0.5108256237659907,0.21500000000000002,1871,49,0.6,0.15,0.15,0.1
361,8264125065871b23129f62f86698e70dd863330b,4,query_only,0,0,11,3,0,0,0.2,1.6094379124341003,0.9350000000000002,394,49,0.45,0.05,0.3,0.2
361,8264125065871b23129f62f86698e70dd863330b,4,rag_1,1,1,11,3,0,0,0.15,1.8971199848858813,1.025,494,49,0.45,0.1,0.3,0.15
361,8264125065871b23129f62f86698e70dd863330b,4,rag_3,3,3,11,3,0,0,0.04,3.2188758248682006,1.388,736,49,0.62,0.06,0.28,0.04
361,8264125065871b23129f62f86698e70dd863330b,4,rag_5,5,5,11,3,0,0,0.09999999999999998,2.302585092994046,1.205,962,49,0.5499999999999999,0.04999999999999999,0.29999999999999993,0.09999999999999998
361,8264125065871b23129f62f86698e70dd863330b,4,rag_10,10,10,11,3,0,0,0.15,1.8971199848858813,1.125,1527,49,0.6,0.05,0.2,0.15
361,8264125065871b23129f62f86698e70dd863330b,4,rag_all_support,-1,11,11,3,0,0,0.2,1.6094379124341003,0.9350000000000002,1617,49,0.45,0.05,0.3,0.2
973,7a5517dce2a42eeda80e6d097cf5c3a7d11de387,0,query_only,0,0,13,1,1,1,0.6,0.5108256237659907,0.23780000000000004,598,49,0.12,0.6,0.25,0.03
973,7a5517dce2a42eeda80e6d097cf5c3a7d11de387,0,rag_1,1,1,13,1,1,1,0.6,0.5108256237659907,0.23500000000000004,680,49,0.1,0.6,0.25,0.05
973,7a5517dce2a42eeda80e6d097cf5c3a7d11de387,0,rag_3,3,3,13,1,1,1,0.6,0.5108256237659907,0.23500000000000004,916,49,0.1,0.6,0.25,0.05
973,7a5517dce2a42eeda80e6d097cf5c3a7d11de387,0,rag_5,5,5,13,1,1,1,0.55,0.5978370007556204,0.2858,1101,49,0.12,0.55,0.25,0.08
973,7a5517dce2a42eeda80e6d097cf5c3a7d11de387,0,rag_10,10,10,13,1,1,1,0.8,0.2231435513142097,0.054999999999999986,1663,49,0.05,0.8,0.1,0.05
973,7a5517dce2a42eeda80e6d097cf5c3a7d11de387,0,rag_all_support,-1,13,13,1,1,1,0.6000000000000001,0.5108256237659905,0.22079999999999994,2037,49,0.12000000000000001,0.6000000000000001,0.20000000000000004,0.08000000000000002
198,5089eaa86cce6e8ac0dd7709d9d20a53d41ae469,0,query_only,0,0,15,2,3,0,0.12,2.120263536200091,1.3056,563,49,0.08,0.08,0.12,0.72
198,5089eaa86cce6e8ac0dd7709d9d20a53d41ae469,0,rag_1,1,1,15,2,0,0,0.25000000000000006,1.3862943611198904,0.785,659,49,0.35000000000000003,0.30000000000000004,0.25000000000000006,0.10000000000000002
198,5089eaa86cce6e8ac0dd7709d9d20a53d41ae469,0,rag_3,3,3,15,2,0,0,0.25,1.3862943611198906,0.77,859,49,0.35,0.25,0.25,0.15
198,5089eaa86cce6e8ac0dd7709d9d20a53d41ae469,0,rag_5,5,5,15,2,0,0,0.30000000000000004,1.203972804325936,0.685,1117,49,0.35000000000000003,0.25000000000000006,0.30000000000000004,0.10000000000000002
198,5089eaa86cce6e8ac0dd7709d9d20a53d41ae469,0,rag_10,10,10,15,2,0,0,0.32,1.1394342831883648,0.6536,1810,49,0.38,0.18,0.32,0.12
198,5089eaa86cce6e8ac0dd7709d9d20a53d41ae469,0,rag_all_support,-1,15,15,2,0,0,0.29999999999999993,1.2039728043259361,0.7,2577,49,0.3999999999999999,0.19999999999999996,0.29999999999999993,0.09999999999999998
829,8d01bacd34c17dc85f01e988e3db14c02f3e719e,2,query_only,0,0,6,0,0,1,0.85,0.16251892949777494,0.03780000000000001,565,49,0.85,0.03,0.0,0.12
829,8d01bacd34c17dc85f01e988e3db14c02f3e719e,2,rag_1,1,1,6,0,0,1,0.85,0.16251892949777494,0.03500000000000001,748,49,0.85,0.05,0.0,0.1
829,8d01bacd34c17dc85f01e988e3db14c02f3e719e,2,rag_3,3,3,6,0,0,1,0.85,0.16251892949777494,0.03500000000000001,1050,49,0.85,0.05,0.0,0.1
829,8d01bacd34c17dc85f01e988e3db14c02f3e719e,2,rag_5,5,5,6,0,0,1,0.85,0.16251892949777494,0.0374,1279,49,0.85,0.02,0.01,0.12
829,8d01bacd34c17dc85f01e988e3db14c02f3e719e,2,rag_10,10,6,6,0,0,1,0.78,0.2484613592984996,0.0798,1381,49,0.78,0.05,0.0,0.17
829,8d01bacd34c17dc85f01e988e3db14c02f3e719e,2,rag_all_support,-1,6,6,0,0,1,0.78,0.2484613592984996,0.0798,1381,49,0.78,0.05,0.0,0.17
294,243a8b36cfab3ddf5d1d288fdca40c2ed13a2ae5,0,query_only,0,0,7,2,0,0,0.1,2.3025850929940455,1.325,691,49,0.7,0.05,0.1,0.15
294,243a8b36cfab3ddf5d1d288fdca40c2ed13a2ae5,0,rag_1,1,1,7,2,0,0,0.1,2.3025850929940455,1.325,817,49,0.7,0.05,0.1,0.15
294,243a8b36cfab3ddf5d1d288fdca40c2ed13a2ae5,0,rag_3,3,3,7,2,0,0,0.15,1.8971199848858813,1.17,1183,49,0.65,0.05,0.15,0.15
294,243a8b36cfab3ddf5d1d288fdca40c2ed13a2ae5,0,rag_5,5,5,7,2,0,0,0.15,1.8971199848858813,1.125,1695,49,0.6,0.05,0.15,0.2
294,243a8b36cfab3ddf5d1d288fdca40c2ed13a2ae5,0,rag_10,10,7,7,2,0,0,0.2,1.6094379124341003,0.9550000000000001,2035,49,0.5,0.05,0.2,0.25
294,243a8b36cfab3ddf5d1d288fdca40c2ed13a2ae5,0,rag_all_support,-1,7,7,2,0,0,0.2,1.6094379124341003,0.9550000000000001,2035,49,0.5,0.05,0.2,0.25
823,cf7c71e984030cfe99165f2f6e465f1640346511,3,query_only,0,0,10,1,2,0,0.1,2.3025850929940455,1.2149999999999999,469,49,0.15,0.1,0.6,0.15
823,cf7c71e984030cfe99165f2f6e465f1640346511,3,rag_1,1,1,10,1,2,0,0.05,2.995732273553991,1.485,578,49,0.1,0.05,0.75,0.1
823,cf7c71e984030cfe99165f2f6e465f1640346511,3,rag_3,3,3,10,1,1,1,0.35,1.0498221244986778,0.59,794,49,0.15,0.35,0.35,0.15
823,cf7c71e984030cfe99165f2f6e465f1640346511,3,rag_5,5,5,10,1,1,1,0.45,0.7985076962177716,0.4250000000000001,1034,49,0.1,0.45,0.3,0.15
823,cf7c71e984030cfe99165f2f6e465f1640346511,3,rag_10,10,10,10,1,1,1,0.45,0.7985076962177716,0.43500000000000005,1779,49,0.05,0.45,0.3,0.2
823,cf7c71e984030cfe99165f2f6e465f1640346511,3,rag_all_support,-1,10,10,1,1,1,0.45,0.7985076962177716,0.43500000000000005,1779,49,0.05,0.45,0.3,0.2
25,c520a0c64ec7c898cafd57098d958c2ac4eb116f,3,query_only,0,0,14,0,3,0,0.25,1.3862943611198906,0.8899999999999999,454,49,0.25,0.05,0.15,0.55
25,c520a0c64ec7c898cafd57098d958c2ac4eb116f,3,rag_1,1,1,14,0,2,0,0.3,1.2039728043259361,0.6749999999999999,551,49,0.3,0.15,0.35,0.2
25,c520a0c64ec7c898cafd57098d958c2ac4eb116f,3,rag_3,3,3,14,0,0,1,0.35,1.0498221244986778,0.5750000000000001,779,49,0.35,0.15,0.3,0.2
25,c520a0c64ec7c898cafd57098d958c2ac4eb116f,3,rag_5,5,5,14,0,2,0,0.15,1.8971199848858813,1.015,977,49,0.15,0.1,0.4,0.35
25,c520a0c64ec7c898cafd57098d958c2ac4eb116f,3,rag_10,10,10,14,0,0,1,0.35,1.0498221244986778,0.5700000000000001,1460,49,0.35,0.15,0.25,0.25
25,c520a0c64ec7c898cafd57098d958c2ac4eb116f,3,rag_all_support,-1,14,14,0,0,1,0.35,1.0498221244986778,0.5700000000000001,1959,49,0.35,0.15,0.25,0.25
687,dc9506c38de1feb558ab84e7f0272768f3d994d0,2,query_only,0,0,11,3,2,0,0.05,2.995732273553991,1.5550000000000002,541,49,0.05,0.1,0.8,0.05
687,dc9506c38de1feb558ab84e7f0272768f3d994d0,2,rag_1,1,1,11,3,2,0,0.05,2.995732273553991,1.4249999999999998,636,49,0.1,0.15,0.7,0.05
687,dc9506c38de1feb558ab84e7f0272768f3d994d0,2,rag_3,3,3,11,3,2,0,0.05,2.995732273553991,1.5550000000000002,867,49,0.05,0.1,0.8,0.05
687,dc9506c38de1feb558ab84e7f0272768f3d994d0,2,rag_5,5,5,11,3,2,0,0.03,3.506557897319982,1.4678,1079,49,0.12,0.15,0.7,0.03
687,dc9506c38de1feb558ab84e7f0272768f3d994d0,2,rag_10,10,10,11,3,2,0,0.1,2.3025850929940455,1.1742000000000001,1655,49,0.19,0.16,0.55,0.1
687,dc9506c38de1feb558ab84e7f0272768f3d994d0,2,rag_all_support,-1,11,11,3,2,0,0.1,2.3025850929940455,1.1192000000000002,1742,49,0.14,0.36,0.4,0.1
254,1b486c8b024a4a8fd9c4589c5aa593ff662faf95,2,query_only,0,0,10,2,3,0,0.15,1.8971199848858813,0.985,684,49,0.25,0.2,0.15,0.4
254,1b486c8b024a4a8fd9c4589c5aa593ff662faf95,2,rag_1,1,1,10,2,3,0,0.25,1.3862943611198906,0.7849999999999999,941,49,0.3,0.1,0.25,0.35
254,1b486c8b024a4a8fd9c4589c5aa593ff662faf95,2,rag_3,3,3,10,2,3,0,0.1,2.3025850929940455,1.085,1252,49,0.3,0.25,0.1,0.35
254,1b486c8b024a4a8fd9c4589c5aa593ff662faf95,2,rag_5,5,5,10,2,1,0,0.25,1.3862943611198906,0.785,1547,49,0.2,0.4,0.25,0.15
254,1b486c8b024a4a8fd9c4589c5aa593ff662faf95,2,rag_10,10,10,10,2,1,0,0.2,1.6094379124341003,0.935,2522,49,0.15,0.5,0.2,0.15
254,1b486c8b024a4a8fd9c4589c5aa593ff662faf95,2,rag_all_support,-1,10,10,2,1,0,0.2,1.6094379124341003,0.935,2522,49,0.15,0.5,0.2,0.15
959,2c2ae771d6b711d328a719bb1416fce9d1b55c88,1,query_only,0,0,18,0,2,0,0.1,2.3025850929940455,1.455,567,49,0.1,0.05,0.8,0.05
959,2c2ae771d6b711d328a719bb1416fce9d1b55c88,1,rag_1,1,1,18,0,2,0,0.05,2.995732273553991,1.5550000000000002,757,49,0.05,0.1,0.8,0.05
959,2c2ae771d6b711d328a719bb1416fce9d1b55c88,1,rag_3,3,3,18,0,0,1,0.7,0.35667494393873245,0.12500000000000003,1009,49,0.7,0.05,0.1,0.15
959,2c2ae771d6b711d328a719bb1416fce9d1b55c88,1,rag_5,5,5,18,0,0,1,0.6,0.5108256237659907,0.23500000000000004,1209,49,0.6,0.05,0.1,0.25
959,2c2ae771d6b711d328a719bb1416fce9d1b55c88,1,rag_10,10,10,18,0,0,1,0.7,0.35667494393873245,0.13500000000000004,1821,49,0.7,0.05,0.05,0.2
959,2c2ae771d6b711d328a719bb1416fce9d1b55c88,1,rag_all_support,-1,18,18,0,0,1,0.75,0.2876820724517809,0.10500000000000001,2764,49,0.75,0.05,0.0,0.2
883,0c908a3670d8277fc208f4701688f8b29fefafbc,3,query_only,0,0,11,3,2,0,0.1,2.3025850929940455,1.455,524,49,0.05,0.05,0.8,0.1
883,0c908a3670d8277fc208f4701688f8b29fefafbc,3,rag_1,1,1,11,3,2,0,0.13,2.0402208285265546,1.3998000000000002,641,49,0.02,0.05,0.8,0.13
883,0c908a3670d8277fc208f4701688f8b29fefafbc,3,rag_3,3,3,11,3,2,0,0.12,2.120263536200091,1.4178000000000002,1016,49,0.03,0.05,0.8,0.12
883,0c908a3670d8277fc208f4701688f8b29fefafbc,3,rag_5,5,5,11,3,2,0,0.15,1.8971199848858813,1.3338,1325,49,0.02,0.05,0.78,0.15
883,0c908a3670d8277fc208f4701688f8b29fefafbc,3,rag_10,10,10,11,3,2,0,0.18,1.7147984280919266,1.2378,1914,49,0.02,0.05,0.75,0.18
883,0c908a3670d8277fc208f4701688f8b29fefafbc,3,rag_all_support,-1,11,11,3,2,0,0.15,1.8971199848858813,1.29,2034,49,0.05,0.05,0.75,0.15
493,10526f0be3f62b060f46d5f43cee13de98e48654,1,query_only,0,0,10,3,0,0,0.25,1.3862943611198906,0.935,454,49,0.6,0.05,0.1,0.25
493,10526f0be3f62b060f46d5f43cee13de98e48654,1,rag_1,1,1,10,3,0,0,0.3,1.2039728043259361,0.855,575,49,0.6,0.05,0.05,0.3
493,10526f0be3f62b060f46d5f43cee13de98e48654,1,rag_3,3,3,10,3,0,0,0.25,1.3862943611198906,0.99,852,49,0.65,0.05,0.05,0.25
493,10526f0be3f62b060f46d5f43cee13de98e48654,1,rag_5,5,5,10,3,0,0,0.3,1.2039728043259361,0.855,1052,49,0.6,0.05,0.05,0.3
493,10526f0be3f62b060f46d5f43cee13de98e48654,1,rag_10,10,10,10,3,3,1,0.8,0.2231435513142097,0.05499999999999998,1546,49,0.1,0.05,0.05,0.8
493,10526f0be3f62b060f46d5f43cee13de98e48654,1,rag_all_support,-1,10,10,3,3,1,0.8,0.2231435513142097,0.05499999999999998,1546,49,0.1,0.05,0.05,0.8
822,6df31d0e0fd2f5b0c0c9059883954d63ba05897e,6,query_only,0,0,17,3,0,0,0.2,1.6094379124341003,0.9050000000000001,525,49,0.45,0.2,0.15,0.2
822,6df31d0e0fd2f5b0c0c9059883954d63ba05897e,6,rag_1,1,1,17,3,0,0,0.2,1.6094379124341003,0.9350000000000002,618,49,0.5,0.15,0.15,0.2
822,6df31d0e0fd2f5b0c0c9059883954d63ba05897e,6,rag_3,3,3,17,3,0,0,0.3,1.2039728043259361,0.725,797,49,0.45,0.15,0.1,0.3
822,6df31d0e0fd2f5b0c0c9059883954d63ba05897e,6,rag_5,5,5,17,3,0,0,0.3,1.2039728043259361,0.725,1030,49,0.45,0.15,0.1,0.3
822,6df31d0e0fd2f5b0c0c9059883954d63ba05897e,6,rag_10,10,10,17,3,0,0,0.25,1.3862943611198906,0.815,1565,49,0.45,0.2,0.1,0.25
822,6df31d0e0fd2f5b0c0c9059883954d63ba05897e,6,rag_all_support,-1,17,17,3,0,0,0.15,1.8971199848858813,1.0099999999999998,2372,49,0.45,0.15,0.25,0.15
662,4dace790ebb925718ba08555552d8896a7ca20e5,2,query_only,0,0,9,3,2,0,0.05,2.995732273553991,1.63,400,49,0.05,0.05,0.85,0.05
662,4dace790ebb925718ba08555552d8896a7ca20e5,2,rag_1,1,1,9,3,2,0,0.05,2.995732273553991,1.5550000000000002,480,49,0.05,0.1,0.8,0.05
662,4dace790ebb925718ba08555552d8896a7ca20e5,2,rag_3,3,3,9,3,2,0,0.1,2.3025850929940455,1.455,731,49,0.05,0.05,0.8,0.1
662,4dace790ebb925718ba08555552d8896a7ca20e5,2,rag_5,5,5,9,3,2,0,0.1,2.3025850929940455,1.385,995,49,0.1,0.05,0.75,0.1
662,4dace790ebb925718ba08555552d8896a7ca20e5,2,rag_10,10,9,9,3,0,0,0.1,2.3025850929940455,1.185,1400,49,0.5,0.05,0.35,0.1
662,4dace790ebb925718ba08555552d8896a7ca20e5,2,rag_all_support,-1,9,9,3,0,0,0.1,2.3025850929940455,1.185,1400,49,0.5,0.05,0.35,0.1
635,e15796a20b164322549ba7615c72887113c33917,1,query_only,0,0,15,2,3,0,0.26,1.3470736479666092,0.9176,464,49,0.08,0.06,0.26,0.6
635,e15796a20b164322549ba7615c72887113c33917,1,rag_1,1,1,15,2,2,1,0.46,0.7765287894989963,0.4136000000000001,566,49,0.06,0.28,0.46,0.2
635,e15796a20b164322549ba7615c72887113c33917,1,rag_3,3,3,15,2,2,1,0.45,0.7985076962177716,0.43000000000000005,774,49,0.05,0.25,0.45,0.25
635,e15796a20b164322549ba7615c72887113c33917,1,rag_5,5,5,15,2,2,1,0.4,0.916290731874155,0.5095999999999999,971,49,0.12,0.34,0.4,0.14
635,e15796a20b164322549ba7615c72887113c33917,1,rag_10,10,10,15,2,2,1,0.4,0.916290731874155,0.495,1588,49,0.1,0.25,0.4,0.25
635,e15796a20b164322549ba7615c72887113c33917,1,rag_all_support,-1,15,15,2,2,1,0.5,0.6931471805599453,0.355,2240,49,0.05,0.25,0.5,0.2
237,c9943408328c643e0e6829e9ce532aa3a0ab8cc3,7,query_only,0,0,19,0,2,0,0.1,2.3025850929940455,1.2200000000000002,487,49,0.1,0.1,0.6,0.2
237,c9943408328c643e0e6829e9ce532aa3a0ab8cc3,7,rag_1,1,1,19,0,2,0,0.1,2.3025850929940455,1.385,583,49,0.1,0.05,0.75,0.1
237,c9943408328c643e0e6829e9ce532aa3a0ab8cc3,7,rag_3,3,3,19,0,2,0,0.05,2.995732273553991,1.555,888,49,0.05,0.05,0.8,0.1
237,c9943408328c643e0e6829e9ce532aa3a0ab8cc3,7,rag_5,5,5,19,0,2,0,0.1,2.3025850929940455,1.2650000000000001,1126,49,0.1,0.1,0.65,0.15
237,c9943408328c643e0e6829e9ce532aa3a0ab8cc3,7,rag_10,10,10,19,0,0,1,0.55,0.5978370007556204,0.285,1669,49,0.55,0.2,0.2,0.05
237,c9943408328c643e0e6829e9ce532aa3a0ab8cc3,7,rag_all_support,-1,19,19,0,1,0,0.25,1.3862943611198906,0.795,2753,49,0.25,0.4,0.25,0.1
96,3b62cee123037b727ccb0c03360458011375043e,1,query_only,0,0,13,3,2,0,0.05,2.995732273553991,1.63,502,49,0.05,0.05,0.85,0.05
96,3b62cee123037b727ccb0c03360458011375043e,1,rag_1,1,1,13,3,2,0,0.05,2.995732273553991,1.63,614,49,0.05,0.05,0.85,0.05
96,3b62cee123037b727ccb0c03360458011375043e,1,rag_3,3,3,13,3,0,0,0.05,2.995732273553991,1.355,893,49,0.6,0.05,0.3,0.05
96,3b62cee123037b727ccb0c03360458011375043e,1,rag_5,5,5,13,3,0,0,0.05,2.995732273553991,1.355,1124,49,0.6,0.05,0.3,0.05
96,3b62cee123037b727ccb0c03360458011375043e,1,rag_10,10,10,13,3,0,0,0.05,2.995732273553991,1.355,1615,49,0.6,0.05,0.3,0.05
96,3b62cee123037b727ccb0c03360458011375043e,1,rag_all_support,-1,13,13,3,2,0,0.12,2.120263536200091,1.2576,1983,49,0.12,0.08,0.68,0.12
66,c3dbc5969258a849cf624307fd69b39d64aa921e,3,query_only,0,0,18,0,1,0,0.1,2.3025850929940455,1.385,479,49,0.1,0.75,0.05,0.1
66,c3dbc5969258a849cf624307fd69b39d64aa921e,3,rag_1,1,1,18,0,1,0,0.10000000000000002,2.3025850929940455,1.3200000000000003,553,49,0.10000000000000002,0.7000000000000001,0.10000000000000002,0.10000000000000002
66,c3dbc5969258a849cf624307fd69b39d64aa921e,3,rag_3,3,3,18,0,1,0,0.4,0.916290731874155,0.575,773,49,0.4,0.45,0.1,0.05
66,c3dbc5969258a849cf624307fd69b39d64aa921e,3,rag_5,5,5,18,0,1,0,0.34,1.0788096613719298,0.6679999999999998,989,49,0.34,0.46,0.12,0.08
66,c3dbc5969258a849cf624307fd69b39d64aa921e,3,rag_10,10,10,18,0,1,0,0.35,1.0498221244986778,0.645,1485,49,0.35,0.45,0.1,0.1
66,c3dbc5969258a849cf624307fd69b39d64aa921e,3,rag_all_support,-1,18,18,0,1,0,0.35,1.0498221244986778,0.6499999999999999,2377,49,0.35,0.45,0.15,0.05
548,02e3349bb8f23e4cc4b1d8481faa36566f14e38e,0,query_only,0,0,10,0,1,0,0.25000000000000006,1.3862943611198904,0.8150000000000002,495,49,0.25000000000000006,0.45000000000000007,0.20000000000000004,0.10000000000000002
548,02e3349bb8f23e4cc4b1d8481faa36566f14e38e,0,rag_1,1,1,10,0,1,0,0.25,1.3862943611198906,0.845,588,49,0.25,0.5,0.15,0.1
548,02e3349bb8f23e4cc4b1d8481faa36566f14e38e,0,rag_3,3,3,10,0,0,1,0.6499999999999999,0.4307829160924544,0.17500000000000004,776,49,0.6499999999999999,0.19999999999999996,0.04999999999999999,0.09999999999999998
548,02e3349bb8f23e4cc4b1d8481faa36566f14e38e,0,rag_5,5,5,10,0,0,1,0.6,0.5108256237659907,0.22000000000000006,1015,49,0.6,0.2,0.1,0.1
548,02e3349bb8f23e4cc4b1d8481faa36566f14e38e,0,rag_10,10,10,10,0,0,1,0.75,0.2876820724517809,0.0974,1590,49,0.75,0.18,0.04,0.03
548,02e3349bb8f23e4cc4b1d8481faa36566f14e38e,0,rag_all_support,-1,10,10,0,0,1,0.75,0.2876820724517809,0.0974,1590,49,0.75,0.18,0.04,0.03
312,5cda83907de652ad97233ba2215cb4219c220479,0,query_only,0,0,6,3,0,0,0.2,1.6094379124341003,1.135,601,49,0.7,0.05,0.05,0.2
312,5cda83907de652ad97233ba2215cb4219c220479,0,rag_1,1,1,6,3,3,1,0.85,0.16251892949777494,0.030000000000000006,740,49,0.05,0.05,0.05,0.85
312,5cda83907de652ad97233ba2215cb4219c220479,0,rag_3,3,3,6,3,3,1,0.75,0.2876820724517809,0.09,1136,49,0.05,0.15,0.05,0.75
312,5cda83907de652ad97233ba2215cb4219c220479,0,rag_5,5,5,6,3,0,0,0.15,1.8971199848858813,1.2249999999999999,1547,49,0.7,0.1,0.05,0.15
312,5cda83907de652ad97233ba2215cb4219c220479,0,rag_10,10,6,6,3,3,1,0.85,0.16251892949777494,0.030000000000000006,1750,49,0.05,0.05,0.05,0.85
312,5cda83907de652ad97233ba2215cb4219c220479,0,rag_all_support,-1,6,6,3,3,1,0.85,0.16251892949777494,0.030000000000000006,1750,49,0.05,0.05,0.05,0.85
110,31da3912387825dbdc35e844bb820248fa87af29,5,query_only,0,0,13,1,3,0,0.05,2.995732273553991,1.5550000000000002,538,49,0.1,0.05,0.05,0.8
110,31da3912387825dbdc35e844bb820248fa87af29,5,rag_1,1,1,13,1,3,0,0.02,3.912023005428146,1.8634,633,49,0.02,0.02,0.01,0.95
110,31da3912387825dbdc35e844bb820248fa87af29,5,rag_3,3,3,13,1,3,0,0.05,2.995732273553991,1.5550000000000002,913,49,0.1,0.05,0.05,0.8
110,31da3912387825dbdc35e844bb820248fa87af29,5,rag_5,5,5,13,1,3,0,0.05,2.995732273553991,1.5550000000000002,1193,49,0.05,0.05,0.1,0.8
110,31da3912387825dbdc35e844bb820248fa87af29,5,rag_10,10,10,13,1,3,0,0.05,2.995732273553991,1.5550000000000002,1775,49,0.05,0.05,0.1,0.8
110,31da3912387825dbdc35e844bb820248fa87af29,5,rag_all_support,-1,13,13,1,3,0,0.05,2.995732273553991,1.5550000000000002,2206,49,0.05,0.05,0.1,0.8
265,c242e6706988242f5c7b46b7e8ad66c0dcf8f7a9,0,query_only,0,0,8,0,1,0,0.05,2.995732273553991,1.4977999999999998,500,49,0.05,0.75,0.02,0.18
265,c242e6706988242f5c7b46b7e8ad66c0dcf8f7a9,0,rag_1,1,1,8,0,1,0,0.05,2.995732273553991,1.4977999999999998,629,49,0.05,0.75,0.02,0.18
265,c242e6706988242f5c7b46b7e8ad66c0dcf8f7a9,0,rag_3,3,3,8,0,1,0,0.05,2.995732273553991,1.565,869,49,0.05,0.8,0.0,0.15
265,c242e6706988242f5c7b46b7e8ad66c0dcf8f7a9,0,rag_5,5,5,8,0,1,0,0.05,2.995732273553991,1.4977999999999998,1173,49,0.05,0.75,0.02,0.18
265,c242e6706988242f5c7b46b7e8ad66c0dcf8f7a9,0,rag_10,10,8,8,0,1,0,0.05,2.995732273553991,1.635,1837,49,0.05,0.85,0.0,0.1
265,c242e6706988242f5c7b46b7e8ad66c0dcf8f7a9,0,rag_all_support,-1,8,8,0,1,0,0.05,2.995732273553991,1.635,1837,49,0.05,0.85,0.0,0.1
355,f9006e264d482be4424fff8d0a43ab9d593d3541,0,query_only,0,0,8,0,0,1,0.55,0.5978370007556204,0.29,412,49,0.55,0.15,0.25,0.05
355,f9006e264d482be4424fff8d0a43ab9d593d3541,0,rag_1,1,1,8,0,0,1,0.5499999999999999,0.5978370007556205,0.275,513,49,0.5499999999999999,0.14999999999999997,0.19999999999999996,0.09999999999999998
355,f9006e264d482be4424fff8d0a43ab9d593d3541,0,rag_3,3,3,8,0,0,1,0.6,0.5108256237659907,0.22500000000000003,724,49,0.6,0.15,0.2,0.05
355,f9006e264d482be4424fff8d0a43ab9d593d3541,0,rag_5,5,5,8,0,0,1,0.6,0.5108256237659907,0.22500000000000003,927,49,0.6,0.15,0.2,0.05
355,f9006e264d482be4424fff8d0a43ab9d593d3541,0,rag_10,10,8,8,0,0,1,0.55,0.5978370007556204,0.285,1292,49,0.55,0.2,0.2,0.05
355,f9006e264d482be4424fff8d0a43ab9d593d3541,0,rag_all_support,-1,8,8,0,0,1,0.55,0.5978370007556204,0.285,1292,49,0.55,0.2,0.2,0.05
534,b0898d2947aed20b04f9ebab07d9c335fe558eab,2,query_only,0,0,9,3,1,0,0.3,1.2039728043259361,0.6649999999999999,498,49,0.15,0.3,0.25,0.3
534,b0898d2947aed20b04f9ebab07d9c335fe558eab,2,rag_1,1,1,9,3,1,0,0.25,1.3862943611198906,0.785,602,49,0.15,0.4,0.2,0.25
534,b0898d2947aed20b04f9ebab07d9c335fe558eab,2,rag_3,3,3,9,3,3,1,0.35,1.0498221244986778,0.5650000000000001,837,49,0.2,0.25,0.2,0.35
534,b0898d2947aed20b04f9ebab07d9c335fe558eab,2,rag_5,5,5,9,3,1,0,0.25,1.3862943611198906,0.77,1189,49,0.15,0.35,0.25,0.25
534,b0898d2947aed20b04f9ebab07d9c335fe558eab,2,rag_10,10,9,9,3,1,0,0.3,1.2039728043259361,0.6599999999999999,1673,49,0.2,0.3,0.2,0.3
534,b0898d2947aed20b04f9ebab07d9c335fe558eab,2,rag_all_support,-1,9,9,3,1,0,0.3,1.2039728043259361,0.6599999999999999,1673,49,0.2,0.3,0.2,0.3
578,d791fa96ef1d7565b87c678eee23e1f861d021ac,0,query_only,0,0,11,1,2,0,0.1,2.3025850929940455,1.385,485,49,0.05,0.1,0.75,0.1
578,d791fa96ef1d7565b87c678eee23e1f861d021ac,0,rag_1,1,1,11,1,1,1,0.8,0.2231435513142097,0.054999999999999986,571,49,0.05,0.8,0.1,0.05
578,d791fa96ef1d7565b87c678eee23e1f861d021ac,0,rag_3,3,3,11,1,1,1,0.75,0.2876820724517809,0.09,773,49,0.05,0.75,0.15,0.05
578,d791fa96ef1d7565b87c678eee23e1f861d021ac,0,rag_5,5,5,11,1,1,1,0.6499999999999999,0.4307829160924544,0.17500000000000004,977,49,0.04999999999999999,0.6499999999999999,0.19999999999999996,0.09999999999999998
578,d791fa96ef1d7565b87c678eee23e1f861d021ac,0,rag_10,10,10,11,1,1,1,0.75,0.2876820724517809,0.08500000000000002,1522,49,0.05,0.75,0.1,0.1
578,d791fa96ef1d7565b87c678eee23e1f861d021ac,0,rag_all_support,-1,11,11,1,1,1,0.6499999999999999,0.4307829160924544,0.17500000000000004,1624,49,0.04999999999999999,0.6499999999999999,0.19999999999999996,0.09999999999999998
425,f61cc2035f1a112c16e7d6b6f4a857318e4260ee,1,query_only,0,0,15,3,3,1,0.4,0.916290731874155,0.485,464,49,0.25,0.2,0.15,0.4
425,f61cc2035f1a112c16e7d6b6f4a857318e4260ee,1,rag_1,1,1,15,3,0,0,0.35,1.0498221244986778,0.645,548,49,0.45,0.1,0.1,0.35
425,f61cc2035f1a112c16e7d6b6f4a857318e4260ee,1,rag_3,3,3,15,3,2,0,0.2,1.6094379124341003,0.9150000000000001,764,49,0.25,0.1,0.45,0.2
425,f61cc2035f1a112c16e7d6b6f4a857318e4260ee,1,rag_5,5,5,15,3,2,0,0.04,3.2188758248682006,1.548,968,49,0.12,0.06,0.78,0.04
425,f61cc2035f1a112c16e7d6b6f4a857318e4260ee,1,rag_10,10,10,15,3,2,0,0.07,2.659260036932778,1.5133999999999999,1501,49,0.07,0.06,0.8,0.07
425,f61cc2035f1a112c16e7d6b6f4a857318e4260ee,1,rag_all_support,-1,15,15,3,2,0,0.15,1.8971199848858813,1.125,2170,49,0.2,0.05,0.6,0.15
816,0073fc5b9b9f336e2a5fe90bac18933c6b145765,1,query_only,0,0,8,1,3,0,0.2,1.6094379124341003,0.8850000000000001,481,49,0.15,0.2,0.25,0.4
816,0073fc5b9b9f336e2a5fe90bac18933c6b145765,1,rag_1,1,1,8,1,2,0,0.1,2.3025850929940455,1.2200000000000002,589,49,0.1,0.1,0.6,0.2
816,0073fc5b9b9f336e2a5fe90bac18933c6b145765,1,rag_3,3,3,8,1,2,0,0.15000000000000002,1.897119984885881,0.99,945,49,0.15000000000000002,0.15000000000000002,0.35000000000000003,0.35000000000000003
816,0073fc5b9b9f336e2a5fe90bac18933c6b145765,1,rag_5,5,5,8,1,2,0,0.2,1.6094379124341003,0.8850000000000001,1168,49,0.15,0.2,0.4,0.25
816,0073fc5b9b9f336e2a5fe90bac18933c6b145765,1,rag_10,10,8,8,1,3,0,0.1,2.3025850929940455,1.185,1468,49,0.1,0.1,0.25,0.55
816,0073fc5b9b9f336e2a5fe90bac18933c6b145765,1,rag_all_support,-1,8,8,1,3,0,0.1,2.3025850929940455,1.185,1468,49,0.1,0.1,0.25,0.55
787,38a93e1822452012a6b1f64e963dacaed5c8fe61,5,query_only,0,0,13,3,2,0,0.02,3.912023005428146,1.8447999999999998,509,49,0.02,0.02,0.94,0.02
787,38a93e1822452012a6b1f64e963dacaed5c8fe61,5,rag_1,1,1,13,3,0,0,0.05,2.995732273553991,1.315,611,49,0.5,0.05,0.4,0.05
787,38a93e1822452012a6b1f64e963dacaed5c8fe61,5,rag_3,3,3,13,3,2,0,0.1,2.3025850929940455,1.185,807,49,0.25,0.1,0.55,0.1
787,38a93e1822452012a6b1f64e963dacaed5c8fe61,5,rag_5,5,5,13,3,2,0,0.1,2.3025850929940455,1.22,1003,49,0.2,0.1,0.6,0.1
787,38a93e1822452012a6b1f64e963dacaed5c8fe61,5,rag_10,10,10,13,3,2,0,0.12,2.120263536200091,1.2128,1519,49,0.12,0.12,0.64,0.12
787,38a93e1822452012a6b1f64e963dacaed5c8fe61,5,rag_all_support,-1,13,13,3,0,0,0.05,2.995732273553991,1.355,1910,49,0.6,0.05,0.3,0.05
486,1399a8cbab4fee4a0a00c07660c62b6dffa5cca3,1,query_only,0,0,9,3,0,0,0.15,1.8971199848858813,1.2899999999999998,506,49,0.75,0.05,0.05,0.15
486,1399a8cbab4fee4a0a00c07660c62b6dffa5cca3,1,rag_1,1,1,9,3,0,0,0.2,1.6094379124341003,1.0750000000000002,622,49,0.65,0.1,0.05,0.2
486,1399a8cbab4fee4a0a00c07660c62b6dffa5cca3,1,rag_3,3,3,9,3,0,0,0.25,1.3862943611198906,0.935,842,49,0.6,0.1,0.05,0.25
486,1399a8cbab4fee4a0a00c07660c62b6dffa5cca3,1,rag_5,5,5,9,3,0,0,0.2,1.6094379124341003,1.135,1047,49,0.7,0.05,0.05,0.2
486,1399a8cbab4fee4a0a00c07660c62b6dffa5cca3,1,rag_10,10,9,9,3,0,0,0.25,1.3862943611198906,0.935,1505,49,0.6,0.1,0.05,0.25
486,1399a8cbab4fee4a0a00c07660c62b6dffa5cca3,1,rag_all_support,-1,9,9,3,0,0,0.25,1.3862943611198906,0.935,1505,49,0.6,0.1,0.05,0.25
892,3e8336eb29ced72f8db6a8e869b10432d432b64d,1,query_only,0,0,9,3,1,0,0.09999999999999998,2.302585092994046,1.4549999999999996,507,49,0.04999999999999999,0.7999999999999998,0.04999999999999999,0.09999999999999998
892,3e8336eb29ced72f8db6a8e869b10432d432b64d,1,rag_1,1,1,9,3,1,0,0.2,1.6094379124341003,1.135,601,49,0.05,0.7,0.05,0.2
892,3e8336eb29ced72f8db6a8e869b10432d432b64d,1,rag_3,3,3,9,3,3,1,0.8,0.2231435513142097,0.05419999999999998,770,49,0.06,0.09,0.05,0.8
892,3e8336eb29ced72f8db6a8e869b10432d432b64d,1,rag_5,5,5,9,3,1,0,0.25,1.3862943611198906,0.935,1040,49,0.1,0.6,0.05,0.25
892,3e8336eb29ced72f8db6a8e869b10432d432b64d,1,rag_10,10,9,9,3,3,1,0.75,0.2876820724517809,0.09,1753,49,0.05,0.15,0.05,0.75
892,3e8336eb29ced72f8db6a8e869b10432d432b64d,1,rag_all_support,-1,9,9,3,3,1,0.75,0.2876820724517809,0.09,1753,49,0.05,0.15,0.05,0.75
902,0551ff3f7bfa48112cd866d1cb1b7aba1d784df1,1,query_only,0,0,7,3,1,0,0.19,1.6607312068216509,1.0052,539,49,0.21,0.55,0.05,0.19
902,0551ff3f7bfa48112cd866d1cb1b7aba1d784df1,1,rag_1,1,1,7,3,1,0,0.15,1.8971199848858813,1.2249999999999999,631,49,0.1,0.7,0.05,0.15
902,0551ff3f7bfa48112cd866d1cb1b7aba1d784df1,1,rag_3,3,3,7,3,0,0,0.2,1.6094379124341003,1.0750000000000002,822,49,0.65,0.1,0.05,0.2
902,0551ff3f7bfa48112cd866d1cb1b7aba1d784df1,1,rag_5,5,5,7,3,0,0,0.25,1.3862943611198906,0.885,1044,49,0.55,0.1,0.1,0.25
902,0551ff3f7bfa48112cd866d1cb1b7aba1d784df1,1,rag_10,10,7,7,3,0,0,0.25,1.3862943611198906,0.885,1259,49,0.55,0.1,0.1,0.25
902,0551ff3f7bfa48112cd866d1cb1b7aba1d784df1,1,rag_all_support,-1,7,7,3,0,0,0.25,1.3862943611198906,0.885,1259,49,0.55,0.1,0.1,0.25
327,e3a8bfc4a5061d5a3b23086ea3aa1969b7416064,1,query_only,0,0,9,0,0,1,0.6,0.5108256237659907,0.28500000000000003,503,49,0.6,0.0,0.05,0.35
327,e3a8bfc4a5061d5a3b23086ea3aa1969b7416064,1,rag_1,1,1,9,0,0,1,0.6,0.5108256237659907,0.26580000000000004,671,49,0.6,0.03,0.05,0.32
327,e3a8bfc4a5061d5a3b23086ea3aa1969b7416064,1,rag_3,3,3,9,0,3,0,0.2,1.6094379124341003,1.135,994,49,0.2,0.05,0.05,0.7
327,e3a8bfc4a5061d5a3b23086ea3aa1969b7416064,1,rag_5,5,5,9,0,0,1,0.55,0.5978370007556204,0.30499999999999994,1309,49,0.55,0.05,0.1,0.3
327,e3a8bfc4a5061d5a3b23086ea3aa1969b7416064,1,rag_10,10,9,9,0,0,1,0.45,0.7985076962177716,0.4750000000000001,1795,49,0.45,0.05,0.1,0.4
327,e3a8bfc4a5061d5a3b23086ea3aa1969b7416064,1,rag_all_support,-1,9,9,0,0,1,0.45,0.7985076962177716,0.4750000000000001,1795,49,0.45,0.05,0.1,0.4
761,05913997ed3ae6fc098793ab887d2b1ba1a917d3,1,query_only,0,0,16,0,0,1,0.55,0.5978370007556204,0.2899999999999999,466,49,0.55,0.15,0.05,0.25
761,05913997ed3ae6fc098793ab887d2b1ba1a917d3,1,rag_1,1,1,16,0,0,1,0.55,0.5978370007556204,0.30499999999999994,548,49,0.55,0.1,0.05,0.3
761,05913997ed3ae6fc098793ab887d2b1ba1a917d3,1,rag_3,3,3,16,0,0,1,0.55,0.5978370007556204,0.2899999999999999,765,49,0.55,0.15,0.05,0.25
761,05913997ed3ae6fc098793ab887d2b1ba1a917d3,1,rag_5,5,5,16,0,0,1,0.7,0.35667494393873245,0.12500000000000003,957,49,0.7,0.1,0.05,0.15
761,05913997ed3ae6fc098793ab887d2b1ba1a917d3,1,rag_10,10,10,16,0,0,1,0.6,0.5108256237659907,0.22500000000000003,1458,49,0.6,0.15,0.05,0.2
761,05913997ed3ae6fc098793ab887d2b1ba1a917d3,1,rag_all_support,-1,16,16,0,0,1,0.5,0.6931471805599453,0.365,2207,49,0.5,0.3,0.05,0.15
351,f44cfd645e93535459e2f88f0f5bcb5cd91773ad,2,query_only,0,0,16,2,1,0,0.05,2.995732273553991,1.63,464,49,0.05,0.85,0.05,0.05
351,f44cfd645e93535459e2f88f0f5bcb5cd91773ad,2,rag_1,1,1,16,2,1,0,0.3,1.2039728043259361,0.8049999999999999,567,49,0.1,0.55,0.3,0.05
351,f44cfd645e93535459e2f88f0f5bcb5cd91773ad,2,rag_3,3,3,16,2,1,0,0.38,0.9675840262617056,0.5688000000000001,804,49,0.12,0.4,0.38,0.1
351,f44cfd645e93535459e2f88f0f5bcb5cd91773ad,2,rag_5,5,5,16,2,1,0,0.28,1.2729656758128873,0.8378,1018,49,0.12,0.55,0.28,0.05
351,f44cfd645e93535459e2f88f0f5bcb5cd91773ad,2,rag_10,10,10,16,2,2,1,0.75,0.2876820724517809,0.09,1520,49,0.05,0.15,0.75,0.05
351,f44cfd645e93535459e2f88f0f5bcb5cd91773ad,2,rag_all_support,-1,16,16,2,2,1,0.6000000000000001,0.5108256237659905,0.23499999999999996,2319,49,0.05000000000000001,0.25000000000000006,0.6000000000000001,0.10000000000000002
849,a808c3ab6814ac340f53ba25743c59db6d9205b5,5,query_only,0,0,13,2,0,0,0.08,2.5257286443082556,1.5717999999999999,494,49,0.85,0.02,0.08,0.05
849,a808c3ab6814ac340f53ba25743c59db6d9205b5,5,rag_1,1,1,13,2,0,0,0.15,1.8971199848858813,1.2907999999999997,582,49,0.75,0.03,0.15,0.07
849,a808c3ab6814ac340f53ba25743c59db6d9205b5,5,rag_3,3,3,13,2,0,0,0.1,2.3025850929940455,1.4864,856,49,0.82,0.02,0.1,0.06
849,a808c3ab6814ac340f53ba25743c59db6d9205b5,5,rag_5,5,5,13,2,0,0,0.18000000000000002,1.7147984280919266,1.1728,1063,49,0.7000000000000001,0.020000000000000004,0.18000000000000002,0.10000000000000002
849,a808c3ab6814ac340f53ba25743c59db6d9205b5,5,rag_10,10,10,13,2,0,0,0.2,1.6094379124341003,1.1358,1598,49,0.7,0.03,0.2,0.07
849,a808c3ab6814ac340f53ba25743c59db6d9205b5,5,rag_all_support,-1,13,13,2,0,0,0.12,2.120263536200091,1.4184,1959,49,0.8,0.02,0.12,0.06
44,11cca94cdd2f090e5ecf48c21a5c377c9b3e8d82,0,query_only,0,0,8,2,2,1,0.32,1.1394342831883648,0.6247999999999999,451,49,0.18,0.2,0.32,0.3
44,11cca94cdd2f090e5ecf48c21a5c377c9b3e8d82,0,rag_1,1,1,8,2,1,0,0.25,1.3862943611198906,0.755,518,49,0.25,0.3,0.25,0.2
44,11cca94cdd2f090e5ecf48c21a5c377c9b3e8d82,0,rag_3,3,3,8,2,1,0,0.28,1.2729656758128873,0.7303999999999999,725,49,0.18,0.4,0.28,0.14
44,11cca94cdd2f090e5ecf48c21a5c377c9b3e8d82,0,rag_5,5,5,8,2,1,0,0.3,1.2039728043259361,0.695,926,49,0.15,0.4,0.3,0.15
44,11cca94cdd2f090e5ecf48c21a5c377c9b3e8d82,0,rag_10,10,8,8,2,2,1,0.35,1.0498221244986778,0.5650000000000001,1217,49,0.2,0.25,0.35,0.2
44,11cca94cdd2f090e5ecf48c21a5c377c9b3e8d82,0,rag_all_support,-1,8,8,2,2,1,0.35,1.0498221244986778,0.5650000000000001,1217,49,0.2,0.25,0.35,0.2
451,5c53fa89a1a18b87abc3cb64df788ac927e2fffa,0,query_only,0,0,15,2,0,0,0.25,1.3862943611198906,0.75,487,49,0.25,0.25,0.25,0.25
451,5c53fa89a1a18b87abc3cb64df788ac927e2fffa,0,rag_1,1,1,15,2,2,1,0.6,0.5108256237659907,0.22640000000000002,584,49,0.12,0.06,0.6,0.22
451,5c53fa89a1a18b87abc3cb64df788ac927e2fffa,0,rag_3,3,3,15,2,2,1,0.62,0.4780358009429998,0.2158,810,49,0.08,0.05,0.62,0.25
451,5c53fa89a1a18b87abc3cb64df788ac927e2fffa,0,rag_5,5,5,15,2,2,1,0.6,0.5108256237659907,0.22080000000000002,1022,49,0.12,0.08,0.6,0.2
451,5c53fa89a1a18b87abc3cb64df788ac927e2fffa,0,rag_10,10,10,15,2,2,1,0.5,0.6931471805599453,0.41500000000000004,1643,49,0.05,0.05,0.5,0.4
451,5c53fa89a1a18b87abc3cb64df788ac927e2fffa,0,rag_all_support,-1,15,15,2,2,1,0.5,0.6931471805599453,0.3608,2305,49,0.12,0.08,0.5,0.3
280,d4975b64bb2f2c8916b1faa99cd35ea2c7ff9957,2,query_only,0,0,6,1,0,0,0.1,2.3025850929940455,1.1400000000000001,659,49,0.4,0.1,0.1,0.4
280,d4975b64bb2f2c8916b1faa99cd35ea2c7ff9957,2,rag_1,1,1,6,1,0,0,0.04999999999999999,2.9957322735539913,1.5549999999999995,905,49,0.7999999999999998,0.04999999999999999,0.04999999999999999,0.09999999999999998
280,d4975b64bb2f2c8916b1faa99cd35ea2c7ff9957,2,rag_3,3,3,6,1,0,0,0.05,2.995732273553991,1.4349999999999998,1275,49,0.7,0.05,0.2,0.05
280,d4975b64bb2f2c8916b1faa99cd35ea2c7ff9957,2,rag_5,5,5,6,1,0,0,0.05,2.995732273553991,1.4349999999999998,1605,49,0.7,0.05,0.2,0.05
280,d4975b64bb2f2c8916b1faa99cd35ea2c7ff9957,2,rag_10,10,6,6,1,2,0,0.05,2.995732273553991,1.63,1764,49,0.05,0.05,0.85,0.05
280,d4975b64bb2f2c8916b1faa99cd35ea2c7ff9957,2,rag_all_support,-1,6,6,1,2,0,0.05,2.995732273553991,1.63,1764,49,0.05,0.05,0.85,0.05
601,2b42eac586bab02f0c26baa30dae16cca63d994f,1,query_only,0,0,16,0,1,0,0.05,2.995732273553991,1.7137999999999998,512,49,0.05,0.9,0.03,0.02
601,2b42eac586bab02f0c26baa30dae16cca63d994f,1,rag_1,1,1,16,0,1,0,0.1,2.3025850929940455,1.455,722,49,0.1,0.8,0.05,0.05
601,2b42eac586bab02f0c26baa30dae16cca63d994f,1,rag_3,3,3,16,0,1,0,0.1,2.3025850929940455,1.455,1129,49,0.1,0.8,0.05,0.05
601,2b42eac586bab02f0c26baa30dae16cca63d994f,1,rag_5,5,5,16,0,1,0,0.1,2.3025850929940455,1.455,1374,49,0.1,0.8,0.05,0.05
601,2b42eac586bab02f0c26baa30dae16cca63d994f,1,rag_10,10,10,16,0,1,0,0.05,2.995732273553991,1.7137999999999998,1929,49,0.05,0.9,0.03,0.02
601,2b42eac586bab02f0c26baa30dae16cca63d994f,1,rag_all_support,-1,16,16,0,1,0,0.05,2.995732273553991,1.7137999999999998,2577,49,0.05,0.9,0.03,0.02
559,a15ce89252ab6b8fe6ca2aea2071861de284c77d,2,query_only,0,0,7,0,2,0,0.16,1.8325814637483102,1.0272,454,49,0.16,0.16,0.52,0.16
559,a15ce89252ab6b8fe6ca2aea2071861de284c77d,2,rag_1,1,1,7,0,0,1,0.55,0.5978370007556204,0.305,563,49,0.55,0.1,0.3,0.05
559,a15ce89252ab6b8fe6ca2aea2071861de284c77d,2,rag_3,3,3,7,0,2,0,0.25,1.3862943611198906,0.795,806,49,0.25,0.25,0.4,0.1
559,a15ce89252ab6b8fe6ca2aea2071861de284c77d,2,rag_5,5,5,7,0,0,1,0.45000000000000007,0.7985076962177715,0.425,1028,49,0.45000000000000007,0.15000000000000002,0.30000000000000004,0.10000000000000002
559,a15ce89252ab6b8fe6ca2aea2071861de284c77d,2,rag_10,10,7,7,0,2,0,0.25,1.3862943611198906,0.785,1300,49,0.25,0.2,0.4,0.15
559,a15ce89252ab6b8fe6ca2aea2071861de284c77d,2,rag_all_support,-1,7,7,0,2,0,0.25,1.3862943611198906,0.785,1300,49,0.25,0.2,0.4,0.15
522,052be3bfa06397c70a6215abc056096d97937bc8,2,query_only,0,0,14,1,0,0,0.1,2.3025850929940455,1.5337999999999998,561,49,0.85,0.1,0.02,0.03
522,052be3bfa06397c70a6215abc056096d97937bc8,2,rag_1,1,1,14,1,0,0,0.15,1.8971199848858813,1.3638,658,49,0.8,0.15,0.02,0.03
522,052be3bfa06397c70a6215abc056096d97937bc8,2,rag_3,3,3,14,1,0,0,0.25,1.3862943611198906,1.0537999999999998,875,49,0.7,0.25,0.03,0.02
522,052be3bfa06397c70a6215abc056096d97937bc8,2,rag_5,5,5,14,1,1,1,0.8,0.2231435513142097,0.054999999999999986,1086,49,0.1,0.8,0.05,0.05
522,052be3bfa06397c70a6215abc056096d97937bc8,2,rag_10,10,10,14,1,1,1,0.8,0.2231435513142097,0.054999999999999986,1662,49,0.1,0.8,0.05,0.05
522,052be3bfa06397c70a6215abc056096d97937bc8,2,rag_all_support,-1,14,14,1,1,1,0.75,0.2876820724517809,0.08500000000000002,2260,49,0.1,0.75,0.05,0.1
60,b792a7bcba08502c0b7e72bc6eb58f7ce96f146e,2,query_only,0,0,13,1,2,0,0.18,1.7147984280919266,1.0598,400,49,0.07,0.18,0.6,0.15
60,b792a7bcba08502c0b7e72bc6eb58f7ce96f146e,2,rag_1,1,1,13,1,1,1,0.6,0.5108256237659907,0.22500000000000003,501,49,0.05,0.6,0.2,0.15
60,b792a7bcba08502c0b7e72bc6eb58f7ce96f146e,2,rag_3,3,3,13,1,1,1,0.5499999999999999,0.5978370007556205,0.30500000000000005,693,49,0.04999999999999999,0.5499999999999999,0.29999999999999993,0.09999999999999998
60,b792a7bcba08502c0b7e72bc6eb58f7ce96f146e,2,rag_5,5,5,13,1,1,1,0.6000000000000001,0.5108256237659905,0.21999999999999995,908,49,0.10000000000000002,0.6000000000000001,0.20000000000000004,0.10000000000000002
60,b792a7bcba08502c0b7e72bc6eb58f7ce96f146e,2,rag_10,10,10,13,1,1,1,0.7,0.35667494393873245,0.13500000000000004,1469,49,0.05,0.7,0.2,0.05
60,b792a7bcba08502c0b7e72bc6eb58f7ce96f146e,2,rag_all_support,-1,13,13,1,1,1,0.46,0.7765287894989963,0.44880000000000003,1827,49,0.08,0.46,0.38,0.08
692,1b817a5dd39be69da99aed1476ebd65b8c971f5d,5,query_only,0,0,17,2,2,1,0.92,0.08338160893905101,0.009399999999999993,580,49,0.01,0.05,0.92,0.02
692,1b817a5dd39be69da99aed1476ebd65b8c971f5d,5,rag_1,1,1,17,2,2,1,0.85,0.16251892949777494,0.033800000000000004,778,49,0.02,0.1,0.85,0.03
692,1b817a5dd39be69da99aed1476ebd65b8c971f5d,5,rag_3,3,3,17,2,2,1,0.88,0.12783337150988489,0.02,1126,49,0.02,0.06,0.88,0.04
692,1b817a5dd39be69da99aed1476ebd65b8c971f5d,5,rag_5,5,5,17,2,2,1,0.9,0.10536051565782628,0.013799999999999995,1429,49,0.02,0.03,0.9,0.05
692,1b817a5dd39be69da99aed1476ebd65b8c971f5d,5,rag_10,10,10,17,2,2,1,0.88,0.12783337150988489,0.0206,1949,49,0.01,0.05,0.88,0.06
692,1b817a5dd39be69da99aed1476ebd65b8c971f5d,5,rag_all_support,-1,17,17,2,2,1,0.86,0.15082288973458366,0.030400000000000007,2630,49,0.02,0.1,0.86,0.02
377,cb8ee5b99d626e54da2775f6381658a0ae021499,2,query_only,0,0,8,0,2,0,0.05,2.995732273553991,1.63,508,49,0.05,0.05,0.85,0.05
377,cb8ee5b99d626e54da2775f6381658a0ae021499,2,rag_1,1,1,8,0,2,0,0.05,2.995732273553991,1.63,593,49,0.05,0.05,0.85,0.05
377,cb8ee5b99d626e54da2775f6381658a0ae021499,2,rag_3,3,3,8,0,2,0,0.2,1.6094379124341003,1.0200000000000002,818,49,0.2,0.1,0.6,0.1
377,cb8ee5b99d626e54da2775f6381658a0ae021499,2,rag_5,5,5,8,0,0,1,0.55,0.5978370007556204,0.32999999999999996,1041,49,0.55,0.05,0.35,0.05
377,cb8ee5b99d626e54da2775f6381658a0ae021499,2,rag_10,10,8,8,0,0,1,0.6,0.5108256237659907,0.25500000000000006,1347,49,0.6,0.05,0.3,0.05
377,cb8ee5b99d626e54da2775f6381658a0ae021499,2,rag_all_support,-1,8,8,0,0,1,0.6,0.5108256237659907,0.25500000000000006,1347,49,0.6,0.05,0.3,0.05
67,e9a341fbd3f5ce7cb2d02204a7e80419d7db0692,2,query_only,0,0,15,1,3,0,0.05,2.995732273553991,1.63,451,49,0.05,0.05,0.05,0.85
67,e9a341fbd3f5ce7cb2d02204a7e80419d7db0692,2,rag_1,1,1,15,1,3,0,0.05,2.995732273553991,1.63,554,49,0.05,0.05,0.05,0.85
67,e9a341fbd3f5ce7cb2d02204a7e80419d7db0692,2,rag_3,3,3,15,1,3,0,0.05,2.995732273553991,1.4849999999999999,753,49,0.1,0.05,0.1,0.75
67,e9a341fbd3f5ce7cb2d02204a7e80419d7db0692,2,rag_5,5,5,15,1,1,1,0.7,0.35667494393873245,0.13500000000000004,993,49,0.05,0.7,0.05,0.2
67,e9a341fbd3f5ce7cb2d02204a7e80419d7db0692,2,rag_10,10,10,15,1,1,1,0.6,0.5108256237659907,0.255,1536,49,0.05,0.6,0.05,0.3
67,e9a341fbd3f5ce7cb2d02204a7e80419d7db0692,2,rag_all_support,-1,15,15,1,1,1,0.6,0.5108256237659907,0.255,2294,49,0.05,0.6,0.05,0.3
346,aae2450770900b70c991923796fedb2844934979,5,query_only,0,0,14,2,1,0,0.28,1.2729656758128873,0.7303999999999999,482,49,0.18,0.4,0.28,0.14
346,aae2450770900b70c991923796fedb2844934979,5,rag_1,1,1,14,2,1,0,0.30000000000000004,1.203972804325936,0.685,599,49,0.25000000000000006,0.35000000000000003,0.30000000000000004,0.10000000000000002
346,aae2450770900b70c991923796fedb2844934979,5,rag_3,3,3,14,2,0,0,0.25000000000000006,1.3862943611198904,0.785,803,49,0.35000000000000003,0.30000000000000004,0.25000000000000006,0.10000000000000002
346,aae2450770900b70c991923796fedb2844934979,5,rag_5,5,5,14,2,1,0,0.30000000000000004,1.203972804325936,0.685,1018,49,0.25000000000000006,0.35000000000000003,0.30000000000000004,0.10000000000000002
346,aae2450770900b70c991923796fedb2844934979,5,rag_10,10,10,14,2,1,0,0.35,1.0498221244986778,0.6150000000000001,1535,49,0.15,0.4,0.35,0.1
346,aae2450770900b70c991923796fedb2844934979,5,rag_all_support,-1,14,14,2,1,0,0.35,1.0498221244986778,0.595,1981,49,0.2,0.35,0.35,0.1
644,633e0b1604020b60878a313c14d7df36170fa5f1,5,query_only,0,0,13,0,2,0,0.25,1.3862943611198906,0.785,450,49,0.25,0.2,0.4,0.15
644,633e0b1604020b60878a313c14d7df36170fa5f1,5,rag_1,1,1,13,0,0,1,0.4,0.916290731874155,0.5249999999999999,554,49,0.4,0.2,0.35,0.05
644,633e0b1604020b60878a313c14d7df36170fa5f1,5,rag_3,3,3,13,0,0,1,0.35,1.0498221244986778,0.61,770,49,0.35,0.25,0.35,0.05
644,633e0b1604020b60878a313c14d7df36170fa5f1,5,rag_5,5,5,13,0,0,1,0.4,0.916290731874155,0.5149999999999999,990,49,0.4,0.3,0.25,0.05
644,633e0b1604020b60878a313c14d7df36170fa5f1,5,rag_10,10,10,13,0,0,1,0.6,0.5108256237659907,0.23500000000000004,1593,49,0.6,0.1,0.25,0.05
644,633e0b1604020b60878a313c14d7df36170fa5f1,5,rag_all_support,-1,13,13,0,0,1,0.45,0.7985076962177716,0.45000000000000007,2009,49,0.45,0.15,0.35,0.05
529,09b1c68890589d79268494990e88d56b86e242bb,3,query_only,0,0,14,3,1,0,0.45,0.7985076962177716,0.51,474,49,0.05,0.45,0.05,0.45
529,09b1c68890589d79268494990e88d56b86e242bb,3,rag_1,1,1,14,3,1,0,0.45,0.7985076962177716,0.51,575,49,0.05,0.45,0.05,0.45
529,09b1c68890589d79268494990e88d56b86e242bb,3,rag_3,3,3,14,3,3,1,0.53,0.6348782724359695,0.38380000000000003,801,49,0.05,0.4,0.02,0.53
529,09b1c68890589d79268494990e88d56b86e242bb,3,rag_5,5,5,14,3,3,1,0.48,0.7339691750802004,0.47580000000000006,1041,49,0.05,0.45,0.02,0.48
529,09b1c68890589d79268494990e88d56b86e242bb,3,rag_10,10,10,14,3,1,0,0.4,0.916290731874155,0.615,1512,49,0.05,0.5,0.05,0.4
529,09b1c68890589d79268494990e88d56b86e242bb,3,rag_all_support,-1,14,14,3,1,0,0.47,0.7550225842780328,0.5314000000000001,2008,49,0.02,0.5,0.01,0.47
218,fc2c011f3e359ea72e80246089f159f4b051a9cd,5,query_only,0,0,11,3,0,0,0.25,1.3862943611198906,0.935,517,49,0.6,0.05,0.1,0.25
218,fc2c011f3e359ea72e80246089f159f4b051a9cd,5,rag_1,1,1,11,3,0,0,0.25,1.3862943611198906,0.885,643,49,0.55,0.1,0.1,0.25
218,fc2c011f3e359ea72e80246089f159f4b051a9cd,5,rag_3,3,3,11,3,0,0,0.2,1.6094379124341003,1.02,879,49,0.6,0.1,0.1,0.2
218,fc2c011f3e359ea72e80246089f159f4b051a9cd,5,rag_5,5,5,11,3,3,1,0.5,0.6931471805599453,0.41500000000000004,1122,49,0.05,0.4,0.05,0.5
218,fc2c011f3e359ea72e80246089f159f4b051a9cd,5,rag_10,10,10,11,3,0,0,0.3,1.2039728043259361,0.7,1656,49,0.4,0.2,0.1,0.3
218,fc2c011f3e359ea72e80246089f159f4b051a9cd,5,rag_all_support,-1,11,11,3,0,0,0.3,1.2039728043259361,0.725,1748,49,0.45,0.15,0.1,0.3
213,95fc1e5ef3d942bdb5fe4062f15ba678ee2be988,1,query_only,0,0,11,1,2,0,0.05,2.995732273553991,1.5550000000000002,501,49,0.1,0.05,0.8,0.05
213,95fc1e5ef3d942bdb5fe4062f15ba678ee2be988,1,rag_1,1,1,11,1,2,0,0.38,0.9675840262617056,0.6038,584,49,0.12,0.38,0.45,0.05
213,95fc1e5ef3d942bdb5fe4062f15ba678ee2be988,1,rag_3,3,3,11,1,1,1,0.56,0.579818495252942,0.305,815,49,0.09,0.56,0.32,0.03
213,95fc1e5ef3d942bdb5fe4062f15ba678ee2be988,1,rag_5,5,5,11,1,2,0,0.35,1.0498221244986778,0.65,1017,49,0.15,0.35,0.45,0.05
213,95fc1e5ef3d942bdb5fe4062f15ba678ee2be988,1,rag_10,10,10,11,1,1,1,0.45,0.7985076962177716,0.4750000000000001,1551,49,0.05,0.45,0.4,0.1
213,95fc1e5ef3d942bdb5fe4062f15ba678ee2be988,1,rag_all_support,-1,11,11,1,1,1,0.45,0.7985076962177716,0.44500000000000006,1674,49,0.1,0.45,0.35,0.1
299,9355fc9c3a13b99b3a7b8770098d0f42e0c4c392,1,query_only,0,0,5,1,3,0,0.01,4.605170185988091,1.9022,724,49,0.02,0.01,0.01,0.96
299,9355fc9c3a13b99b3a7b8770098d0f42e0c4c392,1,rag_1,1,1,5,1,3,0,0.0,27.631021115928547,1.9049999999999998,878,49,0.05,0.0,0.0,0.95
299,9355fc9c3a13b99b3a7b8770098d0f42e0c4c392,1,rag_3,3,3,5,1,0,0,0.05,2.995732273553991,1.355,1108,49,0.6,0.05,0.05,0.3
299,9355fc9c3a13b99b3a7b8770098d0f42e0c4c392,1,rag_5,5,5,5,1,0,0,0.2,1.6094379124341003,1.135,1396,49,0.7,0.2,0.05,0.05
299,9355fc9c3a13b99b3a7b8770098d0f42e0c4c392,1,rag_10,10,5,5,1,0,0,0.2,1.6094379124341003,1.135,1396,49,0.7,0.2,0.05,0.05
299,9355fc9c3a13b99b3a7b8770098d0f42e0c4c392,1,rag_all_support,-1,5,5,1,0,0,0.2,1.6094379124341003,1.135,1396,49,0.7,0.2,0.05,0.05
737,47f5303fde52ec2623e54bcf440b3013c9c480d5,0,query_only,0,0,8,0,2,0,0.05,2.995732273553991,1.385,470,49,0.05,0.0,0.6,0.35
737,47f5303fde52ec2623e54bcf440b3013c9c480d5,0,rag_1,1,1,8,0,2,0,0.05,2.995732273553991,1.4549999999999998,661,49,0.05,0.0,0.7,0.25
737,47f5303fde52ec2623e54bcf440b3013c9c480d5,0,rag_3,3,3,8,0,3,0,0.05,2.995732273553991,1.6349999999999998,1071,49,0.05,0.0,0.1,0.85
737,47f5303fde52ec2623e54bcf440b3013c9c480d5,0,rag_5,5,5,8,0,3,0,0.05,2.995732273553991,1.6349999999999998,1268,49,0.05,0.0,0.1,0.85
737,47f5303fde52ec2623e54bcf440b3013c9c480d5,0,rag_10,10,8,8,0,3,0,0.05,2.995732273553991,1.7149999999999999,1575,49,0.05,0.0,0.05,0.9
737,47f5303fde52ec2623e54bcf440b3013c9c480d5,0,rag_all_support,-1,8,8,0,3,0,0.05,2.995732273553991,1.7149999999999999,1575,49,0.05,0.0,0.05,0.9
244,3ac3cbd844b057b8f58548d0dcbe1dd8586a5dc5,2,query_only,0,0,9,0,0,1,0.45,0.7985076962177716,0.45000000000000007,368,49,0.45,0.15,0.35,0.05
244,3ac3cbd844b057b8f58548d0dcbe1dd8586a5dc5,2,rag_1,1,1,9,0,0,1,0.55,0.5978370007556204,0.29,468,49,0.55,0.15,0.25,0.05
244,3ac3cbd844b057b8f58548d0dcbe1dd8586a5dc5,2,rag_3,3,3,9,0,0,1,0.5,0.6931471805599453,0.385,661,49,0.5,0.1,0.35,0.05
244,3ac3cbd844b057b8f58548d0dcbe1dd8586a5dc5,2,rag_5,5,5,9,0,0,1,0.55,0.5978370007556204,0.2958,927,49,0.55,0.2,0.23,0.02
244,3ac3cbd844b057b8f58548d0dcbe1dd8586a5dc5,2,rag_10,10,9,9,0,0,1,0.55,0.5978370007556204,0.30379999999999996,1385,49,0.55,0.15,0.28,0.02
244,3ac3cbd844b057b8f58548d0dcbe1dd8586a5dc5,2,rag_all_support,-1,9,9,0,0,1,0.55,0.5978370007556204,0.30379999999999996,1385,49,0.55,0.15,0.28,0.02
740,dc1ecf5d68b558c019aaada7f9724c2779f8e373,6,query_only,0,0,15,2,2,1,0.3,1.2039728043259361,0.6649999999999999,449,49,0.25,0.15,0.3,0.3
740,dc1ecf5d68b558c019aaada7f9724c2779f8e373,6,rag_1,1,1,15,2,2,1,0.35,1.0498221244986778,0.5850000000000001,543,49,0.3,0.1,0.35,0.25
740,dc1ecf5d68b558c019aaada7f9724c2779f8e373,6,rag_3,3,3,15,2,2,1,0.34,1.0788096613719298,0.5839999999999999,759,49,0.22,0.18,0.34,0.26
740,dc1ecf5d68b558c019aaada7f9724c2779f8e373,6,rag_5,5,5,15,2,0,0,0.3,1.2039728043259361,0.6749999999999999,969,49,0.35,0.15,0.3,0.2
740,dc1ecf5d68b558c019aaada7f9724c2779f8e373,6,rag_10,10,10,15,2,2,1,0.3,1.2039728043259361,0.6549999999999999,1500,49,0.25,0.2,0.3,0.25
740,dc1ecf5d68b558c019aaada7f9724c2779f8e373,6,rag_all_support,-1,15,15,2,1,0,0.28,1.2729656758128873,0.7064,2363,49,0.18,0.34,0.28,0.2
689,e5996de1bc3810a74445e91a813fade1e94bd9f1,2,query_only,0,0,14,1,0,0,0.25,1.3862943611198906,1.055,497,49,0.7,0.25,0.0,0.05
689,e5996de1bc3810a74445e91a813fade1e94bd9f1,2,rag_1,1,1,14,1,1,1,0.85,0.16251892949777494,0.030000000000000013,636,49,0.05,0.85,0.05,0.05
689,e5996de1bc3810a74445e91a813fade1e94bd9f1,2,rag_3,3,3,14,1,1,1,0.78,0.2484613592984996,0.06979999999999999,833,49,0.06,0.78,0.03,0.13
689,e5996de1bc3810a74445e91a813fade1e94bd9f1,2,rag_5,5,5,14,1,1,1,0.8,0.2231435513142097,0.054999999999999986,1044,49,0.1,0.8,0.05,0.05
689,e5996de1bc3810a74445e91a813fade1e94bd9f1,2,rag_10,10,10,14,1,1,1,0.85,0.16251892949777494,0.03180000000000001,1489,49,0.05,0.85,0.02,0.08
689,e5996de1bc3810a74445e91a813fade1e94bd9f1,2,rag_all_support,-1,14,14,1,1,1,0.85,0.16251892949777494,0.030000000000000013,1888,49,0.05,0.85,0.05,0.05
649,a6be46aef2e5649fefd1180833a9610525d8fb15,1,query_only,0,0,15,0,0,1,0.7,0.35667494393873245,0.18000000000000002,507,49,0.7,0.0,0.3,0.0
649,a6be46aef2e5649fefd1180833a9610525d8fb15,1,rag_1,1,1,15,0,0,1,0.6,0.5108256237659907,0.23500000000000004,656,49,0.6,0.1,0.25,0.05
649,a6be46aef2e5649fefd1180833a9610525d8fb15,1,rag_3,3,3,15,0,0,1,0.75,0.2876820724517809,0.0978,932,49,0.75,0.05,0.18,0.02
649,a6be46aef2e5649fefd1180833a9610525d8fb15,1,rag_5,5,5,15,0,0,1,0.7,0.35667494393873245,0.12500000000000003,1160,49,0.7,0.1,0.15,0.05
649,a6be46aef2e5649fefd1180833a9610525d8fb15,1,rag_10,10,10,15,0,0,1,0.7,0.35667494393873245,0.13500000000000004,1706,49,0.7,0.05,0.2,0.05
649,a6be46aef2e5649fefd1180833a9610525d8fb15,1,rag_all_support,-1,15,15,0,0,1,0.75,0.2876820724517809,0.09,2233,49,0.75,0.05,0.15,0.05
76,7e992cf32d26e3bf578caa8dc68b0377e50e5d1f,4,query_only,0,0,17,2,3,0,0.1,2.3025850929940455,1.455,472,49,0.05,0.05,0.1,0.8
76,7e992cf32d26e3bf578caa8dc68b0377e50e5d1f,4,rag_1,1,1,17,2,2,1,0.6,0.5108256237659907,0.22000000000000006,558,49,0.1,0.1,0.6,0.2
76,7e992cf32d26e3bf578caa8dc68b0377e50e5d1f,4,rag_3,3,3,17,2,0,0,0.25,1.3862943611198906,0.845,765,49,0.5,0.1,0.25,0.15
76,7e992cf32d26e3bf578caa8dc68b0377e50e5d1f,4,rag_5,5,5,17,2,0,0,0.25,1.3862943611198906,0.8150000000000001,979,49,0.45,0.1,0.25,0.2
76,7e992cf32d26e3bf578caa8dc68b0377e50e5d1f,4,rag_10,10,10,17,2,2,1,0.6,0.5108256237659907,0.22780000000000003,1657,49,0.07,0.1,0.6,0.23
76,7e992cf32d26e3bf578caa8dc68b0377e50e5d1f,4,rag_all_support,-1,17,17,2,2,1,0.55,0.5978370007556204,0.32999999999999996,2622,49,0.05,0.05,0.55,0.35
767,a8d2d9e006e3d65359af06482781cb7de9c0113b,2,query_only,0,0,7,0,3,0,0.22,1.5141277326297755,0.8528,462,49,0.22,0.3,0.1,0.38
767,a8d2d9e006e3d65359af06482781cb7de9c0113b,2,rag_1,1,1,7,0,0,1,0.36,1.0216512475319814,0.5728000000000001,546,49,0.36,0.28,0.08,0.28
767,a8d2d9e006e3d65359af06482781cb7de9c0113b,2,rag_3,3,3,7,0,0,1,0.5,0.6931471805599453,0.365,751,49,0.5,0.3,0.05,0.15
767,a8d2d9e006e3d65359af06482781cb7de9c0113b,2,rag_5,5,5,7,0,0,1,0.5,0.6931471805599453,0.355,977,49,0.5,0.25,0.05,0.2
767,a8d2d9e006e3d65359af06482781cb7de9c0113b,2,rag_10,10,7,7,0,1,0,0.25,1.3862943611198906,0.815,1225,49,0.25,0.4,0.05,0.3
767,a8d2d9e006e3d65359af06482781cb7de9c0113b,2,rag_all_support,-1,7,7,0,1,0,0.25,1.3862943611198906,0.815,1225,49,0.25,0.4,0.05,0.3
439,c6d6dc18e19aa5d7dcc32d1611a8c32b59b07833,2,query_only,0,0,19,0,2,0,0.1,2.3025850929940455,1.1750000000000003,408,49,0.1,0.05,0.45,0.4
439,c6d6dc18e19aa5d7dcc32d1611a8c32b59b07833,2,rag_1,1,1,19,0,1,0,0.18,1.7147984280919266,0.9008,501,49,0.18,0.3,0.22,0.3
439,c6d6dc18e19aa5d7dcc32d1611a8c32b59b07833,2,rag_3,3,3,19,0,3,0,0.1,2.3025850929940455,1.185,729,49,0.1,0.05,0.35,0.5
439,c6d6dc18e19aa5d7dcc32d1611a8c32b59b07833,2,rag_5,5,5,19,0,2,0,0.2,1.6094379124341003,0.895,918,49,0.2,0.1,0.35,0.35
439,c6d6dc18e19aa5d7dcc32d1611a8c32b59b07833,2,rag_10,10,10,19,0,3,0,0.2,1.6094379124341003,0.9000000000000001,1476,49,0.2,0.1,0.3,0.4
439,c6d6dc18e19aa5d7dcc32d1611a8c32b59b07833,2,rag_all_support,-1,19,19,0,2,0,0.15,1.8971199848858813,0.9649999999999999,2881,49,0.15,0.25,0.3,0.3
584,4db6d1b4998fd007b6104d256dbc65a013ee5a5b,0,query_only,0,0,11,2,3,0,0.15,1.8971199848858813,0.9699999999999999,396,49,0.25,0.25,0.15,0.35
584,4db6d1b4998fd007b6104d256dbc65a013ee5a5b,0,rag_1,1,1,11,2,2,1,0.5,0.6931471805599453,0.3416,491,49,0.12,0.14,0.5,0.24
584,4db6d1b4998fd007b6104d256dbc65a013ee5a5b,0,rag_3,3,3,11,2,2,1,0.4,0.916290731874155,0.485,711,49,0.2,0.15,0.4,0.25
584,4db6d1b4998fd007b6104d256dbc65a013ee5a5b,0,rag_5,5,5,11,2,2,1,0.45,0.7985076962177716,0.42500000000000004,912,49,0.1,0.15,0.45,0.3
584,4db6d1b4998fd007b6104d256dbc65a013ee5a5b,0,rag_10,10,10,11,2,2,1,0.5,0.6931471805599453,0.3398,1371,49,0.12,0.15,0.5,0.23
584,4db6d1b4998fd007b6104d256dbc65a013ee5a5b,0,rag_all_support,-1,11,11,2,2,1,0.5,0.6931471805599453,0.385,1514,49,0.05,0.1,0.5,0.35
261,9a708ad2abe8bf839f398a6f38c3b07c53cc5012,2,query_only,0,0,8,1,0,0,0.05,2.995732273553991,1.63,648,49,0.85,0.05,0.05,0.05
261,9a708ad2abe8bf839f398a6f38c3b07c53cc5012,2,rag_1,1,1,8,1,1,1,0.9,0.10536051565782628,0.013799999999999995,812,49,0.05,0.9,0.02,0.03
261,9a708ad2abe8bf839f398a6f38c3b07c53cc5012,2,rag_3,3,3,8,1,1,1,0.8,0.2231435513142097,0.054999999999999986,1205,49,0.1,0.8,0.05,0.05
261,9a708ad2abe8bf839f398a6f38c3b07c53cc5012,2,rag_5,5,5,8,1,1,1,0.85,0.16251892949777494,0.030000000000000013,1858,49,0.05,0.85,0.05,0.05
261,9a708ad2abe8bf839f398a6f38c3b07c53cc5012,2,rag_10,10,8,8,1,1,1,0.9,0.10536051565782628,0.014999999999999996,2406,49,0.05,0.9,0.0,0.05
261,9a708ad2abe8bf839f398a6f38c3b07c53cc5012,2,rag_all_support,-1,8,8,1,1,1,0.9,0.10536051565782628,0.014999999999999996,2406,49,0.05,0.9,0.0,0.05
595,f242d0e0f8242e2eef22114b88d8fab2c589e3bd,6,query_only,0,0,17,2,0,0,0.08000000000000002,2.525728644308255,1.4234,514,49,0.7500000000000001,0.08000000000000002,0.08000000000000002,0.09000000000000001
595,f242d0e0f8242e2eef22114b88d8fab2c589e3bd,6,rag_1,1,1,17,2,0,0,0.10000000000000002,2.3025850929940455,1.32,690,49,0.7000000000000001,0.10000000000000002,0.10000000000000002,0.10000000000000002
595,f242d0e0f8242e2eef22114b88d8fab2c589e3bd,6,rag_3,3,3,17,2,0,0,0.15,1.8971199848858813,1.1149999999999998,900,49,0.6,0.1,0.15,0.15
595,f242d0e0f8242e2eef22114b88d8fab2c589e3bd,6,rag_5,5,5,17,2,1,0,0.3,1.2039728043259361,0.6799999999999999,1184,49,0.1,0.3,0.3,0.3
595,f242d0e0f8242e2eef22114b88d8fab2c589e3bd,6,rag_10,10,10,17,2,2,1,0.6,0.5108256237659907,0.22000000000000006,1716,49,0.1,0.2,0.6,0.1
595,f242d0e0f8242e2eef22114b88d8fab2c589e3bd,6,rag_all_support,-1,17,17,2,0,0,0.10000000000000002,2.3025850929940455,1.32,2613,49,0.7000000000000001,0.10000000000000002,0.10000000000000002,0.10000000000000002
899,16283e0737a07d0a31b3e6cc8e1222c6d02de9d0,2,query_only,0,0,17,2,1,0,0.07000000000000002,2.659260036932778,1.4438000000000002,499,49,0.10000000000000002,0.7500000000000001,0.07000000000000002,0.08000000000000002
899,16283e0737a07d0a31b3e6cc8e1222c6d02de9d0,2,rag_1,1,1,17,2,1,0,0.12,2.120263536200091,1.2877999999999998,627,49,0.15,0.7,0.12,0.03
899,16283e0737a07d0a31b3e6cc8e1222c6d02de9d0,2,rag_3,3,3,17,2,1,0,0.2,1.6094379124341003,0.9850000000000001,851,49,0.2,0.55,0.2,0.05
899,16283e0737a07d0a31b3e6cc8e1222c6d02de9d0,2,rag_5,5,5,17,2,1,0,0.2,1.6094379124341003,0.9850000000000001,1053,49,0.2,0.55,0.2,0.05
899,16283e0737a07d0a31b3e6cc8e1222c6d02de9d0,2,rag_10,10,10,17,2,1,0,0.28,1.2729656758128873,0.8024,1683,49,0.18,0.5,0.28,0.04
899,16283e0737a07d0a31b3e6cc8e1222c6d02de9d0,2,rag_all_support,-1,17,17,2,1,0,0.24,1.4271163556401458,0.9536,2557,49,0.12,0.6,0.24,0.04
382,5fefaa04061dde7cb0dbbb49b9c5ae265d73ea61,5,query_only,0,0,12,3,1,0,0.1,2.3025850929940455,1.385,476,49,0.05,0.75,0.1,0.1
382,5fefaa04061dde7cb0dbbb49b9c5ae265d73ea61,5,rag_1,1,1,12,3,1,0,0.05,2.995732273553991,1.335,604,49,0.1,0.6,0.25,0.05
382,5fefaa04061dde7cb0dbbb49b9c5ae265d73ea61,5,rag_3,3,3,12,3,1,0,0.10000000000000002,2.3025850929940455,1.1150000000000002,808,49,0.25000000000000006,0.45000000000000007,0.20000000000000004,0.10000000000000002
382,5fefaa04061dde7cb0dbbb49b9c5ae265d73ea61,5,rag_5,5,5,12,3,1,0,0.09999999999999998,2.302585092994046,1.1749999999999998,1005,49,0.14999999999999997,0.5499999999999999,0.19999999999999996,0.09999999999999998
382,5fefaa04061dde7cb0dbbb49b9c5ae265d73ea61,5,rag_10,10,10,12,3,1,0,0.1,2.3025850929940455,1.385,1630,49,0.05,0.75,0.1,0.1
382,5fefaa04061dde7cb0dbbb49b9c5ae265d73ea61,5,rag_all_support,-1,12,12,3,1,0,0.08,2.5257286443082556,1.2258,1924,49,0.12,0.55,0.25,0.08
363,9631230f119fd4ffd426d1fc008f4e392b95b5f8,1,query_only,0,0,9,2,0,0,0.1,2.3025850929940455,1.325,440,49,0.7,0.05,0.1,0.15
363,9631230f119fd4ffd426d1fc008f4e392b95b5f8,1,rag_1,1,1,9,2,0,0,0.1,2.3025850929940455,1.325,532,49,0.7,0.05,0.1,0.15
363,9631230f119fd4ffd426d1fc008f4e392b95b5f8,1,rag_3,3,3,9,2,0,0,0.2,1.6094379124341003,1.135,746,49,0.7,0.05,0.2,0.05
363,9631230f119fd4ffd426d1fc008f4e392b95b5f8,1,rag_5,5,5,9,2,0,0,0.2,1.6094379124341003,1.135,944,49,0.7,0.05,0.2,0.05
363,9631230f119fd4ffd426d1fc008f4e392b95b5f8,1,rag_10,10,9,9,2,0,0,0.25,1.3862943611198906,0.9349999999999999,1596,49,0.6,0.1,0.25,0.05
363,9631230f119fd4ffd426d1fc008f4e392b95b5f8,1,rag_all_support,-1,9,9,2,0,0,0.25,1.3862943611198906,0.9349999999999999,1596,49,0.6,0.1,0.25,0.05
527,88b331452c92cede891474574b4645dcfb8fac13,0,query_only,0,0,11,2,0,0,0.15,1.8971199848858813,1.115,488,49,0.6,0.15,0.15,0.1
527,88b331452c92cede891474574b4645dcfb8fac13,0,rag_1,1,1,11,2,0,0,0.25,1.3862943611198906,0.885,581,49,0.55,0.1,0.25,0.1
527,88b331452c92cede891474574b4645dcfb8fac13,0,rag_3,3,3,11,2,2,1,0.5,0.6931471805599453,0.36,792,49,0.1,0.1,0.5,0.3
527,88b331452c92cede891474574b4645dcfb8fac13,0,rag_5,5,5,11,2,2,1,0.6,0.5108256237659907,0.22000000000000006,1047,49,0.1,0.1,0.6,0.2
527,88b331452c92cede891474574b4645dcfb8fac13,0,rag_10,10,10,11,2,2,1,0.6,0.5108256237659907,0.23500000000000004,1620,49,0.1,0.05,0.6,0.25
527,88b331452c92cede891474574b4645dcfb8fac13,0,rag_all_support,-1,11,11,2,2,1,0.65,0.4307829160924542,0.16499999999999998,1719,49,0.1,0.1,0.65,0.15
867,407e45db18b47fe60dc5f60c32d9f10f67c97443,5,query_only,0,0,14,0,0,1,0.45,0.7985076962177716,0.51,550,49,0.45,0.45,0.05,0.05
867,407e45db18b47fe60dc5f60c32d9f10f67c97443,5,rag_1,1,1,14,0,0,1,0.6,0.5108256237659907,0.255,648,49,0.6,0.3,0.05,0.05
867,407e45db18b47fe60dc5f60c32d9f10f67c97443,5,rag_3,3,3,14,0,0,1,0.55,0.5978370007556204,0.29,855,49,0.55,0.25,0.05,0.15
867,407e45db18b47fe60dc5f60c32d9f10f67c97443,5,rag_5,5,5,14,0,0,1,0.6,0.5108256237659907,0.22500000000000003,1093,49,0.6,0.2,0.05,0.15
867,407e45db18b47fe60dc5f60c32d9f10f67c97443,5,rag_10,10,10,14,0,0,1,0.55,0.5978370007556204,0.29,1644,49,0.55,0.25,0.05,0.15
867,407e45db18b47fe60dc5f60c32d9f10f67c97443,5,rag_all_support,-1,14,14,0,0,1,0.6,0.5108256237659907,0.23500000000000004,2261,49,0.6,0.25,0.05,0.1
332,2d1af8a9160a0d7eb22a7fab7937c5299f97d7fa,1,query_only,0,0,4,1,3,0,0.05,2.995732273553991,1.29,634,49,0.25,0.05,0.15,0.55
332,2d1af8a9160a0d7eb22a7fab7937c5299f97d7fa,1,rag_1,1,1,4,1,1,1,0.4,0.916290731874155,0.49500000000000005,794,49,0.15,0.4,0.3,0.15
332,2d1af8a9160a0d7eb22a7fab7937c5299f97d7fa,1,rag_3,3,3,4,1,2,0,0.1,2.3025850929940455,1.1000000000000003,1118,49,0.2,0.1,0.4,0.3
332,2d1af8a9160a0d7eb22a7fab7937c5299f97d7fa,1,rag_5,5,4,4,1,0,0,0.1,2.3025850929940455,1.085,1302,49,0.35,0.1,0.3,0.25
332,2d1af8a9160a0d7eb22a7fab7937c5299f97d7fa,1,rag_10,10,4,4,1,0,0,0.1,2.3025850929940455,1.085,1302,49,0.35,0.1,0.3,0.25
332,2d1af8a9160a0d7eb22a7fab7937c5299f97d7fa,1,rag_all_support,-1,4,4,1,0,0,0.1,2.3025850929940455,1.085,1302,49,0.35,0.1,0.3,0.25
901,5ab2a458bf8970068a2677ea9608c8ccaebd57b3,0,query_only,0,0,15,3,1,0,0.15000000000000002,1.897119984885881,1.1198000000000001,478,49,0.07000000000000002,0.6000000000000001,0.18000000000000002,0.15000000000000002
901,5ab2a458bf8970068a2677ea9608c8ccaebd57b3,0,rag_1,1,1,15,3,1,0,0.25,1.3862943611198906,0.845,580,49,0.1,0.5,0.15,0.25
901,5ab2a458bf8970068a2677ea9608c8ccaebd57b3,0,rag_3,3,3,15,3,1,0,0.2,1.6094379124341003,0.9750000000000002,794,49,0.1,0.55,0.15,0.2
901,5ab2a458bf8970068a2677ea9608c8ccaebd57b3,0,rag_5,5,5,15,3,1,0,0.2,1.6094379124341003,0.8808000000000001,988,49,0.18,0.4,0.22,0.2
901,5ab2a458bf8970068a2677ea9608c8ccaebd57b3,0,rag_10,10,10,15,3,1,0,0.15,1.8971199848858813,1.075,1643,49,0.1,0.55,0.2,0.15
901,5ab2a458bf8970068a2677ea9608c8ccaebd57b3,0,rag_all_support,-1,15,15,3,1,0,0.16000000000000003,1.83258146374831,1.1016,2282,49,0.060000000000000005,0.6000000000000001,0.18000000000000002,0.16000000000000003
936,611fa2b5f2997228d37edb52ee4344e85f3d280e,2,query_only,0,0,19,3,0,0,0.10000000000000002,2.3025850929940455,1.1250000000000002,441,49,0.45000000000000007,0.15000000000000002,0.30000000000000004,0.10000000000000002
936,611fa2b5f2997228d37edb52ee4344e85f3d280e,2,rag_1,1,1,19,3,0,0,0.09999999999999998,2.302585092994046,1.1749999999999998,528,49,0.5499999999999999,0.14999999999999997,0.19999999999999996,0.09999999999999998
936,611fa2b5f2997228d37edb52ee4344e85f3d280e,2,rag_3,3,3,19,3,0,0,0.05,2.995732273553991,1.3050000000000002,834,49,0.55,0.1,0.3,0.05
936,611fa2b5f2997228d37edb52ee4344e85f3d280e,2,rag_5,5,5,19,3,1,0,0.09999999999999998,2.302585092994046,1.1749999999999998,1004,49,0.14999999999999997,0.5499999999999999,0.19999999999999996,0.09999999999999998
936,611fa2b5f2997228d37edb52ee4344e85f3d280e,2,rag_10,10,10,19,3,1,0,0.08000000000000002,2.525728644308255,1.3607999999999998,1616,49,0.12000000000000001,0.7000000000000001,0.10000000000000002,0.08000000000000002
936,611fa2b5f2997228d37edb52ee4344e85f3d280e,2,rag_all_support,-1,19,19,3,1,0,0.05,2.995732273553991,1.63,2730,49,0.05,0.85,0.05,0.05
570,7fb4f9bd178373f9f9dc42981f7f5ff014a63dc0,1,query_only,0,0,9,2,2,1,0.45,0.7985076962177716,0.4738000000000001,469,49,0.08,0.4,0.45,0.07
570,7fb4f9bd178373f9f9dc42981f7f5ff014a63dc0,1,rag_1,1,1,9,2,2,1,0.5,0.6931471805599453,0.38499999999999995,570,49,0.1,0.35,0.5,0.05
570,7fb4f9bd178373f9f9dc42981f7f5ff014a63dc0,1,rag_3,3,3,9,2,2,1,0.5,0.6931471805599453,0.41500000000000004,737,49,0.05,0.4,0.5,0.05
570,7fb4f9bd178373f9f9dc42981f7f5ff014a63dc0,1,rag_5,5,5,9,2,2,1,0.55,0.5978370007556204,0.29,944,49,0.15,0.25,0.55,0.05
570,7fb4f9bd178373f9f9dc42981f7f5ff014a63dc0,1,rag_10,10,9,9,2,2,1,0.5,0.6931471805599453,0.365,1412,49,0.15,0.3,0.5,0.05
570,7fb4f9bd178373f9f9dc42981f7f5ff014a63dc0,1,rag_all_support,-1,9,9,2,2,1,0.5,0.6931471805599453,0.365,1412,49,0.15,0.3,0.5,0.05
985,ec9a9e9db0a27e021516a6b32b58bc4312ba254e,3,query_only,0,0,11,0,3,0,0.2,1.6094379124341003,1.0750000000000002,455,49,0.2,0.05,0.1,0.65
985,ec9a9e9db0a27e021516a6b32b58bc4312ba254e,3,rag_1,1,1,11,0,3,0,0.2,1.6094379124341003,0.9750000000000001,577,49,0.2,0.1,0.15,0.55
985,ec9a9e9db0a27e021516a6b32b58bc4312ba254e,3,rag_3,3,3,11,0,3,0,0.15,1.8971199848858813,1.165,805,49,0.15,0.1,0.1,0.65
985,ec9a9e9db0a27e021516a6b32b58bc4312ba254e,3,rag_5,5,5,11,0,3,0,0.25,1.3862943611198906,0.8899999999999999,1147,49,0.25,0.05,0.15,0.55
985,ec9a9e9db0a27e021516a6b32b58bc4312ba254e,3,rag_10,10,10,11,0,3,0,0.15,1.8971199848858813,1.165,1756,49,0.15,0.1,0.1,0.65
985,ec9a9e9db0a27e021516a6b32b58bc4312ba254e,3,rag_all_support,-1,11,11,0,3,0,0.25,1.3862943611198906,0.885,1844,49,0.25,0.1,0.1,0.55
30,43b4532eef1f185ec65202174bb75c381f7fa550,5,query_only,0,0,13,3,2,0,0.05,2.995732273553991,1.63,601,49,0.05,0.05,0.85,0.05
30,43b4532eef1f185ec65202174bb75c381f7fa550,5,rag_1,1,1,13,3,2,0,0.05,2.995732273553991,1.7138,696,49,0.03,0.02,0.9,0.05
30,43b4532eef1f185ec65202174bb75c381f7fa550,5,rag_3,3,3,13,3,0,0,0.15,1.8971199848858813,1.145,916,49,0.6,0.0,0.25,0.15
30,43b4532eef1f185ec65202174bb75c381f7fa550,5,rag_5,5,5,13,3,2,0,0.10000000000000002,2.3025850929940455,1.2350000000000003,1139,49,0.25000000000000006,0.05000000000000001,0.6000000000000001,0.10000000000000002
30,43b4532eef1f185ec65202174bb75c381f7fa550,5,rag_10,10,10,13,3,0,0,0.05,2.995732273553991,1.355,1714,49,0.6,0.05,0.3,0.05
30,43b4532eef1f185ec65202174bb75c381f7fa550,5,rag_all_support,-1,13,13,3,0,0,0.07,2.659260036932778,1.3508,2043,49,0.65,0.03,0.25,0.07
549,bf4a75c7f8fd75611320b36a869c0f04da60b5a6,6,query_only,0,0,16,3,0,0,0.2,1.6094379124341003,0.8800000000000001,437,49,0.4,0.2,0.2,0.2
549,bf4a75c7f8fd75611320b36a869c0f04da60b5a6,6,rag_1,1,1,16,3,0,0,0.2,1.6094379124341003,0.9050000000000001,522,49,0.45,0.15,0.2,0.2
549,bf4a75c7f8fd75611320b36a869c0f04da60b5a6,6,rag_3,3,3,16,3,3,1,0.4,0.916290731874155,0.5149999999999999,722,49,0.35,0.1,0.15,0.4
549,bf4a75c7f8fd75611320b36a869c0f04da60b5a6,6,rag_5,5,5,16,3,0,0,0.3,1.2039728043259361,0.695,935,49,0.4,0.15,0.15,0.3
549,bf4a75c7f8fd75611320b36a869c0f04da60b5a6,6,rag_10,10,10,16,3,0,0,0.3,1.2039728043259361,0.7,1671,49,0.4,0.1,0.2,0.3
549,bf4a75c7f8fd75611320b36a869c0f04da60b5a6,6,rag_all_support,-1,16,16,3,3,1,0.45,0.7985076962177716,0.41500000000000004,2317,49,0.25,0.1,0.2,0.45
136,e4871c8d79c1aaf0a85b7b85d4a49361ef4342ee,3,query_only,0,0,11,0,3,0,0.1,2.3025850929940455,1.185,476,49,0.1,0.25,0.1,0.55
136,e4871c8d79c1aaf0a85b7b85d4a49361ef4342ee,3,rag_1,1,1,11,0,0,1,0.55,0.5978370007556204,0.285,596,49,0.55,0.2,0.05,0.2
136,e4871c8d79c1aaf0a85b7b85d4a49361ef4342ee,3,rag_3,3,3,11,0,0,1,0.6,0.5108256237659907,0.22500000000000003,804,49,0.6,0.15,0.05,0.2
136,e4871c8d79c1aaf0a85b7b85d4a49361ef4342ee,3,rag_5,5,5,11,0,0,1,0.7,0.35667494393873245,0.12500000000000003,1009,49,0.7,0.1,0.05,0.15
136,e4871c8d79c1aaf0a85b7b85d4a49361ef4342ee,3,rag_10,10,10,11,0,0,1,0.5499999999999999,0.5978370007556205,0.275,1499,49,0.5499999999999999,0.14999999999999997,0.19999999999999996,0.09999999999999998
136,e4871c8d79c1aaf0a85b7b85d4a49361ef4342ee,3,rag_all_support,-1,11,11,0,0,1,0.5499999999999999,0.5978370007556205,0.275,1628,49,0.5499999999999999,0.14999999999999997,0.19999999999999996,0.09999999999999998
370,d29409b9b094ba8c79d356ef9fd46908416d22f9,3,query_only,0,0,8,0,2,0,0.05,2.995732273553991,1.63,442,49,0.05,0.05,0.85,0.05
370,d29409b9b094ba8c79d356ef9fd46908416d22f9,3,rag_1,1,1,8,0,2,0,0.05,2.995732273553991,1.63,568,49,0.05,0.05,0.85,0.05
370,d29409b9b094ba8c79d356ef9fd46908416d22f9,3,rag_3,3,3,8,0,0,1,0.6,0.5108256237659907,0.25500000000000006,768,49,0.6,0.05,0.3,0.05
370,d29409b9b094ba8c79d356ef9fd46908416d22f9,3,rag_5,5,5,8,0,2,0,0.05,2.995732273553991,1.63,964,49,0.05,0.05,0.85,0.05
370,d29409b9b094ba8c79d356ef9fd46908416d22f9,3,rag_10,10,8,8,0,2,0,0.2,1.6094379124341003,1.0750000000000002,1346,49,0.2,0.05,0.65,0.1
370,d29409b9b094ba8c79d356ef9fd46908416d22f9,3,rag_all_support,-1,8,8,0,2,0,0.2,1.6094379124341003,1.0750000000000002,1346,49,0.2,0.05,0.65,0.1
289,3705502e15e5be893f10cf10d279d71236840843,2,query_only,0,0,9,0,2,0,0.05,2.995732273553991,1.63,570,49,0.05,0.05,0.85,0.05
289,3705502e15e5be893f10cf10d279d71236840843,2,rag_1,1,1,9,0,2,0,0.05,2.995732273553991,1.5550000000000002,752,49,0.05,0.1,0.8,0.05
289,3705502e15e5be893f10cf10d279d71236840843,2,rag_3,3,3,9,0,3,0,0.1,2.3025850929940455,1.2650000000000001,1122,49,0.1,0.1,0.15,0.65
289,3705502e15e5be893f10cf10d279d71236840843,2,rag_5,5,5,9,0,3,0,0.05,2.995732273553991,1.4349999999999998,1480,49,0.05,0.05,0.2,0.7
289,3705502e15e5be893f10cf10d279d71236840843,2,rag_10,10,9,9,0,2,0,0.1,2.3025850929940455,1.385,2211,49,0.1,0.1,0.75,0.05
289,3705502e15e5be893f10cf10d279d71236840843,2,rag_all_support,-1,9,9,0,2,0,0.1,2.3025850929940455,1.385,2211,49,0.1,0.1,0.75,0.05
986,fb652ba26f02494415244b23e007806210e0b9fe,2,query_only,0,0,9,1,0,0,0.15,1.8971199848858813,1.17,438,49,0.65,0.15,0.05,0.15
986,fb652ba26f02494415244b23e007806210e0b9fe,2,rag_1,1,1,9,1,1,1,0.55,0.5978370007556204,0.2899999999999999,523,49,0.15,0.55,0.05,0.25
986,fb652ba26f02494415244b23e007806210e0b9fe,2,rag_3,3,3,9,1,1,1,0.65,0.4307829160924542,0.175,719,49,0.1,0.65,0.05,0.2
986,fb652ba26f02494415244b23e007806210e0b9fe,2,rag_5,5,5,9,1,0,0,0.29999999999999993,1.2039728043259361,0.8049999999999999,961,49,0.5499999999999999,0.29999999999999993,0.04999999999999999,0.09999999999999998
986,fb652ba26f02494415244b23e007806210e0b9fe,2,rag_10,10,9,9,1,1,1,0.55,0.5978370007556204,0.30499999999999994,1555,49,0.1,0.55,0.05,0.3
986,fb652ba26f02494415244b23e007806210e0b9fe,2,rag_all_support,-1,9,9,1,1,1,0.55,0.5978370007556204,0.30499999999999994,1555,49,0.1,0.55,0.05,0.3
184,30fb2ed1815cec5c2ed1d5db639cb1312150c74f,1,query_only,0,0,14,0,2,0,0.12000000000000001,2.120263536200091,1.2808,494,49,0.12000000000000001,0.08000000000000002,0.7000000000000001,0.10000000000000002
184,30fb2ed1815cec5c2ed1d5db639cb1312150c74f,1,rag_1,1,1,14,0,0,1,0.55,0.5978370007556204,0.305,595,49,0.55,0.1,0.3,0.05
184,30fb2ed1815cec5c2ed1d5db639cb1312150c74f,1,rag_3,3,3,14,0,2,0,0.35,1.0498221244986778,0.73,815,49,0.35,0.05,0.55,0.05
184,30fb2ed1815cec5c2ed1d5db639cb1312150c74f,1,rag_5,5,5,14,0,2,0,0.25,1.3862943611198906,0.885,1034,49,0.25,0.1,0.55,0.1
184,30fb2ed1815cec5c2ed1d5db639cb1312150c74f,1,rag_10,10,10,14,0,2,0,0.25,1.3862943611198906,0.885,1600,49,0.25,0.1,0.55,0.1
184,30fb2ed1815cec5c2ed1d5db639cb1312150c74f,1,rag_all_support,-1,14,14,0,2,0,0.25,1.3862943611198906,0.885,2192,49,0.25,0.1,0.55,0.1
810,e3d208029116f7f4024cf97ca51208f6b77db0c6,2,query_only,0,0,10,2,2,1,0.82,0.19845093872383832,0.04380000000000002,516,49,0.05,0.08,0.82,0.05
810,e3d208029116f7f4024cf97ca51208f6b77db0c6,2,rag_1,1,1,10,2,2,1,0.8,0.2231435513142097,0.054999999999999986,651,49,0.05,0.1,0.8,0.05
810,e3d208029116f7f4024cf97ca51208f6b77db0c6,2,rag_3,3,3,10,2,2,1,0.8,0.2231435513142097,0.054999999999999986,1010,49,0.05,0.1,0.8,0.05
810,e3d208029116f7f4024cf97ca51208f6b77db0c6,2,rag_5,5,5,10,2,2,1,0.8,0.2231435513142097,0.054999999999999986,1235,49,0.05,0.1,0.8,0.05
810,e3d208029116f7f4024cf97ca51208f6b77db0c6,2,rag_10,10,10,10,2,2,1,0.9,0.10536051565782628,0.014999999999999996,1782,49,0.05,0.0,0.9,0.05
810,e3d208029116f7f4024cf97ca51208f6b77db0c6,2,rag_all_support,-1,10,10,2,2,1,0.9,0.10536051565782628,0.014999999999999996,1782,49,0.05,0.0,0.9,0.05
10,3d3c5f8c730ea8b347173bb1b14f1446c754b152,3,query_only,0,0,13,3,2,0,0.15,1.8971199848858813,1.29,433,49,0.05,0.05,0.75,0.15
10,3d3c5f8c730ea8b347173bb1b14f1446c754b152,3,rag_1,1,1,13,3,3,1,0.53,0.6348782724359695,0.30779999999999996,518,49,0.12,0.1,0.25,0.53
10,3d3c5f8c730ea8b347173bb1b14f1446c754b152,3,rag_3,3,3,13,3,2,0,0.14,1.9661128563728327,1.0424,708,49,0.18,0.2,0.48,0.14
10,3d3c5f8c730ea8b347173bb1b14f1446c754b152,3,rag_5,5,5,13,3,2,0,0.2,1.6094379124341003,0.9368000000000001,926,49,0.12,0.18,0.5,0.2
10,3d3c5f8c730ea8b347173bb1b14f1446c754b152,3,rag_10,10,10,13,3,2,0,0.1,2.3025850929940455,1.1150000000000002,1552,49,0.25,0.2,0.45,0.1
10,3d3c5f8c730ea8b347173bb1b14f1446c754b152,3,rag_all_support,-1,13,13,3,1,0,0.14000000000000004,1.9661128563728325,1.0664,2097,49,0.08000000000000002,0.48000000000000004,0.30000000000000004,0.14000000000000004
54,a876379051b672f0c76c0d9879369351be17a5e5,2,query_only,0,0,11,1,1,1,0.4,0.916290731874155,0.5,454,49,0.1,0.4,0.3,0.2
54,a876379051b672f0c76c0d9879369351be17a5e5,2,rag_1,1,1,11,1,1,1,0.45000000000000007,0.7985076962177715,0.425,571,49,0.15000000000000002,0.45000000000000007,0.30000000000000004,0.10000000000000002
54,a876379051b672f0c76c0d9879369351be17a5e5,2,rag_3,3,3,11,1,1,1,0.45,0.7985076962177716,0.44500000000000006,747,49,0.1,0.45,0.35,0.1
54,a876379051b672f0c76c0d9879369351be17a5e5,2,rag_5,5,5,11,1,1,1,0.4,0.916290731874155,0.515,999,49,0.1,0.4,0.35,0.15
54,a876379051b672f0c76c0d9879369351be17a5e5,2,rag_10,10,10,11,1,1,1,0.45,0.7985076962177716,0.4750000000000001,1639,49,0.1,0.45,0.4,0.05
54,a876379051b672f0c76c0d9879369351be17a5e5,2,rag_all_support,-1,11,11,1,1,1,0.45,0.7985076962177716,0.4458000000000001,1786,49,0.08,0.45,0.35,0.12
235,ef8010d270a3ecbfd7d79ad51de1747bd293c37c,1,query_only,0,0,14,2,1,0,0.1,2.3025850929940455,1.2349999999999999,504,49,0.25,0.6,0.1,0.05
235,ef8010d270a3ecbfd7d79ad51de1747bd293c37c,1,rag_1,1,1,14,2,1,0,0.1,2.3025850929940455,1.325,627,49,0.15,0.7,0.1,0.05
235,ef8010d270a3ecbfd7d79ad51de1747bd293c37c,1,rag_3,3,3,14,2,1,0,0.1,2.3025850929940455,1.385,839,49,0.1,0.75,0.1,0.05
235,ef8010d270a3ecbfd7d79ad51de1747bd293c37c,1,rag_5,5,5,14,2,1,0,0.05,2.995732273553991,1.63,1099,49,0.05,0.85,0.05,0.05
235,ef8010d270a3ecbfd7d79ad51de1747bd293c37c,1,rag_10,10,10,14,2,2,1,0.4,0.916290731874155,0.495,1643,49,0.1,0.25,0.4,0.25
235,ef8010d270a3ecbfd7d79ad51de1747bd293c37c,1,rag_all_support,-1,14,14,2,1,0,0.25,1.3862943611198906,0.8858,2070,49,0.12,0.55,0.25,0.08
974,d217d8cefcf6e639498767d55c46fd6b9402d802,3,query_only,0,0,8,1,3,0,0.28,1.2729656758128873,0.7177999999999999,388,49,0.12,0.28,0.25,0.35
974,d217d8cefcf6e639498767d55c46fd6b9402d802,3,rag_1,1,1,8,1,1,1,0.45,0.7985076962177716,0.4250000000000001,481,49,0.1,0.45,0.3,0.15
974,d217d8cefcf6e639498767d55c46fd6b9402d802,3,rag_3,3,3,8,1,1,1,0.5000000000000001,0.6931471805599451,0.35999999999999993,706,49,0.10000000000000002,0.5000000000000001,0.30000000000000004,0.10000000000000002
974,d217d8cefcf6e639498767d55c46fd6b9402d802,3,rag_5,5,5,8,1,1,1,0.45000000000000007,0.7985076962177715,0.425,899,49,0.15000000000000002,0.45000000000000007,0.30000000000000004,0.10000000000000002
974,d217d8cefcf6e639498767d55c46fd6b9402d802,3,rag_10,10,8,8,1,1,1,0.35,1.0498221244986778,0.5700000000000001,1307,49,0.25,0.35,0.25,0.15
974,d217d8cefcf6e639498767d55c46fd6b9402d802,3,rag_all_support,-1,8,8,1,1,1,0.35,1.0498221244986778,0.5700000000000001,1307,49,0.25,0.35,0.25,0.15
247,9981bb887e6447ec43686a68db0476a879367faa,0,query_only,0,0,18,2,2,1,0.85,0.16251892949777494,0.030000000000000006,559,49,0.05,0.05,0.85,0.05
247,9981bb887e6447ec43686a68db0476a879367faa,0,rag_1,1,1,18,2,2,1,0.8,0.2231435513142097,0.054999999999999986,755,49,0.05,0.1,0.8,0.05
247,9981bb887e6447ec43686a68db0476a879367faa,0,rag_3,3,3,18,2,2,1,0.75,0.2876820724517809,0.08499999999999999,971,49,0.05,0.1,0.75,0.1
247,9981bb887e6447ec43686a68db0476a879367faa,0,rag_5,5,5,18,2,2,1,0.8,0.2231435513142097,0.054999999999999986,1171,49,0.05,0.1,0.8,0.05
247,9981bb887e6447ec43686a68db0476a879367faa,0,rag_10,10,10,18,2,2,1,0.8,0.2231435513142097,0.054999999999999986,1740,49,0.05,0.1,0.8,0.05
247,9981bb887e6447ec43686a68db0476a879367faa,0,rag_all_support,-1,18,18,2,2,1,0.8,0.2231435513142097,0.054999999999999986,2555,49,0.05,0.1,0.8,0.05
859,8cac86432c4d67c25fd945a10edd5bc068c4edc4,0,query_only,0,0,13,3,0,0,0.15,1.8971199848858813,1.0099999999999998,460,49,0.45,0.15,0.25,0.15
859,8cac86432c4d67c25fd945a10edd5bc068c4edc4,0,rag_1,1,1,13,3,1,0,0.15,1.8971199848858813,1.07,554,49,0.15,0.55,0.15,0.15
859,8cac86432c4d67c25fd945a10edd5bc068c4edc4,0,rag_3,3,3,13,3,1,0,0.2,1.6094379124341003,0.9050000000000001,779,49,0.15,0.45,0.2,0.2
859,8cac86432c4d67c25fd945a10edd5bc068c4edc4,0,rag_5,5,5,13,3,1,0,0.15,1.8971199848858813,1.0337999999999998,994,49,0.18,0.5,0.17,0.15
859,8cac86432c4d67c25fd945a10edd5bc068c4edc4,0,rag_10,10,10,13,3,1,0,0.25,1.3862943611198906,0.77,1547,49,0.15,0.35,0.25,0.25
859,8cac86432c4d67c25fd945a10edd5bc068c4edc4,0,rag_all_support,-1,13,13,3,1,0,0.2,1.6094379124341003,0.9050000000000001,2062,49,0.15,0.45,0.2,0.2
328,ac8c5c7d5eb66d25f18cc4743fa936d493b3726c,1,query_only,0,0,5,1,0,0,0.25,1.3862943611198906,0.75,871,49,0.25,0.25,0.25,0.25
328,ac8c5c7d5eb66d25f18cc4743fa936d493b3726c,1,rag_1,1,1,5,1,2,0,0.15,1.8971199848858813,1.0899999999999999,1003,49,0.25,0.15,0.55,0.05
328,ac8c5c7d5eb66d25f18cc4743fa936d493b3726c,1,rag_3,3,3,5,1,0,0,0.15,1.8971199848858813,1.075,1346,49,0.55,0.15,0.1,0.2
328,ac8c5c7d5eb66d25f18cc4743fa936d493b3726c,1,rag_5,5,5,5,1,2,0,0.15,1.8971199848858813,1.045,1648,49,0.25,0.15,0.5,0.1
328,ac8c5c7d5eb66d25f18cc4743fa936d493b3726c,1,rag_10,10,5,5,1,2,0,0.15,1.8971199848858813,1.045,1648,49,0.25,0.15,0.5,0.1
328,ac8c5c7d5eb66d25f18cc4743fa936d493b3726c,1,rag_all_support,-1,5,5,1,2,0,0.15,1.8971199848858813,1.045,1648,49,0.25,0.15,0.5,0.1
995,2af7e5a6cf44bf5bb456fafbfb12245cac6a5e14,1,query_only,0,0,12,2,1,0,0.15,1.8971199848858813,1.125,443,49,0.05,0.6,0.15,0.2
995,2af7e5a6cf44bf5bb456fafbfb12245cac6a5e14,1,rag_1,1,1,12,2,2,1,0.65,0.4307829160924542,0.175,578,49,0.1,0.05,0.65,0.2
995,2af7e5a6cf44bf5bb456fafbfb12245cac6a5e14,1,rag_3,3,3,12,2,0,0,0.35,1.0498221244986778,0.685,830,49,0.5,0.05,0.35,0.1
995,2af7e5a6cf44bf5bb456fafbfb12245cac6a5e14,1,rag_5,5,5,12,2,0,0,0.25,1.3862943611198906,0.89,1083,49,0.55,0.05,0.25,0.15
995,2af7e5a6cf44bf5bb456fafbfb12245cac6a5e14,1,rag_10,10,10,12,2,0,0,0.15,1.8971199848858813,1.2249999999999999,1574,49,0.7,0.05,0.15,0.1
995,2af7e5a6cf44bf5bb456fafbfb12245cac6a5e14,1,rag_all_support,-1,12,12,2,0,0,0.25,1.3862943611198906,0.9378,1805,49,0.6,0.03,0.25,0.12
989,79005e8b0c34bfc71d4e6c08e3e698e910ef61c8,1,query_only,0,0,15,3,3,1,0.45,0.7985076962177716,0.4750000000000001,471,49,0.1,0.4,0.05,0.45
989,79005e8b0c34bfc71d4e6c08e3e698e910ef61c8,1,rag_1,1,1,15,3,0,0,0.25,1.3862943611198906,0.935,587,49,0.6,0.1,0.05,0.25
989,79005e8b0c34bfc71d4e6c08e3e698e910ef61c8,1,rag_3,3,3,15,3,0,0,0.25,1.3862943611198906,0.8300000000000001,791,49,0.45,0.25,0.05,0.25
989,79005e8b0c34bfc71d4e6c08e3e698e910ef61c8,1,rag_5,5,5,15,3,0,0,0.15,1.8971199848858813,1.2249999999999999,1026,49,0.7,0.1,0.05,0.15
989,79005e8b0c34bfc71d4e6c08e3e698e910ef61c8,1,rag_10,10,10,15,3,0,0,0.1,2.3025850929940455,1.145,1587,49,0.5,0.15,0.25,0.1
989,79005e8b0c34bfc71d4e6c08e3e698e910ef61c8,1,rag_all_support,-1,15,15,3,0,0,0.10000000000000002,2.3025850929940455,1.2200000000000002,2172,49,0.6000000000000001,0.10000000000000002,0.20000000000000004,0.10000000000000002
371,330131be26b4b908ba9acb52357ee95597700adf,3,query_only,0,0,13,2,0,0,0.1,2.3025850929940455,1.5337999999999998,484,49,0.85,0.03,0.1,0.02
371,330131be26b4b908ba9acb52357ee95597700adf,3,rag_1,1,1,13,2,0,0,0.28,1.2729656758128873,1.0088,675,49,0.7,0.0,0.28,0.02
371,330131be26b4b908ba9acb52357ee95597700adf,3,rag_3,3,3,13,2,0,0,0.35,1.0498221244986778,0.73,906,49,0.55,0.05,0.35,0.05
371,330131be26b4b908ba9acb52357ee95597700adf,3,rag_5,5,5,13,2,0,0,0.25,1.3862943611198906,1.0537999999999998,1130,49,0.7,0.03,0.25,0.02
371,330131be26b4b908ba9acb52357ee95597700adf,3,rag_10,10,10,13,2,0,0,0.16,1.8325814637483102,1.3464,1815,49,0.8,0.02,0.16,0.02
371,330131be26b4b908ba9acb52357ee95597700adf,3,rag_all_support,-1,13,13,2,0,0,0.33,1.1086626245216111,0.8717999999999999,2122,49,0.65,0.02,0.33,0.0
319,4dfb289d15ff3e535bca06872a43231880ee31b9,1,query_only,0,0,6,3,3,1,0.65,0.4307829160924542,0.19,489,49,0.25,0.05,0.05,0.65
319,4dfb289d15ff3e535bca06872a43231880ee31b9,1,rag_1,1,1,6,3,3,1,0.8,0.2231435513142097,0.05499999999999998,704,49,0.1,0.05,0.05,0.8
319,4dfb289d15ff3e535bca06872a43231880ee31b9,1,rag_3,3,3,6,3,0,0,0.35,1.0498221244986778,0.7300000000000001,983,49,0.55,0.05,0.05,0.35
319,4dfb289d15ff3e535bca06872a43231880ee31b9,1,rag_5,5,5,6,3,3,1,0.55,0.5978370007556204,0.30499999999999994,1383,49,0.3,0.1,0.05,0.55
319,4dfb289d15ff3e535bca06872a43231880ee31b9,1,rag_10,10,6,6,3,3,1,0.45,0.7985076962177716,0.4750000000000001,1473,49,0.4,0.1,0.05,0.45
319,4dfb289d15ff3e535bca06872a43231880ee31b9,1,rag_all_support,-1,6,6,3,3,1,0.45,0.7985076962177716,0.4750000000000001,1473,49,0.4,0.1,0.05,0.45
528,f6dd4afd0d69a1862bc08a0464c6cbccc2bb6a43,3,query_only,0,0,11,3,2,0,0.10000000000000002,2.3025850929940455,1.3200000000000003,469,49,0.10000000000000002,0.10000000000000002,0.7000000000000001,0.10000000000000002
528,f6dd4afd0d69a1862bc08a0464c6cbccc2bb6a43,3,rag_1,1,1,11,3,2,0,0.05,2.995732273553991,1.63,570,49,0.05,0.05,0.85,0.05
528,f6dd4afd0d69a1862bc08a0464c6cbccc2bb6a43,3,rag_3,3,3,11,3,2,0,0.1,2.3025850929940455,1.185,800,49,0.25,0.1,0.55,0.1
528,f6dd4afd0d69a1862bc08a0464c6cbccc2bb6a43,3,rag_5,5,5,11,3,2,0,0.05,2.995732273553991,1.5550000000000002,1005,49,0.1,0.05,0.8,0.05
528,f6dd4afd0d69a1862bc08a0464c6cbccc2bb6a43,3,rag_10,10,10,11,3,2,0,0.1,2.3025850929940455,1.175,1489,49,0.4,0.05,0.45,0.1
528,f6dd4afd0d69a1862bc08a0464c6cbccc2bb6a43,3,rag_all_support,-1,11,11,3,2,0,0.1,2.3025850929940455,1.385,1596,49,0.1,0.05,0.75,0.1
721,91cd924adc11c97b1e374212dc17e5cbb0eedcbf,7,query_only,0,0,17,2,1,0,0.20000000000000004,1.6094379124341003,0.9,607,49,0.30000000000000004,0.4000000000000001,0.20000000000000004,0.10000000000000002
721,91cd924adc11c97b1e374212dc17e5cbb0eedcbf,7,rag_1,1,1,17,2,1,0,0.25,1.3862943611198906,0.855,715,49,0.2,0.5,0.25,0.05
721,91cd924adc11c97b1e374212dc17e5cbb0eedcbf,7,rag_3,3,3,17,2,1,0,0.20000000000000004,1.6094379124341003,0.9400000000000001,927,49,0.20000000000000004,0.5000000000000001,0.20000000000000004,0.10000000000000002
721,91cd924adc11c97b1e374212dc17e5cbb0eedcbf,7,rag_5,5,5,17,2,1,0,0.25,1.3862943611198906,0.885,1168,49,0.1,0.55,0.25,0.1
721,91cd924adc11c97b1e374212dc17e5cbb0eedcbf,7,rag_10,10,10,17,2,1,0,0.20000000000000004,1.6094379124341003,0.9400000000000001,1665,49,0.20000000000000004,0.5000000000000001,0.20000000000000004,0.10000000000000002
721,91cd924adc11c97b1e374212dc17e5cbb0eedcbf,7,rag_all_support,-1,17,17,2,0,0,0.20000000000000004,1.6094379124341003,0.895,2512,49,0.35000000000000003,0.35000000000000003,0.20000000000000004,0.10000000000000002
411,6eae369fd6eba467fdfdc5a4c4820a9c5c53020e,2,query_only,0,0,9,0,3,0,0.1,2.3025850929940455,1.32,417,49,0.1,0.1,0.1,0.7
411,6eae369fd6eba467fdfdc5a4c4820a9c5c53020e,2,rag_1,1,1,9,0,3,0,0.1,2.3025850929940455,1.2349999999999999,532,49,0.1,0.05,0.25,0.6
411,6eae369fd6eba467fdfdc5a4c4820a9c5c53020e,2,rag_3,3,3,9,0,2,0,0.05,2.995732273553991,1.4249999999999998,723,49,0.05,0.1,0.7,0.15
411,6eae369fd6eba467fdfdc5a4c4820a9c5c53020e,2,rag_5,5,5,9,0,3,0,0.05,2.995732273553991,1.4899999999999998,907,49,0.05,0.05,0.15,0.75
411,6eae369fd6eba467fdfdc5a4c4820a9c5c53020e,2,rag_10,10,9,9,0,3,0,0.05,2.995732273553991,1.335,1325,49,0.05,0.1,0.25,0.6
411,6eae369fd6eba467fdfdc5a4c4820a9c5c53020e,2,rag_all_support,-1,9,9,0,3,0,0.05,2.995732273553991,1.335,1325,49,0.05,0.1,0.25,0.6
865,748b93996de27b17263d338a4b3f8f08f59b0896,4,query_only,0,0,17,2,2,1,0.6,0.5108256237659907,0.23500000000000004,599,49,0.1,0.05,0.6,0.25
865,748b93996de27b17263d338a4b3f8f08f59b0896,4,rag_1,1,1,17,2,0,0,0.3,1.2039728043259361,0.6849999999999999,763,49,0.35,0.1,0.3,0.25
865,748b93996de27b17263d338a4b3f8f08f59b0896,4,rag_3,3,3,17,2,0,0,0.4,0.916290731874155,0.5449999999999999,991,49,0.4,0.05,0.4,0.15
865,748b93996de27b17263d338a4b3f8f08f59b0896,4,rag_5,5,5,17,2,2,1,0.65,0.4307829160924542,0.175,1218,49,0.1,0.05,0.65,0.2
865,748b93996de27b17263d338a4b3f8f08f59b0896,4,rag_10,10,10,17,2,1,0,0.1,2.3025850929940455,1.115,1723,49,0.2,0.45,0.1,0.25
865,748b93996de27b17263d338a4b3f8f08f59b0896,4,rag_all_support,-1,17,17,2,1,0,0.12,2.120263536200091,1.0968,2681,49,0.18,0.5,0.12,0.2
275,b351d308f74382d77906b3afc09e8db8f62eff0b,1,query_only,0,0,5,0,1,0,0.20000000000000004,1.6094379124341003,0.9400000000000001,886,49,0.20000000000000004,0.5000000000000001,0.20000000000000004,0.10000000000000002
275,b351d308f74382d77906b3afc09e8db8f62eff0b,1,rag_1,1,1,5,0,2,0,0.05,2.995732273553991,1.5550000000000002,1100,49,0.05,0.1,0.8,0.05
275,b351d308f74382d77906b3afc09e8db8f62eff0b,1,rag_3,3,3,5,0,1,0,0.1,2.3025850929940455,1.185,1389,49,0.1,0.55,0.25,0.1
275,b351d308f74382d77906b3afc09e8db8f62eff0b,1,rag_5,5,5,5,0,1,0,0.05,2.995732273553991,1.4349999999999998,1719,49,0.05,0.7,0.2,0.05
275,b351d308f74382d77906b3afc09e8db8f62eff0b,1,rag_10,10,5,5,0,1,0,0.05,2.995732273553991,1.4349999999999998,1719,49,0.05,0.7,0.2,0.05
275,b351d308f74382d77906b3afc09e8db8f62eff0b,1,rag_all_support,-1,5,5,0,1,0,0.05,2.995732273553991,1.4349999999999998,1719,49,0.05,0.7,0.2,0.05
679,35783fb6c88451ac9446e48cfd1c1aea5aac5925,0,query_only,0,0,12,1,0,0,0.05,2.995732273553991,1.4249999999999998,483,49,0.7,0.05,0.15,0.1
679,35783fb6c88451ac9446e48cfd1c1aea5aac5925,0,rag_1,1,1,12,1,1,1,0.44,0.8209805520698302,0.4896000000000001,580,49,0.12,0.44,0.4,0.04
679,35783fb6c88451ac9446e48cfd1c1aea5aac5925,0,rag_3,3,3,12,1,1,1,0.4,0.916290731874155,0.54,784,49,0.1,0.4,0.4,0.1
679,35783fb6c88451ac9446e48cfd1c1aea5aac5925,0,rag_5,5,5,12,1,1,1,0.5,0.6931471805599453,0.385,989,49,0.05,0.5,0.35,0.1
679,35783fb6c88451ac9446e48cfd1c1aea5aac5925,0,rag_10,10,10,12,1,1,1,0.45,0.7985076962177716,0.4750000000000001,1585,49,0.05,0.45,0.4,0.1
679,35783fb6c88451ac9446e48cfd1c1aea5aac5925,0,rag_all_support,-1,12,12,1,1,1,0.5,0.6931471805599453,0.36500000000000005,1874,49,0.05,0.5,0.3,0.15
714,19fae5d0fac061621f6da7d7c28ebe30a6790af4,0,query_only,0,0,15,0,0,1,0.85,0.16251892949777494,0.045000000000000005,590,49,0.85,0.0,0.0,0.15
714,19fae5d0fac061621f6da7d7c28ebe30a6790af4,0,rag_1,1,1,15,0,0,1,0.8,0.2231435513142097,0.06499999999999997,739,49,0.8,0.0,0.05,0.15
714,19fae5d0fac061621f6da7d7c28ebe30a6790af4,0,rag_3,3,3,15,0,0,1,0.85,0.16251892949777494,0.045000000000000005,932,49,0.85,0.0,0.0,0.15
714,19fae5d0fac061621f6da7d7c28ebe30a6790af4,0,rag_5,5,5,15,0,0,1,0.86,0.15082288973458366,0.029000000000000005,1131,49,0.86,0.03,0.02,0.09
714,19fae5d0fac061621f6da7d7c28ebe30a6790af4,0,rag_10,10,10,15,0,0,1,0.85,0.16251892949777494,0.03560000000000001,1661,49,0.85,0.03,0.01,0.11
714,19fae5d0fac061621f6da7d7c28ebe30a6790af4,0,rag_all_support,-1,15,15,0,0,1,0.85,0.16251892949777494,0.045000000000000005,2225,49,0.85,0.0,0.0,0.15
660,b4e3a99d874ce21c04f67df28d60391a3650d4e7,3,query_only,0,0,11,1,0,0,0.25,1.3862943611198906,0.75,629,49,0.25,0.25,0.25,0.25
660,b4e3a99d874ce21c04f67df28d60391a3650d4e7,3,rag_1,1,1,11,1,1,1,0.4,0.916290731874155,0.48500000000000004,731,49,0.25,0.4,0.2,0.15
660,b4e3a99d874ce21c04f67df28d60391a3650d4e7,3,rag_3,3,3,11,1,3,0,0.25,1.3862943611198906,0.7699999999999999,974,49,0.15,0.25,0.25,0.35
660,b4e3a99d874ce21c04f67df28d60391a3650d4e7,3,rag_5,5,5,11,1,0,0,0.2,1.6094379124341003,0.8550000000000001,1203,49,0.3,0.2,0.25,0.25
660,b4e3a99d874ce21c04f67df28d60391a3650d4e7,3,rag_10,10,10,11,1,2,0,0.15,1.8971199848858813,0.9649999999999999,1815,49,0.25,0.15,0.3,0.3
660,b4e3a99d874ce21c04f67df28d60391a3650d4e7,3,rag_all_support,-1,11,11,1,0,0,0.1,2.3025850929940455,1.085,1929,49,0.35,0.1,0.3,0.25
884,f2fc7323bcf06ed6c74848bef3fb461c895f5ac5,5,query_only,0,0,14,1,1,1,0.45,0.7985076962177716,0.4038,424,49,0.18,0.45,0.2,0.17
884,f2fc7323bcf06ed6c74848bef3fb461c895f5ac5,5,rag_1,1,1,14,1,1,1,0.55,0.5978370007556204,0.27499999999999997,512,49,0.15,0.55,0.1,0.2
884,f2fc7323bcf06ed6c74848bef3fb461c895f5ac5,5,rag_3,3,3,14,1,1,1,0.5499999999999999,0.5978370007556205,0.275,756,49,0.14999999999999997,0.5499999999999999,0.19999999999999996,0.09999999999999998
884,f2fc7323bcf06ed6c74848bef3fb461c895f5ac5,5,rag_5,5,5,14,1,1,1,0.4,0.916290731874155,0.5304,1000,49,0.08,0.4,0.38,0.14
884,f2fc7323bcf06ed6c74848bef3fb461c895f5ac5,5,rag_10,10,10,14,1,1,1,0.45,0.7985076962177716,0.4250000000000001,1520,49,0.1,0.45,0.3,0.15
884,f2fc7323bcf06ed6c74848bef3fb461c895f5ac5,5,rag_all_support,-1,14,14,1,1,1,0.45,0.7985076962177716,0.4250000000000001,2176,49,0.1,0.45,0.3,0.15
866,bc5c5f6f01a3e366a8c316429f673d3edcb695d6,1,query_only,0,0,11,1,3,0,0.05,2.995732273553991,1.4849999999999999,554,49,0.1,0.05,0.1,0.75
866,bc5c5f6f01a3e366a8c316429f673d3edcb695d6,1,rag_1,1,1,11,1,3,0,0.05,2.995732273553991,1.4849999999999999,649,49,0.1,0.05,0.1,0.75
866,bc5c5f6f01a3e366a8c316429f673d3edcb695d6,1,rag_3,3,3,11,1,1,1,0.6,0.5108256237659907,0.255,842,49,0.05,0.6,0.05,0.3
866,bc5c5f6f01a3e366a8c316429f673d3edcb695d6,1,rag_5,5,5,11,1,1,1,0.75,0.2876820724517809,0.09,1054,49,0.05,0.75,0.05,0.15
866,bc5c5f6f01a3e366a8c316429f673d3edcb695d6,1,rag_10,10,10,11,1,1,1,0.55,0.5978370007556204,0.285,1691,49,0.1,0.55,0.1,0.25
866,bc5c5f6f01a3e366a8c316429f673d3edcb695d6,1,rag_all_support,-1,11,11,1,3,0,0.1,2.3025850929940455,1.455,1833,49,0.05,0.1,0.05,0.8
914,23c9fb93158185dda4c8f04038f1806bd7eb588d,0,query_only,0,0,6,0,1,0,0.04999999999999999,2.9957322735539913,1.5549999999999995,452,49,0.04999999999999999,0.7999999999999998,0.04999999999999999,0.09999999999999998
914,23c9fb93158185dda4c8f04038f1806bd7eb588d,0,rag_1,1,1,6,0,1,0,0.15,1.8971199848858813,1.0699999999999998,538,49,0.15,0.55,0.15,0.15
914,23c9fb93158185dda4c8f04038f1806bd7eb588d,0,rag_3,3,3,6,0,0,1,0.5499999999999999,0.5978370007556205,0.30500000000000005,726,49,0.5499999999999999,0.29999999999999993,0.04999999999999999,0.09999999999999998
914,23c9fb93158185dda4c8f04038f1806bd7eb588d,0,rag_5,5,5,6,0,1,0,0.05,2.995732273553991,1.4349999999999998,942,49,0.05,0.7,0.05,0.2
914,23c9fb93158185dda4c8f04038f1806bd7eb588d,0,rag_10,10,6,6,0,1,0,0.1,2.3025850929940455,1.325,1076,49,0.1,0.7,0.05,0.15
914,23c9fb93158185dda4c8f04038f1806bd7eb588d,0,rag_all_support,-1,6,6,0,1,0,0.1,2.3025850929940455,1.325,1076,49,0.1,0.7,0.05,0.15
917,68c89bcd38fe6e1c6023028efe73ab7a36e0d6d8,5,query_only,0,0,14,2,3,0,0.1,2.3025850929940455,1.5504,495,49,0.02,0.02,0.1,0.86
917,68c89bcd38fe6e1c6023028efe73ab7a36e0d6d8,5,rag_1,1,1,14,2,3,0,0.1,2.3025850929940455,1.5182,615,49,0.05,0.01,0.1,0.84
917,68c89bcd38fe6e1c6023028efe73ab7a36e0d6d8,5,rag_3,3,3,14,2,3,0,0.12,2.120263536200091,1.4973999999999998,930,49,0.02,0.01,0.12,0.85
917,68c89bcd38fe6e1c6023028efe73ab7a36e0d6d8,5,rag_5,5,5,14,2,3,0,0.1,2.3025850929940455,1.5018,1140,49,0.05,0.02,0.1,0.83
917,68c89bcd38fe6e1c6023028efe73ab7a36e0d6d8,5,rag_10,10,10,14,2,3,0,0.2,1.6094379124341003,1.1894,1784,49,0.03,0.03,0.2,0.74
917,68c89bcd38fe6e1c6023028efe73ab7a36e0d6d8,5,rag_all_support,-1,14,14,2,3,0,0.12,2.120263536200091,1.4178000000000002,2200,49,0.05,0.03,0.12,0.8
526,010c270c2cb394c09035ffae4034041084821d58,0,query_only,0,0,7,1,1,1,0.4,0.916290731874155,0.5288,451,49,0.12,0.4,0.1,0.38
526,010c270c2cb394c09035ffae4034041084821d58,0,rag_1,1,1,7,1,1,1,0.6,0.5108256237659907,0.22000000000000006,558,49,0.1,0.6,0.1,0.2
526,010c270c2cb394c09035ffae4034041084821d58,0,rag_3,3,3,7,1,1,1,0.55,0.5978370007556204,0.32999999999999996,766,49,0.05,0.55,0.05,0.35
526,010c270c2cb394c09035ffae4034041084821d58,0,rag_5,5,5,7,1,1,1,0.6,0.5108256237659907,0.23500000000000004,988,49,0.1,0.6,0.05,0.25
526,010c270c2cb394c09035ffae4034041084821d58,0,rag_10,10,7,7,1,1,1,0.6,0.5108256237659907,0.23500000000000004,1205,49,0.1,0.6,0.05,0.25
526,010c270c2cb394c09035ffae4034041084821d58,0,rag_all_support,-1,7,7,1,1,1,0.6,0.5108256237659907,0.23500000000000004,1205,49,0.1,0.6,0.05,0.25
120,1ff3b54c7cd6cc3b08ffd692f93f6e1470a4d903,7,query_only,0,0,17,2,0,0,0.05,2.995732273553991,1.63,448,49,0.85,0.05,0.05,0.05
120,1ff3b54c7cd6cc3b08ffd692f93f6e1470a4d903,7,rag_1,1,1,17,2,0,0,0.05,2.995732273553991,1.435,542,49,0.7,0.05,0.05,0.2
120,1ff3b54c7cd6cc3b08ffd692f93f6e1470a4d903,7,rag_3,3,3,17,2,3,0,0.05,2.995732273553991,1.5550000000000002,756,49,0.1,0.05,0.05,0.8
120,1ff3b54c7cd6cc3b08ffd692f93f6e1470a4d903,7,rag_5,5,5,17,2,3,0,0.1,2.3025850929940455,1.455,945,49,0.05,0.05,0.1,0.8
120,1ff3b54c7cd6cc3b08ffd692f93f6e1470a4d903,7,rag_10,10,10,17,2,3,0,0.1,2.3025850929940455,1.455,1427,49,0.05,0.05,0.1,0.8
120,1ff3b54c7cd6cc3b08ffd692f93f6e1470a4d903,7,rag_all_support,-1,17,17,2,3,0,0.1,2.3025850929940455,1.455,2317,49,0.05,0.05,0.1,0.8
70,30c0f3c0c60b0fde0d67d80c356f6987be1c2db5,1,query_only,0,0,10,0,2,0,0.35,1.0498221244986778,0.685,509,49,0.35,0.1,0.5,0.05
70,30c0f3c0c60b0fde0d67d80c356f6987be1c2db5,1,rag_1,1,1,10,0,0,1,0.55,0.5978370007556204,0.285,603,49,0.55,0.05,0.2,0.2
70,30c0f3c0c60b0fde0d67d80c356f6987be1c2db5,1,rag_3,3,3,10,0,0,1,0.55,0.5978370007556204,0.30499999999999994,853,49,0.55,0.05,0.1,0.3
70,30c0f3c0c60b0fde0d67d80c356f6987be1c2db5,1,rag_5,5,5,10,0,0,1,0.5800000000000001,0.5447271754416719,0.2576,1070,49,0.5800000000000001,0.060000000000000005,0.10000000000000002,0.26000000000000006
70,30c0f3c0c60b0fde0d67d80c356f6987be1c2db5,1,rag_10,10,10,10,0,0,1,0.6,0.5108256237659907,0.23500000000000004,1619,49,0.6,0.05,0.1,0.25
70,30c0f3c0c60b0fde0d67d80c356f6987be1c2db5,1,rag_all_support,-1,10,10,0,0,1,0.6,0.5108256237659907,0.23500000000000004,1619,49,0.6,0.05,0.1,0.25
321,15a9041f763c0e22e25c98a6cf3172eece50e862,0,query_only,0,0,5,2,3,0,0.1,2.3025850929940455,1.5848,545,49,0.02,0.0,0.1,0.88
321,15a9041f763c0e22e25c98a6cf3172eece50e862,0,rag_1,1,1,5,2,1,0,0.0,27.631021115928547,1.625,757,49,0.0,0.75,0.0,0.25
321,15a9041f763c0e22e25c98a6cf3172eece50e862,0,rag_3,3,3,5,2,3,0,0.1,2.3025850929940455,1.455,992,49,0.05,0.05,0.1,0.8
321,15a9041f763c0e22e25c98a6cf3172eece50e862,0,rag_5,5,5,5,2,1,0,0.0,27.631021115928547,1.6800000000000002,1283,49,0.0,0.8,0.0,0.2
321,15a9041f763c0e22e25c98a6cf3172eece50e862,0,rag_10,10,5,5,2,1,0,0.0,27.631021115928547,1.6800000000000002,1283,49,0.0,0.8,0.0,0.2
321,15a9041f763c0e22e25c98a6cf3172eece50e862,0,rag_all_support,-1,5,5,2,1,0,0.0,27.631021115928547,1.6800000000000002,1283,49,0.0,0.8,0.0,0.2
210,cc7352e0b5328d4bd12d24922148c1e86b97235a,4,query_only,0,0,14,2,3,0,0.25,1.3862943611198906,0.8118,516,49,0.12,0.18,0.25,0.45
210,cc7352e0b5328d4bd12d24922148c1e86b97235a,4,rag_1,1,1,14,2,3,0,0.25,1.3862943611198906,0.8858000000000001,613,49,0.08,0.12,0.25,0.55
210,cc7352e0b5328d4bd12d24922148c1e86b97235a,4,rag_3,3,3,14,2,3,0,0.25,1.3862943611198906,0.7891999999999999,818,49,0.09,0.31,0.25,0.35
210,cc7352e0b5328d4bd12d24922148c1e86b97235a,4,rag_5,5,5,14,2,1,0,0.25,1.3862943611198906,0.765,1018,49,0.15,0.3,0.25,0.3
210,cc7352e0b5328d4bd12d24922148c1e86b97235a,4,rag_10,10,10,14,2,1,0,0.28,1.2729656758128873,0.7178,1591,49,0.12,0.35,0.28,0.25
210,cc7352e0b5328d4bd12d24922148c1e86b97235a,4,rag_all_support,-1,14,14,2,1,0,0.25,1.3862943611198906,0.765,2051,49,0.15,0.3,0.25,0.3
656,42e1b4c587a33be3da923a3aa68711b601bec21c,5,query_only,0,0,12,1,0,0,0.10000000000000002,2.3025850929940455,1.3200000000000003,472,49,0.7000000000000001,0.10000000000000002,0.10000000000000002,0.10000000000000002
656,42e1b4c587a33be3da923a3aa68711b601bec21c,5,rag_1,1,1,12,1,2,0,0.05,2.995732273553991,1.305,562,49,0.3,0.05,0.55,0.1
656,42e1b4c587a33be3da923a3aa68711b601bec21c,5,rag_3,3,3,12,1,0,0,0.1,2.3025850929940455,1.205,769,49,0.55,0.1,0.3,0.05
656,42e1b4c587a33be3da923a3aa68711b601bec21c,5,rag_5,5,5,12,1,1,1,0.55,0.5978370007556204,0.27499999999999997,977,49,0.1,0.55,0.2,0.15
656,42e1b4c587a33be3da923a3aa68711b601bec21c,5,rag_10,10,10,12,1,1,1,0.45,0.7985076962177716,0.4250000000000001,1522,49,0.1,0.45,0.3,0.15
656,42e1b4c587a33be3da923a3aa68711b601bec21c,5,rag_all_support,-1,12,12,1,1,1,0.6,0.5108256237659907,0.21500000000000002,1796,49,0.1,0.6,0.15,0.15
174,79d0db9c95d6d9d09d44d9529b7da26849041409,2,query_only,0,0,7,3,2,0,0.18,1.7147984280919266,0.9898000000000001,395,49,0.07,0.25,0.5,0.18
174,79d0db9c95d6d9d09d44d9529b7da26849041409,2,rag_1,1,1,7,3,2,0,0.25,1.3862943611198906,0.77,491,49,0.15,0.25,0.35,0.25
174,79d0db9c95d6d9d09d44d9529b7da26849041409,2,rag_3,3,3,7,3,2,0,0.25,1.3862943611198906,0.8300000000000001,715,49,0.05,0.25,0.45,0.25
174,79d0db9c95d6d9d09d44d9529b7da26849041409,2,rag_5,5,5,7,3,2,0,0.25,1.3862943611198906,0.855,917,49,0.05,0.2,0.5,0.25
174,79d0db9c95d6d9d09d44d9529b7da26849041409,2,rag_10,10,7,7,3,2,0,0.23,1.4696759700589417,0.8298,1134,49,0.12,0.25,0.4,0.23
174,79d0db9c95d6d9d09d44d9529b7da26849041409,2,rag_all_support,-1,7,7,3,2,0,0.23,1.4696759700589417,0.8298,1134,49,0.12,0.25,0.4,0.23
941,2ce04e3c7d254791cb381448e55c7f7a2b0feca4,1,query_only,0,0,15,3,2,0,0.21,1.5606477482646683,1.2022,643,49,0.02,0.01,0.76,0.21
941,2ce04e3c7d254791cb381448e55c7f7a2b0feca4,1,rag_1,1,1,15,3,2,0,0.1,2.3025850929940455,1.385,828,49,0.1,0.05,0.75,0.1
941,2ce04e3c7d254791cb381448e55c7f7a2b0feca4,1,rag_3,3,3,15,3,3,1,0.74,0.3011050927839216,0.11020000000000002,1057,49,0.05,0.01,0.2,0.74
941,2ce04e3c7d254791cb381448e55c7f7a2b0feca4,1,rag_5,5,5,15,3,2,0,0.2,1.6094379124341003,1.205,1276,49,0.05,0.0,0.75,0.2
941,2ce04e3c7d254791cb381448e55c7f7a2b0feca4,1,rag_10,10,10,15,3,2,0,0.1,2.3025850929940455,1.455,1804,49,0.05,0.05,0.8,0.1
941,2ce04e3c7d254791cb381448e55c7f7a2b0feca4,1,rag_all_support,-1,15,15,3,2,0,0.2,1.6094379124341003,1.135,2346,49,0.05,0.05,0.7,0.2
599,e1d19a0a92232d33d6991137b3f082781f3784b2,4,query_only,0,0,9,3,2,0,0.15,1.8971199848858813,1.0899999999999999,430,49,0.25,0.05,0.55,0.15
599,e1d19a0a92232d33d6991137b3f082781f3784b2,4,rag_1,1,1,9,3,0,0,0.1,2.3025850929940455,1.185,527,49,0.5,0.05,0.35,0.1
599,e1d19a0a92232d33d6991137b3f082781f3784b2,4,rag_3,3,3,9,3,1,0,0.05,2.995732273553991,1.2149999999999999,729,49,0.25,0.4,0.3,0.05
599,e1d19a0a92232d33d6991137b3f082781f3784b2,4,rag_5,5,5,9,3,0,0,0.1,2.3025850929940455,1.325,957,49,0.7,0.05,0.15,0.1
599,e1d19a0a92232d33d6991137b3f082781f3784b2,4,rag_10,10,9,9,3,0,0,0.1,2.3025850929940455,1.1400000000000001,1414,49,0.4,0.1,0.4,0.1
599,e1d19a0a92232d33d6991137b3f082781f3784b2,4,rag_all_support,-1,9,9,3,0,0,0.1,2.3025850929940455,1.1400000000000001,1414,49,0.4,0.1,0.4,0.1
209,fc9ac0cdf15103babc8d0aacfdd05c0af2970849,5,query_only,0,0,13,3,1,0,0.2,1.6094379124341003,1.02,432,49,0.1,0.6,0.1,0.2
209,fc9ac0cdf15103babc8d0aacfdd05c0af2970849,5,rag_1,1,1,13,3,1,0,0.2,1.6094379124341003,0.8808000000000001,523,49,0.22,0.4,0.18,0.2
209,fc9ac0cdf15103babc8d0aacfdd05c0af2970849,5,rag_3,3,3,13,3,1,0,0.15,1.8971199848858813,1.01,708,49,0.25,0.45,0.15,0.15
209,fc9ac0cdf15103babc8d0aacfdd05c0af2970849,5,rag_5,5,5,13,3,1,0,0.15,1.8971199848858813,1.075,925,49,0.1,0.55,0.2,0.15
209,fc9ac0cdf15103babc8d0aacfdd05c0af2970849,5,rag_10,10,10,13,3,1,0,0.25,1.3862943611198906,0.8054,1549,49,0.13,0.44,0.18,0.25
209,fc9ac0cdf15103babc8d0aacfdd05c0af2970849,5,rag_all_support,-1,13,13,3,1,0,0.10000000000000002,2.3025850929940455,1.1400000000000001,1891,49,0.20000000000000004,0.5000000000000001,0.20000000000000004,0.10000000000000002
277,6194658364bc0b3745170aca143457f714410541,0,query_only,0,0,5,3,2,0,0.10000000000000002,2.3025850929940455,1.3200000000000003,584,49,0.10000000000000002,0.10000000000000002,0.7000000000000001,0.10000000000000002
277,6194658364bc0b3745170aca143457f714410541,0,rag_1,1,1,5,3,2,0,0.2,1.6094379124341003,0.9400000000000002,762,49,0.2,0.1,0.5,0.2
277,6194658364bc0b3745170aca143457f714410541,0,rag_3,3,3,5,3,0,0,0.1,2.3025850929940455,1.1400000000000001,1101,49,0.4,0.1,0.4,0.1
277,6194658364bc0b3745170aca143457f714410541,0,rag_5,5,5,5,3,2,0,0.1,2.3025850929940455,1.385,1357,49,0.1,0.05,0.75,0.1
277,6194658364bc0b3745170aca143457f714410541,0,rag_10,10,5,5,3,2,0,0.1,2.3025850929940455,1.385,1357,49,0.1,0.05,0.75,0.1
277,6194658364bc0b3745170aca143457f714410541,0,rag_all_support,-1,5,5,3,2,0,0.1,2.3025850929940455,1.385,1357,49,0.1,0.05,0.75,0.1
753,cd0dd3ff0eb9693696001a9bba02fc33f28ec82f,2,query_only,0,0,9,2,0,0,0.2,1.6094379124341003,0.8650000000000002,530,49,0.35,0.25,0.2,0.2
753,cd0dd3ff0eb9693696001a9bba02fc33f28ec82f,2,rag_1,1,1,9,2,0,0,0.05,2.995732273553991,1.425,637,49,0.7,0.15,0.05,0.1
753,cd0dd3ff0eb9693696001a9bba02fc33f28ec82f,2,rag_3,3,3,9,2,0,0,0.10000000000000002,2.3025850929940455,1.32,869,49,0.7000000000000001,0.10000000000000002,0.10000000000000002,0.10000000000000002
753,cd0dd3ff0eb9693696001a9bba02fc33f28ec82f,2,rag_5,5,5,9,2,0,0,0.15,1.8971199848858813,1.115,1119,49,0.6,0.15,0.15,0.1
753,cd0dd3ff0eb9693696001a9bba02fc33f28ec82f,2,rag_10,10,9,9,2,0,0,0.10000000000000002,2.3025850929940455,1.32,1681,49,0.7000000000000001,0.10000000000000002,0.10000000000000002,0.10000000000000002
753,cd0dd3ff0eb9693696001a9bba02fc33f28ec82f,2,rag_all_support,-1,9,9,2,0,0,0.10000000000000002,2.3025850929940455,1.32,1681,49,0.7000000000000001,0.10000000000000002,0.10000000000000002,0.10000000000000002
604,407ed79b52743885dda2f1babb9d06dbbd0135c0,0,query_only,0,0,13,2,2,1,0.8,0.2231435513142097,0.06499999999999997,393,49,0.15,0.0,0.8,0.05
604,407ed79b52743885dda2f1babb9d06dbbd0135c0,0,rag_1,1,1,13,2,2,1,0.88,0.12783337150988489,0.0288,468,49,0.12,0.0,0.88,0.0
604,407ed79b52743885dda2f1babb9d06dbbd0135c0,0,rag_3,3,3,13,2,2,1,0.8,0.2231435513142097,0.06499999999999997,641,49,0.15,0.0,0.8,0.05
604,407ed79b52743885dda2f1babb9d06dbbd0135c0,0,rag_5,5,5,13,2,2,1,0.85,0.16251892949777494,0.045000000000000005,819,49,0.15,0.0,0.85,0.0
604,407ed79b52743885dda2f1babb9d06dbbd0135c0,0,rag_10,10,10,13,2,2,1,0.88,0.12783337150988489,0.0246,1392,49,0.1,0.01,0.88,0.01
604,407ed79b52743885dda2f1babb9d06dbbd0135c0,0,rag_all_support,-1,13,13,2,2,1,0.8,0.2231435513142097,0.06499999999999997,1777,49,0.15,0.0,0.8,0.05
445,0c426ba68acc7d0bad5e08b0a9523989295eaecb,1,query_only,0,0,13,3,0,0,0.35,1.0498221244986778,0.6150000000000001,461,49,0.4,0.15,0.1,0.35
445,0c426ba68acc7d0bad5e08b0a9523989295eaecb,1,rag_1,1,1,13,3,0,0,0.2,1.6094379124341003,0.8750000000000001,574,49,0.35,0.15,0.3,0.2
445,0c426ba68acc7d0bad5e08b0a9523989295eaecb,1,rag_3,3,3,13,3,2,0,0.25,1.3862943611198906,0.785,767,49,0.2,0.15,0.4,0.25
445,0c426ba68acc7d0bad5e08b0a9523989295eaecb,1,rag_5,5,5,13,3,2,0,0.15,1.8971199848858813,1.1149999999999998,974,49,0.15,0.1,0.6,0.15
445,0c426ba68acc7d0bad5e08b0a9523989295eaecb,1,rag_10,10,10,13,3,2,0,0.22,1.5141277326297755,0.8408000000000001,1509,49,0.18,0.2,0.4,0.22
445,0c426ba68acc7d0bad5e08b0a9523989295eaecb,1,rag_all_support,-1,13,13,3,1,0,0.28,1.2729656758128873,0.7578,1828,49,0.12,0.45,0.15,0.28
101,f1e1d02ec1c6eaa6f2e18d9add4b714674f16c6f,2,query_only,0,0,9,3,2,0,0.16,1.8325814637483102,1.1816,594,49,0.06,0.1,0.68,0.16
101,f1e1d02ec1c6eaa6f2e18d9add4b714674f16c6f,2,rag_1,1,1,9,3,2,0,0.2,1.6094379124341003,0.9150000000000001,699,49,0.1,0.25,0.45,0.2
101,f1e1d02ec1c6eaa6f2e18d9add4b714674f16c6f,2,rag_3,3,3,9,3,2,0,0.2,1.6094379124341003,0.8650000000000001,891,49,0.25,0.2,0.35,0.2
101,f1e1d02ec1c6eaa6f2e18d9add4b714674f16c6f,2,rag_5,5,5,9,3,2,0,0.15,1.8971199848858813,1.1149999999999998,1083,49,0.1,0.15,0.6,0.15
101,f1e1d02ec1c6eaa6f2e18d9add4b714674f16c6f,2,rag_10,10,9,9,3,2,0,0.2,1.6094379124341003,0.9050000000000001,1708,49,0.15,0.2,0.45,0.2
101,f1e1d02ec1c6eaa6f2e18d9add4b714674f16c6f,2,rag_all_support,-1,9,9,3,2,0,0.2,1.6094379124341003,0.9050000000000001,1708,49,0.15,0.2,0.45,0.2
879,cbd688d719802be36d6848139e472ffc25a7d812,3,query_only,0,0,11,2,0,0,0.05,2.995732273553991,1.435,483,49,0.7,0.05,0.05,0.2
879,cbd688d719802be36d6848139e472ffc25a7d812,3,rag_1,1,1,11,2,1,0,0.25,1.3862943611198906,0.89,612,49,0.15,0.55,0.25,0.05
879,cbd688d719802be36d6848139e472ffc25a7d812,3,rag_3,3,3,11,2,1,0,0.35,1.0498221244986778,0.685,809,49,0.1,0.5,0.35,0.05
879,cbd688d719802be36d6848139e472ffc25a7d812,3,rag_5,5,5,11,2,1,0,0.35,1.0498221244986778,0.73,1042,49,0.05,0.55,0.35,0.05
879,cbd688d719802be36d6848139e472ffc25a7d812,3,rag_10,10,10,11,2,1,0,0.35,1.0498221244986778,0.73,1627,49,0.05,0.55,0.35,0.05
879,cbd688d719802be36d6848139e472ffc25a7d812,3,rag_all_support,-1,11,11,2,1,0,0.3,1.2039728043259361,0.8049999999999999,1732,49,0.1,0.55,0.3,0.05
256,ee4e685e4cd227f920cfe463d4daf635ef601ad8,0,query_only,0,0,4,0,0,1,0.6,0.5108256237659907,0.28380000000000005,977,49,0.6,0.35,0.03,0.02
256,ee4e685e4cd227f920cfe463d4daf635ef601ad8,0,rag_1,1,1,4,0,0,1,0.75,0.2876820724517809,0.1038,1065,49,0.75,0.2,0.03,0.02
256,ee4e685e4cd227f920cfe463d4daf635ef601ad8,0,rag_3,3,3,4,0,0,1,0.6,0.5108256237659907,0.28380000000000005,1554,49,0.6,0.35,0.03,0.02
256,ee4e685e4cd227f920cfe463d4daf635ef601ad8,0,rag_5,5,4,4,0,0,1,0.6,0.5108256237659907,0.28380000000000005,1723,49,0.6,0.35,0.03,0.02
256,ee4e685e4cd227f920cfe463d4daf635ef601ad8,0,rag_10,10,4,4,0,0,1,0.6,0.5108256237659907,0.28380000000000005,1723,49,0.6,0.35,0.03,0.02
256,ee4e685e4cd227f920cfe463d4daf635ef601ad8,0,rag_all_support,-1,4,4,0,0,1,0.6,0.5108256237659907,0.28380000000000005,1723,49,0.6,0.35,0.03,0.02
837,36ea74e04d9e4426fea0e64f53dbed1b422a30d2,1,query_only,0,0,13,0,0,1,0.7,0.35667494393873245,0.15380000000000005,483,49,0.7,0.25,0.03,0.02
837,36ea74e04d9e4426fea0e64f53dbed1b422a30d2,1,rag_1,1,1,13,0,0,1,0.7,0.35667494393873245,0.13500000000000004,668,49,0.7,0.2,0.05,0.05
837,36ea74e04d9e4426fea0e64f53dbed1b422a30d2,1,rag_3,3,3,13,0,0,1,0.75,0.2876820724517809,0.1038,956,49,0.75,0.2,0.03,0.02
837,36ea74e04d9e4426fea0e64f53dbed1b422a30d2,1,rag_5,5,5,13,0,0,1,0.7,0.35667494393873245,0.13500000000000004,1150,49,0.7,0.2,0.05,0.05
837,36ea74e04d9e4426fea0e64f53dbed1b422a30d2,1,rag_10,10,10,13,0,0,1,0.75,0.2876820724517809,0.10500000000000001,1777,49,0.75,0.2,0.0,0.05
837,36ea74e04d9e4426fea0e64f53dbed1b422a30d2,1,rag_all_support,-1,13,13,0,0,1,0.75,0.2876820724517809,0.10500000000000001,2108,49,0.75,0.2,0.0,0.05
408,700900e6e866ea5bc904b55977a4f54095910033,2,query_only,0,0,17,2,1,0,0.10000000000000002,2.3025850929940455,1.32,498,49,0.10000000000000002,0.7000000000000001,0.10000000000000002,0.10000000000000002
408,700900e6e866ea5bc904b55977a4f54095910033,2,rag_1,1,1,17,2,1,0,0.1,2.3025850929940455,1.455,603,49,0.05,0.8,0.1,0.05
408,700900e6e866ea5bc904b55977a4f54095910033,2,rag_3,3,3,17,2,1,0,0.15,1.8971199848858813,1.2899999999999998,810,49,0.05,0.75,0.15,0.05
408,700900e6e866ea5bc904b55977a4f54095910033,2,rag_5,5,5,17,2,0,0,0.1,2.3025850929940455,1.2349999999999999,1078,49,0.6,0.25,0.1,0.05
408,700900e6e866ea5bc904b55977a4f54095910033,2,rag_10,10,10,17,2,1,0,0.3,1.2039728043259361,0.8549999999999999,1608,49,0.05,0.6,0.3,0.05
408,700900e6e866ea5bc904b55977a4f54095910033,2,rag_all_support,-1,17,17,2,0,0,0.18,1.7147984280919266,1.0378,2612,49,0.55,0.25,0.18,0.02
63,c328adc20e1cfba2ab437ee9ffbffe4a267a4be7,1,query_only,0,0,12,2,2,1,0.35,1.0498221244986778,0.575,428,49,0.2,0.3,0.35,0.15
63,c328adc20e1cfba2ab437ee9ffbffe4a267a4be7,1,rag_1,1,1,12,2,2,1,0.35,1.0498221244986778,0.5650000000000001,529,49,0.25,0.2,0.35,0.2
63,c328adc20e1cfba2ab437ee9ffbffe4a267a4be7,1,rag_3,3,3,12,2,2,1,0.35,1.0498221244986778,0.5650000000000001,773,49,0.25,0.2,0.35,0.2
63,c328adc20e1cfba2ab437ee9ffbffe4a267a4be7,1,rag_5,5,5,12,2,2,1,0.4,0.916290731874155,0.48500000000000004,992,49,0.25,0.2,0.4,0.15
63,c328adc20e1cfba2ab437ee9ffbffe4a267a4be7,1,rag_10,10,10,12,2,2,1,0.4,0.916290731874155,0.48500000000000004,1542,49,0.2,0.25,0.4,0.15
63,c328adc20e1cfba2ab437ee9ffbffe4a267a4be7,1,rag_all_support,-1,12,12,2,2,1,0.4,0.916290731874155,0.48500000000000004,1931,49,0.25,0.2,0.4,0.15
494,1ff56db09942f410b3d9a5d3e7548a7c3bdac337,2,query_only,0,0,11,2,1,0,0.35,1.0498221244986778,0.685,458,49,0.05,0.5,0.35,0.1
494,1ff56db09942f410b3d9a5d3e7548a7c3bdac337,2,rag_1,1,1,11,2,2,1,0.55,0.5978370007556204,0.285,554,49,0.1,0.25,0.55,0.1
494,1ff56db09942f410b3d9a5d3e7548a7c3bdac337,2,rag_3,3,3,11,2,1,0,0.4,0.916290731874155,0.5449999999999999,725,49,0.15,0.4,0.4,0.05
494,1ff56db09942f410b3d9a5d3e7548a7c3bdac337,2,rag_5,5,5,11,2,0,0,0.25,1.3862943611198906,0.83,922,49,0.45,0.25,0.25,0.05
494,1ff56db09942f410b3d9a5d3e7548a7c3bdac337,2,rag_10,10,10,11,2,0,0,0.25,1.3862943611198906,0.83,1405,49,0.45,0.25,0.25,0.05
494,1ff56db09942f410b3d9a5d3e7548a7c3bdac337,2,rag_all_support,-1,11,11,2,0,0,0.2,1.6094379124341003,0.9850000000000001,1501,49,0.55,0.2,0.2,0.05
542,992d96bc104eb74a5b3f29c4322b82e99275ef55,4,query_only,0,0,9,0,1,0,0.06,2.8134107167600364,1.4042,485,49,0.06,0.7,0.09,0.15
542,992d96bc104eb74a5b3f29c4322b82e99275ef55,4,rag_1,1,1,9,0,1,0,0.2,1.6094379124341003,0.895,587,49,0.2,0.35,0.35,0.1
542,992d96bc104eb74a5b3f29c4322b82e99275ef55,4,rag_3,3,3,9,0,1,0,0.2,1.6094379124341003,0.875,793,49,0.2,0.35,0.3,0.15
542,992d96bc104eb74a5b3f29c4322b82e99275ef55,4,rag_5,5,5,9,0,2,0,0.2,1.6094379124341003,0.8850000000000001,1029,49,0.2,0.25,0.4,0.15
542,992d96bc104eb74a5b3f29c4322b82e99275ef55,4,rag_10,10,9,9,0,1,0,0.25000000000000006,1.3862943611198904,0.7850000000000001,1469,49,0.25000000000000006,0.35000000000000003,0.30000000000000004,0.10000000000000002
542,992d96bc104eb74a5b3f29c4322b82e99275ef55,4,rag_all_support,-1,9,9,0,1,0,0.25000000000000006,1.3862943611198904,0.7850000000000001,1469,49,0.25000000000000006,0.35000000000000003,0.30000000000000004,0.10000000000000002
636,a29bfba62f7d92dd8c70419b567e1f306194b9d8,5,query_only,0,0,15,3,2,0,0.04,3.2188758248682006,1.8054,492,49,0.01,0.01,0.94,0.04
636,a29bfba62f7d92dd8c70419b567e1f306194b9d8,5,rag_1,1,1,15,3,2,0,0.05,2.995732273553991,1.7138,612,49,0.03,0.02,0.9,0.05
636,a29bfba62f7d92dd8c70419b567e1f306194b9d8,5,rag_3,3,3,15,3,2,0,0.03,3.506557897319982,1.8249999999999997,840,49,0.02,0.01,0.94,0.03
636,a29bfba62f7d92dd8c70419b567e1f306194b9d8,5,rag_5,5,5,15,3,2,0,0.11,2.2072749131897207,1.5322,1101,49,0.02,0.01,0.86,0.11
636,a29bfba62f7d92dd8c70419b567e1f306194b9d8,5,rag_10,10,10,15,3,2,0,0.03,3.506557897319982,1.7538,1584,49,0.05,0.02,0.9,0.03
636,a29bfba62f7d92dd8c70419b567e1f306194b9d8,5,rag_all_support,-1,15,15,3,2,0,0.04,3.2188758248682006,1.7342,2145,49,0.05,0.01,0.9,0.04
621,b574b0739cb3076d5d0d25f0b10996832b87db13,3,query_only,0,0,7,3,2,0,0.1,2.3025850929940455,1.455,485,49,0.05,0.05,0.8,0.1
621,b574b0739cb3076d5d0d25f0b10996832b87db13,3,rag_1,1,1,7,3,2,0,0.15,1.8971199848858813,1.17,577,49,0.15,0.05,0.65,0.15
621,b574b0739cb3076d5d0d25f0b10996832b87db13,3,rag_3,3,3,7,3,3,1,0.6,0.5108256237659907,0.23500000000000004,795,49,0.1,0.05,0.25,0.6
621,b574b0739cb3076d5d0d25f0b10996832b87db13,3,rag_5,5,5,7,3,2,0,0.1,2.3025850929940455,1.455,1078,49,0.05,0.05,0.8,0.1
621,b574b0739cb3076d5d0d25f0b10996832b87db13,3,rag_10,10,7,7,3,2,0,0.45,0.7985076962177716,0.51,1276,49,0.05,0.05,0.45,0.45
621,b574b0739cb3076d5d0d25f0b10996832b87db13,3,rag_all_support,-1,7,7,3,2,0,0.45,0.7985076962177716,0.51,1276,49,0.05,0.05,0.45,0.45
617,79b83d7298805df122f28d330f74467ddf4592be,3,query_only,0,0,9,0,3,0,0.05,2.995732273553991,1.63,585,49,0.05,0.05,0.05,0.85
617,79b83d7298805df122f28d330f74467ddf4592be,3,rag_1,1,1,9,0,3,0,0.3,1.2039728043259361,0.7599999999999999,694,49,0.3,0.1,0.1,0.5
617,79b83d7298805df122f28d330f74467ddf4592be,3,rag_3,3,3,9,0,3,0,0.2,1.6094379124341003,0.9400000000000002,930,49,0.2,0.2,0.1,0.5
617,79b83d7298805df122f28d330f74467ddf4592be,3,rag_5,5,5,9,0,3,0,0.1,2.3025850929940455,1.2200000000000002,1189,49,0.1,0.2,0.1,0.6
617,79b83d7298805df122f28d330f74467ddf4592be,3,rag_10,10,9,9,0,3,0,0.05,2.995732273553991,1.5550000000000002,1683,49,0.05,0.1,0.05,0.8
617,79b83d7298805df122f28d330f74467ddf4592be,3,rag_all_support,-1,9,9,0,3,0,0.05,2.995732273553991,1.5550000000000002,1683,49,0.05,0.1,0.05,0.8
924,0b6c7ad03ffc5e7ace9e98bb266dba1d879a2983,2,query_only,0,0,11,0,3,0,0.1,2.3025850929940455,1.455,536,49,0.1,0.05,0.05,0.8
924,0b6c7ad03ffc5e7ace9e98bb266dba1d879a2983,2,rag_1,1,1,11,0,3,0,0.15,1.8971199848858813,1.2899999999999998,637,49,0.15,0.05,0.05,0.75
924,0b6c7ad03ffc5e7ace9e98bb266dba1d879a2983,2,rag_3,3,3,11,0,3,0,0.4,0.916290731874155,0.575,844,49,0.4,0.1,0.05,0.45
924,0b6c7ad03ffc5e7ace9e98bb266dba1d879a2983,2,rag_5,5,5,11,0,0,1,0.6,0.5108256237659907,0.255,1026,49,0.6,0.05,0.05,0.3
924,0b6c7ad03ffc5e7ace9e98bb266dba1d879a2983,2,rag_10,10,10,11,0,3,0,0.3,1.2039728043259361,0.855,1558,49,0.3,0.05,0.05,0.6
924,0b6c7ad03ffc5e7ace9e98bb266dba1d879a2983,2,rag_all_support,-1,11,11,0,3,0,0.15,1.8971199848858813,1.2249999999999999,1727,49,0.15,0.05,0.1,0.7
221,6dee65c5623f8a2d325a158d1496400a7ac67739,5,query_only,0,0,12,0,0,1,0.35,1.0498221244986778,0.605,461,49,0.35,0.05,0.3,0.3
221,6dee65c5623f8a2d325a158d1496400a7ac67739,5,rag_1,1,1,12,0,2,0,0.1,2.3025850929940455,1.385,559,49,0.1,0.05,0.75,0.1
221,6dee65c5623f8a2d325a158d1496400a7ac67739,5,rag_3,3,3,12,0,2,0,0.15,1.8971199848858813,1.125,780,49,0.15,0.05,0.6,0.2
221,6dee65c5623f8a2d325a158d1496400a7ac67739,5,rag_5,5,5,12,0,2,0,0.15,1.8971199848858813,1.17,990,49,0.15,0.05,0.65,0.15
221,6dee65c5623f8a2d325a158d1496400a7ac67739,5,rag_10,10,10,12,0,2,0,0.15,1.8971199848858813,1.075,1484,49,0.15,0.1,0.55,0.2
221,6dee65c5623f8a2d325a158d1496400a7ac67739,5,rag_all_support,-1,12,12,0,2,0,0.16,1.8325814637483102,0.9655999999999998,1691,49,0.16,0.3,0.38,0.16
938,295fb99690fd4c6721d53a442caa7a48dd30be85,3,query_only,0,0,15,3,1,0,0.2,1.6094379124341003,1.02,474,49,0.1,0.6,0.1,0.2
938,295fb99690fd4c6721d53a442caa7a48dd30be85,3,rag_1,1,1,15,3,2,0,0.15,1.8971199848858813,1.045,578,49,0.1,0.25,0.5,0.15
938,295fb99690fd4c6721d53a442caa7a48dd30be85,3,rag_3,3,3,15,3,2,0,0.05,2.995732273553991,1.4858,882,49,0.08,0.12,0.75,0.05
938,295fb99690fd4c6721d53a442caa7a48dd30be85,3,rag_5,5,5,15,3,2,0,0.13,2.0402208285265546,1.1574,1074,49,0.09,0.18,0.6,0.13
938,295fb99690fd4c6721d53a442caa7a48dd30be85,3,rag_10,10,10,15,3,2,0,0.10000000000000002,2.3025850929940455,1.145,1610,49,0.10000000000000002,0.35000000000000003,0.45000000000000007,0.10000000000000002
938,295fb99690fd4c6721d53a442caa7a48dd30be85,3,rag_all_support,-1,15,15,3,2,0,0.10000000000000002,2.3025850929940455,1.2350000000000003,2329,49,0.05000000000000001,0.25000000000000006,0.6000000000000001,0.10000000000000002
292,c44a2df4f2c325dcba906fc9b72e1f1a59d9cb6b,1,query_only,0,0,5,2,1,0,0.2,1.6094379124341003,1.0250000000000001,532,49,0.05,0.6,0.2,0.15
292,c44a2df4f2c325dcba906fc9b72e1f1a59d9cb6b,1,rag_1,1,1,5,2,1,0,0.20000000000000004,1.6094379124341003,1.0208,779,49,0.08000000000000002,0.6000000000000001,0.20000000000000004,0.12000000000000001
292,c44a2df4f2c325dcba906fc9b72e1f1a59d9cb6b,1,rag_3,3,3,5,2,1,0,0.12,2.120263536200091,1.3457999999999999,1077,49,0.05,0.75,0.12,0.08
292,c44a2df4f2c325dcba906fc9b72e1f1a59d9cb6b,1,rag_5,5,5,5,2,1,0,0.12,2.120263536200091,1.3457999999999999,1756,49,0.05,0.75,0.12,0.08
292,c44a2df4f2c325dcba906fc9b72e1f1a59d9cb6b,1,rag_10,10,5,5,2,1,0,0.12,2.120263536200091,1.3457999999999999,1756,49,0.05,0.75,0.12,0.08
292,c44a2df4f2c325dcba906fc9b72e1f1a59d9cb6b,1,rag_all_support,-1,5,5,2,1,0,0.12,2.120263536200091,1.3457999999999999,1756,49,0.05,0.75,0.12,0.08
314,aff582e55feb1582247b77ddc68749b03e55814c,1,query_only,0,0,5,3,2,0,0.1,2.3025850929940455,1.455,523,49,0.05,0.05,0.8,0.1
314,aff582e55feb1582247b77ddc68749b03e55814c,1,rag_1,1,1,5,3,3,1,0.84,0.1743533871447778,0.03820000000000001,702,49,0.05,0.01,0.1,0.84
314,aff582e55feb1582247b77ddc68749b03e55814c,1,rag_3,3,3,5,3,3,1,0.8,0.2231435513142097,0.05499999999999998,1045,49,0.05,0.05,0.1,0.8
314,aff582e55feb1582247b77ddc68749b03e55814c,1,rag_5,5,5,5,3,3,1,0.9,0.10536051565782628,0.014199999999999996,1376,49,0.05,0.01,0.04,0.9
314,aff582e55feb1582247b77ddc68749b03e55814c,1,rag_10,10,5,5,3,3,1,0.9,0.10536051565782628,0.014199999999999996,1376,49,0.05,0.01,0.04,0.9
314,aff582e55feb1582247b77ddc68749b03e55814c,1,rag_all_support,-1,5,5,3,3,1,0.9,0.10536051565782628,0.014199999999999996,1376,49,0.05,0.01,0.04,0.9
845,1e2c96a5efb1c7408f6686993684bc20eeaf0619,4,query_only,0,0,9,0,1,0,0.35,1.0498221244986778,0.6499999999999999,411,49,0.35,0.45,0.05,0.15
845,1e2c96a5efb1c7408f6686993684bc20eeaf0619,4,rag_1,1,1,9,0,0,1,0.4499999999999999,0.7985076962177718,0.475,516,49,0.4499999999999999,0.3999999999999999,0.04999999999999999,0.09999999999999998
845,1e2c96a5efb1c7408f6686993684bc20eeaf0619,4,rag_3,3,3,9,0,1,0,0.35,1.0498221244986778,0.6499999999999999,722,49,0.35,0.45,0.05,0.15
845,1e2c96a5efb1c7408f6686993684bc20eeaf0619,4,rag_5,5,5,9,0,0,1,0.4,0.916290731874155,0.525,972,49,0.4,0.35,0.05,0.2
845,1e2c96a5efb1c7408f6686993684bc20eeaf0619,4,rag_10,10,9,9,0,0,1,0.6000000000000001,0.5108256237659905,0.2568,1409,49,0.6000000000000001,0.30000000000000004,0.020000000000000004,0.08000000000000002
845,1e2c96a5efb1c7408f6686993684bc20eeaf0619,4,rag_all_support,-1,9,9,0,0,1,0.6000000000000001,0.5108256237659905,0.2568,1409,49,0.6000000000000001,0.30000000000000004,0.020000000000000004,0.08000000000000002
749,3d88ca05c848f2dfee2f988ed5112599a20d0e80,1,query_only,0,0,13,0,2,0,0.25000000000000006,1.3862943611198904,0.935,518,49,0.25000000000000006,0.05000000000000001,0.6000000000000001,0.10000000000000002
749,3d88ca05c848f2dfee2f988ed5112599a20d0e80,1,rag_1,1,1,13,0,0,1,0.6,0.5108256237659907,0.25500000000000006,654,49,0.6,0.05,0.3,0.05
749,3d88ca05c848f2dfee2f988ed5112599a20d0e80,1,rag_3,3,3,13,0,2,0,0.4,0.916290731874155,0.575,893,49,0.4,0.05,0.45,0.1
749,3d88ca05c848f2dfee2f988ed5112599a20d0e80,1,rag_5,5,5,13,0,0,1,0.5,0.6931471805599453,0.41500000000000004,1188,49,0.5,0.05,0.4,0.05
749,3d88ca05c848f2dfee2f988ed5112599a20d0e80,1,rag_10,10,10,13,0,0,1,0.45,0.7985076962177716,0.51,1708,49,0.45,0.05,0.45,0.05
749,3d88ca05c848f2dfee2f988ed5112599a20d0e80,1,rag_all_support,-1,13,13,0,2,0,0.35000000000000003,1.0498221244986776,0.685,2076,49,0.35000000000000003,0.05000000000000001,0.5000000000000001,0.10000000000000002
978,12ea57014d0a2119cd2fa031a6e9b8fffc9421cb,2,query_only,0,0,17,2,0,0,0.2,1.6094379124341003,0.9750000000000001,400,49,0.55,0.1,0.2,0.15
978,12ea57014d0a2119cd2fa031a6e9b8fffc9421cb,2,rag_1,1,1,17,2,1,0,0.1,2.3025850929940455,1.2650000000000001,486,49,0.15,0.65,0.1,0.1
978,12ea57014d0a2119cd2fa031a6e9b8fffc9421cb,2,rag_3,3,3,17,2,1,0,0.18,1.7147984280919266,1.0118000000000003,713,49,0.12,0.55,0.18,0.15
978,12ea57014d0a2119cd2fa031a6e9b8fffc9421cb,2,rag_5,5,5,17,2,1,0,0.18,1.7147984280919266,1.0118000000000003,930,49,0.12,0.55,0.18,0.15
978,12ea57014d0a2119cd2fa031a6e9b8fffc9421cb,2,rag_10,10,10,17,2,1,0,0.2,1.6094379124341003,0.9850000000000002,1509,49,0.05,0.55,0.2,0.2
978,12ea57014d0a2119cd2fa031a6e9b8fffc9421cb,2,rag_all_support,-1,17,17,2,1,0,0.2,1.6094379124341003,1.0250000000000001,2390,49,0.05,0.6,0.2,0.15
139,558a428eef0141b6e98a8e9d56685c312133e497,5,query_only,0,0,15,2,1,0,0.04,3.2188758248682006,1.6664,517,49,0.06,0.86,0.04,0.04
139,558a428eef0141b6e98a8e9d56685c312133e497,5,rag_1,1,1,15,2,1,0,0.05,2.995732273553991,1.63,617,49,0.05,0.85,0.05,0.05
139,558a428eef0141b6e98a8e9d56685c312133e497,5,rag_3,3,3,15,2,1,0,0.1,2.3025850929940455,1.385,841,49,0.1,0.75,0.1,0.05
139,558a428eef0141b6e98a8e9d56685c312133e497,5,rag_5,5,5,15,2,1,0,0.05,2.995732273553991,1.63,1056,49,0.05,0.85,0.05,0.05
139,558a428eef0141b6e98a8e9d56685c312133e497,5,rag_10,10,10,15,2,0,0,0.1,2.3025850929940455,1.185,1679,49,0.5,0.35,0.1,0.05
139,558a428eef0141b6e98a8e9d56685c312133e497,5,rag_all_support,-1,15,15,2,0,0,0.03,3.506557897319982,1.4038,2409,49,0.55,0.4,0.03,0.02
554,37d42e75cafd2cb6adebfad8f6ce0fd9be61e304,1,query_only,0,0,5,1,1,1,0.45,0.7985076962177716,0.4338000000000001,423,49,0.08,0.45,0.32,0.15
554,37d42e75cafd2cb6adebfad8f6ce0fd9be61e304,1,rag_1,1,1,5,1,1,1,0.55,0.5978370007556204,0.285,529,49,0.1,0.55,0.25,0.1
554,37d42e75cafd2cb6adebfad8f6ce0fd9be61e304,1,rag_3,3,3,5,1,1,1,0.6,0.5108256237659907,0.23500000000000004,740,49,0.05,0.6,0.25,0.1
554,37d42e75cafd2cb6adebfad8f6ce0fd9be61e304,1,rag_5,5,5,5,1,1,1,0.55,0.5978370007556204,0.30379999999999996,926,49,0.08,0.55,0.3,0.07
554,37d42e75cafd2cb6adebfad8f6ce0fd9be61e304,1,rag_10,10,5,5,1,1,1,0.55,0.5978370007556204,0.30379999999999996,926,49,0.08,0.55,0.3,0.07
554,37d42e75cafd2cb6adebfad8f6ce0fd9be61e304,1,rag_all_support,-1,5,5,1,1,1,0.55,0.5978370007556204,0.30379999999999996,926,49,0.08,0.55,0.3,0.07
677,328225860d4ff51a289792f2286e47bc91ddde1e,2,query_only,0,0,12,0,3,0,0.1,2.3025850929940455,1.455,600,49,0.1,0.05,0.05,0.8
677,328225860d4ff51a289792f2286e47bc91ddde1e,2,rag_1,1,1,12,0,0,1,0.55,0.5978370007556204,0.285,713,49,0.55,0.1,0.1,0.25
677,328225860d4ff51a289792f2286e47bc91ddde1e,2,rag_3,3,3,12,0,0,1,0.45,0.7985076962177716,0.44500000000000006,995,49,0.45,0.1,0.1,0.35
677,328225860d4ff51a289792f2286e47bc91ddde1e,2,rag_5,5,5,12,0,3,0,0.15,1.8971199848858813,1.2249999999999999,1259,49,0.15,0.05,0.1,0.7
677,328225860d4ff51a289792f2286e47bc91ddde1e,2,rag_10,10,10,12,0,0,1,0.45,0.7985076962177716,0.44500000000000006,1935,49,0.45,0.1,0.1,0.35
677,328225860d4ff51a289792f2286e47bc91ddde1e,2,rag_all_support,-1,12,12,0,0,1,0.4,0.916290731874155,0.54,2257,49,0.4,0.1,0.1,0.4
589,f4b13977609c19d67e8ebd0298035a6c9b992734,0,query_only,0,0,13,0,1,0,0.1,2.3025850929940455,1.2149999999999999,487,49,0.1,0.6,0.15,0.15
589,f4b13977609c19d67e8ebd0298035a6c9b992734,0,rag_1,1,1,13,0,1,0,0.25,1.3862943611198906,0.9349999999999999,603,49,0.25,0.6,0.1,0.05
589,f4b13977609c19d67e8ebd0298035a6c9b992734,0,rag_3,3,3,13,0,1,0,0.10000000000000002,2.3025850929940455,1.3200000000000003,785,49,0.10000000000000002,0.7000000000000001,0.10000000000000002,0.10000000000000002
589,f4b13977609c19d67e8ebd0298035a6c9b992734,0,rag_5,5,5,13,0,1,0,0.12000000000000001,2.120263536200091,1.2808000000000002,981,49,0.12000000000000001,0.7000000000000001,0.10000000000000002,0.08000000000000002
589,f4b13977609c19d67e8ebd0298035a6c9b992734,0,rag_10,10,10,13,0,1,0,0.10000000000000002,2.3025850929940455,1.3200000000000003,1458,49,0.10000000000000002,0.7000000000000001,0.10000000000000002,0.10000000000000002
589,f4b13977609c19d67e8ebd0298035a6c9b992734,0,rag_all_support,-1,13,13,0,1,0,0.15,1.8971199848858813,1.0699999999999998,1855,49,0.15,0.55,0.15,0.15
39,844f287eec9be7768f79c0b6f707f6cba3ba1335,4,query_only,0,0,13,2,3,0,0.07,2.659260036932778,1.3646,481,49,0.18,0.07,0.07,0.68
39,844f287eec9be7768f79c0b6f707f6cba3ba1335,4,rag_1,1,1,13,2,3,0,0.15,1.8971199848858813,1.035,598,49,0.2,0.15,0.15,0.5
39,844f287eec9be7768f79c0b6f707f6cba3ba1335,4,rag_3,3,3,13,2,0,0,0.25,1.3862943611198906,0.795,821,49,0.4,0.1,0.25,0.25
39,844f287eec9be7768f79c0b6f707f6cba3ba1335,4,rag_5,5,5,13,2,0,0,0.15,1.8971199848858813,1.025,1009,49,0.45,0.1,0.15,0.3
39,844f287eec9be7768f79c0b6f707f6cba3ba1335,4,rag_10,10,10,13,2,2,1,0.55,0.5978370007556204,0.30499999999999994,1634,49,0.1,0.05,0.55,0.3
39,844f287eec9be7768f79c0b6f707f6cba3ba1335,4,rag_all_support,-1,13,13,2,2,1,0.45,0.7985076962177716,0.45000000000000007,1991,49,0.05,0.35,0.45,0.15
513,83301588c63dfa1998118b7b761d68fc9c28eb0f,5,query_only,0,0,13,1,0,0,0.05,2.995732273553991,1.555,543,49,0.8,0.05,0.1,0.05
513,83301588c63dfa1998118b7b761d68fc9c28eb0f,5,rag_1,1,1,13,1,1,1,0.7,0.35667494393873245,0.12240000000000002,652,49,0.12,0.7,0.12,0.06
513,83301588c63dfa1998118b7b761d68fc9c28eb0f,5,rag_3,3,3,13,1,1,1,0.79,0.23572233352106983,0.061999999999999986,896,49,0.07,0.79,0.11,0.03
513,83301588c63dfa1998118b7b761d68fc9c28eb0f,5,rag_5,5,5,13,1,1,1,0.7,0.35667494393873245,0.13040000000000002,1111,49,0.08,0.7,0.18,0.04
513,83301588c63dfa1998118b7b761d68fc9c28eb0f,5,rag_10,10,10,13,1,1,1,0.7,0.35667494393873245,0.13500000000000004,1595,49,0.05,0.7,0.2,0.05
513,83301588c63dfa1998118b7b761d68fc9c28eb0f,5,rag_all_support,-1,13,13,1,1,1,0.7,0.35667494393873245,0.13500000000000004,1945,49,0.05,0.7,0.2,0.05
613,0c685175ab8380f51606916b12a8d1a82c1ce2e8,0,query_only,0,0,10,0,2,0,0.1,2.3025850929940455,1.2149999999999999,434,49,0.1,0.15,0.6,0.15
613,0c685175ab8380f51606916b12a8d1a82c1ce2e8,0,rag_1,1,1,10,0,1,0,0.1,2.3025850929940455,1.205,553,49,0.1,0.55,0.3,0.05
613,0c685175ab8380f51606916b12a8d1a82c1ce2e8,0,rag_3,3,3,10,0,2,0,0.15,1.8971199848858813,1.045,751,49,0.15,0.25,0.5,0.1
613,0c685175ab8380f51606916b12a8d1a82c1ce2e8,0,rag_5,5,5,10,0,2,0,0.15,1.8971199848858813,1.015,972,49,0.15,0.35,0.4,0.1
613,0c685175ab8380f51606916b12a8d1a82c1ce2e8,0,rag_10,10,10,10,0,2,0,0.10000000000000002,2.3025850929940455,1.1450000000000002,1564,49,0.10000000000000002,0.35000000000000003,0.45000000000000007,0.10000000000000002
613,0c685175ab8380f51606916b12a8d1a82c1ce2e8,0,rag_all_support,-1,10,10,0,2,0,0.10000000000000002,2.3025850929940455,1.1450000000000002,1564,49,0.10000000000000002,0.35000000000000003,0.45000000000000007,0.10000000000000002
107,26114b424cca3c7883dcd7e1e0b8ffcb17462698,3,query_only,0,0,11,0,2,0,0.25,1.3862943611198906,0.755,433,49,0.25,0.2,0.3,0.25
107,26114b424cca3c7883dcd7e1e0b8ffcb17462698,3,rag_1,1,1,11,0,0,1,0.5499999999999999,0.5978370007556205,0.275,521,49,0.5499999999999999,0.14999999999999997,0.19999999999999996,0.09999999999999998
107,26114b424cca3c7883dcd7e1e0b8ffcb17462698,3,rag_3,3,3,11,0,0,1,0.45000000000000007,0.7985076962177715,0.41500000000000004,740,49,0.45000000000000007,0.25000000000000006,0.20000000000000004,0.10000000000000002
107,26114b424cca3c7883dcd7e1e0b8ffcb17462698,3,rag_5,5,5,11,0,1,0,0.25,1.3862943611198906,0.755,1101,49,0.25,0.3,0.25,0.2
107,26114b424cca3c7883dcd7e1e0b8ffcb17462698,3,rag_10,10,10,11,0,0,1,0.4,0.916290731874155,0.48500000000000004,1757,49,0.4,0.25,0.2,0.15
107,26114b424cca3c7883dcd7e1e0b8ffcb17462698,3,rag_all_support,-1,11,11,0,0,1,0.4,0.916290731874155,0.48500000000000004,1972,49,0.4,0.2,0.25,0.15
432,1926ef0c90396f13a830ab07200f253c23c28a81,1,query_only,0,0,11,0,1,0,0.15,1.8971199848858813,1.075,536,49,0.15,0.55,0.1,0.2
432,1926ef0c90396f13a830ab07200f253c23c28a81,1,rag_1,1,1,11,0,1,0,0.2,1.6094379124341003,0.9550000000000001,645,49,0.2,0.5,0.05,0.25
432,1926ef0c90396f13a830ab07200f253c23c28a81,1,rag_3,3,3,11,0,0,1,0.55,0.5978370007556204,0.29,856,49,0.55,0.25,0.05,0.15
432,1926ef0c90396f13a830ab07200f253c23c28a81,1,rag_5,5,5,11,0,0,1,0.5499999999999999,0.5978370007556205,0.30500000000000005,1064,49,0.5499999999999999,0.29999999999999993,0.04999999999999999,0.09999999999999998
432,1926ef0c90396f13a830ab07200f253c23c28a81,1,rag_10,10,10,11,0,0,1,0.35,1.0498221244986778,0.61,1639,49,0.35,0.25,0.05,0.35
432,1926ef0c90396f13a830ab07200f253c23c28a81,1,rag_all_support,-1,11,11,0,0,1,0.5499999999999999,0.5978370007556205,0.30500000000000005,1766,49,0.5499999999999999,0.29999999999999993,0.04999999999999999,0.09999999999999998
800,5286c690405550253ed02d2f0ddaf0bce235cb98,3,query_only,0,0,13,2,3,0,0.25,1.3862943611198906,1.0148000000000001,457,49,0.05,0.03,0.25,0.67
800,5286c690405550253ed02d2f0ddaf0bce235cb98,3,rag_1,1,1,13,2,2,1,0.55,0.5978370007556204,0.30499999999999994,562,49,0.1,0.05,0.55,0.3
800,5286c690405550253ed02d2f0ddaf0bce235cb98,3,rag_3,3,3,13,2,2,1,0.6,0.5108256237659907,0.22500000000000003,839,49,0.15,0.05,0.6,0.2
800,5286c690405550253ed02d2f0ddaf0bce235cb98,3,rag_5,5,5,13,2,2,1,0.7,0.35667494393873245,0.13500000000000004,1038,49,0.05,0.05,0.7,0.2
800,5286c690405550253ed02d2f0ddaf0bce235cb98,3,rag_10,10,10,13,2,2,1,0.6,0.5108256237659907,0.255,1622,49,0.05,0.05,0.6,0.3
800,5286c690405550253ed02d2f0ddaf0bce235cb98,3,rag_all_support,-1,13,13,2,2,1,0.55,0.5978370007556204,0.27499999999999997,1927,49,0.15,0.1,0.55,0.2
260,d03477215984e392f238796d2500fcb1ed041f8f,0,query_only,0,0,6,1,3,0,0.05,2.995732273553991,1.5550000000000002,542,49,0.05,0.05,0.1,0.8
260,d03477215984e392f238796d2500fcb1ed041f8f,0,rag_1,1,1,6,1,3,0,0.05,2.995732273553991,1.5550000000000002,764,49,0.05,0.05,0.1,0.8
260,d03477215984e392f238796d2500fcb1ed041f8f,0,rag_3,3,3,6,1,3,0,0.05,2.995732273553991,1.5550000000000002,1055,49,0.05,0.05,0.1,0.8
260,d03477215984e392f238796d2500fcb1ed041f8f,0,rag_5,5,5,6,1,3,0,0.1,2.3025850929940455,1.325,1359,49,0.05,0.1,0.15,0.7
260,d03477215984e392f238796d2500fcb1ed041f8f,0,rag_10,10,6,6,1,3,0,0.1,2.3025850929940455,1.2750000000000001,1517,49,0.05,0.1,0.2,0.65
260,d03477215984e392f238796d2500fcb1ed041f8f,0,rag_all_support,-1,6,6,1,3,0,0.1,2.3025850929940455,1.2750000000000001,1517,49,0.05,0.1,0.2,0.65
307,d5fe37ca398821603c4b5219d5a299e1d2fbd116,4,query_only,0,0,11,2,1,0,0.10000000000000002,2.3025850929940455,1.32,636,49,0.10000000000000002,0.7000000000000001,0.10000000000000002,0.10000000000000002
307,d5fe37ca398821603c4b5219d5a299e1d2fbd116,4,rag_1,1,1,11,2,1,0,0.15,1.8971199848858813,1.115,789,49,0.15,0.6,0.15,0.1
307,d5fe37ca398821603c4b5219d5a299e1d2fbd116,4,rag_3,3,3,11,2,1,0,0.1,2.3025850929940455,1.385,1033,49,0.1,0.75,0.1,0.05
307,d5fe37ca398821603c4b5219d5a299e1d2fbd116,4,rag_5,5,5,11,2,1,0,0.15,1.8971199848858813,1.115,1380,49,0.15,0.6,0.15,0.1
307,d5fe37ca398821603c4b5219d5a299e1d2fbd116,4,rag_10,10,10,11,2,1,0,0.06999999999999999,2.6592600369327783,1.5137999999999996,2620,49,0.04999999999999999,0.7999999999999998,0.06999999999999999,0.07999999999999999
307,d5fe37ca398821603c4b5219d5a299e1d2fbd116,4,rag_all_support,-1,11,11,2,1,0,0.10000000000000002,2.3025850929940455,1.32,2809,49,0.10000000000000002,0.7000000000000001,0.10000000000000002,0.10000000000000002
713,6387d116b33a9930f7947ea8c6cdf5a52f99af5c,1,query_only,0,0,9,2,3,0,0.05,2.995732273553991,1.63,533,49,0.05,0.05,0.05,0.85
713,6387d116b33a9930f7947ea8c6cdf5a52f99af5c,1,rag_1,1,1,9,2,2,1,0.75,0.2876820724517809,0.08499999999999999,632,49,0.05,0.1,0.75,0.1
713,6387d116b33a9930f7947ea8c6cdf5a52f99af5c,1,rag_3,3,3,9,2,2,1,0.6000000000000001,0.5108256237659905,0.23499999999999996,845,49,0.05000000000000001,0.25000000000000006,0.6000000000000001,0.10000000000000002
713,6387d116b33a9930f7947ea8c6cdf5a52f99af5c,1,rag_5,5,5,9,2,3,0,0.35,1.0498221244986778,0.685,1057,49,0.05,0.1,0.35,0.5
713,6387d116b33a9930f7947ea8c6cdf5a52f99af5c,1,rag_10,10,9,9,2,3,0,0.3,1.2039728043259361,0.8049999999999999,1514,49,0.05,0.1,0.3,0.55
713,6387d116b33a9930f7947ea8c6cdf5a52f99af5c,1,rag_all_support,-1,9,9,2,3,0,0.3,1.2039728043259361,0.8049999999999999,1514,49,0.05,0.1,0.3,0.55
820,8e7d84375aa9ee472512f28ec4ea07dfb0d4c342,3,query_only,0,0,11,3,1,0,0.28,1.2729656758128873,0.7928,523,49,0.12,0.5,0.1,0.28
820,8e7d84375aa9ee472512f28ec4ea07dfb0d4c342,3,rag_1,1,1,11,3,0,0,0.1,2.3025850929940455,1.325,647,49,0.7,0.15,0.05,0.1
820,8e7d84375aa9ee472512f28ec4ea07dfb0d4c342,3,rag_3,3,3,11,3,0,0,0.15,1.8971199848858813,1.115,854,49,0.6,0.15,0.1,0.15
820,8e7d84375aa9ee472512f28ec4ea07dfb0d4c342,3,rag_5,5,5,11,3,0,0,0.1,2.3025850929940455,1.325,1067,49,0.7,0.15,0.05,0.1
820,8e7d84375aa9ee472512f28ec4ea07dfb0d4c342,3,rag_10,10,10,11,3,0,0,0.15,1.8971199848858813,1.0899999999999999,1626,49,0.55,0.25,0.05,0.15
820,8e7d84375aa9ee472512f28ec4ea07dfb0d4c342,3,rag_all_support,-1,11,11,3,0,0,0.2,1.6094379124341003,0.9550000000000001,1735,49,0.5,0.25,0.05,0.2
137,f69933a56b0e5621b31719408d13ca5d2530eb29,3,query_only,0,0,15,3,2,0,0.05,2.995732273553991,1.63,566,49,0.05,0.05,0.85,0.05
137,f69933a56b0e5621b31719408d13ca5d2530eb29,3,rag_1,1,1,15,3,0,0,0.1,2.3025850929940455,1.2650000000000001,675,49,0.65,0.1,0.15,0.1
137,f69933a56b0e5621b31719408d13ca5d2530eb29,3,rag_3,3,3,15,3,0,0,0.15,1.8971199848858813,0.985,891,49,0.4,0.2,0.25,0.15
137,f69933a56b0e5621b31719408d13ca5d2530eb29,3,rag_5,5,5,15,3,0,0,0.10000000000000002,2.3025850929940455,1.2200000000000002,1094,49,0.6000000000000001,0.10000000000000002,0.20000000000000004,0.10000000000000002
137,f69933a56b0e5621b31719408d13ca5d2530eb29,3,rag_10,10,10,15,3,1,0,0.15,1.8971199848858813,1.045,1607,49,0.1,0.5,0.25,0.15
137,f69933a56b0e5621b31719408d13ca5d2530eb29,3,rag_all_support,-1,15,15,3,0,0,0.10000000000000002,2.3025850929940455,1.2200000000000002,2272,49,0.6000000000000001,0.10000000000000002,0.20000000000000004,0.10000000000000002
947,1524caec7207d906c9a79e43e47889a33fe62346,1,query_only,0,0,17,2,1,0,0.35,1.0498221244986778,0.65,488,49,0.05,0.45,0.35,0.15
947,1524caec7207d906c9a79e43e47889a33fe62346,1,rag_1,1,1,17,2,2,1,0.6,0.5108256237659907,0.25500000000000006,591,49,0.05,0.3,0.6,0.05
947,1524caec7207d906c9a79e43e47889a33fe62346,1,rag_3,3,3,17,2,2,1,0.55,0.5978370007556204,0.285,774,49,0.1,0.25,0.55,0.1
947,1524caec7207d906c9a79e43e47889a33fe62346,1,rag_5,5,5,17,2,2,1,0.6000000000000001,0.5108256237659905,0.23499999999999996,1029,49,0.05000000000000001,0.25000000000000006,0.6000000000000001,0.10000000000000002
947,1524caec7207d906c9a79e43e47889a33fe62346,1,rag_10,10,10,17,2,2,1,0.6000000000000001,0.5108256237659905,0.23499999999999996,1686,49,0.05000000000000001,0.25000000000000006,0.6000000000000001,0.10000000000000002
947,1524caec7207d906c9a79e43e47889a33fe62346,1,rag_all_support,-1,17,17,2,2,1,0.65,0.4307829160924542,0.175,2475,49,0.05,0.2,0.65,0.1
479,f049340ed2c23a5091046c3de6712194adb1c301,3,query_only,0,0,9,0,0,1,0.7000000000000001,0.3566749439387323,0.13999999999999999,650,49,0.7000000000000001,0.0,0.20000000000000004,0.10000000000000002
479,f049340ed2c23a5091046c3de6712194adb1c301,3,rag_1,1,1,9,0,0,1,0.75,0.2876820724517809,0.10500000000000001,842,49,0.75,0.0,0.05,0.2
479,f049340ed2c23a5091046c3de6712194adb1c301,3,rag_3,3,3,9,0,0,1,0.75,0.2876820724517809,0.095,1059,49,0.75,0.0,0.1,0.15
479,f049340ed2c23a5091046c3de6712194adb1c301,3,rag_5,5,5,9,0,0,1,0.7000000000000001,0.3566749439387323,0.14059999999999997,1243,49,0.7000000000000001,0.010000000000000002,0.08000000000000002,0.21000000000000002
479,f049340ed2c23a5091046c3de6712194adb1c301,3,rag_10,10,9,9,0,0,1,0.85,0.16251892949777494,0.03500000000000001,1708,49,0.85,0.0,0.05,0.1
479,f049340ed2c23a5091046c3de6712194adb1c301,3,rag_all_support,-1,9,9,0,0,1,0.85,0.16251892949777494,0.03500000000000001,1708,49,0.85,0.0,0.05,0.1
365,aeddb350131244be3d40e3ced9aaa6157718979b,1,query_only,0,0,11,1,1,1,0.86,0.15082288973458366,0.032200000000000006,600,49,0.02,0.86,0.01,0.11
365,aeddb350131244be3d40e3ced9aaa6157718979b,1,rag_1,1,1,11,1,1,1,0.8,0.2231435513142097,0.06499999999999997,750,49,0.05,0.8,0.0,0.15
365,aeddb350131244be3d40e3ced9aaa6157718979b,1,rag_3,3,3,11,1,1,1,0.85,0.16251892949777494,0.03500000000000001,1018,49,0.05,0.85,0.0,0.1
365,aeddb350131244be3d40e3ced9aaa6157718979b,1,rag_5,5,5,11,1,1,1,0.75,0.2876820724517809,0.095,1241,49,0.1,0.75,0.0,0.15
365,aeddb350131244be3d40e3ced9aaa6157718979b,1,rag_10,10,10,11,1,1,1,0.85,0.16251892949777494,0.03500000000000001,1768,49,0.05,0.85,0.0,0.1
365,aeddb350131244be3d40e3ced9aaa6157718979b,1,rag_all_support,-1,11,11,1,1,1,0.75,0.2876820724517809,0.095,1871,49,0.1,0.75,0.0,0.15
499,9dfff3e88b638b76d62bc814b87e4f72a46d717e,1,query_only,0,0,9,3,2,0,0.15,1.8971199848858813,1.2908,502,49,0.03,0.07,0.75,0.15
499,9dfff3e88b638b76d62bc814b87e4f72a46d717e,1,rag_1,1,1,9,3,3,1,0.7,0.35667494393873245,0.13500000000000004,701,49,0.05,0.05,0.2,0.7
499,9dfff3e88b638b76d62bc814b87e4f72a46d717e,1,rag_3,3,3,9,3,3,1,0.77,0.2613647641344075,0.07339999999999999,984,49,0.06,0.05,0.12,0.77
499,9dfff3e88b638b76d62bc814b87e4f72a46d717e,1,rag_5,5,5,9,3,3,1,0.75,0.2876820724517809,0.1038,1161,49,0.03,0.02,0.2,0.75
499,9dfff3e88b638b76d62bc814b87e4f72a46d717e,1,rag_10,10,9,9,3,3,1,0.8,0.2231435513142097,0.05499999999999998,1612,49,0.05,0.05,0.1,0.8
499,9dfff3e88b638b76d62bc814b87e4f72a46d717e,1,rag_all_support,-1,9,9,3,3,1,0.8,0.2231435513142097,0.05499999999999998,1612,49,0.05,0.05,0.1,0.8
88,cfd551cdbdd4e6952bc69b55ce9b0f28ca41c8a0,3,query_only,0,0,8,2,2,1,0.6,0.5108256237659907,0.22000000000000006,431,49,0.1,0.1,0.6,0.2
88,cfd551cdbdd4e6952bc69b55ce9b0f28ca41c8a0,3,rag_1,1,1,8,2,2,1,0.5,0.6931471805599453,0.33999999999999997,536,49,0.1,0.2,0.5,0.2
88,cfd551cdbdd4e6952bc69b55ce9b0f28ca41c8a0,3,rag_3,3,3,8,2,2,1,0.45,0.7985076962177716,0.41000000000000003,785,49,0.15,0.15,0.45,0.25
88,cfd551cdbdd4e6952bc69b55ce9b0f28ca41c8a0,3,rag_5,5,5,8,2,2,1,0.45,0.7985076962177716,0.41500000000000004,1036,49,0.2,0.1,0.45,0.25
88,cfd551cdbdd4e6952bc69b55ce9b0f28ca41c8a0,3,rag_10,10,8,8,2,2,1,0.6,0.5108256237659907,0.22000000000000006,1617,49,0.1,0.1,0.6,0.2
88,cfd551cdbdd4e6952bc69b55ce9b0f28ca41c8a0,3,rag_all_support,-1,8,8,2,2,1,0.6,0.5108256237659907,0.22000000000000006,1617,49,0.1,0.1,0.6,0.2
