repeat,user_id,language,alpha_mean,alpha_sd,alpha_min,alpha_max
0,61574934126943,pt,0.19260649383068085,0.11454465240240097,0.030001729726791382,0.2999972105026245
0,61575691375427,fr,0.217174232006073,0.09705822169780731,0.030527770519256592,0.2999958395957947
0,61575485818749,hi,0.22245748341083527,0.10180921852588654,0.030045926570892334,0.2999986410140991
0,61574816892552,pt,0.19226382672786713,0.10529977083206177,0.030818969011306763,0.2999923527240753
0,61574075455618,it,0.22171930968761444,0.100179523229599,0.03000056743621826,0.29999691247940063
0,61575459945486,fr,0.2023393213748932,0.10394107550382614,0.030000954866409302,0.29999884963035583
0,61574981251318,en,0.23810899257659912,0.09119047224521637,0.030052945017814636,0.2999988794326782
0,61575731069908,it,0.23031719028949738,0.09278639405965805,0.03001578152179718,0.29999738931655884
0,61574875659187,hi,0.23308312892913818,0.09034363925457001,0.030209705233573914,0.2999929189682007
0,61574801413926,fr,0.21412135660648346,0.09868436306715012,0.030057132244110107,0.2999984622001648
0,61575146115727,en,0.22943635284900665,0.09103229641914368,0.03127548098564148,0.2999984622001648
0,61573204057105,pt,0.22874850034713745,0.09005025774240494,0.03287602961063385,0.29999619722366333
0,61573089179589,en,0.21610060334205627,0.10173467546701431,0.030071735382080078,0.2999955415725708
0,61574905567721,en,0.18379797041416168,0.11192066967487335,0.030023112893104553,0.2999952435493469
0,61574951645380,en,0.2336835265159607,0.0832272469997406,0.0337986946105957,0.29999661445617676
0,61574784704159,en,0.2573801875114441,0.07507491111755371,0.03306123614311218,0.29999828338623047
0,61575176273985,fr,0.19318053126335144,0.10566790401935577,0.030095115303993225,0.2999880611896515
0,61574760312216,en,0.252734899520874,0.07862299680709839,0.030181527137756348,0.2999984622001648
0,61575685105868,hi,0.23118522763252258,0.0963422879576683,0.030088141560554504,0.2999964952468872
0,61575670886568,hi,0.2258993685245514,0.0961637869477272,0.030139058828353882,0.29999619722366333
0,61575164631789,en,0.2507303059101105,0.08153299987316132,0.03302967548370361,0.2999988794326782
0,61575208087101,hi,0.2119046151638031,0.09983398020267487,0.03002847731113434,0.2999986410140991
0,61575843929653,en,0.20168910920619965,0.10991989076137543,0.030263781547546387,0.2999972105026245
0,61575206423273,hi,0.24284440279006958,0.07547924667596817,0.037993207573890686,0.29999643564224243
0,61572994007723,fr,0.2102043628692627,0.1005764901638031,0.030208691954612732,0.29999858140945435
0,61575207732884,en,0.25888314843177795,0.07196193933486938,0.03916843235492706,0.2999951243400574
0,61575184700780,en,0.2684153914451599,0.06407959759235382,0.033977508544921875,0.2999987304210663
0,61574992560566,hi,0.23402361571788788,0.09263623505830765,0.030005410313606262,0.29999762773513794
0,61573566207733,fr,0.2045639008283615,0.10338542610406876,0.030140027403831482,0.2999988794326782
0,61575283718902,en,0.2662786543369293,0.060674745589494705,0.0349791944026947,0.2999974489212036
0,61574821569203,en,0.2214851677417755,0.09444434940814972,0.03134162724018097,0.29999902844429016
0,61575240461266,pt,0.19563910365104675,0.10048098862171173,0.030002743005752563,0.2999982237815857
0,61575616199388,hi,0.22417482733726501,0.0923023447394371,0.03003200888633728,0.2999957799911499
0,61574709227973,pt,0.15951783955097198,0.10872240364551544,0.03002120554447174,0.2999977171421051
0,61574889725701,en,0.23479503393173218,0.09200507402420044,0.030477240681648254,0.29999834299087524
0,61575850974558,it,0.20275679230690002,0.10773804038763046,0.030011355876922607,0.29999831318855286
0,61575303902251,en,0.23128508031368256,0.09143728762865067,0.030053332448005676,0.2999962568283081
0,61574689937883,fr,0.22979266941547394,0.09350951761007309,0.031172066926956177,0.2999979257583618
0,61575625918798,fr,0.19741596281528473,0.1113538146018982,0.030001699924468994,0.2999948561191559
0,61575159445487,pt,0.22244001924991608,0.08910442143678665,0.030255228281021118,0.29999542236328125
0,61575245441106,en,0.23181255161762238,0.09611690789461136,0.03046111762523651,0.2999964952468872
0,61575530402770,en,0.24453754723072052,0.08449369668960571,0.032147884368896484,0.2999991178512573
0,61575449674736,fr,0.21238279342651367,0.09727811813354492,0.03335849940776825,0.29999881982803345
0,61575677426201,en,0.2143756002187729,0.09694270044565201,0.030620262026786804,0.29999834299087524
0,61575220672434,fr,0.2264086902141571,0.08807618916034698,0.030561015009880066,0.29998499155044556
0,61575207112351,en,0.2345503568649292,0.09229838848114014,0.030368193984031677,0.2999977171421051
0,61575689365656,it,0.23715266585350037,0.0845838189125061,0.031396448612213135,0.29999595880508423
0,61575314851612,en,0.21910212934017181,0.102321095764637,0.03008696436882019,0.2999960482120514
0,61575849234543,pt,0.2354716658592224,0.08822090923786163,0.030966371297836304,0.2999598979949951
0,61573389545206,it,0.22664117813110352,0.08967255800962448,0.030709609389305115,0.2999972701072693
0,61575147806028,pt,0.2321765422821045,0.08248995989561081,0.03310316801071167,0.2999964952468872
0,61575284104535,en,0.2690112888813019,0.05844689905643463,0.04152817279100418,0.29999828338623047
0,61575114161642,hi,0.23766520619392395,0.09616082161664963,0.030060917139053345,0.2999981939792633
0,61575635698445,pt,0.23361697793006897,0.08741229772567749,0.030083969235420227,0.29999345541000366
0,61574793554229,it,0.24042436480522156,0.08642777800559998,0.030222088098526,0.29999852180480957
0,61573072801000,fr,0.1956978291273117,0.1032213568687439,0.030075803399086,0.2999849319458008
0,61575509307728,hi,0.2354852706193924,0.08900430798530579,0.030320435762405396,0.2999974489212036
0,61575227003442,it,0.22334912419319153,0.09741772711277008,0.030560821294784546,0.2999953627586365
0,61575051841154,it,0.2416505664587021,0.079073466360569,0.03155191242694855,0.299993634223938
0,61575829405493,it,0.2681492269039154,0.0581301711499691,0.04248611629009247,0.29999738931655884
0,61575356045890,it,0.2074507772922516,0.10899879038333893,0.030015364289283752,0.2999974489212036
0,61574994845337,en,0.21952500939369202,0.09855542331933975,0.03001485764980316,0.29999735951423645
0,61574977474091,en,0.2329317331314087,0.08644987642765045,0.03290008008480072,0.29999876022338867
0,61575678336895,fr,0.23082950711250305,0.09736024588346481,0.030013367533683777,0.29999780654907227
0,61574817464063,en,0.2745744585990906,0.05192652344703674,0.0435803085565567,0.29999828338623047
0,61574663866130,en,0.25288426876068115,0.06641047447919846,0.044086433947086334,0.29999840259552
0,61575186265522,en,0.25513172149658203,0.07709590345621109,0.0300624817609787,0.2999989688396454
0,61575243311101,it,0.22313469648361206,0.09263197332620621,0.030148744583129883,0.2999880015850067
0,61575821610647,hi,0.23627784848213196,0.0831209048628807,0.03164045512676239,0.2999967932701111
0,61575111327419,en,0.23462171852588654,0.08975322544574738,0.0301552414894104,0.2999982237815857
0,61575778203150,en,0.20354922115802765,0.10908140987157822,0.030015990138053894,0.29999840259552
0,61573399053277,en,0.2810331881046295,0.04270326718688011,0.07922284305095673,0.2999979853630066
0,61574865220091,en,0.24305780231952667,0.08786812424659729,0.03009703755378723,0.299998939037323
0,61574999765096,fr,0.20916461944580078,0.10151708871126175,0.03004412353038788,0.29999881982803345
0,61575046500552,en,0.2557119131088257,0.07534093409776688,0.03272560238838196,0.2999986410140991
0,61575088062953,it,0.20821388065814972,0.09978514909744263,0.03000625967979431,0.2999650239944458
0,61574128582078,en,0.2611643075942993,0.06630686670541763,0.032191380858421326,0.2999987304210663
0,61575532618099,en,0.24189864099025726,0.08889562636613846,0.030618593096733093,0.29999858140945435
0,61575460005891,it,0.2645603120326996,0.05702069774270058,0.03648163378238678,0.29998958110809326
0,61574752002783,en,0.2404089868068695,0.08986544609069824,0.030252918601036072,0.2999989986419678
0,61574963854572,en,0.1793946623802185,0.10807518661022186,0.03004211187362671,0.29999840259552
0,61575134907982,it,0.24310997128486633,0.08027560263872147,0.03331257402896881,0.29999133944511414
0,61574725486505,en,0.24416972696781158,0.08621669560670853,0.03227238357067108,0.2999988794326782
0,61575782391589,en,0.2350367158651352,0.08860709518194199,0.03167465329170227,0.2999987304210663
0,61573815667956,it,0.20799952745437622,0.10306544601917267,0.03000567853450775,0.29997390508651733
0,61575682345613,fr,0.21026365458965302,0.1004067063331604,0.030024290084838867,0.2999974489212036
0,61575308947711,hi,0.2118511199951172,0.10305698215961456,0.03108227252960205,0.2999991178512573
0,61575133420619,hi,0.22122544050216675,0.09884082525968552,0.03003719449043274,0.2999988794326782
0,61575179138929,en,0.2491573989391327,0.0792011246085167,0.03006519377231598,0.29999837279319763
0,61575262936745,pt,0.20128707587718964,0.10018343478441238,0.03184002637863159,0.2999981641769409
0,61575302234656,pt,0.21803711354732513,0.0863613411784172,0.031166061758995056,0.29999756813049316
0,61575282129145,pt,0.21920379996299744,0.09687332808971405,0.03129805624485016,0.29999542236328125
0,61575144555723,pt,0.21162986755371094,0.10355931520462036,0.030031457543373108,0.2999933362007141
0,61575147357302,it,0.2154603898525238,0.09865115582942963,0.03012794256210327,0.2999962270259857
0,61574928787493,it,0.22994302213191986,0.09438523650169373,0.030854269862174988,0.29999667406082153
0,61575324090992,en,0.253038227558136,0.07169532030820847,0.0339224636554718,0.29999735951423645
0,61575134935995,hi,0.24291688203811646,0.08758417516946793,0.030223146080970764,0.2999975085258484
0,61575180414410,it,0.24270334839820862,0.08310157805681229,0.03236830234527588,0.29999613761901855
0,61575005164655,it,0.24454371631145477,0.08470255881547928,0.030062243342399597,0.29999732971191406
0,61575570054989,hi,0.17909660935401917,0.11057328432798386,0.030010372400283813,0.2999979257583618
0,61573191954824,pt,0.24558982253074646,0.08323777467012405,0.03360554575920105,0.2999979257583618
0,61573587415133,en,0.25356000661849976,0.07682826370000839,0.033101603388786316,0.29999810457229614
0,61575732533301,pt,0.20075948536396027,0.10741771757602692,0.030002057552337646,0.2999916076660156
0,61575140786572,en,0.24841685593128204,0.08662369102239609,0.0303383469581604,0.2999991774559021
0,61575025108897,en,0.22592167556285858,0.09410670399665833,0.030254989862442017,0.2999926209449768
0,61573433221729,fr,0.2127060890197754,0.10144715011119843,0.031008601188659668,0.29999542236328125
0,61573596774794,pt,0.23663541674613953,0.091214619576931,0.03149974346160889,0.29999840259552
0,61575556914293,hi,0.2384813129901886,0.094610795378685,0.030014842748641968,0.29999858140945435
0,61575312817624,pt,0.2314644753932953,0.08935010433197021,0.031079351902008057,0.29999810457229614
0,61573167969034,fr,0.2647366225719452,0.05736471340060234,0.037723392248153687,0.2999988794326782
0,61574921438928,en,0.2707540988922119,0.055581528693437576,0.03983795642852783,0.2999982535839081
0,61575125876415,en,0.21083509922027588,0.10048680752515793,0.032440558075904846,0.2999938726425171
0,61575152979706,hi,0.22133886814117432,0.1013503447175026,0.030055060982704163,0.29999828338623047
0,61575091678915,pt,0.20522373914718628,0.10333158075809479,0.0302266925573349,0.29998624324798584
0,61575220722146,en,0.23912447690963745,0.09210259467363358,0.030618101358413696,0.29999518394470215
0,61575829680247,it,0.24818000197410583,0.07610223442316055,0.03681240975856781,0.299998939037323
0,61575138623198,en,0.2698017656803131,0.057713113725185394,0.03349694609642029,0.29999840259552
0,61575306397643,pt,0.1791357696056366,0.10501043498516083,0.030015066266059875,0.29998883605003357
0,61575849294548,pt,0.17571699619293213,0.10779009759426117,0.03001081943511963,0.2999969720840454
0,61574855530567,en,0.24049629271030426,0.0947769433259964,0.031027168035507202,0.2999960780143738
0,61575189890579,en,0.20859000086784363,0.10113335400819778,0.03099866211414337,0.2999982237815857
0,61574100204041,it,0.22087623178958893,0.09874256700277328,0.03094564378261566,0.29999834299087524
0,61575074909869,pt,0.20754565298557281,0.10580629855394363,0.03029438853263855,0.29999396204948425
0,61575059787159,en,0.21105913817882538,0.1013638973236084,0.030779331922531128,0.29999613761901855
0,61575126533596,en,0.2572157680988312,0.06741484999656677,0.032883793115615845,0.2999982535839081
0,61575580080566,it,0.2399509847164154,0.08676833659410477,0.031205028295516968,0.29999861121177673
0,61575232601470,pt,0.19138848781585693,0.1054532527923584,0.030003070831298828,0.29999369382858276
0,61575341466231,hi,0.2396790236234665,0.08826282620429993,0.03184342384338379,0.2999971807003021
0,61574785574733,it,0.1765623390674591,0.11422808468341827,0.030004054307937622,0.2999975383281708
0,61575626782963,hi,0.21736933290958405,0.0877678245306015,0.033281728625297546,0.29999661445617676
0,61575117357728,it,0.22176611423492432,0.10044001042842865,0.030005693435668945,0.29999488592147827
0,61572728411956,fr,0.22562851011753082,0.08694766461849213,0.03336054086685181,0.2999991178512573
0,61575005447655,hi,0.19851897656917572,0.10382350534200668,0.030660539865493774,0.2999843657016754
0,61574955275865,en,0.2688576579093933,0.05506543815135956,0.04104752093553543,0.2999992370605469
0,61575794757479,pt,0.2623106837272644,0.06915830075740814,0.03194141387939453,0.2999942898750305
0,61575226252249,en,0.24543918669223785,0.07957185059785843,0.034579068422317505,0.2999975383281708
0,61575586061241,en,0.24313214421272278,0.0871044248342514,0.030858352780342102,0.29999926686286926
0,61575145166306,en,0.22936247289180756,0.09009230136871338,0.03389012813568115,0.29999858140945435
0,61575505107976,hi,0.1899585723876953,0.10861246287822723,0.030554205179214478,0.2999958395957947
0,61575499054322,hi,0.2507578432559967,0.0694812685251236,0.038988664746284485,0.29999881982803345
0,61575323976887,en,0.26464205980300903,0.061339907348155975,0.034432753920555115,0.2999962568283081
0,61575152565446,it,0.21509994566440582,0.09265930950641632,0.032664358615875244,0.29999691247940063
0,61575755242672,en,0.2414649873971939,0.09138964861631393,0.030348584055900574,0.2999991178512573
0,61575187598053,en,0.23172196745872498,0.09705152362585068,0.030440479516983032,0.2999986410140991
0,61575061559762,en,0.2540963590145111,0.07849841564893723,0.030609771609306335,0.2999989986419678
0,61575533882644,pt,0.2257739156484604,0.09187445789575577,0.03020268678665161,0.29999786615371704
0,61575494740784,pt,0.21230711042881012,0.10510999709367752,0.03066861629486084,0.29998838901519775
0,61575689515528,en,0.2227909117937088,0.09848671406507492,0.030100226402282715,0.299990713596344
0,61575061077037,hi,0.22720210254192352,0.09930504113435745,0.03003843128681183,0.2999979555606842
0,61575169856226,fr,0.22659249603748322,0.09424999356269836,0.0300733745098114,0.29999786615371704
0,61575169251615,en,0.2073071449995041,0.10820794105529785,0.030032962560653687,0.29999831318855286
0,61574733946017,en,0.23940172791481018,0.09037715941667557,0.030031859874725342,0.29999905824661255
0,61574883069816,it,0.2281935214996338,0.10108576714992523,0.030739828944206238,0.2999963164329529
0,61575549901920,pt,0.2153806984424591,0.1023838073015213,0.030002355575561523,0.299990177154541
0,61575122184024,en,0.242025688290596,0.08327195793390274,0.03304024040699005,0.2999991178512573
0,61573508699440,en,0.20946691930294037,0.10622728615999222,0.030223384499549866,0.29998624324798584
0,61575541172249,it,0.2109197974205017,0.10850720852613449,0.03005819022655487,0.29998889565467834
0,61575537956540,en,0.24878966808319092,0.08540066331624985,0.030995145440101624,0.29999905824661255
0,61575259760425,it,0.19537188112735748,0.11125694960355759,0.030006662011146545,0.29999658465385437
0,61573175695316,en,0.24767234921455383,0.08187565952539444,0.03102792799472809,0.29999804496765137
0,61574775281781,en,0.22771970927715302,0.09455306828022003,0.03054097294807434,0.29999762773513794
0,61574855051268,fr,0.21878130733966827,0.09723041206598282,0.03012751042842865,0.29999542236328125
0,61575016052070,en,0.2694161534309387,0.05663454160094261,0.03807000815868378,0.2999991178512573
0,61575716045581,en,0.24637117981910706,0.08179562538862228,0.033063486218452454,0.299998939037323
0,61574832908862,en,0.19378842413425446,0.1078396812081337,0.030563175678253174,0.29999876022338867
0,61575636999621,hi,0.18457892537117004,0.10967685282230377,0.03007437288761139,0.2999938130378723
0,61575069571460,fr,0.2559761106967926,0.07085119932889938,0.037342801690101624,0.2999987006187439
0,61575554348076,it,0.23677240312099457,0.0886644795536995,0.030864030122756958,0.29999619722366333
0,61573358494546,fr,0.21339336037635803,0.09677994251251221,0.03160770237445831,0.2999974489212036
0,61575074773964,hi,0.22794969379901886,0.09273846447467804,0.030395716428756714,0.29999619722366333
0,61575494246952,hi,0.21857024729251862,0.10220973938703537,0.030005648732185364,0.2999981641769409
0,61574815482213,en,0.21062517166137695,0.10102551430463791,0.030005067586898804,0.2999989986419678
0,61575252370580,pt,0.2154126763343811,0.09186813980340958,0.03270193934440613,0.29996827244758606
0,61575770758381,pt,0.23276743292808533,0.08668763935565948,0.03281792998313904,0.2999963164329529
0,61575680875975,fr,0.2225762903690338,0.09440228343009949,0.03041154146194458,0.29999828338623047
0,61575085619309,it,0.23437684774398804,0.08740782737731934,0.030916497111320496,0.2999971807003021
0,61574737216943,it,0.21894676983356476,0.08691146969795227,0.03374682366847992,0.2999922037124634
0,61572939577297,en,0.24165339767932892,0.09009311348199844,0.030203208327293396,0.29999852180480957
0,61575031471293,en,0.22406865656375885,0.10058247298002243,0.03048330545425415,0.2999809682369232
0,61575654807398,fr,0.2705536484718323,0.05352131277322769,0.044147953391075134,0.29999905824661255
0,61575226372155,it,0.2498999536037445,0.07384093105792999,0.0353214293718338,0.29999661445617676
0,61575260650253,en,0.23340213298797607,0.08635696768760681,0.03180193901062012,0.2999970316886902
0,61574942256705,it,0.2060316950082779,0.0968884825706482,0.03155606985092163,0.29999151825904846
0,61574798804240,hi,0.2126702219247818,0.10511615127325058,0.030052676796913147,0.29999786615371704
0,61575755039100,pt,0.1725904494524002,0.11009909957647324,0.03005880117416382,0.2999734878540039
0,61575119906899,fr,0.2092023342847824,0.09821194410324097,0.030421093106269836,0.2999986410140991
0,61575751049240,pt,0.23425522446632385,0.09076394885778427,0.03008323907852173,0.29999804496765137
0,61574996507842,hi,0.22086848318576813,0.09081164002418518,0.030957847833633423,0.29999470710754395
0,61572643031348,pt,0.23997360467910767,0.08499837666749954,0.030828505754470825,0.29999831318855286
0,61575532832693,en,0.19186840951442719,0.11067313700914383,0.030011117458343506,0.2999963164329529
0,61575075284018,hi,0.217717245221138,0.09712231904268265,0.03022269904613495,0.29999592900276184
0,61575122567285,fr,0.21855539083480835,0.10586410760879517,0.030013740062713623,0.299996018409729
0,61573003997283,fr,0.24058498442173004,0.08120983839035034,0.03438286483287811,0.2999979257583618
0,61575304682136,hi,0.23797264695167542,0.08280809968709946,0.030168533325195312,0.29999902844429016
0,61575207594362,fr,0.24839994311332703,0.08108323067426682,0.03107064962387085,0.29999905824661255
0,61574865641861,it,0.24617086350917816,0.07783997058868408,0.034853145480155945,0.29999440908432007
0,61574923117609,hi,0.21478967368602753,0.09943293780088425,0.030207902193069458,0.2999982237815857
0,61575148359774,en,0.23009507358074188,0.0979420393705368,0.03008371591567993,0.2999989986419678
0,61574785483945,fr,0.19568289816379547,0.10832492262125015,0.030335023999214172,0.2999981939792633
0,61574997930238,en,0.23177595436573029,0.0956866592168808,0.030435681343078613,0.2999986410140991
0,61575796370877,it,0.2006707787513733,0.10844206064939499,0.030033528804779053,0.2999895215034485
0,61575187214281,it,0.25299984216690063,0.07403656840324402,0.03232167661190033,0.29999858140945435
0,61574977866022,en,0.22465012967586517,0.09698264300823212,0.030458301305770874,0.2999970316886902
0,61575161785561,pt,0.2058669626712799,0.10220969468355179,0.030020609498023987,0.29999375343322754
0,61575236435207,hi,0.2443564236164093,0.08692462742328644,0.03329390287399292,0.29999852180480957
0,61575769203176,hi,0.20792877674102783,0.10113456845283508,0.03006461262702942,0.2999971807003021
0,61575305648078,it,0.23069804906845093,0.09358575195074081,0.030018463730812073,0.2999970018863678
0,61574760582067,en,0.26357409358024597,0.0718398317694664,0.0326351523399353,0.2999987304210663
0,61575129328475,it,0.2232642024755478,0.09121052920818329,0.032577574253082275,0.2999875247478485
0,61573536988081,fr,0.22412584722042084,0.09675329923629761,0.030332908034324646,0.2999989986419678
0,61573216118266,it,0.24294564127922058,0.08392098546028137,0.03180861473083496,0.2999975383281708
0,61575633442519,hi,0.22626730799674988,0.09098200500011444,0.030014395713806152,0.2999919056892395
0,61575221512411,hi,0.25867125391960144,0.06690238416194916,0.03256268799304962,0.29998868703842163
0,61575100647735,en,0.24792461097240448,0.0790075957775116,0.032099783420562744,0.2999992370605469
0,61574922094244,en,0.2683149576187134,0.058578476309776306,0.03971192240715027,0.2999986410140991
0,61575555567384,fr,0.19362345337867737,0.10417935252189636,0.030067160725593567,0.29999828338623047
0,61573042665508,fr,0.2434442639350891,0.08327364176511765,0.032182276248931885,0.29999908804893494
0,61575502108193,en,0.2379528433084488,0.09684352576732635,0.030422091484069824,0.2999986410140991
0,61575484211181,pt,0.2027287632226944,0.1120455339550972,0.0300246924161911,0.2999981641769409
0,61575317113475,pt,0.20395807921886444,0.09893261641263962,0.03010624647140503,0.2999964952468872
0,61575165415117,fr,0.18615463376045227,0.10577927529811859,0.03004157543182373,0.2999979555606842
0,61575603778005,it,0.2511412799358368,0.07893373817205429,0.032900840044021606,0.29999762773513794
0,61575160987799,hi,0.22278951108455658,0.10278422385454178,0.030286669731140137,0.29999351501464844
0,61575123447467,fr,0.19815467298030853,0.10486400872468948,0.03000517189502716,0.2999974489212036
0,61575667346713,en,0.20776396989822388,0.10739103704690933,0.030039861798286438,0.29999619722366333
0,61575632169437,fr,0.23354440927505493,0.08365264534950256,0.031000450253486633,0.2999928593635559
0,61574928127303,pt,0.20943476259708405,0.10257036238908768,0.0304955393075943,0.29999876022338867
0,61575289802878,en,0.24542222917079926,0.07832147181034088,0.03471226990222931,0.2999921441078186
0,61575200353453,it,0.23255690932273865,0.09348670393228531,0.030829444527626038,0.29998189210891724
0,61574764455076,it,0.2203289270401001,0.10036186128854752,0.030142411589622498,0.29999449849128723
0,61575731693479,en,0.22462929785251617,0.09264596551656723,0.0300883948802948,0.29999881982803345
0,61575049741188,fr,0.19552893936634064,0.09901998192071915,0.03019861876964569,0.2999912202358246
0,61575145346143,pt,0.22055377066135406,0.09419865161180496,0.031583502888679504,0.29999470710754395
0,61574796344244,pt,0.20911431312561035,0.09903129190206528,0.0303068608045578,0.2999979257583618
0,61575786231324,hi,0.2340398132801056,0.09271036088466644,0.03009764850139618,0.2999984622001648
0,61575534002323,en,0.2555735409259796,0.07119093835353851,0.037657007575035095,0.29999855160713196
0,61575621419066,hi,0.23393933475017548,0.09552741050720215,0.030189841985702515,0.2999972105026245
0,61575191863415,hi,0.22763541340827942,0.08761706948280334,0.03025476634502411,0.2999988794326782
0,61575196823636,pt,0.21618057787418365,0.1068025752902031,0.030090242624282837,0.2999976873397827
0,61574940548040,fr,0.268902450799942,0.05792168527841568,0.037167906761169434,0.2999967932701111
0,61574768265684,hi,0.20754100382328033,0.10172169655561447,0.030050814151763916,0.2999860644340515
0,61575557971497,fr,0.2075021117925644,0.10118713229894638,0.030023977160453796,0.29999780654907227
0,61574674005988,en,0.21660208702087402,0.10070375353097916,0.03139254450798035,0.29999881982803345
0,61575568080955,en,0.223323792219162,0.09390038996934891,0.03470902144908905,0.2999948263168335
0,61575796940771,en,0.24225078523159027,0.08567212522029877,0.030222490429878235,0.2999986410140991
0,61575212768289,en,0.2710980772972107,0.05543936416506767,0.03862772881984711,0.2999986410140991
0,61575143006497,pt,0.2270290106534958,0.09921205043792725,0.03000389039516449,0.2999916970729828
0,61575070651124,it,0.22772695124149323,0.09569413959980011,0.030004233121871948,0.29999881982803345
0,61575580421441,fr,0.2283317893743515,0.08367668092250824,0.03333272039890289,0.2999976575374603
0,61575274269379,it,0.2504400908946991,0.07616721093654633,0.034653857350349426,0.29998600482940674
0,61574727767195,en,0.22637605667114258,0.09128415584564209,0.03047148883342743,0.2999981641769409
0,61575192170378,en,0.26793763041496277,0.05329638719558716,0.04217687249183655,0.2999986708164215
0,61572954786814,pt,0.22769783437252045,0.08922597020864487,0.032375678420066833,0.2999982535839081
0,61575562736575,en,0.2512609362602234,0.07626491785049438,0.03386743366718292,0.2999991774559021
0,61573212398163,it,0.24394753575325012,0.08106444031000137,0.030311599373817444,0.2999947667121887
0,61575176453944,en,0.22444652020931244,0.09851182252168655,0.031395748257637024,0.29999756813049316
0,61573129617310,hi,0.23453344404697418,0.09287846088409424,0.030076459050178528,0.2999988794326782
0,61575237281286,it,0.2319064885377884,0.08533035963773727,0.031009763479232788,0.2999984622001648
0,61574782514001,en,0.256952702999115,0.06947226822376251,0.03339563310146332,0.2999979853630066
0,61575162475372,pt,0.22266173362731934,0.0950300544500351,0.031227052211761475,0.29999682307243347
0,61575277305874,pt,0.23241643607616425,0.09160574525594711,0.030033305287361145,0.2999984323978424
0,61573496429300,fr,0.21646422147750854,0.09913645684719086,0.03005051612854004,0.2999897599220276
0,61574810979559,en,0.21920320391654968,0.10181651264429092,0.030010908842086792,0.2999971807003021
0,61575624382959,en,0.22051364183425903,0.10017646104097366,0.03159482777118683,0.2999989092350006
0,61575307694452,pt,0.24376337230205536,0.08232001960277557,0.03052641451358795,0.29998886585235596
0,61575025023617,pt,0.19450163841247559,0.10005349665880203,0.030303269624710083,0.2999880909919739
0,61575621478987,pt,0.21824973821640015,0.10080531984567642,0.030148938298225403,0.2999975085258484
0,61575714924287,en,0.23194104433059692,0.09520953893661499,0.03051726520061493,0.2999979257583618
0,61574946005614,en,0.24908022582530975,0.08150339126586914,0.031737178564071655,0.29999786615371704
0,61575707904529,en,0.23913928866386414,0.09347803890705109,0.030862420797348022,0.2999987304210663
0,61575567781112,pt,0.20596222579479218,0.09442505240440369,0.03130367398262024,0.29999661445617676
0,61575422729180,en,0.22844964265823364,0.0932316929101944,0.03040708601474762,0.299996554851532
0,61574991695405,en,0.2185891717672348,0.10258565843105316,0.03073519468307495,0.2999963164329529
0,61574951432810,en,0.27389949560165405,0.05073387920856476,0.05254729837179184,0.2999988794326782
0,61574890779488,pt,0.22067424654960632,0.091171033680439,0.031762152910232544,0.29990720748901367
0,61575728765062,hi,0.22593942284584045,0.0892161950469017,0.032218948006629944,0.29999881982803345
0,61575214852696,pt,0.25017625093460083,0.08322179317474365,0.03088514506816864,0.29999881982803345
0,61573053375071,fr,0.21119838953018188,0.097804494202137,0.03230296075344086,0.29999810457229614
0,61573380245557,it,0.18331024050712585,0.10615131258964539,0.03000141680240631,0.2999970316886902
0,61574978944598,pt,0.25300654768943787,0.0763138011097908,0.03153786063194275,0.2999972105026245
0,61575606263930,en,0.21662801504135132,0.09639159590005875,0.03153948485851288,0.2999972105026245
0,61575147567358,fr,0.21752095222473145,0.10208531469106674,0.03009822964668274,0.2999976873397827
0,61575717804104,en,0.23371067643165588,0.08597220480442047,0.03082212805747986,0.29999828338623047
0,61572914558646,pt,0.20324775576591492,0.10509596765041351,0.030230551958084106,0.29999876022338867
0,61573902003588,it,0.1884455382823944,0.1055913120508194,0.030067533254623413,0.29999831318855286
0,61575235145623,en,0.22909331321716309,0.0917704850435257,0.033378660678863525,0.2999974191188812
0,61575057779980,en,0.2627660036087036,0.061618853360414505,0.03652976453304291,0.29999905824661255
0,61575514233503,en,0.22690130770206451,0.08299741894006729,0.03291325271129608,0.29988986253738403
0,61575806960249,hi,0.22667977213859558,0.0885799452662468,0.033945873379707336,0.2999715209007263
0,61575203154702,it,0.2162773311138153,0.0985446646809578,0.031346648931503296,0.29999619722366333
0,61575168338780,hi,0.23416446149349213,0.0838511735200882,0.030437886714935303,0.29992973804473877
0,61575095755348,en,0.2272518426179886,0.09655989706516266,0.0303325355052948,0.2999987304210663
0,61574935477073,pt,0.21300576627254486,0.1103912964463234,0.030029714107513428,0.29999858140945435
0,61572882850263,en,0.26213568449020386,0.06484844535589218,0.03583666682243347,0.29999762773513794
0,61575618485389,pt,0.21706894040107727,0.10355794429779053,0.030050650238990784,0.29999861121177673
0,61574831978505,en,0.25570327043533325,0.07739855349063873,0.031470462679862976,0.29999879002571106
0,61575156865865,fr,0.22395122051239014,0.09400269389152527,0.030074283480644226,0.2999984323978424
0,61575054840889,hi,0.2218434065580368,0.09979294240474701,0.030016139149665833,0.2999988794326782
0,61575625025576,pt,0.25362956523895264,0.07225697487592697,0.03322209417819977,0.29999837279319763
0,61573590145100,pt,0.2162686288356781,0.10241857171058655,0.030193403363227844,0.29999756813049316
0,61575003572712,hi,0.2616455554962158,0.05986642837524414,0.03892219066619873,0.2999977767467499
0,61575140242986,en,0.21856218576431274,0.09448201954364777,0.03038439154624939,0.29999852180480957
0,61575061680510,it,0.1871451884508133,0.10056274384260178,0.030225008726119995,0.2999880909919739
0,61575575574825,pt,0.23990438878536224,0.08392129838466644,0.03364238142967224,0.29999399185180664
0,61575128956704,it,0.21137093007564545,0.0920257642865181,0.03001806139945984,0.2999948263168335
0,61575676166192,en,0.2461184859275818,0.07826218754053116,0.03264795243740082,0.29999840259552
0,61575600087094,hi,0.21004191040992737,0.09012934565544128,0.03235270082950592,0.2999056577682495
0,61575039211521,pt,0.2065037041902542,0.1079830750823021,0.030008584260940552,0.29999011754989624
0,61573509419161,fr,0.23057208955287933,0.08749545365571976,0.03011387586593628,0.2999987304210663
0,61575787832729,en,0.26620498299598694,0.057375334203243256,0.04808793216943741,0.2999969720840454
0,61572806113212,en,0.24101386964321136,0.09550298750400543,0.03000769019126892,0.299996554851532
0,61574996550205,en,0.26974382996559143,0.052615150809288025,0.051997020840644836,0.2999970614910126
0,61575686485825,fr,0.22963197529315948,0.09538888186216354,0.030179738998413086,0.2999727725982666
0,61575337302838,pt,0.26075607538223267,0.06262294948101044,0.04061698168516159,0.299995481967926
0,61575183980808,en,0.24487581849098206,0.08481872081756592,0.03042246401309967,0.2999989986419678
0,61575080220981,en,0.26263752579689026,0.05977197736501694,0.03781488537788391,0.29999828338623047
0,61575209213090,fr,0.23050862550735474,0.09088542312383652,0.03379438817501068,0.2999974489212036
0,61575197780172,en,0.20644763112068176,0.09422044456005096,0.03587467968463898,0.299996018409729
0,61575028442180,fr,0.18314997851848602,0.11594368517398834,0.03001496195793152,0.2999963164329529
0,61575248000254,en,0.2531300485134125,0.07936180382966995,0.03228084743022919,0.29999780654907227
0,61574651897378,en,0.2534695863723755,0.07324735075235367,0.032674431800842285,0.29999858140945435
0,61575084119219,en,0.22914046049118042,0.0997563973069191,0.030013352632522583,0.2999991774559021
0,61575202535455,hi,0.22339583933353424,0.10282391309738159,0.030019760131835938,0.29999732971191406
0,61575224736246,en,0.22418826818466187,0.10074102878570557,0.03004118800163269,0.29999840259552
0,61573079190124,pt,0.22083181142807007,0.10343781113624573,0.03000810742378235,0.29999709129333496
0,61575011283063,it,0.2373959720134735,0.08143915235996246,0.03587318956851959,0.2999887466430664
0,61575112227227,en,0.2682785093784332,0.053248196840286255,0.0575127899646759,0.2999875247478485
0,61575953244525,hi,0.231434628367424,0.10087189823389053,0.030054733157157898,0.29999828338623047
0,61575587711344,it,0.21927869319915771,0.09163740277290344,0.03419606387615204,0.29999178647994995
0,61575152395919,it,0.2001451998949051,0.10689590871334076,0.030014410614967346,0.2999987304210663
0,61575939565143,en,0.21933075785636902,0.09445436298847198,0.030988797545433044,0.2999986410140991
0,61575794367448,pt,0.21123342216014862,0.10341141372919083,0.030288398265838623,0.29999685287475586
0,61574820912289,it,0.239479199051857,0.09162986278533936,0.030688554048538208,0.2999967038631439
0,61572954306907,pt,0.21543720364570618,0.09696651250123978,0.030650287866592407,0.29999127984046936
0,61575134236693,fr,0.2071295529603958,0.10906130820512772,0.030004799365997314,0.29999831318855286
0,61575307141915,en,0.27931272983551025,0.04354827105998993,0.05569450557231903,0.299998015165329
0,61575624868902,en,0.1739368885755539,0.11540035158395767,0.030167147517204285,0.29999732971191406
0,61575171116206,fr,0.18453459441661835,0.10335662961006165,0.030019551515579224,0.29993289709091187
0,61575215922342,hi,0.20231102406978607,0.11060242354869843,0.030012652277946472,0.29999712109565735
0,61575106794786,en,0.24456632137298584,0.07971393316984177,0.033032581210136414,0.29999667406082153
0,61575519009521,pt,0.16516947746276855,0.09968417137861252,0.032061681151390076,0.2999875247478485
0,61574835341215,fr,0.21864540874958038,0.09835836291313171,0.030493468046188354,0.29999637603759766
0,61575263014083,en,0.1581747829914093,0.11910288035869598,0.030005604028701782,0.2999940514564514
0,61575578274585,en,0.19754426181316376,0.10489195585250854,0.03006845712661743,0.29999810457229614
0,61574078395311,it,0.21651281416416168,0.10587991029024124,0.0300988107919693,0.2999967932701111
0,61575100662412,en,0.2168978452682495,0.09930482506752014,0.03323647379875183,0.2999952733516693
0,61574829698864,en,0.20494002103805542,0.10726270079612732,0.030179768800735474,0.29999613761901855
0,61574071554987,it,0.22902336716651917,0.09495864808559418,0.03009706735610962,0.29999807476997375
0,61573941970022,it,0.23155748844146729,0.09305503219366074,0.03014889359474182,0.299984872341156
0,61575721133931,fr,0.23922455310821533,0.08690591156482697,0.03091515600681305,0.29999732971191406
0,61573071750653,fr,0.25804010033607483,0.06334944069385529,0.03525075316429138,0.2999976575374603
0,61575036691879,fr,0.20105360448360443,0.09833138436079025,0.03005659580230713,0.299993097782135
0,61575642477991,hi,0.24179330468177795,0.08417709916830063,0.030317723751068115,0.2999986410140991
0,61574082594447,it,0.2489214390516281,0.08135171979665756,0.03302037715911865,0.29999589920043945
0,61575024899211,en,0.2582778334617615,0.06720144301652908,0.04102037847042084,0.2999986410140991
0,61574787854878,pt,0.26738834381103516,0.05849001929163933,0.04822491854429245,0.29999804496765137
0,61574724947307,it,0.2468600571155548,0.08298281580209732,0.03188812732696533,0.29999715089797974
0,61573090242830,en,0.25707340240478516,0.0702706128358841,0.038171544671058655,0.2999914288520813
0,61575552061888,pt,0.18397420644760132,0.10906387120485306,0.030136331915855408,0.2999987006187439
0,61574769614945,en,0.24880197644233704,0.07671577483415604,0.03966158628463745,0.2999943494796753
0,61575248771116,en,0.25253957509994507,0.06753548234701157,0.035894811153411865,0.299998939037323
1,61574934126943,pt,0.1976270228624344,0.11277139186859131,0.030001193284988403,0.29999732971191406
1,61575691375427,fr,0.21419842541217804,0.10281854122877121,0.03128397464752197,0.29999592900276184
1,61575485818749,hi,0.22481830418109894,0.10045867413282394,0.030071601271629333,0.2999984920024872
1,61574816892552,pt,0.19483020901679993,0.10386436432600021,0.031385213136672974,0.29999250173568726
1,61574075455618,it,0.23496338725090027,0.09702154994010925,0.030001699924468994,0.2999976873397827
1,61575459945486,fr,0.21728858351707458,0.09953050315380096,0.030002087354660034,0.2999991476535797
1,61574981251318,en,0.23806703090667725,0.08986057341098785,0.03018830716609955,0.299998939037323
1,61575731069908,it,0.23820054531097412,0.08926563709974289,0.03005070984363556,0.2999981641769409
1,61574875659187,hi,0.23598922789096832,0.09080372750759125,0.03012828528881073,0.2999951243400574
1,61574801413926,fr,0.21725508570671082,0.09845971316099167,0.030071288347244263,0.29999858140945435
1,61575146115727,en,0.23244814574718475,0.0914829671382904,0.03160572052001953,0.29999852180480957
1,61573204057105,pt,0.22747203707695007,0.08977308869361877,0.03341788053512573,0.29999634623527527
1,61573089179589,en,0.21615710854530334,0.09743046760559082,0.03009381890296936,0.2999974489212036
1,61574905567721,en,0.18523462116718292,0.11341584473848343,0.030023813247680664,0.29999491572380066
1,61574951645380,en,0.23014670610427856,0.08573734015226364,0.034440189599990845,0.2999951243400574
1,61574784704159,en,0.25218456983566284,0.0800638422369957,0.03175097703933716,0.2999971807003021
1,61575176273985,fr,0.21878397464752197,0.0970536395907402,0.030745595693588257,0.29998648166656494
1,61574760312216,en,0.2530270218849182,0.07595129311084747,0.031235232949256897,0.29999685287475586
1,61575685105868,hi,0.22900094091892242,0.09559885412454605,0.030387476086616516,0.299996942281723
1,61575670886568,hi,0.21945776045322418,0.09758865088224411,0.030152931809425354,0.29999613761901855
1,61575164631789,en,0.25031083822250366,0.07890865206718445,0.03408341109752655,0.2999986708164215
1,61575208087101,hi,0.20788773894309998,0.10232315212488174,0.030045747756958008,0.29999855160713196
1,61575843929653,en,0.196881964802742,0.11205869913101196,0.030032828450202942,0.29999735951423645
1,61575206423273,hi,0.24785827100276947,0.07392825186252594,0.03969736397266388,0.29999735951423645
1,61572994007723,fr,0.18446029722690582,0.10668621212244034,0.030039995908737183,0.2999987304210663
1,61575207732884,en,0.25934702157974243,0.07239045202732086,0.03891986608505249,0.2999964952468872
1,61575184700780,en,0.26834404468536377,0.06357463449239731,0.034930646419525146,0.29999881982803345
1,61574992560566,hi,0.24382004141807556,0.0882580578327179,0.030007749795913696,0.2999967932701111
1,61573566207733,fr,0.21237580478191376,0.10018032789230347,0.030279457569122314,0.29999881982803345
1,61575283718902,en,0.26756444573402405,0.06007961928844452,0.03628961741924286,0.29999834299087524
1,61574821569203,en,0.19744335114955902,0.10746228694915771,0.0308377742767334,0.29999884963035583
1,61575240461266,pt,0.19032225012779236,0.10172668099403381,0.03000129759311676,0.29999834299087524
1,61575616199388,hi,0.22528076171875,0.09596774727106094,0.03011724352836609,0.29999828338623047
1,61574709227973,pt,0.15888358652591705,0.10987595468759537,0.030014455318450928,0.29999756813049316
1,61574889725701,en,0.236136332154274,0.09029756486415863,0.03035549819469452,0.29999876022338867
1,61575850974558,it,0.1914367824792862,0.11022103577852249,0.030006542801856995,0.2999976873397827
1,61575303902251,en,0.24333235621452332,0.08330615609884262,0.030161410570144653,0.29999685287475586
1,61574689937883,fr,0.2273445725440979,0.09419726580381393,0.03109462559223175,0.29999810457229614
1,61575625918798,fr,0.20250864326953888,0.11131585389375687,0.030002057552337646,0.2999950051307678
1,61575159445487,pt,0.22280634939670563,0.09037476778030396,0.030145376920700073,0.29999154806137085
1,61575245441106,en,0.2342078685760498,0.09251818060874939,0.030605390667915344,0.2999962568283081
1,61575530402770,en,0.2507374882698059,0.07856371998786926,0.03316216170787811,0.2999991476535797
1,61575449674736,fr,0.20706912875175476,0.10202719271183014,0.03181132674217224,0.2999984622001648
1,61575677426201,en,0.20072685182094574,0.10496493428945541,0.030575260519981384,0.2999984323978424
1,61575220672434,fr,0.23398447036743164,0.0827188491821289,0.031825125217437744,0.29997867345809937
1,61575207112351,en,0.23534676432609558,0.09352336823940277,0.030142739415168762,0.2999976873397827
1,61575689365656,it,0.23994584381580353,0.08296798914670944,0.03229852020740509,0.29999643564224243
1,61575314851612,en,0.2224491983652115,0.10116776823997498,0.030092835426330566,0.2999955713748932
1,61575849234543,pt,0.24564336240291595,0.08169468492269516,0.032320305705070496,0.29998111724853516
1,61573389545206,it,0.22227723896503448,0.09451854228973389,0.0305156409740448,0.2999933362007141
1,61575147806028,pt,0.2429395169019699,0.07218775153160095,0.034161850810050964,0.2999950647354126
1,61575284104535,en,0.26690763235092163,0.060456499457359314,0.03642094135284424,0.29999756813049316
1,61575114161642,hi,0.2417774647474289,0.09401747584342957,0.030046075582504272,0.2999984622001648
1,61575635698445,pt,0.21692027151584625,0.0957382470369339,0.030019298195838928,0.2999958395957947
1,61574793554229,it,0.24047696590423584,0.08736931532621384,0.030178502202033997,0.2999986708164215
1,61573072801000,fr,0.1969209760427475,0.10267695039510727,0.030056029558181763,0.2999879717826843
1,61575509307728,hi,0.2360767275094986,0.08918165415525436,0.03012387454509735,0.2999962866306305
1,61575227003442,it,0.22121722996234894,0.09833452105522156,0.03042815625667572,0.2999948561191559
1,61575051841154,it,0.2519240975379944,0.07013736665248871,0.03169712424278259,0.2999957799911499
1,61575829405493,it,0.2709408402442932,0.054887790232896805,0.0474875271320343,0.29999762773513794
1,61575356045890,it,0.20948223769664764,0.1064886525273323,0.03001531958580017,0.2999972701072693
1,61574994845337,en,0.22958892583847046,0.0934496819972992,0.030029192566871643,0.29999658465385437
1,61574977474091,en,0.22872121632099152,0.08941622078418732,0.03189927339553833,0.2999986708164215
1,61575678336895,fr,0.21119259297847748,0.10356108844280243,0.03000667691230774,0.29999685287475586
1,61574817464063,en,0.275555282831192,0.05059751868247986,0.03855670988559723,0.2999979853630066
1,61574663866130,en,0.2520807683467865,0.06586460769176483,0.043629229068756104,0.2999986410140991
1,61575186265522,en,0.2642752230167389,0.06747183948755264,0.030294865369796753,0.2999987006187439
1,61575243311101,it,0.2155923694372177,0.0953744649887085,0.030087769031524658,0.29998767375946045
1,61575821610647,hi,0.23316505551338196,0.08698834478855133,0.03135128319263458,0.2999964952468872
1,61575111327419,en,0.24431441724300385,0.08487885445356369,0.030421659350395203,0.2999984622001648
1,61575778203150,en,0.2123829424381256,0.10593390464782715,0.030010521411895752,0.29999858140945435
1,61573399053277,en,0.2825782597064972,0.03976299241185188,0.09904280304908752,0.2999982237815857
1,61574865220091,en,0.24407972395420074,0.08776050806045532,0.030090704560279846,0.29999908804893494
1,61574999765096,fr,0.206920325756073,0.10056307166814804,0.030093029141426086,0.2999988794326782
1,61575046500552,en,0.23041903972625732,0.09742379188537598,0.030312657356262207,0.29999735951423645
1,61575088062953,it,0.21176497638225555,0.09790310263633728,0.03000648319721222,0.2999732196331024
1,61574128582078,en,0.259864866733551,0.06657364219427109,0.03269347548484802,0.2999986410140991
1,61575532618099,en,0.24905049800872803,0.08306220918893814,0.031331345438957214,0.2999988794326782
1,61575460005891,it,0.25689899921417236,0.06339377909898758,0.034531369805336,0.2999710738658905
1,61574752002783,en,0.24030464887619019,0.09074655175209045,0.030139267444610596,0.299998939037323
1,61574963854572,en,0.18237300217151642,0.10716309398412704,0.030030667781829834,0.29999861121177673
1,61575134907982,it,0.24691680073738098,0.07869864255189896,0.034573033452034,0.2999926805496216
1,61574725486505,en,0.24465879797935486,0.08512448519468307,0.03234037756919861,0.2999989688396454
1,61575782391589,en,0.2467854619026184,0.07757902890443802,0.037464872002601624,0.2999988794326782
1,61573815667956,it,0.20275288820266724,0.10186261683702469,0.030003204941749573,0.29997777938842773
1,61575682345613,fr,0.22159984707832336,0.09892329573631287,0.030083298683166504,0.29999595880508423
1,61575308947711,hi,0.22050030529499054,0.09941503405570984,0.031271710991859436,0.2999991178512573
1,61575133420619,hi,0.24278487265110016,0.08563540875911713,0.03005388379096985,0.29999902844429016
1,61575179138929,en,0.24367456138134003,0.08117157220840454,0.03008793294429779,0.29999834299087524
1,61575262936745,pt,0.20905046164989471,0.09828610718250275,0.031012192368507385,0.2999987006187439
1,61575302234656,pt,0.22834187746047974,0.08115573227405548,0.031256407499313354,0.29999804496765137
1,61575282129145,pt,0.22528120875358582,0.09070156514644623,0.03187035024166107,0.2999955415725708
1,61575144555723,pt,0.209786057472229,0.10465395450592041,0.03005404770374298,0.29998916387557983
1,61575147357302,it,0.21309182047843933,0.10136717557907104,0.030241891741752625,0.2999970316886902
1,61574928787493,it,0.23176445066928864,0.09333734959363937,0.031084492802619934,0.29999667406082153
1,61575324090992,en,0.23509666323661804,0.08764708042144775,0.03145943582057953,0.2999947667121887
1,61575134935995,hi,0.22679898142814636,0.09519879519939423,0.03009060025215149,0.29999762773513794
1,61575180414410,it,0.23882578313350677,0.08564995974302292,0.03290839493274689,0.2999957501888275
1,61575005164655,it,0.24222564697265625,0.08752451837062836,0.030100807547569275,0.2999972105026245
1,61575570054989,hi,0.1737421602010727,0.11175798624753952,0.03000962734222412,0.2999976575374603
1,61573191954824,pt,0.25298574566841125,0.07476059347391129,0.03452056646347046,0.29999834299087524
1,61573587415133,en,0.24617227911949158,0.08275582641363144,0.03199934959411621,0.29999762773513794
1,61575732533301,pt,0.21303464472293854,0.10379735380411148,0.030002206563949585,0.2999957799911499
1,61575140786572,en,0.24860958755016327,0.08619645237922668,0.03026488423347473,0.29999908804893494
1,61575025108897,en,0.22939397394657135,0.09116394072771072,0.0301084965467453,0.29999351501464844
1,61573433221729,fr,0.20727308094501495,0.10402317345142365,0.030882850289344788,0.29999375343322754
1,61573596774794,pt,0.23389166593551636,0.09338124841451645,0.031195849180221558,0.29999837279319763
1,61575556914293,hi,0.24324673414230347,0.09264396131038666,0.030012622475624084,0.29999828338623047
1,61575312817624,pt,0.2293778359889984,0.09232716262340546,0.030847802758216858,0.29999810457229614
1,61573167969034,fr,0.26437699794769287,0.058791305869817734,0.03330647945404053,0.29999881982803345
1,61574921438928,en,0.2767044007778168,0.047811783850193024,0.04539804905653,0.29999834299087524
1,61575125876415,en,0.2113991230726242,0.10395368188619614,0.030552387237548828,0.29999399185180664
1,61575152979706,hi,0.22864550352096558,0.09689120203256607,0.03010314702987671,0.29999881982803345
1,61575091678915,pt,0.1965382844209671,0.10516579449176788,0.03139534592628479,0.299990713596344
1,61575220722146,en,0.2517358064651489,0.08003538101911545,0.03196233510971069,0.29999685287475586
1,61575829680247,it,0.24206547439098358,0.0802883729338646,0.035740628838539124,0.29999881982803345
1,61575138623198,en,0.26679134368896484,0.061133045703172684,0.033472076058387756,0.2999982237815857
1,61575306397643,pt,0.17215892672538757,0.10625571757555008,0.03001655638217926,0.2999899685382843
1,61575849294548,pt,0.18229705095291138,0.10724575817584991,0.03001469373703003,0.2999976873397827
1,61574855530567,en,0.23827779293060303,0.09772016853094101,0.030278921127319336,0.29999616742134094
1,61575189890579,en,0.2188294529914856,0.09482342004776001,0.03238634765148163,0.2999986410140991
1,61574100204041,it,0.21042464673519135,0.10177674889564514,0.03044949471950531,0.2999982535839081
1,61575074909869,pt,0.21427683532238007,0.10371081531047821,0.03023768961429596,0.2999919056892395
1,61575059787159,en,0.22125133872032166,0.09427669644355774,0.031224429607391357,0.29999488592147827
1,61575126533596,en,0.26210421323776245,0.06417698413133621,0.03297799825668335,0.2999974191188812
1,61575580080566,it,0.23269309103488922,0.09185712039470673,0.030769839882850647,0.2999982237815857
1,61575232601470,pt,0.18135032057762146,0.1083049476146698,0.03000272810459137,0.29999369382858276
1,61575341466231,hi,0.24100707471370697,0.08862572908401489,0.034062087535858154,0.29999786615371704
1,61574785574733,it,0.17699362337589264,0.11291591078042984,0.03000439703464508,0.2999979555606842
1,61575626782963,hi,0.22216422855854034,0.08232370764017105,0.035317644476890564,0.2999963164329529
1,61575117357728,it,0.22206050157546997,0.10021831095218658,0.030006885528564453,0.29999086260795593
1,61572728411956,fr,0.2301131933927536,0.08514755219221115,0.035631731152534485,0.2999991476535797
1,61575005447655,hi,0.2024732381105423,0.10277137160301208,0.03181867301464081,0.2999906539916992
1,61574955275865,en,0.26496949791908264,0.05634554475545883,0.04470328986644745,0.2999991178512573
1,61575794757479,pt,0.2529299557209015,0.08031512051820755,0.031293049454689026,0.2999957203865051
1,61575226252249,en,0.26352769136428833,0.059632278978824615,0.0369662344455719,0.2999967336654663
1,61575586061241,en,0.24354518949985504,0.08453148603439331,0.030474483966827393,0.2999991774559021
1,61575145166306,en,0.2295042723417282,0.09151645004749298,0.032114580273628235,0.29999861121177673
1,61575505107976,hi,0.19053499400615692,0.10882484167814255,0.030267536640167236,0.29999610781669617
1,61575499054322,hi,0.24730829894542694,0.07586075365543365,0.034287676215171814,0.29999876022338867
1,61575323976887,en,0.26716718077659607,0.05823303759098053,0.03366447985172272,0.29999732971191406
1,61575152565446,it,0.19361266493797302,0.10400904715061188,0.03156167268753052,0.29999691247940063
1,61575755242672,en,0.23428896069526672,0.09507106244564056,0.030226022005081177,0.299998939037323
1,61575187598053,en,0.23723438382148743,0.0942779928445816,0.030661731958389282,0.29999858140945435
1,61575061559762,en,0.2559516131877899,0.07664931565523148,0.030951887369155884,0.29999905824661255
1,61575533882644,pt,0.2173449695110321,0.095682792365551,0.030366092920303345,0.29999762773513794
1,61575494740784,pt,0.20592980086803436,0.1074439212679863,0.030062004923820496,0.29998210072517395
1,61575689515528,en,0.22949755191802979,0.09583979099988937,0.030067771673202515,0.29998865723609924
1,61575061077037,hi,0.2218000590801239,0.10029151290655136,0.03002101182937622,0.29999658465385437
1,61575169856226,fr,0.2235119491815567,0.0945352166891098,0.03020663559436798,0.2999977171421051
1,61575169251615,en,0.1933252066373825,0.11561746895313263,0.03002271056175232,0.29999876022338867
1,61574733946017,en,0.24480098485946655,0.0866706445813179,0.030056238174438477,0.2999991178512573
1,61574883069816,it,0.22169330716133118,0.10192865878343582,0.031389668583869934,0.29999542236328125
1,61575549901920,pt,0.2095986008644104,0.10395494848489761,0.030004113912582397,0.2999914586544037
1,61575122184024,en,0.24622778594493866,0.07837963104248047,0.03472822904586792,0.2999988794326782
1,61573508699440,en,0.20164738595485687,0.11104673892259598,0.030042216181755066,0.29998883605003357
1,61575541172249,it,0.20788022875785828,0.10971110314130783,0.03015105426311493,0.2999924123287201
1,61575537956540,en,0.24306023120880127,0.09036337584257126,0.0301349014043808,0.29999905824661255
1,61575259760425,it,0.20049406588077545,0.1093062311410904,0.03001876175403595,0.29999715089797974
1,61573175695316,en,0.25733450055122375,0.0746811106801033,0.030966967344284058,0.29999840259552
1,61574775281781,en,0.23268863558769226,0.0901579037308693,0.03118157386779785,0.2999974489212036
1,61574855051268,fr,0.21710006892681122,0.09811242669820786,0.03014923632144928,0.2999964952468872
1,61575016052070,en,0.27039074897766113,0.055237870663404465,0.039165228605270386,0.2999991178512573
1,61575716045581,en,0.2500764727592468,0.0765499547123909,0.031940191984176636,0.29999905824661255
1,61574832908862,en,0.20075534284114838,0.10544396191835403,0.03089536726474762,0.2999986708164215
1,61575636999621,hi,0.1855253130197525,0.10780128091573715,0.030105531215667725,0.2999943494796753
1,61575069571460,fr,0.25262004137039185,0.07442569732666016,0.038075536489486694,0.29999855160713196
1,61575554348076,it,0.23957368731498718,0.08679252862930298,0.030856698751449585,0.299995481967926
1,61573358494546,fr,0.2192562371492386,0.09583324939012527,0.031202808022499084,0.2999981641769409
1,61575074773964,hi,0.24262796342372894,0.08444852381944656,0.031540751457214355,0.2999972105026245
1,61575494246952,hi,0.218874990940094,0.1017364114522934,0.030004635453224182,0.29999762773513794
1,61574815482213,en,0.2073749601840973,0.10454442352056503,0.030038774013519287,0.2999988794326782
1,61575252370580,pt,0.19786688685417175,0.09663675725460052,0.03179545700550079,0.29995501041412354
1,61575770758381,pt,0.21262437105178833,0.09731059521436691,0.03045235574245453,0.29999470710754395
1,61575680875975,fr,0.2372780591249466,0.08779262751340866,0.030342862010002136,0.2999977767467499
1,61575085619309,it,0.22990357875823975,0.08971285074949265,0.030558422207832336,0.29999667406082153
1,61574737216943,it,0.23078186810016632,0.08417714387178421,0.03211964666843414,0.29999443888664246
1,61572939577297,en,0.23991817235946655,0.08919472992420197,0.03148020803928375,0.29999840259552
1,61575031471293,en,0.22610828280448914,0.09777654707431793,0.0314086377620697,0.29998019337654114
1,61575654807398,fr,0.27547240257263184,0.047298863530159,0.05561858415603638,0.299998939037323
1,61575226372155,it,0.23381540179252625,0.08888837695121765,0.03350852429866791,0.2999967336654663
1,61575260650253,en,0.24218112230300903,0.07884201407432556,0.032561078667640686,0.2999972701072693
1,61574942256705,it,0.2001296728849411,0.10080717504024506,0.030728653073310852,0.29998475313186646
1,61574798804240,hi,0.22028623521327972,0.10097847133874893,0.03006868064403534,0.29999709129333496
1,61575755039100,pt,0.18186023831367493,0.10993963479995728,0.03016793727874756,0.2999849319458008
1,61575119906899,fr,0.21050433814525604,0.10036048293113708,0.030315324664115906,0.29999881982803345
1,61575751049240,pt,0.23899374902248383,0.088731549680233,0.030034556984901428,0.299996942281723
1,61574996507842,hi,0.21235249936580658,0.09303270280361176,0.03167678415775299,0.299998015165329
1,61572643031348,pt,0.235528364777565,0.08888682723045349,0.031044527888298035,0.2999962568283081
1,61575532832693,en,0.1965876668691635,0.1071341261267662,0.030008673667907715,0.29999133944511414
1,61575075284018,hi,0.20503470301628113,0.09815513342618942,0.0301448255777359,0.29999619722366333
1,61575122567285,fr,0.2166910618543625,0.10699176043272018,0.03003735840320587,0.299996018409729
1,61573003997283,fr,0.24134929478168488,0.07869397848844528,0.03632044792175293,0.2999976575374603
1,61575304682136,hi,0.23445454239845276,0.08589903265237808,0.030079573392868042,0.299998939037323
1,61575207594362,fr,0.2537512183189392,0.07741283625364304,0.031300634145736694,0.29999902844429016
1,61574865641861,it,0.23605428636074066,0.08064956963062286,0.03709472715854645,0.2999875545501709
1,61574923117609,hi,0.22486554086208344,0.09561766684055328,0.030245736241340637,0.29999852180480957
1,61575148359774,en,0.23318056762218475,0.09619367122650146,0.030214130878448486,0.2999988794326782
1,61574785483945,fr,0.19142194092273712,0.10899288952350616,0.030416220426559448,0.29999738931655884
1,61574997930238,en,0.2289452850818634,0.09855365753173828,0.030268222093582153,0.29999861121177673
1,61575796370877,it,0.2009301334619522,0.10866216570138931,0.03002949059009552,0.29998818039894104
1,61575187214281,it,0.23567244410514832,0.08742811530828476,0.03186725080013275,0.2999984323978424
1,61574977866022,en,0.2405869960784912,0.0867483839392662,0.03211471438407898,0.2999981641769409
1,61575161785561,pt,0.20445269346237183,0.10176015645265579,0.030011221766471863,0.2999933958053589
1,61575236435207,hi,0.25169849395751953,0.07747646421194077,0.03403984010219574,0.29999858140945435
1,61575769203176,hi,0.19668792188167572,0.10451281070709229,0.03008309006690979,0.29999494552612305
1,61575305648078,it,0.23348884284496307,0.09560327231884003,0.03004629909992218,0.2999984920024872
1,61574760582067,en,0.26062992215156555,0.07646945118904114,0.031027138233184814,0.2999984622001648
1,61575129328475,it,0.21906623244285583,0.09700050204992294,0.03096170723438263,0.299987256526947
1,61573536988081,fr,0.2320733368396759,0.09091180562973022,0.03039245307445526,0.29999908804893494
1,61573216118266,it,0.2464403510093689,0.08150187879800797,0.03244180977344513,0.2999984920024872
1,61575633442519,hi,0.21613599359989166,0.09303513914346695,0.030009642243385315,0.29998475313186646
1,61575221512411,hi,0.2458515167236328,0.0768851563334465,0.03262785077095032,0.29998472332954407
1,61575100647735,en,0.24061180651187897,0.08677501231431961,0.03151854872703552,0.2999991774559021
1,61574922094244,en,0.2666742205619812,0.06115254387259483,0.0385698527097702,0.29999840259552
1,61575555567384,fr,0.17777405679225922,0.10735935717821121,0.030050277709960938,0.29999762773513794
1,61573042665508,fr,0.2422553300857544,0.0846555307507515,0.032229334115982056,0.29999908804893494
1,61575502108193,en,0.23579970002174377,0.09701797366142273,0.0302111953496933,0.2999986708164215
1,61575484211181,pt,0.1897001415491104,0.11402731388807297,0.030035361647605896,0.2999981641769409
1,61575317113475,pt,0.20318463444709778,0.09712739288806915,0.030122563242912292,0.2999964952468872
1,61575165415117,fr,0.2090183049440384,0.09884291887283325,0.030130639672279358,0.2999977469444275
1,61575603778005,it,0.24424238502979279,0.0842607319355011,0.03164611756801605,0.2999957203865051
1,61575160987799,hi,0.22583842277526855,0.09751877933740616,0.030265092849731445,0.2999957799911499
1,61575123447467,fr,0.20809414982795715,0.10233917087316513,0.03001144528388977,0.2999967932701111
1,61575667346713,en,0.2180769443511963,0.09893912076950073,0.030122190713882446,0.2999976873397827
1,61575632169437,fr,0.2379552125930786,0.08352562040090561,0.030227914452552795,0.29998934268951416
1,61574928127303,pt,0.21063046157360077,0.10279718786478043,0.03050363063812256,0.299998939037323
1,61575289802878,en,0.25036299228668213,0.07428564131259918,0.033986255526542664,0.2999918460845947
1,61575200353453,it,0.22795578837394714,0.09724138677120209,0.030688688158988953,0.2999706268310547
1,61574764455076,it,0.22229304909706116,0.09856518357992172,0.030305534601211548,0.2999924421310425
1,61575731693479,en,0.21893943846225739,0.09721556305885315,0.0300845205783844,0.2999988794326782
1,61575049741188,fr,0.20134909451007843,0.09648074954748154,0.030185788869857788,0.29999151825904846
1,61575145346143,pt,0.23459991812705994,0.08405793458223343,0.033674851059913635,0.2999972701072693
1,61574796344244,pt,0.21749350428581238,0.09529783576726913,0.030290663242340088,0.2999981641769409
1,61575786231324,hi,0.2290595918893814,0.09433528035879135,0.03002089262008667,0.29999852180480957
1,61575534002323,en,0.2565545439720154,0.07025996595621109,0.03353491425514221,0.29999834299087524
1,61575621419066,hi,0.23442798852920532,0.09333925694227219,0.03028722107410431,0.2999979257583618
1,61575191863415,hi,0.2257891148328781,0.09000218659639359,0.030186444520950317,0.29999884963035583
1,61575196823636,pt,0.21806970238685608,0.10460945218801498,0.03030000627040863,0.2999982535839081
1,61574940548040,fr,0.26203256845474243,0.06486912816762924,0.03469346463680267,0.299994558095932
1,61574768265684,hi,0.2097204178571701,0.10126631706953049,0.030191287398338318,0.29998600482940674
1,61575557971497,fr,0.20256145298480988,0.10279733687639236,0.030040055513381958,0.2999987006187439
1,61574674005988,en,0.21169406175613403,0.10387938469648361,0.03138554096221924,0.2999984920024872
1,61575568080955,en,0.23083588480949402,0.0878654196858406,0.03813493251800537,0.2999958395957947
1,61575796940771,en,0.2412659078836441,0.08666328340768814,0.030339345335960388,0.2999982237815857
1,61575212768289,en,0.26875895261764526,0.059079159051179886,0.03756198287010193,0.29999837279319763
1,61575143006497,pt,0.21815155446529388,0.10330639034509659,0.03000698983669281,0.2999919354915619
1,61575070651124,it,0.234272301197052,0.0932830199599266,0.030005544424057007,0.2999984622001648
1,61575580421441,fr,0.22231188416481018,0.08901140838861465,0.032247692346572876,0.29999664425849915
1,61575274269379,it,0.2578694820404053,0.06655952334403992,0.04262491315603256,0.29999232292175293
1,61574727767195,en,0.2223326563835144,0.09407553821802139,0.030647441744804382,0.2999979853630066
1,61575192170378,en,0.24148286879062653,0.0761386826634407,0.03729519248008728,0.2999982237815857
1,61572954786814,pt,0.22822155058383942,0.08805042505264282,0.03392849862575531,0.29999881982803345
1,61575562736575,en,0.2531993091106415,0.07418407499790192,0.03439435362815857,0.2999991774559021
1,61573212398163,it,0.24239157140254974,0.08533221483230591,0.030228212475776672,0.2999958395957947
1,61575176453944,en,0.21491172909736633,0.1000359058380127,0.03175322711467743,0.2999967932701111
1,61573129617310,hi,0.22742262482643127,0.0992753878235817,0.03006012737751007,0.2999989688396454
1,61575237281286,it,0.20824195444583893,0.09617737680673599,0.030396968126296997,0.2999976575374603
1,61574782514001,en,0.26699161529541016,0.05995043367147446,0.03664335608482361,0.29999828338623047
1,61575162475372,pt,0.2222653478384018,0.09528224915266037,0.031405702233314514,0.2999945282936096
1,61575277305874,pt,0.24169586598873138,0.08609332144260406,0.030144482851028442,0.29999840259552
1,61573496429300,fr,0.2157626748085022,0.09829653054475784,0.030030012130737305,0.2999874949455261
1,61574810979559,en,0.22811107337474823,0.0960296168923378,0.03001721203327179,0.2999977469444275
1,61575624382959,en,0.21946243941783905,0.10148510336875916,0.03078724443912506,0.2999987006187439
1,61575307694452,pt,0.22827249765396118,0.08930349349975586,0.030399292707443237,0.2999773919582367
1,61575025023617,pt,0.1899919956922531,0.09668508172035217,0.03054589033126831,0.29996728897094727
1,61575621478987,pt,0.22123262286186218,0.10092200338840485,0.03011992573738098,0.2999979257583618
1,61575714924287,en,0.23061984777450562,0.09672977775335312,0.030151158571243286,0.29999715089797974
1,61574946005614,en,0.24625426530838013,0.08403436839580536,0.030576452612876892,0.2999975383281708
1,61575707904529,en,0.24072904884815216,0.09157657623291016,0.030764654278755188,0.29999881982803345
1,61575567781112,pt,0.19384999573230743,0.10103223472833633,0.03056877851486206,0.29998958110809326
1,61575422729180,en,0.2338991016149521,0.09061667323112488,0.030941501259803772,0.29999756813049316
1,61574991695405,en,0.21280770003795624,0.10686468333005905,0.030933931469917297,0.29999542236328125
1,61574951432810,en,0.2710786759853363,0.053562913089990616,0.05445081740617752,0.29999876022338867
1,61574890779488,pt,0.21957091987133026,0.09410042315721512,0.03174012899398804,0.2999148368835449
1,61575728765062,hi,0.205187126994133,0.09936719387769699,0.030504435300827026,0.2999986708164215
1,61575214852696,pt,0.2433299720287323,0.0874519944190979,0.0334518700838089,0.29999858140945435
1,61573053375071,fr,0.21322280168533325,0.0971769168972969,0.03175695240497589,0.2999982237815857
1,61573380245557,it,0.18063533306121826,0.10375049710273743,0.030001461505889893,0.2999938130378723
1,61574978944598,pt,0.2551444172859192,0.07684026658535004,0.03060215711593628,0.2999979257583618
1,61575606263930,en,0.22016336023807526,0.09522434324026108,0.031423136591911316,0.2999984622001648
1,61575147567358,fr,0.20796065032482147,0.10482622683048248,0.030052170157432556,0.2999979257583618
1,61575717804104,en,0.22848725318908691,0.09127630293369293,0.03034047782421112,0.2999972105026245
1,61572914558646,pt,0.17493891716003418,0.11074179410934448,0.030019238591194153,0.2999984323978424
1,61573902003588,it,0.20481689274311066,0.10218457132577896,0.030222192406654358,0.29999858140945435
1,61575235145623,en,0.23111869394779205,0.08727625012397766,0.03284949064254761,0.29999810457229614
1,61575057779980,en,0.25874871015548706,0.0659983828663826,0.038068994879722595,0.2999989986419678
1,61575514233503,en,0.24085880815982819,0.07729990780353546,0.03504610061645508,0.2999173700809479
1,61575806960249,hi,0.23267093300819397,0.0835699811577797,0.0347398966550827,0.29997608065605164
1,61575203154702,it,0.23252011835575104,0.08797397464513779,0.031784698367118835,0.29999786615371704
1,61575168338780,hi,0.24188251793384552,0.07990541309118271,0.030677497386932373,0.29994720220565796
1,61575095755348,en,0.232929065823555,0.09329287707805634,0.0306100994348526,0.299998939037323
1,61574935477073,pt,0.21111313998699188,0.11052753031253815,0.03007359802722931,0.29999855160713196
1,61572882850263,en,0.2580655515193939,0.0697525218129158,0.032503992319107056,0.2999976873397827
1,61575618485389,pt,0.2096327394247055,0.10561895370483398,0.03002631664276123,0.2999984622001648
1,61574831978505,en,0.254681259393692,0.07748324424028397,0.031124696135520935,0.2999987304210663
1,61575156865865,fr,0.2315738946199417,0.09089332818984985,0.030059218406677246,0.2999987006187439
1,61575054840889,hi,0.21128302812576294,0.10911174863576889,0.030004113912582397,0.2999972105026245
1,61575625025576,pt,0.2545808255672455,0.06967972964048386,0.033518239855766296,0.2999982535839081
1,61573590145100,pt,0.2228127270936966,0.09877624362707138,0.03018493950366974,0.2999977469444275
1,61575003572712,hi,0.2697848379611969,0.050070494413375854,0.04738173633813858,0.2999977469444275
1,61575140242986,en,0.21846048533916473,0.09379613399505615,0.030775845050811768,0.29999828338623047
1,61575061680510,it,0.17630988359451294,0.10322664678096771,0.03016708791255951,0.29998230934143066
1,61575575574825,pt,0.23309727013111115,0.08858142048120499,0.03141951560974121,0.29999274015426636
1,61575128956704,it,0.2147829383611679,0.09196661412715912,0.030035704374313354,0.29999351501464844
1,61575676166192,en,0.25398364663124084,0.0735199972987175,0.03295673429965973,0.29999881982803345
1,61575600087094,hi,0.2134406715631485,0.0903976634144783,0.03175267577171326,0.2999361753463745
1,61575039211521,pt,0.21124611794948578,0.10761059075593948,0.030012279748916626,0.2999899387359619
1,61573509419161,fr,0.23204456269741058,0.0865505114197731,0.030132785439491272,0.2999986410140991
1,61575787832729,en,0.2758679986000061,0.04546589031815529,0.06121325492858887,0.29999738931655884
1,61572806113212,en,0.23872564733028412,0.09566698968410492,0.03003445267677307,0.2999977469444275
1,61574996550205,en,0.2707037627696991,0.052272599190473557,0.049832746386528015,0.2999984323978424
1,61575686485825,fr,0.220506951212883,0.09682029485702515,0.030159547924995422,0.2999746799468994
1,61575337302838,pt,0.25816091895103455,0.06464771926403046,0.036560967564582825,0.2999964952468872
1,61575183980808,en,0.23781299591064453,0.09062942117452621,0.030411332845687866,0.2999989986419678
1,61575080220981,en,0.2588840425014496,0.06184867024421692,0.04482341557741165,0.29999810457229614
1,61575209213090,fr,0.23934736847877502,0.08477131277322769,0.03640703856945038,0.29999732971191406
1,61575197780172,en,0.20372197031974792,0.09494417905807495,0.03528909385204315,0.2999945878982544
1,61575028442180,fr,0.18852193653583527,0.11605088412761688,0.030018508434295654,0.29999661445617676
1,61575248000254,en,0.2534700334072113,0.07976020872592926,0.0313190221786499,0.29999762773513794
1,61574651897378,en,0.2527655065059662,0.07575634866952896,0.03267151117324829,0.29999858140945435
1,61575084119219,en,0.2206396758556366,0.10443725436925888,0.030002504587173462,0.29999908804893494
1,61575202535455,hi,0.22189509868621826,0.10138261318206787,0.030025526881217957,0.2999979853630066
1,61575224736246,en,0.2337985634803772,0.09429403394460678,0.0303727388381958,0.2999984622001648
1,61573079190124,pt,0.22963324189186096,0.09895077347755432,0.03004246950149536,0.2999977469444275
1,61575011283063,it,0.2254919707775116,0.09069454669952393,0.03275083005428314,0.29998016357421875
1,61575112227227,en,0.26078060269355774,0.06033236160874367,0.05128858983516693,0.29998254776000977
1,61575953244525,hi,0.23115284740924835,0.10070300847291946,0.030055642127990723,0.2999981641769409
1,61575587711344,it,0.21603408455848694,0.09444470703601837,0.0345771461725235,0.2999928593635559
1,61575152395919,it,0.21961337327957153,0.09662409126758575,0.03000722825527191,0.29999855160713196
1,61575939565143,en,0.21921780705451965,0.09654557704925537,0.03061726689338684,0.29999861121177673
1,61575794367448,pt,0.22345565259456635,0.09684468060731888,0.03055015206336975,0.29999709129333496
1,61574820912289,it,0.23766149580478668,0.0932936817407608,0.03078952431678772,0.29999667406082153
1,61572954306907,pt,0.21511951088905334,0.09710341691970825,0.030362337827682495,0.2999904155731201
1,61575134236693,fr,0.21527789533138275,0.10808807611465454,0.030011504888534546,0.2999984920024872
1,61575307141915,en,0.2791391611099243,0.044399186968803406,0.05425824970006943,0.2999975085258484
1,61575624868902,en,0.1759912073612213,0.11442966014146805,0.030505314469337463,0.29999738931655884
1,61575171116206,fr,0.18653905391693115,0.10420501232147217,0.030020371079444885,0.2999404966831207
1,61575215922342,hi,0.21429099142551422,0.10761623829603195,0.03005315363407135,0.2999975085258484
1,61575106794786,en,0.23128457367420197,0.0882703885436058,0.03217552602291107,0.2999950349330902
1,61575519009521,pt,0.16994047164916992,0.09861927479505539,0.03260786831378937,0.299990713596344
1,61574835341215,fr,0.21838223934173584,0.09724073857069016,0.0305345356464386,0.2999953627586365
1,61575263014083,en,0.15646320581436157,0.11873029917478561,0.030003994703292847,0.29999423027038574
1,61575578274585,en,0.19841335713863373,0.10329466313123703,0.030051812529563904,0.29999732971191406
1,61574078395311,it,0.20541048049926758,0.11186490952968597,0.030039727687835693,0.29999738931655884
1,61575100662412,en,0.21430817246437073,0.10137157887220383,0.03283785283565521,0.2999950051307678
1,61574829698864,en,0.21407876908779144,0.10603655874729156,0.03024977445602417,0.29999613761901855
1,61574071554987,it,0.2280520349740982,0.09519451856613159,0.03010021150112152,0.29999810457229614
1,61573941970022,it,0.2348167449235916,0.09120053797960281,0.03032495081424713,0.29998722672462463
1,61575721133931,fr,0.2355569750070572,0.09078270196914673,0.030342519283294678,0.29999643564224243
1,61573071750653,fr,0.248734250664711,0.07191246747970581,0.03459927439689636,0.29999756813049316
1,61575036691879,fr,0.19231922924518585,0.09832490235567093,0.030079036951065063,0.2999907433986664
1,61575642477991,hi,0.2423969805240631,0.08504004776477814,0.0301809161901474,0.29999858140945435
1,61574082594447,it,0.24769476056098938,0.0857272669672966,0.031295597553253174,0.2999882996082306
1,61575024899211,en,0.2593151330947876,0.0645427480340004,0.03925636410713196,0.2999979853630066
1,61574787854878,pt,0.27074146270751953,0.05608557537198067,0.0435061976313591,0.29999861121177673
1,61574724947307,it,0.2520996928215027,0.07947377115488052,0.03200022876262665,0.2999972701072693
1,61573090242830,en,0.2662268877029419,0.06198706105351448,0.03820085525512695,0.2999921143054962
1,61575552061888,pt,0.18739232420921326,0.10826138406991959,0.030155465006828308,0.2999986410140991
1,61574769614945,en,0.24337926506996155,0.08275216072797775,0.0367371141910553,0.29999297857284546
1,61575248771116,en,0.23660998046398163,0.07993462681770325,0.03735768795013428,0.299998939037323
2,61574934126943,pt,0.18563075363636017,0.11446698755025864,0.030000761151313782,0.2999975383281708
2,61575691375427,fr,0.2171964943408966,0.09914418309926987,0.03045743703842163,0.2999957799911499
2,61575485818749,hi,0.2200964242219925,0.10224147886037827,0.030054017901420593,0.29999852180480957
2,61574816892552,pt,0.1859351098537445,0.10713858902454376,0.030804738402366638,0.2999863624572754
2,61574075455618,it,0.23568418622016907,0.09740452468395233,0.03000202775001526,0.2999976873397827
2,61575459945486,fr,0.22417129576206207,0.09704376012086868,0.03000323474407196,0.2999991774559021
2,61574981251318,en,0.23764599859714508,0.09000663459300995,0.030251309275627136,0.29999876022338867
2,61575731069908,it,0.23334768414497375,0.08885551244020462,0.030038535594940186,0.2999963164329529
2,61574875659187,hi,0.2387438863515854,0.08872771263122559,0.03019113838672638,0.2999957799911499
2,61574801413926,fr,0.21478530764579773,0.09878690540790558,0.030049964785575867,0.29999840259552
2,61575146115727,en,0.22776684165000916,0.09328877925872803,0.03118892014026642,0.29999840259552
2,61573204057105,pt,0.23303794860839844,0.0884905457496643,0.0331648588180542,0.29999619722366333
2,61573089179589,en,0.21177606284618378,0.10522670298814774,0.030081644654273987,0.29999813437461853
2,61574905567721,en,0.18787173926830292,0.10974962264299393,0.030024513602256775,0.29999494552612305
2,61574951645380,en,0.23470458388328552,0.08433408290147781,0.033822834491729736,0.2999964952468872
2,61574784704159,en,0.25634250044822693,0.07613230496644974,0.03173966705799103,0.2999981939792633
2,61575176273985,fr,0.18665865063667297,0.10646826028823853,0.030142605304718018,0.29998183250427246
2,61574760312216,en,0.2476262003183365,0.0844549909234047,0.030506491661071777,0.29999828338623047
2,61575685105868,hi,0.22427412867546082,0.09709738194942474,0.030067652463912964,0.29999715089797974
2,61575670886568,hi,0.21469274163246155,0.10067962855100632,0.03011956810951233,0.2999911904335022
2,61575164631789,en,0.24490806460380554,0.08566214889287949,0.03302967548370361,0.29999858140945435
2,61575208087101,hi,0.21046242117881775,0.10176671296358109,0.03001895546913147,0.2999987006187439
2,61575843929653,en,0.2123020589351654,0.10379328578710556,0.03025493025779724,0.2999984622001648
2,61575206423273,hi,0.23850592970848083,0.07978107035160065,0.03492572903633118,0.2999967932701111
2,61572994007723,fr,0.2047528624534607,0.09770497679710388,0.030069783329963684,0.2999986410140991
2,61575207732884,en,0.254362553358078,0.07923588156700134,0.03657446801662445,0.2999958395957947
2,61575184700780,en,0.26909106969833374,0.06294670701026917,0.03404778242111206,0.29999881982803345
2,61574992560566,hi,0.2471972554922104,0.08606625348329544,0.030024021863937378,0.29999712109565735
2,61573566207733,fr,0.212624192237854,0.1002546027302742,0.03031107783317566,0.29999902844429016
2,61575283718902,en,0.2677704095840454,0.05982305854558945,0.03393130004405975,0.29999861121177673
2,61574821569203,en,0.22176168859004974,0.09532678127288818,0.03162693977355957,0.29999905824661255
2,61575240461266,pt,0.1989530622959137,0.09870792180299759,0.030003130435943604,0.29999852180480957
2,61575616199388,hi,0.2324247509241104,0.09105105698108673,0.03005872666835785,0.29999685287475586
2,61574709227973,pt,0.17738720774650574,0.10690342634916306,0.030033379793167114,0.2999975085258484
2,61574889725701,en,0.23927749693393707,0.08793952316045761,0.030421718955039978,0.29999840259552
2,61575850974558,it,0.19100914895534515,0.11014124751091003,0.03000795841217041,0.29999783635139465
2,61575303902251,en,0.2313639521598816,0.09480059891939163,0.030037671327590942,0.29999688267707825
2,61574689937883,fr,0.2147105485200882,0.10356111824512482,0.030695170164108276,0.2999979555606842
2,61575625918798,fr,0.20325462520122528,0.1116485446691513,0.030011892318725586,0.29998981952667236
2,61575159445487,pt,0.2100774049758911,0.09266021847724915,0.030161142349243164,0.2999936640262604
2,61575245441106,en,0.23684677481651306,0.09195985645055771,0.03055325150489807,0.29999756813049316
2,61575530402770,en,0.250908225774765,0.0798211619257927,0.034030765295028687,0.2999991178512573
2,61575449674736,fr,0.23092171549797058,0.08225718885660172,0.03995871543884277,0.2999989688396454
2,61575677426201,en,0.2076890468597412,0.10136430710554123,0.030632898211479187,0.29999852180480957
2,61575220672434,fr,0.23752780258655548,0.0806485116481781,0.03269551694393158,0.29996395111083984
2,61575207112351,en,0.22224636375904083,0.10186653584241867,0.03007851541042328,0.29999566078186035
2,61575689365656,it,0.242733895778656,0.07771898806095123,0.03336678445339203,0.2999953627586365
2,61575314851612,en,0.2242913395166397,0.09944512695074081,0.030117124319076538,0.2999976873397827
2,61575849234543,pt,0.24125294387340546,0.0848851278424263,0.031818196177482605,0.29996198415756226
2,61573389545206,it,0.22542905807495117,0.09081805497407913,0.03071160614490509,0.29999619722366333
2,61575147806028,pt,0.24808824062347412,0.06927382946014404,0.034161850810050964,0.29999423027038574
2,61575284104535,en,0.26226353645324707,0.06579863280057907,0.037157922983169556,0.29999786615371704
2,61575114161642,hi,0.24241968989372253,0.09438575804233551,0.03004296123981476,0.29999852180480957
2,61575635698445,pt,0.21981115639209747,0.09360332041978836,0.030013054609298706,0.2999926805496216
2,61574793554229,it,0.24615266919136047,0.08321129530668259,0.030229434370994568,0.2999987006187439
2,61573072801000,fr,0.1951422542333603,0.10404948145151138,0.030062317848205566,0.2999880909919739
2,61575509307728,hi,0.23378023505210876,0.0905851423740387,0.03021247684955597,0.2999967336654663
2,61575227003442,it,0.2255348563194275,0.09450491517782211,0.030817359685897827,0.29999589920043945
2,61575051841154,it,0.2430478185415268,0.07659982144832611,0.03153987228870392,0.2999948263168335
2,61575829405493,it,0.2706907391548157,0.05527771636843681,0.05341009795665741,0.29999709129333496
2,61575356045890,it,0.20780149102210999,0.10709557682275772,0.030021876096725464,0.29999709129333496
2,61574994845337,en,0.22468309104442596,0.09897825866937637,0.030021369457244873,0.2999964654445648
2,61574977474091,en,0.23400776088237762,0.08620674163103104,0.03170177340507507,0.2999987006187439
2,61575678336895,fr,0.2250249683856964,0.09861509501934052,0.03001438081264496,0.29999804496765137
2,61574817464063,en,0.2637426257133484,0.065145343542099,0.0349273681640625,0.29999780654907227
2,61574663866130,en,0.24862124025821686,0.07045149803161621,0.046040937304496765,0.29999858140945435
2,61575186265522,en,0.2623435854911804,0.06949332356452942,0.030362799763679504,0.299998939037323
2,61575243311101,it,0.23035377264022827,0.09108783304691315,0.03016333281993866,0.2999904155731201
2,61575821610647,hi,0.23109973967075348,0.08704172074794769,0.031449005007743835,0.2999969720840454
2,61575111327419,en,0.23957571387290955,0.08685152232646942,0.030186548829078674,0.2999981939792633
2,61575778203150,en,0.21466627717018127,0.10502663254737854,0.030010953545570374,0.2999982237815857
2,61573399053277,en,0.2825000286102295,0.03877969831228256,0.10119844228029251,0.29999858140945435
2,61574865220091,en,0.24565480649471283,0.08573488146066666,0.030161529779434204,0.29999905824661255
2,61574999765096,fr,0.21069540083408356,0.10239546000957489,0.03006395697593689,0.299998939037323
2,61575046500552,en,0.22975192964076996,0.09805258363485336,0.030273914337158203,0.2999972701072693
2,61575088062953,it,0.2129005640745163,0.09910045564174652,0.030007943511009216,0.29996174573898315
2,61574128582078,en,0.2565805912017822,0.06953416019678116,0.03202781081199646,0.2999984920024872
2,61575532618099,en,0.23979829251766205,0.0911489948630333,0.030774042010307312,0.2999987006187439
2,61575460005891,it,0.2563333809375763,0.06636979430913925,0.0343623161315918,0.2999836504459381
2,61574752002783,en,0.23476505279541016,0.09438345581293106,0.030207082629203796,0.29999858140945435
2,61574963854572,en,0.18425993621349335,0.10898177325725555,0.03012622892856598,0.2999984622001648
2,61575134907982,it,0.253449022769928,0.07380785793066025,0.03576540946960449,0.2999952733516693
2,61574725486505,en,0.2405647337436676,0.08986114710569382,0.03227238357067108,0.29999879002571106
2,61575782391589,en,0.23471392691135406,0.08807702362537384,0.03265070915222168,0.2999986410140991
2,61573815667956,it,0.19759945571422577,0.10471455007791519,0.030005022883415222,0.29997336864471436
2,61575682345613,fr,0.2162356972694397,0.09907377511262894,0.030058830976486206,0.29999667406082153
2,61575308947711,hi,0.21557582914829254,0.10165025293827057,0.030968546867370605,0.2999991476535797
2,61575133420619,hi,0.23597769439220428,0.0891665518283844,0.030047088861465454,0.299998939037323
2,61575179138929,en,0.23209117352962494,0.08862832188606262,0.03006492555141449,0.2999982237815857
2,61575262936745,pt,0.19482257962226868,0.10153680294752121,0.03158518671989441,0.29999810457229614
2,61575302234656,pt,0.2419966161251068,0.07248036563396454,0.03139680624008179,0.29999786615371704
2,61575282129145,pt,0.22885863482952118,0.09285108000040054,0.031853705644607544,0.2999953627586365
2,61575144555723,pt,0.19643589854240417,0.10851631313562393,0.030032575130462646,0.299993097782135
2,61575147357302,it,0.20803354680538177,0.10315927863121033,0.030207812786102295,0.2999967932701111
2,61574928787493,it,0.22104494273662567,0.09594646096229553,0.03053303062915802,0.29999372363090515
2,61575324090992,en,0.23849040269851685,0.08469481766223907,0.031247630715370178,0.29999402165412903
2,61575134935995,hi,0.22993865609169006,0.09455464035272598,0.030094817280769348,0.299996554851532
2,61575180414410,it,0.24335508048534393,0.08472650498151779,0.03203624486923218,0.29999691247940063
2,61575005164655,it,0.2410050332546234,0.0905587449669838,0.030047908425331116,0.2999953031539917
2,61575570054989,hi,0.17656302452087402,0.1127443015575409,0.030014127492904663,0.29999810457229614
2,61573191954824,pt,0.2517520785331726,0.0752418115735054,0.03509993851184845,0.2999987006187439
2,61573587415133,en,0.24619907140731812,0.08186735957860947,0.03200489282608032,0.29999786615371704
2,61575732533301,pt,0.21130947768688202,0.10416296869516373,0.030002444982528687,0.29999566078186035
2,61575140786572,en,0.24937161803245544,0.08469707518815994,0.030048459768295288,0.2999991476535797
2,61575025108897,en,0.23129303753376007,0.08991508930921555,0.03012000024318695,0.2999952435493469
2,61573433221729,fr,0.2117815911769867,0.10160311311483383,0.031130298972129822,0.29999464750289917
2,61573596774794,pt,0.2407430112361908,0.08750671148300171,0.03191201388835907,0.29999834299087524
2,61575556914293,hi,0.23763570189476013,0.09407135844230652,0.03001721203327179,0.29999858140945435
2,61575312817624,pt,0.23504894971847534,0.09062284231185913,0.030857324600219727,0.2999969720840454
2,61573167969034,fr,0.24862471222877502,0.06963111460208893,0.033951178193092346,0.2999986410140991
2,61574921438928,en,0.2740786373615265,0.05091239511966705,0.045502759516239166,0.2999981939792633
2,61575125876415,en,0.21218061447143555,0.10113354027271271,0.03134042024612427,0.2999897599220276
2,61575152979706,hi,0.22128452360630035,0.09934843331575394,0.030068784952163696,0.29999881982803345
2,61575091678915,pt,0.2038804441690445,0.10917973518371582,0.030100390315055847,0.2999868392944336
2,61575220722146,en,0.24268320202827454,0.09107489138841629,0.030345290899276733,0.2999963164329529
2,61575829680247,it,0.24722914397716522,0.07733839750289917,0.036551788449287415,0.29999876022338867
2,61575138623198,en,0.2684656083583832,0.05982104316353798,0.03324136137962341,0.2999984622001648
2,61575306397643,pt,0.17359547317028046,0.1046619713306427,0.030009031295776367,0.29999011754989624
2,61575849294548,pt,0.18727439641952515,0.10543618351221085,0.030015364289283752,0.2999976873397827
2,61574855530567,en,0.2426389455795288,0.09171058982610703,0.03086698055267334,0.2999960482120514
2,61575189890579,en,0.21522004902362823,0.09773558378219604,0.031607404351234436,0.29999852180480957
2,61574100204041,it,0.21798135340213776,0.09969979524612427,0.030555665493011475,0.2999982237815857
2,61575074909869,pt,0.21555115282535553,0.10209860652685165,0.03050193190574646,0.29999545216560364
2,61575059787159,en,0.2140994518995285,0.09809687733650208,0.030786484479904175,0.2999955117702484
2,61575126533596,en,0.257016122341156,0.06680112332105637,0.033093541860580444,0.2999976873397827
2,61575580080566,it,0.23600025475025177,0.08863335847854614,0.030735477805137634,0.29999831318855286
2,61575232601470,pt,0.18036633729934692,0.10661447793245316,0.030001282691955566,0.29999011754989624
2,61575341466231,hi,0.224424809217453,0.09729231894016266,0.031594738364219666,0.29999595880508423
2,61574785574733,it,0.18283464014530182,0.11039359867572784,0.030005991458892822,0.2999974191188812
2,61575626782963,hi,0.2231544852256775,0.082147516310215,0.03302358090877533,0.29999610781669617
2,61575117357728,it,0.22143056988716125,0.10069271922111511,0.03000509738922119,0.2999917268753052
2,61572728411956,fr,0.2291370928287506,0.08523648977279663,0.034577369689941406,0.2999991774559021
2,61575005447655,hi,0.19518491625785828,0.10421337187290192,0.03095473349094391,0.29998141527175903
2,61574955275865,en,0.2611110210418701,0.06427200883626938,0.04333212226629257,0.2999992072582245
2,61575794757479,pt,0.254433810710907,0.07832194864749908,0.03134520351886749,0.2999945282936096
2,61575226252249,en,0.25025707483291626,0.07370975613594055,0.03893613815307617,0.2999974191188812
2,61575586061241,en,0.23982180655002594,0.08754680305719376,0.03035685420036316,0.2999992370605469
2,61575145166306,en,0.22012533247470856,0.0959964469075203,0.030727535486221313,0.29999881982803345
2,61575505107976,hi,0.1953304260969162,0.10858474671840668,0.030344322323799133,0.29999202489852905
2,61575499054322,hi,0.2552236020565033,0.06870480626821518,0.037053704261779785,0.29999902844429016
2,61575323976887,en,0.2677522301673889,0.056714802980422974,0.03506110608577728,0.2999979257583618
2,61575152565446,it,0.19868049025535583,0.10047196596860886,0.03228180110454559,0.2999964952468872
2,61575755242672,en,0.23707127571105957,0.09513641148805618,0.0303400456905365,0.29999905824661255
2,61575187598053,en,0.23369723558425903,0.09602421522140503,0.03021487593650818,0.29999834299087524
2,61575061559762,en,0.251801460981369,0.07929662615060806,0.030256912112236023,0.29999902844429016
2,61575533882644,pt,0.22210277616977692,0.09394081681966782,0.03065013885498047,0.2999957501888275
2,61575494740784,pt,0.20556987822055817,0.10786143690347672,0.030335381627082825,0.2999735474586487
2,61575689515528,en,0.22217848896980286,0.10012299567461014,0.030036866664886475,0.29999011754989624
2,61575061077037,hi,0.22404155135154724,0.10041284561157227,0.030051812529563904,0.2999979555606842
2,61575169856226,fr,0.20826460421085358,0.09991517663002014,0.030211180448532104,0.29999643564224243
2,61575169251615,en,0.19875185191631317,0.11428947746753693,0.030053287744522095,0.2999988794326782
2,61574733946017,en,0.24885866045951843,0.08365283906459808,0.030060023069381714,0.2999991774559021
2,61574883069816,it,0.22346624732017517,0.10288320481777191,0.03133518993854523,0.2999938726425171
2,61575549901920,pt,0.20728856325149536,0.10530576854944229,0.03000195324420929,0.299991250038147
2,61575122184024,en,0.24314634501934052,0.0816555842757225,0.03390774130821228,0.2999989986419678
2,61573508699440,en,0.2076624482870102,0.1063760370016098,0.03008262813091278,0.29999038577079773
2,61575541172249,it,0.2142387181520462,0.10722528398036957,0.03024272620677948,0.2999914884567261
2,61575537956540,en,0.24762411415576935,0.08624681830406189,0.030636608600616455,0.2999991178512573
2,61575259760425,it,0.2104560285806656,0.10799732059240341,0.030038535594940186,0.2999979555606842
2,61573175695316,en,0.2545488178730011,0.07761949300765991,0.030905932188034058,0.2999981641769409
2,61574775281781,en,0.24010542035102844,0.08670637011528015,0.031816914677619934,0.2999986410140991
2,61574855051268,fr,0.21413525938987732,0.09831155091524124,0.03012862801551819,0.2999970316886902
2,61575016052070,en,0.2708509564399719,0.05513322353363037,0.038275688886642456,0.2999991774559021
2,61575716045581,en,0.25108611583709717,0.07323572039604187,0.036122262477874756,0.29999905824661255
2,61574832908862,en,0.18674440681934357,0.10934482514858246,0.030388683080673218,0.2999986410140991
2,61575636999621,hi,0.18176576495170593,0.1096203476190567,0.030041128396987915,0.29999154806137085
2,61575069571460,fr,0.2487325370311737,0.07807008177042007,0.035738468170166016,0.29999858140945435
2,61575554348076,it,0.23049740493297577,0.09374114871025085,0.030609577894210815,0.29999518394470215
2,61573358494546,fr,0.20880791544914246,0.09806457161903381,0.03073740005493164,0.2999981641769409
2,61575074773964,hi,0.23322300612926483,0.09331050515174866,0.03105081617832184,0.2999970316886902
2,61575494246952,hi,0.2241862565279007,0.09751392155885696,0.030002281069755554,0.29999786615371704
2,61574815482213,en,0.20483660697937012,0.10598652064800262,0.030045688152313232,0.29999852180480957
2,61575252370580,pt,0.20099158585071564,0.0951436311006546,0.03192286193370819,0.29996752738952637
2,61575770758381,pt,0.21667979657649994,0.09515678137540817,0.030877545475959778,0.29999756813049316
2,61575680875975,fr,0.22367186844348907,0.09438803791999817,0.03021399676799774,0.2999977767467499
2,61575085619309,it,0.22304150462150574,0.09422492235898972,0.03036603331565857,0.2999967634677887
2,61574737216943,it,0.23526573181152344,0.08206263184547424,0.03369203209877014,0.2999950051307678
2,61572939577297,en,0.24740751087665558,0.08783495426177979,0.030653104186058044,0.29999858140945435
2,61575031471293,en,0.23031798005104065,0.09324777871370316,0.03191682696342468,0.29998958110809326
2,61575654807398,fr,0.2753463089466095,0.04872892424464226,0.0776699110865593,0.2999987006187439
2,61575226372155,it,0.22574259340763092,0.09321652352809906,0.03153418004512787,0.29999542236328125
2,61575260650253,en,0.23583416640758514,0.08463380485773087,0.03229358792304993,0.2999953031539917
2,61574942256705,it,0.2011839896440506,0.09895722568035126,0.03145495057106018,0.299985408782959
2,61574798804240,hi,0.21942934393882751,0.09967933595180511,0.030025511980056763,0.29999470710754395
2,61575755039100,pt,0.17785149812698364,0.10964834690093994,0.03023652732372284,0.2999805808067322
2,61575119906899,fr,0.2000998854637146,0.1019807904958725,0.030591577291488647,0.29999837279319763
2,61575751049240,pt,0.2338009774684906,0.08950882405042648,0.030030444264411926,0.2999982535839081
2,61574996507842,hi,0.22638200223445892,0.08592799305915833,0.03187529742717743,0.2999955415725708
2,61572643031348,pt,0.2532574236392975,0.07592501491308212,0.03295469284057617,0.29999858140945435
2,61575532832693,en,0.18529556691646576,0.11162040382623672,0.030015110969543457,0.2999946177005768
2,61575075284018,hi,0.20986659824848175,0.09470853209495544,0.030628621578216553,0.2999948561191559
2,61575122567285,fr,0.21590468287467957,0.1069374606013298,0.030006766319274902,0.29999732971191406
2,61573003997283,fr,0.22494268417358398,0.09238076210021973,0.031308695673942566,0.29999738931655884
2,61575304682136,hi,0.24351975321769714,0.0770174041390419,0.030312612652778625,0.29999908804893494
2,61575207594362,fr,0.24913766980171204,0.0808510109782219,0.030830562114715576,0.29999902844429016
2,61574865641861,it,0.2494562864303589,0.0736042931675911,0.035774096846580505,0.29999011754989624
2,61574923117609,hi,0.21256974339485168,0.10047771781682968,0.030220746994018555,0.2999984622001648
2,61575148359774,en,0.23108220100402832,0.09792876243591309,0.030219703912734985,0.29999905824661255
2,61574785483945,fr,0.19117163121700287,0.10941144824028015,0.0304127037525177,0.299997478723526
2,61574997930238,en,0.22870087623596191,0.09819125384092331,0.031007856130599976,0.2999984622001648
2,61575796370877,it,0.20344571769237518,0.10740748792886734,0.030048996210098267,0.29999080300331116
2,61575187214281,it,0.240520641207695,0.08347614854574203,0.03235714137554169,0.29999852180480957
2,61574977866022,en,0.22908969223499298,0.09640756249427795,0.03031134605407715,0.2999975085258484
2,61575161785561,pt,0.19463250041007996,0.10640212893486023,0.03000698983669281,0.29999107122421265
2,61575236435207,hi,0.24080240726470947,0.08991070836782455,0.03282761573791504,0.2999984323978424
2,61575769203176,hi,0.206390842795372,0.10239263623952866,0.03006349503993988,0.2999943196773529
2,61575305648078,it,0.22937028110027313,0.0972628965973854,0.030117914080619812,0.29999756813049316
2,61574760582067,en,0.26441213488578796,0.07139815390110016,0.03297145664691925,0.29999876022338867
2,61575129328475,it,0.2294309139251709,0.09176494926214218,0.0324479341506958,0.29999202489852905
2,61573536988081,fr,0.22354909777641296,0.09709440171718597,0.03032582998275757,0.2999988794326782
2,61573216118266,it,0.24044694006443024,0.08575509488582611,0.03159056603908539,0.2999979257583618
2,61575633442519,hi,0.22340968251228333,0.09102682024240494,0.030016466975212097,0.2999892830848694
2,61575221512411,hi,0.25105395913124084,0.07380061596632004,0.03178371489048004,0.29998815059661865
2,61575100647735,en,0.24465668201446533,0.08188813924789429,0.03176625072956085,0.2999992370605469
2,61574922094244,en,0.26129236817359924,0.06375759094953537,0.035809069871902466,0.2999986708164215
2,61575555567384,fr,0.1874384582042694,0.10722224414348602,0.030059784650802612,0.2999981641769409
2,61573042665508,fr,0.2289966195821762,0.09140195697546005,0.03137660026550293,0.2999989688396454
2,61575502108193,en,0.23107804358005524,0.09858233481645584,0.03036472201347351,0.2999984323978424
2,61575484211181,pt,0.191557377576828,0.11250612884759903,0.030013203620910645,0.29999810457229614
2,61575317113475,pt,0.210550919175148,0.09897668659687042,0.030229970812797546,0.2999967336654663
2,61575165415117,fr,0.213497593998909,0.09673043340444565,0.030473023653030396,0.29999840259552
2,61575603778005,it,0.2453220784664154,0.08238989859819412,0.03118184208869934,0.299995481967926
2,61575160987799,hi,0.22700656950473785,0.09752026945352554,0.03040561079978943,0.2999933958053589
2,61575123447467,fr,0.19176247715950012,0.10771539062261581,0.03000335395336151,0.29999497532844543
2,61575667346713,en,0.21445241570472717,0.10268207639455795,0.03008916974067688,0.29999709129333496
2,61575632169437,fr,0.2361907660961151,0.08742797374725342,0.030224546790122986,0.2999941110610962
2,61574928127303,pt,0.20073789358139038,0.10658510774374008,0.030124470591545105,0.2999987006187439
2,61575289802878,en,0.24694561958312988,0.07772544771432877,0.03330327570438385,0.29999491572380066
2,61575200353453,it,0.23649029433727264,0.090828537940979,0.03120867908000946,0.2999906539916992
2,61574764455076,it,0.21914978325366974,0.1009572297334671,0.030177995562553406,0.2999933660030365
2,61575731693479,en,0.2166319191455841,0.10060852020978928,0.03004901111125946,0.2999988794326782
2,61575049741188,fr,0.20144914090633392,0.09683449566364288,0.03028559684753418,0.2999934256076813
2,61575145346143,pt,0.2274954617023468,0.0884149968624115,0.03181681036949158,0.29999589920043945
2,61574796344244,pt,0.1901078075170517,0.10802075266838074,0.030109718441963196,0.29999786615371704
2,61575786231324,hi,0.23098726570606232,0.09419065713882446,0.03006047010421753,0.29999852180480957
2,61575534002323,en,0.2537311315536499,0.07267330586910248,0.03414510190486908,0.2999984323978424
2,61575621419066,hi,0.23963519930839539,0.09010562300682068,0.030293986201286316,0.29999691247940063
2,61575191863415,hi,0.21972715854644775,0.09168954938650131,0.03015473484992981,0.2999988794326782
2,61575196823636,pt,0.21552503108978271,0.10490889847278595,0.0307026207447052,0.2999974489212036
2,61574940548040,fr,0.2736017405986786,0.05221731588244438,0.037877798080444336,0.2999975383281708
2,61574768265684,hi,0.20450305938720703,0.10325760394334793,0.030092045664787292,0.29997187852859497
2,61575557971497,fr,0.20110204815864563,0.10300296545028687,0.03001360595226288,0.29999756813049316
2,61574674005988,en,0.20958386361598969,0.10632298141717911,0.030328765511512756,0.29999840259552
2,61575568080955,en,0.22759225964546204,0.0895005464553833,0.03789566457271576,0.2999952435493469
2,61575796940771,en,0.24652937054634094,0.08174875378608704,0.030204564332962036,0.29999837279319763
2,61575212768289,en,0.2721750736236572,0.05439295247197151,0.03924292325973511,0.29999876022338867
2,61575143006497,pt,0.2291511744260788,0.0978144183754921,0.030009374022483826,0.2999908924102783
2,61575070651124,it,0.21984823048114777,0.09828203171491623,0.03000873327255249,0.2999981939792633
2,61575580421441,fr,0.23288653790950775,0.08394007384777069,0.032218292355537415,0.29999595880508423
2,61575274269379,it,0.2596534788608551,0.06474993377923965,0.04166393727064133,0.29999440908432007
2,61574727767195,en,0.21785160899162292,0.1003412976861,0.030647367238998413,0.29999762773513794
2,61575192170378,en,0.2548425793647766,0.06400547176599503,0.03810177743434906,0.2999986410140991
2,61572954786814,pt,0.23311814665794373,0.08277686685323715,0.03576889634132385,0.2999988794326782
2,61575562736575,en,0.25859782099723816,0.0653606429696083,0.03795097768306732,0.2999991774559021
2,61573212398163,it,0.24985159933567047,0.07796351611614227,0.030653849244117737,0.29999685287475586
2,61575176453944,en,0.2234688699245453,0.098598912358284,0.03181770443916321,0.2999975085258484
2,61573129617310,hi,0.2218128740787506,0.09949246048927307,0.030103936791419983,0.299998939037323
2,61575237281286,it,0.2239363193511963,0.08811623603105545,0.03053276240825653,0.2999976575374603
2,61574782514001,en,0.2682306468486786,0.05736160650849342,0.0395427942276001,0.29999831318855286
2,61575162475372,pt,0.24393773078918457,0.08071354031562805,0.03225429356098175,0.29999732971191406
2,61575277305874,pt,0.23936963081359863,0.08689776808023453,0.030084431171417236,0.29999834299087524
2,61573496429300,fr,0.2092062085866928,0.10260860621929169,0.0300348699092865,0.29998916387557983
2,61574810979559,en,0.224517360329628,0.09924378246068954,0.030003264546394348,0.29999691247940063
2,61575624382959,en,0.21829745173454285,0.10019848495721817,0.031324997544288635,0.2999982237815857
2,61575307694452,pt,0.23170672357082367,0.0879255011677742,0.0303984135389328,0.29997408390045166
2,61575025023617,pt,0.20736107230186462,0.09544669836759567,0.03062489628791809,0.29999035596847534
2,61575621478987,pt,0.21985280513763428,0.10176610946655273,0.03010748326778412,0.29999834299087524
2,61575714924287,en,0.2242744266986847,0.10121627897024155,0.030151158571243286,0.29999661445617676
2,61574946005614,en,0.24602192640304565,0.08384644240140915,0.030497252941131592,0.2999967932701111
2,61575707904529,en,0.2350894659757614,0.09782890975475311,0.0305899977684021,0.2999988794326782
2,61575567781112,pt,0.2159401774406433,0.09296712279319763,0.031428977847099304,0.29999303817749023
2,61575422729180,en,0.23785050213336945,0.08483707904815674,0.030730724334716797,0.29999715089797974
2,61574991695405,en,0.21042604744434357,0.10891905426979065,0.03024020791053772,0.299996018409729
2,61574951432810,en,0.2718522846698761,0.05087985098361969,0.06996222585439682,0.29999884963035583
2,61574890779488,pt,0.23166856169700623,0.08323929458856583,0.03179919719696045,0.29995113611221313
2,61575728765062,hi,0.21337762475013733,0.09573829919099808,0.03098846971988678,0.29999881982803345
2,61575214852696,pt,0.2528255879878998,0.0769142284989357,0.033943191170692444,0.29999884963035583
2,61573053375071,fr,0.1988779455423355,0.1037217453122139,0.031644344329833984,0.29999813437461853
2,61573380245557,it,0.17586994171142578,0.10622036457061768,0.03000149130821228,0.2999970316886902
2,61574978944598,pt,0.25246375799179077,0.07697902619838715,0.03117436170578003,0.29999637603759766
2,61575606263930,en,0.22560317814350128,0.09348379075527191,0.031479611992836,0.29999876022338867
2,61575147567358,fr,0.217120960354805,0.10241962969303131,0.030095890164375305,0.2999976575374603
2,61575717804104,en,0.23600268363952637,0.08520709723234177,0.03048636019229889,0.2999979853630066
2,61572914558646,pt,0.19904212653636932,0.10891163349151611,0.030048981308937073,0.299998939037323
2,61573902003588,it,0.20191875100135803,0.10194314271211624,0.030111372470855713,0.29999852180480957
2,61575235145623,en,0.21388918161392212,0.09922441840171814,0.03207644820213318,0.2999977171421051
2,61575057779980,en,0.26787757873535156,0.057590991258621216,0.04016280174255371,0.2999989986419678
2,61575514233503,en,0.23687651753425598,0.07850784063339233,0.03529036045074463,0.2999088764190674
2,61575806960249,hi,0.22605781257152557,0.08938461542129517,0.034310489892959595,0.2999774217605591
2,61575203154702,it,0.23581747710704803,0.08280333131551743,0.03360229730606079,0.29999762773513794
2,61575168338780,hi,0.2381214052438736,0.08203186094760895,0.030758798122406006,0.29991334676742554
2,61575095755348,en,0.22439302504062653,0.09686543047428131,0.03012368083000183,0.2999988794326782
2,61574935477073,pt,0.21018747985363007,0.11163418740034103,0.030052676796913147,0.29999858140945435
2,61572882850263,en,0.2543078362941742,0.07290957868099213,0.032179057598114014,0.2999982237815857
2,61575618485389,pt,0.21389812231063843,0.1051754280924797,0.03007182478904724,0.29999858140945435
2,61574831978505,en,0.25453895330429077,0.07715188711881638,0.030702516436576843,0.2999984920024872
2,61575156865865,fr,0.2284952849149704,0.09263765811920166,0.030055582523345947,0.29999852180480957
2,61575054840889,hi,0.21335986256599426,0.10560977458953857,0.03000374138355255,0.2999975085258484
2,61575625025576,pt,0.253074049949646,0.07061329483985901,0.03423610329627991,0.2999986410140991
2,61573590145100,pt,0.22473850846290588,0.0974193662405014,0.030262231826782227,0.2999977767467499
2,61575003572712,hi,0.2612755298614502,0.06122446060180664,0.0374176949262619,0.2999962866306305
2,61575140242986,en,0.22230172157287598,0.0930967703461647,0.03030015528202057,0.29999855160713196
2,61575061680510,it,0.1694978028535843,0.10488927364349365,0.030134886503219604,0.29999107122421265
2,61575575574825,pt,0.2384181171655655,0.08684106171131134,0.03191196918487549,0.29999321699142456
2,61575128956704,it,0.21454524993896484,0.09171454608440399,0.030029550194740295,0.29999154806137085
2,61575676166192,en,0.25018423795700073,0.07720540463924408,0.03173118829727173,0.29999876022338867
2,61575600087094,hi,0.21313445270061493,0.09160138666629791,0.03193157911300659,0.29993391036987305
2,61575039211521,pt,0.20815207064151764,0.107972152531147,0.03000819683074951,0.29999011754989624
2,61573509419161,fr,0.23933574557304382,0.08214187622070312,0.030176356434822083,0.29999852180480957
2,61575787832729,en,0.27368101477622986,0.048142608255147934,0.056757308542728424,0.2999970316886902
2,61572806113212,en,0.2381782978773117,0.09567803144454956,0.030016854405403137,0.29999637603759766
2,61574996550205,en,0.2720063626766205,0.04972483962774277,0.05116432160139084,0.2999970614910126
2,61575686485825,fr,0.22555243968963623,0.09397368133068085,0.03034985065460205,0.2999833822250366
2,61575337302838,pt,0.261477530002594,0.06148308888077736,0.03978300094604492,0.2999955713748932
2,61575183980808,en,0.23709633946418762,0.09001870453357697,0.030114099383354187,0.2999989986419678
2,61575080220981,en,0.26005756855010986,0.05999656766653061,0.04284244030714035,0.2999979555606842
2,61575209213090,fr,0.24768000841140747,0.0835069939494133,0.03248770534992218,0.29999834299087524
2,61575197780172,en,0.20614898204803467,0.09335433691740036,0.0386187881231308,0.2999964952468872
2,61575028442180,fr,0.18747569620609283,0.11447425931692123,0.030022844672203064,0.2999960780143738
2,61575248000254,en,0.2610950171947479,0.07028727978467941,0.03442057967185974,0.29999804496765137
2,61574651897378,en,0.2627731263637543,0.0646798312664032,0.034328967332839966,0.29999876022338867
2,61575084119219,en,0.22884930670261383,0.10299886763095856,0.0300246924161911,0.2999991178512573
2,61575202535455,hi,0.22032134234905243,0.10316948592662811,0.030026674270629883,0.2999967634677887
2,61575224736246,en,0.22206732630729675,0.10026868432760239,0.03019741177558899,0.29999738931655884
2,61573079190124,pt,0.21800440549850464,0.10508500039577484,0.03003498911857605,0.29999715089797974
2,61575011283063,it,0.23913666605949402,0.08015865832567215,0.03488899767398834,0.29998862743377686
2,61575112227227,en,0.2513396441936493,0.0685429498553276,0.040140822529792786,0.2999765872955322
2,61575953244525,hi,0.23657509684562683,0.09844070672988892,0.030183061957359314,0.2999987006187439
2,61575587711344,it,0.2273266464471817,0.08641412854194641,0.03778660297393799,0.29999426007270813
2,61575152395919,it,0.19994941353797913,0.10516911000013351,0.030014410614967346,0.2999987304210663
2,61575939565143,en,0.21571201086044312,0.0981106236577034,0.030767858028411865,0.2999986708164215
2,61575794367448,pt,0.2045688033103943,0.10597623139619827,0.0300835520029068,0.2999945878982544
2,61574820912289,it,0.23765143752098083,0.09421978145837784,0.030493900179862976,0.2999957799911499
2,61572954306907,pt,0.2104087769985199,0.09943383932113647,0.030570492148399353,0.29999232292175293
2,61575134236693,fr,0.2132757008075714,0.10658463835716248,0.030008018016815186,0.29999858140945435
2,61575307141915,en,0.28003859519958496,0.042621493339538574,0.05684874951839447,0.29999732971191406
2,61575624868902,en,0.17633506655693054,0.11390135437250137,0.030157119035720825,0.29999732971191406
2,61575171116206,fr,0.19580049812793732,0.10255786031484604,0.030027315020561218,0.29995036125183105
2,61575215922342,hi,0.21317781507968903,0.10831387341022491,0.030127868056297302,0.2999979853630066
2,61575106794786,en,0.23656560480594635,0.08408956974744797,0.032223060727119446,0.29999643564224243
2,61575519009521,pt,0.1675742268562317,0.09956350177526474,0.03227362036705017,0.2999894320964813
2,61574835341215,fr,0.20631010830402374,0.1047632172703743,0.030174508690834045,0.2999950647354126
2,61575263014083,en,0.15709121525287628,0.11956311762332916,0.030003651976585388,0.29999417066574097
2,61575578274585,en,0.19815123081207275,0.10246404260396957,0.030138954520225525,0.29999813437461853
2,61574078395311,it,0.2196463942527771,0.10599958896636963,0.03007887303829193,0.2999972999095917
2,61575100662412,en,0.22421936690807343,0.09603958576917648,0.034217506647109985,0.2999957799911499
2,61574829698864,en,0.21152575314044952,0.10604610294103622,0.03009513020515442,0.29999667406082153
2,61574071554987,it,0.220475435256958,0.1000610813498497,0.030170291662216187,0.29999876022338867
2,61573941970022,it,0.23529285192489624,0.09153741598129272,0.0301094651222229,0.29999208450317383
2,61575721133931,fr,0.23892638087272644,0.08680117130279541,0.030745595693588257,0.2999979555606842
2,61573071750653,fr,0.255391925573349,0.06597696989774704,0.03489099442958832,0.2999972105026245
2,61575036691879,fr,0.20827007293701172,0.09557048976421356,0.03011469542980194,0.2999924421310425
2,61575642477991,hi,0.2410735785961151,0.08640700578689575,0.0301809161901474,0.29999852180480957
2,61574082594447,it,0.2492678463459015,0.08288252353668213,0.032689228653907776,0.2999964952468872
2,61575024899211,en,0.2427632361650467,0.07985880225896835,0.03445832431316376,0.29999786615371704
2,61574787854878,pt,0.2639925479888916,0.06265000998973846,0.042032673954963684,0.29999834299087524
2,61574724947307,it,0.24388737976551056,0.08476771414279938,0.03191190958023071,0.2999964952468872
2,61573090242830,en,0.2550570070743561,0.07276097685098648,0.03755100071430206,0.29999154806137085
2,61575552061888,pt,0.18185190856456757,0.1083318293094635,0.030157968401908875,0.29999858140945435
2,61574769614945,en,0.24570807814598083,0.0798424705862999,0.0367371141910553,0.2999940514564514
2,61575248771116,en,0.24287249147891998,0.07540767639875412,0.036668360233306885,0.2999989986419678
3,61574934126943,pt,0.19199462234973907,0.11373689770698547,0.03000102937221527,0.299996554851532
3,61575691375427,fr,0.23444975912570953,0.08768026530742645,0.032240986824035645,0.29999691247940063
3,61575485818749,hi,0.2286020964384079,0.09593307971954346,0.03006710112094879,0.2999984323978424
3,61574816892552,pt,0.1861589252948761,0.10798798501491547,0.030843406915664673,0.29999154806137085
3,61574075455618,it,0.22802436351776123,0.09841272979974747,0.030001237988471985,0.29999780654907227
3,61575459945486,fr,0.22293463349342346,0.09721390157938004,0.030002176761627197,0.29999905824661255
3,61574981251318,en,0.23693251609802246,0.09227718412876129,0.03007476031780243,0.2999987006187439
3,61575731069908,it,0.24279506504535675,0.08511590212583542,0.03006647527217865,0.29999783635139465
3,61574875659187,hi,0.22946874797344208,0.09405743330717087,0.030074894428253174,0.2999909222126007
3,61574801413926,fr,0.21345460414886475,0.09864506125450134,0.03012046217918396,0.29999858140945435
3,61575146115727,en,0.2316521406173706,0.09191659837961197,0.030827417969703674,0.29999858140945435
3,61573204057105,pt,0.22455573081970215,0.09223237633705139,0.03292517364025116,0.29999595880508423
3,61573089179589,en,0.23181092739105225,0.08860604465007782,0.031232833862304688,0.299998015165329
3,61574905567721,en,0.18579506874084473,0.11250606924295425,0.030029460787773132,0.2999960780143738
3,61574951645380,en,0.23105455935001373,0.08709903061389923,0.033857762813568115,0.2999942898750305
3,61574784704159,en,0.2463572472333908,0.08450362086296082,0.03183329105377197,0.2999965250492096
3,61575176273985,fr,0.2122458517551422,0.09903372824192047,0.030668124556541443,0.29998844861984253
3,61574760312216,en,0.24783159792423248,0.08509789407253265,0.03083731234073639,0.2999984622001648
3,61575685105868,hi,0.22435946762561798,0.09685772657394409,0.030064985156059265,0.2999967932701111
3,61575670886568,hi,0.2227042317390442,0.09355773031711578,0.030378073453903198,0.2999887466430664
3,61575164631789,en,0.2506791353225708,0.07875800877809525,0.03483128547668457,0.29999881982803345
3,61575208087101,hi,0.21274757385253906,0.09996441006660461,0.030065402388572693,0.2999986708164215
3,61575843929653,en,0.20968475937843323,0.10582645237445831,0.030062928795814514,0.2999982237815857
3,61575206423273,hi,0.2550710141658783,0.06615129858255386,0.04287869483232498,0.2999972999095917
3,61572994007723,fr,0.1964893937110901,0.10441920906305313,0.030164003372192383,0.2999986410140991
3,61575207732884,en,0.2557436227798462,0.07561584562063217,0.03921550512313843,0.2999946177005768
3,61575184700780,en,0.2672249972820282,0.06628202646970749,0.032452672719955444,0.2999988794326782
3,61574992560566,hi,0.24649158120155334,0.08578552305698395,0.03002054989337921,0.2999977171421051
3,61573566207733,fr,0.2075297087430954,0.10249665379524231,0.030222028493881226,0.29999881982803345
3,61575283718902,en,0.26516932249069214,0.06494253873825073,0.033069223165512085,0.29999804496765137
3,61574821569203,en,0.22098685801029205,0.09539718925952911,0.031319960951805115,0.29999905824661255
3,61575240461266,pt,0.19372820854187012,0.10097215324640274,0.030001387000083923,0.29999828338623047
3,61575616199388,hi,0.2290465384721756,0.09162495285272598,0.03012104332447052,0.29999756813049316
3,61574709227973,pt,0.18608930706977844,0.10657128691673279,0.030060529708862305,0.29999804496765137
3,61574889725701,en,0.2350715547800064,0.09253722429275513,0.0303402841091156,0.29999834299087524
3,61575850974558,it,0.20033884048461914,0.10839899629354477,0.03001156449317932,0.2999984622001648
3,61575303902251,en,0.23592600226402283,0.094330795109272,0.030016213655471802,0.2999963164329529
3,61574689937883,fr,0.21721026301383972,0.10126406699419022,0.030970364809036255,0.29999643564224243
3,61575625918798,fr,0.21222829818725586,0.10769728571176529,0.030001431703567505,0.299991250038147
3,61575159445487,pt,0.2143159657716751,0.09337978810071945,0.03012561798095703,0.29999256134033203
3,61575245441106,en,0.23822295665740967,0.09149254113435745,0.030742183327674866,0.2999977767467499
3,61575530402770,en,0.2506292462348938,0.07910188287496567,0.0322839617729187,0.2999991774559021
3,61575449674736,fr,0.220597505569458,0.09398428350687027,0.03333680331707001,0.299998939037323
3,61575677426201,en,0.20636574923992157,0.1029958575963974,0.0312570184469223,0.2999987304210663
3,61575220672434,fr,0.223796084523201,0.08812558650970459,0.031916648149490356,0.29997551441192627
3,61575207112351,en,0.22961130738258362,0.09744496643543243,0.030181676149368286,0.29999732971191406
3,61575689365656,it,0.24709317088127136,0.07578497380018234,0.0316658616065979,0.29999661445617676
3,61575314851612,en,0.22150705754756927,0.10333498567342758,0.030074775218963623,0.29999780654907227
3,61575849234543,pt,0.24471299350261688,0.0804714560508728,0.03320583701133728,0.2999861240386963
3,61573389545206,it,0.2204933613538742,0.09259235113859177,0.03044731914997101,0.2999964952468872
3,61575147806028,pt,0.24700039625167847,0.07576408237218857,0.03366480767726898,0.29999732971191406
3,61575284104535,en,0.25453418493270874,0.07599610090255737,0.03546719253063202,0.29999715089797974
3,61575114161642,hi,0.23724529147148132,0.09687208384275436,0.030038416385650635,0.2999981641769409
3,61575635698445,pt,0.2125067263841629,0.09723508358001709,0.030009329319000244,0.2999906539916992
3,61574793554229,it,0.24801935255527496,0.0817016214132309,0.030566811561584473,0.29999881982803345
3,61573072801000,fr,0.223288431763649,0.09639541059732437,0.030162006616592407,0.2999947667121887
3,61575509307728,hi,0.22698856890201569,0.09241873025894165,0.03026720881462097,0.2999957501888275
3,61575227003442,it,0.2232164889574051,0.09685257077217102,0.030797958374023438,0.29999446868896484
3,61575051841154,it,0.24676041305065155,0.07334232330322266,0.03154291212558746,0.2999955117702484
3,61575829405493,it,0.2646193206310272,0.060398928821086884,0.042936354875564575,0.299996554851532
3,61575356045890,it,0.21212415397167206,0.10805567353963852,0.030017316341400146,0.2999976873397827
3,61574994845337,en,0.22294163703918457,0.0982104241847992,0.03002941608428955,0.29999643564224243
3,61574977474091,en,0.2333541065454483,0.08548317849636078,0.032594144344329834,0.29999876022338867
3,61575678336895,fr,0.2269297093153,0.0983911082148552,0.030014991760253906,0.29999685287475586
3,61574817464063,en,0.27518999576568604,0.051444556564092636,0.044274479150772095,0.2999979853630066
3,61574663866130,en,0.2589314579963684,0.06135784089565277,0.04916001111268997,0.2999987006187439
3,61575186265522,en,0.25754669308662415,0.07335758954286575,0.030095160007476807,0.2999987006187439
3,61575243311101,it,0.21485230326652527,0.0966963842511177,0.030085861682891846,0.29998499155044556
3,61575821610647,hi,0.22294703125953674,0.09279194474220276,0.03067217767238617,0.2999964654445648
3,61575111327419,en,0.24765095114707947,0.08264264464378357,0.03060212731361389,0.2999986410140991
3,61575778203150,en,0.21089600026607513,0.10574441403150558,0.030013397336006165,0.299998015165329
3,61573399053277,en,0.2813245356082916,0.04062843322753906,0.08677176386117935,0.29999852180480957
3,61574865220091,en,0.2367660105228424,0.09263555705547333,0.030043303966522217,0.2999988794326782
3,61574999765096,fr,0.213803231716156,0.10221854597330093,0.030083894729614258,0.2999984920024872
3,61575046500552,en,0.23842209577560425,0.09087580442428589,0.0307324081659317,0.2999979853630066
3,61575088062953,it,0.20899707078933716,0.09949413686990738,0.030007585883140564,0.29996371269226074
3,61574128582078,en,0.25195175409317017,0.07573500275611877,0.03206010162830353,0.29999852180480957
3,61575532618099,en,0.24146319925785065,0.08981917053461075,0.030388683080673218,0.2999989986419678
3,61575460005891,it,0.2553877532482147,0.06680760532617569,0.03399759531021118,0.2999788522720337
3,61574752002783,en,0.2408878207206726,0.09104165434837341,0.03064607083797455,0.2999989986419678
3,61574963854572,en,0.18612255156040192,0.10836595296859741,0.03010961413383484,0.2999986410140991
3,61575134907982,it,0.24468879401683807,0.07831879705190659,0.03746582567691803,0.29999369382858276
3,61574725486505,en,0.24238647520542145,0.08823242038488388,0.03200720250606537,0.299998939037323
3,61575782391589,en,0.24511012434959412,0.07799329608678818,0.03577511012554169,0.29999881982803345
3,61573815667956,it,0.19469748437404633,0.10420197248458862,0.030002743005752563,0.29996979236602783
3,61575682345613,fr,0.21498970687389374,0.10096491873264313,0.03009617328643799,0.2999970316886902
3,61575308947711,hi,0.21463410556316376,0.10140670090913773,0.03082694113254547,0.2999991178512573
3,61575133420619,hi,0.22548459470272064,0.09460841864347458,0.03003956377506256,0.299998939037323
3,61575179138929,en,0.23025767505168915,0.08973275870084763,0.03005172312259674,0.29999807476997375
3,61575262936745,pt,0.19224214553833008,0.10032407194375992,0.03131537139415741,0.2999972403049469
3,61575302234656,pt,0.25157302618026733,0.0668754130601883,0.03211086988449097,0.29999881982803345
3,61575282129145,pt,0.225137397646904,0.09264077991247177,0.0318244993686676,0.2999952435493469
3,61575144555723,pt,0.205978661775589,0.10599993169307709,0.030052319169044495,0.29999226331710815
3,61575147357302,it,0.22675833106040955,0.09382914006710052,0.032098233699798584,0.29999762773513794
3,61574928787493,it,0.23369579017162323,0.08958031982183456,0.03125491738319397,0.29999616742134094
3,61575324090992,en,0.2462347000837326,0.07896866649389267,0.03173600137233734,0.29999610781669617
3,61575134935995,hi,0.2276725172996521,0.09360950440168381,0.030129164457321167,0.29999762773513794
3,61575180414410,it,0.24533680081367493,0.08244608342647552,0.032845377922058105,0.29999735951423645
3,61575005164655,it,0.23718301951885223,0.09133666753768921,0.03005567193031311,0.2999959886074066
3,61575570054989,hi,0.1893412470817566,0.10940653830766678,0.03001263737678528,0.29999861121177673
3,61573191954824,pt,0.2558065950870514,0.0722113624215126,0.03500078618526459,0.2999987006187439
3,61573587415133,en,0.25382477045059204,0.07551530748605728,0.03265511989593506,0.2999981641769409
3,61575732533301,pt,0.20863685011863708,0.10668954253196716,0.030003800988197327,0.29999300837516785
3,61575140786572,en,0.2487872838973999,0.08491522073745728,0.030302882194519043,0.2999991476535797
3,61575025108897,en,0.22811177372932434,0.0933225154876709,0.030209630727767944,0.29999399185180664
3,61573433221729,fr,0.21415819227695465,0.10085353255271912,0.03119547665119171,0.2999948263168335
3,61573596774794,pt,0.23033645749092102,0.09568337351083755,0.03061254322528839,0.2999981641769409
3,61575556914293,hi,0.2388157993555069,0.0953364297747612,0.030020400881767273,0.29999834299087524
3,61575312817624,pt,0.2320040911436081,0.09267640858888626,0.03093855082988739,0.2999979853630066
3,61573167969034,fr,0.24280038475990295,0.07040861994028091,0.036470234394073486,0.2999986410140991
3,61574921438928,en,0.27534693479537964,0.0494154691696167,0.04387667030096054,0.2999982237815857
3,61575125876415,en,0.21099919080734253,0.10269777476787567,0.031149879097938538,0.29999321699142456
3,61575152979706,hi,0.22233109176158905,0.10066258907318115,0.030063480138778687,0.29999876022338867
3,61575091678915,pt,0.21381732821464539,0.09894711524248123,0.031013518571853638,0.29998427629470825
3,61575220722146,en,0.24564938247203827,0.08796481788158417,0.030428141355514526,0.2999979257583618
3,61575829680247,it,0.2378353327512741,0.08130642771720886,0.037136510014534,0.29999858140945435
3,61575138623198,en,0.2657748758792877,0.062308281660079956,0.033618733286857605,0.2999979257583618
3,61575306397643,pt,0.164084792137146,0.1061747670173645,0.030008062720298767,0.2999860644340515
3,61575849294548,pt,0.18518555164337158,0.10676071047782898,0.030009642243385315,0.2999970316886902
3,61574855530567,en,0.24917146563529968,0.08411156386137009,0.0325482040643692,0.2999963164329529
3,61575189890579,en,0.2209586203098297,0.09499827772378922,0.03196479380130768,0.29999876022338867
3,61574100204041,it,0.21785083413124084,0.09926386177539825,0.030802324414253235,0.29999852180480957
3,61575074909869,pt,0.20680193603038788,0.1039193719625473,0.030238717794418335,0.29999029636383057
3,61575059787159,en,0.21218010783195496,0.09964168816804886,0.031129762530326843,0.29999351501464844
3,61575126533596,en,0.2623949944972992,0.06517855077981949,0.03218063712120056,0.29999837279319763
3,61575580080566,it,0.241620734333992,0.0856940895318985,0.03148341178894043,0.29999852180480957
3,61575232601470,pt,0.17589330673217773,0.10843189805746078,0.030001655220985413,0.2999870181083679
3,61575341466231,hi,0.24122254550457,0.08755703270435333,0.03400605916976929,0.2999971807003021
3,61574785574733,it,0.1886393427848816,0.11015526950359344,0.030002444982528687,0.29999804496765137
3,61575626782963,hi,0.23123633861541748,0.07802426069974899,0.03300386667251587,0.29999732971191406
3,61575117357728,it,0.2190481722354889,0.10106614977121353,0.030006662011146545,0.2999925911426544
3,61572728411956,fr,0.23752760887145996,0.08021039515733719,0.03470224142074585,0.2999992072582245
3,61575005447655,hi,0.18723197281360626,0.10699665546417236,0.030528664588928223,0.2999836802482605
3,61574955275865,en,0.27226120233535767,0.05106581002473831,0.050419777631759644,0.2999992370605469
3,61575794757479,pt,0.2504454255104065,0.08197537064552307,0.031182318925857544,0.29999488592147827
3,61575226252249,en,0.2615965008735657,0.06064707413315773,0.03947262465953827,0.2999977171421051
3,61575586061241,en,0.23477496206760406,0.09110463410615921,0.03077644109725952,0.2999991178512573
3,61575145166306,en,0.2248605638742447,0.09454929083585739,0.03226928412914276,0.29999858140945435
3,61575505107976,hi,0.20115631818771362,0.105296291410923,0.030434444546699524,0.2999964952468872
3,61575499054322,hi,0.25105950236320496,0.07225212454795837,0.036004841327667236,0.29999876022338867
3,61575323976887,en,0.2650930881500244,0.060718636959791183,0.03294694423675537,0.2999972105026245
3,61575152565446,it,0.20848186314105988,0.099715955555439,0.03166663646697998,0.2999969720840454
3,61575755242672,en,0.2286657989025116,0.09699318557977676,0.030193477869033813,0.29999852180480957
3,61575187598053,en,0.24418905377388,0.08445222675800323,0.0360865443944931,0.29999876022338867
3,61575061559762,en,0.25341904163360596,0.07894056290388107,0.030484214425086975,0.2999989986419678
3,61575533882644,pt,0.22926469147205353,0.09030012786388397,0.03025376796722412,0.2999972701072693
3,61575494740784,pt,0.20659640431404114,0.1069970652461052,0.030103251338005066,0.2999849021434784
3,61575689515528,en,0.22095467150211334,0.0989864245057106,0.030057892203330994,0.29998984932899475
3,61575061077037,hi,0.22396421432495117,0.10093335807323456,0.030027076601982117,0.2999975085258484
3,61575169856226,fr,0.2213875651359558,0.09615028649568558,0.030156388878822327,0.29999762773513794
3,61575169251615,en,0.19697758555412292,0.11519069224596024,0.030010804533958435,0.2999987006187439
3,61574733946017,en,0.244948148727417,0.08608617633581161,0.03008691966533661,0.2999991774559021
3,61574883069816,it,0.22122535109519958,0.10282871872186661,0.03147539496421814,0.29999062418937683
3,61575549901920,pt,0.21154503524303436,0.10253982245922089,0.030004054307937622,0.2999913692474365
3,61575122184024,en,0.24853038787841797,0.07859845459461212,0.03303125500679016,0.29999902844429016
3,61573508699440,en,0.21740761399269104,0.1006680279970169,0.030257463455200195,0.2999922037124634
3,61575541172249,it,0.2080649435520172,0.1095585823059082,0.030059516429901123,0.2999890446662903
3,61575537956540,en,0.2398783564567566,0.09313621371984482,0.030162155628204346,0.2999989986419678
3,61575259760425,it,0.19888992607593536,0.10972778499126434,0.03001241385936737,0.2999974489212036
3,61573175695316,en,0.25555869936943054,0.0750112533569336,0.031389832496643066,0.29999834299087524
3,61574775281781,en,0.24162162840366364,0.0859789326786995,0.03262907266616821,0.2999984622001648
3,61574855051268,fr,0.22048191726207733,0.09663603454828262,0.030159518122673035,0.29999619722366333
3,61575016052070,en,0.27066245675086975,0.05513002350926399,0.038076117634773254,0.2999991178512573
3,61575716045581,en,0.2609284818172455,0.07042710483074188,0.030907288193702698,0.29999905824661255
3,61574832908862,en,0.19215378165245056,0.10687591135501862,0.030898481607437134,0.2999986708164215
3,61575636999621,hi,0.1863163262605667,0.10900213569402695,0.030102580785751343,0.2999921441078186
3,61575069571460,fr,0.25831833481788635,0.06777364760637283,0.038759082555770874,0.2999987304210663
3,61575554348076,it,0.22758878767490387,0.09613074362277985,0.03032316267490387,0.2999948263168335
3,61573358494546,fr,0.21779774129390717,0.09228722751140594,0.031179040670394897,0.2999975085258484
3,61575074773964,hi,0.22726844251155853,0.09718409180641174,0.030347153544425964,0.29999691247940063
3,61575494246952,hi,0.21320673823356628,0.10464497655630112,0.03000299632549286,0.29999804496765137
3,61574815482213,en,0.21098624169826508,0.1029186025261879,0.03004014492034912,0.29999902844429016
3,61575252370580,pt,0.2101346105337143,0.09510734677314758,0.031808093190193176,0.29996854066848755
3,61575770758381,pt,0.22683259844779968,0.08535181730985641,0.03366899490356445,0.2999962866306305
3,61575680875975,fr,0.2176988273859024,0.09729744493961334,0.03008192777633667,0.2999982535839081
3,61575085619309,it,0.2263389527797699,0.09155070036649704,0.03052729368209839,0.29999661445617676
3,61574737216943,it,0.23378781974315643,0.08190659433603287,0.032461583614349365,0.29999420046806335
3,61572939577297,en,0.24347054958343506,0.08999677747488022,0.03036603331565857,0.29999834299087524
3,61575031471293,en,0.23130565881729126,0.09201771765947342,0.032631054520606995,0.29997795820236206
3,61575654807398,fr,0.2758966386318207,0.04779055714607239,0.047192104160785675,0.2999987006187439
3,61575226372155,it,0.24118398129940033,0.08210806548595428,0.033702075481414795,0.29999619722366333
3,61575260650253,en,0.22823715209960938,0.09102640300989151,0.03200379014015198,0.2999957799911499
3,61574942256705,it,0.18596303462982178,0.10484415292739868,0.030616402626037598,0.2999945282936096
3,61574798804240,hi,0.21773278713226318,0.1037454605102539,0.030032828450202942,0.29999685287475586
3,61575755039100,pt,0.18278047442436218,0.10973241180181503,0.030138477683067322,0.2999856173992157
3,61575119906899,fr,0.1911749243736267,0.10323607176542282,0.03033338487148285,0.2999984622001648
3,61575751049240,pt,0.22892993688583374,0.09242839366197586,0.030057206749916077,0.29999688267707825
3,61574996507842,hi,0.210563063621521,0.09638436138629913,0.030917078256607056,0.29999786615371704
3,61572643031348,pt,0.24409963190555573,0.08303038030862808,0.03084297478199005,0.29999834299087524
3,61575532832693,en,0.19602006673812866,0.10750851780176163,0.030012935400009155,0.29999712109565735
3,61575075284018,hi,0.22264452278614044,0.09527730941772461,0.03094165027141571,0.2999940514564514
3,61575122567285,fr,0.2198820859193802,0.10501497238874435,0.030007481575012207,0.29999619722366333
3,61573003997283,fr,0.23795978724956512,0.08317213505506516,0.03452123701572418,0.2999976575374603
3,61575304682136,hi,0.2324002981185913,0.08431344479322433,0.03026871383190155,0.29999905824661255
3,61575207594362,fr,0.24839834868907928,0.0822741910815239,0.030853599309921265,0.29999905824661255
3,61574865641861,it,0.2526751160621643,0.07127604633569717,0.03694687783718109,0.2999953329563141
3,61574923117609,hi,0.20426957309246063,0.10305352509021759,0.0301809161901474,0.29999786615371704
3,61575148359774,en,0.23434440791606903,0.09605592489242554,0.030486464500427246,0.299998939037323
3,61574785483945,fr,0.19583816826343536,0.10798654705286026,0.030130237340927124,0.2999977767467499
3,61574997930238,en,0.2320079803466797,0.09633239358663559,0.030535519123077393,0.29999828338623047
3,61575796370877,it,0.19772174954414368,0.10922779142856598,0.030038058757781982,0.29999005794525146
3,61575187214281,it,0.2502736449241638,0.07702351361513138,0.031996190547943115,0.29999858140945435
3,61574977866022,en,0.23174235224723816,0.09249170869588852,0.030345574021339417,0.2999982237815857
3,61575161785561,pt,0.21112285554409027,0.1032964289188385,0.030031442642211914,0.2999947667121887
3,61575236435207,hi,0.24113014340400696,0.09072542190551758,0.03074398636817932,0.29999828338623047
3,61575769203176,hi,0.2065674066543579,0.10143352299928665,0.03005652129650116,0.2999943792819977
3,61575305648078,it,0.22515766322612762,0.09822060912847519,0.030127376317977905,0.29999732971191406
3,61574760582067,en,0.2626146376132965,0.07383556663990021,0.03161492943763733,0.2999986410140991
3,61575129328475,it,0.22009600698947906,0.09782996773719788,0.030965596437454224,0.2999863028526306
3,61573536988081,fr,0.2181997001171112,0.09929689019918442,0.03029438853263855,0.2999988794326782
3,61573216118266,it,0.24075938761234283,0.08509842306375504,0.032137706875801086,0.29999786615371704
3,61575633442519,hi,0.2087223380804062,0.09705958515405655,0.03001856803894043,0.29998818039894104
3,61575221512411,hi,0.2509480118751526,0.07334572821855545,0.03217965364456177,0.2999887466430664
3,61575100647735,en,0.246941938996315,0.08152047544717789,0.03197409212589264,0.2999991774559021
3,61574922094244,en,0.25893092155456543,0.06638940423727036,0.03550517559051514,0.29999831318855286
3,61575555567384,fr,0.1942920684814453,0.10689495503902435,0.030048713088035583,0.2999979853630066
3,61573042665508,fr,0.228209987282753,0.09073174744844437,0.031226694583892822,0.2999988794326782
3,61575502108193,en,0.23798112571239471,0.09574873000383377,0.030233681201934814,0.29999858140945435
3,61575484211181,pt,0.19620384275913239,0.11203697323799133,0.030028879642486572,0.29999834299087524
3,61575317113475,pt,0.2074558436870575,0.09735288470983505,0.030190005898475647,0.29999634623527527
3,61575165415117,fr,0.20308247208595276,0.10096067190170288,0.030059292912483215,0.2999970316886902
3,61575603778005,it,0.24254247546195984,0.08523140102624893,0.0318479984998703,0.29999667406082153
3,61575160987799,hi,0.22504401206970215,0.10066403448581696,0.030366599559783936,0.2999929189682007
3,61575123447467,fr,0.19075779616832733,0.1072922870516777,0.030006811022758484,0.2999960482120514
3,61575667346713,en,0.2195649892091751,0.09812632203102112,0.030073195695877075,0.29999810457229614
3,61575632169437,fr,0.2418796271085739,0.08130528032779694,0.031457796692848206,0.2999957203865051
3,61574928127303,pt,0.21135561168193817,0.10154598206281662,0.030415087938308716,0.299998939037323
3,61575289802878,en,0.23214733600616455,0.09177502244710922,0.03192925453186035,0.2999941110610962
3,61575200353453,it,0.2273273468017578,0.09586228430271149,0.031024113297462463,0.2999752163887024
3,61574764455076,it,0.2204623818397522,0.10024838149547577,0.030109435319900513,0.29999348521232605
3,61575731693479,en,0.21718047559261322,0.09864302724599838,0.030044615268707275,0.29999876022338867
3,61575049741188,fr,0.21450646221637726,0.09208794683218002,0.03022146224975586,0.2999938130378723
3,61575145346143,pt,0.23167483508586884,0.08745954185724258,0.033190950751304626,0.2999953031539917
3,61574796344244,pt,0.19645795226097107,0.10464584082365036,0.03003847599029541,0.29999762773513794
3,61575786231324,hi,0.2280091494321823,0.09610112756490707,0.030089974403381348,0.29999834299087524
3,61575534002323,en,0.26091885566711426,0.06559336185455322,0.0362444669008255,0.2999984622001648
3,61575621419066,hi,0.23863069713115692,0.08982778340578079,0.030485928058624268,0.2999969720840454
3,61575191863415,hi,0.22359099984169006,0.09362871199846268,0.03011462092399597,0.2999989688396454
3,61575196823636,pt,0.21985849738121033,0.10447502881288528,0.030136197805404663,0.2999976873397827
3,61574940548040,fr,0.26977312564849854,0.05645187199115753,0.03760498762130737,0.29999715089797974
3,61574768265684,hi,0.20581044256687164,0.10358588397502899,0.030053794384002686,0.29996198415756226
3,61575557971497,fr,0.20757663249969482,0.09977065026760101,0.030047014355659485,0.29999855160713196
3,61574674005988,en,0.21721704304218292,0.10074108093976974,0.030872821807861328,0.2999986410140991
3,61575568080955,en,0.2179369330406189,0.09651870280504227,0.032374054193496704,0.2999947667121887
3,61575796940771,en,0.2504410743713379,0.0774834007024765,0.031975388526916504,0.29999879002571106
3,61575212768289,en,0.26587656140327454,0.06037535145878792,0.04004480689764023,0.29999789595603943
3,61575143006497,pt,0.21843679249286652,0.10361167788505554,0.030005306005477905,0.2999916076660156
3,61575070651124,it,0.24006851017475128,0.09140720963478088,0.030008122324943542,0.299998939037323
3,61575580421441,fr,0.23735663294792175,0.08319219201803207,0.032705098390579224,0.2999976575374603
3,61575274269379,it,0.25531652569770813,0.06923910230398178,0.03794659674167633,0.2999928295612335
3,61574727767195,en,0.21120314300060272,0.10385075211524963,0.03062288463115692,0.2999975085258484
3,61575192170378,en,0.24962376058101654,0.07123468816280365,0.036156341433525085,0.2999982535839081
3,61572954786814,pt,0.22194984555244446,0.08883187174797058,0.03326292335987091,0.29999879002571106
3,61575562736575,en,0.2538124918937683,0.06993228942155838,0.03688885271549225,0.2999992370605469
3,61573212398163,it,0.2384614795446396,0.08452603965997696,0.03025197982788086,0.2999945282936096
3,61575176453944,en,0.21467706561088562,0.1031501293182373,0.030427396297454834,0.29999688267707825
3,61573129617310,hi,0.22123515605926514,0.1012754961848259,0.030124962329864502,0.29999881982803345
3,61575237281286,it,0.22271955013275146,0.0908239483833313,0.030343934893608093,0.29999837279319763
3,61574782514001,en,0.2584007978439331,0.06876435875892639,0.03327609598636627,0.29999810457229614
3,61575162475372,pt,0.22207799553871155,0.0944472998380661,0.031194746494293213,0.29999327659606934
3,61575277305874,pt,0.23069369792938232,0.09141897410154343,0.03001333773136139,0.29999858140945435
3,61573496429300,fr,0.22564177215099335,0.09506064653396606,0.03006182610988617,0.2999911904335022
3,61574810979559,en,0.2354934960603714,0.0928349643945694,0.03000567853450775,0.29999837279319763
3,61575624382959,en,0.2122083455324173,0.10614728182554245,0.03049144148826599,0.29999840259552
3,61575307694452,pt,0.23250648379325867,0.08639629930257797,0.030548512935638428,0.2999805510044098
3,61575025023617,pt,0.2044130116701126,0.09616013616323471,0.031198352575302124,0.2999909520149231
3,61575621478987,pt,0.22536665201187134,0.09803216904401779,0.030566871166229248,0.29999828338623047
3,61575714924287,en,0.21608206629753113,0.10503581166267395,0.03019164502620697,0.29999589920043945
3,61574946005614,en,0.24754253029823303,0.08186948299407959,0.0328536182641983,0.2999958395957947
3,61575707904529,en,0.23621129989624023,0.09364905953407288,0.03055448830127716,0.2999986410140991
3,61575567781112,pt,0.21440251171588898,0.09369780868291855,0.031347423791885376,0.29999402165412903
3,61575422729180,en,0.2331126630306244,0.08941590785980225,0.030117616057395935,0.2999972105026245
3,61574991695405,en,0.2179822027683258,0.1032644733786583,0.03088580071926117,0.2999962568283081
3,61574951432810,en,0.26921170949935913,0.055058952420949936,0.054297447204589844,0.29999858140945435
3,61574890779488,pt,0.22887420654296875,0.08794111758470535,0.03192049264907837,0.2999560832977295
3,61575728765062,hi,0.2112782895565033,0.09782449156045914,0.03073643147945404,0.2999986410140991
3,61575214852696,pt,0.24421893060207367,0.08727621287107468,0.031957611441612244,0.2999987304210663
3,61573053375071,fr,0.20652738213539124,0.10091492533683777,0.03143811225891113,0.29999789595603943
3,61573380245557,it,0.17648741602897644,0.10667939484119415,0.03000164031982422,0.299993634223938
3,61574978944598,pt,0.26017436385154724,0.07145366072654724,0.03157426416873932,0.29999786615371704
3,61575606263930,en,0.21222259104251862,0.10006428509950638,0.03096294403076172,0.29999661445617676
3,61575147567358,fr,0.21859927475452423,0.10164111852645874,0.03010612726211548,0.29999712109565735
3,61575717804104,en,0.23310323059558868,0.08579055219888687,0.030545324087142944,0.29999756813049316
3,61572914558646,pt,0.18879756331443787,0.10881508141756058,0.030034735798835754,0.29999810457229614
3,61573902003588,it,0.20674653351306915,0.10099101066589355,0.030164673924446106,0.29999858140945435
3,61575235145623,en,0.21625761687755585,0.09859303385019302,0.031070679426193237,0.2999979555606842
3,61575057779980,en,0.2636331021785736,0.060992222279310226,0.03935350477695465,0.29999905824661255
3,61575514233503,en,0.2312508076429367,0.08235620707273483,0.03287069499492645,0.29990795254707336
3,61575806960249,hi,0.21596187353134155,0.09749773144721985,0.03131507337093353,0.29995957016944885
3,61575203154702,it,0.23747365176677704,0.08721967041492462,0.03244417905807495,0.29999619722366333
3,61575168338780,hi,0.24812887609004974,0.077837273478508,0.03056664764881134,0.29994893074035645
3,61575095755348,en,0.24116581678390503,0.08653055131435394,0.030750378966331482,0.29999884963035583
3,61574935477073,pt,0.21121080219745636,0.1106596514582634,0.030060023069381714,0.29999858140945435
3,61572882850263,en,0.2557666599750519,0.07165709882974625,0.03186848759651184,0.29999837279319763
3,61575618485389,pt,0.21459273993968964,0.10490404814481735,0.03003142774105072,0.29999858140945435
3,61574831978505,en,0.26172685623168945,0.07063945382833481,0.03305862843990326,0.29999876022338867
3,61575156865865,fr,0.23084647953510284,0.09088980406522751,0.030156031250953674,0.29999840259552
3,61575054840889,hi,0.21606166660785675,0.10314986109733582,0.030002951622009277,0.2999977469444275
3,61575625025576,pt,0.2412261664867401,0.08339592069387436,0.03193807601928711,0.2999984622001648
3,61573590145100,pt,0.20813778042793274,0.10488700866699219,0.030107155442237854,0.2999974489212036
3,61575003572712,hi,0.2649914622306824,0.056509651243686676,0.041406407952308655,0.29999786615371704
3,61575140242986,en,0.22436627745628357,0.09312467277050018,0.030579909682273865,0.29999852180480957
3,61575061680510,it,0.18724806606769562,0.10107056796550751,0.03029276430606842,0.2999888062477112
3,61575575574825,pt,0.23951302468776703,0.08351846039295197,0.03323782980442047,0.29999393224716187
3,61575128956704,it,0.2345314770936966,0.08662144839763641,0.03004753589630127,0.2999957203865051
3,61575676166192,en,0.25277483463287354,0.07497061043977737,0.033450543880462646,0.29999881982803345
3,61575600087094,hi,0.2134406715631485,0.0903976634144783,0.03175267577171326,0.2999361753463745
3,61575039211521,pt,0.2142893671989441,0.10522931814193726,0.03001214563846588,0.2999917268753052
3,61573509419161,fr,0.24243158102035522,0.08247510343790054,0.030380383133888245,0.2999986410140991
3,61575787832729,en,0.27433282136917114,0.04801231250166893,0.05434853583574295,0.2999970614910126
3,61572806113212,en,0.23812219500541687,0.09630504250526428,0.030020326375961304,0.29999735951423645
3,61574996550205,en,0.2739581763744354,0.04870185628533363,0.058308184146881104,0.2999976873397827
3,61575686485825,fr,0.22726358473300934,0.0938396155834198,0.030350282788276672,0.2999749183654785
3,61575337302838,pt,0.2601269781589508,0.06273093819618225,0.04106758534908295,0.29999464750289917
3,61575183980808,en,0.2496369332075119,0.08220162987709045,0.030211642384529114,0.2999989986419678
3,61575080220981,en,0.26310181617736816,0.060234833508729935,0.04274945706129074,0.2999982237815857
3,61575209213090,fr,0.2334560751914978,0.08685417473316193,0.03640703856945038,0.2999969720840454
3,61575197780172,en,0.2044256329536438,0.0949251726269722,0.03342495858669281,0.2999951243400574
3,61575028442180,fr,0.19622164964675903,0.11480884253978729,0.030023202300071716,0.2999972403049469
3,61575248000254,en,0.25489869713783264,0.0792950838804245,0.03174181282520294,0.29999762773513794
3,61574651897378,en,0.2633197009563446,0.06467285007238388,0.03275930881500244,0.2999988794326782
3,61575084119219,en,0.2193780243396759,0.10451822727918625,0.030002400279045105,0.29999908804893494
3,61575202535455,hi,0.22584038972854614,0.10053068399429321,0.030066922307014465,0.2999975085258484
3,61575224736246,en,0.21583223342895508,0.10361823439598083,0.03012801706790924,0.29999595880508423
3,61573079190124,pt,0.2275322526693344,0.0989847257733345,0.030047431588172913,0.2999976873397827
3,61575011283063,it,0.22625020146369934,0.09190771728754044,0.0324937105178833,0.29998570680618286
3,61575112227227,en,0.2733657658100128,0.048511847853660583,0.06272847950458527,0.29999250173568726
3,61575953244525,hi,0.2295517921447754,0.10101596266031265,0.030019477009773254,0.2999979853630066
3,61575587711344,it,0.22611677646636963,0.08789992332458496,0.0373222678899765,0.29999324679374695
3,61575152395919,it,0.20789892971515656,0.10274221003055573,0.030007824301719666,0.29999840259552
3,61575939565143,en,0.23212142288684845,0.08973550796508789,0.03089873492717743,0.29999884963035583
3,61575794367448,pt,0.21761369705200195,0.10087328404188156,0.03047001361846924,0.2999958395957947
3,61574820912289,it,0.2314855307340622,0.09545134752988815,0.03063051402568817,0.29999545216560364
3,61572954306907,pt,0.22058328986167908,0.09486173838376999,0.030757352709770203,0.2999861240386963
3,61575134236693,fr,0.21080292761325836,0.10726076364517212,0.03000529110431671,0.2999976873397827
3,61575307141915,en,0.27592843770980835,0.05043898522853851,0.044709108769893646,0.29999762773513794
3,61575624868902,en,0.17116998136043549,0.11515481770038605,0.030090197920799255,0.29999643564224243
3,61575171116206,fr,0.19464688003063202,0.10198908299207687,0.030028104782104492,0.2999587655067444
3,61575215922342,hi,0.20316773653030396,0.11050986498594284,0.030009552836418152,0.29999667406082153
3,61575106794786,en,0.23955416679382324,0.08414013683795929,0.03335049748420715,0.29999592900276184
3,61575519009521,pt,0.16540813446044922,0.09969964623451233,0.0318833589553833,0.2999875247478485
3,61574835341215,fr,0.2138681858778,0.10094308853149414,0.030341967940330505,0.2999962568283081
3,61575263014083,en,0.15640603005886078,0.11917875707149506,0.030008241534233093,0.29999467730522156
3,61575578274585,en,0.1894666701555252,0.10444681346416473,0.030049100518226624,0.29999780654907227
3,61574078395311,it,0.21034792065620422,0.10984110087156296,0.03005528450012207,0.29999715089797974
3,61575100662412,en,0.218629851937294,0.09938647598028183,0.03288795053958893,0.29999595880508423
3,61574829698864,en,0.21070267260074615,0.10554754734039307,0.030275195837020874,0.2999943494796753
3,61574071554987,it,0.2229456752538681,0.10018385201692581,0.030152320861816406,0.29999834299087524
3,61573941970022,it,0.22847749292850494,0.09404531121253967,0.030371099710464478,0.29998713731765747
3,61575721133931,fr,0.23721624910831451,0.0899372547864914,0.030663788318634033,0.29999709129333496
3,61573071750653,fr,0.2598327696323395,0.06223602965474129,0.037223637104034424,0.2999979853630066
3,61575036691879,fr,0.20299100875854492,0.096803680062294,0.030222177505493164,0.2999948561191559
3,61575642477991,hi,0.24204732477664948,0.08877819031476974,0.03036557137966156,0.29999855160713196
3,61574082594447,it,0.24459436535835266,0.08611014485359192,0.03227175772190094,0.2999832034111023
3,61575024899211,en,0.25054728984832764,0.07501401752233505,0.037931621074676514,0.29999834299087524
3,61574787854878,pt,0.2672874331474304,0.059727661311626434,0.0406370535492897,0.29999855160713196
3,61574724947307,it,0.2454703152179718,0.0847206860780716,0.03273230791091919,0.299996554851532
3,61573090242830,en,0.25990787148475647,0.06648364663124084,0.03980188071727753,0.29999232292175293
3,61575552061888,pt,0.18129199743270874,0.11068317294120789,0.030077621340751648,0.2999986410140991
3,61574769614945,en,0.24610283970832825,0.07959733158349991,0.0367371141910553,0.2999945282936096
3,61575248771116,en,0.2522750794887543,0.06770367920398712,0.036648377776145935,0.29999905824661255
4,61574934126943,pt,0.18396151065826416,0.11477140337228775,0.030001655220985413,0.2999958395957947
4,61575691375427,fr,0.21755284070968628,0.09800104051828384,0.030815109610557556,0.29999423027038574
4,61575485818749,hi,0.21847036480903625,0.10266514867544174,0.03002096712589264,0.2999986410140991
4,61574816892552,pt,0.171050563454628,0.11231785267591476,0.030357882380485535,0.29998210072517395
4,61574075455618,it,0.22729012370109558,0.09859325736761093,0.030001163482666016,0.29999780654907227
4,61575459945486,fr,0.212315171957016,0.10072708874940872,0.030001550912857056,0.29999908804893494
4,61574981251318,en,0.2363763153553009,0.09076149016618729,0.030111581087112427,0.29999884963035583
4,61575731069908,it,0.24304699897766113,0.08442801237106323,0.03043513000011444,0.299998015165329
4,61574875659187,hi,0.23136255145072937,0.09411314129829407,0.030123725533485413,0.2999892830848694
4,61574801413926,fr,0.21608342230319977,0.098757803440094,0.030101031064987183,0.29999831318855286
4,61575146115727,en,0.21206189692020416,0.10160722583532333,0.030395478010177612,0.29999732971191406
4,61573204057105,pt,0.24169181287288666,0.08135323226451874,0.03328049182891846,0.2999970614910126
4,61573089179589,en,0.20897039771080017,0.10229796171188354,0.03007979691028595,0.2999958395957947
4,61574905567721,en,0.18633735179901123,0.11456485092639923,0.0300179123878479,0.29999566078186035
4,61574951645380,en,0.23231647908687592,0.08592285960912704,0.03394638001918793,0.29999566078186035
4,61574784704159,en,0.24745553731918335,0.08350589126348495,0.03130917251110077,0.2999979257583618
4,61575176273985,fr,0.18207602202892303,0.11093839257955551,0.030068889260292053,0.29998862743377686
4,61574760312216,en,0.24794326722621918,0.08248095214366913,0.031096741557121277,0.29999876022338867
4,61575685105868,hi,0.2300148755311966,0.09523454308509827,0.030241206288337708,0.29999610781669617
4,61575670886568,hi,0.21963053941726685,0.0978703647851944,0.030227631330490112,0.29999494552612305
4,61575164631789,en,0.24725034832954407,0.0832849070429802,0.033029794692993164,0.29999834299087524
4,61575208087101,hi,0.21236544847488403,0.0996207594871521,0.03003793954849243,0.2999986410140991
4,61575843929653,en,0.19554567337036133,0.113933265209198,0.030026927590370178,0.2999970614910126
4,61575206423273,hi,0.24234570562839508,0.07717479765415192,0.03580571711063385,0.29999664425849915
4,61572994007723,fr,0.20440763235092163,0.10355987399816513,0.030101194977760315,0.29999881982803345
4,61575207732884,en,0.2588283121585846,0.07152557373046875,0.04006437212228775,0.29999417066574097
4,61575184700780,en,0.2722555696964264,0.05613314360380173,0.03648915886878967,0.29999858140945435
4,61574992560566,hi,0.24661728739738464,0.08545311540365219,0.03001430630683899,0.2999974191188812
4,61573566207733,fr,0.206526517868042,0.10210049897432327,0.030354931950569153,0.2999988794326782
4,61575283718902,en,0.26281672716140747,0.06349926441907883,0.035430893301963806,0.2999974489212036
4,61574821569203,en,0.2058509737253189,0.10298026353120804,0.03106077015399933,0.29999881982803345
4,61575240461266,pt,0.19041268527507782,0.09861814975738525,0.030002012848854065,0.2999979555606842
4,61575616199388,hi,0.2221195250749588,0.09603675454854965,0.030079439282417297,0.2999972105026245
4,61574709227973,pt,0.16435323655605316,0.10748274624347687,0.030016541481018066,0.29999804496765137
4,61574889725701,en,0.23756040632724762,0.09092196822166443,0.030426502227783203,0.2999986708164215
4,61575850974558,it,0.1971011459827423,0.10921710729598999,0.03000965714454651,0.2999982535839081
4,61575303902251,en,0.2476036250591278,0.08278319984674454,0.03019726276397705,0.29999634623527527
4,61574689937883,fr,0.22078977525234222,0.09818801283836365,0.031041905283927917,0.2999979257583618
4,61575625918798,fr,0.19126887619495392,0.11310290545225143,0.030001267790794373,0.2999948263168335
4,61575159445487,pt,0.21561501920223236,0.09232016652822495,0.03014087677001953,0.2999894618988037
4,61575245441106,en,0.23049190640449524,0.09600693732500076,0.030473515391349792,0.2999957203865051
4,61575530402770,en,0.24661360681056976,0.08284915238618851,0.03142169117927551,0.29999908804893494
4,61575449674736,fr,0.231138676404953,0.08575097471475601,0.03759114444255829,0.29999858140945435
4,61575677426201,en,0.19327981770038605,0.1078818291425705,0.030370160937309265,0.29999804496765137
4,61575220672434,fr,0.23926928639411926,0.08208022266626358,0.03241918981075287,0.299953818321228
4,61575207112351,en,0.22832922637462616,0.09757727384567261,0.030118241906166077,0.2999963164329529
4,61575689365656,it,0.24416819214820862,0.07742191106081009,0.03320968151092529,0.29999446868896484
4,61575314851612,en,0.2227172553539276,0.10172988474369049,0.030104339122772217,0.29999712109565735
4,61575849234543,pt,0.23406794667243958,0.08789371699094772,0.031818196177482605,0.2999690771102905
4,61573389545206,it,0.2232818752527237,0.09292036294937134,0.030584827065467834,0.29999488592147827
4,61575147806028,pt,0.2362263798713684,0.0792839303612709,0.03373010456562042,0.29999661445617676
4,61575284104535,en,0.25489145517349243,0.07540109008550644,0.03598937392234802,0.29999852180480957
4,61575114161642,hi,0.23287318646907806,0.09993385523557663,0.03002658486366272,0.2999981641769409
4,61575635698445,pt,0.21141932904720306,0.09704336524009705,0.030031055212020874,0.2999947667121887
4,61574793554229,it,0.23803123831748962,0.08844134956598282,0.03017537295818329,0.29999828338623047
4,61573072801000,fr,0.2044144570827484,0.10018836706876755,0.0300675630569458,0.2999875247478485
4,61575509307728,hi,0.23735679686069489,0.0872638002038002,0.030435562133789062,0.29999738931655884
4,61575227003442,it,0.22365567088127136,0.09570004045963287,0.03073875606060028,0.299996018409729
4,61575051841154,it,0.23096507787704468,0.0835418701171875,0.03159995377063751,0.29998835921287537
4,61575829405493,it,0.2608201801776886,0.06340760737657547,0.04373694956302643,0.29999715089797974
4,61575356045890,it,0.21106596291065216,0.10679590702056885,0.03001938760280609,0.29999762773513794
4,61574994845337,en,0.22616074979305267,0.09768503159284592,0.030228018760681152,0.2999981641769409
4,61574977474091,en,0.2310609370470047,0.08575061708688736,0.03285452723503113,0.29999858140945435
4,61575678336895,fr,0.21840418875217438,0.10044847428798676,0.030003264546394348,0.2999967336654663
4,61574817464063,en,0.26871463656425476,0.05983418971300125,0.038870349526405334,0.29999780654907227
4,61574663866130,en,0.252941370010376,0.06701315194368362,0.04708125442266464,0.29999876022338867
4,61575186265522,en,0.24926619231700897,0.08075166493654251,0.030034944415092468,0.29999858140945435
4,61575243311101,it,0.22905592620372772,0.09070774912834167,0.030138269066810608,0.299990177154541
4,61575821610647,hi,0.22344212234020233,0.09074698388576508,0.031034722924232483,0.29999780654907227
4,61575111327419,en,0.2461678832769394,0.08422056585550308,0.030226752161979675,0.29999837279319763
4,61575778203150,en,0.20664159953594208,0.10668552666902542,0.030009374022483826,0.2999979257583618
4,61573399053277,en,0.2843066453933716,0.03635653108358383,0.09804144501686096,0.2999984622001648
4,61574865220091,en,0.24420464038848877,0.08730161935091019,0.03008478879928589,0.2999989986419678
4,61574999765096,fr,0.21076644957065582,0.1010511964559555,0.03006593883037567,0.29999881982803345
4,61575046500552,en,0.24378536641597748,0.08574758470058441,0.03056977689266205,0.29999834299087524
4,61575088062953,it,0.2258790135383606,0.09434378892183304,0.030017733573913574,0.2999565303325653
4,61574128582078,en,0.26527565717697144,0.06237893924117088,0.03322087228298187,0.2999987006187439
4,61575532618099,en,0.24876925349235535,0.08248811960220337,0.03212052583694458,0.299998939037323
4,61575460005891,it,0.2588943541049957,0.06423500180244446,0.03528459370136261,0.2999880909919739
4,61574752002783,en,0.2361818104982376,0.09423080086708069,0.03014490008354187,0.29999881982803345
4,61574963854572,en,0.18248991668224335,0.11239117383956909,0.03010690212249756,0.2999984920024872
4,61575134907982,it,0.2481330931186676,0.07729785889387131,0.03486280143260956,0.29999077320098877
4,61574725486505,en,0.2487642765045166,0.07841828465461731,0.0328642874956131,0.2999989986419678
4,61575782391589,en,0.23203884065151215,0.09182711690664291,0.032074734568595886,0.29999881982803345
4,61573815667956,it,0.2025955319404602,0.1046605259180069,0.030002713203430176,0.2999733090400696
4,61575682345613,fr,0.213759183883667,0.09989948570728302,0.030075639486312866,0.2999975085258484
4,61575308947711,hi,0.2202734649181366,0.09867742657661438,0.03141056001186371,0.2999991178512573
4,61575133420619,hi,0.22735577821731567,0.09447331726551056,0.030028581619262695,0.299998939037323
4,61575179138929,en,0.2236962467432022,0.0918814018368721,0.030038058757781982,0.29999804496765137
4,61575262936745,pt,0.19094431400299072,0.1043480709195137,0.030699536204338074,0.29999804496765137
4,61575302234656,pt,0.24796950817108154,0.06776013225317001,0.03196394443511963,0.2999979257583618
4,61575282129145,pt,0.22895190119743347,0.09284061938524246,0.03177922964096069,0.299995481967926
4,61575144555723,pt,0.2005515694618225,0.10599369555711746,0.0300205796957016,0.2999931871891022
4,61575147357302,it,0.2068403661251068,0.10295652598142624,0.030168011784553528,0.2999963164329529
4,61574928787493,it,0.23694424331188202,0.08946166187524796,0.03068806231021881,0.2999971807003021
4,61575324090992,en,0.23969142138957977,0.08345767855644226,0.03149273991584778,0.2999947667121887
4,61575134935995,hi,0.23398767411708832,0.09156924486160278,0.030063912272453308,0.2999967038631439
4,61575180414410,it,0.2489473819732666,0.0771377682685852,0.032845377922058105,0.29999619722366333
4,61575005164655,it,0.24816124141216278,0.08252085745334625,0.0300627201795578,0.2999972105026245
4,61575570054989,hi,0.18167559802532196,0.11024387925863266,0.030007898807525635,0.2999979853630066
4,61573191954824,pt,0.24993100762367249,0.07645907998085022,0.03463949263095856,0.29999834299087524
4,61573587415133,en,0.24889594316482544,0.08125097304582596,0.031803980469703674,0.29999807476997375
4,61575732533301,pt,0.22082361578941345,0.09948865324258804,0.03000803291797638,0.29999545216560364
4,61575140786572,en,0.24370606243610382,0.09020844101905823,0.0300789475440979,0.2999991178512573
4,61575025108897,en,0.22364899516105652,0.09666106104850769,0.03017750382423401,0.2999945282936096
4,61573433221729,fr,0.21373248100280762,0.10114363580942154,0.03111976385116577,0.29999446868896484
4,61573596774794,pt,0.23392581939697266,0.09305866807699203,0.03083421289920807,0.29999858140945435
4,61575556914293,hi,0.24193522334098816,0.09052786231040955,0.03002329170703888,0.2999986410140991
4,61575312817624,pt,0.23848587274551392,0.08719031512737274,0.031079351902008057,0.2999977469444275
4,61573167969034,fr,0.24537470936775208,0.0672803744673729,0.03636017441749573,0.29999810457229614
4,61574921438928,en,0.27533528208732605,0.051435425877571106,0.039805859327316284,0.29999840259552
4,61575125876415,en,0.22195622324943542,0.09646334499120712,0.03317759931087494,0.29999130964279175
4,61575152979706,hi,0.22317054867744446,0.10048295557498932,0.030061453580856323,0.29999858140945435
4,61575091678915,pt,0.20510464906692505,0.10522383451461792,0.030171751976013184,0.2999812960624695
4,61575220722146,en,0.25331172347068787,0.07918322086334229,0.03128747642040253,0.29999786615371704
4,61575829680247,it,0.22732800245285034,0.08697119355201721,0.03538736701011658,0.29999852180480957
4,61575138623198,en,0.26810434460639954,0.060351528227329254,0.033035457134246826,0.29999861121177673
4,61575306397643,pt,0.17519927024841309,0.10479855537414551,0.03001163899898529,0.2999873757362366
4,61575849294548,pt,0.18805913627147675,0.10573510825634003,0.03002268075942993,0.29999810457229614
4,61574855530567,en,0.2435656487941742,0.09280133247375488,0.03046339750289917,0.299996018409729
4,61575189890579,en,0.21263638138771057,0.09960724413394928,0.03128901124000549,0.29999840259552
4,61574100204041,it,0.2188025861978531,0.09908837825059891,0.030695557594299316,0.29999858140945435
4,61575074909869,pt,0.20417386293411255,0.10464849323034286,0.030257120728492737,0.2999880313873291
4,61575059787159,en,0.21769455075263977,0.09730285406112671,0.030668899416923523,0.2999947667121887
4,61575126533596,en,0.26379141211509705,0.062069013714790344,0.03355291485786438,0.2999975085258484
4,61575580080566,it,0.24147643148899078,0.08607099205255508,0.031010642647743225,0.29999858140945435
4,61575232601470,pt,0.18444931507110596,0.10640711337327957,0.030002787709236145,0.2999938428401947
4,61575341466231,hi,0.24267813563346863,0.08690650761127472,0.03206932544708252,0.2999977469444275
4,61574785574733,it,0.18775229156017303,0.10819203406572342,0.030008986592292786,0.2999977767467499
4,61575626782963,hi,0.2309715449810028,0.07880675047636032,0.033224135637283325,0.29999709129333496
4,61575117357728,it,0.22514024376869202,0.09956780076026917,0.030005529522895813,0.2999955713748932
4,61572728411956,fr,0.2304360717535019,0.08336082845926285,0.036935076117515564,0.2999992370605469
4,61575005447655,hi,0.19516828656196594,0.10293717682361603,0.03151620924472809,0.2999842166900635
4,61574955275865,en,0.2637561559677124,0.05914606526494026,0.04730457067489624,0.2999991476535797
4,61575794757479,pt,0.2596612572669983,0.07215952128171921,0.0318414568901062,0.29999518394470215
4,61575226252249,en,0.24795347452163696,0.07454027980566025,0.03816646337509155,0.29999762773513794
4,61575586061241,en,0.23643843829631805,0.09081340581178665,0.030490949749946594,0.2999991774559021
4,61575145166306,en,0.23045434057712555,0.08938799053430557,0.03422932326793671,0.29999876022338867
4,61575505107976,hi,0.20213943719863892,0.10673215240240097,0.03038346767425537,0.2999955415725708
4,61575499054322,hi,0.2487601786851883,0.07566595077514648,0.03682217001914978,0.29999852180480957
4,61575323976887,en,0.264600545167923,0.06109223887324333,0.03349630534648895,0.2999960780143738
4,61575152565446,it,0.21001924574375153,0.0959855169057846,0.03201793134212494,0.2999977469444275
4,61575755242672,en,0.23344826698303223,0.09665559977293015,0.03024233877658844,0.2999987006187439
4,61575187598053,en,0.2364034354686737,0.09542335569858551,0.030534669756889343,0.29999858140945435
4,61575061559762,en,0.2551674544811249,0.07743701338768005,0.030494973063468933,0.29999905824661255
4,61575533882644,pt,0.22366242110729218,0.09245608001947403,0.030312463641166687,0.29999756813049316
4,61575494740784,pt,0.20547617971897125,0.10684225708246231,0.030044838786125183,0.2999856472015381
4,61575689515528,en,0.22009813785552979,0.1018708348274231,0.03002128005027771,0.2999839782714844
4,61575061077037,hi,0.22700606286525726,0.0983254536986351,0.030018091201782227,0.29999664425849915
4,61575169856226,fr,0.2098080813884735,0.0998898446559906,0.030092716217041016,0.29999780654907227
4,61575169251615,en,0.19522318243980408,0.11545486003160477,0.03002031147480011,0.2999982237815857
4,61574733946017,en,0.25241410732269287,0.07974261045455933,0.03039628267288208,0.2999991476535797
4,61574883069816,it,0.22421538829803467,0.10153302550315857,0.03074076771736145,0.29999393224716187
4,61575549901920,pt,0.21212609112262726,0.10187120735645294,0.030003279447555542,0.2999913692474365
4,61575122184024,en,0.24254606664180756,0.08385911583900452,0.03274121880531311,0.2999989986419678
4,61573508699440,en,0.21111436188220978,0.10392428934574127,0.03008262813091278,0.29999053478240967
4,61575541172249,it,0.20894844830036163,0.10876768082380295,0.030057847499847412,0.2999917268753052
4,61575537956540,en,0.23317104578018188,0.09783483296632767,0.030168458819389343,0.2999988794326782
4,61575259760425,it,0.20048223435878754,0.10986328125,0.030023843050003052,0.2999970316886902
4,61573175695316,en,0.2584807276725769,0.07510972768068314,0.03129445016384125,0.2999981641769409
4,61574775281781,en,0.2566983997821808,0.06603574752807617,0.04554738104343414,0.29999804496765137
4,61574855051268,fr,0.218073770403862,0.09817425161600113,0.030117258429527283,0.2999962270259857
4,61575016052070,en,0.2741052806377411,0.052410390228033066,0.038354888558387756,0.2999991774559021
4,61575716045581,en,0.2593560218811035,0.0699722021818161,0.03819020092487335,0.299998939037323
4,61574832908862,en,0.19703589379787445,0.10742365568876266,0.030853718519210815,0.2999988794326782
4,61575636999621,hi,0.1888178437948227,0.10748723149299622,0.030193433165550232,0.2999938726425171
4,61575069571460,fr,0.2566259503364563,0.06929605454206467,0.040238156914711,0.2999986410140991
4,61575554348076,it,0.2435450255870819,0.08311542123556137,0.030958756804466248,0.2999956011772156
4,61573358494546,fr,0.208407461643219,0.09927643835544586,0.03061710298061371,0.2999977469444275
4,61575074773964,hi,0.22799456119537354,0.0971083715558052,0.03035576641559601,0.29999732971191406
4,61575494246952,hi,0.21995089948177338,0.10154789686203003,0.03000350296497345,0.29999804496765137
4,61574815482213,en,0.20533347129821777,0.10361635684967041,0.03001675009727478,0.2999986708164215
4,61575252370580,pt,0.20169204473495483,0.09735304117202759,0.03204627335071564,0.2999636232852936
4,61575770758381,pt,0.2327115535736084,0.08760261535644531,0.031169772148132324,0.2999960482120514
4,61575680875975,fr,0.22909332811832428,0.09088446944952011,0.030425921082496643,0.299996942281723
4,61575085619309,it,0.22034665942192078,0.09536393731832504,0.030565589666366577,0.29999637603759766
4,61574737216943,it,0.2327589988708496,0.08118341863155365,0.03193548321723938,0.299995094537735
4,61572939577297,en,0.24243764579296112,0.0898212119936943,0.030531927943229675,0.29999807476997375
4,61575031471293,en,0.22741949558258057,0.09630009531974792,0.03089405596256256,0.2999773621559143
4,61575654807398,fr,0.2735360264778137,0.05033364146947861,0.047100745141506195,0.29999902844429016
4,61575226372155,it,0.236551433801651,0.08259622752666473,0.0366583913564682,0.29999661445617676
4,61575260650253,en,0.2279885858297348,0.09142357856035233,0.03219924867153168,0.2999955713748932
4,61574942256705,it,0.20798185467720032,0.09523208439350128,0.031602486968040466,0.29997339844703674
4,61574798804240,hi,0.21889866888523102,0.1027204617857933,0.03010137379169464,0.29999756813049316
4,61575755039100,pt,0.16697056591510773,0.11083152145147324,0.030070751905441284,0.29997509717941284
4,61575119906899,fr,0.19533731043338776,0.10304033011198044,0.030607596039772034,0.29999852180480957
4,61575751049240,pt,0.23862279951572418,0.08848413079977036,0.030055895447731018,0.29999762773513794
4,61574996507842,hi,0.21008478105068207,0.09497061371803284,0.031349748373031616,0.2999976873397827
4,61572643031348,pt,0.22888368368148804,0.09262505918741226,0.030635923147201538,0.29999613761901855
4,61575532832693,en,0.18176259100437164,0.11593743413686752,0.03000539541244507,0.2999952435493469
4,61575075284018,hi,0.21885666251182556,0.08983636647462845,0.03127408027648926,0.29999375343322754
4,61575122567285,fr,0.2143774777650833,0.10776437073945999,0.030004829168319702,0.29999563097953796
4,61573003997283,fr,0.23733298480510712,0.08188111335039139,0.03327736258506775,0.29999732971191406
4,61575304682136,hi,0.2341274619102478,0.08718355745077133,0.030071958899497986,0.2999989986419678
4,61575207594362,fr,0.24737052619457245,0.0816911906003952,0.030979931354522705,0.299998939037323
4,61574865641861,it,0.23192250728607178,0.08450070768594742,0.03442031145095825,0.2999851703643799
4,61574923117609,hi,0.2247701734304428,0.09639627486467361,0.030192255973815918,0.2999986410140991
4,61575148359774,en,0.2372557371854782,0.09397953748703003,0.0303439199924469,0.299998939037323
4,61574785483945,fr,0.19111108779907227,0.10901952534914017,0.0301218181848526,0.299998015165329
4,61574997930238,en,0.23165877163410187,0.09675388783216476,0.030394136905670166,0.29999876022338867
4,61575796370877,it,0.2034888118505478,0.10754814743995667,0.0300457626581192,0.29998546838760376
4,61575187214281,it,0.2481536567211151,0.07815772294998169,0.03228670358657837,0.29999858140945435
4,61574977866022,en,0.2239331305027008,0.09515496343374252,0.03049929440021515,0.29999634623527527
4,61575161785561,pt,0.19885759055614471,0.10541324317455292,0.030014753341674805,0.2999874949455261
4,61575236435207,hi,0.23670361936092377,0.09439057111740112,0.030802324414253235,0.29999840259552
4,61575769203176,hi,0.19755077362060547,0.10442930459976196,0.03004889190196991,0.2999943494796753
4,61575305648078,it,0.2271847128868103,0.09797485172748566,0.030026376247406006,0.29999840259552
4,61574760582067,en,0.26090607047080994,0.07632575184106827,0.03075307607650757,0.29999858140945435
4,61575129328475,it,0.21660098433494568,0.09826734662055969,0.030667200684547424,0.2999940514564514
4,61573536988081,fr,0.21771277487277985,0.09937489032745361,0.030343040823936462,0.29999881982803345
4,61573216118266,it,0.25109419226646423,0.07788272202014923,0.03175893425941467,0.2999979555606842
4,61575633442519,hi,0.2235010266304016,0.09027724713087082,0.03002581000328064,0.2999909222126007
4,61575221512411,hi,0.24477100372314453,0.0787966251373291,0.03161221742630005,0.2999867796897888
4,61575100647735,en,0.24359029531478882,0.08436310291290283,0.03134196996688843,0.2999992370605469
4,61574922094244,en,0.26523762941360474,0.06150226294994354,0.03642430901527405,0.2999981641769409
4,61575555567384,fr,0.1850758045911789,0.10555275529623032,0.030076101422309875,0.2999977767467499
4,61573042665508,fr,0.22806091606616974,0.09112236648797989,0.03138226270675659,0.29999881982803345
4,61575502108193,en,0.2352147400379181,0.09774594753980637,0.030222028493881226,0.29999834299087524
4,61575484211181,pt,0.19139975309371948,0.11440421640872955,0.03001733124256134,0.29999852180480957
4,61575317113475,pt,0.19741840660572052,0.09865489602088928,0.03016790747642517,0.29999637603759766
4,61575165415117,fr,0.2047341912984848,0.10070576518774033,0.03009440004825592,0.2999982237815857
4,61575603778005,it,0.23781971633434296,0.08663811534643173,0.03178532421588898,0.29999488592147827
4,61575160987799,hi,0.22361168265342712,0.09978033602237701,0.030092015862464905,0.29999181628227234
4,61575123447467,fr,0.1806580275297165,0.10837224870920181,0.03000238537788391,0.2999955415725708
4,61575667346713,en,0.2235143631696701,0.09513310343027115,0.030054032802581787,0.2999958395957947
4,61575632169437,fr,0.22945737838745117,0.08805381506681442,0.030288591980934143,0.29998910427093506
4,61574928127303,pt,0.21015511453151703,0.10261482745409012,0.030889883637428284,0.2999989092350006
4,61575289802878,en,0.24825745820999146,0.07571522146463394,0.03359358012676239,0.29999348521232605
4,61575200353453,it,0.2345724105834961,0.09164851158857346,0.031487300992012024,0.29998883605003357
4,61574764455076,it,0.22320768237113953,0.09971471130847931,0.03011748194694519,0.29999393224716187
4,61575731693479,en,0.21655850112438202,0.09876905381679535,0.030050009489059448,0.29999879002571106
4,61575049741188,fr,0.2028781920671463,0.09727048873901367,0.0301419198513031,0.2999940514564514
4,61575145346143,pt,0.223149374127388,0.09279137849807739,0.03195743262767792,0.2999945878982544
4,61574796344244,pt,0.2139090597629547,0.09762590378522873,0.030413106083869934,0.29999691247940063
4,61575786231324,hi,0.22527100145816803,0.0970042422413826,0.030019402503967285,0.29999807476997375
4,61575534002323,en,0.25145116448402405,0.07404535263776779,0.03398078680038452,0.2999981939792633
4,61575621419066,hi,0.24164608120918274,0.08736525475978851,0.030857130885124207,0.2999975085258484
4,61575191863415,hi,0.21884334087371826,0.09223848581314087,0.030103683471679688,0.29999879002571106
4,61575196823636,pt,0.21211077272891998,0.10696543008089066,0.03019474446773529,0.2999977469444275
4,61574940548040,fr,0.2736566662788391,0.051996711641550064,0.04077170044183731,0.2999972701072693
4,61574768265684,hi,0.21612012386322021,0.10067462921142578,0.03007650375366211,0.29997992515563965
4,61575557971497,fr,0.20945952832698822,0.10022716969251633,0.030031993985176086,0.2999977469444275
4,61574674005988,en,0.21938826143741608,0.09879844635725021,0.03146837651729584,0.2999987006187439
4,61575568080955,en,0.23534029722213745,0.08754698932170868,0.03699164092540741,0.2999952733516693
4,61575796940771,en,0.2372903972864151,0.089199960231781,0.030208230018615723,0.29999834299087524
4,61575212768289,en,0.27268943190574646,0.05263660475611687,0.03936588764190674,0.29999840259552
4,61575143006497,pt,0.22375693917274475,0.10010792315006256,0.030007272958755493,0.2999919652938843
4,61575070651124,it,0.21239212155342102,0.10056719183921814,0.030007004737854004,0.2999982237815857
4,61575580421441,fr,0.23184272646903992,0.08320455998182297,0.03303125500679016,0.2999972403049469
4,61575274269379,it,0.2554902136325836,0.06916894763708115,0.04078461229801178,0.2999938428401947
4,61574727767195,en,0.21526199579238892,0.10037984699010849,0.030431807041168213,0.2999977469444275
4,61575192170378,en,0.25333982706069946,0.06548582017421722,0.036493465304374695,0.29999852180480957
4,61572954786814,pt,0.23305052518844604,0.08385120332241058,0.03462737798690796,0.29999876022338867
4,61575562736575,en,0.24006780982017517,0.08147915452718735,0.03408600389957428,0.29999905824661255
4,61573212398163,it,0.24623438715934753,0.08020136505365372,0.030137047171592712,0.2999945282936096
4,61575176453944,en,0.22436578571796417,0.09806349128484726,0.03241740167140961,0.2999979853630066
4,61573129617310,hi,0.23122982680797577,0.09621249884366989,0.030103236436843872,0.2999988794326782
4,61575237281286,it,0.20117202401161194,0.09687374532222748,0.0302715003490448,0.2999976575374603
4,61574782514001,en,0.2739332318305969,0.05063281208276749,0.044964440166950226,0.29999810457229614
4,61575162475372,pt,0.22931046783924103,0.09157512336969376,0.0317004919052124,0.29999682307243347
4,61575277305874,pt,0.2132503241300583,0.0974767729640007,0.030047208070755005,0.29999735951423645
4,61573496429300,fr,0.2186780571937561,0.09837256371974945,0.03007560968399048,0.29999223351478577
4,61574810979559,en,0.22842462360858917,0.0975622609257698,0.030019789934158325,0.2999972403049469
4,61575624382959,en,0.21114042401313782,0.10671904683113098,0.03099784255027771,0.29999858140945435
4,61575307694452,pt,0.23330985009670258,0.08586034178733826,0.0303984135389328,0.29997485876083374
4,61575025023617,pt,0.18294791877269745,0.10079924762248993,0.030395150184631348,0.2999846935272217
4,61575621478987,pt,0.22451519966125488,0.09841953963041306,0.03011992573738098,0.2999977767467499
4,61575714924287,en,0.23385855555534363,0.09430034458637238,0.030506953597068787,0.2999977171421051
4,61574946005614,en,0.24127736687660217,0.08769670873880386,0.03181998431682587,0.29999756813049316
4,61575707904529,en,0.24165858328342438,0.08959831297397614,0.031077787280082703,0.2999986708164215
4,61575567781112,pt,0.19888271391391754,0.0988980233669281,0.030727699398994446,0.29999321699142456
4,61575422729180,en,0.2313084751367569,0.09056109935045242,0.030657365918159485,0.2999967932701111
4,61574991695405,en,0.21165263652801514,0.1086898222565651,0.030199766159057617,0.29999473690986633
4,61574951432810,en,0.2737477421760559,0.04988716170191765,0.06228801608085632,0.2999988794326782
4,61574890779488,pt,0.2309771031141281,0.08210735023021698,0.032223328948020935,0.2999427318572998
4,61575728765062,hi,0.2078622430562973,0.09825414419174194,0.030751019716262817,0.2999987304210663
4,61575214852696,pt,0.2574542462825775,0.07062984257936478,0.03574526309967041,0.2999986410140991
4,61573053375071,fr,0.1994343400001526,0.1017790362238884,0.031644344329833984,0.29999756813049316
4,61573380245557,it,0.1828678846359253,0.10470496863126755,0.03000079095363617,0.2999941110610962
4,61574978944598,pt,0.25413578748703003,0.07509215176105499,0.03224566578865051,0.2999975085258484
4,61575606263930,en,0.2176717072725296,0.09767544269561768,0.030824974179267883,0.29999613761901855
4,61575147567358,fr,0.22209952771663666,0.09837160259485245,0.030146852135658264,0.2999972999095917
4,61575717804104,en,0.23688197135925293,0.08430632203817368,0.030858010053634644,0.2999982237815857
4,61572914558646,pt,0.17314523458480835,0.10967621952295303,0.030109718441963196,0.2999981641769409
4,61573902003588,it,0.20411363244056702,0.10200318694114685,0.030392542481422424,0.29999858140945435
4,61575235145623,en,0.21987028419971466,0.09475037455558777,0.031931713223457336,0.2999975085258484
4,61575057779980,en,0.25964757800102234,0.06653378903865814,0.03932976722717285,0.2999989986419678
4,61575514233503,en,0.23415596783161163,0.07789924740791321,0.03462092578411102,0.2999029755592346
4,61575806960249,hi,0.21772372722625732,0.09578782320022583,0.03217664361000061,0.29995936155319214
4,61575203154702,it,0.22418083250522614,0.09431958198547363,0.031412094831466675,0.2999964952468872
4,61575168338780,hi,0.24345794320106506,0.08074365556240082,0.030732348561286926,0.2999512553215027
4,61575095755348,en,0.21973900496959686,0.09997553378343582,0.03009556233882904,0.2999986410140991
4,61574935477073,pt,0.21263067424297333,0.11060681939125061,0.030063703656196594,0.29999852180480957
4,61572882850263,en,0.25747811794281006,0.06967812776565552,0.03201073408126831,0.29999858140945435
4,61575618485389,pt,0.21189472079277039,0.10706278681755066,0.03006438910961151,0.2999986410140991
4,61574831978505,en,0.24632874131202698,0.0855073481798172,0.03098660707473755,0.2999984622001648
4,61575156865865,fr,0.2257612943649292,0.09400439262390137,0.030053839087486267,0.29999840259552
4,61575054840889,hi,0.21778053045272827,0.10058440268039703,0.030002519488334656,0.29999756813049316
4,61575625025576,pt,0.24918483197689056,0.07555214315652847,0.0330655574798584,0.29999861121177673
4,61573590145100,pt,0.21339057385921478,0.10364777594804764,0.030171990394592285,0.29999619722366333
4,61575003572712,hi,0.26574942469596863,0.0567145012319088,0.039693430066108704,0.2999977469444275
4,61575140242986,en,0.22102469205856323,0.0946841910481453,0.030677244067192078,0.2999982237815857
4,61575061680510,it,0.17718832194805145,0.10256784409284592,0.030154898762702942,0.2999882698059082
4,61575575574825,pt,0.24169272184371948,0.08301082998514175,0.032676056027412415,0.29999589920043945
4,61575128956704,it,0.22970998287200928,0.08837816119194031,0.0300636887550354,0.29999494552612305
4,61575676166192,en,0.2517334818840027,0.07560067623853683,0.031983762979507446,0.29999876022338867
4,61575600087094,hi,0.20999790728092194,0.09113284200429916,0.03214748203754425,0.2999137341976166
4,61575039211521,pt,0.21266809105873108,0.10730383545160294,0.030008673667907715,0.29999035596847534
4,61573509419161,fr,0.23655761778354645,0.08520105481147766,0.030446454882621765,0.2999986410140991
4,61575787832729,en,0.2714492380619049,0.04948190227150917,0.07302787899971008,0.29999616742134094
4,61572806113212,en,0.23714087903499603,0.09642502665519714,0.030005067586898804,0.29999762773513794
4,61574996550205,en,0.2721310555934906,0.05036666616797447,0.05419526249170303,0.29999786615371704
4,61575686485825,fr,0.22753526270389557,0.09417083114385605,0.03034985065460205,0.29997387528419495
4,61575337302838,pt,0.26139578223228455,0.06213294714689255,0.03992944955825806,0.29999661445617676
4,61575183980808,en,0.242283433675766,0.08507250994443893,0.030662834644317627,0.29999881982803345
4,61575080220981,en,0.23818354308605194,0.07900610566139221,0.04116315394639969,0.2999974489212036
4,61575209213090,fr,0.2439011037349701,0.08257590234279633,0.03640703856945038,0.29999762773513794
4,61575197780172,en,0.20612607896327972,0.09094342589378357,0.03836914896965027,0.2999963164329529
4,61575028442180,fr,0.18908654153347015,0.11622576415538788,0.030016154050827026,0.29999691247940063
4,61575248000254,en,0.2609178125858307,0.07034669071435928,0.03442057967185974,0.2999977767467499
4,61574651897378,en,0.24884730577468872,0.07835976034402847,0.03193557262420654,0.29999834299087524
4,61575084119219,en,0.22257792949676514,0.1037488803267479,0.030003055930137634,0.2999991178512573
4,61575202535455,hi,0.224023699760437,0.10025935620069504,0.030041858553886414,0.2999972999095917
4,61575224736246,en,0.22769269347190857,0.0970410406589508,0.030417144298553467,0.2999984323978424
4,61573079190124,pt,0.22714239358901978,0.09986475110054016,0.030014246702194214,0.2999976575374603
4,61575011283063,it,0.23370106518268585,0.08592518419027328,0.032994210720062256,0.2999905049800873
4,61575112227227,en,0.26578235626220703,0.056936610490083694,0.048451654613018036,0.2999904155731201
4,61575953244525,hi,0.23146533966064453,0.10071945935487747,0.03002944588661194,0.29999831318855286
4,61575587711344,it,0.22293588519096375,0.09114037454128265,0.03422750532627106,0.2999935746192932
4,61575152395919,it,0.19401231408119202,0.10448983311653137,0.030001670122146606,0.2999984622001648
4,61575939565143,en,0.22244776785373688,0.09488614648580551,0.030337601900100708,0.2999988794326782
4,61575794367448,pt,0.22058841586112976,0.10011299699544907,0.030549362301826477,0.2999974191188812
4,61574820912289,it,0.23521220684051514,0.09446478635072708,0.03041788935661316,0.2999950051307678
4,61572954306907,pt,0.22093573212623596,0.0938616469502449,0.030825838446617126,0.2999953627586365
4,61575134236693,fr,0.20951242744922638,0.1080976277589798,0.030005767941474915,0.2999982237815857
4,61575307141915,en,0.28071558475494385,0.041705090552568436,0.056062303483486176,0.29999813437461853
4,61575624868902,en,0.17052169144153595,0.11530514806509018,0.030060961842536926,0.2999963164329529
4,61575171116206,fr,0.19725622236728668,0.10169566422700882,0.03003774583339691,0.29995197057724
4,61575215922342,hi,0.20416025817394257,0.10951866209506989,0.030015259981155396,0.29999762773513794
4,61575106794786,en,0.23541317880153656,0.08696126937866211,0.03290042281150818,0.299995481967926
4,61575519009521,pt,0.16457657516002655,0.10015948861837387,0.03234560787677765,0.2999894320964813
4,61574835341215,fr,0.20941975712776184,0.10361311584711075,0.03011326491832733,0.29999566078186035
4,61575263014083,en,0.15844912827014923,0.11917316913604736,0.030005693435668945,0.2999938726425171
4,61575578274585,en,0.19154217839241028,0.10473684966564178,0.030053794384002686,0.299997478723526
4,61574078395311,it,0.21091340482234955,0.10941703617572784,0.030058905482292175,0.2999964952468872
4,61575100662412,en,0.20735009014606476,0.10256252437829971,0.03288795053958893,0.2999953329563141
4,61574829698864,en,0.20791098475456238,0.10530255734920502,0.03049089014530182,0.2999947667121887
4,61574071554987,it,0.22538509964942932,0.09770311415195465,0.03013002872467041,0.29999828338623047
4,61573941970022,it,0.2443086951971054,0.08662121742963791,0.030137374997138977,0.29999133944511414
4,61575721133931,fr,0.22980013489723206,0.09504229575395584,0.030371010303497314,0.2999955415725708
4,61573071750653,fr,0.25490835309028625,0.06693659722805023,0.03518359363079071,0.29999756813049316
4,61575036691879,fr,0.19789952039718628,0.09835267066955566,0.030142292380332947,0.29999250173568726
4,61575642477991,hi,0.2427590787410736,0.08421368151903152,0.030264154076576233,0.29999876022338867
4,61574082594447,it,0.24137896299362183,0.08694899827241898,0.032087549567222595,0.29998692870140076
4,61575024899211,en,0.23975399136543274,0.07963038235902786,0.033015236258506775,0.299998015165329
4,61574787854878,pt,0.2692979574203491,0.05707231163978577,0.042045652866363525,0.29999876022338867
4,61574724947307,it,0.2344232052564621,0.09189000725746155,0.03182321786880493,0.29999667406082153
4,61573090242830,en,0.2540818154811859,0.0735950618982315,0.03594774007797241,0.2999951243400574
4,61575552061888,pt,0.17652590572834015,0.10997764766216278,0.030089259147644043,0.29999876022338867
4,61574769614945,en,0.24762780964374542,0.07825718820095062,0.0367371141910553,0.29999393224716187
4,61575248771116,en,0.24329528212547302,0.07430768013000488,0.03610000014305115,0.299998939037323
5,61574934126943,pt,0.190423384308815,0.1139439269900322,0.030000939965248108,0.29999735951423645
5,61575691375427,fr,0.22859323024749756,0.0918666422367096,0.032240986824035645,0.29999691247940063
5,61575485818749,hi,0.22740046679973602,0.09748423099517822,0.03008878231048584,0.29999876022338867
5,61574816892552,pt,0.18270233273506165,0.10675479471683502,0.03129728138446808,0.29998183250427246
5,61574075455618,it,0.23246712982654572,0.09796454757452011,0.030001074075698853,0.2999975085258484
5,61575459945486,fr,0.21613872051239014,0.10011957585811615,0.030001237988471985,0.2999991178512573
5,61574981251318,en,0.23542368412017822,0.09278377890586853,0.030070438981056213,0.29999852180480957
5,61575731069908,it,0.22433745861053467,0.09410013258457184,0.030036911368370056,0.29999685287475586
5,61574875659187,hi,0.2387610226869583,0.0891759842634201,0.030140742659568787,0.29999464750289917
5,61574801413926,fr,0.21951892971992493,0.09528928995132446,0.03005129098892212,0.29999840259552
5,61575146115727,en,0.222414031624794,0.09648116677999496,0.03082028031349182,0.29999762773513794
5,61573204057105,pt,0.23574094474315643,0.08596587181091309,0.03310483694076538,0.29999688267707825
5,61573089179589,en,0.21895021200180054,0.09939774870872498,0.030444279313087463,0.2999970316886902
5,61574905567721,en,0.19536003470420837,0.10976354032754898,0.030021652579307556,0.29999497532844543
5,61574951645380,en,0.22737357020378113,0.0906250849366188,0.03263865411281586,0.2999945282936096
5,61574784704159,en,0.24745267629623413,0.08420323580503464,0.03168670833110809,0.2999975085258484
5,61575176273985,fr,0.20003923773765564,0.1041976809501648,0.030493110418319702,0.29999008774757385
5,61574760312216,en,0.2503310441970825,0.08105979859828949,0.031221717596054077,0.2999982237815857
5,61575685105868,hi,0.222685769200325,0.09986606240272522,0.03003673255443573,0.29999738931655884
5,61575670886568,hi,0.22084955871105194,0.09610698372125626,0.030115783214569092,0.2999955415725708
5,61575164631789,en,0.24112974107265472,0.08778317272663116,0.03296317160129547,0.29999834299087524
5,61575208087101,hi,0.20437708497047424,0.10396929830312729,0.030011311173439026,0.29999858140945435
5,61575843929653,en,0.20369002223014832,0.10992902517318726,0.03008517622947693,0.29999858140945435
5,61575206423273,hi,0.24352306127548218,0.07547617703676224,0.03840842843055725,0.2999967932701111
5,61572994007723,fr,0.20408889651298523,0.10306727886199951,0.03005175292491913,0.29999876022338867
5,61575207732884,en,0.26257893443107605,0.06648289412260056,0.04131391644477844,0.29999685287475586
5,61575184700780,en,0.27216213941574097,0.057341255247592926,0.0400107279419899,0.29999876022338867
5,61574992560566,hi,0.23803474009037018,0.0892517939209938,0.030032038688659668,0.2999975085258484
5,61573566207733,fr,0.20621538162231445,0.1018819808959961,0.0301753431558609,0.29999884963035583
5,61575283718902,en,0.25626957416534424,0.07021373510360718,0.03459373116493225,0.29999756813049316
5,61574821569203,en,0.21881648898124695,0.09910550713539124,0.032201141119003296,0.29999905824661255
5,61575240461266,pt,0.194034144282341,0.09826859831809998,0.030001401901245117,0.29999840259552
5,61575616199388,hi,0.22010692954063416,0.0970640555024147,0.030089378356933594,0.29999643564224243
5,61574709227973,pt,0.18238840997219086,0.1064937561750412,0.03003735840320587,0.29999807476997375
5,61574889725701,en,0.22313928604125977,0.09985383599996567,0.030083149671554565,0.2999986410140991
5,61575850974558,it,0.19733165204524994,0.10936657339334488,0.03000888228416443,0.2999982237815857
5,61575303902251,en,0.2436181753873825,0.08528968691825867,0.030055001378059387,0.29999351501464844
5,61574689937883,fr,0.2189008742570877,0.09964698553085327,0.030979037284851074,0.29999756813049316
5,61575625918798,fr,0.19934701919555664,0.11082477867603302,0.03000149130821228,0.2999948561191559
5,61575159445487,pt,0.21996070444583893,0.0913771316409111,0.030178725719451904,0.2999897301197052
5,61575245441106,en,0.2318112552165985,0.09510581940412521,0.030413880944252014,0.29999667406082153
5,61575530402770,en,0.2516515254974365,0.07798149436712265,0.033107563853263855,0.2999991476535797
5,61575449674736,fr,0.22488753497600555,0.09232217818498611,0.03194230794906616,0.2999986410140991
5,61575677426201,en,0.1829885095357895,0.11116570979356766,0.030536934733390808,0.2999979853630066
5,61575220672434,fr,0.2210940569639206,0.09046489000320435,0.030623838305473328,0.29997551441192627
5,61575207112351,en,0.23477694392204285,0.09321975708007812,0.030176252126693726,0.299997478723526
5,61575689365656,it,0.24138818681240082,0.07989314198493958,0.03217293322086334,0.29999667406082153
5,61575314851612,en,0.22669941186904907,0.09946281462907791,0.030096307396888733,0.2999960482120514
5,61575849234543,pt,0.22387854754924774,0.09052262455224991,0.03149397671222687,0.2999592423439026
5,61573389545206,it,0.22041989862918854,0.09434960037469864,0.03092709183692932,0.2999950647354126
5,61575147806028,pt,0.23765863478183746,0.07723993062973022,0.034161850810050964,0.2999962568283081
5,61575284104535,en,0.27088820934295654,0.05550581216812134,0.045508190989494324,0.2999984920024872
5,61575114161642,hi,0.2367052137851715,0.0976005494594574,0.030017808079719543,0.29999828338623047
5,61575635698445,pt,0.21003594994544983,0.09763912856578827,0.03001353144645691,0.29999297857284546
5,61574793554229,it,0.2461586892604828,0.08315286040306091,0.030260443687438965,0.29999879002571106
5,61573072801000,fr,0.2038322538137436,0.10313314944505692,0.030089974403381348,0.29998981952667236
5,61575509307728,hi,0.2264506071805954,0.09414181858301163,0.030190899968147278,0.2999953031539917
5,61575227003442,it,0.23155932128429413,0.09255848824977875,0.031859755516052246,0.2999969720840454
5,61575051841154,it,0.23569035530090332,0.0823310986161232,0.03194741904735565,0.29999101161956787
5,61575829405493,it,0.25806912779808044,0.06532245874404907,0.038647279143333435,0.2999969720840454
5,61575356045890,it,0.20959413051605225,0.10711175203323364,0.03001590073108673,0.2999963164329529
5,61574994845337,en,0.23525278270244598,0.09002657979726791,0.030022308230400085,0.29999589920043945
5,61574977474091,en,0.23486816883087158,0.08443738520145416,0.03246937692165375,0.2999986410140991
5,61575678336895,fr,0.2242433875799179,0.09728297591209412,0.030010074377059937,0.2999964952468872
5,61574817464063,en,0.27382606267929077,0.0525970384478569,0.044128574430942535,0.2999979257583618
5,61574663866130,en,0.23826715350151062,0.07382974773645401,0.04463285952806473,0.2999987006187439
5,61575186265522,en,0.2517569959163666,0.0793876126408577,0.030045285820961,0.29999852180480957
5,61575243311101,it,0.22578735649585724,0.09188930690288544,0.03015117347240448,0.2999899983406067
5,61575821610647,hi,0.2285308986902237,0.08833278715610504,0.031029611825942993,0.2999958395957947
5,61575111327419,en,0.24669884145259857,0.08297547698020935,0.03070545196533203,0.2999984622001648
5,61575778203150,en,0.20480842888355255,0.10641732066869736,0.03000865876674652,0.29999852180480957
5,61573399053277,en,0.282418817281723,0.04018532857298851,0.07559854537248611,0.29999831318855286
5,61574865220091,en,0.24358689785003662,0.08735476434230804,0.030059516429901123,0.2999989688396454
5,61574999765096,fr,0.20726251602172852,0.10385444015264511,0.03008909523487091,0.2999988794326782
5,61575046500552,en,0.24120870232582092,0.08835168182849884,0.031109973788261414,0.29999828338623047
5,61575088062953,it,0.20826692879199982,0.10014310479164124,0.03002038598060608,0.29998213052749634
5,61574128582078,en,0.25844141840934753,0.07099216431379318,0.03157344460487366,0.29999858140945435
5,61575532618099,en,0.2440844476222992,0.08587566018104553,0.0317300409078598,0.29999858140945435
5,61575460005891,it,0.2648860216140747,0.05699684098362923,0.03678886592388153,0.2999906539916992
5,61574752002783,en,0.2377467006444931,0.09352830052375793,0.030048370361328125,0.29999908804893494
5,61574963854572,en,0.18625715374946594,0.10798271745443344,0.03018781542778015,0.29999861121177673
5,61575134907982,it,0.25075840950012207,0.07268644869327545,0.03798943758010864,0.299994558095932
5,61574725486505,en,0.250986248254776,0.07851295173168182,0.03321799635887146,0.2999989986419678
5,61575782391589,en,0.2424735724925995,0.08346699923276901,0.03425802290439606,0.2999987006187439
5,61573815667956,it,0.2173839658498764,0.09860356897115707,0.03000853955745697,0.29997506737709045
5,61575682345613,fr,0.22028648853302002,0.0978875607252121,0.030035868287086487,0.29999762773513794
5,61575308947711,hi,0.21464121341705322,0.10111352056264877,0.031117156147956848,0.2999991178512573
5,61575133420619,hi,0.23725418746471405,0.08969567716121674,0.030036956071853638,0.299998939037323
5,61575179138929,en,0.23346513509750366,0.08801450580358505,0.03003638982772827,0.29999786615371704
5,61575262936745,pt,0.20138387382030487,0.10045240074396133,0.03144325315952301,0.29999840259552
5,61575302234656,pt,0.24515394866466522,0.07236704230308533,0.03167515993118286,0.29999834299087524
5,61575282129145,pt,0.23192140460014343,0.08721203356981277,0.032781049609184265,0.29999494552612305
5,61575144555723,pt,0.20890937745571136,0.10626479983329773,0.030053481459617615,0.2999863624572754
5,61575147357302,it,0.216263085603714,0.09984034299850464,0.030139893293380737,0.2999956011772156
5,61574928787493,it,0.23622648417949677,0.08999165147542953,0.030984774231910706,0.29998838901519775
5,61575324090992,en,0.24448101222515106,0.07916323840618134,0.032401666045188904,0.29999521374702454
5,61575134935995,hi,0.23118112981319427,0.09364235401153564,0.030139639973640442,0.2999976575374603
5,61575180414410,it,0.23730289936065674,0.08639200776815414,0.032601624727249146,0.299996018409729
5,61575005164655,it,0.23560252785682678,0.08994939178228378,0.03002820909023285,0.29999634623527527
5,61575570054989,hi,0.17995847761631012,0.11129062622785568,0.030023202300071716,0.29999828338623047
5,61573191954824,pt,0.25816231966018677,0.0695885494351387,0.034599319100379944,0.2999987006187439
5,61573587415133,en,0.24584205448627472,0.08103438466787338,0.03261208534240723,0.2999972701072693
5,61575732533301,pt,0.21694836020469666,0.10130439698696136,0.030005574226379395,0.2999955415725708
5,61575140786572,en,0.24930985271930695,0.0867702066898346,0.030134692788124084,0.2999991774559021
5,61575025108897,en,0.22840933501720428,0.09323360025882721,0.030067220330238342,0.29999369382858276
5,61573433221729,fr,0.21290315687656403,0.1013549417257309,0.031098291277885437,0.2999940514564514
5,61573596774794,pt,0.23069016635417938,0.09517374634742737,0.03121703863143921,0.2999984920024872
5,61575556914293,hi,0.2364896684885025,0.09529189020395279,0.030012190341949463,0.29999810457229614
5,61575312817624,pt,0.24379810690879822,0.084774449467659,0.031079351902008057,0.2999979257583618
5,61573167969034,fr,0.2605138421058655,0.05757587403059006,0.038810327649116516,0.29999852180480957
5,61574921438928,en,0.26537713408470154,0.060725610703229904,0.03634718060493469,0.2999981641769409
5,61575125876415,en,0.21854321658611298,0.10051070898771286,0.03152178227901459,0.2999916076660156
5,61575152979706,hi,0.2220640927553177,0.09968461096286774,0.030072346329689026,0.2999986708164215
5,61575091678915,pt,0.19886872172355652,0.10186808556318283,0.03061199188232422,0.2999873757362366
5,61575220722146,en,0.24864201247692108,0.08427596837282181,0.03186357021331787,0.2999976873397827
5,61575829680247,it,0.23581978678703308,0.08259691298007965,0.03408823907375336,0.29999881982803345
5,61575138623198,en,0.2624659240245819,0.06503291428089142,0.03323644399642944,0.29999858140945435
5,61575306397643,pt,0.17350022494792938,0.10439193993806839,0.030015110969543457,0.29998767375946045
5,61575849294548,pt,0.17880794405937195,0.10730685293674469,0.030014023184776306,0.29999732971191406
5,61574855530567,en,0.2508811950683594,0.08442142605781555,0.032625555992126465,0.2999972701072693
5,61575189890579,en,0.21256494522094727,0.09945391863584518,0.03150460124015808,0.29999831318855286
5,61574100204041,it,0.22313089668750763,0.09879721701145172,0.030705854296684265,0.29999852180480957
5,61575074909869,pt,0.20567262172698975,0.10499541461467743,0.03042691946029663,0.2999867796897888
5,61575059787159,en,0.2031755894422531,0.10235550254583359,0.030696183443069458,0.2999893128871918
5,61575126533596,en,0.2545020878314972,0.07163970917463303,0.031772419810295105,0.29999709129333496
5,61575580080566,it,0.2372230589389801,0.08927398175001144,0.030564576387405396,0.29999840259552
5,61575232601470,pt,0.18501883745193481,0.10574358701705933,0.03000323474407196,0.2999914288520813
5,61575341466231,hi,0.22533413767814636,0.0972726121544838,0.03156152367591858,0.29999634623527527
5,61574785574733,it,0.18583662807941437,0.10968952625989914,0.030004143714904785,0.2999984622001648
5,61575626782963,hi,0.2376232147216797,0.07380779087543488,0.03563651442527771,0.29999762773513794
5,61575117357728,it,0.22001834213733673,0.1006603017449379,0.030004918575286865,0.29999324679374695
5,61572728411956,fr,0.23557578027248383,0.08123046159744263,0.036253780126571655,0.2999991774559021
5,61575005447655,hi,0.1878501921892166,0.10732544213533401,0.030335381627082825,0.29996708035469055
5,61574955275865,en,0.2716784179210663,0.050690554082393646,0.056575924158096313,0.29999926686286926
5,61575794757479,pt,0.26144808530807495,0.07173748314380646,0.03161446750164032,0.2999938130378723
5,61575226252249,en,0.2499348223209381,0.07506818324327469,0.03397488594055176,0.29999682307243347
5,61575586061241,en,0.24546101689338684,0.08207984268665314,0.030990734696388245,0.2999991774559021
5,61575145166306,en,0.22021950781345367,0.09693912416696548,0.032705411314964294,0.29999831318855286
5,61575505107976,hi,0.20015110075473785,0.10530811548233032,0.030587464570999146,0.2999948561191559
5,61575499054322,hi,0.251357764005661,0.07311228662729263,0.034804075956344604,0.29999881982803345
5,61575323976887,en,0.2671436369419098,0.0580083429813385,0.03610764443874359,0.29999732971191406
5,61575152565446,it,0.20810893177986145,0.09603167325258255,0.03257471323013306,0.299993634223938
5,61575755242672,en,0.2447475641965866,0.08909419924020767,0.030196070671081543,0.2999991476535797
5,61575187598053,en,0.2468138188123703,0.0838479995727539,0.03427889943122864,0.2999989092350006
5,61575061559762,en,0.2495122104883194,0.08200995624065399,0.030281156301498413,0.299998939037323
5,61575533882644,pt,0.2219233363866806,0.09362950176000595,0.030435234308242798,0.29999613761901855
5,61575494740784,pt,0.20520856976509094,0.10860399156808853,0.030288010835647583,0.29998499155044556
5,61575689515528,en,0.2277236431837082,0.09592239558696747,0.030112698674201965,0.29999232292175293
5,61575061077037,hi,0.22430750727653503,0.0988445058465004,0.030153870582580566,0.2999982535839081
5,61575169856226,fr,0.21688854694366455,0.09614451229572296,0.03020663559436798,0.29999685287475586
5,61575169251615,en,0.19251315295696259,0.11662963032722473,0.030017778277397156,0.29999852180480957
5,61574733946017,en,0.25235050916671753,0.08111924678087234,0.03007417917251587,0.2999991774559021
5,61574883069816,it,0.22444415092468262,0.10272759199142456,0.030608147382736206,0.29999545216560364
5,61575549901920,pt,0.21464726328849792,0.1027008518576622,0.030004113912582397,0.29998448491096497
5,61575122184024,en,0.24322085082530975,0.08259426802396774,0.034089162945747375,0.29999905824661255
5,61573508699440,en,0.20516477525234222,0.10672767460346222,0.030094921588897705,0.29998913407325745
5,61575541172249,it,0.20641882717609406,0.11031875014305115,0.03005102276802063,0.2999914288520813
5,61575537956540,en,0.2388046830892563,0.09477341920137405,0.03008262813091278,0.2999988794326782
5,61575259760425,it,0.21100494265556335,0.10678260028362274,0.03002043068408966,0.29999810457229614
5,61573175695316,en,0.2538338601589203,0.07766788452863693,0.031135231256484985,0.29999786615371704
5,61574775281781,en,0.2427263855934143,0.08000051230192184,0.03753390908241272,0.29999852180480957
5,61574855051268,fr,0.20661285519599915,0.10002025961875916,0.030067145824432373,0.29999566078186035
5,61575016052070,en,0.2688697874546051,0.05696958675980568,0.038411810994148254,0.2999991774559021
5,61575716045581,en,0.2579787075519562,0.07222544401884079,0.03233841061592102,0.29999905824661255
5,61574832908862,en,0.18656443059444427,0.10766355693340302,0.030296027660369873,0.2999986410140991
5,61575636999621,hi,0.1828407347202301,0.10982351750135422,0.03005164861679077,0.2999926209449768
5,61575069571460,fr,0.25867921113967896,0.06763219088315964,0.03910015523433685,0.2999987304210663
5,61575554348076,it,0.2367447316646576,0.08884129673242569,0.030809402465820312,0.2999950051307678
5,61573358494546,fr,0.21267449855804443,0.09914764016866684,0.03104892373085022,0.29999804496765137
5,61575074773964,hi,0.23602977395057678,0.0875583365559578,0.03141433000564575,0.2999967336654663
5,61575494246952,hi,0.2178027629852295,0.10318256169557571,0.030002161860466003,0.29999786615371704
5,61574815482213,en,0.21685639023780823,0.10074250400066376,0.03006419539451599,0.2999989986419678
5,61575252370580,pt,0.2113887518644333,0.09413612633943558,0.03289759159088135,0.2999599575996399
5,61575770758381,pt,0.23194558918476105,0.08542139828205109,0.03348170220851898,0.29999715089797974
5,61575680875975,fr,0.2331784963607788,0.08912349492311478,0.03025546669960022,0.29999837279319763
5,61575085619309,it,0.21192795038223267,0.09911109507083893,0.03061079978942871,0.299996018409729
5,61574737216943,it,0.223684161901474,0.08713529258966446,0.03286521136760712,0.29999345541000366
5,61572939577297,en,0.2432899922132492,0.08856549113988876,0.031104370951652527,0.2999982237815857
5,61575031471293,en,0.2279830425977707,0.0946936309337616,0.03217858076095581,0.29998230934143066
5,61575654807398,fr,0.2742312550544739,0.049865175038576126,0.0776699110865593,0.2999989986419678
5,61575226372155,it,0.23509153723716736,0.08593325316905975,0.03124597668647766,0.2999960482120514
5,61575260650253,en,0.2383671998977661,0.08192314952611923,0.03211086988449097,0.29999661445617676
5,61574942256705,it,0.1863020658493042,0.10464172065258026,0.030494943261146545,0.29999464750289917
5,61574798804240,hi,0.21241293847560883,0.10668760538101196,0.03007112443447113,0.29999786615371704
5,61575755039100,pt,0.17282544076442719,0.1117292046546936,0.030078113079071045,0.2999771237373352
5,61575119906899,fr,0.1900917887687683,0.10460682958364487,0.030213147401809692,0.29999852180480957
5,61575751049240,pt,0.2362508326768875,0.08883196115493774,0.03004099428653717,0.29999834299087524
5,61574996507842,hi,0.22032533586025238,0.09041108191013336,0.03150494396686554,0.299995481967926
5,61572643031348,pt,0.2355014830827713,0.08893230557441711,0.030867263674736023,0.29999780654907227
5,61575532832693,en,0.1838049590587616,0.11307111382484436,0.030017167329788208,0.29999643564224243
5,61575075284018,hi,0.2093765139579773,0.09917905181646347,0.030183643102645874,0.29999643564224243
5,61575122567285,fr,0.22046077251434326,0.10429847985506058,0.0300520658493042,0.2999974489212036
5,61573003997283,fr,0.2297276258468628,0.08823592215776443,0.031262338161468506,0.2999972701072693
5,61575304682136,hi,0.23809848725795746,0.08401817083358765,0.030090972781181335,0.2999989688396454
5,61575207594362,fr,0.25170502066612244,0.0767383873462677,0.031144514679908752,0.299998939037323
5,61574865641861,it,0.24176034331321716,0.07867859303951263,0.03516794741153717,0.2999899983406067
5,61574923117609,hi,0.21958398818969727,0.0978725254535675,0.03027823567390442,0.29999840259552
5,61575148359774,en,0.23871973156929016,0.09195070713758469,0.030231863260269165,0.29999905824661255
5,61574785483945,fr,0.19801585376262665,0.10784425586462021,0.03026328980922699,0.29999756813049316
5,61574997930238,en,0.22748441994190216,0.09980124235153198,0.030168846249580383,0.29999810457229614
5,61575796370877,it,0.20001941919326782,0.1091325432062149,0.030038490891456604,0.2999902367591858
5,61575187214281,it,0.23888620734214783,0.08507134765386581,0.03304789960384369,0.29999858140945435
5,61574977866022,en,0.22910481691360474,0.09487252682447433,0.03141433000564575,0.29999804496765137
5,61575161785561,pt,0.1981540322303772,0.10656216740608215,0.030007660388946533,0.2999929189682007
5,61575236435207,hi,0.2358478456735611,0.0954132229089737,0.030568674206733704,0.29999828338623047
5,61575769203176,hi,0.20355917513370514,0.10277082771062851,0.030156344175338745,0.299995094537735
5,61575305648078,it,0.22685368359088898,0.09890073537826538,0.030074119567871094,0.2999975085258484
5,61574760582067,en,0.2592291533946991,0.07764961570501328,0.030904293060302734,0.29999858140945435
5,61575129328475,it,0.21953873336315155,0.09681349247694016,0.030786171555519104,0.2999865412712097
5,61573536988081,fr,0.2279084175825119,0.09428422898054123,0.030292227864265442,0.2999989986419678
5,61573216118266,it,0.24691487848758698,0.08268602937459946,0.03179773688316345,0.2999977469444275
5,61575633442519,hi,0.21418553590774536,0.09664194285869598,0.03003278374671936,0.2999826669692993
5,61575221512411,hi,0.2407742291688919,0.0816274881362915,0.0319729745388031,0.2999846935272217
5,61575100647735,en,0.24135591089725494,0.08627720922231674,0.031766846776008606,0.2999992370605469
5,61574922094244,en,0.2543691098690033,0.07195354998111725,0.03634996712207794,0.2999977469444275
5,61575555567384,fr,0.1792667657136917,0.10819507390260696,0.030036568641662598,0.29999762773513794
5,61573042665508,fr,0.24031905829906464,0.08507698774337769,0.03215448558330536,0.29999908804893494
5,61575502108193,en,0.2332175225019455,0.09794050455093384,0.030148163437843323,0.29999852180480957
5,61575484211181,pt,0.1937635987997055,0.1127501055598259,0.030042782425880432,0.29999828338623047
5,61575317113475,pt,0.20795772969722748,0.09669128805398941,0.030133932828903198,0.299996942281723
5,61575165415117,fr,0.20261967182159424,0.10158728063106537,0.030078142881393433,0.2999982237815857
5,61575603778005,it,0.24250668287277222,0.08480498194694519,0.03077690303325653,0.2999969720840454
5,61575160987799,hi,0.23004351556301117,0.09763067960739136,0.03041243553161621,0.2999962568283081
5,61575123447467,fr,0.20738910138607025,0.10435018688440323,0.030010148882865906,0.29999786615371704
5,61575667346713,en,0.2249407023191452,0.0967254713177681,0.03019016981124878,0.2999979853630066
5,61575632169437,fr,0.2391970157623291,0.08295749872922897,0.030963167548179626,0.2999933660030365
5,61574928127303,pt,0.21127189695835114,0.10283872485160828,0.03032045066356659,0.29999879002571106
5,61575289802878,en,0.25174689292907715,0.07302360981702805,0.033377230167388916,0.29999402165412903
5,61575200353453,it,0.22509291768074036,0.0967511460185051,0.03075183928012848,0.2999706268310547
5,61574764455076,it,0.22207500040531158,0.09933168441057205,0.03021860122680664,0.29999059438705444
5,61575731693479,en,0.215481698513031,0.09796961396932602,0.03004935383796692,0.29999881982803345
5,61575049741188,fr,0.18994149565696716,0.10148885101079941,0.030167952179908752,0.29999151825904846
5,61575145346143,pt,0.23977050185203552,0.08210700005292892,0.03202952444553375,0.299996554851532
5,61574796344244,pt,0.21535372734069824,0.09589911252260208,0.03034357726573944,0.29999786615371704
5,61575786231324,hi,0.22071689367294312,0.09760072082281113,0.03002767264842987,0.2999976873397827
5,61575534002323,en,0.2596539258956909,0.06644969433546066,0.036215633153915405,0.2999982535839081
5,61575621419066,hi,0.2343837171792984,0.09333399683237076,0.03013734519481659,0.2999969720840454
5,61575191863415,hi,0.21052221953868866,0.0962953269481659,0.030223459005355835,0.29999881982803345
5,61575196823636,pt,0.2169235199689865,0.10630305111408234,0.03019048273563385,0.2999979853630066
5,61574940548040,fr,0.27260732650756836,0.05363455414772034,0.037877798080444336,0.2999963164329529
5,61574768265684,hi,0.2069208174943924,0.10395427793264389,0.030118614435195923,0.29997777938842773
5,61575557971497,fr,0.20757471024990082,0.10163858532905579,0.030017495155334473,0.29999804496765137
5,61574674005988,en,0.2107640653848648,0.10413531213998795,0.03072938323020935,0.29999837279319763
5,61575568080955,en,0.22607293725013733,0.09125860780477524,0.03439715504646301,0.2999952435493469
5,61575796940771,en,0.25236621499061584,0.07494412362575531,0.03509332239627838,0.29999876022338867
5,61575212768289,en,0.27546700835227966,0.05000237748026848,0.0387803316116333,0.29999858140945435
5,61575143006497,pt,0.22846265137195587,0.10015284270048141,0.03000730276107788,0.299991250038147
5,61575070651124,it,0.23619651794433594,0.09351571649312973,0.030009344220161438,0.2999986410140991
5,61575580421441,fr,0.242677703499794,0.08000246435403824,0.033057838678359985,0.2999972701072693
5,61575274269379,it,0.2552853524684906,0.07098899781703949,0.03670041263103485,0.2999899983406067
5,61574727767195,en,0.20922896265983582,0.09946886450052261,0.030516058206558228,0.29999667406082153
5,61575192170378,en,0.25599655508995056,0.0642610415816307,0.03983120620250702,0.2999987304210663
5,61572954786814,pt,0.22339580953121185,0.08856882154941559,0.033702775835990906,0.29999840259552
5,61575562736575,en,0.24396267533302307,0.08188598603010178,0.033152297139167786,0.2999991774559021
5,61573212398163,it,0.2353137880563736,0.08482302725315094,0.03014834225177765,0.2999874949455261
5,61575176453944,en,0.22032274305820465,0.09994491189718246,0.030746683478355408,0.29999780654907227
5,61573129617310,hi,0.22165033221244812,0.10257861763238907,0.0300900936126709,0.299998939037323
5,61575237281286,it,0.21894729137420654,0.09392259269952774,0.0307934433221817,0.2999982237815857
5,61574782514001,en,0.2576473653316498,0.06983638554811478,0.032642558217048645,0.2999981939792633
5,61575162475372,pt,0.2280367612838745,0.09434764087200165,0.031453102827072144,0.29999542236328125
5,61575277305874,pt,0.2228737324476242,0.09340905398130417,0.03003273904323578,0.29999786615371704
5,61573496429300,fr,0.21411211788654327,0.10040731728076935,0.03003239631652832,0.2999856770038605
5,61574810979559,en,0.22898542881011963,0.09662553668022156,0.030007198452949524,0.2999979853630066
5,61575624382959,en,0.21059159934520721,0.10566426068544388,0.031155303120613098,0.29999834299087524
5,61575307694452,pt,0.2262825220823288,0.09058906883001328,0.03036557137966156,0.2999773919582367
5,61575025023617,pt,0.19374097883701324,0.10023998469114304,0.03025268018245697,0.2999860644340515
5,61575621478987,pt,0.2165798842906952,0.10128022730350494,0.030089348554611206,0.2999970316886902
5,61575714924287,en,0.2325412631034851,0.09681930392980576,0.030827611684799194,0.29999780654907227
5,61574946005614,en,0.24825061857700348,0.0840139240026474,0.03011903166770935,0.29999735951423645
5,61575707904529,en,0.23911145329475403,0.09144210815429688,0.030856981873512268,0.2999988794326782
5,61575567781112,pt,0.2000042349100113,0.09808983653783798,0.031240299344062805,0.29999423027038574
5,61575422729180,en,0.23549394309520721,0.08690079301595688,0.030727043747901917,0.29999709129333496
5,61574991695405,en,0.21085216104984283,0.10778617113828659,0.030312523245811462,0.2999945282936096
5,61574951432810,en,0.2746659517288208,0.048532355576753616,0.05501323193311691,0.2999988794326782
5,61574890779488,pt,0.2268439531326294,0.08497346937656403,0.032295942306518555,0.29993724822998047
5,61575728765062,hi,0.22678446769714355,0.08890239149332047,0.03228239715099335,0.2999988794326782
5,61575214852696,pt,0.24605821073055267,0.08373340219259262,0.0325581431388855,0.29999840259552
5,61573053375071,fr,0.21748162806034088,0.09611846506595612,0.0312722772359848,0.29999837279319763
5,61573380245557,it,0.1914585679769516,0.10804887861013412,0.03000137209892273,0.299995481967926
5,61574978944598,pt,0.24919216334819794,0.07845869660377502,0.031808823347091675,0.2999969720840454
5,61575606263930,en,0.2207212597131729,0.09678018093109131,0.030956894159317017,0.2999986410140991
5,61575147567358,fr,0.22199411690235138,0.10107813775539398,0.03016611933708191,0.2999979257583618
5,61575717804104,en,0.23263821005821228,0.08801162242889404,0.03081829845905304,0.29999804496765137
5,61572914558646,pt,0.1693533957004547,0.11048579961061478,0.03001140058040619,0.29999861121177673
5,61573902003588,it,0.20665951073169708,0.1012180745601654,0.030313506722450256,0.2999982237815857
5,61575235145623,en,0.2212849110364914,0.09263166040182114,0.0323268324136734,0.2999974191188812
5,61575057779980,en,0.2602398097515106,0.06717479974031448,0.039858803153038025,0.29999902844429016
5,61575514233503,en,0.24147921800613403,0.07622254639863968,0.03491298854351044,0.2999348044395447
5,61575806960249,hi,0.23216132819652557,0.08484300971031189,0.0345240980386734,0.2999753952026367
5,61575203154702,it,0.21990758180618286,0.09702754020690918,0.03195497393608093,0.2999969720840454
5,61575168338780,hi,0.23881344497203827,0.08180403709411621,0.030743733048439026,0.29994720220565796
5,61575095755348,en,0.22788581252098083,0.09606470912694931,0.030406072735786438,0.29999876022338867
5,61574935477073,pt,0.21576587855815887,0.1078680157661438,0.030113428831100464,0.29999881982803345
5,61572882850263,en,0.2543700933456421,0.07257654517889023,0.032081425189971924,0.2999986410140991
5,61575618485389,pt,0.21580220758914948,0.10487844049930573,0.030046701431274414,0.2999984622001648
5,61574831978505,en,0.25685176253318787,0.07570260018110275,0.031328633427619934,0.29999876022338867
5,61575156865865,fr,0.23517702519893646,0.08747535943984985,0.03017069399356842,0.29999852180480957
5,61575054840889,hi,0.2082897573709488,0.10750706493854523,0.030004039406776428,0.29999709129333496
5,61575625025576,pt,0.23854707181453705,0.08353875577449799,0.031349316239356995,0.29999852180480957
5,61573590145100,pt,0.20963391661643982,0.10418162494897842,0.030094757676124573,0.29999661445617676
5,61575003572712,hi,0.2668471932411194,0.05457073822617531,0.042090073227882385,0.2999972701072693
5,61575140242986,en,0.22618629038333893,0.09195148944854736,0.030825495719909668,0.29999852180480957
5,61575061680510,it,0.19061611592769623,0.10010167211294174,0.030219629406929016,0.299991250038147
5,61575575574825,pt,0.24972523748874664,0.07579898089170456,0.03676798939704895,0.29999592900276184
5,61575128956704,it,0.22479291260242462,0.08929586410522461,0.030071482062339783,0.29999685287475586
5,61575676166192,en,0.24591222405433655,0.0799892246723175,0.03194732964038849,0.2999986410140991
5,61575600087094,hi,0.2147182822227478,0.0870848223567009,0.03218953311443329,0.2999235987663269
5,61575039211521,pt,0.20964010059833527,0.10870425403118134,0.030010178685188293,0.2999922037124634
5,61573509419161,fr,0.22913667559623718,0.0893140584230423,0.030136868357658386,0.2999986410140991
5,61575787832729,en,0.2714542746543884,0.04955426603555679,0.06331872940063477,0.2999972999095917
5,61572806113212,en,0.233989879488945,0.0977218821644783,0.030002206563949585,0.2999974489212036
5,61574996550205,en,0.26815348863601685,0.05606980249285698,0.05602280795574188,0.29999828338623047
5,61575686485825,fr,0.220506951212883,0.09682029485702515,0.030159547924995422,0.2999746799468994
5,61575337302838,pt,0.2566831409931183,0.06316354125738144,0.03899186849594116,0.29999470710754395
5,61575183980808,en,0.23877350986003876,0.08927544206380844,0.030446961522102356,0.2999989688396454
5,61575080220981,en,0.24455009400844574,0.07597041130065918,0.038256749510765076,0.29999780654907227
5,61575209213090,fr,0.21832327544689178,0.09767553210258484,0.030693069100379944,0.2999979853630066
5,61575197780172,en,0.21212360262870789,0.08975984156131744,0.03574138879776001,0.2999962568283081
5,61575028442180,fr,0.19144698977470398,0.11518678069114685,0.030016764998435974,0.29999643564224243
5,61575248000254,en,0.25280722975730896,0.07957276701927185,0.03239521384239197,0.29999661445617676
5,61574651897378,en,0.26462504267692566,0.06246871501207352,0.03499212861061096,0.29999876022338867
5,61575084119219,en,0.22847379744052887,0.10167575627565384,0.03000529110431671,0.2999991774559021
5,61575202535455,hi,0.22100846469402313,0.10309410840272903,0.0300169438123703,0.29999738931655884
5,61575224736246,en,0.2262607216835022,0.09862978756427765,0.03015229105949402,0.29999852180480957
5,61573079190124,pt,0.22109775245189667,0.10397930443286896,0.03001582622528076,0.29999756813049316
5,61575011283063,it,0.22988472878932953,0.08781791478395462,0.03281767666339874,0.29998597502708435
5,61575112227227,en,0.26991137862205505,0.05356982722878456,0.05116783082485199,0.29999440908432007
5,61575953244525,hi,0.23378917574882507,0.10045482963323593,0.030062511563301086,0.2999982237815857
5,61575587711344,it,0.21597318351268768,0.09474214911460876,0.03410717844963074,0.29998910427093506
5,61575152395919,it,0.2059112787246704,0.10667023807764053,0.030009403824806213,0.29999876022338867
5,61575939565143,en,0.22210285067558289,0.0947922021150589,0.030795082449913025,0.29999876022338867
5,61575794367448,pt,0.21447186172008514,0.10199643671512604,0.030316591262817383,0.29999732971191406
5,61574820912289,it,0.2424139678478241,0.08977054804563522,0.03079482913017273,0.29999738931655884
5,61572954306907,pt,0.20828087627887726,0.0993272140622139,0.030571594834327698,0.29998889565467834
5,61575134236693,fr,0.21518561244010925,0.10694903135299683,0.030008673667907715,0.29999879002571106
5,61575307141915,en,0.27343761920928955,0.05426176264882088,0.04036596417427063,0.2999979257583618
5,61575624868902,en,0.171438068151474,0.11469876766204834,0.030203819274902344,0.29999643564224243
5,61575171116206,fr,0.200088769197464,0.10104365646839142,0.030025750398635864,0.29993605613708496
5,61575215922342,hi,0.2077774703502655,0.11091537773609161,0.03004014492034912,0.2999960780143738
5,61575106794786,en,0.23307566344738007,0.0857255831360817,0.03381544351577759,0.29999589920043945
5,61575519009521,pt,0.15617698431015015,0.10107064247131348,0.031688302755355835,0.2999867796897888
5,61574835341215,fr,0.2080446183681488,0.10201113671064377,0.030189573764801025,0.2999960780143738
5,61575263014083,en,0.15640632808208466,0.11910808086395264,0.030004382133483887,0.29999423027038574
5,61575578274585,en,0.19661886990070343,0.10376716405153275,0.030045852065086365,0.29999756813049316
5,61574078395311,it,0.21566641330718994,0.10746869444847107,0.03005644679069519,0.2999981641769409
5,61575100662412,en,0.22305381298065186,0.09618791937828064,0.034217506647109985,0.2999955415725708
5,61574829698864,en,0.2096523940563202,0.10662083327770233,0.030251920223236084,0.29999667406082153
5,61574071554987,it,0.23032627999782562,0.09403769671916962,0.030208125710487366,0.29999834299087524
5,61573941970022,it,0.24323152005672455,0.08715978264808655,0.030310586094856262,0.2999957203865051
5,61575721133931,fr,0.23539674282073975,0.0906301960349083,0.030632585287094116,0.29999786615371704
5,61573071750653,fr,0.24967645108699799,0.07113604247570038,0.03553272783756256,0.2999979257583618
5,61575036691879,fr,0.20184600353240967,0.09609373658895493,0.030167236924171448,0.29999271035194397
5,61575642477991,hi,0.24670718610286713,0.08276863396167755,0.030293777585029602,0.29999858140945435
5,61574082594447,it,0.24149812757968903,0.08821895718574524,0.03108133375644684,0.29998570680618286
5,61575024899211,en,0.26175257563591003,0.06114118918776512,0.042023830115795135,0.2999984622001648
5,61574787854878,pt,0.26421481370925903,0.06311054527759552,0.04380537569522858,0.2999981641769409
5,61574724947307,it,0.24912114441394806,0.07985101640224457,0.033253833651542664,0.2999962270259857
5,61573090242830,en,0.2596648633480072,0.06733299791812897,0.037602901458740234,0.2999917268753052
5,61575552061888,pt,0.18121777474880219,0.11036175489425659,0.030094832181930542,0.29999881982803345
5,61574769614945,en,0.24742011725902557,0.07785540074110031,0.0371672660112381,0.29999494552612305
5,61575248771116,en,0.23355916142463684,0.08411538600921631,0.0346316397190094,0.29999881982803345
6,61574934126943,pt,0.19106252491474152,0.11348152160644531,0.030002236366271973,0.2999979555606842
6,61575691375427,fr,0.2160993069410324,0.0976339727640152,0.030655518174171448,0.2999962866306305
6,61575485818749,hi,0.226087287068367,0.09760939329862595,0.030056610703468323,0.2999986410140991
6,61574816892552,pt,0.17949354648590088,0.10961069911718369,0.030794784426689148,0.299979031085968
6,61574075455618,it,0.23841418325901031,0.09641489386558533,0.03000180423259735,0.29999837279319763
6,61575459945486,fr,0.2286703884601593,0.09420353174209595,0.030005067586898804,0.2999992370605469
6,61574981251318,en,0.22579160332679749,0.09778746217489243,0.030043065547943115,0.2999986410140991
6,61575731069908,it,0.2231631726026535,0.09305398166179657,0.030061274766921997,0.299996942281723
6,61574875659187,hi,0.2477717250585556,0.08161936700344086,0.030305981636047363,0.2999972403049469
6,61574801413926,fr,0.2123010903596878,0.09862374514341354,0.030071884393692017,0.29999828338623047
6,61575146115727,en,0.22369462251663208,0.09459085017442703,0.031162649393081665,0.29999786615371704
6,61573204057105,pt,0.23607055842876434,0.08606322854757309,0.033555448055267334,0.2999970614910126
6,61573089179589,en,0.19989649951457977,0.10612231492996216,0.030085161328315735,0.2999940812587738
6,61574905567721,en,0.182647243142128,0.11090582609176636,0.030024036765098572,0.299994558095932
6,61574951645380,en,0.2353547215461731,0.08172803372144699,0.032979682087898254,0.2999967932701111
6,61574784704159,en,0.2514488101005554,0.07928445935249329,0.0319352000951767,0.2999970018863678
6,61575176273985,fr,0.18608948588371277,0.10843628644943237,0.03010314702987671,0.29998183250427246
6,61574760312216,en,0.2470880150794983,0.08596492558717728,0.030515968799591064,0.29999738931655884
6,61575685105868,hi,0.23365868628025055,0.09385362267494202,0.03006148338317871,0.2999972701072693
6,61575670886568,hi,0.23124215006828308,0.09310520440340042,0.03024718165397644,0.29999661445617676
6,61575164631789,en,0.24872544407844543,0.0803559273481369,0.03524792194366455,0.2999988794326782
6,61575208087101,hi,0.206068754196167,0.1028042808175087,0.03001275658607483,0.2999987304210663
6,61575843929653,en,0.20151394605636597,0.10899892449378967,0.03003588318824768,0.299998015165329
6,61575206423273,hi,0.24205777049064636,0.07922752946615219,0.034543007612228394,0.2999970316886902
6,61572994007723,fr,0.20393861830234528,0.10295646637678146,0.030162349343299866,0.29999879002571106
6,61575207732884,en,0.2568645179271698,0.07378225028514862,0.0374712198972702,0.2999945282936096
6,61575184700780,en,0.26977306604385376,0.06129961833357811,0.03480680286884308,0.2999987006187439
6,61574992560566,hi,0.24338096380233765,0.08734726160764694,0.03002859652042389,0.299996942281723
6,61573566207733,fr,0.2142801135778427,0.10040237009525299,0.030371040105819702,0.299998939037323
6,61575283718902,en,0.25882548093795776,0.06836749613285065,0.034961357712745667,0.2999976873397827
6,61574821569203,en,0.2132698893547058,0.10064303129911423,0.03158894181251526,0.299998939037323
6,61575240461266,pt,0.1936759650707245,0.10099179297685623,0.030001819133758545,0.2999984323978424
6,61575616199388,hi,0.2203902304172516,0.09725598990917206,0.030041784048080444,0.2999955415725708
6,61574709227973,pt,0.1816094070672989,0.10589506477117538,0.030049458146095276,0.29999759793281555
6,61574889725701,en,0.2342386692762375,0.09203628450632095,0.03027494251728058,0.29999876022338867
6,61575850974558,it,0.19261789321899414,0.10979557782411575,0.030008986592292786,0.2999977767467499
6,61575303902251,en,0.22271940112113953,0.09711113572120667,0.03005068004131317,0.29999274015426636
6,61574689937883,fr,0.22178171575069427,0.0974373146891594,0.03107064962387085,0.2999976575374603
6,61575625918798,fr,0.18911375105381012,0.11396723985671997,0.030001118779182434,0.2999967336654663
6,61575159445487,pt,0.2323865294456482,0.08701372891664505,0.030283555388450623,0.29999494552612305
6,61575245441106,en,0.23284336924552917,0.09558399766683578,0.030394524335861206,0.2999971807003021
6,61575530402770,en,0.2548234462738037,0.07452625036239624,0.03455069661140442,0.2999991774559021
6,61575449674736,fr,0.21561221778392792,0.09917562454938889,0.032691508531570435,0.299998939037323
6,61575677426201,en,0.21723073720932007,0.0977417603135109,0.031129181385040283,0.29999858140945435
6,61575220672434,fr,0.23202817142009735,0.08382883667945862,0.031955569982528687,0.29998666048049927
6,61575207112351,en,0.22700174152851105,0.09909321367740631,0.03011453151702881,0.299996554851532
6,61575689365656,it,0.23769345879554749,0.08129285275936127,0.032298460602760315,0.2999967336654663
6,61575314851612,en,0.22882868349552155,0.09639956802129745,0.030137747526168823,0.2999974489212036
6,61575849234543,pt,0.2391153872013092,0.08319295197725296,0.03263711929321289,0.29996106028556824
6,61573389545206,it,0.21196065843105316,0.09924177825450897,0.030327141284942627,0.29999643564224243
6,61575147806028,pt,0.22918035089969635,0.08115743100643158,0.03468082845211029,0.2999952435493469
6,61575284104535,en,0.268244206905365,0.05879894271492958,0.04419916123151779,0.29999858140945435
6,61575114161642,hi,0.23898085951805115,0.09585133194923401,0.030097126960754395,0.2999984622001648
6,61575635698445,pt,0.22334514558315277,0.09300737828016281,0.030010342597961426,0.29999208450317383
6,61574793554229,it,0.2328505963087082,0.0919877290725708,0.030152037739753723,0.2999987006187439
6,61573072801000,fr,0.20308253169059753,0.10152211040258408,0.030056074261665344,0.2999909818172455
6,61575509307728,hi,0.23099327087402344,0.09244581311941147,0.03008042275905609,0.2999953031539917
6,61575227003442,it,0.21974296867847443,0.09861224889755249,0.030545368790626526,0.29999667406082153
6,61575051841154,it,0.23813828825950623,0.08034536987543106,0.03146904706954956,0.29999440908432007
6,61575829405493,it,0.2614273726940155,0.06220651790499687,0.04537351429462433,0.2999962568283081
6,61575356045890,it,0.21031208336353302,0.10699868202209473,0.030018717050552368,0.2999972701072693
6,61574994845337,en,0.23092743754386902,0.09448505192995071,0.03007306158542633,0.29999586939811707
6,61574977474091,en,0.2398703247308731,0.0813051387667656,0.03223195672035217,0.2999986708164215
6,61575678336895,fr,0.21250644326210022,0.10259414464235306,0.030004099011421204,0.2999974489212036
6,61574817464063,en,0.2748488187789917,0.05120965093374252,0.04427770525217056,0.2999979257583618
6,61574663866130,en,0.24879729747772217,0.06567960232496262,0.04637061059474945,0.29999876022338867
6,61575186265522,en,0.2618601322174072,0.0697353407740593,0.030037879943847656,0.2999989986419678
6,61575243311101,it,0.2192365527153015,0.09506025910377502,0.030077993869781494,0.2999860346317291
6,61575821610647,hi,0.22335731983184814,0.09038668125867844,0.03085462749004364,0.2999955415725708
6,61575111327419,en,0.24958398938179016,0.0797894150018692,0.0309746116399765,0.2999981641769409
6,61575778203150,en,0.21015898883342743,0.1058654934167862,0.03001473844051361,0.2999977469444275
6,61573399053277,en,0.28219473361968994,0.039905380457639694,0.08967070281505585,0.29999837279319763
6,61574865220091,en,0.24426235258579254,0.08757299929857254,0.03009544312953949,0.29999905824661255
6,61574999765096,fr,0.21327438950538635,0.10226991027593613,0.030065998435020447,0.29999858140945435
6,61575046500552,en,0.23153582215309143,0.09694742411375046,0.030167117714881897,0.29999780654907227
6,61575088062953,it,0.21226125955581665,0.09745029360055923,0.030012384057044983,0.29997020959854126
6,61574128582078,en,0.24916453659534454,0.07587206363677979,0.03195302188396454,0.2999981641769409
6,61575532618099,en,0.23797765374183655,0.09295829385519028,0.030197903513908386,0.2999986708164215
6,61575460005891,it,0.2515684962272644,0.0695270299911499,0.033637627959251404,0.2999773919582367
6,61574752002783,en,0.23910440504550934,0.0918484479188919,0.030048370361328125,0.29999905824661255
6,61574963854572,en,0.18293297290802002,0.11051154881715775,0.030116915702819824,0.2999982237815857
6,61575134907982,it,0.2391745001077652,0.08187057822942734,0.03387811779975891,0.2999926805496216
6,61574725486505,en,0.25397637486457825,0.07375389337539673,0.032968178391456604,0.29999876022338867
6,61575782391589,en,0.24349282681941986,0.08032054454088211,0.0390925407409668,0.2999988794326782
6,61573815667956,it,0.203445702791214,0.10190963000059128,0.030004099011421204,0.2999713122844696
6,61575682345613,fr,0.21297219395637512,0.09983779489994049,0.03004877269268036,0.29999667406082153
6,61575308947711,hi,0.21684794127941132,0.10069004446268082,0.03099207580089569,0.2999991178512573
6,61575133420619,hi,0.23464088141918182,0.09126172214746475,0.030056893825531006,0.2999989986419678
6,61575179138929,en,0.21883028745651245,0.0957421213388443,0.03002236783504486,0.2999979257583618
6,61575262936745,pt,0.19755876064300537,0.10131984949111938,0.03144325315952301,0.2999982237815857
6,61575302234656,pt,0.22604766488075256,0.08285941183567047,0.03117378056049347,0.2999977469444275
6,61575282129145,pt,0.22911888360977173,0.09248103946447372,0.03144039213657379,0.29999589920043945
6,61575144555723,pt,0.20706024765968323,0.10318154841661453,0.030033797025680542,0.2999807596206665
6,61575147357302,it,0.21639709174633026,0.10027339309453964,0.03021998703479767,0.2999970316886902
6,61574928787493,it,0.22986634075641632,0.09033557027578354,0.030953645706176758,0.2999889850616455
6,61575324090992,en,0.23895637691020966,0.08311355113983154,0.03133344650268555,0.2999941110610962
6,61575134935995,hi,0.23475541174411774,0.09108875691890717,0.030223146080970764,0.29999712109565735
6,61575180414410,it,0.24997539818286896,0.07659810036420822,0.03307640552520752,0.29999712109565735
6,61575005164655,it,0.2324511855840683,0.0923108384013176,0.030041471123695374,0.2999967038631439
6,61575570054989,hi,0.1856314241886139,0.1108991876244545,0.030033767223358154,0.2999981641769409
6,61573191954824,pt,0.24513770639896393,0.08109728246927261,0.033888429403305054,0.29999852180480957
6,61573587415133,en,0.24474209547042847,0.08324433863162994,0.032281890511512756,0.2999974191188812
6,61575732533301,pt,0.20964716374874115,0.10508793592453003,0.03000316023826599,0.29999396204948425
6,61575140786572,en,0.25440049171447754,0.07993341982364655,0.03051222860813141,0.2999991774559021
6,61575025108897,en,0.22383853793144226,0.09559033811092377,0.030057743191719055,0.29999080300331116
6,61573433221729,fr,0.2105293571949005,0.10274863243103027,0.031085044145584106,0.29999542236328125
6,61573596774794,pt,0.23321649432182312,0.09368202090263367,0.030914053320884705,0.29999858140945435
6,61575556914293,hi,0.24109430611133575,0.09211853891611099,0.03002101182937622,0.2999986410140991
6,61575312817624,pt,0.2343507707118988,0.08809109777212143,0.031079351902008057,0.2999975383281708
6,61573167969034,fr,0.24700486660003662,0.0688432902097702,0.03476019203662872,0.2999986410140991
6,61574921438928,en,0.2739676237106323,0.05186057090759277,0.04052764177322388,0.29999840259552
6,61575125876415,en,0.2110271453857422,0.10100182145833969,0.031136035919189453,0.2999922037124634
6,61575152979706,hi,0.21953293681144714,0.10186220705509186,0.030046209692955017,0.29999834299087524
6,61575091678915,pt,0.19889789819717407,0.10569284856319427,0.030168667435646057,0.29999032616615295
6,61575220722146,en,0.24415968358516693,0.0882086232304573,0.031441688537597656,0.299996942281723
6,61575829680247,it,0.24853992462158203,0.0761624351143837,0.03458932042121887,0.29999876022338867
6,61575138623198,en,0.26612094044685364,0.06126904487609863,0.03311128914356232,0.29999855160713196
6,61575306397643,pt,0.1675736904144287,0.10703671723604202,0.03000780940055847,0.299986869096756
6,61575849294548,pt,0.18527494370937347,0.10665633529424667,0.03001117706298828,0.2999972105026245
6,61574855530567,en,0.2404455840587616,0.09599609673023224,0.03029845654964447,0.29999613761901855
6,61575189890579,en,0.2190249115228653,0.09594427794218063,0.031595826148986816,0.29999879002571106
6,61574100204041,it,0.22398275136947632,0.09709519147872925,0.030988842248916626,0.2999982237815857
6,61575074909869,pt,0.22199168801307678,0.09527543187141418,0.031107574701309204,0.2999923825263977
6,61575059787159,en,0.20860160887241364,0.10186656564474106,0.030854925513267517,0.2999921441078186
6,61575126533596,en,0.2616746425628662,0.0650680735707283,0.03306157886981964,0.29999762773513794
6,61575580080566,it,0.24231202900409698,0.08496002107858658,0.031126856803894043,0.29999876022338867
6,61575232601470,pt,0.18209433555603027,0.10776124894618988,0.0300033837556839,0.2999931275844574
6,61575341466231,hi,0.23400042951107025,0.09304990619421005,0.03145454823970795,0.299996018409729
6,61574785574733,it,0.17154891788959503,0.11407378315925598,0.030003443360328674,0.2999976873397827
6,61575626782963,hi,0.24585312604904175,0.06877860426902771,0.03563140332698822,0.29999715089797974
6,61575117357728,it,0.2125050574541092,0.10366456210613251,0.030003398656845093,0.29999446868896484
6,61572728411956,fr,0.22855578362941742,0.0844259187579155,0.03612160682678223,0.2999992370605469
6,61575005447655,hi,0.192302405834198,0.1049436405301094,0.03057892620563507,0.29998481273651123
6,61574955275865,en,0.253680020570755,0.07064374536275864,0.03622730076313019,0.2999991774559021
6,61575794757479,pt,0.2555962800979614,0.07789195328950882,0.03130944073200226,0.29999399185180664
6,61575226252249,en,0.2501176595687866,0.07383092492818832,0.04243943840265274,0.29999685287475586
6,61575586061241,en,0.24489624798297882,0.08417625725269318,0.030955970287322998,0.2999991476535797
6,61575145166306,en,0.236430361866951,0.09004893153905869,0.03281499445438385,0.2999986708164215
6,61575505107976,hi,0.20321756601333618,0.10458972305059433,0.030416518449783325,0.2999921143054962
6,61575499054322,hi,0.24706482887268066,0.07461386919021606,0.034814342856407166,0.2999984920024872
6,61575323976887,en,0.24325168132781982,0.0818699449300766,0.03240051865577698,0.2999894618988037
6,61575152565446,it,0.21305102109909058,0.09533751010894775,0.031969621777534485,0.2999982237815857
6,61575755242672,en,0.23874032497406006,0.09411775320768356,0.030062824487686157,0.29999902844429016
6,61575187598053,en,0.24343526363372803,0.08887218683958054,0.0326816588640213,0.2999986410140991
6,61575061559762,en,0.25021687150001526,0.08100201934576035,0.030264168977737427,0.2999989986419678
6,61575533882644,pt,0.21481497585773468,0.09737293422222137,0.030445381999015808,0.29999786615371704
6,61575494740784,pt,0.20421947538852692,0.10873497277498245,0.03005695343017578,0.2999805808067322
6,61575689515528,en,0.21114854514598846,0.10388589650392532,0.03007204830646515,0.2999842166900635
6,61575061077037,hi,0.22155293822288513,0.1012469157576561,0.030021846294403076,0.299998015165329
6,61575169856226,fr,0.20677582919597626,0.10210438072681427,0.03012460470199585,0.299996942281723
6,61575169251615,en,0.19581282138824463,0.11339826881885529,0.03002104163169861,0.2999987006187439
6,61574733946017,en,0.24765975773334503,0.08463878184556961,0.030026599764823914,0.2999991178512573
6,61574883069816,it,0.2141038179397583,0.10731374472379684,0.03023494780063629,0.29999035596847534
6,61575549901920,pt,0.21285928785800934,0.10288229584693909,0.030001923441886902,0.29998958110809326
6,61575122184024,en,0.24268107116222382,0.08194242417812347,0.03606359660625458,0.2999991476535797
6,61573508699440,en,0.2067306935787201,0.10576464980840683,0.030052751302719116,0.2999868392944336
6,61575541172249,it,0.21222421526908875,0.10826646536588669,0.030144229531288147,0.29999250173568726
6,61575537956540,en,0.2476799637079239,0.08728884160518646,0.03154844045639038,0.2999991476535797
6,61575259760425,it,0.20305024087429047,0.11000020802021027,0.03002259135246277,0.29999738931655884
6,61573175695316,en,0.2595367431640625,0.07285908609628677,0.031214848160743713,0.2999982535839081
6,61574775281781,en,0.2347157597541809,0.09055598825216293,0.03384894132614136,0.2999979853630066
6,61574855051268,fr,0.2146655023097992,0.09746183454990387,0.030108138918876648,0.299996554851532
6,61575016052070,en,0.27088457345962524,0.05475074425339699,0.037202075123786926,0.2999991774559021
6,61575716045581,en,0.2533622682094574,0.07554738968610764,0.03317354619503021,0.29999879002571106
6,61574832908862,en,0.19271628558635712,0.10730528831481934,0.03092561662197113,0.2999986708164215
6,61575636999621,hi,0.1850733906030655,0.10832430422306061,0.030068770051002502,0.29999202489852905
6,61575069571460,fr,0.2486785650253296,0.07833147794008255,0.03731738030910492,0.2999986410140991
6,61575554348076,it,0.2380986362695694,0.08887406438589096,0.030410170555114746,0.2999963164329529
6,61573358494546,fr,0.22833195328712463,0.08962634950876236,0.031377553939819336,0.2999979257583618
6,61575074773964,hi,0.2405233085155487,0.0860254168510437,0.0315592885017395,0.29999786615371704
6,61575494246952,hi,0.2238486111164093,0.09967086464166641,0.03001748025417328,0.29999831318855286
6,61574815482213,en,0.20689867436885834,0.10429415851831436,0.030017241835594177,0.2999988794326782
6,61575252370580,pt,0.20893117785453796,0.09309761971235275,0.03260165452957153,0.2999645471572876
6,61575770758381,pt,0.2302871197462082,0.09145081788301468,0.03197227418422699,0.29999807476997375
6,61575680875975,fr,0.22783148288726807,0.09380345791578293,0.030168265104293823,0.29999691247940063
6,61575085619309,it,0.22615402936935425,0.09242676198482513,0.030484065413475037,0.2999962568283081
6,61574737216943,it,0.23382899165153503,0.08313854783773422,0.03256434202194214,0.29999303817749023
6,61572939577297,en,0.2499193698167801,0.08517303317785263,0.031326308846473694,0.29999861121177673
6,61575031471293,en,0.237350195646286,0.08381110429763794,0.034345000982284546,0.2999894618988037
6,61575654807398,fr,0.2722400724887848,0.05178415775299072,0.06272438168525696,0.29999905824661255
6,61575226372155,it,0.23316437005996704,0.08924788236618042,0.035529106855392456,0.29999661445617676
6,61575260650253,en,0.23454253375530243,0.08619328588247299,0.03190033137798309,0.2999970614910126
6,61574942256705,it,0.19266466796398163,0.10300100594758987,0.030641943216323853,0.29999446868896484
6,61574798804240,hi,0.20976781845092773,0.10793833434581757,0.03004765510559082,0.29999595880508423
6,61575755039100,pt,0.16572292149066925,0.11109678447246552,0.030035555362701416,0.2999677062034607
6,61575119906899,fr,0.20978376269340515,0.09652320295572281,0.030483275651931763,0.29999876022338867
6,61575751049240,pt,0.22488050162792206,0.09494882076978683,0.030043110251426697,0.29999658465385437
6,61574996507842,hi,0.21888509392738342,0.09073600172996521,0.03227318823337555,0.2999948263168335
6,61572643031348,pt,0.2468535453081131,0.08085706830024719,0.03229333460330963,0.29999855160713196
6,61575532832693,en,0.19057606160640717,0.11292978376150131,0.03001551330089569,0.2999967336654663
6,61575075284018,hi,0.20115047693252563,0.09993073344230652,0.03067333996295929,0.29999619722366333
6,61575122567285,fr,0.21565037965774536,0.1057261973619461,0.030039146542549133,0.2999976575374603
6,61573003997283,fr,0.21487195789813995,0.09691239148378372,0.030992582440376282,0.299996554851532
6,61575304682136,hi,0.2422637641429901,0.07538633793592453,0.030963346362113953,0.29999902844429016
6,61575207594362,fr,0.25640004873275757,0.07431583851575851,0.03126135468482971,0.29999902844429016
6,61574865641861,it,0.253415048122406,0.07118652015924454,0.03926604986190796,0.29999542236328125
6,61574923117609,hi,0.21498779952526093,0.0990658849477768,0.030206844210624695,0.29999834299087524
6,61575148359774,en,0.23383104801177979,0.0964793711900711,0.030221104621887207,0.2999989986419678
6,61574785483945,fr,0.1913340836763382,0.10793203860521317,0.030330657958984375,0.29999762773513794
6,61574997930238,en,0.23385381698608398,0.09363579750061035,0.03148713707923889,0.29999876022338867
6,61575796370877,it,0.20221617817878723,0.10751070082187653,0.03003019094467163,0.2999866008758545
6,61575187214281,it,0.23445919156074524,0.08886489272117615,0.03151191771030426,0.2999984622001648
6,61574977866022,en,0.23356060683727264,0.08989162743091583,0.030621260404586792,0.29999813437461853
6,61575161785561,pt,0.21029260754585266,0.10310672968626022,0.030024856328964233,0.29999470710754395
6,61575236435207,hi,0.2384813129901886,0.09394468367099762,0.031001493334770203,0.2999984323978424
6,61575769203176,hi,0.1978880614042282,0.10430529713630676,0.03005698323249817,0.2999952435493469
6,61575305648078,it,0.22816865146160126,0.09865649789571762,0.03003762662410736,0.29999542236328125
6,61574760582067,en,0.25993943214416504,0.07783623039722443,0.03051672875881195,0.29999840259552
6,61575129328475,it,0.2324221432209015,0.09075898677110672,0.032012030482292175,0.2999928593635559
6,61573536988081,fr,0.22184990346431732,0.09758932888507843,0.030284211039543152,0.2999988794326782
6,61573216118266,it,0.23211197555065155,0.09036626666784286,0.03150193393230438,0.29999715089797974
6,61575633442519,hi,0.21033401787281036,0.09483083337545395,0.030009165406227112,0.2999882698059082
6,61575221512411,hi,0.24488502740859985,0.07767177373170853,0.03219437599182129,0.29998642206192017
6,61575100647735,en,0.24429376423358917,0.08400095254182816,0.03182403743267059,0.2999991774559021
6,61574922094244,en,0.2609107494354248,0.06496140360832214,0.03290534019470215,0.2999975085258484
6,61575555567384,fr,0.18333552777767181,0.10666421800851822,0.03003336489200592,0.29999756813049316
6,61573042665508,fr,0.2371615767478943,0.08724178373813629,0.032116323709487915,0.2999989688396454
6,61575502108193,en,0.23783692717552185,0.09515073150396347,0.030363112688064575,0.29999858140945435
6,61575484211181,pt,0.18872056901454926,0.11456047743558884,0.030023276805877686,0.29999834299087524
6,61575317113475,pt,0.21566607058048248,0.09677869826555252,0.03016139566898346,0.29999610781669617
6,61575165415117,fr,0.21582752466201782,0.09692927449941635,0.030107855796813965,0.29999840259552
6,61575603778005,it,0.24202860891819,0.08566600829362869,0.030651047825813293,0.2999960780143738
6,61575160987799,hi,0.22175201773643494,0.10273129492998123,0.030238837003707886,0.29999402165412903
6,61575123447467,fr,0.19492802023887634,0.10593069344758987,0.03000745177268982,0.2999972999095917
6,61575667346713,en,0.21667681634426117,0.10057438164949417,0.030128777027130127,0.2999979257583618
6,61575632169437,fr,0.243657648563385,0.0847255140542984,0.030423223972320557,0.29999226331710815
6,61574928127303,pt,0.19774581491947174,0.10716947168111801,0.030108943581581116,0.29999834299087524
6,61575289802878,en,0.24949774146080017,0.07626800239086151,0.03411319851875305,0.2999951243400574
6,61575200353453,it,0.23209087550640106,0.09280049055814743,0.03129051625728607,0.2999873757362366
6,61574764455076,it,0.22395943105220795,0.09819801896810532,0.030287086963653564,0.2999916672706604
6,61575731693479,en,0.2153719663619995,0.09864479303359985,0.030049428343772888,0.2999984622001648
6,61575049741188,fr,0.21694037318229675,0.09084127843379974,0.030336633324623108,0.299993634223938
6,61575145346143,pt,0.22975219786167145,0.08828239142894745,0.03306126594543457,0.29999715089797974
6,61574796344244,pt,0.18842248618602753,0.10763560980558395,0.030183330178260803,0.29999786615371704
6,61575786231324,hi,0.22076858580112457,0.09837111830711365,0.030024975538253784,0.29999786615371704
6,61575534002323,en,0.2585008442401886,0.0677051916718483,0.03852972388267517,0.2999987006187439
6,61575621419066,hi,0.2371492087841034,0.09196661412715912,0.03027653694152832,0.2999977171421051
6,61575191863415,hi,0.2152155637741089,0.09466128051280975,0.0301884263753891,0.2999988794326782
6,61575196823636,pt,0.2190287709236145,0.10414810478687286,0.030073702335357666,0.29999804496765137
6,61574940548040,fr,0.27286458015441895,0.052862465381622314,0.03937263786792755,0.29999780654907227
6,61574768265684,hi,0.21288809180259705,0.10214707255363464,0.03004951775074005,0.29997682571411133
6,61575557971497,fr,0.20835356414318085,0.09945140033960342,0.030013293027877808,0.29999813437461853
6,61574674005988,en,0.2215079516172409,0.09815066307783127,0.031665802001953125,0.29999858140945435
6,61575568080955,en,0.2163996696472168,0.09810326248407364,0.03496354818344116,0.29999494552612305
6,61575796940771,en,0.2410927265882492,0.08660197257995605,0.030234485864639282,0.29999852180480957
6,61575212768289,en,0.2734353542327881,0.052409686148166656,0.04298555850982666,0.29999858140945435
6,61575143006497,pt,0.22747407853603363,0.09839295595884323,0.03001074492931366,0.29999327659606934
6,61575070651124,it,0.21535180509090424,0.09845729917287827,0.030007317662239075,0.2999972403049469
6,61575580421441,fr,0.2449869066476822,0.07780691981315613,0.03261512517929077,0.29999595880508423
6,61575274269379,it,0.2555773854255676,0.06863558292388916,0.040807440876960754,0.29999375343322754
6,61574727767195,en,0.22767135500907898,0.09246319532394409,0.03051796555519104,0.29999813437461853
6,61575192170378,en,0.25262293219566345,0.0654323548078537,0.03601931035518646,0.29999858140945435
6,61572954786814,pt,0.2348441779613495,0.07945075631141663,0.034873008728027344,0.2999986410140991
6,61575562736575,en,0.2507769763469696,0.0749925971031189,0.03562226891517639,0.2999991774559021
6,61573212398163,it,0.2517273724079132,0.07855359464883804,0.030230194330215454,0.2999964952468872
6,61575176453944,en,0.22274459898471832,0.09717892855405807,0.031826794147491455,0.2999979555606842
6,61573129617310,hi,0.22624339163303375,0.09933049976825714,0.030099332332611084,0.29999881982803345
6,61575237281286,it,0.21023622155189514,0.09495698660612106,0.03023873269557953,0.2999976873397827
6,61574782514001,en,0.25602972507476807,0.06963089108467102,0.033463358879089355,0.29999780654907227
6,61575162475372,pt,0.22025802731513977,0.0976567193865776,0.030490636825561523,0.2999977469444275
6,61575277305874,pt,0.22252106666564941,0.0939515084028244,0.03002224862575531,0.29999804496765137
6,61573496429300,fr,0.20958180725574493,0.10108838230371475,0.030032247304916382,0.2999874949455261
6,61574810979559,en,0.22257013618946075,0.09946731477975845,0.030009940266609192,0.2999974489212036
6,61575624382959,en,0.20725899934768677,0.10932429879903793,0.0303298681974411,0.2999982535839081
6,61575307694452,pt,0.23884251713752747,0.08340046554803848,0.03052641451358795,0.2999873757362366
6,61575025023617,pt,0.17840757966041565,0.10145046561956406,0.030135855078697205,0.2999641001224518
6,61575621478987,pt,0.2170916050672531,0.10145606845617294,0.030177608132362366,0.29999664425849915
6,61575714924287,en,0.23451782763004303,0.09322291612625122,0.03083653748035431,0.2999976575374603
6,61574946005614,en,0.24518722295761108,0.08438970893621445,0.03011903166770935,0.2999979853630066
6,61575707904529,en,0.2404816895723343,0.09167277812957764,0.030647307634353638,0.2999986708164215
6,61575567781112,pt,0.1949213445186615,0.09898447245359421,0.03075750172138214,0.2999955415725708
6,61575422729180,en,0.23628175258636475,0.08709908276796341,0.031004637479782104,0.29999762773513794
6,61574991695405,en,0.2124190628528595,0.10729025304317474,0.030381634831428528,0.2999942898750305
6,61574951432810,en,0.2707095146179199,0.05265631526708603,0.0615277960896492,0.2999987304210663
6,61574890779488,pt,0.2181946039199829,0.09634878486394882,0.0316445529460907,0.29993849992752075
6,61575728765062,hi,0.20781439542770386,0.09919600933790207,0.030545935034751892,0.2999986410140991
6,61575214852696,pt,0.2570295035839081,0.07143734395503998,0.036717504262924194,0.2999988794326782
6,61573053375071,fr,0.21481575071811676,0.09745028614997864,0.031639039516448975,0.2999986410140991
6,61573380245557,it,0.18122056126594543,0.10595151036977768,0.030001088976860046,0.2999970316886902
6,61574978944598,pt,0.2500974237918854,0.07996022701263428,0.030834123492240906,0.2999969720840454
6,61575606263930,en,0.21679070591926575,0.09851342439651489,0.031208395957946777,0.2999964952468872
6,61575147567358,fr,0.22322717308998108,0.09894123673439026,0.030139446258544922,0.2999977469444275
6,61575717804104,en,0.23502738773822784,0.0854373425245285,0.03082212805747986,0.2999976873397827
6,61572914558646,pt,0.18009987473487854,0.11044926196336746,0.03001590073108673,0.29999810457229614
6,61573902003588,it,0.20709891617298126,0.10016831755638123,0.03009122610092163,0.29999834299087524
6,61575235145623,en,0.23267611861228943,0.08813376724720001,0.03237470984458923,0.29999786615371704
6,61575057779980,en,0.25890040397644043,0.06798058748245239,0.0414060577750206,0.29999908804893494
6,61575514233503,en,0.2391706109046936,0.07773081213235855,0.03504610061645508,0.2999076545238495
6,61575806960249,hi,0.23063161969184875,0.08574575185775757,0.03429055213928223,0.2999804615974426
6,61575203154702,it,0.244050070643425,0.0790746659040451,0.03179256618022919,0.29999786615371704
6,61575168338780,hi,0.2526264786720276,0.07403898239135742,0.03207641839981079,0.299964964389801
6,61575095755348,en,0.2311113178730011,0.094666488468647,0.030239403247833252,0.299998939037323
6,61574935477073,pt,0.21056170761585236,0.11080075055360794,0.03007298707962036,0.29999834299087524
6,61572882850263,en,0.25752171874046326,0.06925144046545029,0.03339727222919464,0.29999828338623047
6,61575618485389,pt,0.2078307420015335,0.10819441825151443,0.030042394995689392,0.29999858140945435
6,61574831978505,en,0.2550342082977295,0.07745732367038727,0.031464070081710815,0.2999986410140991
6,61575156865865,fr,0.21827425062656403,0.09655148535966873,0.03003886342048645,0.29999858140945435
6,61575054840889,hi,0.21348659694194794,0.10511556267738342,0.030005469918251038,0.299998015165329
6,61575625025576,pt,0.2530178427696228,0.07306226342916489,0.03287719190120697,0.29999834299087524
6,61573590145100,pt,0.22205421328544617,0.10125860571861267,0.030094757676124573,0.2999977469444275
6,61575003572712,hi,0.2591308057308197,0.06137939915060997,0.038805797696113586,0.29999685287475586
6,61575140242986,en,0.21367202699184418,0.0966431125998497,0.030246734619140625,0.29999837279319763
6,61575061680510,it,0.1864563226699829,0.10171686112880707,0.030370697379112244,0.29999157786369324
6,61575575574825,pt,0.23543862998485565,0.08812917023897171,0.03201974928379059,0.29999321699142456
6,61575128956704,it,0.22887344658374786,0.08743645250797272,0.030077427625656128,0.2999970316886902
6,61575676166192,en,0.25125548243522644,0.07584256678819656,0.033041879534721375,0.2999988794326782
6,61575600087094,hi,0.2117922455072403,0.09082391858100891,0.03197745978832245,0.2999361753463745
6,61575039211521,pt,0.20976075530052185,0.10714138299226761,0.030009374022483826,0.29999011754989624
6,61573509419161,fr,0.2236751914024353,0.09379921108484268,0.03009997308254242,0.29999858140945435
6,61575787832729,en,0.2605407238006592,0.06425856053829193,0.04942406713962555,0.2999948263168335
6,61572806113212,en,0.23839333653450012,0.0958433598279953,0.030016183853149414,0.29999735951423645
6,61574996550205,en,0.2685813307762146,0.05600143224000931,0.04253331571817398,0.2999984622001648
6,61575686485825,fr,0.22429920732975006,0.0961683914065361,0.030181631445884705,0.29998376965522766
6,61575337302838,pt,0.25735658407211304,0.06554950773715973,0.036060601472854614,0.29999417066574097
6,61575183980808,en,0.24049068987369537,0.08899465948343277,0.030255258083343506,0.2999989092350006
6,61575080220981,en,0.23915919661521912,0.07990484684705734,0.038116008043289185,0.2999970614910126
6,61575209213090,fr,0.2341572493314743,0.09102416038513184,0.032416388392448425,0.29999735951423645
6,61575197780172,en,0.2049623727798462,0.09299589693546295,0.03643570840358734,0.2999967932701111
6,61575028442180,fr,0.1975591778755188,0.11445591598749161,0.03002546727657318,0.29999709129333496
6,61575248000254,en,0.26022815704345703,0.06898151338100433,0.038437068462371826,0.29999786615371704
6,61574651897378,en,0.25708580017089844,0.0717344582080841,0.03242526948451996,0.29999881982803345
6,61575084119219,en,0.22535845637321472,0.10254523158073425,0.03000219166278839,0.2999991178512573
6,61575202535455,hi,0.22907517850399017,0.09961720556020737,0.03005930781364441,0.2999977469444275
6,61575224736246,en,0.2254374772310257,0.09820105135440826,0.030394941568374634,0.2999975085258484
6,61573079190124,pt,0.2170267552137375,0.10461785644292831,0.03002619743347168,0.29999563097953796
6,61575011283063,it,0.23624034225940704,0.08316537737846375,0.03711438179016113,0.2999896705150604
6,61575112227227,en,0.2523491084575653,0.0673588439822197,0.03916528820991516,0.2999817728996277
6,61575953244525,hi,0.2306511402130127,0.10116848349571228,0.030019357800483704,0.2999975085258484
6,61575587711344,it,0.21941496431827545,0.09216738492250443,0.03410717844963074,0.29999101161956787
6,61575152395919,it,0.21761184930801392,0.09997318685054779,0.030013173818588257,0.2999986410140991
6,61575939565143,en,0.23155246675014496,0.08963744342327118,0.030926674604415894,0.2999988794326782
6,61575794367448,pt,0.21516725420951843,0.10344008356332779,0.030239596962928772,0.29999735951423645
6,61574820912289,it,0.23686973750591278,0.09331382811069489,0.030609309673309326,0.29999566078186035
6,61572954306907,pt,0.21720001101493835,0.09484309703111649,0.030610382556915283,0.2999859154224396
6,61575134236693,fr,0.21511687338352203,0.10765627771615982,0.030011534690856934,0.2999987006187439
6,61575307141915,en,0.27795249223709106,0.04671937972307205,0.046327561140060425,0.2999979257583618
6,61575624868902,en,0.17011134326457977,0.11487012356519699,0.03004606068134308,0.29999661445617676
6,61575171116206,fr,0.20261330902576447,0.1019836813211441,0.030040860176086426,0.29995402693748474
6,61575215922342,hi,0.2116895318031311,0.10876660794019699,0.030032113194465637,0.29999682307243347
6,61575106794786,en,0.23214901983737946,0.08847157657146454,0.03185233473777771,0.29999613761901855
6,61575519009521,pt,0.16342493891716003,0.1004970595240593,0.03259049355983734,0.29998815059661865
6,61574835341215,fr,0.20916883647441864,0.10236047208309174,0.0301315039396286,0.2999950647354126
6,61575263014083,en,0.1564577966928482,0.11936648935079575,0.03000377118587494,0.29999470710754395
6,61575578274585,en,0.19075658917427063,0.10584837943315506,0.030040696263313293,0.29999715089797974
6,61574078395311,it,0.2135244607925415,0.10771099478006363,0.030042976140975952,0.2999977469444275
6,61575100662412,en,0.23041203618049622,0.08912807703018188,0.03661416471004486,0.29999491572380066
6,61574829698864,en,0.20506995916366577,0.10797032713890076,0.030166536569595337,0.2999955117702484
6,61574071554987,it,0.23168717324733734,0.09295868128538132,0.030237242579460144,0.29999834299087524
6,61573941970022,it,0.2321147620677948,0.09313955157995224,0.03014431893825531,0.29999011754989624
6,61575721133931,fr,0.2299908995628357,0.09405229240655899,0.03060203790664673,0.29999664425849915
6,61573071750653,fr,0.255503386259079,0.065299391746521,0.03777123987674713,0.2999976575374603
6,61575036691879,fr,0.192651629447937,0.09817910194396973,0.030070483684539795,0.29999154806137085
6,61575642477991,hi,0.23994038999080658,0.08666553348302841,0.03031948208808899,0.2999987006187439
6,61574082594447,it,0.24418513476848602,0.08611823618412018,0.031905531883239746,0.29998791217803955
6,61575024899211,en,0.2521570324897766,0.07232880592346191,0.03763461112976074,0.29999834299087524
6,61574787854878,pt,0.26319703459739685,0.06450947374105453,0.04105265438556671,0.2999986410140991
6,61574724947307,it,0.23356075584888458,0.09319306164979935,0.031369686126708984,0.299995481967926
6,61573090242830,en,0.2509230375289917,0.07515562325716019,0.036944299936294556,0.2999870777130127
6,61575552061888,pt,0.18669618666172028,0.10750235617160797,0.030132725834846497,0.2999987006187439
6,61574769614945,en,0.24842950701713562,0.07736748456954956,0.03878277540206909,0.2999937832355499
6,61575248771116,en,0.24053600430488586,0.07882167398929596,0.03608216345310211,0.2999989986419678
7,61574934126943,pt,0.19412843883037567,0.11233517527580261,0.030001655220985413,0.2999972105026245
7,61575691375427,fr,0.23094849288463593,0.09178481996059418,0.032240986824035645,0.29999691247940063
7,61575485818749,hi,0.22600433230400085,0.09992734342813492,0.030059441924095154,0.29999876022338867
7,61574816892552,pt,0.1754889041185379,0.11067625135183334,0.030887454748153687,0.2999694347381592
7,61574075455618,it,0.23204584419727325,0.09757622331380844,0.030001476407051086,0.29999783635139465
7,61575459945486,fr,0.21299654245376587,0.10102023929357529,0.03000257909297943,0.2999989986419678
7,61574981251318,en,0.2360808402299881,0.09169650077819824,0.030240371823310852,0.2999987006187439
7,61575731069908,it,0.23476214706897736,0.09048906713724136,0.030039921402931213,0.29999732971191406
7,61574875659187,hi,0.23886941373348236,0.09116960316896439,0.030168652534484863,0.2999974489212036
7,61574801413926,fr,0.21583117544651031,0.09903789311647415,0.030063778162002563,0.29999852180480957
7,61575146115727,en,0.22491516172885895,0.09605773538351059,0.030845075845718384,0.29999786615371704
7,61573204057105,pt,0.23510512709617615,0.08554723858833313,0.032873377203941345,0.29999709129333496
7,61573089179589,en,0.21677473187446594,0.10077577084302902,0.030183270573616028,0.2999957501888275
7,61574905567721,en,0.19129495322704315,0.10947726666927338,0.030028730630874634,0.29999592900276184
7,61574951645380,en,0.2365064024925232,0.08454255014657974,0.03334292769432068,0.29999667406082153
7,61574784704159,en,0.25448060035705566,0.077200748026371,0.03183096647262573,0.2999984920024872
7,61575176273985,fr,0.20374062657356262,0.10034343600273132,0.030526280403137207,0.2999837398529053
7,61574760312216,en,0.2505218982696533,0.08006825298070908,0.030298396944999695,0.29999780654907227
7,61575685105868,hi,0.22842290997505188,0.09472475200891495,0.03006148338317871,0.2999967336654663
7,61575670886568,hi,0.2216009646654129,0.09782180935144424,0.030134722590446472,0.2999967336654663
7,61575164631789,en,0.24573156237602234,0.08473820239305496,0.03302967548370361,0.2999986410140991
7,61575208087101,hi,0.2126322239637375,0.1001015156507492,0.030037909746170044,0.29999881982803345
7,61575843929653,en,0.1960950791835785,0.11255156993865967,0.030020833015441895,0.29999688267707825
7,61575206423273,hi,0.23767513036727905,0.082322858273983,0.035672158002853394,0.29999592900276184
7,61572994007723,fr,0.19675523042678833,0.10383610427379608,0.030068978667259216,0.29999879002571106
7,61575207732884,en,0.2533494532108307,0.07811670750379562,0.03837957978248596,0.2999945282936096
7,61575184700780,en,0.2735878527164459,0.05592387169599533,0.039940059185028076,0.2999988794326782
7,61574992560566,hi,0.23782311379909515,0.09009487181901932,0.030012086033821106,0.29999756813049316
7,61573566207733,fr,0.2014055699110031,0.10302066057920456,0.03044077754020691,0.2999989092350006
7,61575283718902,en,0.26677414774894714,0.0593988336622715,0.03612546622753143,0.29999715089797974
7,61574821569203,en,0.2243305742740631,0.09296978265047073,0.031326696276664734,0.2999989986419678
7,61575240461266,pt,0.1957511156797409,0.09910522401332855,0.030002593994140625,0.2999984622001648
7,61575616199388,hi,0.23394113779067993,0.0919095054268837,0.030041247606277466,0.29999828338623047
7,61574709227973,pt,0.16305387020111084,0.1077050119638443,0.030017659068107605,0.299996942281723
7,61574889725701,en,0.2266852855682373,0.09974753111600876,0.03034195303916931,0.2999986708164215
7,61575850974558,it,0.191499724984169,0.10997799038887024,0.030009031295776367,0.29999783635139465
7,61575303902251,en,0.23877398669719696,0.08762140572071075,0.030016213655471802,0.29999181628227234
7,61574689937883,fr,0.22570136189460754,0.0958261489868164,0.03125089406967163,0.2999975085258484
7,61575625918798,fr,0.19713632762432098,0.11193361133337021,0.03000590205192566,0.29999279975891113
7,61575159445487,pt,0.22832702100276947,0.0869220495223999,0.030335575342178345,0.29999542236328125
7,61575245441106,en,0.23724265396595,0.09078547358512878,0.0303887277841568,0.29999715089797974
7,61575530402770,en,0.2568487823009491,0.07194527983665466,0.03567655384540558,0.2999991774559021
7,61575449674736,fr,0.217687726020813,0.09797807782888412,0.03088413178920746,0.2999986708164215
7,61575677426201,en,0.19906485080718994,0.10543348640203476,0.03041699528694153,0.2999979555606842
7,61575220672434,fr,0.23992903530597687,0.0801914632320404,0.031825676560401917,0.29996973276138306
7,61575207112351,en,0.22277450561523438,0.10178396105766296,0.030098959803581238,0.2999942898750305
7,61575689365656,it,0.23932777345180511,0.07988602668046951,0.0316658616065979,0.2999956011772156
7,61575314851612,en,0.2285388857126236,0.09777846187353134,0.030165240168571472,0.29999762773513794
7,61575849234543,pt,0.2357906997203827,0.08663962781429291,0.03168526291847229,0.29996055364608765
7,61573389545206,it,0.22270072996616364,0.09227433800697327,0.030709609389305115,0.29999640583992004
7,61575147806028,pt,0.23484854400157928,0.08140844106674194,0.033974602818489075,0.2999969720840454
7,61575284104535,en,0.26650816202163696,0.06062448397278786,0.04218325763940811,0.29999837279319763
7,61575114161642,hi,0.23957161605358124,0.09642104059457779,0.03008316457271576,0.29999831318855286
7,61575635698445,pt,0.21522413194179535,0.09534987807273865,0.030009880661964417,0.29998981952667236
7,61574793554229,it,0.23324525356292725,0.09067768603563309,0.03012557327747345,0.29999876022338867
7,61573072801000,fr,0.19635161757469177,0.10342451184988022,0.030063599348068237,0.299984335899353
7,61575509307728,hi,0.2365027815103531,0.08853959292173386,0.030324235558509827,0.2999976575374603
7,61575227003442,it,0.22351528704166412,0.09601614624261856,0.030963599681854248,0.29999664425849915
7,61575051841154,it,0.23957261443138123,0.07955571264028549,0.03125491738319397,0.2999933660030365
7,61575829405493,it,0.2674303948879242,0.05804448202252388,0.048596322536468506,0.29999661445617676
7,61575356045890,it,0.20268221199512482,0.10992543399333954,0.03001430630683899,0.2999963164329529
7,61574994845337,en,0.2133028507232666,0.10386621952056885,0.030034705996513367,0.2999974489212036
7,61574977474091,en,0.22290661931037903,0.09445265680551529,0.031639859080314636,0.2999986410140991
7,61575678336895,fr,0.23116028308868408,0.09758872538805008,0.03001321852207184,0.2999972701072693
7,61574817464063,en,0.27385565638542175,0.052689362317323685,0.0427393838763237,0.29999807476997375
7,61574663866130,en,0.2396029531955719,0.07489951699972153,0.03965026140213013,0.29999840259552
7,61575186265522,en,0.2617242932319641,0.06935437768697739,0.030120670795440674,0.299998939037323
7,61575243311101,it,0.22381848096847534,0.0915837362408638,0.03019450604915619,0.2999892830848694
7,61575821610647,hi,0.2163972109556198,0.09426456689834595,0.031321704387664795,0.2999958395957947
7,61575111327419,en,0.24990390241146088,0.07906005531549454,0.030735507607460022,0.29999852180480957
7,61575778203150,en,0.20501187443733215,0.1078621968626976,0.03000752627849579,0.2999984622001648
7,61573399053277,en,0.2846197783946991,0.034535001963377,0.12374900281429291,0.2999984920024872
7,61574865220091,en,0.24365651607513428,0.08705689758062363,0.030116423964500427,0.2999989986419678
7,61574999765096,fr,0.21660268306732178,0.09794235229492188,0.030144229531288147,0.29999876022338867
7,61575046500552,en,0.23992066085338593,0.08660879731178284,0.034118831157684326,0.29999759793281555
7,61575088062953,it,0.21064594388008118,0.09971220046281815,0.030011937022209167,0.29997754096984863
7,61574128582078,en,0.2606333792209625,0.06855431199073792,0.032390132546424866,0.2999987006187439
7,61575532618099,en,0.246482715010643,0.08417385071516037,0.032061606645584106,0.299998939037323
7,61575460005891,it,0.2613123953342438,0.06070750206708908,0.035041242837905884,0.29998958110809326
7,61574752002783,en,0.23613859713077545,0.0935257151722908,0.030223265290260315,0.29999884963035583
7,61574963854572,en,0.1812622845172882,0.11112047731876373,0.03024439513683319,0.2999986410140991
7,61575134907982,it,0.2532392144203186,0.07320497184991837,0.036082684993743896,0.2999913692474365
7,61574725486505,en,0.24378366768360138,0.08834978193044662,0.03167527914047241,0.29999905824661255
7,61575782391589,en,0.23506368696689606,0.08950913697481155,0.03280322253704071,0.2999987006187439
7,61573815667956,it,0.20066100358963013,0.10192041099071503,0.030003070831298828,0.29996752738952637
7,61575682345613,fr,0.22306106984615326,0.09554386138916016,0.03003200888633728,0.29999780654907227
7,61575308947711,hi,0.22019486129283905,0.09971295297145844,0.031206995248794556,0.2999992072582245
7,61575133420619,hi,0.22929945588111877,0.09298165887594223,0.03003622591495514,0.2999989986419678
7,61575179138929,en,0.22716067731380463,0.09162300825119019,0.030045703053474426,0.29999813437461853
7,61575262936745,pt,0.19842283427715302,0.10074904561042786,0.03144325315952301,0.2999977469444275
7,61575302234656,pt,0.2287904918193817,0.08151782304048538,0.031345829367637634,0.2999979555606842
7,61575282129145,pt,0.2284194380044937,0.09371168911457062,0.03142575919628143,0.29999569058418274
7,61575144555723,pt,0.20766319334506989,0.10283131152391434,0.030033767223358154,0.29999351501464844
7,61575147357302,it,0.21292591094970703,0.1008308157324791,0.030689314007759094,0.2999964952468872
7,61574928787493,it,0.23430649936199188,0.08950474858283997,0.031055554747581482,0.2999958395957947
7,61575324090992,en,0.2400141954421997,0.0839637741446495,0.03150095045566559,0.29999417066574097
7,61575134935995,hi,0.23191389441490173,0.09346560388803482,0.030141547322273254,0.2999972105026245
7,61575180414410,it,0.2474132627248764,0.08100658655166626,0.03256228566169739,0.29999732971191406
7,61575005164655,it,0.23037981986999512,0.09461501240730286,0.030055850744247437,0.299993097782135
7,61575570054989,hi,0.17779791355133057,0.11160087585449219,0.03002367913722992,0.2999977469444275
7,61573191954824,pt,0.2386292815208435,0.08593297004699707,0.033697694540023804,0.2999982237815857
7,61573587415133,en,0.2509220838546753,0.07934991270303726,0.03192336857318878,0.29999786615371704
7,61575732533301,pt,0.2106064110994339,0.1050436794757843,0.03000164031982422,0.2999923527240753
7,61575140786572,en,0.2445569783449173,0.09010512381792068,0.030135199427604675,0.2999991774559021
7,61575025108897,en,0.22862491011619568,0.09402523934841156,0.03009067475795746,0.2999931871891022
7,61573433221729,fr,0.2097768485546112,0.10239624977111816,0.030967339873313904,0.2999952435493469
7,61573596774794,pt,0.23664087057113647,0.0911594107747078,0.031522661447525024,0.2999981641769409
7,61575556914293,hi,0.23952528834342957,0.09539615362882614,0.03002326190471649,0.299998015165329
7,61575312817624,pt,0.235929474234581,0.08920001983642578,0.03090783953666687,0.29999685287475586
7,61573167969034,fr,0.23968660831451416,0.07791519165039062,0.0323919951915741,0.29999858140945435
7,61574921438928,en,0.27335867285728455,0.05206872150301933,0.038646310567855835,0.29999786615371704
7,61575125876415,en,0.21905812621116638,0.09945254772901535,0.03253331780433655,0.29999440908432007
7,61575152979706,hi,0.22219708561897278,0.10160300135612488,0.030055612325668335,0.2999987006187439
7,61575091678915,pt,0.2066490203142166,0.10266464948654175,0.03046242892742157,0.2999846637248993
7,61575220722146,en,0.2405526340007782,0.09019159525632858,0.030173808336257935,0.29999691247940063
7,61575829680247,it,0.24109910428524017,0.08112024515867233,0.03524021804332733,0.29999858140945435
7,61575138623198,en,0.27124089002609253,0.05698206648230553,0.033008038997650146,0.2999979555606842
7,61575306397643,pt,0.18328122794628143,0.10269049555063248,0.03003375232219696,0.29998767375946045
7,61575849294548,pt,0.17407040297985077,0.10868209600448608,0.030010387301445007,0.2999975085258484
7,61574855530567,en,0.2449035346508026,0.09048010408878326,0.030791759490966797,0.2999958395957947
7,61575189890579,en,0.21771158277988434,0.09526359289884567,0.03138348460197449,0.2999986410140991
7,61574100204041,it,0.2221563309431076,0.0982692614197731,0.03072085976600647,0.29999855160713196
7,61575074909869,pt,0.20121873915195465,0.10573378950357437,0.030267983675003052,0.2999810576438904
7,61575059787159,en,0.21412837505340576,0.09892908483743668,0.031094327569007874,0.2999963164329529
7,61575126533596,en,0.25164535641670227,0.0718638002872467,0.03212824463844299,0.29999780654907227
7,61575580080566,it,0.22786028683185577,0.09481492638587952,0.030616313219070435,0.2999984622001648
7,61575232601470,pt,0.19032177329063416,0.10541581362485886,0.030002698302268982,0.299996554851532
7,61575341466231,hi,0.2365628182888031,0.09091377258300781,0.032881274819374084,0.299996942281723
7,61574785574733,it,0.189887136220932,0.10780451446771622,0.03000865876674652,0.2999984920024872
7,61575626782963,hi,0.24078106880187988,0.07329860329627991,0.033433154225349426,0.2999967932701111
7,61575117357728,it,0.22307199239730835,0.10015479475259781,0.030005663633346558,0.29999595880508423
7,61572728411956,fr,0.232672318816185,0.08356628566980362,0.03628838062286377,0.2999991774559021
7,61575005447655,hi,0.1925189197063446,0.10531564801931381,0.030741378664970398,0.2999790906906128
7,61574955275865,en,0.2588039040565491,0.06581227481365204,0.04303162544965744,0.2999992370605469
7,61575794757479,pt,0.25554221868515015,0.07690747082233429,0.03154782950878143,0.2999955415725708
7,61575226252249,en,0.25432896614074707,0.06697680056095123,0.0369008332490921,0.29999738931655884
7,61575586061241,en,0.23728999495506287,0.08694755285978317,0.03081759810447693,0.2999992370605469
7,61575145166306,en,0.22486045956611633,0.09360114485025406,0.03223170340061188,0.2999988794326782
7,61575505107976,hi,0.19618412852287292,0.10699465125799179,0.03027556836605072,0.2999950051307678
7,61575499054322,hi,0.24720409512519836,0.07860184460878372,0.034062936902046204,0.2999988794326782
7,61575323976887,en,0.262503445148468,0.06335502117872238,0.034105584025382996,0.2999970316886902
7,61575152565446,it,0.20852841436862946,0.0943642109632492,0.03221412003040314,0.2999969720840454
7,61575755242672,en,0.23666474223136902,0.09428311884403229,0.030084222555160522,0.2999991178512573
7,61575187598053,en,0.24445204436779022,0.08609073609113693,0.03260822594165802,0.299998939037323
7,61575061559762,en,0.2542646825313568,0.07849449664354324,0.030703529715538025,0.2999989986419678
7,61575533882644,pt,0.22166313230991364,0.0934886485338211,0.030278369784355164,0.2999957799911499
7,61575494740784,pt,0.2069152146577835,0.10698322206735611,0.0300474613904953,0.2999897003173828
7,61575689515528,en,0.2126549780368805,0.10338009893894196,0.030094310641288757,0.2999882698059082
7,61575061077037,hi,0.22103950381278992,0.10064728558063507,0.03002665936946869,0.29999643564224243
7,61575169856226,fr,0.21681702136993408,0.09629199653863907,0.03007405996322632,0.29999732971191406
7,61575169251615,en,0.20256805419921875,0.11130090802907944,0.03001098334789276,0.2999988794326782
7,61574733946017,en,0.24423986673355103,0.0864974707365036,0.030031293630599976,0.29999905824661255
7,61574883069816,it,0.22314094007015228,0.10305920243263245,0.03045317530632019,0.2999897301197052
7,61575549901920,pt,0.2103174775838852,0.10367880761623383,0.030001863837242126,0.2999936640262604
7,61575122184024,en,0.24443930387496948,0.08099120855331421,0.03416556119918823,0.2999991476535797
7,61573508699440,en,0.20059171319007874,0.11041083186864853,0.03008262813091278,0.2999821603298187
7,61575541172249,it,0.20385286211967468,0.11127350479364395,0.030057251453399658,0.2999912202358246
7,61575537956540,en,0.24504229426383972,0.0886899083852768,0.03016453981399536,0.29999905824661255
7,61575259760425,it,0.19917981326580048,0.10983589291572571,0.03001062572002411,0.29999691247940063
7,61573175695316,en,0.2530127167701721,0.07771459221839905,0.03117796778678894,0.29999786615371704
7,61574775281781,en,0.24249966442584991,0.08444548398256302,0.034240126609802246,0.29999840259552
7,61574855051268,fr,0.2148323506116867,0.098285011947155,0.030101314187049866,0.29999518394470215
7,61575016052070,en,0.26732179522514343,0.05811621621251106,0.036894336342811584,0.2999991178512573
7,61575716045581,en,0.2407240867614746,0.0846911296248436,0.032679006457328796,0.2999989986419678
7,61574832908862,en,0.19998201727867126,0.10536613315343857,0.03140443563461304,0.2999987006187439
7,61575636999621,hi,0.18058259785175323,0.10926708579063416,0.030037224292755127,0.29999011754989624
7,61575069571460,fr,0.26149338483810425,0.06483160704374313,0.040284380316734314,0.29999858140945435
7,61575554348076,it,0.23606787621974945,0.08886103332042694,0.03074564039707184,0.29999417066574097
7,61573358494546,fr,0.21557173132896423,0.09656321257352829,0.031230762600898743,0.2999977767467499
7,61575074773964,hi,0.23686827719211578,0.08677096664905548,0.03140193223953247,0.29999762773513794
7,61575494246952,hi,0.2107476443052292,0.10610105097293854,0.03000253438949585,0.2999981641769409
7,61574815482213,en,0.2235003262758255,0.09703198820352554,0.030133724212646484,0.2999989986419678
7,61575252370580,pt,0.1990414708852768,0.09454481303691864,0.03189277648925781,0.29996374249458313
7,61575770758381,pt,0.2443910390138626,0.07869032770395279,0.033517658710479736,0.29999732971191406
7,61575680875975,fr,0.2230852097272873,0.09406843781471252,0.03010532259941101,0.2999981641769409
7,61575085619309,it,0.23273172974586487,0.08772601932287216,0.03242048621177673,0.29999643564224243
7,61574737216943,it,0.24031460285186768,0.08050403743982315,0.03196823596954346,0.299993634223938
7,61572939577297,en,0.24195052683353424,0.08974476903676987,0.031094565987586975,0.29999840259552
7,61575031471293,en,0.22715534269809723,0.09758739918470383,0.03048330545425415,0.29997676610946655
7,61575654807398,fr,0.27673476934432983,0.04648016393184662,0.055446527898311615,0.2999987006187439
7,61575226372155,it,0.23596887290477753,0.08425195515155792,0.03304918110370636,0.29999661445617676
7,61575260650253,en,0.22624051570892334,0.09346849471330643,0.03201982378959656,0.29999661445617676
7,61574942256705,it,0.20697081089019775,0.09685929119586945,0.030919507145881653,0.2999805212020874
7,61574798804240,hi,0.21442240476608276,0.10686474293470383,0.030034124851226807,0.29999786615371704
7,61575755039100,pt,0.16810409724712372,0.10996874421834946,0.030105426907539368,0.2999759912490845
7,61575119906899,fr,0.19372910261154175,0.10390879213809967,0.030516192317008972,0.29999837279319763
7,61575751049240,pt,0.23607328534126282,0.08732953667640686,0.030041053891181946,0.2999969720840454
7,61574996507842,hi,0.21198560297489166,0.09638766944408417,0.030959606170654297,0.299995481967926
7,61572643031348,pt,0.2443118542432785,0.0830196812748909,0.032193318009376526,0.29999834299087524
7,61575532832693,en,0.19158241152763367,0.11061888188123703,0.03000277280807495,0.29999595880508423
7,61575075284018,hi,0.20983952283859253,0.09906402230262756,0.030385449528694153,0.29999399185180664
7,61575122567285,fr,0.22044721245765686,0.10530830919742584,0.030020996928215027,0.2999972701072693
7,61573003997283,fr,0.23287121951580048,0.08640224486589432,0.03325752913951874,0.29999756813049316
7,61575304682136,hi,0.23738332092761993,0.08642327785491943,0.03010043501853943,0.29999881982803345
7,61575207594362,fr,0.2499346286058426,0.08103958517313004,0.03102777898311615,0.2999991178512573
7,61574865641861,it,0.244739830493927,0.0766703337430954,0.035116538405418396,0.2999938130378723
7,61574923117609,hi,0.22064487636089325,0.09872312843799591,0.03022778034210205,0.2999986410140991
7,61575148359774,en,0.23323644697666168,0.09636179357767105,0.030164092779159546,0.29999879002571106
7,61574785483945,fr,0.1873917132616043,0.10937561094760895,0.03022877871990204,0.2999974489212036
7,61574997930238,en,0.22859719395637512,0.09712346643209457,0.03072914481163025,0.2999982237815857
7,61575796370877,it,0.20171521604061127,0.1083339974284172,0.03004443645477295,0.2999921441078186
7,61575187214281,it,0.2459001988172531,0.08019313216209412,0.03314530849456787,0.29999837279319763
7,61574977866022,en,0.22372691333293915,0.09867607802152634,0.030351847410202026,0.299996554851532
7,61575161785561,pt,0.19996526837348938,0.10508540272712708,0.030011102557182312,0.29999202489852905
7,61575236435207,hi,0.24357640743255615,0.08907835185527802,0.03156439960002899,0.2999986410140991
7,61575769203176,hi,0.20516711473464966,0.10073874145746231,0.03006322681903839,0.2999962568283081
7,61575305648078,it,0.2304314374923706,0.09600266814231873,0.030017957091331482,0.29999738931655884
7,61574760582067,en,0.2623561918735504,0.07428289204835892,0.03143945336341858,0.2999984920024872
7,61575129328475,it,0.21207650005817413,0.10020036995410919,0.03067857027053833,0.29998815059661865
7,61573536988081,fr,0.22393526136875153,0.09650472551584244,0.030355706810951233,0.29999905824661255
7,61573216118266,it,0.23595432937145233,0.08822076767683029,0.031369999051094055,0.29999780654907227
7,61575633442519,hi,0.22452835738658905,0.09009894728660583,0.030078798532485962,0.29999491572380066
7,61575221512411,hi,0.24396096169948578,0.07875243574380875,0.032080307602882385,0.2999924421310425
7,61575100647735,en,0.24291612207889557,0.08363683521747589,0.031294628977775574,0.2999991774559021
7,61574922094244,en,0.2612782120704651,0.06303908675909042,0.03708399832248688,0.29999834299087524
7,61575555567384,fr,0.194620281457901,0.10483786463737488,0.030072003602981567,0.2999979555606842
7,61573042665508,fr,0.2336626946926117,0.08823909610509872,0.03163181245326996,0.2999989986419678
7,61575502108193,en,0.22738277912139893,0.10094213485717773,0.030099689960479736,0.29999840259552
7,61575484211181,pt,0.19681192934513092,0.1134447455406189,0.03001977503299713,0.29999828338623047
7,61575317113475,pt,0.2096792459487915,0.09735465049743652,0.030241161584854126,0.29999667406082153
7,61575165415117,fr,0.2107473909854889,0.0993490070104599,0.030046045780181885,0.29999732971191406
7,61575603778005,it,0.25419148802757263,0.0737462267279625,0.03390379250049591,0.2999967336654663
7,61575160987799,hi,0.22837325930595398,0.09818083047866821,0.030421987175941467,0.29999393224716187
7,61575123447467,fr,0.18951316177845,0.10811016708612442,0.030003175139427185,0.29999637603759766
7,61575667346713,en,0.21712616086006165,0.10018265247344971,0.030075058341026306,0.29999762773513794
7,61575632169437,fr,0.24722933769226074,0.08041834086179733,0.03063178062438965,0.29999303817749023
7,61574928127303,pt,0.209398090839386,0.102091945707798,0.030791863799095154,0.29999881982803345
7,61575289802878,en,0.24653315544128418,0.0773937851190567,0.033252209424972534,0.29999464750289917
7,61575200353453,it,0.2344893217086792,0.09270433336496353,0.031017109751701355,0.2999843955039978
7,61574764455076,it,0.21775458753108978,0.10194980353116989,0.03016984462738037,0.2999933362007141
7,61575731693479,en,0.2101631909608841,0.09825272113084793,0.03006082773208618,0.29999861121177673
7,61575049741188,fr,0.2008548229932785,0.09805023670196533,0.030255094170570374,0.29999375343322754
7,61575145346143,pt,0.22624662518501282,0.08863227069377899,0.03179845213890076,0.29999402165412903
7,61574796344244,pt,0.19840161502361298,0.10444105416536331,0.03017061948776245,0.29999732971191406
7,61575786231324,hi,0.23762565851211548,0.09139693528413773,0.030064299702644348,0.2999988794326782
7,61575534002323,en,0.25671568512916565,0.06900791823863983,0.036679595708847046,0.29999840259552
7,61575621419066,hi,0.2334408313035965,0.09372621029615402,0.030267104506492615,0.29999762773513794
7,61575191863415,hi,0.2254376858472824,0.08840497583150864,0.030206874012947083,0.29999881982803345
7,61575196823636,pt,0.22800147533416748,0.09831942617893219,0.030135124921798706,0.29999828338623047
7,61574940548040,fr,0.26859068870544434,0.05797943100333214,0.0362810343503952,0.29999661445617676
7,61574768265684,hi,0.21606944501399994,0.0999729335308075,0.030090928077697754,0.299993634223938
7,61575557971497,fr,0.21918055415153503,0.09730009734630585,0.030020982027053833,0.29999762773513794
7,61574674005988,en,0.21780622005462646,0.1011359840631485,0.03188107907772064,0.2999986410140991
7,61575568080955,en,0.22266440093517303,0.09267087280750275,0.03583082556724548,0.2999948263168335
7,61575796940771,en,0.24462772905826569,0.08479201793670654,0.030229002237319946,0.29999834299087524
7,61575212768289,en,0.27614954113960266,0.049136433750391006,0.04016507416963577,0.29999840259552
7,61575143006497,pt,0.21103139221668243,0.10520957410335541,0.030004560947418213,0.2999919354915619
7,61575070651124,it,0.23903511464595795,0.0922190397977829,0.03000698983669281,0.2999988794326782
7,61575580421441,fr,0.25684109330177307,0.06997976452112198,0.035072460770606995,0.299996942281723
7,61575274269379,it,0.2503260672092438,0.07743009179830551,0.033636674284935,0.29999393224716187
7,61574727767195,en,0.20885972678661346,0.10418662428855896,0.0306084007024765,0.29999685287475586
7,61575192170378,en,0.2523040175437927,0.06659001857042313,0.03685745596885681,0.29999852180480957
7,61572954786814,pt,0.22203931212425232,0.0895431637763977,0.03391513228416443,0.29999855160713196
7,61575562736575,en,0.2473400980234146,0.07845313847064972,0.03341849148273468,0.2999991178512573
7,61573212398163,it,0.24768520891666412,0.08005247265100479,0.030219033360481262,0.29999661445617676
7,61575176453944,en,0.22173860669136047,0.10057634860277176,0.030704960227012634,0.2999979853630066
7,61573129617310,hi,0.22586914896965027,0.09866620600223541,0.030057787895202637,0.29999876022338867
7,61575237281286,it,0.2167803794145584,0.0944216400384903,0.030794396996498108,0.29999813437461853
7,61574782514001,en,0.26516279578208923,0.062251944094896317,0.03552727401256561,0.29999834299087524
7,61575162475372,pt,0.21868763864040375,0.09875422716140747,0.030190154910087585,0.2999950051307678
7,61575277305874,pt,0.2153533399105072,0.09653457999229431,0.030017361044883728,0.2999979853630066
7,61573496429300,fr,0.21960127353668213,0.09767908602952957,0.030037492513656616,0.29998913407325745
7,61574810979559,en,0.2265949696302414,0.09839527308940887,0.030011817812919617,0.2999974191188812
7,61575624382959,en,0.21505790948867798,0.10390075296163559,0.030840754508972168,0.2999987006187439
7,61575307694452,pt,0.23713983595371246,0.0845608189702034,0.030620872974395752,0.2999892234802246
7,61575025023617,pt,0.20465531945228577,0.0970485731959343,0.03078630566596985,0.2999897003173828
7,61575621478987,pt,0.22088977694511414,0.10071543604135513,0.03042769432067871,0.29999807476997375
7,61575714924287,en,0.22745588421821594,0.09986381977796555,0.030151158571243286,0.2999963164329529
7,61574946005614,en,0.2522243559360504,0.08005809783935547,0.030398234724998474,0.2999974489212036
7,61575707904529,en,0.23333580791950226,0.09754529595375061,0.030649811029434204,0.2999986708164215
7,61575567781112,pt,0.20974953472614288,0.0943249836564064,0.03144015371799469,0.2999919056892395
7,61575422729180,en,0.23359309136867523,0.08979630470275879,0.03005535900592804,0.2999975383281708
7,61574991695405,en,0.21091626584529877,0.10930214077234268,0.030261293053627014,0.2999947965145111
7,61574951432810,en,0.27483776211738586,0.04901846870779991,0.07215970754623413,0.29999881982803345
7,61574890779488,pt,0.2280362844467163,0.08587279915809631,0.032093822956085205,0.29992401599884033
7,61575728765062,hi,0.2256191223859787,0.09126454591751099,0.03181849420070648,0.2999988794326782
7,61575214852696,pt,0.24690963327884674,0.08244702965021133,0.033944860100746155,0.29999879002571106
7,61573053375071,fr,0.20375117659568787,0.10191459953784943,0.03106449544429779,0.29999786615371704
7,61573380245557,it,0.19437775015830994,0.1066151112318039,0.030001550912857056,0.2999960780143738
7,61574978944598,pt,0.25781333446502686,0.07351494580507278,0.03155122697353363,0.29999828338623047
7,61575606263930,en,0.2305348664522171,0.08926676958799362,0.0319804847240448,0.29999852180480957
7,61575147567358,fr,0.21334104239940643,0.10310695320367813,0.030110076069831848,0.29999756813049316
7,61575717804104,en,0.23542596399784088,0.08662986010313034,0.030585050582885742,0.29999831318855286
7,61572914558646,pt,0.18217748403549194,0.10916872322559357,0.030022934079170227,0.29999852180480957
7,61573902003588,it,0.2062181830406189,0.10131224244832993,0.030124127864837646,0.2999984622001648
7,61575235145623,en,0.23353447020053864,0.08691311627626419,0.033700332045555115,0.29999804496765137
7,61575057779980,en,0.2477714866399765,0.07693826407194138,0.03439885377883911,0.299998939037323
7,61575514233503,en,0.24095526337623596,0.07667282968759537,0.035530880093574524,0.2999090552330017
7,61575806960249,hi,0.2269108146429062,0.08941444009542465,0.03332631289958954,0.29997727274894714
7,61575203154702,it,0.23730610311031342,0.08527433127164841,0.0315161794424057,0.29999709129333496
7,61575168338780,hi,0.238922581076622,0.08248026669025421,0.030729249119758606,0.2999352812767029
7,61575095755348,en,0.2312798947095871,0.0931648313999176,0.031044065952301025,0.29999876022338867
7,61574935477073,pt,0.2074539214372635,0.11192665994167328,0.030040308833122253,0.29999834299087524
7,61572882850263,en,0.2665995657444,0.06053168699145317,0.03927570581436157,0.29999881982803345
7,61575618485389,pt,0.21857482194900513,0.10382470488548279,0.03004460036754608,0.29999858140945435
7,61574831978505,en,0.25258421897888184,0.07970143854618073,0.03317314386367798,0.2999988794326782
7,61575156865865,fr,0.2376953810453415,0.08521648496389389,0.0300433486700058,0.2999984920024872
7,61575054840889,hi,0.21351249516010284,0.10682117193937302,0.030006512999534607,0.2999986410140991
7,61575625025576,pt,0.24440984427928925,0.07834585011005402,0.03216464817523956,0.2999986410140991
7,61573590145100,pt,0.21296675503253937,0.10392802953720093,0.030117928981781006,0.2999974489212036
7,61575003572712,hi,0.26051992177963257,0.06139254570007324,0.03787362575531006,0.2999971807003021
7,61575140242986,en,0.21730491518974304,0.09492705762386322,0.030329689383506775,0.29999828338623047
7,61575061680510,it,0.1735130101442337,0.10336259007453918,0.030108734965324402,0.2999856173992157
7,61575575574825,pt,0.24760881066322327,0.08013439178466797,0.032676056027412415,0.29999443888664246
7,61575128956704,it,0.22625403106212616,0.09057869762182236,0.0300348699092865,0.2999951243400574
7,61575676166192,en,0.24861449003219604,0.07646380364894867,0.03362354636192322,0.29999858140945435
7,61575600087094,hi,0.22253219783306122,0.08604324609041214,0.032486334443092346,0.299931138753891
7,61575039211521,pt,0.21303923428058624,0.1065969243645668,0.030013084411621094,0.29999062418937683
7,61573509419161,fr,0.24113024771213531,0.08205921202898026,0.030332133173942566,0.2999986708164215
7,61575787832729,en,0.2728850245475769,0.04871177300810814,0.06026351451873779,0.29999756813049316
7,61572806113212,en,0.24119830131530762,0.09498173743486404,0.03001825511455536,0.29999762773513794
7,61574996550205,en,0.2739337086677551,0.048163507133722305,0.06020168215036392,0.29999831318855286
7,61575686485825,fr,0.23053115606307983,0.09282790869474411,0.03034985065460205,0.29997724294662476
7,61575337302838,pt,0.2644135653972626,0.05919768661260605,0.03659181296825409,0.2999970316886902
7,61575183980808,en,0.22686292231082916,0.09722045809030533,0.03019082546234131,0.29999876022338867
7,61575080220981,en,0.23305879533290863,0.08090271055698395,0.03872087597846985,0.2999975085258484
7,61575209213090,fr,0.23539459705352783,0.09097696095705032,0.030710071325302124,0.2999976873397827
7,61575197780172,en,0.21485459804534912,0.08756460249423981,0.03900177776813507,0.29999658465385437
7,61575028442180,fr,0.18803800642490387,0.11671555042266846,0.030017614364624023,0.29999682307243347
7,61575248000254,en,0.2579491138458252,0.07163911312818527,0.03442057967185974,0.2999975085258484
7,61574651897378,en,0.25065210461616516,0.07540780305862427,0.03191506862640381,0.2999986410140991
7,61575084119219,en,0.22188715636730194,0.10451088100671768,0.03000214695930481,0.29999905824661255
7,61575202535455,hi,0.21371197700500488,0.10486798733472824,0.03002151846885681,0.2999975383281708
7,61575224736246,en,0.22201018035411835,0.10068366676568985,0.030269965529441833,0.2999981641769409
7,61573079190124,pt,0.22858627140522003,0.09948953986167908,0.030043691396713257,0.2999979853630066
7,61575011283063,it,0.23930221796035767,0.0813874825835228,0.03488066792488098,0.2999856472015381
7,61575112227227,en,0.25555840134620667,0.06375937908887863,0.04801759868860245,0.29998230934143066
7,61575953244525,hi,0.23289825022220612,0.09943760931491852,0.030076265335083008,0.29999858140945435
7,61575587711344,it,0.22241313755512238,0.09134084731340408,0.03488905727863312,0.29999029636383057
7,61575152395919,it,0.2087002545595169,0.10508769750595093,0.030004754662513733,0.29999858140945435
7,61575939565143,en,0.22485671937465668,0.09309513121843338,0.03065173327922821,0.2999987006187439
7,61575794367448,pt,0.2190423458814621,0.10044335573911667,0.030086234211921692,0.29999732971191406
7,61574820912289,it,0.23568527400493622,0.0938502624630928,0.030369192361831665,0.2999964952468872
7,61572954306907,pt,0.22281956672668457,0.09383274614810944,0.030472949147224426,0.29999467730522156
7,61575134236693,fr,0.2093069851398468,0.1096649169921875,0.03000454604625702,0.2999981641769409
7,61575307141915,en,0.27462929487228394,0.05289110168814659,0.04036596417427063,0.2999981939792633
7,61575624868902,en,0.171875461935997,0.11568117141723633,0.030094489455223083,0.2999974489212036
7,61575171116206,fr,0.18785083293914795,0.10283705592155457,0.030017942190170288,0.2999410033226013
7,61575215922342,hi,0.20571286976337433,0.1090359091758728,0.030024901032447815,0.2999979853630066
7,61575106794786,en,0.23777920007705688,0.08454214036464691,0.03272444009780884,0.2999953627586365
7,61575519009521,pt,0.1646687090396881,0.1001046821475029,0.032134756445884705,0.29999053478240967
7,61574835341215,fr,0.22265729308128357,0.09778786450624466,0.030177190899848938,0.2999955117702484
7,61575263014083,en,0.15597979724407196,0.11969427764415741,0.030003607273101807,0.29999488592147827
7,61575578274585,en,0.19470861554145813,0.10251816362142563,0.03010427951812744,0.2999972999095917
7,61574078395311,it,0.21372227370738983,0.10849790275096893,0.030062511563301086,0.29999780654907227
7,61575100662412,en,0.20261341333389282,0.10476938635110855,0.03183247148990631,0.2999947667121887
7,61574829698864,en,0.21565863490104675,0.1032257005572319,0.030581548810005188,0.29999756813049316
7,61574071554987,it,0.2168295532464981,0.10172206163406372,0.030097022652626038,0.29999879002571106
7,61573941970022,it,0.23823010921478271,0.09020756930112839,0.030153602361679077,0.2999943494796753
7,61575721133931,fr,0.24133028090000153,0.08554632216691971,0.03175520896911621,0.2999976873397827
7,61573071750653,fr,0.25712504982948303,0.06620033085346222,0.03335866332054138,0.29999804496765137
7,61575036691879,fr,0.20403628051280975,0.09719732403755188,0.030172079801559448,0.299993634223938
7,61575642477991,hi,0.2379334270954132,0.08965982496738434,0.03042498230934143,0.2999984622001648
7,61574082594447,it,0.2419895976781845,0.08819809556007385,0.03142279386520386,0.2999838590621948
7,61575024899211,en,0.2393653392791748,0.08122449368238449,0.03533071279525757,0.2999976873397827
7,61574787854878,pt,0.267903596162796,0.05873194709420204,0.048142209649086,0.29999780654907227
7,61574724947307,it,0.24308696389198303,0.08669054508209229,0.032525524497032166,0.2999964952468872
7,61573090242830,en,0.25883010029792786,0.0684027373790741,0.03728806972503662,0.2999958395957947
7,61575552061888,pt,0.1855708360671997,0.1076148971915245,0.030078962445259094,0.2999986410140991
7,61574769614945,en,0.24215787649154663,0.08265755325555801,0.037334635853767395,0.29999393224716187
7,61575248771116,en,0.24122057855129242,0.07797656953334808,0.036285191774368286,0.2999989688396454
8,61574934126943,pt,0.1942269206047058,0.11332044005393982,0.03000125288963318,0.29999780654907227
8,61575691375427,fr,0.21388563513755798,0.10160156339406967,0.03056524693965912,0.29999691247940063
8,61575485818749,hi,0.22495344281196594,0.0992976576089859,0.030056819319725037,0.29999834299087524
8,61574816892552,pt,0.1720847189426422,0.11243721097707748,0.03065401315689087,0.2999773919582367
8,61574075455618,it,0.2311851531267166,0.09707310050725937,0.03000187873840332,0.2999981641769409
8,61575459945486,fr,0.22192427515983582,0.09762212634086609,0.030001506209373474,0.2999991476535797
8,61574981251318,en,0.23314504325389862,0.092361219227314,0.030161604285240173,0.2999987006187439
8,61575731069908,it,0.24898698925971985,0.0808839350938797,0.030450940132141113,0.29999780654907227
8,61574875659187,hi,0.23849138617515564,0.0891450047492981,0.03014931082725525,0.2999957799911499
8,61574801413926,fr,0.2319781482219696,0.09157343953847885,0.03005896508693695,0.2999986410140991
8,61575146115727,en,0.2261425107717514,0.09500986337661743,0.030840277671813965,0.2999979555606842
8,61573204057105,pt,0.2366776168346405,0.08433385193347931,0.03351227939128876,0.29999709129333496
8,61573089179589,en,0.20649905502796173,0.1064668744802475,0.030336275696754456,0.2999979257583618
8,61574905567721,en,0.19454264640808105,0.11135998368263245,0.03001973032951355,0.2999952435493469
8,61574951645380,en,0.23702308535575867,0.0834059938788414,0.035202473402023315,0.29999661445617676
8,61574784704159,en,0.2560889720916748,0.0748877227306366,0.03190934658050537,0.2999977469444275
8,61575176273985,fr,0.2100275456905365,0.10101429373025894,0.030745595693588257,0.2999878525733948
8,61574760312216,en,0.2513984441757202,0.08156303316354752,0.031098783016204834,0.2999987006187439
8,61575685105868,hi,0.22518515586853027,0.09596221148967743,0.030138403177261353,0.2999969720840454
8,61575670886568,hi,0.21834158897399902,0.09802393615245819,0.030248239636421204,0.299996018409729
8,61575164631789,en,0.244325190782547,0.08437996357679367,0.0343528687953949,0.29999834299087524
8,61575208087101,hi,0.21145957708358765,0.10054411739110947,0.03002147376537323,0.29999876022338867
8,61575843929653,en,0.19675257802009583,0.11270604282617569,0.030018538236618042,0.2999977469444275
8,61575206423273,hi,0.23685726523399353,0.08296101540327072,0.034052446484565735,0.2999967038631439
8,61572994007723,fr,0.19198349118232727,0.10574278980493546,0.03003847599029541,0.299998939037323
8,61575207732884,en,0.25608763098716736,0.0758417621254921,0.03526727855205536,0.29999345541000366
8,61575184700780,en,0.26618969440460205,0.06560596823692322,0.03407102823257446,0.29999858140945435
8,61574992560566,hi,0.2486661970615387,0.08561009168624878,0.030013278126716614,0.29999667406082153
8,61573566207733,fr,0.20771107077598572,0.10178375244140625,0.030334368348121643,0.29999884963035583
8,61575283718902,en,0.2612925171852112,0.0652267187833786,0.033602118492126465,0.2999975085258484
8,61574821569203,en,0.20508573949337006,0.10437849909067154,0.030702173709869385,0.299998939037323
8,61575240461266,pt,0.1911718100309372,0.10219761729240417,0.030002117156982422,0.2999981641769409
8,61575616199388,hi,0.23021188378334045,0.09373999387025833,0.030073300004005432,0.29999783635139465
8,61574709227973,pt,0.18037250638008118,0.10562880337238312,0.030054301023483276,0.2999979257583618
8,61574889725701,en,0.23439082503318787,0.0914294421672821,0.030623480677604675,0.2999987304210663
8,61575850974558,it,0.20445537567138672,0.10714343190193176,0.030013814568519592,0.2999986410140991
8,61575303902251,en,0.23338501155376434,0.09373315423727036,0.03007492423057556,0.2999960780143738
8,61574689937883,fr,0.22063414752483368,0.09837634116411209,0.030601903796195984,0.29999762773513794
8,61575625918798,fr,0.20694611966609955,0.10726822912693024,0.030002295970916748,0.2999909520149231
8,61575159445487,pt,0.21203294396400452,0.09350115805864334,0.030139103531837463,0.2999936640262604
8,61575245441106,en,0.22946959733963013,0.09791514277458191,0.030377134680747986,0.29999643564224243
8,61575530402770,en,0.25367796421051025,0.07579649984836578,0.03326606750488281,0.2999991178512573
8,61575449674736,fr,0.23142755031585693,0.08117873966693878,0.04071478545665741,0.29999902844429016
8,61575677426201,en,0.207414910197258,0.10034798085689545,0.030763179063796997,0.29999834299087524
8,61575220672434,fr,0.2331082820892334,0.0821496844291687,0.031731978058815,0.299967497587204
8,61575207112351,en,0.22589915990829468,0.10002179443836212,0.030132830142974854,0.299996554851532
8,61575689365656,it,0.24002571403980255,0.08160074055194855,0.0316658616065979,0.2999969720840454
8,61575314851612,en,0.22597187757492065,0.09803802520036697,0.030181124806404114,0.2999972701072693
8,61575849234543,pt,0.2403588742017746,0.08368010818958282,0.032280951738357544,0.2999698519706726
8,61573389545206,it,0.2269761562347412,0.08983796834945679,0.031349703669548035,0.29999518394470215
8,61575147806028,pt,0.2588161528110504,0.06211356073617935,0.034949421882629395,0.29999685287475586
8,61575284104535,en,0.2613246440887451,0.06795915216207504,0.03623749315738678,0.29999840259552
8,61575114161642,hi,0.2436775416135788,0.09386341273784637,0.030059829354286194,0.2999986410140991
8,61575635698445,pt,0.21384431421756744,0.09627426415681839,0.03000594675540924,0.2999933063983917
8,61574793554229,it,0.23424884676933289,0.09071879833936691,0.030178502202033997,0.29999876022338867
8,61573072801000,fr,0.2100582718849182,0.10084504634141922,0.03006403148174286,0.29999202489852905
8,61575509307728,hi,0.24079659581184387,0.08520584553480148,0.03021247684955597,0.2999974489212036
8,61575227003442,it,0.2193467915058136,0.09945140033960342,0.030468210577964783,0.2999946177005768
8,61575051841154,it,0.25644195079803467,0.06729532778263092,0.03196120262145996,0.29999732971191406
8,61575829405493,it,0.2706012725830078,0.0553506501019001,0.04446402192115784,0.29999709129333496
8,61575356045890,it,0.20142996311187744,0.10926894843578339,0.030012711882591248,0.29999667406082153
8,61574994845337,en,0.21507376432418823,0.10310599952936172,0.030014529824256897,0.2999948561191559
8,61574977474091,en,0.229128897190094,0.08835574239492416,0.03268378973007202,0.2999987006187439
8,61575678336895,fr,0.22758910059928894,0.0967179536819458,0.03000578284263611,0.2999977469444275
8,61574817464063,en,0.2657966613769531,0.0631096139550209,0.03698408603668213,0.29999786615371704
8,61574663866130,en,0.2584051191806793,0.05899534374475479,0.05116523802280426,0.2999987304210663
8,61575186265522,en,0.2573731243610382,0.07299911975860596,0.03039109706878662,0.29999876022338867
8,61575243311101,it,0.23084619641304016,0.09070862829685211,0.03012228012084961,0.2999914884567261
8,61575821610647,hi,0.22631655633449554,0.09017855674028397,0.030857816338539124,0.29999691247940063
8,61575111327419,en,0.2492278814315796,0.08180984109640121,0.030488327145576477,0.2999986708164215
8,61575778203150,en,0.20278674364089966,0.10775858163833618,0.030006766319274902,0.29999756813049316
8,61573399053277,en,0.28083887696266174,0.0425291582942009,0.09133073687553406,0.29999813437461853
8,61574865220091,en,0.24097226560115814,0.08919303119182587,0.030013307929039,0.299998939037323
8,61574999765096,fr,0.20910826325416565,0.10470261424779892,0.03004707396030426,0.29999881982803345
8,61575046500552,en,0.23497013747692108,0.09249114245176315,0.03118269145488739,0.2999979853630066
8,61575088062953,it,0.21719905734062195,0.09532316774129868,0.03001314401626587,0.29998213052749634
8,61574128582078,en,0.25772106647491455,0.07179858535528183,0.0315917432308197,0.2999987006187439
8,61575532618099,en,0.23589235544204712,0.09453832358121872,0.03037901222705841,0.2999988794326782
8,61575460005891,it,0.2543855607509613,0.06791718304157257,0.03386761248111725,0.2999809980392456
8,61574752002783,en,0.23712243139743805,0.09295696765184402,0.030308157205581665,0.2999988794326782
8,61574963854572,en,0.17913818359375,0.11134479194879532,0.03012305498123169,0.2999981939792633
8,61575134907982,it,0.24662160873413086,0.08115103095769882,0.034077614545822144,0.29999464750289917
8,61574725486505,en,0.24638631939888,0.0835825651884079,0.0312565416097641,0.29999876022338867
8,61575782391589,en,0.23053039610385895,0.09316681325435638,0.030729055404663086,0.29999876022338867
8,61573815667956,it,0.20761260390281677,0.10223035514354706,0.030004560947418213,0.2999721169471741
8,61575682345613,fr,0.2176659107208252,0.09827914088964462,0.03004440665245056,0.2999960780143738
8,61575308947711,hi,0.21380040049552917,0.10226040333509445,0.03144146502017975,0.29999905824661255
8,61575133420619,hi,0.22835148870944977,0.09501510858535767,0.03004300594329834,0.29999881982803345
8,61575179138929,en,0.23777824640274048,0.08385713398456573,0.030054613947868347,0.29999810457229614
8,61575262936745,pt,0.20790059864521027,0.09837781637907028,0.030911549925804138,0.2999986410140991
8,61575302234656,pt,0.24288903176784515,0.072712242603302,0.031311988830566406,0.2999981641769409
8,61575282129145,pt,0.22455665469169617,0.09486881643533707,0.03155559301376343,0.2999931573867798
8,61575144555723,pt,0.21036820113658905,0.09977886080741882,0.03004235029220581,0.2999919652938843
8,61575147357302,it,0.20410707592964172,0.10479597747325897,0.030092760920524597,0.2999960780143738
8,61574928787493,it,0.23156560957431793,0.09196224063634872,0.03088688850402832,0.2999957203865051
8,61575324090992,en,0.2514290511608124,0.07254254072904587,0.034228309988975525,0.29999658465385437
8,61575134935995,hi,0.2209130823612213,0.09707220643758774,0.030053630471229553,0.2999967336654663
8,61575180414410,it,0.22867317497730255,0.09424855560064316,0.03177259862422943,0.2999947667121887
8,61575005164655,it,0.2451016902923584,0.08394769579172134,0.030109167098999023,0.2999960780143738
8,61575570054989,hi,0.1796754002571106,0.11076605319976807,0.030026093125343323,0.29999828338623047
8,61573191954824,pt,0.2554361820220947,0.07252896577119827,0.03450818359851837,0.2999984622001648
8,61573587415133,en,0.2525368928909302,0.07948891818523407,0.031391531229019165,0.29999828338623047
8,61575732533301,pt,0.2141696661710739,0.10403025150299072,0.030003800988197327,0.29999685287475586
8,61575140786572,en,0.24161173403263092,0.089875727891922,0.030062928795814514,0.2999991476535797
8,61575025108897,en,0.23159551620483398,0.09034028649330139,0.030037328600883484,0.29998600482940674
8,61573433221729,fr,0.2126654088497162,0.10208404064178467,0.031063362956047058,0.2999946177005768
8,61573596774794,pt,0.23555484414100647,0.09356962889432907,0.03061254322528839,0.29999858140945435
8,61575556914293,hi,0.23901203274726868,0.0943492129445076,0.030015066266059875,0.29999810457229614
8,61575312817624,pt,0.2251763939857483,0.09455157816410065,0.03084944188594818,0.29999810457229614
8,61573167969034,fr,0.25304388999938965,0.06574984639883041,0.03283354640007019,0.29999876022338867
8,61574921438928,en,0.2761363685131073,0.04835209622979164,0.04409477114677429,0.2999984920024872
8,61575125876415,en,0.21686431765556335,0.10027873516082764,0.03233820199966431,0.2999948263168335
8,61575152979706,hi,0.22205953299999237,0.0989648699760437,0.030061691999435425,0.29999852180480957
8,61575091678915,pt,0.2069767862558365,0.10043927282094955,0.03139534592628479,0.29999053478240967
8,61575220722146,en,0.24469971656799316,0.08729108422994614,0.030510559678077698,0.2999976873397827
8,61575829680247,it,0.24117262661457062,0.08074865490198135,0.03538341820240021,0.2999988794326782
8,61575138623198,en,0.26749664545059204,0.060378070920705795,0.03305652737617493,0.2999984323978424
8,61575306397643,pt,0.1898297518491745,0.10346008092164993,0.03001655638217926,0.29999014735221863
8,61575849294548,pt,0.1875714659690857,0.10580967366695404,0.030015170574188232,0.2999977767467499
8,61574855530567,en,0.2471315562725067,0.0865517258644104,0.03206261992454529,0.29999589920043945
8,61575189890579,en,0.21479478478431702,0.09910718351602554,0.03099866211414337,0.2999982237815857
8,61574100204041,it,0.2161964774131775,0.10101933032274246,0.030660480260849,0.29999852180480957
8,61575074909869,pt,0.22038105130195618,0.09959890693426132,0.030969545245170593,0.29999035596847534
8,61575059787159,en,0.2134764939546585,0.09773733466863632,0.03075769543647766,0.2999935448169708
8,61575126533596,en,0.26047730445861816,0.06473902612924576,0.03265434503555298,0.2999970316886902
8,61575580080566,it,0.24778376519680023,0.0801689401268959,0.031082823872566223,0.2999987006187439
8,61575232601470,pt,0.19064068794250488,0.10643085837364197,0.030003279447555542,0.29999253153800964
8,61575341466231,hi,0.23589126765727997,0.09082061797380447,0.03155830502510071,0.2999976873397827
8,61574785574733,it,0.1723206341266632,0.11596860736608505,0.030007153749465942,0.29999685287475586
8,61575626782963,hi,0.2241542786359787,0.08185194432735443,0.03438162803649902,0.29999637603759766
8,61575117357728,it,0.21868431568145752,0.1015438660979271,0.03000500798225403,0.29999226331710815
8,61572728411956,fr,0.21092116832733154,0.09382942318916321,0.032332777976989746,0.2999991774559021
8,61575005447655,hi,0.19126136600971222,0.10617130994796753,0.030508413910865784,0.29997843503952026
8,61574955275865,en,0.27291160821914673,0.05061134323477745,0.04605007916688919,0.2999992370605469
8,61575794757479,pt,0.2580786347389221,0.07592291384935379,0.0314425528049469,0.2999951243400574
8,61575226252249,en,0.2626790702342987,0.06098620221018791,0.046677157282829285,0.29999762773513794
8,61575586061241,en,0.24158582091331482,0.08915754407644272,0.030529052019119263,0.2999992370605469
8,61575145166306,en,0.2173720896244049,0.09957719594240189,0.030465632677078247,0.2999987304210663
8,61575505107976,hi,0.20250895619392395,0.10509701818227768,0.03032885491847992,0.2999918460845947
8,61575499054322,hi,0.24861088395118713,0.07625210285186768,0.03535082936286926,0.299998939037323
8,61575323976887,en,0.260917067527771,0.06465867906808853,0.03197258710861206,0.2999962270259857
8,61575152565446,it,0.21463201940059662,0.09632481634616852,0.03201711177825928,0.29999691247940063
8,61575755242672,en,0.2345629632472992,0.09785173088312149,0.030048877000808716,0.2999989986419678
8,61575187598053,en,0.24898549914360046,0.08136940002441406,0.034430116415023804,0.2999988794326782
8,61575061559762,en,0.2538466155529022,0.07901663333177567,0.03027673065662384,0.29999902844429016
8,61575533882644,pt,0.226256862282753,0.09214895218610764,0.03026030957698822,0.29999789595603943
8,61575494740784,pt,0.20703169703483582,0.10619093477725983,0.030056774616241455,0.29996365308761597
8,61575689515528,en,0.21696831285953522,0.10188119858503342,0.030022740364074707,0.2999884784221649
8,61575061077037,hi,0.22545179724693298,0.10063093155622482,0.030025005340576172,0.2999967336654663
8,61575169856226,fr,0.21687550842761993,0.09724655747413635,0.030130669474601746,0.2999969720840454
8,61575169251615,en,0.19802413880825043,0.1137000322341919,0.03002201020717621,0.29999876022338867
8,61574733946017,en,0.2448766678571701,0.08637487143278122,0.030057519674301147,0.2999991178512573
8,61574883069816,it,0.21464265882968903,0.10583838820457458,0.03070533275604248,0.2999914288520813
8,61575549901920,pt,0.21160973608493805,0.10252173244953156,0.030003845691680908,0.2999926209449768
8,61575122184024,en,0.2414073646068573,0.08379407227039337,0.03281256556510925,0.2999988794326782
8,61573508699440,en,0.20638880133628845,0.1058100089430809,0.03015187382698059,0.2999907433986664
8,61575541172249,it,0.2024191915988922,0.10956994444131851,0.03009006381034851,0.2999831438064575
8,61575537956540,en,0.24296893179416656,0.09120825678110123,0.03008262813091278,0.2999989986419678
8,61575259760425,it,0.2115393728017807,0.10618128627538681,0.030060097575187683,0.29999738931655884
8,61573175695316,en,0.25092825293540955,0.07930781692266464,0.030965104699134827,0.2999976873397827
8,61574775281781,en,0.23907043039798737,0.08550453186035156,0.0338113009929657,0.2999982535839081
8,61574855051268,fr,0.221725732088089,0.09668649733066559,0.030124187469482422,0.2999957501888275
8,61575016052070,en,0.2767977714538574,0.048573341220617294,0.03817041218280792,0.2999991476535797
8,61575716045581,en,0.2495330423116684,0.07683798670768738,0.0343298614025116,0.29999905824661255
8,61574832908862,en,0.19294962286949158,0.10862182825803757,0.03025364875793457,0.2999988794326782
8,61575636999621,hi,0.17883175611495972,0.10942868143320084,0.030065998435020447,0.2999909520149231
8,61575069571460,fr,0.2576177716255188,0.0680011734366417,0.04044988006353378,0.29999855160713196
8,61575554348076,it,0.22575028240680695,0.09737794101238251,0.03046506643295288,0.29999417066574097
8,61573358494546,fr,0.20752128958702087,0.10135329514741898,0.03065505623817444,0.2999975085258484
8,61575074773964,hi,0.2355421930551529,0.0901162400841713,0.030581459403038025,0.29999592900276184
8,61575494246952,hi,0.22699399292469025,0.09796282649040222,0.030004262924194336,0.29999840259552
8,61574815482213,en,0.2039383351802826,0.10521329939365387,0.030011355876922607,0.2999984622001648
8,61575252370580,pt,0.2125129997730255,0.09368301182985306,0.032952114939689636,0.29996490478515625
8,61575770758381,pt,0.23715665936470032,0.08311997354030609,0.033913180232048035,0.29999756813049316
8,61575680875975,fr,0.2198125272989273,0.09777431935071945,0.030113235116004944,0.2999979853630066
8,61575085619309,it,0.21259261667728424,0.09918055683374405,0.030506685376167297,0.29999658465385437
8,61574737216943,it,0.2293621450662613,0.0850076675415039,0.03287610411643982,0.29999059438705444
8,61572939577297,en,0.23659265041351318,0.09279196709394455,0.03020133078098297,0.29999828338623047
8,61575031471293,en,0.23221524059772491,0.08866792172193527,0.03323884308338165,0.2999911308288574
8,61575654807398,fr,0.2752004861831665,0.04768430069088936,0.05913399159908295,0.29999902844429016
8,61575226372155,it,0.2299928367137909,0.0877862200140953,0.03458265960216522,0.29999566078186035
8,61575260650253,en,0.23798595368862152,0.08257860690355301,0.032370805740356445,0.29999667406082153
8,61574942256705,it,0.19796402752399445,0.10065105557441711,0.03052958846092224,0.2999917268753052
8,61574798804240,hi,0.21043740212917328,0.1054782122373581,0.03036317229270935,0.29999518394470215
8,61575755039100,pt,0.1748630553483963,0.11170238256454468,0.03005775809288025,0.29998597502708435
8,61575119906899,fr,0.18006302416324615,0.1071321964263916,0.030270114541053772,0.29999813437461853
8,61575751049240,pt,0.24453996121883392,0.08642507344484329,0.03008870780467987,0.29999828338623047
8,61574996507842,hi,0.21590983867645264,0.09271999448537827,0.03159528970718384,0.2999962568283081
8,61572643031348,pt,0.24585150182247162,0.0821063220500946,0.032088667154312134,0.2999986410140991
8,61575532832693,en,0.1853993982076645,0.11268512159585953,0.03000667691230774,0.2999972105026245
8,61575075284018,hi,0.21678020060062408,0.09334997087717056,0.030278131365776062,0.2999950647354126
8,61575122567285,fr,0.21531078219413757,0.10552553832530975,0.030041560530662537,0.2999976873397827
8,61573003997283,fr,0.21910858154296875,0.0939292460680008,0.03139661252498627,0.29999658465385437
8,61575304682136,hi,0.24136674404144287,0.08071789890527725,0.030429035425186157,0.2999988794326782
8,61575207594362,fr,0.25532668828964233,0.07427960634231567,0.03111712634563446,0.2999989986419678
8,61574865641861,it,0.2472899854183197,0.07449332624673843,0.037088632583618164,0.299991637468338
8,61574923117609,hi,0.2188720405101776,0.09836189448833466,0.0301809161901474,0.29999852180480957
8,61575148359774,en,0.23857659101486206,0.09350104629993439,0.030132725834846497,0.299998939037323
8,61574785483945,fr,0.1912469118833542,0.1090487614274025,0.030147165060043335,0.2999974489212036
8,61574997930238,en,0.2303994745016098,0.09729369729757309,0.030537039041519165,0.29999852180480957
8,61575796370877,it,0.2088632881641388,0.10677795857191086,0.030049100518226624,0.2999879717826843
8,61575187214281,it,0.2325439155101776,0.08906220644712448,0.03172169625759125,0.29999780654907227
8,61574977866022,en,0.22664697468280792,0.0974821150302887,0.03069455921649933,0.29999613761901855
8,61575161785561,pt,0.2057417929172516,0.10471038520336151,0.03001190721988678,0.2999936640262604
8,61575236435207,hi,0.24519169330596924,0.08504122495651245,0.0317775160074234,0.29999828338623047
8,61575769203176,hi,0.2083408683538437,0.10193992406129837,0.030039682984352112,0.29999488592147827
8,61575305648078,it,0.22674979269504547,0.09862785786390305,0.03001733124256134,0.2999964952468872
8,61574760582067,en,0.2576722204685211,0.07984688133001328,0.030297890305519104,0.2999986410140991
8,61575129328475,it,0.22532518208026886,0.09353681653738022,0.03243565559387207,0.2999914288520813
8,61573536988081,fr,0.21883367002010345,0.09981810301542282,0.030309394001960754,0.2999989092350006
8,61573216118266,it,0.23899151384830475,0.0888557881116867,0.0321052223443985,0.299998015165329
8,61575633442519,hi,0.2116096317768097,0.09498634189367294,0.03000672161579132,0.29998451471328735
8,61575221512411,hi,0.24213716387748718,0.08031251281499863,0.03206360340118408,0.2999798357486725
8,61575100647735,en,0.24229329824447632,0.0866999626159668,0.03129588067531586,0.2999992370605469
8,61574922094244,en,0.2576281726360321,0.0687091052532196,0.03333467245101929,0.2999977469444275
8,61575555567384,fr,0.1973240226507187,0.10561283677816391,0.030075043439865112,0.2999981939792633
8,61573042665508,fr,0.24029035866260529,0.08596670627593994,0.031643688678741455,0.29999905824661255
8,61575502108193,en,0.23956634104251862,0.09403432160615921,0.03086201846599579,0.2999987304210663
8,61575484211181,pt,0.19124607741832733,0.11188963800668716,0.03002914786338806,0.2999986410140991
8,61575317113475,pt,0.19768792390823364,0.10026698559522629,0.030243441462516785,0.29999667406082153
8,61575165415117,fr,0.20807424187660217,0.09853973984718323,0.030134126543998718,0.2999979853630066
8,61575603778005,it,0.24987123906612396,0.08031114190816879,0.03113962709903717,0.2999962568283081
8,61575160987799,hi,0.2188306301832199,0.10452500730752945,0.030056580901145935,0.29998987913131714
8,61575123447467,fr,0.20195916295051575,0.10477767139673233,0.03000842034816742,0.2999975085258484
8,61575667346713,en,0.21265162527561188,0.10316780209541321,0.030129343271255493,0.29999691247940063
8,61575632169437,fr,0.23343263566493988,0.08456174284219742,0.030333012342453003,0.2999913692474365
8,61574928127303,pt,0.2101672738790512,0.10234124213457108,0.030561447143554688,0.29999876022338867
8,61575289802878,en,0.24793539941310883,0.07685130089521408,0.03381776809692383,0.2999925911426544
8,61575200353453,it,0.22761878371238708,0.09672857075929642,0.030489087104797363,0.29997897148132324
8,61574764455076,it,0.22635768353939056,0.09820012003183365,0.030235514044761658,0.2999950051307678
8,61575731693479,en,0.2136073261499405,0.09669099748134613,0.03003905713558197,0.2999984622001648
8,61575049741188,fr,0.213235542178154,0.09113223105669022,0.030345752835273743,0.29999229311943054
8,61575145346143,pt,0.2346927523612976,0.08476115763187408,0.03133171796798706,0.2999970316886902
8,61574796344244,pt,0.19957785308361053,0.10402541607618332,0.030066296458244324,0.29999709129333496
8,61575786231324,hi,0.2346871942281723,0.09358593821525574,0.03005148470401764,0.29999852180480957
8,61575534002323,en,0.24965710937976837,0.07693210244178772,0.03517988324165344,0.29999834299087524
8,61575621419066,hi,0.23684903979301453,0.09131993353366852,0.030284404754638672,0.29999756813049316
8,61575191863415,hi,0.23567040264606476,0.08746126294136047,0.03077082335948944,0.2999989986419678
8,61575196823636,pt,0.21784159541130066,0.10638967156410217,0.030095338821411133,0.29999828338623047
8,61574940548040,fr,0.2646864950656891,0.0629487931728363,0.03397458791732788,0.29999542236328125
8,61574768265684,hi,0.2072104960680008,0.10143595933914185,0.03014032542705536,0.29996758699417114
8,61575557971497,fr,0.20456670224666595,0.10194579511880875,0.030054554343223572,0.2999981641769409
8,61574674005988,en,0.21333958208560944,0.10390730947256088,0.030848905444145203,0.29999840259552
8,61575568080955,en,0.214523047208786,0.09559006989002228,0.03579936921596527,0.29999473690986633
8,61575796940771,en,0.2505680024623871,0.07506103068590164,0.034304678440093994,0.29999858140945435
8,61575212768289,en,0.27363914251327515,0.05213525518774986,0.039259135723114014,0.29999858140945435
8,61575143006497,pt,0.22151628136634827,0.10091414302587509,0.03000830113887787,0.29999059438705444
8,61575070651124,it,0.23433376848697662,0.09321517497301102,0.03001028299331665,0.29999828338623047
8,61575580421441,fr,0.2474595308303833,0.07685624063014984,0.03240290284156799,0.29999691247940063
8,61575274269379,it,0.2593997120857239,0.06475977599620819,0.04489843547344208,0.29999470710754395
8,61574727767195,en,0.22614014148712158,0.09337544441223145,0.030622124671936035,0.29999828338623047
8,61575192170378,en,0.263575941324234,0.05639937147498131,0.04260677844285965,0.2999986708164215
8,61572954786814,pt,0.21910902857780457,0.09165146946907043,0.03329652547836304,0.29999840259552
8,61575562736575,en,0.25667285919189453,0.07052267342805862,0.03468044102191925,0.2999992370605469
8,61573212398163,it,0.23821324110031128,0.08451554924249649,0.03022274374961853,0.2999953627586365
8,61575176453944,en,0.22418101131916046,0.09738925099372864,0.03178830444812775,0.29999810457229614
8,61573129617310,hi,0.22831711173057556,0.09809604287147522,0.030138760805130005,0.299998939037323
8,61575237281286,it,0.21544820070266724,0.09219846874475479,0.030343934893608093,0.2999981641769409
8,61574782514001,en,0.26515984535217285,0.06253513693809509,0.03521476686000824,0.29999837279319763
8,61575162475372,pt,0.2299167364835739,0.09358689188957214,0.03126755356788635,0.29999440908432007
8,61575277305874,pt,0.2369895726442337,0.0912269875407219,0.030155688524246216,0.2999986708164215
8,61573496429300,fr,0.21758106350898743,0.09812650829553604,0.030031055212020874,0.29998642206192017
8,61574810979559,en,0.2214013934135437,0.0999658927321434,0.030005991458892822,0.2999967932701111
8,61575624382959,en,0.21203209459781647,0.10648390650749207,0.030824720859527588,0.2999984323978424
8,61575307694452,pt,0.23559342324733734,0.0854954794049263,0.030422642827033997,0.29998987913131714
8,61575025023617,pt,0.1933150738477707,0.09894230216741562,0.03033486008644104,0.2999876141548157
8,61575621478987,pt,0.2155604362487793,0.10113533586263657,0.030144602060317993,0.2999976575374603
8,61575714924287,en,0.2277473360300064,0.10056722909212112,0.030214086174964905,0.2999972999095917
8,61574946005614,en,0.2513774037361145,0.07961739599704742,0.0314553827047348,0.2999979853630066
8,61575707904529,en,0.23571687936782837,0.09699132293462753,0.03065149486064911,0.29999876022338867
8,61575567781112,pt,0.19935981929302216,0.09694543480873108,0.0312175452709198,0.29999494552612305
8,61575422729180,en,0.22590826451778412,0.09158939868211746,0.030324220657348633,0.29999515414237976
8,61574991695405,en,0.2136552631855011,0.10621003061532974,0.030245155096054077,0.2999951243400574
8,61574951432810,en,0.271828293800354,0.05256488919258118,0.05695939064025879,0.2999987304210663
8,61574890779488,pt,0.2256847620010376,0.0892244502902031,0.031894415616989136,0.29994022846221924
8,61575728765062,hi,0.2184278666973114,0.09466966241598129,0.031048625707626343,0.2999986410140991
8,61575214852696,pt,0.2518235146999359,0.07960981130599976,0.03433181345462799,0.29999884963035583
8,61573053375071,fr,0.2116526961326599,0.09886785596609116,0.03104117512702942,0.2999982535839081
8,61573380245557,it,0.17843745648860931,0.10778746753931046,0.030000880360603333,0.2999970316886902
8,61574978944598,pt,0.25418004393577576,0.07468414306640625,0.03255815804004669,0.2999972403049469
8,61575606263930,en,0.221413254737854,0.0940713956952095,0.03180667757987976,0.29999852180480957
8,61575147567358,fr,0.21724018454551697,0.10156744718551636,0.030074790120124817,0.2999976873397827
8,61575717804104,en,0.23472294211387634,0.0866287499666214,0.030913934111595154,0.29999810457229614
8,61572914558646,pt,0.1886252462863922,0.10721509158611298,0.03002174198627472,0.29999837279319763
8,61573902003588,it,0.20455248653888702,0.101498082280159,0.030155107378959656,0.2999984622001648
8,61575235145623,en,0.22478394210338593,0.09373842924833298,0.032444700598716736,0.29999804496765137
8,61575057779980,en,0.2557935118675232,0.07370375841856003,0.03439885377883911,0.2999989986419678
8,61575514233503,en,0.23772121965885162,0.07798880338668823,0.03529036045074463,0.2999088764190674
8,61575806960249,hi,0.23021286725997925,0.08622872084379196,0.03396369516849518,0.2999774217605591
8,61575203154702,it,0.23095932602882385,0.08853475004434586,0.03194524347782135,0.29999732971191406
8,61575168338780,hi,0.23722180724143982,0.0830046609044075,0.030704036355018616,0.29989826679229736
8,61575095755348,en,0.2298881858587265,0.09427893161773682,0.030483335256576538,0.2999989688396454
8,61574935477073,pt,0.20997977256774902,0.11123903095722198,0.030063703656196594,0.29999834299087524
8,61572882850263,en,0.25823304057121277,0.0683998167514801,0.03366546332836151,0.2999986410140991
8,61575618485389,pt,0.212245374917984,0.10559732466936111,0.030043646693229675,0.2999984920024872
8,61574831978505,en,0.2498176097869873,0.08127495646476746,0.030615434050559998,0.2999986410140991
8,61575156865865,fr,0.22750698029994965,0.09271873533725739,0.03006221354007721,0.29999831318855286
8,61575054840889,hi,0.2120768278837204,0.10770674794912338,0.030004233121871948,0.2999986410140991
8,61575625025576,pt,0.24518221616744995,0.08001398295164108,0.031840980052948,0.29999804496765137
8,61573590145100,pt,0.20054008066654205,0.1069018617272377,0.030067026615142822,0.29999619722366333
8,61575003572712,hi,0.26397940516471863,0.05882228910923004,0.036928609013557434,0.29999664425849915
8,61575140242986,en,0.21990324556827545,0.0931447297334671,0.03075219690799713,0.2999982237815857
8,61575061680510,it,0.16973015666007996,0.10328754782676697,0.030191272497177124,0.29998302459716797
8,61575575574825,pt,0.236100971698761,0.08654160797595978,0.032676056027412415,0.2999948263168335
8,61575128956704,it,0.21470826864242554,0.09209847450256348,0.030033156275749207,0.29999616742134094
8,61575676166192,en,0.25586286187171936,0.07188095897436142,0.03420892357826233,0.29999905824661255
8,61575600087094,hi,0.21761810779571533,0.08912736922502518,0.0319947749376297,0.2999178171157837
8,61575039211521,pt,0.20997975766658783,0.10684393346309662,0.030009329319000244,0.29999011754989624
8,61573509419161,fr,0.21969619393348694,0.09444641321897507,0.030115053057670593,0.2999982237815857
8,61575787832729,en,0.27655723690986633,0.04423191398382187,0.06460171937942505,0.29999780654907227
8,61572806113212,en,0.23971904814243317,0.09565085172653198,0.030002251267433167,0.29999709129333496
8,61574996550205,en,0.2687619924545288,0.05467604473233223,0.05098119378089905,0.29999810457229614
8,61575686485825,fr,0.22680450975894928,0.09415250271558762,0.0302838534116745,0.299972265958786
8,61575337302838,pt,0.2606082558631897,0.06263917684555054,0.039046525955200195,0.29999661445617676
8,61575183980808,en,0.24409176409244537,0.0867166593670845,0.030163735151290894,0.299998939037323
8,61575080220981,en,0.24811242520809174,0.07358889281749725,0.03866741061210632,0.2999981641769409
8,61575209213090,fr,0.23688387870788574,0.08972466737031937,0.031116783618927002,0.29999780654907227
8,61575197780172,en,0.20622137188911438,0.0931703969836235,0.03498689830303192,0.299996018409729
8,61575028442180,fr,0.19026218354701996,0.11509863287210464,0.030018657445907593,0.2999972105026245
8,61575248000254,en,0.258792906999588,0.07235491275787354,0.034669190645217896,0.2999979555606842
8,61574651897378,en,0.25563931465148926,0.07303713262081146,0.03213445842266083,0.29999840259552
8,61575084119219,en,0.22360515594482422,0.10354599356651306,0.030001699924468994,0.2999991774559021
8,61575202535455,hi,0.22930127382278442,0.09962578117847443,0.030194073915481567,0.299997478723526
8,61575224736246,en,0.23269370198249817,0.09608396887779236,0.030037134885787964,0.29999834299087524
8,61573079190124,pt,0.23870305716991425,0.09196364134550095,0.030069828033447266,0.29999804496765137
8,61575011283063,it,0.22975584864616394,0.08669565618038177,0.035943254828453064,0.2999846339225769
8,61575112227227,en,0.26874738931655884,0.05403885617852211,0.04214535653591156,0.2999876141548157
8,61575953244525,hi,0.2292083501815796,0.10120728611946106,0.03004547953605652,0.2999977469444275
8,61575587711344,it,0.2184787392616272,0.09312833845615387,0.034292057156562805,0.2999899387359619
8,61575152395919,it,0.2193494290113449,0.09727803617715836,0.030009150505065918,0.29999852180480957
8,61575939565143,en,0.2246215045452118,0.09518914669752121,0.030337601900100708,0.29999879002571106
8,61575794367448,pt,0.2170049101114273,0.10142491012811661,0.03028358519077301,0.2999969720840454
8,61574820912289,it,0.2399793118238449,0.09160209447145462,0.03042273223400116,0.2999964952468872
8,61572954306907,pt,0.22212257981300354,0.0943218544125557,0.03056563436985016,0.2999943494796753
8,61575134236693,fr,0.20724985003471375,0.1100049540400505,0.030004575848579407,0.2999984622001648
8,61575307141915,en,0.27745017409324646,0.047445300966501236,0.04472171515226364,0.29999756813049316
8,61575624868902,en,0.1732497662305832,0.11516641080379486,0.030145451426506042,0.2999969720840454
8,61575171116206,fr,0.18907256424427032,0.10220041871070862,0.030013665556907654,0.29995036125183105
8,61575215922342,hi,0.19928745925426483,0.11169036477804184,0.030011847615242004,0.29999446868896484
8,61575106794786,en,0.23722471296787262,0.08587965369224548,0.032861948013305664,0.299995481967926
8,61575519009521,pt,0.17398205399513245,0.09748584032058716,0.03342762589454651,0.29998964071273804
8,61574835341215,fr,0.21758010983467102,0.100649893283844,0.030416935682296753,0.29999643564224243
8,61575263014083,en,0.15904483199119568,0.11871647834777832,0.030006244778633118,0.29999440908432007
8,61575578274585,en,0.1977906972169876,0.1039116159081459,0.030099913477897644,0.29999685287475586
8,61574078395311,it,0.22303809225559235,0.10262802243232727,0.03007286787033081,0.29999852180480957
8,61575100662412,en,0.21611443161964417,0.09964006394147873,0.03409135341644287,0.2999958395957947
8,61574829698864,en,0.20664960145950317,0.10657045245170593,0.030647367238998413,0.2999970614910126
8,61574071554987,it,0.23456721007823944,0.0921233594417572,0.030084654688835144,0.2999986410140991
8,61573941970022,it,0.2406012862920761,0.08793874084949493,0.030371099710464478,0.2999913990497589
8,61575721133931,fr,0.24345985054969788,0.0846523642539978,0.03076319396495819,0.2999977469444275
8,61573071750653,fr,0.2610572278499603,0.06095379963517189,0.03564804792404175,0.29999786615371704
8,61575036691879,fr,0.202065110206604,0.09724313765764236,0.03005659580230713,0.2999943792819977
8,61575642477991,hi,0.24397988617420197,0.08345696330070496,0.030281752347946167,0.2999986708164215
8,61574082594447,it,0.24691295623779297,0.08589664846658707,0.03174377977848053,0.2999879717826843
8,61575024899211,en,0.25925132632255554,0.06921669095754623,0.039279043674468994,0.29999876022338867
8,61574787854878,pt,0.26846843957901,0.056048452854156494,0.04724835604429245,0.2999982237815857
8,61574724947307,it,0.26092416048049927,0.07115621864795685,0.03200022876262665,0.2999977469444275
8,61573090242830,en,0.25861555337905884,0.06861773133277893,0.03728806972503662,0.2999957203865051
8,61575552061888,pt,0.19083182513713837,0.10735151916742325,0.030122771859169006,0.2999986410140991
8,61574769614945,en,0.2466367483139038,0.0789470374584198,0.03863683342933655,0.29999426007270813
8,61575248771116,en,0.24227291345596313,0.07570190727710724,0.036473989486694336,0.2999989092350006
9,61574934126943,pt,0.1877572387456894,0.11456476151943207,0.03000117838382721,0.2999974489212036
9,61575691375427,fr,0.22401970624923706,0.09721565246582031,0.031099706888198853,0.2999951243400574
9,61575485818749,hi,0.22734133899211884,0.09996636211872101,0.030043110251426697,0.29999852180480957
9,61574816892552,pt,0.19118598103523254,0.10653743892908096,0.0315723717212677,0.2999934256076813
9,61574075455618,it,0.23196041584014893,0.09698748588562012,0.030004054307937622,0.2999972105026245
9,61575459945486,fr,0.2226160317659378,0.09731563925743103,0.03000299632549286,0.2999991178512573
9,61574981251318,en,0.22813060879707336,0.09769218415021896,0.03010660409927368,0.29999881982803345
9,61575731069908,it,0.22615785896778107,0.09461873769760132,0.030064910650253296,0.299996942281723
9,61574875659187,hi,0.2323884516954422,0.09054943174123764,0.030205607414245605,0.2999952733516693
9,61574801413926,fr,0.22478824853897095,0.09443004429340363,0.030113086104393005,0.29999852180480957
9,61575146115727,en,0.22482284903526306,0.09537670016288757,0.03100147843360901,0.29999840259552
9,61573204057105,pt,0.22756199538707733,0.09129166603088379,0.03272722661495209,0.29999619722366333
9,61573089179589,en,0.21222259104251862,0.10123472660779953,0.030690312385559082,0.29999738931655884
9,61574905567721,en,0.1827021986246109,0.11320872604846954,0.030031412839889526,0.2999953031539917
9,61574951645380,en,0.22918139398097992,0.08781160414218903,0.032979682087898254,0.29999685287475586
9,61574784704159,en,0.2536546289920807,0.07837602496147156,0.032295867800712585,0.299997478723526
9,61575176273985,fr,0.20308172702789307,0.1034981980919838,0.030079767107963562,0.2999844551086426
9,61574760312216,en,0.2564099431037903,0.07359403371810913,0.03110431134700775,0.2999979257583618
9,61575685105868,hi,0.23640823364257812,0.0917482078075409,0.030224069952964783,0.2999977469444275
9,61575670886568,hi,0.2191811501979828,0.09847219288349152,0.030124694108963013,0.299993097782135
9,61575164631789,en,0.2499440759420395,0.08255958557128906,0.03302967548370361,0.29999881982803345
9,61575208087101,hi,0.20513880252838135,0.10286244750022888,0.030025631189346313,0.2999987006187439
9,61575843929653,en,0.19768217206001282,0.11243000626564026,0.03002515435218811,0.2999979257583618
9,61575206423273,hi,0.25492405891418457,0.06624546647071838,0.03590117394924164,0.29999780654907227
9,61572994007723,fr,0.19987016916275024,0.10408394783735275,0.03003533184528351,0.29999858140945435
9,61575207732884,en,0.2528779208660126,0.07947339862585068,0.034426674246788025,0.2999923825263977
9,61575184700780,en,0.26838499307632446,0.0644182488322258,0.03465196490287781,0.2999988794326782
9,61574992560566,hi,0.24740952253341675,0.08465199917554855,0.03002278506755829,0.2999975085258484
9,61573566207733,fr,0.20616714656352997,0.10229911655187607,0.030141964554786682,0.29999879002571106
9,61575283718902,en,0.2651679813861847,0.06331514567136765,0.035945191979408264,0.2999982237815857
9,61574821569203,en,0.19691698253154755,0.1065736785531044,0.030617475509643555,0.29999884963035583
9,61575240461266,pt,0.18953435122966766,0.09953387826681137,0.030001670122146606,0.2999982237815857
9,61575616199388,hi,0.22412219643592834,0.09490431845188141,0.030073344707489014,0.2999970316886902
9,61574709227973,pt,0.1654777228832245,0.10899417102336884,0.030033379793167114,0.2999977469444275
9,61574889725701,en,0.23440340161323547,0.09191444516181946,0.030351564288139343,0.2999986708164215
9,61575850974558,it,0.20043686032295227,0.10853137075901031,0.0300130695104599,0.29999855160713196
9,61575303902251,en,0.2435436099767685,0.08452744781970978,0.030023396015167236,0.29999682307243347
9,61574689937883,fr,0.2224191576242447,0.09805334359407425,0.030918478965759277,0.2999979853630066
9,61575625918798,fr,0.20078854262828827,0.11248643696308136,0.030001595616340637,0.29998865723609924
9,61575159445487,pt,0.21627041697502136,0.09256603568792343,0.030228570103645325,0.2999909520149231
9,61575245441106,en,0.23604974150657654,0.09101814031600952,0.030605390667915344,0.2999963164329529
9,61575530402770,en,0.2517882287502289,0.07845554500818253,0.034030765295028687,0.2999991178512573
9,61575449674736,fr,0.21715793013572693,0.09651517868041992,0.03154107928276062,0.29999858140945435
9,61575677426201,en,0.21189333498477936,0.10014292597770691,0.030895933508872986,0.29999876022338867
9,61575220672434,fr,0.22594968974590302,0.08868458122015,0.030599087476730347,0.29997342824935913
9,61575207112351,en,0.22758860886096954,0.09725560992956161,0.030240848660469055,0.29999497532844543
9,61575689365656,it,0.24342674016952515,0.07937735319137573,0.0316658616065979,0.29999634623527527
9,61575314851612,en,0.22879762947559357,0.09774894267320633,0.030094370245933533,0.2999962866306305
9,61575849234543,pt,0.23428687453269958,0.08877839148044586,0.031133025884628296,0.29995179176330566
9,61573389545206,it,0.22909130156040192,0.08887540549039841,0.03178991377353668,0.29999619722366333
9,61575147806028,pt,0.23994365334510803,0.07604793459177017,0.03400154411792755,0.2999936640262604
9,61575284104535,en,0.26133203506469727,0.0675184577703476,0.038110628724098206,0.29999834299087524
9,61575114161642,hi,0.24176064133644104,0.09459369629621506,0.030052095651626587,0.2999984622001648
9,61575635698445,pt,0.21353384852409363,0.09540333598852158,0.03001803159713745,0.2999916076660156
9,61574793554229,it,0.23975691199302673,0.08748845010995865,0.03020288050174713,0.299998939037323
9,61573072801000,fr,0.19959382712841034,0.10217151790857315,0.03013986349105835,0.2999858260154724
9,61575509307728,hi,0.24233688414096832,0.08453826606273651,0.030149206519126892,0.2999974191188812
9,61575227003442,it,0.218323215842247,0.09911517798900604,0.03034190833568573,0.29999494552612305
9,61575051841154,it,0.23711852729320526,0.07894060015678406,0.031475797295570374,0.2999919056892395
9,61575829405493,it,0.27091652154922485,0.0548100471496582,0.05163342505693436,0.2999977469444275
9,61575356045890,it,0.20951810479164124,0.108573779463768,0.030018523335456848,0.29999732971191406
9,61574994845337,en,0.21298718452453613,0.10191085189580917,0.030021607875823975,0.29999735951423645
9,61574977474091,en,0.21392403542995453,0.09783682972192764,0.03223930299282074,0.29999852180480957
9,61575678336895,fr,0.22387757897377014,0.09833896905183792,0.03001326322555542,0.29999732971191406
9,61574817464063,en,0.27200302481651306,0.053916409611701965,0.03512254357337952,0.29999831318855286
9,61574663866130,en,0.24099095165729523,0.07234680652618408,0.04444541782140732,0.29999884963035583
9,61575186265522,en,0.25924867391586304,0.07169574499130249,0.030209705233573914,0.2999987006187439
9,61575243311101,it,0.22219401597976685,0.09488309919834137,0.03011387586593628,0.299991637468338
9,61575821610647,hi,0.2218228578567505,0.09248202294111252,0.0307757705450058,0.2999960482120514
9,61575111327419,en,0.25067341327667236,0.08087203651666641,0.030378028750419617,0.2999987304210663
9,61575778203150,en,0.21199128031730652,0.1063564121723175,0.030029594898223877,0.2999986410140991
9,61573399053277,en,0.2814963757991791,0.041279371827840805,0.08630386739969254,0.29999804496765137
9,61574865220091,en,0.24297547340393066,0.08896252512931824,0.030104070901870728,0.2999989986419678
9,61574999765096,fr,0.20540295541286469,0.1052384153008461,0.03004385530948639,0.2999989092350006
9,61575046500552,en,0.24551361799240112,0.08637132495641708,0.030792638659477234,0.29999831318855286
9,61575088062953,it,0.2065146565437317,0.10138630121946335,0.030008390545845032,0.29998213052749634
9,61574128582078,en,0.2511850893497467,0.07152845710515976,0.033043161034584045,0.29999828338623047
9,61575532618099,en,0.2426975816488266,0.08664654940366745,0.033110469579696655,0.29999876022338867
9,61575460005891,it,0.2532186210155487,0.06845055520534515,0.03295750916004181,0.2999716103076935
9,61574752002783,en,0.23604170978069305,0.0943099856376648,0.030139267444610596,0.29999905824661255
9,61574963854572,en,0.17758114635944366,0.1099361926317215,0.030103415250778198,0.29999852180480957
9,61575134907982,it,0.2455570101737976,0.07978271692991257,0.034573033452034,0.29999226331710815
9,61574725486505,en,0.25425276160240173,0.07245790958404541,0.03332461416721344,0.2999989986419678
9,61575782391589,en,0.23821842670440674,0.08726613968610764,0.032807350158691406,0.2999986410140991
9,61573815667956,it,0.20216593146324158,0.1044730469584465,0.030004873871803284,0.29997706413269043
9,61575682345613,fr,0.21770118176937103,0.09880947321653366,0.0300721675157547,0.2999979853630066
9,61575308947711,hi,0.21001994609832764,0.1035907194018364,0.03095424175262451,0.2999991178512573
9,61575133420619,hi,0.23175224661827087,0.09085985273122787,0.03003951907157898,0.299998939037323
9,61575179138929,en,0.2269531637430191,0.08996867388486862,0.030146926641464233,0.2999982237815857
9,61575262936745,pt,0.20132406055927277,0.10174522548913956,0.03156542778015137,0.29999831318855286
9,61575302234656,pt,0.23893265426158905,0.0744403749704361,0.03164573013782501,0.29999786615371704
9,61575282129145,pt,0.2322475165128708,0.09212516993284225,0.03238280117511749,0.2999952733516693
9,61575144555723,pt,0.220919668674469,0.09737708419561386,0.030083253979682922,0.29999208450317383
9,61575147357302,it,0.21601542830467224,0.09947318583726883,0.030603736639022827,0.29999712109565735
9,61574928787493,it,0.22886495292186737,0.0945127010345459,0.030974924564361572,0.2999967336654663
9,61575324090992,en,0.24252042174339294,0.0821092501282692,0.031166717410087585,0.29999613761901855
9,61575134935995,hi,0.22108782827854156,0.09814244508743286,0.03004777431488037,0.2999979257583618
9,61575180414410,it,0.24068260192871094,0.0852026715874672,0.03204071521759033,0.29999613761901855
9,61575005164655,it,0.24443088471889496,0.08737114816904068,0.030046790838241577,0.29999634623527527
9,61575570054989,hi,0.18187999725341797,0.11049261689186096,0.030031293630599976,0.2999981641769409
9,61573191954824,pt,0.2562231123447418,0.070949487388134,0.0358995646238327,0.2999984622001648
9,61573587415133,en,0.2481825351715088,0.08018705248832703,0.0321698933839798,0.2999972701072693
9,61575732533301,pt,0.21230892837047577,0.10382582992315292,0.030005469918251038,0.29999423027038574
9,61575140786572,en,0.24001912772655487,0.0917883962392807,0.03036026656627655,0.2999991476535797
9,61575025108897,en,0.2304726541042328,0.09114663302898407,0.030033528804779053,0.2999917268753052
9,61573433221729,fr,0.21408255398273468,0.10078097134828568,0.031049758195877075,0.2999955415725708
9,61573596774794,pt,0.2393358200788498,0.0884544774889946,0.03157265484333038,0.29999828338623047
9,61575556914293,hi,0.2329469621181488,0.09627329558134079,0.030012711882591248,0.29999855160713196
9,61575312817624,pt,0.2344050407409668,0.09012231230735779,0.030909493565559387,0.29999667406082153
9,61573167969034,fr,0.2442418783903122,0.07156491279602051,0.032633647322654724,0.2999986410140991
9,61574921438928,en,0.26338574290275574,0.0637836754322052,0.03509116172790527,0.2999979257583618
9,61575125876415,en,0.21233145892620087,0.10091042518615723,0.03133176267147064,0.2999935746192932
9,61575152979706,hi,0.2256028801202774,0.09778265655040741,0.03004392981529236,0.29999855160713196
9,61575091678915,pt,0.1955670863389969,0.10510973632335663,0.03035275638103485,0.29999032616615295
9,61575220722146,en,0.2475004941225052,0.08542118221521378,0.03167682886123657,0.2999972105026245
9,61575829680247,it,0.23783835768699646,0.08317290991544724,0.03500284254550934,0.2999986410140991
9,61575138623198,en,0.2696329653263092,0.057719022035598755,0.03445617854595184,0.29999852180480957
9,61575306397643,pt,0.16750213503837585,0.10610133409500122,0.030021727085113525,0.2999889850616455
9,61575849294548,pt,0.1786017119884491,0.10799631476402283,0.030010700225830078,0.2999976873397827
9,61574855530567,en,0.24411222338676453,0.09047084301710129,0.030656129121780396,0.29999643564224243
9,61575189890579,en,0.21405911445617676,0.09873748570680618,0.03131125867366791,0.2999984323978424
9,61574100204041,it,0.21627336740493774,0.09988179802894592,0.030803725123405457,0.2999984622001648
9,61575074909869,pt,0.2034599334001541,0.10571438074111938,0.030295997858047485,0.29998600482940674
9,61575059787159,en,0.21377195417881012,0.09701655805110931,0.03100024163722992,0.2999904155731201
9,61575126533596,en,0.26681938767433167,0.058879509568214417,0.03491935133934021,0.29999840259552
9,61575580080566,it,0.24312232434749603,0.08420901000499725,0.031202569603919983,0.2999987304210663
9,61575232601470,pt,0.18489575386047363,0.10749088227748871,0.030002012848854065,0.2999970614910126
9,61575341466231,hi,0.23110273480415344,0.09418926388025284,0.03174962103366852,0.299996018409729
9,61574785574733,it,0.1773182451725006,0.11202754080295563,0.030004173517227173,0.2999979257583618
9,61575626782963,hi,0.2389524132013321,0.07394403219223022,0.037083595991134644,0.29999732971191406
9,61575117357728,it,0.22517113387584686,0.09989335387945175,0.03000454604625702,0.29999643564224243
9,61572728411956,fr,0.25010937452316284,0.07092928886413574,0.037645161151885986,0.2999992370605469
9,61575005447655,hi,0.19182652235031128,0.10444231331348419,0.031041666865348816,0.2999872863292694
9,61574955275865,en,0.26102420687675476,0.061986830085515976,0.03878539800643921,0.2999991774559021
9,61575794757479,pt,0.2584969997406006,0.07386326044797897,0.03157670795917511,0.29999491572380066
9,61575226252249,en,0.25188958644866943,0.06977539509534836,0.03248664736747742,0.2999969720840454
9,61575586061241,en,0.24043694138526917,0.08612995594739914,0.030915945768356323,0.2999992370605469
9,61575145166306,en,0.2187560498714447,0.09701236337423325,0.03166007995605469,0.29999828338623047
9,61575505107976,hi,0.21369031071662903,0.09928823262453079,0.030231088399887085,0.29999709129333496
9,61575499054322,hi,0.2529834806919098,0.07208175957202911,0.038988664746284485,0.29999858140945435
9,61575323976887,en,0.2633633613586426,0.06248689815402031,0.032748982310295105,0.2999967932701111
9,61575152565446,it,0.21120719611644745,0.09520202875137329,0.032747119665145874,0.299996554851532
9,61575755242672,en,0.23535418510437012,0.09521877765655518,0.03011709451675415,0.2999988794326782
9,61575187598053,en,0.24274419248104095,0.08866801112890244,0.03158482909202576,0.29999876022338867
9,61575061559762,en,0.254203736782074,0.07889857143163681,0.030703529715538025,0.2999989986419678
9,61575533882644,pt,0.21973678469657898,0.09468908607959747,0.0302259624004364,0.2999977469444275
9,61575494740784,pt,0.20896166563034058,0.10821482539176941,0.030062004923820496,0.2999754548072815
9,61575689515528,en,0.2215844839811325,0.09962259232997894,0.03005358576774597,0.29999059438705444
9,61575061077037,hi,0.22650401294231415,0.0992894098162651,0.03004699945449829,0.29999586939811707
9,61575169856226,fr,0.20935240387916565,0.10055245459079742,0.030066028237342834,0.29999640583992004
9,61575169251615,en,0.20631563663482666,0.10813143104314804,0.030002251267433167,0.2999988794326782
9,61574733946017,en,0.250171422958374,0.08294923603534698,0.030024752020835876,0.2999991774559021
9,61574883069816,it,0.2090856432914734,0.1076015830039978,0.03035224974155426,0.2999892830848694
9,61575549901920,pt,0.21330085396766663,0.10253158211708069,0.0300016850233078,0.29999274015426636
9,61575122184024,en,0.24094748497009277,0.08632198721170425,0.031710729002952576,0.29999876022338867
9,61573508699440,en,0.2063877284526825,0.10658381134271622,0.030240267515182495,0.2999829053878784
9,61575541172249,it,0.20807772874832153,0.10919871181249619,0.03005768358707428,0.29999101161956787
9,61575537956540,en,0.246304452419281,0.08778686076402664,0.030340328812599182,0.29999905824661255
9,61575259760425,it,0.20354026556015015,0.10950927436351776,0.030015602707862854,0.2999975383281708
9,61573175695316,en,0.25555744767189026,0.0758039578795433,0.031230658292770386,0.2999976575374603
9,61574775281781,en,0.24443462491035461,0.08360406756401062,0.0345759242773056,0.29999834299087524
9,61574855051268,fr,0.21084117889404297,0.09889121353626251,0.030070960521697998,0.29999661445617676
9,61575016052070,en,0.2709752917289734,0.05513089522719383,0.037816330790519714,0.2999991178512573
9,61575716045581,en,0.2550160586833954,0.07133843004703522,0.0367371141910553,0.29999902844429016
9,61574832908862,en,0.19588598608970642,0.10665460675954819,0.03042447566986084,0.29999858140945435
9,61575636999621,hi,0.1827886700630188,0.10944987088441849,0.03005044162273407,0.29999208450317383
9,61575069571460,fr,0.2523968517780304,0.07332945615053177,0.037437766790390015,0.29999858140945435
9,61575554348076,it,0.23672367632389069,0.08913581073284149,0.030686214566230774,0.2999964952468872
9,61573358494546,fr,0.22025419771671295,0.0963025689125061,0.031050458550453186,0.29999807476997375
9,61575074773964,hi,0.2334768921136856,0.0905841812491417,0.03140193223953247,0.2999971807003021
9,61575494246952,hi,0.21930553019046783,0.10082612931728363,0.030003666877746582,0.29999709129333496
9,61574815482213,en,0.20287732779979706,0.10574913769960403,0.03004021942615509,0.29999858140945435
9,61575252370580,pt,0.2121734321117401,0.09167884290218353,0.031977489590644836,0.2999677062034607
9,61575770758381,pt,0.23315049707889557,0.08737093955278397,0.032971084117889404,0.2999950647354126
9,61575680875975,fr,0.2262144684791565,0.0927092656493187,0.030425921082496643,0.29999709129333496
9,61575085619309,it,0.2250864952802658,0.09406545013189316,0.0305233895778656,0.29999658465385437
9,61574737216943,it,0.22454936802387238,0.08628907054662704,0.033107563853263855,0.2999897003173828
9,61572939577297,en,0.23258964717388153,0.09424044191837311,0.03016883134841919,0.2999979257583618
9,61575031471293,en,0.23299486935138702,0.08806588500738144,0.03304573893547058,0.2999842166900635
9,61575654807398,fr,0.2695324122905731,0.055956561118364334,0.041126400232315063,0.299998939037323
9,61575226372155,it,0.24824708700180054,0.07555422186851501,0.033702075481414795,0.2999972701072693
9,61575260650253,en,0.2260071039199829,0.09384090453386307,0.03196732699871063,0.29999691247940063
9,61574942256705,it,0.20674259960651398,0.09750102460384369,0.031005293130874634,0.299970805644989
9,61574798804240,hi,0.21644674241542816,0.10526666045188904,0.030406683683395386,0.29999709129333496
9,61575755039100,pt,0.1699812114238739,0.1113707572221756,0.030049219727516174,0.29997318983078003
9,61575119906899,fr,0.1904684603214264,0.10345077514648438,0.030297011137008667,0.29999834299087524
9,61575751049240,pt,0.237444669008255,0.08811275660991669,0.030070051550865173,0.2999982237815857
9,61574996507842,hi,0.21350747346878052,0.09322288632392883,0.03133842349052429,0.29999732971191406
9,61572643031348,pt,0.23545555770397186,0.08984766900539398,0.03115406632423401,0.29999735951423645
9,61575532832693,en,0.19488073885440826,0.11217844486236572,0.030004233121871948,0.29999226331710815
9,61575075284018,hi,0.22144262492656708,0.08986776322126389,0.030385613441467285,0.2999960780143738
9,61575122567285,fr,0.21322178840637207,0.10716302692890167,0.030005648732185364,0.29999762773513794
9,61573003997283,fr,0.21713203191757202,0.09543810039758682,0.03149232268333435,0.29999756813049316
9,61575304682136,hi,0.2355949431657791,0.08436281234025955,0.030198082327842712,0.29999905824661255
9,61575207594362,fr,0.2519935965538025,0.07692047208547592,0.031002014875411987,0.29999905824661255
9,61574865641861,it,0.23759527504444122,0.08166869729757309,0.03486113250255585,0.29999029636383057
9,61574923117609,hi,0.21764373779296875,0.098345547914505,0.03022034466266632,0.29999807476997375
9,61575148359774,en,0.23672713339328766,0.09458883106708527,0.030236825346946716,0.2999989092350006
9,61574785483945,fr,0.17629307508468628,0.11110664159059525,0.030081570148468018,0.2999974489212036
9,61574997930238,en,0.23321664333343506,0.09507916122674942,0.030302003026008606,0.29999858140945435
9,61575796370877,it,0.2063267081975937,0.10727488249540329,0.03003939986228943,0.2999870777130127
9,61575187214281,it,0.22979557514190674,0.09092503786087036,0.03187258541584015,0.29999762773513794
9,61574977866022,en,0.23581276834011078,0.08982182294130325,0.030512675642967224,0.2999970316886902
9,61575161785561,pt,0.1927095204591751,0.10521398484706879,0.03000880777835846,0.29999080300331116
9,61575236435207,hi,0.2457318753004074,0.08650192618370056,0.03103242814540863,0.29999858140945435
9,61575769203176,hi,0.20455165207386017,0.10164131224155426,0.03006008267402649,0.2999951243400574
9,61575305648078,it,0.2380884736776352,0.09146662056446075,0.030092954635620117,0.299998015165329
9,61574760582067,en,0.25944021344184875,0.07886859029531479,0.03042122721672058,0.2999984622001648
9,61575129328475,it,0.2193058282136917,0.0958063080906868,0.031930938363075256,0.2999849021434784
9,61573536988081,fr,0.22679847478866577,0.09457062929868698,0.030314520001411438,0.2999988794326782
9,61573216118266,it,0.23542772233486176,0.08802375942468643,0.03152340650558472,0.29999756813049316
9,61575633442519,hi,0.20274166762828827,0.09634838253259659,0.030018791556358337,0.29997628927230835
9,61575221512411,hi,0.24166032671928406,0.08112912625074387,0.03205388784408569,0.2999889850616455
9,61575100647735,en,0.23891599476337433,0.08871403336524963,0.03138871490955353,0.2999991774559021
9,61574922094244,en,0.26147565245628357,0.06521369516849518,0.0359763503074646,0.29999837279319763
9,61575555567384,fr,0.1957884579896927,0.10486005246639252,0.030094236135482788,0.29999834299087524
9,61573042665508,fr,0.23042525351047516,0.08866437524557114,0.03133086860179901,0.29999881982803345
9,61575502108193,en,0.23760433495044708,0.09537525475025177,0.030187159776687622,0.29999834299087524
9,61575484211181,pt,0.19263646006584167,0.11255864799022675,0.030013710260391235,0.2999984622001648
9,61575317113475,pt,0.20910073816776276,0.09626443684101105,0.03023703396320343,0.29999762773513794
9,61575165415117,fr,0.20772142708301544,0.0979757010936737,0.030062273144721985,0.29999786615371704
9,61575603778005,it,0.24366845190525055,0.08332442492246628,0.030900105834007263,0.2999975085258484
9,61575160987799,hi,0.217048779129982,0.10574233531951904,0.030124366283416748,0.299993634223938
9,61575123447467,fr,0.20915792882442474,0.10329887270927429,0.030011579394340515,0.29999762773513794
9,61575667346713,en,0.22857768833637238,0.0939742848277092,0.030271127820014954,0.2999984323978424
9,61575632169437,fr,0.2345554083585739,0.08405587077140808,0.030296072363853455,0.29999053478240967
9,61574928127303,pt,0.20006877183914185,0.1063607931137085,0.030123457312583923,0.29999876022338867
9,61575289802878,en,0.24436114728450775,0.07927154004573822,0.03233270347118378,0.29999348521232605
9,61575200353453,it,0.22990286350250244,0.09440837800502777,0.03143696486949921,0.29998186230659485
9,61574764455076,it,0.22620750963687897,0.09740649908781052,0.030467748641967773,0.29999518394470215
9,61575731693479,en,0.22357352077960968,0.09370395541191101,0.030056387186050415,0.2999988794326782
9,61575049741188,fr,0.1970745474100113,0.09832001477479935,0.030194759368896484,0.29999300837516785
9,61575145346143,pt,0.23426201939582825,0.08462871611118317,0.03358997404575348,0.2999938130378723
9,61574796344244,pt,0.18587462604045868,0.11140168458223343,0.030154168605804443,0.2999972105026245
9,61575786231324,hi,0.22845718264579773,0.09550509601831436,0.030016914010047913,0.29999876022338867
9,61575534002323,en,0.26062247157096863,0.06513556092977524,0.03855635225772858,0.2999982535839081
9,61575621419066,hi,0.23444634675979614,0.09259861707687378,0.030176788568496704,0.2999977767467499
9,61575191863415,hi,0.21493534743785858,0.0931381955742836,0.030082285404205322,0.29999881982803345
9,61575196823636,pt,0.21588952839374542,0.1069984957575798,0.030063778162002563,0.2999979257583618
9,61574940548040,fr,0.26860949397087097,0.056985802948474884,0.03591407835483551,0.2999970316886902
9,61574768265684,hi,0.21081578731536865,0.10110235214233398,0.030069217085838318,0.29997390508651733
9,61575557971497,fr,0.21479372680187225,0.09833956509828568,0.030012652277946472,0.2999984622001648
9,61574674005988,en,0.21733228862285614,0.09967257082462311,0.03099784255027771,0.2999988794326782
9,61575568080955,en,0.2257923036813736,0.09021596610546112,0.03748351335525513,0.2999952435493469
9,61575796940771,en,0.24703043699264526,0.07923246175050735,0.0317753404378891,0.29999756813049316
9,61575212768289,en,0.2737036943435669,0.051999155431985855,0.036962851881980896,0.29999834299087524
9,61575143006497,pt,0.22777299582958221,0.09700907766819,0.030011937022209167,0.29999351501464844
9,61575070651124,it,0.22608214616775513,0.09617050737142563,0.030007079243659973,0.29999840259552
9,61575580421441,fr,0.22356313467025757,0.08879109472036362,0.032510340213775635,0.299996018409729
9,61575274269379,it,0.26278501749038696,0.061495475471019745,0.04543077200651169,0.2999933063983917
9,61574727767195,en,0.22166495025157928,0.09546928852796555,0.03049062192440033,0.29999688267707825
9,61575192170378,en,0.23263795673847198,0.08185426890850067,0.033673256635665894,0.2999981641769409
9,61572954786814,pt,0.22944706678390503,0.08585262298583984,0.0338449627161026,0.29999879002571106
9,61575562736575,en,0.251172810792923,0.0743827298283577,0.034677162766456604,0.2999992072582245
9,61573212398163,it,0.25502872467041016,0.0754130482673645,0.030861392617225647,0.2999974489212036
9,61575176453944,en,0.22745683789253235,0.09597104787826538,0.030467063188552856,0.29999804496765137
9,61573129617310,hi,0.22269433736801147,0.10153939574956894,0.03006085753440857,0.29999884963035583
9,61575237281286,it,0.21975910663604736,0.0911717638373375,0.030751273036003113,0.29999834299087524
9,61574782514001,en,0.2639182209968567,0.0633782371878624,0.03552727401256561,0.2999981939792633
9,61575162475372,pt,0.23309476673603058,0.0879550501704216,0.031705453991889954,0.2999979853630066
9,61575277305874,pt,0.2415037453174591,0.08706744015216827,0.03018428385257721,0.29999855160713196
9,61573496429300,fr,0.22825853526592255,0.09320776909589767,0.03003688156604767,0.2999896705150604
9,61574810979559,en,0.23213937878608704,0.09811490774154663,0.030005797743797302,0.29999828338623047
9,61575624382959,en,0.206725612282753,0.10938281565904617,0.03048810362815857,0.2999982237815857
9,61575307694452,pt,0.2403351217508316,0.08301769196987152,0.030778318643569946,0.2999832034111023
9,61575025023617,pt,0.20831546187400818,0.09582216292619705,0.030249789357185364,0.29998570680618286
9,61575621478987,pt,0.22118115425109863,0.10011673718690872,0.030377879738807678,0.2999977469444275
9,61575714924287,en,0.23106077313423157,0.09641904383897781,0.03018304705619812,0.2999972105026245
9,61574946005614,en,0.2396276295185089,0.08838266134262085,0.031176432967185974,0.2999974489212036
9,61575707904529,en,0.23525670170783997,0.09443891793489456,0.030569016933441162,0.29999884963035583
9,61575567781112,pt,0.2118053138256073,0.09324885904788971,0.030516132712364197,0.2999935746192932
9,61575422729180,en,0.2318068891763687,0.08903864771127701,0.030657082796096802,0.29999762773513794
9,61574991695405,en,0.21300414204597473,0.10692226886749268,0.030344635248184204,0.29999467730522156
9,61574951432810,en,0.2724955677986145,0.05185820907354355,0.05792110413312912,0.299998939037323
9,61574890779488,pt,0.2241462767124176,0.08783619105815887,0.03179502487182617,0.29991358518600464
9,61575728765062,hi,0.22860828042030334,0.08968228101730347,0.03160977363586426,0.29999884963035583
9,61575214852696,pt,0.22879038751125336,0.09737573564052582,0.030656084418296814,0.2999984622001648
9,61573053375071,fr,0.19526784121990204,0.10601039975881577,0.03155992925167084,0.29999738931655884
9,61573380245557,it,0.20093612372875214,0.10127681493759155,0.030001133680343628,0.2999955415725708
9,61574978944598,pt,0.2529055178165436,0.07680176198482513,0.031112805008888245,0.299996554851532
9,61575606263930,en,0.21063849329948425,0.10168810933828354,0.030859097838401794,0.29999685287475586
9,61575147567358,fr,0.2116161435842514,0.10372168570756912,0.030065611004829407,0.2999967336654663
9,61575717804104,en,0.2295057773590088,0.08972583711147308,0.030473709106445312,0.29999756813049316
9,61572914558646,pt,0.1969795674085617,0.10705973207950592,0.03002949059009552,0.29999858140945435
9,61573902003588,it,0.21101520955562592,0.10058945417404175,0.03018955886363983,0.2999987006187439
9,61575235145623,en,0.23193611204624176,0.08862895518541336,0.03320580720901489,0.29999804496765137
9,61575057779980,en,0.26783323287963867,0.056978534907102585,0.03831253945827484,0.2999989688396454
9,61575514233503,en,0.23879402875900269,0.07756371051073074,0.036298513412475586,0.2999081015586853
9,61575806960249,hi,0.22466374933719635,0.08861345797777176,0.03451353311538696,0.2999684512615204
9,61575203154702,it,0.22357177734375,0.09468071162700653,0.03159870207309723,0.2999974191188812
9,61575168338780,hi,0.24037325382232666,0.08085619658231735,0.030959054827690125,0.2999338209629059
9,61575095755348,en,0.21800050139427185,0.10035517811775208,0.03009355068206787,0.2999986410140991
9,61574935477073,pt,0.21080778539180756,0.11068100482225418,0.03005431592464447,0.2999982535839081
9,61572882850263,en,0.25990039110183716,0.06776658445596695,0.0321589857339859,0.2999981939792633
9,61575618485389,pt,0.2246987521648407,0.10031534731388092,0.030092716217041016,0.299998939037323
9,61574831978505,en,0.25188562273979187,0.07961756736040115,0.03138859570026398,0.29999876022338867
9,61575156865865,fr,0.23465995490550995,0.08877946436405182,0.03010156750679016,0.29999858140945435
9,61575054840889,hi,0.22255727648735046,0.09924031794071198,0.030006051063537598,0.2999988794326782
9,61575625025576,pt,0.25132128596305847,0.0726366639137268,0.034130796790122986,0.29999828338623047
9,61573590145100,pt,0.21614134311676025,0.10179798305034637,0.030188918113708496,0.29999732971191406
9,61575003572712,hi,0.257976770401001,0.062286943197250366,0.03849615156650543,0.29999634623527527
9,61575140242986,en,0.21321263909339905,0.09705644100904465,0.03028002381324768,0.29999852180480957
9,61575061680510,it,0.18569497764110565,0.10172068327665329,0.03027239441871643,0.29999175667762756
9,61575575574825,pt,0.23740436136722565,0.08524142950773239,0.032676056027412415,0.2999947667121887
9,61575128956704,it,0.2378981113433838,0.08602733910083771,0.03006651997566223,0.2999958097934723
9,61575676166192,en,0.2525261342525482,0.07477927953004837,0.03322376310825348,0.29999881982803345
9,61575600087094,hi,0.2100416123867035,0.08988683670759201,0.0319947749376297,0.2999352216720581
9,61575039211521,pt,0.21280448138713837,0.10782840847969055,0.030010297894477844,0.2999921441078186
9,61573509419161,fr,0.21593616902828217,0.0950520783662796,0.030080989003181458,0.2999987006187439
9,61575787832729,en,0.27468904852867126,0.046682827174663544,0.05408191680908203,0.2999972105026245
9,61572806113212,en,0.23921392858028412,0.0959404706954956,0.03000304102897644,0.29999738931655884
9,61574996550205,en,0.26335644721984863,0.06155978515744209,0.047108523547649384,0.2999982237815857
9,61575686485825,fr,0.228653684258461,0.09463857859373093,0.03020647168159485,0.29996997117996216
9,61575337302838,pt,0.2630850374698639,0.05954430252313614,0.04383236914873123,0.2999967336654663
9,61575183980808,en,0.24219243228435516,0.08676435053348541,0.03031037747859955,0.2999991178512573
9,61575080220981,en,0.24122488498687744,0.07675871253013611,0.04006887972354889,0.29999804496765137
9,61575209213090,fr,0.23732352256774902,0.08739221841096878,0.033677488565444946,0.2999969720840454
9,61575197780172,en,0.2007424682378769,0.09519872814416885,0.03480269014835358,0.29999613761901855
9,61575028442180,fr,0.18992315232753754,0.11622603982686996,0.030019953846931458,0.29999735951423645
9,61575248000254,en,0.260174423456192,0.06669272482395172,0.039501339197158813,0.29999786615371704
9,61574651897378,en,0.2542025148868561,0.07384767383337021,0.03154464066028595,0.29999840259552
9,61575084119219,en,0.2242429107427597,0.10270820558071136,0.03000640869140625,0.2999991178512573
9,61575202535455,hi,0.2156241536140442,0.10479507595300674,0.030013829469680786,0.29999756813049316
9,61575224736246,en,0.22024981677532196,0.10359525680541992,0.030021756887435913,0.2999974489212036
9,61573079190124,pt,0.22588641941547394,0.10148558765649796,0.03001272678375244,0.2999977469444275
9,61575011283063,it,0.22578351199626923,0.09006994217634201,0.03362976014614105,0.29998379945755005
9,61575112227227,en,0.2516597807407379,0.06686516106128693,0.04554066061973572,0.29996880888938904
9,61575953244525,hi,0.23219160735607147,0.10050509870052338,0.03003332018852234,0.2999979853630066
9,61575587711344,it,0.2148829996585846,0.09536880254745483,0.03422750532627106,0.2999924421310425
9,61575152395919,it,0.20516182482242584,0.10525175929069519,0.030005425214767456,0.2999986708164215
9,61575939565143,en,0.22142694890499115,0.09336929768323898,0.03041684627532959,0.29999858140945435
9,61575794367448,pt,0.204390749335289,0.10874723643064499,0.030081704258918762,0.2999969720840454
9,61574820912289,it,0.23823899030685425,0.09340352565050125,0.03042273223400116,0.2999964654445648
9,61572954306907,pt,0.21372875571250916,0.09736354649066925,0.030459091067314148,0.29998987913131714
9,61575134236693,fr,0.2057427018880844,0.11022258549928665,0.030005156993865967,0.2999979853630066
9,61575307141915,en,0.27643513679504395,0.04871171712875366,0.04672954976558685,0.29999738931655884
9,61575624868902,en,0.17032428085803986,0.11470455676317215,0.030348658561706543,0.299996554851532
9,61575171116206,fr,0.18864043056964874,0.10253040492534637,0.030011817812919617,0.2999587655067444
9,61575215922342,hi,0.20095683634281158,0.11139638721942902,0.030026286840438843,0.2999945878982544
9,61575106794786,en,0.23540081083774567,0.08678755164146423,0.03281882405281067,0.29999569058418274
9,61575519009521,pt,0.171317458152771,0.09906601160764694,0.03246966004371643,0.2999894320964813
9,61574835341215,fr,0.2225155085325241,0.09692805260419846,0.03026142716407776,0.29999637603759766
9,61575263014083,en,0.15992143750190735,0.11864203959703445,0.030007317662239075,0.29999417066574097
9,61575578274585,en,0.19892549514770508,0.10568810254335403,0.030079245567321777,0.29999780654907227
9,61574078395311,it,0.2200746238231659,0.10360788553953171,0.03009285032749176,0.2999976873397827
9,61575100662412,en,0.2133369892835617,0.10007236152887344,0.03276775777339935,0.29999545216560364
9,61574829698864,en,0.2066492736339569,0.10655482113361359,0.03009083867073059,0.2999958395957947
9,61574071554987,it,0.22764350473880768,0.0962895080447197,0.030127793550491333,0.2999987006187439
9,61573941970022,it,0.23114441335201263,0.0928584560751915,0.03037041425704956,0.29998543858528137
9,61575721133931,fr,0.2269567847251892,0.09679750353097916,0.03041653335094452,0.299996554851532
9,61573071750653,fr,0.2573544383049011,0.0637492761015892,0.0408233106136322,0.2999977767467499
9,61575036691879,fr,0.2126987725496292,0.0934477373957634,0.030200645327568054,0.2999952435493469
9,61575642477991,hi,0.23777049779891968,0.09109262377023697,0.030201047658920288,0.29999881982803345
9,61574082594447,it,0.24076761305332184,0.08725819736719131,0.031976357102394104,0.2999952435493469
9,61575024899211,en,0.2446620911359787,0.07758131623268127,0.037333860993385315,0.2999976873397827
9,61574787854878,pt,0.27004274725914,0.055485110729932785,0.050943806767463684,0.299998015165329
9,61574724947307,it,0.24490003287792206,0.08530403673648834,0.03252078592777252,0.29999691247940063
9,61573090242830,en,0.26371321082115173,0.06389538198709488,0.03986644744873047,0.29999539256095886
9,61575552061888,pt,0.16960453987121582,0.11210926622152328,0.030049920082092285,0.2999984622001648
9,61574769614945,en,0.24584004282951355,0.07914558053016663,0.03693559765815735,0.29999518394470215
9,61575248771116,en,0.23638322949409485,0.07991072535514832,0.03571854531764984,0.29999881982803345
10,61574934126943,pt,0.19601859152317047,0.11256300657987595,0.03000149130821228,0.29999637603759766
10,61575691375427,fr,0.20949234068393707,0.10421577841043472,0.030341118574142456,0.2999950349330902
10,61575485818749,hi,0.22415225207805634,0.0992632582783699,0.030050426721572876,0.2999986410140991
10,61574816892552,pt,0.1804448515176773,0.10943998396396637,0.030818969011306763,0.2999839186668396
10,61574075455618,it,0.23710988461971283,0.09666137397289276,0.030002549290657043,0.29999831318855286
10,61575459945486,fr,0.21801601350307465,0.09917577356100082,0.03000226616859436,0.29999905824661255
10,61574981251318,en,0.23548316955566406,0.09142269939184189,0.030267134308815002,0.2999986708164215
10,61575731069908,it,0.25125768780708313,0.07976996898651123,0.03154084086418152,0.29999840259552
10,61574875659187,hi,0.24457955360412598,0.08553162217140198,0.030242711305618286,0.2999967932701111
10,61574801413926,fr,0.2159804254770279,0.09829259663820267,0.030093222856521606,0.29999828338623047
10,61575146115727,en,0.2168373167514801,0.09988795965909958,0.03055940568447113,0.29999762773513794
10,61573204057105,pt,0.23473972082138062,0.08578849583864212,0.03265997767448425,0.29999619722366333
10,61573089179589,en,0.2299133688211441,0.09097900986671448,0.030071735382080078,0.2999955415725708
10,61574905567721,en,0.1861455887556076,0.11216496676206589,0.030020594596862793,0.299995481967926
10,61574951645380,en,0.22814641892910004,0.08690440654754639,0.03326605260372162,0.2999960780143738
10,61574784704159,en,0.25035378336906433,0.08233217149972916,0.03212505578994751,0.29999685287475586
10,61575176273985,fr,0.19640831649303436,0.10545234382152557,0.030104488134384155,0.29998183250427246
10,61574760312216,en,0.25003495812416077,0.08217058330774307,0.030181527137756348,0.2999987006187439
10,61575685105868,hi,0.22871799767017365,0.09662814438343048,0.03009377419948578,0.299996942281723
10,61575670886568,hi,0.20939190685749054,0.1013728454709053,0.030115455389022827,0.29999488592147827
10,61575164631789,en,0.23919689655303955,0.08984564989805222,0.03218884766101837,0.2999984323978424
10,61575208087101,hi,0.21862846612930298,0.09824740886688232,0.030031666159629822,0.29999879002571106
10,61575843929653,en,0.1979910433292389,0.11256542801856995,0.030054792761802673,0.29999738931655884
10,61575206423273,hi,0.24430160224437714,0.07698066532611847,0.036132097244262695,0.299996018409729
10,61572994007723,fr,0.1897897571325302,0.10591667145490646,0.030027136206626892,0.2999984622001648
10,61575207732884,en,0.26250573992729187,0.06684514135122299,0.04026053845882416,0.29999619722366333
10,61575184700780,en,0.2681277394294739,0.0645313486456871,0.03565835952758789,0.2999987006187439
10,61574992560566,hi,0.23278988897800446,0.09368829429149628,0.03000590205192566,0.2999967336654663
10,61573566207733,fr,0.20806872844696045,0.10225003212690353,0.03014233708381653,0.2999989986419678
10,61575283718902,en,0.2703801691532135,0.055009033530950546,0.037996113300323486,0.2999984323978424
10,61574821569203,en,0.22088536620140076,0.09561370313167572,0.031629860401153564,0.29999905824661255
10,61575240461266,pt,0.1982334852218628,0.09914877265691757,0.030001521110534668,0.29999828338623047
10,61575616199388,hi,0.216073140501976,0.09729211032390594,0.030021414160728455,0.29999595880508423
10,61574709227973,pt,0.16519203782081604,0.1089061051607132,0.03002798557281494,0.2999970316886902
10,61574889725701,en,0.2393212765455246,0.08918463438749313,0.0301244854927063,0.29999881982803345
10,61575850974558,it,0.20577307045459747,0.1061858981847763,0.030014604330062866,0.2999986410140991
10,61575303902251,en,0.240708589553833,0.08450555056333542,0.030158400535583496,0.29998838901519775
10,61574689937883,fr,0.2283138483762741,0.09337031096220016,0.03134790062904358,0.29999813437461853
10,61575625918798,fr,0.20530538260936737,0.10667695850133896,0.03000238537788391,0.2999935448169708
10,61575159445487,pt,0.2116062343120575,0.09296205639839172,0.030228033661842346,0.29998767375946045
10,61575245441106,en,0.23606538772583008,0.09140145778656006,0.030601248145103455,0.29999685287475586
10,61575530402770,en,0.25069180130958557,0.07918741554021835,0.032988548278808594,0.2999991774559021
10,61575449674736,fr,0.22384247183799744,0.09271389991044998,0.03382514417171478,0.299998939037323
10,61575677426201,en,0.1949683576822281,0.10654386132955551,0.030697539448738098,0.29999813437461853
10,61575220672434,fr,0.2313453108072281,0.08641724288463593,0.031159192323684692,0.29995888471603394
10,61575207112351,en,0.23116759955883026,0.09685572236776352,0.03019373118877411,0.2999970316886902
10,61575689365656,it,0.23703601956367493,0.08312273770570755,0.031747594475746155,0.29999664425849915
10,61575314851612,en,0.23339037597179413,0.0934419259428978,0.030166029930114746,0.2999976575374603
10,61575849234543,pt,0.23806431889533997,0.08638900518417358,0.03161977231502533,0.2999722361564636
10,61573389545206,it,0.2392500340938568,0.08157287538051605,0.03401839733123779,0.29999709129333496
10,61575147806028,pt,0.25489434599876404,0.06636188179254532,0.03437206149101257,0.29999691247940063
10,61575284104535,en,0.26401299238204956,0.06499707698822021,0.037305817008018494,0.29999831318855286
10,61575114161642,hi,0.2400667816400528,0.09618043899536133,0.0300874263048172,0.29999837279319763
10,61575635698445,pt,0.2074674516916275,0.09791125357151031,0.030006155371665955,0.29999470710754395
10,61574793554229,it,0.25267016887664795,0.07842473685741425,0.030417948961257935,0.299998939037323
10,61573072801000,fr,0.20604021847248077,0.10112739354372025,0.03015807271003723,0.2999943196773529
10,61575509307728,hi,0.2361793965101242,0.08817707747220993,0.030495822429656982,0.29999759793281555
10,61575227003442,it,0.22268007695674896,0.09743811190128326,0.03114566206932068,0.29999637603759766
10,61575051841154,it,0.2339283674955368,0.08327298611402512,0.03148326277732849,0.2999899685382843
10,61575829405493,it,0.26555025577545166,0.06004554405808449,0.04582531750202179,0.29999738931655884
10,61575356045890,it,0.22055350244045258,0.10471895337104797,0.03002120554447174,0.2999974489212036
10,61574994845337,en,0.22684919834136963,0.09563126415014267,0.030058205127716064,0.2999956011772156
10,61574977474091,en,0.2283136546611786,0.0880129411816597,0.0323067307472229,0.2999986410140991
10,61575678336895,fr,0.2322668433189392,0.09565213322639465,0.030004382133483887,0.29999709129333496
10,61574817464063,en,0.2700991630554199,0.05814732238650322,0.036983877420425415,0.29999813437461853
10,61574663866130,en,0.2437243014574051,0.07221347093582153,0.04455431550741196,0.29999881982803345
10,61575186265522,en,0.26148369908332825,0.0691218450665474,0.030231326818466187,0.2999989688396454
10,61575243311101,it,0.22311469912528992,0.09287111461162567,0.030204683542251587,0.2999911308288574
10,61575821610647,hi,0.22599466145038605,0.08990873396396637,0.03112274408340454,0.29999738931655884
10,61575111327419,en,0.2483222335577011,0.08095796406269073,0.03054952621459961,0.29999810457229614
10,61575778203150,en,0.21059775352478027,0.10601651668548584,0.030010387301445007,0.29999831318855286
10,61573399053277,en,0.2818189561367035,0.040611382573843,0.09021636098623276,0.2999982237815857
10,61574865220091,en,0.2368718385696411,0.09282925724983215,0.030020028352737427,0.29999881982803345
10,61574999765096,fr,0.21502375602722168,0.09716255217790604,0.030058369040489197,0.29999876022338867
10,61575046500552,en,0.2308104932308197,0.09606937319040298,0.030380979180336,0.2999979853630066
10,61575088062953,it,0.21520590782165527,0.09869316220283508,0.030005961656570435,0.29997584223747253
10,61574128582078,en,0.26205217838287354,0.06688351184129715,0.032133668661117554,0.2999986410140991
10,61575532618099,en,0.2516547739505768,0.07877658307552338,0.035523757338523865,0.299998939037323
10,61575460005891,it,0.26199719309806824,0.061781320720911026,0.03567664325237274,0.2999897599220276
10,61574752002783,en,0.24091915786266327,0.0901704654097557,0.030040979385375977,0.2999988794326782
10,61574963854572,en,0.18613505363464355,0.10672734677791595,0.03011871874332428,0.29999852180480957
10,61575134907982,it,0.2431008219718933,0.07921194285154343,0.03535419702529907,0.2999931275844574
10,61574725486505,en,0.24835768342018127,0.08079516142606735,0.03230108320713043,0.2999988794326782
10,61575782391589,en,0.2308836132287979,0.09228993207216263,0.03109028935432434,0.2999986708164215
10,61573815667956,it,0.19982074201107025,0.10355739295482635,0.030003637075424194,0.2999737858772278
10,61575682345613,fr,0.21208609640598297,0.1003665030002594,0.030038803815841675,0.29999691247940063
10,61575308947711,hi,0.21397890150547028,0.10235825181007385,0.030883118510246277,0.2999991178512573
10,61575133420619,hi,0.2447924017906189,0.08493668586015701,0.030049368739128113,0.299998939037323
10,61575179138929,en,0.23035630583763123,0.0905332937836647,0.030075669288635254,0.2999984622001648
10,61575262936745,pt,0.1994623839855194,0.09943930059671402,0.03144325315952301,0.29999810457229614
10,61575302234656,pt,0.22561652958393097,0.08110000193119049,0.03125132620334625,0.2999974191188812
10,61575282129145,pt,0.22128720581531525,0.09657121449708939,0.030861571431159973,0.2999953627586365
10,61575144555723,pt,0.20472055673599243,0.10389521718025208,0.030048534274101257,0.29998889565467834
10,61575147357302,it,0.21062344312667847,0.10126453638076782,0.03021407127380371,0.29999709129333496
10,61574928787493,it,0.2335158735513687,0.09348167479038239,0.030738815665245056,0.29999667406082153
10,61575324090992,en,0.2361253947019577,0.0853467509150505,0.03173227608203888,0.2999933063983917
10,61575134935995,hi,0.2273801565170288,0.09648071974515915,0.030060499906539917,0.2999967336654663
10,61575180414410,it,0.23467032611370087,0.09116960316896439,0.03157620131969452,0.29999619722366333
10,61575005164655,it,0.25112980604171753,0.0806007906794548,0.030086666345596313,0.2999972701072693
10,61575570054989,hi,0.1787242591381073,0.11163907498121262,0.03000938892364502,0.29999828338623047
10,61573191954824,pt,0.24595852196216583,0.08132822066545486,0.03415113687515259,0.2999981939792633
10,61573587415133,en,0.2517460882663727,0.07905261218547821,0.03220808506011963,0.2999979257583618
10,61575732533301,pt,0.2175626903772354,0.10223416239023209,0.03000544011592865,0.29999494552612305
10,61575140786572,en,0.25238534808158875,0.0819677859544754,0.03049197793006897,0.2999991178512573
10,61575025108897,en,0.22671903669834137,0.09628244489431381,0.03008095920085907,0.299993634223938
10,61573433221729,fr,0.20753414928913116,0.10459201037883759,0.030942991375923157,0.29999518394470215
10,61573596774794,pt,0.23073406517505646,0.0958024114370346,0.030703917145729065,0.29999834299087524
10,61575556914293,hi,0.24304592609405518,0.09231593459844589,0.030020445585250854,0.2999984622001648
10,61575312817624,pt,0.236131489276886,0.08780893683433533,0.03117293119430542,0.29999783635139465
10,61573167969034,fr,0.24833564460277557,0.06963550299406052,0.0377393513917923,0.2999984622001648
10,61574921438928,en,0.27522316575050354,0.0511183999478817,0.041721783578395844,0.29999834299087524
10,61575125876415,en,0.21475742757320404,0.10031484812498093,0.031360313296318054,0.2999897599220276
10,61575152979706,hi,0.21752981841564178,0.10347303003072739,0.030046507716178894,0.29999876022338867
10,61575091678915,pt,0.18820084631443024,0.10680762678384781,0.03026406466960907,0.29999032616615295
10,61575220722146,en,0.24978595972061157,0.08289355039596558,0.03150166571140289,0.2999972403049469
10,61575829680247,it,0.2354401797056198,0.08344019204378128,0.034629613161087036,0.2999986410140991
10,61575138623198,en,0.2703900635242462,0.057412583380937576,0.03388431668281555,0.29999840259552
10,61575306397643,pt,0.18743598461151123,0.10334476828575134,0.030027613043785095,0.2999891936779022
10,61575849294548,pt,0.17586436867713928,0.1078852191567421,0.03000810742378235,0.2999974489212036
10,61574855530567,en,0.24602359533309937,0.09068473428487778,0.031471237540245056,0.29999732971191406
10,61575189890579,en,0.22256843745708466,0.09426402300596237,0.03271861374378204,0.2999986410140991
10,61574100204041,it,0.21253575384616852,0.10191189497709274,0.030640318989753723,0.2999979853630066
10,61575074909869,pt,0.2198885977268219,0.09577126055955887,0.0312664657831192,0.2999890148639679
10,61575059787159,en,0.21838557720184326,0.09759514778852463,0.030724212527275085,0.29999250173568726
10,61575126533596,en,0.2607477009296417,0.06495022028684616,0.03318522870540619,0.2999977171421051
10,61575580080566,it,0.24047018587589264,0.08555581420660019,0.030588120222091675,0.2999984622001648
10,61575232601470,pt,0.1882249116897583,0.10636786371469498,0.03000536561012268,0.2999919652938843
10,61575341466231,hi,0.2324993908405304,0.09441079199314117,0.032116204500198364,0.29999682307243347
10,61574785574733,it,0.16702251136302948,0.11530674248933792,0.030006662011146545,0.2999977469444275
10,61575626782963,hi,0.23802413046360016,0.07431713491678238,0.03576214611530304,0.29999709129333496
10,61575117357728,it,0.22501538693904877,0.09989723563194275,0.030006110668182373,0.2999952435493469
10,61572728411956,fr,0.24340061843395233,0.0746503546833992,0.0375252366065979,0.2999992072582245
10,61575005447655,hi,0.18807755410671234,0.10553766041994095,0.030909717082977295,0.29997390508651733
10,61574955275865,en,0.2551487684249878,0.06819574534893036,0.037347450852394104,0.2999992072582245
10,61575794757479,pt,0.2577707767486572,0.07449609786272049,0.03164373338222504,0.29999399185180664
10,61575226252249,en,0.259997695684433,0.05997242033481598,0.03957211971282959,0.2999976873397827
10,61575586061241,en,0.24888776242733002,0.0796615481376648,0.031058207154273987,0.2999992370605469
10,61575145166306,en,0.2175697684288025,0.09804291278123856,0.030935540795326233,0.29999834299087524
10,61575505107976,hi,0.20356504619121552,0.10468403995037079,0.03036932647228241,0.2999942898750305
10,61575499054322,hi,0.24845540523529053,0.07442893087863922,0.035832807421684265,0.2999984622001648
10,61575323976887,en,0.26541784405708313,0.06062823161482811,0.033676207065582275,0.2999975085258484
10,61575152565446,it,0.21834729611873627,0.09117002040147781,0.03265702724456787,0.2999970316886902
10,61575755242672,en,0.23558811843395233,0.09612017869949341,0.03019978106021881,0.29999905824661255
10,61575187598053,en,0.23787444829940796,0.09364575892686844,0.031202659010887146,0.29999879002571106
10,61575061559762,en,0.25888240337371826,0.07384198904037476,0.03149452805519104,0.29999905824661255
10,61575533882644,pt,0.2172604352235794,0.09551467001438141,0.030239194631576538,0.2999967038631439
10,61575494740784,pt,0.20429739356040955,0.10672226548194885,0.030100271105766296,0.2999677360057831
10,61575689515528,en,0.22205203771591187,0.09953263401985168,0.030086860060691833,0.29998868703842163
10,61575061077037,hi,0.22515510022640228,0.09997274726629257,0.030030354857444763,0.2999977767467499
10,61575169856226,fr,0.21688060462474823,0.0980069488286972,0.03013312816619873,0.29999667406082153
10,61575169251615,en,0.2109348475933075,0.10416164994239807,0.03002488613128662,0.2999984622001648
10,61574733946017,en,0.2541084289550781,0.079221211373806,0.03029930591583252,0.2999991774559021
10,61574883069816,it,0.2168169766664505,0.10451263189315796,0.030876368284225464,0.29999393224716187
10,61575549901920,pt,0.2081952840089798,0.10327406972646713,0.03000316023826599,0.2999870777130127
10,61575122184024,en,0.2450816035270691,0.08113329857587814,0.03546760976314545,0.29999908804893494
10,61573508699440,en,0.20452946424484253,0.10758063197135925,0.03012727200984955,0.299986869096756
10,61575541172249,it,0.20260530710220337,0.11056047677993774,0.030041486024856567,0.2999805212020874
10,61575537956540,en,0.24703077971935272,0.08674703538417816,0.030481308698654175,0.29999905824661255
10,61575259760425,it,0.21705082058906555,0.10391848534345627,0.030070185661315918,0.29999834299087524
10,61573175695316,en,0.24678967893123627,0.08240053802728653,0.030791059136390686,0.2999979257583618
10,61574775281781,en,0.23332712054252625,0.08784852176904678,0.03103010356426239,0.29999852180480957
10,61574855051268,fr,0.21018485724925995,0.09830771386623383,0.03007727861404419,0.29999637603759766
10,61575016052070,en,0.26924216747283936,0.05581066384911537,0.0392918586730957,0.2999991178512573
10,61575716045581,en,0.24666248261928558,0.07886558026075363,0.03193570673465729,0.2999989986419678
10,61574832908862,en,0.19790320098400116,0.10683459788560867,0.03073228895664215,0.299998939037323
10,61575636999621,hi,0.18683406710624695,0.10861221700906754,0.030075669288635254,0.2999933660030365
10,61575069571460,fr,0.25118106603622437,0.07349437475204468,0.039016515016555786,0.29999852180480957
10,61575554348076,it,0.23552045226097107,0.09017051756381989,0.03052377700805664,0.29999613761901855
10,61573358494546,fr,0.2145971953868866,0.09723055362701416,0.030800163745880127,0.2999982237815857
10,61575074773964,hi,0.2490224540233612,0.07717474550008774,0.03307497501373291,0.2999974191188812
10,61575494246952,hi,0.22148431837558746,0.10086612403392792,0.030016273260116577,0.2999979555606842
10,61574815482213,en,0.21111451089382172,0.10240723192691803,0.030048370361328125,0.2999988794326782
10,61575252370580,pt,0.21189925074577332,0.09303697198629379,0.03294534981250763,0.29996374249458313
10,61575770758381,pt,0.22387033700942993,0.09240204840898514,0.03111480176448822,0.2999974489212036
10,61575680875975,fr,0.2269766926765442,0.09182305634021759,0.0301273912191391,0.2999972999095917
10,61575085619309,it,0.2213994264602661,0.09562146663665771,0.03046479821205139,0.2999962568283081
10,61574737216943,it,0.23430800437927246,0.08364888280630112,0.03151547908782959,0.2999938130378723
10,61572939577297,en,0.24113689363002777,0.09030929207801819,0.030585482716560364,0.29999840259552
10,61575031471293,en,0.23183302581310272,0.08703440427780151,0.032869547605514526,0.29999208450317383
10,61575654807398,fr,0.2758157253265381,0.04692397266626358,0.08287093043327332,0.29999905824661255
10,61575226372155,it,0.24435587227344513,0.07784431427717209,0.03304918110370636,0.2999969720840454
10,61575260650253,en,0.23917043209075928,0.08034899830818176,0.03222130239009857,0.29999595880508423
10,61574942256705,it,0.20208381116390228,0.0992482453584671,0.030700773000717163,0.29997941851615906
10,61574798804240,hi,0.22589515149593353,0.0977712869644165,0.030087023973464966,0.2999958395957947
10,61575755039100,pt,0.17473721504211426,0.1091744601726532,0.030080363154411316,0.29998350143432617
10,61575119906899,fr,0.19725872576236725,0.10312563180923462,0.03031538426876068,0.2999987006187439
10,61575751049240,pt,0.22948157787322998,0.09071283042430878,0.03002399206161499,0.2999977469444275
10,61574996507842,hi,0.2111959308385849,0.09758763760328293,0.030870914459228516,0.2999957501888275
10,61572643031348,pt,0.23576253652572632,0.08897887170314789,0.031259745359420776,0.2999962568283081
10,61575532832693,en,0.19022050499916077,0.11225463449954987,0.030002251267433167,0.29999682307243347
10,61575075284018,hi,0.21492771804332733,0.09390557557344437,0.03130580484867096,0.2999943196773529
10,61575122567285,fr,0.21510417759418488,0.10661829262971878,0.03001512587070465,0.2999967932701111
10,61573003997283,fr,0.22132419049739838,0.09271940588951111,0.03184644877910614,0.2999969720840454
10,61575304682136,hi,0.24629928171634674,0.07736653089523315,0.030099809169769287,0.29999908804893494
10,61575207594362,fr,0.24743418395519257,0.0833161473274231,0.030644312500953674,0.2999991178512573
10,61574865641861,it,0.23645080626010895,0.08087287843227386,0.034298062324523926,0.299987256526947
10,61574923117609,hi,0.2196493148803711,0.09861138463020325,0.030243515968322754,0.2999982535839081
10,61575148359774,en,0.23625703155994415,0.09423226118087769,0.030235931277275085,0.299998939037323
10,61574785483945,fr,0.1954786628484726,0.1084371954202652,0.03025171160697937,0.2999974489212036
10,61574997930238,en,0.23421035706996918,0.09425947070121765,0.03085501492023468,0.2999986708164215
10,61575796370877,it,0.19558000564575195,0.10996910184621811,0.03002949059009552,0.29998520016670227
10,61575187214281,it,0.25132858753204346,0.07740698754787445,0.032112762331962585,0.29999852180480957
10,61574977866022,en,0.22157341241836548,0.09832849353551865,0.031255125999450684,0.2999975383281708
10,61575161785561,pt,0.20330816507339478,0.10317438095808029,0.030011236667633057,0.2999939024448395
10,61575236435207,hi,0.24090398848056793,0.09125082194805145,0.030991464853286743,0.29999834299087524
10,61575769203176,hi,0.19799737632274628,0.10378628969192505,0.030082538723945618,0.2999929189682007
10,61575305648078,it,0.233101025223732,0.09521234035491943,0.030025988817214966,0.29999664425849915
10,61574760582067,en,0.26177072525024414,0.07615260779857635,0.03065839409828186,0.29999858140945435
10,61575129328475,it,0.2271740883588791,0.09205812960863113,0.03400237858295441,0.2999939024448395
10,61573536988081,fr,0.2202317714691162,0.09773833304643631,0.030380427837371826,0.2999988794326782
10,61573216118266,it,0.2327936291694641,0.08980794996023178,0.03165256977081299,0.29999780654907227
10,61575633442519,hi,0.23187194764614105,0.08834382891654968,0.030018970370292664,0.29999637603759766
10,61575221512411,hi,0.25031358003616333,0.07401538640260696,0.03223973512649536,0.2999888062477112
10,61575100647735,en,0.2421749234199524,0.0843740701675415,0.03198051452636719,0.2999992370605469
10,61574922094244,en,0.2715291976928711,0.053266093134880066,0.04384063184261322,0.2999986708164215
10,61575555567384,fr,0.19299958646297455,0.10461913049221039,0.030058711767196655,0.2999979853630066
10,61573042665508,fr,0.2388841062784195,0.08661719411611557,0.031389907002449036,0.2999991178512573
10,61575502108193,en,0.23621642589569092,0.09681464731693268,0.030508816242218018,0.29999858140945435
10,61575484211181,pt,0.19305041432380676,0.11313425749540329,0.030022338032722473,0.29999852180480957
10,61575317113475,pt,0.2068086415529251,0.09781554341316223,0.03023424744606018,0.2999962270259857
10,61575165415117,fr,0.20033103227615356,0.10059234499931335,0.030164003372192383,0.299996554851532
10,61575603778005,it,0.24201597273349762,0.08098437637090683,0.03215992450714111,0.29999637603759766
10,61575160987799,hi,0.23180317878723145,0.09620032459497452,0.030300870537757874,0.29999610781669617
10,61575123447467,fr,0.2101234495639801,0.10217875242233276,0.030009344220161438,0.2999972999095917
10,61575667346713,en,0.22927315533161163,0.09315560758113861,0.03041777014732361,0.29999852180480957
10,61575632169437,fr,0.23961445689201355,0.08206061273813248,0.030850201845169067,0.29999247193336487
10,61574928127303,pt,0.19733691215515137,0.1051824539899826,0.03019823133945465,0.29999837279319763
10,61575289802878,en,0.2447943389415741,0.07723405957221985,0.03354927897453308,0.29999011754989624
10,61575200353453,it,0.2173313945531845,0.10013853758573532,0.03041154146194458,0.2999706268310547
10,61574764455076,it,0.21475042402744293,0.1024518683552742,0.030201509594917297,0.29999545216560364
10,61575731693479,en,0.225474551320076,0.09485255926847458,0.030039340257644653,0.2999988794326782
10,61575049741188,fr,0.194345161318779,0.09943201392889023,0.03015589714050293,0.2999929189682007
10,61575145346143,pt,0.23265299201011658,0.08501680195331573,0.032851412892341614,0.29999762773513794
10,61574796344244,pt,0.20215444266796112,0.10328905284404755,0.030187159776687622,0.2999979853630066
10,61575786231324,hi,0.22735188901424408,0.09493039548397064,0.030083030462265015,0.29999831318855286
10,61575534002323,en,0.2447023242712021,0.08160775154829025,0.03326132893562317,0.29999828338623047
10,61575621419066,hi,0.23646719753742218,0.09123947471380234,0.030409634113311768,0.2999979257583618
10,61575191863415,hi,0.21884514391422272,0.09123753011226654,0.030187532305717468,0.29999881982803345
10,61575196823636,pt,0.21577608585357666,0.10637913644313812,0.030112862586975098,0.2999979257583618
10,61574940548040,fr,0.2723313271999359,0.05397453159093857,0.035981714725494385,0.2999958097934723
10,61574768265684,hi,0.20892664790153503,0.10497436672449112,0.0301017165184021,0.299976646900177
10,61575557971497,fr,0.20123298466205597,0.10155226290225983,0.030040055513381958,0.2999987006187439
10,61574674005988,en,0.21924351155757904,0.09901580959558487,0.031599029898643494,0.2999988794326782
10,61575568080955,en,0.2224036157131195,0.09451989829540253,0.03470902144908905,0.2999951243400574
10,61575796940771,en,0.2470271736383438,0.0824013203382492,0.030410036444664,0.2999984622001648
10,61575212768289,en,0.274299293756485,0.05085738003253937,0.045333512127399445,0.2999987304210663
10,61575143006497,pt,0.22605668008327484,0.09865280240774155,0.030016452074050903,0.29999542236328125
10,61575070651124,it,0.21931014955043793,0.09888799488544464,0.030004888772964478,0.29999780654907227
10,61575580421441,fr,0.23068073391914368,0.08569855988025665,0.033411696553230286,0.29999735951423645
10,61575274269379,it,0.2576850652694702,0.06734149158000946,0.041119903326034546,0.2999935746192932
10,61574727767195,en,0.2127954214811325,0.10130815207958221,0.030665338039398193,0.2999972701072693
10,61575192170378,en,0.26058846712112427,0.06032324582338333,0.0367969274520874,0.29999834299087524
10,61572954786814,pt,0.2384282499551773,0.07946701347827911,0.03533583879470825,0.29999881982803345
10,61575562736575,en,0.24852041900157928,0.07681725919246674,0.034355953335762024,0.2999991774559021
10,61573212398163,it,0.24162402749061584,0.08270899951457977,0.030237093567848206,0.2999938130378723
10,61575176453944,en,0.2256026715040207,0.09870582073926926,0.030974820256233215,0.2999981939792633
10,61573129617310,hi,0.23069776594638824,0.09514319151639938,0.030087217688560486,0.2999987304210663
10,61575237281286,it,0.22615349292755127,0.08953007310628891,0.030597731471061707,0.29999831318855286
10,61574782514001,en,0.262866735458374,0.06452406197786331,0.034415170550346375,0.29999852180480957
10,61575162475372,pt,0.22208406031131744,0.09703799337148666,0.030702322721481323,0.2999955415725708
10,61575277305874,pt,0.2300782948732376,0.090852290391922,0.030068516731262207,0.29999810457229614
10,61573496429300,fr,0.2111535519361496,0.10102814435958862,0.030043423175811768,0.2999832034111023
10,61574810979559,en,0.22417904436588287,0.09992783516645432,0.030014634132385254,0.2999979257583618
10,61575624382959,en,0.2008710354566574,0.11349525302648544,0.030165523290634155,0.2999982237815857
10,61575307694452,pt,0.23445411026477814,0.08632411807775497,0.030484884977340698,0.29998332262039185
10,61575025023617,pt,0.20442160964012146,0.09820789098739624,0.030630633234977722,0.2999829947948456
10,61575621478987,pt,0.22455164790153503,0.09711802750825882,0.030919954180717468,0.2999982237815857
10,61575714924287,en,0.22943086922168732,0.09699123352766037,0.03056982159614563,0.29999667406082153
10,61574946005614,en,0.24519741535186768,0.08329087495803833,0.03215587139129639,0.29999709129333496
10,61575707904529,en,0.23316672444343567,0.09758186340332031,0.030626431107521057,0.2999986410140991
10,61575567781112,pt,0.21243779361248016,0.0941043347120285,0.030829057097434998,0.2999919652938843
10,61575422729180,en,0.23522816598415375,0.0893525630235672,0.030106350779533386,0.2999977767467499
10,61574991695405,en,0.2159598022699356,0.10509621351957321,0.030703529715538025,0.2999955713748932
10,61574951432810,en,0.26249977946281433,0.06097527593374252,0.05046369135379791,0.2999987006187439
10,61574890779488,pt,0.2158527821302414,0.09686564654111862,0.03156028687953949,0.2999316453933716
10,61575728765062,hi,0.22143344581127167,0.09318561106920242,0.031368985772132874,0.29999881982803345
10,61575214852696,pt,0.25103759765625,0.07686878740787506,0.03507262468338013,0.29999876022338867
10,61573053375071,fr,0.21453674137592316,0.09736976772546768,0.031214147806167603,0.2999981641769409
10,61573380245557,it,0.17378751933574677,0.10499528050422668,0.030000776052474976,0.2999960780143738
10,61574978944598,pt,0.2553248107433319,0.07504332810640335,0.03156334161758423,0.29999691247940063
10,61575606263930,en,0.21690107882022858,0.09860645234584808,0.030939549207687378,0.2999969720840454
10,61575147567358,fr,0.21644456684589386,0.10297629237174988,0.03011973202228546,0.29999738931655884
10,61575717804104,en,0.23364010453224182,0.08800818026065826,0.03038252890110016,0.29999810457229614
10,61572914558646,pt,0.183360293507576,0.10827860236167908,0.03007696568965912,0.2999982237815857
10,61573902003588,it,0.20684874057769775,0.10164298862218857,0.030154213309288025,0.29999852180480957
10,61575235145623,en,0.22141924500465393,0.09340821206569672,0.032992929220199585,0.29999762773513794
10,61575057779980,en,0.2599506378173828,0.06380067020654678,0.04026489704847336,0.29999905824661255
10,61575514233503,en,0.23903481662273407,0.07763080298900604,0.03491191565990448,0.29990825057029724
10,61575806960249,hi,0.22787615656852722,0.0890316590666771,0.03276634216308594,0.2999686002731323
10,61575203154702,it,0.2507860064506531,0.07544302195310593,0.03228077292442322,0.2999969720840454
10,61575168338780,hi,0.2438717782497406,0.07939497381448746,0.03038989007472992,0.2999507784843445
10,61575095755348,en,0.22765754163265228,0.09536604583263397,0.03023599088191986,0.29999881982803345
10,61574935477073,pt,0.20904622972011566,0.11354833096265793,0.030039504170417786,0.29999855160713196
10,61572882850263,en,0.2535833418369293,0.07286546379327774,0.032081425189971924,0.2999977171421051
10,61575618485389,pt,0.21751852333545685,0.1047624796628952,0.030049219727516174,0.2999987006187439
10,61574831978505,en,0.2606496512889862,0.0731905847787857,0.03164958953857422,0.29999881982803345
10,61575156865865,fr,0.22603732347488403,0.09387549012899399,0.030051305890083313,0.29999855160713196
10,61575054840889,hi,0.21960517764091492,0.10220533609390259,0.030004531145095825,0.29999732971191406
10,61575625025576,pt,0.24410542845726013,0.07856627553701401,0.031926438212394714,0.29999786615371704
10,61573590145100,pt,0.21467284858226776,0.10271047055721283,0.030156254768371582,0.29999738931655884
10,61575003572712,hi,0.26644882559776306,0.05460336431860924,0.042539432644844055,0.29999682307243347
10,61575140242986,en,0.213738813996315,0.09728158265352249,0.030223846435546875,0.29999852180480957
10,61575061680510,it,0.18635660409927368,0.10097978264093399,0.03017301857471466,0.2999918460845947
10,61575575574825,pt,0.23566104471683502,0.08687219023704529,0.03269721567630768,0.2999922037124634
10,61575128956704,it,0.21959242224693298,0.0894043818116188,0.030025586485862732,0.2999962866306305
10,61575676166192,en,0.23989975452423096,0.08259731531143188,0.031710296869277954,0.29999858140945435
10,61575600087094,hi,0.21137510240077972,0.08937240391969681,0.03263460099697113,0.29990047216415405
10,61575039211521,pt,0.21532529592514038,0.10583212971687317,0.030016273260116577,0.2999924421310425
10,61573509419161,fr,0.24284186959266663,0.078795425593853,0.030261218547821045,0.29999840259552
10,61575787832729,en,0.2752133905887604,0.045904241502285004,0.06115606427192688,0.2999972105026245
10,61572806113212,en,0.24163690209388733,0.09505914151668549,0.03002035617828369,0.2999979257583618
10,61574996550205,en,0.2668552100658417,0.056593071669340134,0.047348394989967346,0.29999810457229614
10,61575686485825,fr,0.22346432507038116,0.0956232100725174,0.030222758650779724,0.2999742031097412
10,61575337302838,pt,0.25339046120643616,0.06599416583776474,0.040227629244327545,0.2999926209449768
10,61575183980808,en,0.23037849366664886,0.09399131685495377,0.03015539050102234,0.299998939037323
10,61575080220981,en,0.2432841956615448,0.07796600461006165,0.03753805160522461,0.29999828338623047
10,61575209213090,fr,0.23007038235664368,0.09150664508342743,0.031069442629814148,0.29999834299087524
10,61575197780172,en,0.2074013650417328,0.09387975186109543,0.03567321598529816,0.29999518394470215
10,61575028442180,fr,0.1908445805311203,0.11595650017261505,0.03002181649208069,0.2999974489212036
10,61575248000254,en,0.26697346568107605,0.057580944150686264,0.03988124430179596,0.2999981641769409
10,61574651897378,en,0.2529386579990387,0.0749894380569458,0.03228369355201721,0.2999984920024872
10,61575084119219,en,0.22794990241527557,0.10166016221046448,0.030004248023033142,0.29999908804893494
10,61575202535455,hi,0.223127081990242,0.10307186096906662,0.0300290584564209,0.29999732971191406
10,61575224736246,en,0.22477245330810547,0.09991633892059326,0.030040353536605835,0.29999810457229614
10,61573079190124,pt,0.2200774848461151,0.10367493331432343,0.030024245381355286,0.2999952435493469
10,61575011283063,it,0.21730634570121765,0.0945173129439354,0.032659679651260376,0.29997533559799194
10,61575112227227,en,0.26193442940711975,0.05996669456362724,0.04269416630268097,0.29998645186424255
10,61575953244525,hi,0.23623034358024597,0.09882588684558868,0.03009513020515442,0.29999858140945435
10,61575587711344,it,0.2218085527420044,0.0907566025853157,0.033086374402046204,0.2999929189682007
10,61575152395919,it,0.20688077807426453,0.10485340654850006,0.030004754662513733,0.299998939037323
10,61575939565143,en,0.22017332911491394,0.09575190395116806,0.030739903450012207,0.2999986410140991
10,61575794367448,pt,0.21327050030231476,0.10560730844736099,0.03022046387195587,0.29999667406082153
10,61574820912289,it,0.2325059324502945,0.09621961414813995,0.030527934432029724,0.2999958395957947
10,61572954306907,pt,0.21411775052547455,0.0974755734205246,0.03057245910167694,0.29999297857284546
10,61575134236693,fr,0.21974696218967438,0.10643719881772995,0.030011773109436035,0.2999982535839081
10,61575307141915,en,0.2798376679420471,0.04282141476869583,0.0545189306139946,0.2999976873397827
10,61575624868902,en,0.17194615304470062,0.11517909914255142,0.030221521854400635,0.2999960780143738
10,61575171116206,fr,0.19723957777023315,0.10202174633741379,0.03003859519958496,0.2999429404735565
10,61575215922342,hi,0.21719427406787872,0.10516349226236343,0.030040815472602844,0.2999979853630066
10,61575106794786,en,0.24051427841186523,0.08256915211677551,0.03368568420410156,0.29999667406082153
10,61575519009521,pt,0.16715124249458313,0.09893105179071426,0.03288014233112335,0.2999867796897888
10,61574835341215,fr,0.20828303694725037,0.10242616385221481,0.030114248394966125,0.299996018409729
10,61575263014083,en,0.1574198603630066,0.11932145804166794,0.030006036162376404,0.2999942898750305
10,61575578274585,en,0.20556534826755524,0.10017306357622147,0.03018873929977417,0.29999715089797974
10,61574078395311,it,0.22050616145133972,0.10517056286334991,0.03006814420223236,0.2999981641769409
10,61575100662412,en,0.21037454903125763,0.10207884758710861,0.032460689544677734,0.2999945282936096
10,61574829698864,en,0.2102309763431549,0.10601166635751724,0.030206844210624695,0.2999967932701111
10,61574071554987,it,0.23189593851566315,0.09415209293365479,0.03007960319519043,0.2999987006187439
10,61573941970022,it,0.2473314106464386,0.08544886112213135,0.030233263969421387,0.29999616742134094
10,61575721133931,fr,0.23687231540679932,0.08855276554822922,0.031039834022521973,0.29999762773513794
10,61573071750653,fr,0.2539634108543396,0.06790309399366379,0.035836294293403625,0.29999780654907227
10,61575036691879,fr,0.2021692991256714,0.09762858599424362,0.030080825090408325,0.29999399185180664
10,61575642477991,hi,0.24050167202949524,0.08894434571266174,0.030344992876052856,0.29999876022338867
10,61574082594447,it,0.24982279539108276,0.0825822576880455,0.03262990713119507,0.29999223351478577
10,61575024899211,en,0.2277039885520935,0.08776339888572693,0.03144395351409912,0.29999715089797974
10,61574787854878,pt,0.2662445902824402,0.05983218178153038,0.04639596492052078,0.29999783635139465
10,61574724947307,it,0.2362518310546875,0.09006940573453903,0.0318489670753479,0.29999667406082153
10,61573090242830,en,0.26515939831733704,0.06257976591587067,0.03820085525512695,0.29999643564224243
10,61575552061888,pt,0.17672589421272278,0.11092323809862137,0.030063942074775696,0.29999858140945435
10,61574769614945,en,0.245896115899086,0.07873762398958206,0.0367371141910553,0.29999545216560364
10,61575248771116,en,0.24550879001617432,0.07374578714370728,0.03663022816181183,0.29999902844429016
11,61574934126943,pt,0.18754075467586517,0.11443733423948288,0.030000925064086914,0.2999977469444275
11,61575691375427,fr,0.20165717601776123,0.10766050964593887,0.030266165733337402,0.29999488592147827
11,61575485818749,hi,0.2252812683582306,0.09894769638776779,0.030080080032348633,0.29999858140945435
11,61574816892552,pt,0.17687129974365234,0.1109524741768837,0.03111596405506134,0.29998087882995605
11,61574075455618,it,0.23057925701141357,0.09682993590831757,0.030002087354660034,0.29999783635139465
11,61575459945486,fr,0.19902683794498444,0.10477562993764877,0.03000079095363617,0.299998939037323
11,61574981251318,en,0.23303452134132385,0.0932888314127922,0.03015473484992981,0.2999986410140991
11,61575731069908,it,0.2293117493391037,0.09267433732748032,0.030097901821136475,0.2999971807003021
11,61574875659187,hi,0.24227143824100494,0.08557850122451782,0.03033161163330078,0.29999417066574097
11,61574801413926,fr,0.2258591204881668,0.09204886853694916,0.0300653874874115,0.29999858140945435
11,61575146115727,en,0.23134469985961914,0.09042631834745407,0.030987069010734558,0.29999834299087524
11,61573204057105,pt,0.22882401943206787,0.09075640141963959,0.03286869823932648,0.29999595880508423
11,61573089179589,en,0.20331884920597076,0.10621194541454315,0.03066152334213257,0.2999977469444275
11,61574905567721,en,0.18779967725276947,0.11365792155265808,0.03003533184528351,0.2999951243400574
11,61574951645380,en,0.23384010791778564,0.08678183704614639,0.03342433273792267,0.29999637603759766
11,61574784704159,en,0.24907878041267395,0.08239734917879105,0.03130735456943512,0.2999956011772156
11,61575176273985,fr,0.20370958745479584,0.10555526614189148,0.03006093204021454,0.29998648166656494
11,61574760312216,en,0.25588685274124146,0.0753951296210289,0.030408218502998352,0.29999840259552
11,61575685105868,hi,0.23006696999073029,0.09471360594034195,0.030070245265960693,0.29999640583992004
11,61575670886568,hi,0.21446983516216278,0.09978459775447845,0.030098214745521545,0.299996554851532
11,61575164631789,en,0.2399134784936905,0.0876961350440979,0.03256143629550934,0.2999979853630066
11,61575208087101,hi,0.21214820444583893,0.10041430592536926,0.030039191246032715,0.2999987006187439
11,61575843929653,en,0.19252915680408478,0.11435452103614807,0.03005988895893097,0.299996554851532
11,61575206423273,hi,0.23960426449775696,0.08108636736869812,0.034754037857055664,0.299996018409729
11,61572994007723,fr,0.21031953394412994,0.10069673508405685,0.030097156763076782,0.29999876022338867
11,61575207732884,en,0.2631257176399231,0.06822583824396133,0.037914425134658813,0.29999640583992004
11,61575184700780,en,0.2699914574623108,0.06164180859923363,0.037527769804000854,0.299998939037323
11,61574992560566,hi,0.23763984441757202,0.0919271782040596,0.030018359422683716,0.2999970614910126
11,61573566207733,fr,0.20477621257305145,0.10202731192111969,0.03028121590614319,0.29999858140945435
11,61575283718902,en,0.26328960061073303,0.06489924341440201,0.03614984452724457,0.2999979555606842
11,61574821569203,en,0.20145465433597565,0.10524851828813553,0.031071126461029053,0.29999905824661255
11,61575240461266,pt,0.19339917600154877,0.09981449693441391,0.030001729726791382,0.2999984622001648
11,61575616199388,hi,0.22617721557617188,0.09510296583175659,0.03002770245075226,0.299995481967926
11,61574709227973,pt,0.17953401803970337,0.10613249242305756,0.03005865216255188,0.29999810457229614
11,61574889725701,en,0.2342224419116974,0.09536939114332199,0.030134916305541992,0.2999986410140991
11,61575850974558,it,0.19479532539844513,0.11013901978731155,0.030006185173988342,0.29999804496765137
11,61575303902251,en,0.23291313648223877,0.08903109282255173,0.0300128310918808,0.29999488592147827
11,61574689937883,fr,0.2331550419330597,0.08992108702659607,0.03131893277168274,0.29999813437461853
11,61575625918798,fr,0.19730596244335175,0.11276555806398392,0.03000187873840332,0.2999916076660156
11,61575159445487,pt,0.2219444364309311,0.0900593101978302,0.030244603753089905,0.29999402165412903
11,61575245441106,en,0.23678092658519745,0.09033933281898499,0.03068666160106659,0.29999732971191406
11,61575530402770,en,0.256706565618515,0.07161518186330795,0.03493839502334595,0.29999905824661255
11,61575449674736,fr,0.22918622195720673,0.09164579212665558,0.03210461139678955,0.29999858140945435
11,61575677426201,en,0.19932229816913605,0.10592692345380783,0.030712559819221497,0.29999813437461853
11,61575220672434,fr,0.23216253519058228,0.08650074899196625,0.030971750617027283,0.2999810576438904
11,61575207112351,en,0.22462192177772522,0.09771288186311722,0.03031127154827118,0.2999950647354126
11,61575689365656,it,0.23252195119857788,0.08500385284423828,0.03187248110771179,0.2999967038631439
11,61575314851612,en,0.23253382742404938,0.09663429111242294,0.030126020312309265,0.2999962568283081
11,61575849234543,pt,0.24428260326385498,0.08180996030569077,0.03283567726612091,0.29997122287750244
11,61573389545206,it,0.2265075445175171,0.09049253910779953,0.03113482892513275,0.2999975085258484
11,61575147806028,pt,0.23630177974700928,0.07875125855207443,0.03575804829597473,0.2999935448169708
11,61575284104535,en,0.2655196487903595,0.06192559003829956,0.036862701177597046,0.29999852180480957
11,61575114161642,hi,0.24419617652893066,0.0912381261587143,0.03013835847377777,0.2999984622001648
11,61575635698445,pt,0.20982874929904938,0.09740280359983444,0.030007794499397278,0.2999955117702484
11,61574793554229,it,0.23079034686088562,0.09384613484144211,0.030096203088760376,0.2999986410140991
11,61573072801000,fr,0.19240088760852814,0.10480202734470367,0.030070200562477112,0.2999837398529053
11,61575509307728,hi,0.23433269560337067,0.08904249966144562,0.030135616660118103,0.29999712109565735
11,61575227003442,it,0.2341173142194748,0.0909566655755043,0.03171996772289276,0.29999667406082153
11,61575051841154,it,0.2282150685787201,0.08541612327098846,0.03185613453388214,0.2999914288520813
11,61575829405493,it,0.26909682154655457,0.05697118118405342,0.04590217024087906,0.2999975085258484
11,61575356045890,it,0.2044495791196823,0.10821837186813354,0.03000873327255249,0.2999967038631439
11,61574994845337,en,0.2151709496974945,0.10328009724617004,0.03001241385936737,0.29999643564224243
11,61574977474091,en,0.22838905453681946,0.08846414089202881,0.031926512718200684,0.29999855160713196
11,61575678336895,fr,0.21829131245613098,0.10067472606897354,0.03001198172569275,0.2999957799911499
11,61574817464063,en,0.27585482597351074,0.05013563111424446,0.04357685148715973,0.29999828338623047
11,61574663866130,en,0.25137999653816223,0.06551256775856018,0.04680822044610977,0.29999840259552
11,61575186265522,en,0.2629130482673645,0.06850083917379379,0.030164003372192383,0.29999905824661255
11,61575243311101,it,0.22861386835575104,0.09161846339702606,0.03015071153640747,0.2999907433986664
11,61575821610647,hi,0.22076518833637238,0.09392324835062027,0.031239137053489685,0.2999967336654663
11,61575111327419,en,0.24031879007816315,0.0865166038274765,0.030128583312034607,0.29999828338623047
11,61575778203150,en,0.212574765086174,0.10651643574237823,0.03001980483531952,0.2999984622001648
11,61573399053277,en,0.2812557816505432,0.04241854324936867,0.08213189244270325,0.29999786615371704
11,61574865220091,en,0.2387048453092575,0.09035840630531311,0.030086085200309753,0.299998939037323
11,61574999765096,fr,0.21069785952568054,0.10455537587404251,0.030099496245384216,0.29999840259552
11,61575046500552,en,0.2498265653848648,0.08187530189752579,0.03211544454097748,0.29999852180480957
11,61575088062953,it,0.2104908525943756,0.09807327389717102,0.030005544424057007,0.29996564984321594
11,61574128582078,en,0.2593361735343933,0.0707627534866333,0.0315917432308197,0.2999986410140991
11,61575532618099,en,0.24485668540000916,0.08418625593185425,0.03392168879508972,0.2999986410140991
11,61575460005891,it,0.25576043128967285,0.0669720470905304,0.03320418298244476,0.29998138546943665
11,61574752002783,en,0.23589888215065002,0.09335107356309891,0.030070319771766663,0.2999982237815857
11,61574963854572,en,0.1814701110124588,0.10492971539497375,0.030096769332885742,0.29999852180480957
11,61575134907982,it,0.25016316771507263,0.07344613969326019,0.0394427627325058,0.29999423027038574
11,61574725486505,en,0.2440335601568222,0.08709000796079636,0.032346442341804504,0.2999988794326782
11,61575782391589,en,0.24626362323760986,0.0815584659576416,0.03224626183509827,0.299998939037323
11,61573815667956,it,0.20868641138076782,0.10190694779157639,0.03000490367412567,0.2999786138534546
11,61575682345613,fr,0.21897339820861816,0.09950772672891617,0.03003464639186859,0.2999977469444275
11,61575308947711,hi,0.20850661396980286,0.1042477935552597,0.030819490551948547,0.2999991178512573
11,61575133420619,hi,0.22814248502254486,0.09462627023458481,0.030028298497200012,0.29999879002571106
11,61575179138929,en,0.24842952191829681,0.07903444021940231,0.030107662081718445,0.29999840259552
11,61575262936745,pt,0.206126406788826,0.09957527369260788,0.031020745635032654,0.29999858140945435
11,61575302234656,pt,0.23997263610363007,0.07486091554164886,0.03147426247596741,0.29999828338623047
11,61575282129145,pt,0.2133084088563919,0.09524791687726974,0.03140895068645477,0.2999950647354126
11,61575144555723,pt,0.20977872610092163,0.1031118854880333,0.030048146843910217,0.29998594522476196
11,61575147357302,it,0.20850931107997894,0.10133262723684311,0.03032095730304718,0.299995481967926
11,61574928787493,it,0.2230033576488495,0.09683425724506378,0.03083103895187378,0.2999942898750305
11,61575324090992,en,0.23357683420181274,0.08952880650758743,0.03134375810623169,0.29999154806137085
11,61575134935995,hi,0.2254725694656372,0.0964641273021698,0.030080318450927734,0.2999977469444275
11,61575180414410,it,0.2526053488254547,0.07534328103065491,0.03292249143123627,0.2999976873397827
11,61575005164655,it,0.2569349706172943,0.0776502937078476,0.03006589412689209,0.2999974191188812
11,61575570054989,hi,0.18427133560180664,0.11073493212461472,0.03002750873565674,0.2999987006187439
11,61573191954824,pt,0.25037217140197754,0.07811261713504791,0.03357997536659241,0.29999840259552
11,61573587415133,en,0.2564047574996948,0.07266789674758911,0.03291995823383331,0.2999982237815857
11,61575732533301,pt,0.20833036303520203,0.10530418902635574,0.030003204941749573,0.29999256134033203
11,61575140786572,en,0.24685992300510406,0.0887267142534256,0.030124813318252563,0.29999908804893494
11,61575025108897,en,0.22799259424209595,0.09344984591007233,0.030035093426704407,0.29999345541000366
11,61573433221729,fr,0.20482343435287476,0.10551797598600388,0.03101576864719391,0.29999396204948425
11,61573596774794,pt,0.23385430872440338,0.09341225028038025,0.030888885259628296,0.2999981939792633
11,61575556914293,hi,0.24022015929222107,0.09488662332296371,0.030018985271453857,0.2999987006187439
11,61575312817624,pt,0.2309199571609497,0.09183444827795029,0.030765101313591003,0.29999756813049316
11,61573167969034,fr,0.24605771899223328,0.07051710784435272,0.0346599817276001,0.29999855160713196
11,61574921438928,en,0.2746633291244507,0.051702581346035004,0.043891601264476776,0.29999834299087524
11,61575125876415,en,0.21619924902915955,0.10053347051143646,0.03097011148929596,0.2999897599220276
11,61575152979706,hi,0.22074300050735474,0.09944438934326172,0.03009985387325287,0.2999984622001648
11,61575091678915,pt,0.20045174658298492,0.10386969149112701,0.030127719044685364,0.29999032616615295
11,61575220722146,en,0.24767470359802246,0.0858209878206253,0.030828028917312622,0.2999970018863678
11,61575829680247,it,0.24395154416561127,0.07886907458305359,0.03391924500465393,0.299998939037323
11,61575138623198,en,0.26316389441490173,0.0636812150478363,0.03334696590900421,0.2999982237815857
11,61575306397643,pt,0.1825753152370453,0.10373047739267349,0.030012965202331543,0.29999014735221863
11,61575849294548,pt,0.1843670904636383,0.1067604273557663,0.03002527356147766,0.2999972403049469
11,61574855530567,en,0.24524444341659546,0.08947307616472244,0.03184713423252106,0.2999958395957947
11,61575189890579,en,0.2198990285396576,0.093816839158535,0.0315830260515213,0.2999986410140991
11,61574100204041,it,0.22278361022472382,0.09799464046955109,0.03078898787498474,0.29999858140945435
11,61575074909869,pt,0.22156120836734772,0.0991528257727623,0.030822813510894775,0.29999232292175293
11,61575059787159,en,0.20932769775390625,0.10147705674171448,0.03080451488494873,0.29999321699142456
11,61575126533596,en,0.2595663070678711,0.06636659055948257,0.03312896192073822,0.29999732971191406
11,61575580080566,it,0.24083645641803741,0.08621883392333984,0.03139600157737732,0.2999986410140991
11,61575232601470,pt,0.18367122113704681,0.1056377962231636,0.030003756284713745,0.29999426007270813
11,61575341466231,hi,0.23127266764640808,0.0951436460018158,0.031248390674591064,0.2999970316886902
11,61574785574733,it,0.17607145011425018,0.11364635080099106,0.030003949999809265,0.29999804496765137
11,61575626782963,hi,0.22441717982292175,0.08247002214193344,0.03272424638271332,0.2999962568283081
11,61575117357728,it,0.2193768173456192,0.10118642449378967,0.03000509738922119,0.2999923527240753
11,61572728411956,fr,0.23917502164840698,0.07749441266059875,0.036285921931266785,0.2999992370605469
11,61575005447655,hi,0.19209454953670502,0.1047648936510086,0.030537709593772888,0.2999842166900635
11,61574955275865,en,0.2689695954322815,0.053174566477537155,0.0631551668047905,0.2999992370605469
11,61575794757479,pt,0.2623213827610016,0.06932894885540009,0.03193390369415283,0.29999417066574097
11,61575226252249,en,0.2631433606147766,0.05939580872654915,0.038173750042915344,0.29999738931655884
11,61575586061241,en,0.2480607032775879,0.08003754168748856,0.03133536875247955,0.2999992370605469
11,61575145166306,en,0.23268389701843262,0.09022107720375061,0.032397106289863586,0.2999988794326782
11,61575505107976,hi,0.19270694255828857,0.11003367602825165,0.03033009171485901,0.29999661445617676
11,61575499054322,hi,0.24759601056575775,0.07718589901924133,0.03371801972389221,0.29999858140945435
11,61575323976887,en,0.25794917345046997,0.06933271139860153,0.03278961777687073,0.29999595880508423
11,61575152565446,it,0.19956816732883453,0.10095703601837158,0.03170689940452576,0.29999667406082153
11,61575755242672,en,0.2411159723997116,0.08844910562038422,0.030887886881828308,0.2999991476535797
11,61575187598053,en,0.24171406030654907,0.08926516771316528,0.03206409513950348,0.29999876022338867
11,61575061559762,en,0.25313013792037964,0.07900931686162949,0.03055928647518158,0.2999989986419678
11,61575533882644,pt,0.2216934710741043,0.09224242717027664,0.030417457222938538,0.2999955117702484
11,61575494740784,pt,0.2070866972208023,0.10730639845132828,0.030132099986076355,0.2999797761440277
11,61575689515528,en,0.21540847420692444,0.10233107954263687,0.030047491192817688,0.29998940229415894
11,61575061077037,hi,0.22282660007476807,0.0998954102396965,0.03002326190471649,0.29999685287475586
11,61575169856226,fr,0.22052641212940216,0.09562664479017258,0.030140981078147888,0.29999682307243347
11,61575169251615,en,0.20010659098625183,0.11623664945363998,0.030005574226379395,0.2999984622001648
11,61574733946017,en,0.2553178668022156,0.07905953377485275,0.030107304453849792,0.2999991774559021
11,61574883069816,it,0.22107939422130585,0.10302742570638657,0.03136855363845825,0.29999423027038574
11,61575549901920,pt,0.22136636078357697,0.09835068136453629,0.030001789331436157,0.29999300837516785
11,61575122184024,en,0.24273157119750977,0.08189557492733002,0.03174249827861786,0.2999986410140991
11,61573508699440,en,0.2089143544435501,0.1047905683517456,0.030172526836395264,0.299984872341156
11,61575541172249,it,0.21214941143989563,0.10752538591623306,0.030111417174339294,0.2999921441078186
11,61575537956540,en,0.24566522240638733,0.09007781744003296,0.030205413699150085,0.29999908804893494
11,61575259760425,it,0.2006717026233673,0.11085937917232513,0.03004966676235199,0.2999972105026245
11,61573175695316,en,0.25637418031692505,0.07663730531930923,0.031222373247146606,0.29999834299087524
11,61574775281781,en,0.24076533317565918,0.0814601331949234,0.04060474783182144,0.29999810457229614
11,61574855051268,fr,0.21952375769615173,0.09722703695297241,0.030156627297401428,0.299995481967926
11,61575016052070,en,0.27209728956222534,0.054217372089624405,0.03674499690532684,0.2999991774559021
11,61575716045581,en,0.2622354328632355,0.06880441308021545,0.0316971093416214,0.2999991178512573
11,61574832908862,en,0.19892722368240356,0.1069592535495758,0.030869781970977783,0.2999989986419678
11,61575636999621,hi,0.18418724834918976,0.10896749794483185,0.030058860778808594,0.2999916076660156
11,61575069571460,fr,0.2621508538722992,0.06535185128450394,0.03882278501987457,0.2999986410140991
11,61575554348076,it,0.22413621842861176,0.09857504814863205,0.03047645092010498,0.29999327659606934
11,61573358494546,fr,0.22160565853118896,0.09466657787561417,0.0319414883852005,0.2999979257583618
11,61575074773964,hi,0.22181665897369385,0.10063503682613373,0.030324995517730713,0.2999955415725708
11,61575494246952,hi,0.2247561663389206,0.0991235077381134,0.030003651976585388,0.2999975383281708
11,61574815482213,en,0.19249138236045837,0.10979603976011276,0.030003651976585388,0.2999984323978424
11,61575252370580,pt,0.20132820308208466,0.09689176827669144,0.03179295361042023,0.29996684193611145
11,61575770758381,pt,0.23064865171909332,0.08648491650819778,0.033247292041778564,0.2999970614910126
11,61575680875975,fr,0.2304169237613678,0.09094123542308807,0.03043331205844879,0.2999976575374603
11,61575085619309,it,0.21825015544891357,0.09724784642457962,0.03043566644191742,0.29999566078186035
11,61574737216943,it,0.22048605978488922,0.08847104012966156,0.0324840247631073,0.2999906837940216
11,61572939577297,en,0.2388487309217453,0.09069756418466568,0.030351683497428894,0.2999982535839081
11,61575031471293,en,0.23336049914360046,0.08775455504655838,0.03318712115287781,0.29998552799224854
11,61575654807398,fr,0.2756991386413574,0.04825400933623314,0.050307802855968475,0.29999876022338867
11,61575226372155,it,0.2274879813194275,0.08936250954866409,0.034413859248161316,0.2999948263168335
11,61575260650253,en,0.2323516309261322,0.0875823050737381,0.03166915476322174,0.29999613761901855
11,61574942256705,it,0.21265172958374023,0.09289262443780899,0.031460583209991455,0.2999933362007141
11,61574798804240,hi,0.21492160856723785,0.10514145344495773,0.03022363781929016,0.2999955415725708
11,61575755039100,pt,0.17556317150592804,0.11125791817903519,0.030070826411247253,0.29997843503952026
11,61575119906899,fr,0.19571901857852936,0.10316377133131027,0.030191868543624878,0.2999984622001648
11,61575751049240,pt,0.2387763261795044,0.08759868890047073,0.030038177967071533,0.29999762773513794
11,61574996507842,hi,0.22243016958236694,0.08914460986852646,0.03215678036212921,0.29999393224716187
11,61572643031348,pt,0.23022902011871338,0.0937574952840805,0.03080451488494873,0.2999963164329529
11,61575532832693,en,0.19974523782730103,0.10838767141103745,0.030011922121047974,0.29999610781669617
11,61575075284018,hi,0.20645318925380707,0.10003063082695007,0.03039523959159851,0.29999497532844543
11,61575122567285,fr,0.21707186102867126,0.10556898266077042,0.030008628964424133,0.29999566078186035
11,61573003997283,fr,0.2242557853460312,0.09168901294469833,0.03149661421775818,0.29999658465385437
11,61575304682136,hi,0.22804243862628937,0.08895927667617798,0.030065447092056274,0.29999876022338867
11,61575207594362,fr,0.2454795390367508,0.08454041182994843,0.030810222029685974,0.2999989986419678
11,61574865641861,it,0.2465924322605133,0.07725386321544647,0.03608176112174988,0.29999464750289917
11,61574923117609,hi,0.21970736980438232,0.09906473755836487,0.030192255973815918,0.29999852180480957
11,61575148359774,en,0.23513026535511017,0.09533930569887161,0.0305936336517334,0.2999988794326782
11,61574785483945,fr,0.18406614661216736,0.11147608608007431,0.030095204710960388,0.29999780654907227
11,61574997930238,en,0.23305001854896545,0.09501252323389053,0.03148958086967468,0.2999984920024872
11,61575796370877,it,0.20532990992069244,0.10679100453853607,0.03005528450012207,0.2999837398529053
11,61575187214281,it,0.23217622935771942,0.09063658863306046,0.03142865002155304,0.29999804496765137
11,61574977866022,en,0.22479069232940674,0.09679610282182693,0.030521228909492493,0.29999688267707825
11,61575161785561,pt,0.19650274515151978,0.10343030095100403,0.030006319284439087,0.29999154806137085
11,61575236435207,hi,0.23911432921886444,0.09383126348257065,0.03080722689628601,0.29999828338623047
11,61575769203176,hi,0.20566672086715698,0.10241417586803436,0.030188053846359253,0.29999595880508423
11,61575305648078,it,0.22377479076385498,0.09919802844524384,0.03003060817718506,0.2999979257583618
11,61574760582067,en,0.26018866896629333,0.0774063915014267,0.03080570697784424,0.29999858140945435
11,61575129328475,it,0.21151402592658997,0.0998312309384346,0.030699744820594788,0.29997503757476807
11,61573536988081,fr,0.2226453572511673,0.09633663296699524,0.03036467730998993,0.2999988794326782
11,61573216118266,it,0.2393733561038971,0.08773352950811386,0.03163810074329376,0.2999972701072693
11,61575633442519,hi,0.20938599109649658,0.09684012085199356,0.030008763074874878,0.29997891187667847
11,61575221512411,hi,0.24324022233486176,0.07955898344516754,0.03227980434894562,0.2999889850616455
11,61575100647735,en,0.23701532185077667,0.0889764130115509,0.031291186809539795,0.2999991774559021
11,61574922094244,en,0.2701813280582428,0.05330081656575203,0.0439826175570488,0.2999984622001648
11,61575555567384,fr,0.19664151966571808,0.10764432698488235,0.03011205792427063,0.29999837279319763
11,61573042665508,fr,0.23808816075325012,0.08654061704874039,0.03175562620162964,0.2999989688396454
11,61575502108193,en,0.24073205888271332,0.09418254345655441,0.030469655990600586,0.29999855160713196
11,61575484211181,pt,0.18283353745937347,0.11634545028209686,0.030015915632247925,0.2999979853630066
11,61575317113475,pt,0.20128299295902252,0.09853582084178925,0.030220836400985718,0.2999967336654663
11,61575165415117,fr,0.2082212269306183,0.1010398343205452,0.030070126056671143,0.2999970018863678
11,61575603778005,it,0.24207602441310883,0.08490660786628723,0.03130750358104706,0.299996554851532
11,61575160987799,hi,0.2190067619085312,0.10571147501468658,0.030234068632125854,0.2999948561191559
11,61575123447467,fr,0.1809741109609604,0.10787425190210342,0.030006200075149536,0.29999515414237976
11,61575667346713,en,0.21416859328746796,0.1022186279296875,0.030137255787849426,0.29999661445617676
11,61575632169437,fr,0.23924973607063293,0.08269516378641129,0.030364587903022766,0.29999130964279175
11,61574928127303,pt,0.1989436000585556,0.1052708700299263,0.030293986201286316,0.2999989092350006
11,61575289802878,en,0.25158798694610596,0.07395730167627335,0.03561526536941528,0.2999952435493469
11,61575200353453,it,0.23507077991962433,0.09137801826000214,0.030559256672859192,0.2999820113182068
11,61574764455076,it,0.21733145415782928,0.09988182038068771,0.03021019697189331,0.29999449849128723
11,61575731693479,en,0.21814654767513275,0.09830933809280396,0.03006550669670105,0.2999986410140991
11,61575049741188,fr,0.2004791498184204,0.0989970937371254,0.030091330409049988,0.29998981952667236
11,61575145346143,pt,0.23107317090034485,0.08670511841773987,0.03233228623867035,0.2999955415725708
11,61574796344244,pt,0.18922489881515503,0.10864587873220444,0.03010152280330658,0.2999972105026245
11,61575786231324,hi,0.2241922914981842,0.09743591398000717,0.030024632811546326,0.29999852180480957
11,61575534002323,en,0.2627519369125366,0.06302697956562042,0.034445151686668396,0.29999858140945435
11,61575621419066,hi,0.23344369232654572,0.09353552758693695,0.030158936977386475,0.2999969720840454
11,61575191863415,hi,0.2182861864566803,0.09231585264205933,0.0301387757062912,0.2999988794326782
11,61575196823636,pt,0.22049669921398163,0.10211137682199478,0.030252322554588318,0.29999780654907227
11,61574940548040,fr,0.2636575400829315,0.062265049666166306,0.03367672860622406,0.299995481967926
11,61574768265684,hi,0.21339383721351624,0.10249120742082596,0.03021267056465149,0.2999793589115143
11,61575557971497,fr,0.19174937903881073,0.10514375567436218,0.030027523636817932,0.2999984622001648
11,61574674005988,en,0.22281530499458313,0.09631724655628204,0.03286553919315338,0.29999876022338867
11,61575568080955,en,0.21726125478744507,0.09736351668834686,0.03224876523017883,0.2999952435493469
11,61575796940771,en,0.24650231003761292,0.08179185539484024,0.030204564332962036,0.29999881982803345
11,61575212768289,en,0.2727314531803131,0.05429881811141968,0.03968548774719238,0.29999852180480957
11,61575143006497,pt,0.22330184280872345,0.1010020300745964,0.03000745177268982,0.2999945282936096
11,61575070651124,it,0.2316591739654541,0.09368901699781418,0.03000718355178833,0.2999976873397827
11,61575580421441,fr,0.24930895864963531,0.07441757619380951,0.03420434892177582,0.29999682307243347
11,61575274269379,it,0.2485182136297226,0.0775202140212059,0.033229634165763855,0.29999375343322754
11,61574727767195,en,0.20685940980911255,0.10379938781261444,0.030512094497680664,0.29999762773513794
11,61575192170378,en,0.25064972043037415,0.06889272481203079,0.036270871758461,0.2999979853630066
11,61572954786814,pt,0.22300434112548828,0.09063871949911118,0.03328397870063782,0.29999876022338867
11,61575562736575,en,0.24131925404071808,0.08333979547023773,0.03346019983291626,0.2999991178512573
11,61573212398163,it,0.23271849751472473,0.08686890453100204,0.030063912272453308,0.29999059438705444
11,61575176453944,en,0.2166338860988617,0.10267610102891922,0.030708223581314087,0.2999974489212036
11,61573129617310,hi,0.22784335911273956,0.09818852692842484,0.030106037855148315,0.299998939037323
11,61575237281286,it,0.20374707877635956,0.09727297723293304,0.030338585376739502,0.2999979257583618
11,61574782514001,en,0.259370893239975,0.06771442294120789,0.0335916131734848,0.29999810457229614
11,61575162475372,pt,0.21639055013656616,0.10039422661066055,0.030373379588127136,0.29999756813049316
11,61575277305874,pt,0.22016002237796783,0.09514456242322922,0.030014440417289734,0.29999804496765137
11,61573496429300,fr,0.22087568044662476,0.097739577293396,0.03005222976207733,0.2999909520149231
11,61574810979559,en,0.2285809963941574,0.0980488508939743,0.030021846294403076,0.2999979257583618
11,61575624382959,en,0.20653024315834045,0.10965340584516525,0.03027769923210144,0.29999804496765137
11,61575307694452,pt,0.23696269094944,0.08497082442045212,0.030433788895606995,0.2999817132949829
11,61575025023617,pt,0.1951734870672226,0.0985008105635643,0.030274316668510437,0.29998084902763367
11,61575621478987,pt,0.2204035520553589,0.10103172063827515,0.03054867684841156,0.2999981939792633
11,61575714924287,en,0.23065531253814697,0.09644714742898941,0.030970394611358643,0.29999691247940063
11,61574946005614,en,0.24388784170150757,0.08441683650016785,0.03127036988735199,0.29999756813049316
11,61575707904529,en,0.23964129388332367,0.09053505957126617,0.03098185360431671,0.2999986410140991
11,61575567781112,pt,0.21384738385677338,0.09387559443712234,0.03085412085056305,0.29999253153800964
11,61575422729180,en,0.23145882785320282,0.09100035578012466,0.030623018741607666,0.2999976575374603
11,61574991695405,en,0.21295525133609772,0.10660043358802795,0.03028815984725952,0.29999297857284546
11,61574951432810,en,0.2690066695213318,0.05520854517817497,0.053300850093364716,0.29999881982803345
11,61574890779488,pt,0.2190483808517456,0.0943451076745987,0.03157013654708862,0.2999363839626312
11,61575728765062,hi,0.23380042612552643,0.08685187995433807,0.031750068068504333,0.2999988794326782
11,61575214852696,pt,0.26454997062683105,0.06410334259271622,0.03433181345462799,0.29999905824661255
11,61573053375071,fr,0.20789021253585815,0.09733341634273529,0.03236043453216553,0.2999981641769409
11,61573380245557,it,0.18020591139793396,0.10539910942316055,0.030001327395439148,0.2999950349330902
11,61574978944598,pt,0.25327807664871216,0.07572025060653687,0.032567933201789856,0.29999732971191406
11,61575606263930,en,0.21690267324447632,0.09940462559461594,0.030956894159317017,0.2999981939792633
11,61575147567358,fr,0.21192288398742676,0.1035698875784874,0.030063137412071228,0.2999977469444275
11,61575717804104,en,0.241834819316864,0.08103571087121964,0.03080187737941742,0.29999828338623047
11,61572914558646,pt,0.18906311690807343,0.1117718517780304,0.03003785014152527,0.29999840259552
11,61573902003588,it,0.20875588059425354,0.1003538966178894,0.030200853943824768,0.2999986410140991
11,61575235145623,en,0.2374919205904007,0.08347569406032562,0.03302405774593353,0.2999979257583618
11,61575057779980,en,0.2601012885570526,0.06766829639673233,0.03797063231468201,0.29999908804893494
11,61575514233503,en,0.24027249217033386,0.07714568823575974,0.03545175492763519,0.2999002933502197
11,61575806960249,hi,0.21992629766464233,0.093651682138443,0.03157991170883179,0.2999721169471741
11,61575203154702,it,0.2304030805826187,0.08903428912162781,0.03254973888397217,0.2999979257583618
11,61575168338780,hi,0.23910559713840485,0.08067850023508072,0.0303964763879776,0.2999099791049957
11,61575095755348,en,0.2249981313943863,0.0955808013677597,0.03037966787815094,0.29999876022338867
11,61574935477073,pt,0.20968008041381836,0.11090216040611267,0.030113428831100464,0.2999981939792633
11,61572882850263,en,0.25873586535453796,0.06683279573917389,0.03439205884933472,0.29999738931655884
11,61575618485389,pt,0.20823650062084198,0.10824032872915268,0.030018284916877747,0.2999987006187439
11,61574831978505,en,0.2507414221763611,0.08103767782449722,0.03156076371669769,0.29999876022338867
11,61575156865865,fr,0.23208904266357422,0.09154585003852844,0.030088037252426147,0.29999881982803345
11,61575054840889,hi,0.21472209692001343,0.10476421564817429,0.03000558912754059,0.2999977767467499
11,61575625025576,pt,0.24379345774650574,0.07858327031135559,0.03261414170265198,0.29999852180480957
11,61573590145100,pt,0.22125943005084991,0.09903261810541153,0.03022986650466919,0.29999738931655884
11,61575003572712,hi,0.2661128640174866,0.05324083939194679,0.04738173633813858,0.2999967336654663
11,61575140242986,en,0.2233756184577942,0.09339207410812378,0.030304282903671265,0.2999984323978424
11,61575061680510,it,0.188141867518425,0.10094144940376282,0.03013773262500763,0.2999906539916992
11,61575575574825,pt,0.24472494423389435,0.08079509437084198,0.03258359432220459,0.2999940514564514
11,61575128956704,it,0.22316356003284454,0.09070949256420135,0.030071482062339783,0.2999926805496216
11,61575676166192,en,0.2517412304878235,0.0746191218495369,0.03338952362537384,0.29999858140945435
11,61575600087094,hi,0.2189711332321167,0.0892857164144516,0.0319947749376297,0.2999333143234253
11,61575039211521,pt,0.21247990429401398,0.10693740099668503,0.0300062894821167,0.29999107122421265
11,61573509419161,fr,0.238247811794281,0.08291815221309662,0.030151143670082092,0.2999982535839081
11,61575787832729,en,0.2696513533592224,0.05185201019048691,0.05705630034208298,0.29999661445617676
11,61572806113212,en,0.24161364138126373,0.09443126618862152,0.03002995252609253,0.29999783635139465
11,61574996550205,en,0.2640022933483124,0.060114093124866486,0.04305947571992874,0.2999982535839081
11,61575686485825,fr,0.22277478873729706,0.09641505032777786,0.03019687533378601,0.2999749183654785
11,61575337302838,pt,0.2653519809246063,0.05803512781858444,0.0426938533782959,0.29999643564224243
11,61575183980808,en,0.23451568186283112,0.09168055653572083,0.030254945158958435,0.29999902844429016
11,61575080220981,en,0.26261478662490845,0.05899661406874657,0.03732943534851074,0.2999982237815857
11,61575209213090,fr,0.234445720911026,0.08803073316812515,0.0349980890750885,0.29999762773513794
11,61575197780172,en,0.19942998886108398,0.09644720703363419,0.035430774092674255,0.2999957203865051
11,61575028442180,fr,0.18763302266597748,0.1167803555727005,0.030029430985450745,0.29999661445617676
11,61575248000254,en,0.2533054053783417,0.07907094806432724,0.032512471079826355,0.2999976873397827
11,61574651897378,en,0.25623175501823425,0.07031120359897614,0.03245650231838226,0.2999987006187439
11,61575084119219,en,0.22851017117500305,0.10143538564443588,0.0300043523311615,0.2999991178512573
11,61575202535455,hi,0.2242853343486786,0.10142603516578674,0.030020952224731445,0.2999974489212036
11,61575224736246,en,0.2237950712442398,0.09856421500444412,0.030044585466384888,0.2999979853630066
11,61573079190124,pt,0.22249948978424072,0.10373334586620331,0.030009105801582336,0.2999972105026245
11,61575011283063,it,0.24286729097366333,0.08079234510660172,0.03751899302005768,0.29999303817749023
11,61575112227227,en,0.2650946080684662,0.057048145681619644,0.04854185879230499,0.2999873757362366
11,61575953244525,hi,0.23708464205265045,0.09836766868829727,0.030032798647880554,0.2999987006187439
11,61575587711344,it,0.2306981235742569,0.08433984965085983,0.03691627085208893,0.2999945282936096
11,61575152395919,it,0.2050698846578598,0.10346350818872452,0.030014410614967346,0.29999881982803345
11,61575939565143,en,0.2222966104745865,0.09193010628223419,0.030949562788009644,0.2999986410140991
11,61575794367448,pt,0.21582965552806854,0.10367380082607269,0.030445128679275513,0.29999658465385437
11,61574820912289,it,0.240446537733078,0.09146698564291,0.03075827658176422,0.29999735951423645
11,61572954306907,pt,0.22545550763607025,0.09245524555444717,0.030540019273757935,0.29999563097953796
11,61575134236693,fr,0.21318605542182922,0.10849963128566742,0.03000950813293457,0.29999837279319763
11,61575307141915,en,0.2743886113166809,0.05274700000882149,0.040971070528030396,0.29999691247940063
11,61575624868902,en,0.1658312827348709,0.11657954752445221,0.030059456825256348,0.29999610781669617
11,61575171116206,fr,0.19117312133312225,0.10278963297605515,0.03005172312259674,0.29994499683380127
11,61575215922342,hi,0.21513408422470093,0.10681383311748505,0.030044689774513245,0.29999735951423645
11,61575106794786,en,0.2435186803340912,0.07914474606513977,0.03321772813796997,0.2999963164329529
11,61575519009521,pt,0.16959154605865479,0.0982711985707283,0.03342762589454651,0.2999895215034485
11,61574835341215,fr,0.21549320220947266,0.10236404836177826,0.030542239546775818,0.29999640583992004
11,61575263014083,en,0.15755826234817505,0.11945092678070068,0.03000636398792267,0.29999417066574097
11,61575578274585,en,0.20100601017475128,0.10311505198478699,0.030078977346420288,0.2999977469444275
11,61574078395311,it,0.21019567549228668,0.10953115671873093,0.03005257248878479,0.29999756813049316
11,61575100662412,en,0.21434909105300903,0.10302407294511795,0.033027470111846924,0.2999945282936096
11,61574829698864,en,0.21037249267101288,0.10580489039421082,0.030415818095207214,0.2999962568283081
11,61574071554987,it,0.22955834865570068,0.09533684700727463,0.030145078897476196,0.29999876022338867
11,61573941970022,it,0.2377759963274002,0.08998042345046997,0.030260160565376282,0.2999913990497589
11,61575721133931,fr,0.2389356940984726,0.08839485794305801,0.031138986349105835,0.2999970316886902
11,61573071750653,fr,0.2573120594024658,0.06449519842863083,0.03568015992641449,0.29999759793281555
11,61575036691879,fr,0.21074485778808594,0.09474880993366241,0.030073165893554688,0.2999951243400574
11,61575642477991,hi,0.24009467661380768,0.08746116608381271,0.030252978205680847,0.2999986410140991
11,61574082594447,it,0.25420284271240234,0.08082897961139679,0.033670634031295776,0.2999933362007141
11,61575024899211,en,0.23685188591480255,0.08428884297609329,0.03228597342967987,0.299998015165329
11,61574787854878,pt,0.268315851688385,0.058472905308008194,0.04778727889060974,0.29999840259552
11,61574724947307,it,0.24301207065582275,0.08543521910905838,0.0323239266872406,0.2999970316886902
11,61573090242830,en,0.2587766647338867,0.06758340448141098,0.03922787308692932,0.29999297857284546
11,61575552061888,pt,0.18568265438079834,0.10827086120843887,0.03014683723449707,0.2999986410140991
11,61574769614945,en,0.2473691999912262,0.07888597249984741,0.03643658757209778,0.29999521374702454
11,61575248771116,en,0.2368331104516983,0.08097962290048599,0.037079304456710815,0.29999881982803345
