user_id,conversations,waves,n_waves,languages,n_languages,countries,n_countries,pregenerated_conversations,user_initiated_conversations,observed_turns,feedback_items,preference_choices,choice_entropy_bits,dominant_choice_share,choice_a,choice_b,choice_c,choice_d,unique_prompt_hashes,duplicate_prompt_rows_within_user,length_comparisons,fraction_chosen_longest,fraction_chosen_shortest
61571086213998,26,1,1,it,1,italy,1,18,8,75,45,75,1.769289065104901,0.38666666666666666,29,17,4,25,75,0,75,0.5866666666666667,0.16
61571428663700,27,1,1,it,1,italy,1,20,7,73,61,73,1.8107045805743365,0.4246575342465753,31,11,8,23,73,0,73,0.3287671232876712,0.3698630136986301
61571535067898,28,1,1,it,1,italy,1,22,6,77,21,77,1.9704148632399554,0.3246753246753247,25,14,19,19,77,0,76,0.3815789473684211,0.25
61571645173270,28,1,1,it,1,italy,1,20,8,77,6,77,1.9938565481996733,0.2857142857142857,22,17,19,19,77,0,77,0.18181818181818182,0.37662337662337664
61571759696523,29,1,1,it,1,italy,1,21,8,82,82,82,1.8940242989747533,0.36585365853658536,10,17,30,25,82,0,82,0.36585365853658536,0.15853658536585366
61572588880916,19,1,1,fr,1,france,1,16,3,46,0,46,1.7694191641437167,0.4782608695652174,4,11,9,22,46,0,45,0.4222222222222222,0.15555555555555556
61572607540933,28,1,1,fr,1,france,1,22,6,73,0,73,1.6540671635064825,0.4520547945205479,33,15,2,23,73,0,72,0.3611111111111111,0.2638888888888889
61572611921169,26,1,1,fr,1,france,1,19,7,72,68,72,1.9277341442140377,0.3333333333333333,23,14,11,24,71,1,72,0.375,0.18055555555555555
61572620411327,30,1,1,fr,1,france,1,19,11,84,0,84,1.974628930464108,0.3333333333333333,19,28,18,19,84,0,84,0.21428571428571427,0.3333333333333333
61572629921625,25,1,1,pt,1,brazil,1,17,8,68,68,68,1.9637905804372884,0.3088235294117647,18,21,11,18,68,0,68,0.27941176470588236,0.2647058823529412
61572643031348,25,1,1,pt,1,brazil,1,20,5,64,22,64,1.6904463844329365,0.546875,35,13,7,9,63,1,64,0.25,0.265625
61572673361821,25,1,1,pt,1,brazil,1,19,6,69,15,69,1.9643878211224883,0.34782608695652173,24,14,15,16,69,0,69,0.42028985507246375,0.2318840579710145
61572683111520,28,1,1,fr,1,france,1,23,5,76,0,76,1.858639733861278,0.4473684210526316,13,17,12,34,76,0,76,0.42105263157894735,0.21052631578947367
61572702917563,25,1,1,fr,1,france,1,17,8,66,7,66,1.74917466839001,0.45454545454545453,21,6,9,30,66,0,66,0.3939393939393939,0.2727272727272727
61572723287435,15,1,1,pt,1,brazil,1,15,0,16,0,16,1.7961796919474975,0.4375,2,5,2,7,15,1,15,0.26666666666666666,0.26666666666666666
61572724157090,27,1,1,en,1,united states,1,21,6,73,60,73,1.7955981195227895,0.4383561643835616,32,12,7,22,73,0,73,0.3561643835616438,0.2876712328767123
61572727877346,27,1,1,fr,1,france,1,19,8,75,53,75,1.9179862344413507,0.4,30,16,13,16,75,0,75,0.28,0.25333333333333335
61572728411956,39,1,1,fr,1,france,1,22,17,104,18,104,1.7539880348598176,0.4807692307692308,50,14,11,29,104,0,103,0.4077669902912621,0.18446601941747573
61572731112276,26,1,1,fr,1,france,1,21,5,71,0,71,1.9876231253082954,0.28169014084507044,20,18,14,19,71,0,71,0.323943661971831,0.23943661971830985
61572766786766,27,1,1,en,1,united states,1,20,7,74,47,74,1.96024668339855,0.33783783783783783,25,14,15,20,74,0,74,0.33783783783783783,0.1891891891891892
61572773292795,27,1,1,fr,1,france,1,19,8,67,1,67,1.9566215111258431,0.31343283582089554,20,15,11,21,67,0,64,0.328125,0.140625
61572773866178,4,1,1,hi,1,india,1,4,0,12,12,12,1.5510981710072647,0.5833333333333334,7,1,3,1,12,0,12,0.75,0.16666666666666666
61572775512570,27,1,1,fr,1,france,1,19,8,78,8,78,1.7827870348969683,0.5,39,12,11,16,78,0,78,0.3076923076923077,0.28205128205128205
61572775543166,22,1,1,pt,1,brazil,1,18,4,60,18,60,1.8646580691230399,0.43333333333333335,14,12,8,26,60,0,60,0.4166666666666667,0.18333333333333332
61572786436276,28,1,1,pt,1,brazil,1,22,6,75,75,75,1.8798239601094329,0.4,20,16,9,30,75,0,75,0.36,0.21333333333333335
61572788022898,30,1,1,en,1,india,1,22,8,82,8,82,1.5765856313179276,0.5975609756097561,49,13,14,6,82,0,82,0.1951219512195122,0.2804878048780488
61572803443414,28,1,1,pt,1,brazil,1,20,8,76,48,76,1.9624099739184384,0.32894736842105265,25,20,13,18,76,0,76,0.2236842105263158,0.2631578947368421
61572806113212,28,1,1,en,1,india,1,23,5,76,12,76,1.6111793290287852,0.4868421052631579,37,27,7,5,76,0,76,0.13157894736842105,0.2631578947368421
61572815085425,249,1,1,fr,1,france,1,21,228,769,60,769,0.8429604576793586,0.8504551365409623,654,38,31,46,754,15,769,0.1378413524057217,0.46423927178153446
61572817333773,25,1,1,en,1,india,1,18,7,66,0,66,1.6503892961941,0.5757575757575758,38,11,8,9,65,1,66,0.2878787878787879,0.24242424242424243
61572830323521,24,1,1,en,1,india,1,19,5,61,61,61,1.8510605010097183,0.4098360655737705,18,7,11,25,61,0,61,0.32786885245901637,0.32786885245901637
61572836863942,31,1,1,en,1,united states,1,23,8,83,81,83,1.9963674371199291,0.27710843373493976,19,21,20,23,83,0,83,0.3253012048192771,0.1927710843373494
61572854504279,26,1,1,fr,1,france,1,20,6,70,29,70,1.9809372866401305,0.3142857142857143,22,17,14,17,70,0,70,0.22857142857142856,0.21428571428571427
61572871334638,31,1,1,fr,1,france,1,2,29,88,0,88,1.8669920852453687,0.4318181818181818,38,14,14,22,88,0,88,0.25,0.26136363636363635
61572882850263,30,1,1,en,1,united states,1,22,8,81,59,81,1.325799149960707,0.7037037037037037,57,11,8,5,81,0,81,0.19753086419753085,0.2839506172839506
61572892659615,29,1,1,fr,1,france,1,22,7,82,0,82,1.654814613338954,0.5609756097560976,46,17,8,11,82,0,82,0.36585365853658536,0.21951219512195122
61572893499743,26,1,1,pt,1,brazil,1,19,7,69,58,69,1.8851714352192803,0.36231884057971014,23,25,10,11,69,0,69,0.2608695652173913,0.37681159420289856
61572894219651,27,1,1,fr,1,france,1,21,6,75,0,75,1.945365444385212,0.32,24,18,11,22,75,0,75,0.32,0.22666666666666666
61572894309691,26,1,1,fr,1,france,1,19,7,72,72,72,1.9631716409641131,0.3472222222222222,25,16,17,14,72,0,71,0.323943661971831,0.23943661971830985
61572896739506,22,1,1,fr,1,france,1,16,6,59,0,59,1.9270409414990544,0.3728813559322034,10,11,16,22,59,0,59,0.4576271186440678,0.15254237288135594
61572897099580,21,1,1,en,1,india,1,13,8,48,48,48,1.8159481175422363,0.4791666666666667,10,23,8,7,48,0,48,0.22916666666666666,0.2708333333333333
61572905289253,29,1,1,fr,1,france,1,21,8,78,78,78,1.9522625929910085,0.34615384615384615,20,13,18,27,78,0,78,0.4358974358974359,0.19230769230769232
61572907778982,28,1,1,fr,1,france,1,21,7,78,78,78,1.8830039962221778,0.4230769230769231,19,13,13,33,78,0,78,0.358974358974359,0.2948717948717949
61572910058877,27,1,1,fr,1,france,1,22,5,73,60,73,1.8119990568237452,0.4657534246575342,34,9,12,18,73,0,73,0.3424657534246575,0.3150684931506849
61572911049040,7,1,1,pt,1,brazil,1,0,7,19,0,19,1.9440097497163569,0.3157894736842105,6,6,4,3,19,0,19,0.2631578947368421,0.47368421052631576
61572912788486,29,1,1,en,1,india,1,22,7,80,40,80,1.87991836293335,0.4125,15,11,21,33,80,0,80,0.2875,0.2375
61572914558646,29,1,1,pt,1,brazil,1,22,7,79,55,79,1.9520719532585784,0.34177215189873417,21,18,13,27,79,0,79,0.4177215189873418,0.21518987341772153
61572924338324,31,1,1,en,1,united states,1,23,8,86,75,86,1.8331758778011245,0.43023255813953487,37,11,13,25,86,0,86,0.27906976744186046,0.3023255813953488
61572930967924,28,1,1,hi,1,india,1,22,6,67,67,67,1.9763306314584475,0.3283582089552239,22,14,15,16,67,0,67,0.417910447761194,0.13432835820895522
61572931087920,32,1,1,fr,1,france,1,23,9,90,0,90,1.6869607936135989,0.5333333333333333,48,19,7,16,90,0,90,0.16666666666666666,0.3888888888888889
61572939577297,28,1,1,en,1,india,1,22,6,72,55,72,1.4816629658152425,0.4583333333333333,31,6,2,33,70,2,72,0.1527777777777778,0.5555555555555556
61572939997623,44,1,1,en,1,india,1,36,8,123,119,123,0.06812462580532022,0.991869918699187,122,0,1,0,122,1,123,0.11382113821138211,0.3333333333333333
61572943207332,26,1,1,fr,1,france,1,19,7,73,6,73,1.7955981195227892,0.4383561643835616,32,12,7,22,73,0,73,0.3150684931506849,0.273972602739726
61572945636998,30,1,1,pt,1,brazil,1,22,8,82,82,82,1.9548151569369963,0.32926829268292684,27,15,16,24,82,0,82,0.4024390243902439,0.14634146341463414
61572946057675,29,1,1,en,1,india,1,22,7,80,60,80,1.826329620279434,0.425,34,24,13,9,80,0,80,0.275,0.275
61572949386705,2,1,1,fr,1,france,1,2,0,4,0,4,1.5,0.5,1,2,1,0,4,0,4,0.25,0.0
61572954306907,30,1,1,pt,1,brazil,1,22,8,83,33,83,1.8981413458580412,0.3855421686746988,32,17,23,11,83,0,82,0.2804878048780488,0.2804878048780488
61572954786814,21,1,1,pt,1,brazil,1,16,5,54,39,54,1.9830975623895442,0.2962962962962963,16,11,12,15,54,0,54,0.4074074074074074,0.24074074074074073
61572964686191,25,1,1,fr,1,france,1,18,7,66,4,66,1.9612325352153852,0.3333333333333333,22,18,12,14,66,0,66,0.24242424242424243,0.25757575757575757
61572965826051,25,1,1,pt,1,brazil,1,17,8,66,18,66,1.9289395754046739,0.36363636363636365,18,10,14,24,66,0,66,0.3333333333333333,0.3333333333333333
61572976475726,24,1,1,pt,1,brazil,1,19,5,67,55,67,1.7398526006420285,0.4626865671641791,21,6,9,31,67,0,66,0.3484848484848485,0.3333333333333333
61572980405370,41,1,1,fr,1,france,1,21,20,98,0,98,1.966432831752055,0.32653061224489793,27,19,20,32,98,0,98,0.32653061224489793,0.22448979591836735
61572985534941,23,1,1,pt,1,brazil,1,17,6,67,17,67,1.939139554200773,0.3283582089552239,21,13,11,22,67,0,66,0.4696969696969697,0.15151515151515152
61572986945032,22,1,1,fr,1,france,1,16,6,62,0,62,1.8954014754513462,0.4032258064516129,16,9,12,25,62,0,62,0.43548387096774194,0.1935483870967742
61572987845124,11,1,1,pt,1,brazil,1,7,4,37,0,37,1.943648709168551,0.35135135135135137,10,6,8,13,37,0,37,0.2972972972972973,0.2972972972972973
61572990814920,28,1,1,fr,1,france,1,20,8,65,5,65,1.9308170082198812,0.3384615384615385,15,9,19,22,65,0,65,0.36923076923076925,0.27692307692307694
61572991877824,28,1,1,fr,1,france,1,22,6,76,76,76,1.8952366979729918,0.3684210526315789,24,11,13,28,76,0,76,0.32894736842105265,0.2631578947368421
61572994007723,30,1,1,fr,1,france,1,22,8,84,56,84,1.9060230689723856,0.40476190476190477,19,13,18,34,84,0,84,0.5476190476190477,0.10714285714285714
61572995087805,35,1,1,en,1,india,1,23,12,93,35,93,1.78250671500421,0.5053763440860215,47,16,16,14,93,0,93,0.1827956989247312,0.26881720430107525
61572995584458,21,1,1,fr,1,france,1,20,1,58,58,58,1.9392480682393154,0.3793103448275862,22,11,13,12,58,0,58,0.29310344827586204,0.3275862068965517
61572997037834,30,1,1,fr,1,france,1,23,7,80,41,80,1.991954458392506,0.2875,23,18,18,21,80,0,79,0.3670886075949367,0.189873417721519
61572999467476,55,1,1,fr,1,france,1,47,8,155,0,155,1.8752183398770241,0.3741935483870968,58,23,23,51,155,0,155,0.3741935483870968,0.14193548387096774
61573001614545,2,1,1,en,1,united states,1,2,0,6,6,6,0.9182958340544896,0.6666666666666666,0,2,0,4,6,0,6,0.6666666666666666,0.0
61573003997283,24,1,1,fr,1,france,1,16,8,66,0,66,1.632858657720953,0.48484848484848486,32,5,6,23,65,1,66,0.3333333333333333,0.36363636363636365
61573007524060,30,1,1,fr,1,france,1,23,7,79,0,79,1.9480954654977303,0.31645569620253167,25,14,15,25,79,0,79,0.4050632911392405,0.20253164556962025
61573009923799,29,1,1,fr,1,france,1,23,6,80,0,80,1.9428426873209985,0.3625,29,15,15,21,80,0,78,0.3333333333333333,0.2692307692307692
61573011363724,26,1,1,en,1,united states,1,20,6,71,0,71,1.9315536011603007,0.38028169014084506,27,17,15,12,71,0,71,0.23943661971830985,0.29577464788732394
61573012877681,27,1,1,pt,1,brazil,1,19,8,73,73,73,1.9377212174542724,0.3287671232876712,23,12,14,24,73,0,73,0.273972602739726,0.2876712328767123
61573015803295,111,1,1,pt,1,brazil,1,63,48,286,23,286,1.8353930720171003,0.40559440559440557,116,47,32,91,285,1,284,0.426056338028169,0.21830985915492956
61573016133369,29,1,1,it,1,italy,1,22,7,79,51,79,1.9082988773737148,0.3670886075949367,24,12,14,29,79,0,78,0.48717948717948717,0.23076923076923078
61573018383344,31,1,1,fr,1,france,1,18,13,84,0,84,1.9858030597653733,0.30952380952380953,18,26,20,20,84,0,84,0.4166666666666667,0.13095238095238096
61573021846202,28,1,1,pt,1,brazil,1,22,6,75,14,75,1.944827527795164,0.3333333333333333,25,20,11,19,75,0,75,0.26666666666666666,0.24
61573022597906,28,1,1,it,1,italy,1,22,6,74,0,74,1.8737292438036457,0.43243243243243246,32,11,14,17,74,0,74,0.3918918918918919,0.21621621621621623
61573022866409,24,1,1,pt,1,brazil,1,17,7,62,0,62,1.9441590008864977,0.3387096774193548,13,10,18,21,62,0,62,0.3387096774193548,0.1774193548387097
61573023483077,27,1,1,en,1,india,1,21,6,74,66,74,1.8283304437265642,0.40540540540540543,30,14,7,23,74,0,74,0.2972972972972973,0.32432432432432434
61573024936314,20,1,1,fr,1,france,1,14,6,51,25,51,1.9447738734102697,0.35294117647058826,10,9,14,18,51,0,51,0.43137254901960786,0.23529411764705882
61573025103065,4,1,1,en,1,india,1,4,0,8,8,8,1.4056390622295665,0.5,4,3,1,0,8,0,8,0.25,0.5
61573026166194,27,1,1,fr,1,france,1,21,6,76,18,76,1.8028870878918053,0.4868421052631579,37,16,11,12,76,0,72,0.2361111111111111,0.20833333333333334
61573026362927,2,1,1,en,1,india,1,2,0,4,0,4,2.0,0.25,1,1,1,1,4,0,4,0.0,0.25
61573029377619,21,1,1,it,1,italy,1,20,1,59,0,59,1.9132505248690659,0.3898305084745763,15,12,9,23,59,0,59,0.288135593220339,0.3050847457627119
61573029962728,22,1,1,en,1,united states,1,22,0,22,0,22,1.789929075309999,0.45454545454545453,6,4,2,10,22,0,22,0.36363636363636365,0.2727272727272727
61573033592817,84,1,1,fr,1,france,1,47,37,216,0,216,1.8869721791189622,0.3611111111111111,72,34,32,78,216,0,215,0.3116279069767442,0.26046511627906976
61573036322799,25,1,1,pt,1,brazil,1,18,7,72,34,72,1.9275864764730541,0.3194444444444444,23,20,9,20,72,0,72,0.3333333333333333,0.25
61573036773006,25,1,1,pt,1,brazil,1,19,6,64,56,64,1.9078900545311064,0.34375,21,12,9,22,64,0,61,0.3442622950819672,0.26229508196721313
61573040625137,29,1,1,fr,1,france,1,21,8,79,6,79,1.7309678769564523,0.5189873417721519,41,13,8,17,79,0,79,0.3291139240506329,0.24050632911392406
61573040866594,27,1,1,it,1,italy,1,20,7,74,54,74,1.9216495685547725,0.32432432432432434,16,24,10,24,74,0,74,0.3783783783783784,0.16216216216216217
61573041212282,28,1,1,fr,1,france,1,20,8,78,46,78,1.891258773233931,0.3717948717948718,15,29,24,10,78,0,78,0.3333333333333333,0.23076923076923078
61573042665508,26,1,1,fr,1,france,1,19,7,68,68,68,1.949085569428612,0.3382352941176471,19,15,11,23,68,0,68,0.3382352941176471,0.2647058823529412
61573043372523,26,1,1,pt,1,brazil,1,20,6,70,36,70,1.8927435992418744,0.37142857142857144,22,12,10,26,70,0,70,0.45714285714285713,0.18571428571428572
61573044002499,27,1,1,pt,1,brazil,1,19,8,74,68,74,1.9633529241199175,0.35135135135135137,26,16,16,16,74,0,74,0.25675675675675674,0.24324324324324326
61573044255129,25,1,1,hi,1,india,1,19,6,69,69,69,1.9860294776190122,0.2898550724637681,20,19,14,16,69,0,68,0.39705882352941174,0.14705882352941177
61573044272015,28,1,1,fr,1,france,1,21,7,72,72,72,1.613527914776626,0.5416666666666666,39,4,10,19,72,0,72,0.3472222222222222,0.3194444444444444
61573045845052,1,1,1,en,1,india,1,1,0,2,0,2,-0.0,1.0,2,0,0,0,2,0,2,0.0,0.0
61573049582066,30,1,1,en,1,united states,1,24,6,80,9,80,1.9174078582027612,0.4,32,14,18,16,80,0,80,0.3875,0.2625
61573050061893,32,1,1,fr,1,france,1,25,7,88,84,88,1.8645031763261024,0.4431818181818182,39,18,13,18,88,0,88,0.2727272727272727,0.3181818181818182
61573050134709,26,1,1,hi,1,india,1,18,8,71,71,71,1.7685425885280641,0.49295774647887325,35,11,8,17,71,0,70,0.42857142857142855,0.24285714285714285
61573051725192,14,1,1,pt,1,brazil,1,14,0,26,0,26,1.688035144392618,0.5384615384615384,14,6,3,3,26,0,26,0.23076923076923078,0.3076923076923077
61573053375071,29,1,1,fr,1,france,1,22,7,81,22,81,1.9697149752083492,0.32098765432098764,26,15,18,22,81,0,81,0.30864197530864196,0.20987654320987653
61573054454503,30,1,1,fr,1,france,1,23,7,81,12,81,1.9251491987642093,0.3333333333333333,25,27,18,11,81,0,81,0.2345679012345679,0.19753086419753085
61573059764597,19,1,1,en,1,india,1,19,0,51,0,51,1.8077635764171944,0.47058823529411764,12,9,6,24,51,0,51,0.3333333333333333,0.3333333333333333
61573060664322,4,1,1,fr,1,france,1,0,4,8,8,8,1.2987949406953985,0.625,0,1,5,2,8,0,8,0.25,0.25
61573062134347,31,1,1,pt,1,brazil,1,23,8,85,85,85,1.8330089930109543,0.36470588235294116,31,14,9,31,85,0,85,0.49411764705882355,0.25882352941176473
61573068253886,26,1,1,en,1,india,1,20,6,67,67,67,1.9720080086482459,0.3283582089552239,15,17,13,22,67,0,67,0.373134328358209,0.31343283582089554
61573071750653,26,1,1,fr,1,france,1,20,6,73,73,73,1.9545312638037946,0.3561643835616438,26,14,15,18,73,0,72,0.4583333333333333,0.1111111111111111
61573072801000,29,1,1,fr,1,france,1,21,8,74,74,74,1.9387175107901877,0.35135135135135137,26,18,11,19,74,0,74,0.2972972972972973,0.24324324324324326
61573074840596,28,1,1,fr,1,france,1,21,7,74,51,74,1.8582239837722945,0.44594594594594594,12,17,12,33,74,0,74,0.44594594594594594,0.16216216216216217
61573077210264,27,1,1,pt,1,brazil,1,19,8,71,71,71,1.907329830105477,0.352112676056338,23,11,12,25,71,0,71,0.3380281690140845,0.2535211267605634
61573079190124,23,1,1,pt,1,brazil,1,20,3,63,37,63,1.9238815536266534,0.38095238095238093,16,10,13,24,63,0,63,0.4444444444444444,0.14285714285714285
61573081243092,28,1,1,fr,1,france,1,23,5,78,22,78,1.844315097443828,0.4230769230769231,33,9,14,22,78,0,78,0.3076923076923077,0.2948717948717949
61573082100143,23,1,1,fr,1,france,1,18,5,59,0,59,1.9129275926524387,0.3728813559322034,22,13,8,16,59,0,59,0.3389830508474576,0.3050847457627119
61573082234749,28,1,1,it,1,italy,1,22,6,78,0,78,1.7529880573064944,0.47435897435897434,22,7,12,37,78,0,77,0.4935064935064935,0.16883116883116883
61573088549702,31,1,1,fr,1,france,1,24,7,86,48,86,1.7285608928412872,0.5116279069767442,44,21,12,9,86,0,86,0.3488372093023256,0.18604651162790697
61573089179589,27,1,1,en,1,india,1,21,6,73,16,73,1.8469603097862488,0.3972602739726027,23,13,29,8,73,0,73,0.3698630136986301,0.1506849315068493
61573090242830,18,1,1,en,1,india,1,14,4,47,0,47,1.695778270783689,0.5106382978723404,24,5,13,5,47,0,47,0.46808510638297873,0.1702127659574468
61573091892807,30,1,1,fr,1,france,1,22,8,84,84,84,1.948332822849664,0.32142857142857145,25,13,19,27,84,0,84,0.2976190476190476,0.21428571428571427
61573096872644,9,1,1,en,1,india,1,7,2,26,0,26,1.6887565441488555,0.46153846153846156,12,2,3,9,26,0,26,0.2692307692307692,0.23076923076923078
61573098852520,92,1,1,fr,1,france,1,31,61,235,0,235,1.876097557283547,0.4297872340425532,101,53,47,34,235,0,234,0.27350427350427353,0.2948717948717949
61573098989704,29,1,1,pt,1,brazil,1,23,6,81,81,81,1.8370471240904493,0.37037037037037035,27,17,7,30,81,0,81,0.345679012345679,0.2716049382716049
61573101102368,29,1,1,fr,1,france,1,19,10,82,82,82,1.9750392877476166,0.32926829268292684,18,27,17,20,82,0,82,0.3170731707317073,0.32926829268292684
61573103532085,1,1,1,hi,1,india,1,0,1,2,0,2,1.0,0.5,1,0,1,0,2,0,2,0.5,0.5
61573104929262,34,1,1,pt,1,brazil,1,27,7,95,87,95,1.9176952335641577,0.37894736842105264,20,14,25,36,94,1,92,0.41304347826086957,0.21739130434782608
61573108228452,27,1,1,pt,1,brazil,1,21,6,74,43,74,1.8885606648123385,0.36486486486486486,24,10,13,27,74,0,74,0.33783783783783783,0.1891891891891892
61573108333376,21,1,1,it,1,italy,1,14,7,55,41,55,1.7129212028515632,0.5272727272727272,10,5,11,29,55,0,55,0.5272727272727272,0.2
61573111393018,30,1,1,en,1,india,1,23,7,83,65,83,1.7746292088104831,0.5060240963855421,42,11,16,14,83,0,83,0.20481927710843373,0.26506024096385544
61573112278516,29,1,1,fr,1,france,1,21,8,78,46,78,1.8757861363444293,0.358974358974359,26,9,15,28,78,0,78,0.38461538461538464,0.19230769230769232
61573112383233,26,1,1,it,1,italy,1,21,5,69,47,69,1.885282446395855,0.42028985507246375,10,16,14,29,69,0,69,0.391304347826087,0.2463768115942029
61573114108669,28,1,1,it,1,italy,1,21,7,76,0,76,1.3390886527181523,0.631578947368421,48,21,4,3,76,0,76,0.07894736842105263,0.3815789473684211
61573116313116,19,1,1,it,1,italy,1,13,6,53,4,53,1.9893390139378795,0.3018867924528302,16,12,13,12,53,0,53,0.32075471698113206,0.2830188679245283
61573116551721,25,1,1,pt,1,brazil,1,17,8,64,64,64,1.917490832652672,0.328125,21,15,8,20,64,0,64,0.3125,0.25
61573117901512,28,1,1,pt,1,brazil,1,21,7,73,57,73,1.9755547216402396,0.2876712328767123,21,18,13,21,73,0,73,0.3150684931506849,0.2191780821917808
61573119868261,19,1,1,pt,1,brazil,1,13,6,54,30,54,1.9888470945875423,0.2777777777777778,15,15,11,13,54,0,54,0.3148148148148148,0.24074074074074073
61573121848000,93,1,1,fr,1,france,1,88,5,278,0,278,1.8357585638157774,0.43884892086330934,122,36,44,76,274,4,274,0.4051094890510949,0.16423357664233576
61573123138096,32,1,1,fr,1,france,1,20,12,82,0,82,1.8582185944598266,0.36585365853658536,28,15,9,30,82,0,82,0.2926829268292683,0.32926829268292684
61573126917814,15,1,1,en,1,united states,1,9,6,41,41,41,1.5387410289524226,0.5609756097560976,23,3,3,12,41,0,41,0.0975609756097561,0.6097560975609756
61573127877600,1,1,1,en,1,india,1,1,0,4,4,4,0.8112781244591328,0.75,3,0,1,0,4,0,4,0.25,0.5
61573128238099,30,1,1,pt,1,brazil,1,23,7,80,78,80,1.8694460429104596,0.4,24,11,13,32,80,0,80,0.2375,0.3125
61573129617310,27,1,1,hi,1,india,1,21,6,74,68,74,1.549140946979936,0.5945945945945946,44,6,7,17,74,0,74,0.36486486486486486,0.25675675675675674
61573131942114,25,1,1,it,1,italy,1,18,7,69,69,69,1.9294605768932094,0.37681159420289856,15,11,26,17,69,0,69,0.34782608695652173,0.14492753623188406
61573132062403,25,1,1,it,1,italy,1,18,7,67,0,67,1.812716195686947,0.44776119402985076,9,19,9,30,67,0,67,0.47761194029850745,0.16417910447761194
61573134147587,30,1,1,fr,1,france,1,23,7,80,64,80,1.9062425555262226,0.4125,16,14,17,33,80,0,80,0.4625,0.125
61573135150612,17,1,1,fr,1,france,1,17,0,17,9,17,1.4516607643577664,0.6470588235294118,1,2,3,11,17,0,17,0.5294117647058824,0.058823529411764705
61573135240533,28,1,1,fr,1,france,1,21,7,74,74,74,1.8900907345378104,0.35135135135135137,26,10,13,25,74,0,74,0.4189189189189189,0.21621621621621623
61573135722026,2,1,1,it,1,italy,1,0,2,6,6,6,1.4591479170272448,0.5,2,1,3,0,6,0,6,0.6666666666666666,0.0
61573139860340,27,1,1,en,1,india,1,20,7,72,62,72,1.9910760598382222,0.2777777777777778,16,20,16,20,72,0,72,0.3888888888888889,0.25
61573141390378,38,1,1,fr,1,france,1,28,10,99,81,99,1.9651258081098286,0.31313131313131315,29,21,18,31,99,0,99,0.32323232323232326,0.1717171717171717
61573143011510,25,1,1,it,1,italy,1,17,8,66,36,66,1.776133024518855,0.48484848484848486,16,11,7,32,66,0,66,0.42424242424242425,0.24242424242424243
61573143206908,28,1,1,pt,1,brazil,1,20,8,77,57,77,1.9483024050936468,0.36363636363636365,28,15,15,19,77,0,76,0.3026315789473684,0.3026315789473684
61573144706564,15,1,1,en,1,india,1,9,6,38,0,38,1.6987733986687261,0.5526315789473685,6,5,6,21,38,0,38,0.3157894736842105,0.2631578947368421
61573149746621,22,1,1,fr,1,france,1,17,5,58,0,58,1.8089332576251511,0.4827586206896552,12,10,8,28,58,0,58,0.3448275862068966,0.25862068965517243
61573150689906,13,1,1,pt,1,brazil,1,13,0,36,0,36,1.9149523861784696,0.3611111111111111,11,6,6,13,36,0,36,0.3888888888888889,0.08333333333333333
61573151409659,18,1,1,en,1,united states,1,13,5,44,40,44,1.9313526581120652,0.38636363636363635,8,10,9,17,44,0,44,0.3181818181818182,0.25
61573153136488,29,1,1,fr,1,france,1,23,6,73,0,73,1.9162126778912627,0.3835616438356164,28,15,11,19,73,0,73,0.3150684931506849,0.2328767123287671
61573157499430,27,1,1,fr,1,france,1,22,5,72,37,72,1.9409294612444257,0.375,27,16,13,16,72,0,71,0.28169014084507044,0.28169014084507044
61573160110760,28,1,1,it,1,italy,1,21,7,76,18,76,1.9909703934320488,0.2894736842105263,22,19,19,16,76,0,76,0.25,0.35526315789473684
61573160396182,29,1,1,fr,1,france,1,22,7,71,53,71,1.8933541567668137,0.352112676056338,25,22,8,16,71,0,71,0.29577464788732394,0.28169014084507044
61573161129574,21,1,1,pt,1,brazil,1,14,7,50,39,50,1.7582975702780197,0.48,24,12,4,10,50,0,50,0.24,0.3
61573163020742,40,1,1,it,1,italy,1,24,16,110,23,110,1.6629802038417334,0.5636363636363636,62,21,15,12,110,0,107,0.2336448598130841,0.3644859813084112
61573163948929,28,1,1,fr,1,france,1,21,7,75,0,75,1.758133479875162,0.3466666666666667,26,25,3,21,74,1,74,0.32432432432432434,0.25675675675675674
61573164866365,1,1,1,pt,1,brazil,1,1,0,2,0,2,1.0,0.5,1,0,0,1,2,0,2,0.5,0.0
61573166365827,29,1,1,en,1,india,1,21,8,82,4,82,1.955001412179077,0.3048780487804878,25,19,13,25,82,0,82,0.2926829268292683,0.18292682926829268
61573167310365,19,1,1,it,1,italy,1,18,1,19,0,19,1.4574248814091713,0.631578947368421,2,1,4,12,19,0,19,0.5263157894736842,0.15789473684210525
61573167969034,28,1,1,fr,1,france,1,21,7,76,76,76,1.9543799254143375,0.32894736842105265,22,13,16,25,75,1,76,0.3815789473684211,0.3026315789473684
61573168045832,27,1,1,fr,1,france,1,20,7,76,0,76,1.873212154196457,0.35526315789473684,27,16,8,25,76,0,76,0.4868421052631579,0.13157894736842105
61573175695316,24,1,1,en,1,india,1,17,7,67,59,67,1.8156013893538843,0.3880597014925373,26,12,6,23,67,0,67,0.23880597014925373,0.373134328358209
61573181588473,29,1,1,fr,1,france,1,21,8,79,59,79,1.8595670579192805,0.3670886075949367,29,16,8,26,79,0,79,0.31645569620253167,0.20253164556962025
61573181815163,11,1,1,fr,1,france,1,11,0,27,27,27,1.8910611120726526,0.3333333333333333,9,9,3,6,27,0,27,0.4074074074074074,0.3333333333333333
61573182145121,23,1,1,fr,1,france,1,17,6,64,6,64,1.8953161925235014,0.390625,25,15,8,16,64,0,60,0.38333333333333336,0.21666666666666667
61573182549450,23,1,1,it,1,italy,1,17,6,61,61,61,1.909828831106059,0.4098360655737705,13,12,11,25,61,0,61,0.4426229508196721,0.26229508196721313
61573183358303,27,1,1,pt,1,brazil,1,21,6,72,72,72,1.489398984806157,0.625,45,7,5,15,72,0,72,0.2777777777777778,0.3055555555555556
61573185384919,23,1,1,fr,1,france,1,17,6,57,0,57,1.8704033492470373,0.42105263157894735,15,8,10,24,57,0,57,0.2982456140350877,0.21052631578947367
61573191204630,23,1,1,it,1,italy,1,16,7,61,61,61,1.9640604333502663,0.3442622950819672,21,13,12,15,60,1,61,0.3114754098360656,0.22950819672131148
61573191954824,27,1,1,pt,1,brazil,1,20,7,76,76,76,1.8885961619312468,0.34210526315789475,26,24,8,18,76,0,75,0.38666666666666666,0.29333333333333333
61573194127645,26,1,1,fr,1,france,1,20,6,68,34,68,1.860664651413939,0.4117647058823529,28,8,13,19,68,0,68,0.4852941176470588,0.17647058823529413
61573196827185,44,1,1,en,1,india,1,29,15,107,8,107,1.7122815422546342,0.5327102803738317,57,17,11,22,107,0,107,0.2897196261682243,0.2897196261682243
61573197384523,25,1,1,pt,1,brazil,1,17,8,67,67,67,1.8889776132272607,0.3283582089552239,22,22,7,16,67,0,67,0.29850746268656714,0.16417910447761194
61573198854543,29,1,1,en,1,india,1,23,6,77,77,77,1.6305824935192654,0.5844155844155844,45,10,9,13,77,0,77,0.2727272727272727,0.22077922077922077
61573204057105,24,1,1,pt,1,brazil,1,17,7,63,0,63,1.8865242142385843,0.31746031746031744,20,6,18,19,63,0,63,0.3492063492063492,0.3492063492063492
61573205543869,28,1,1,fr,1,france,1,25,3,78,0,78,1.5465935642949384,0.46153846153846156,32,6,4,36,78,0,78,0.3717948717948718,0.358974358974359
61573205754045,27,1,1,pt,1,brazil,1,21,6,75,75,75,1.9425567097135312,0.3466666666666667,21,12,16,26,75,0,75,0.3333333333333333,0.3333333333333333
61573206864084,28,1,1,pt,1,brazil,1,11,17,73,10,73,1.9362318785985495,0.3835616438356164,28,15,14,16,73,0,73,0.2876712328767123,0.273972602739726
61573207823837,32,1,1,fr,1,france,1,24,8,88,24,88,1.944049361222561,0.32954545454545453,29,15,17,27,88,0,88,0.5,0.22727272727272727
61573212398163,26,1,1,it,1,italy,1,19,7,70,0,70,1.9312658166526933,0.35714285714285715,25,17,10,18,70,0,70,0.3,0.2571428571428571
61573212683548,28,1,1,fr,1,france,1,21,7,75,14,75,1.765873439146063,0.4533333333333333,34,11,7,23,75,0,75,0.3466666666666667,0.30666666666666664
61573212846972,29,1,1,en,1,india,1,23,6,81,48,81,1.9545879950977734,0.345679012345679,21,14,18,28,81,0,80,0.3375,0.2125
61573216118266,21,1,1,it,1,italy,1,19,2,49,11,49,1.8937123479993312,0.40816326530612246,20,12,10,7,49,0,49,0.1836734693877551,0.2857142857142857
61573216356608,28,1,1,en,1,india,1,21,7,78,78,78,1.7839286690464422,0.48717948717948717,38,9,13,18,77,1,78,0.34615384615384615,0.28205128205128205
61573217543255,28,1,1,hi,1,india,1,20,8,77,26,77,1.9007018573619197,0.3116883116883117,24,22,8,23,76,1,77,0.2727272727272727,0.22077922077922077
61573218173433,31,1,1,pt,1,brazil,1,23,8,83,83,83,1.9332291547232918,0.3253012048192771,27,15,14,27,83,0,83,0.2891566265060241,0.2891566265060241
61573218216442,6,1,1,pt,1,brazil,1,6,0,16,6,16,1.8496017527145812,0.4375,7,3,2,4,16,0,16,0.125,0.0625
61573219236268,4,1,1,en,1,india,1,0,4,7,0,7,1.4488156357251847,0.42857142857142855,0,1,3,3,7,0,7,0.2857142857142857,0.2857142857142857
61573221277776,27,1,1,en,1,india,1,18,9,77,4,77,1.1762049271383264,0.7142857142857143,55,16,4,2,77,0,77,0.18181818181818182,0.3246753246753247
61573221426285,27,1,1,pt,1,brazil,1,20,7,75,75,75,1.8833419458428047,0.36,23,17,8,27,75,0,75,0.3333333333333333,0.2
61573230966143,29,1,1,en,1,united states,1,22,7,78,22,78,1.8344296485676677,0.4230769230769231,33,15,8,22,78,0,78,0.28205128205128205,0.28205128205128205
61573238632843,28,1,1,en,1,india,1,20,8,78,0,78,1.962545647718334,0.34615384615384615,27,15,19,17,77,1,78,0.24358974358974358,0.28205128205128205
61573246867422,27,1,1,it,1,italy,1,20,7,70,15,70,1.9634688265852156,0.32857142857142857,18,17,12,23,70,0,70,0.44285714285714284,0.14285714285714285
61573250572741,31,1,1,pt,1,brazil,1,24,7,84,76,84,1.8356766309733659,0.4523809523809524,18,18,10,38,84,0,84,0.4523809523809524,0.19047619047619047
61573259482479,28,1,1,pt,1,brazil,1,22,6,77,77,77,1.808020182595154,0.36363636363636365,28,15,6,28,77,0,77,0.4155844155844156,0.19480519480519481
61573286615490,28,1,1,fr,1,france,1,21,7,73,19,73,1.84494143493381,0.3698630136986301,27,9,11,26,73,0,73,0.3013698630136986,0.273972602739726
61573291102125,26,1,1,fr,1,france,1,20,6,67,21,67,1.9865731702519442,0.2835820895522388,19,14,15,19,67,0,67,0.3880597014925373,0.22388059701492538
61573294025385,21,1,1,fr,1,france,1,17,4,57,0,57,1.492708807045318,0.631578947368421,36,11,5,5,57,0,57,0.14035087719298245,0.21052631578947367
61573296905353,29,1,1,en,1,united states,1,23,6,81,50,81,1.9652378436702638,0.32098765432098764,26,23,17,15,79,2,81,0.2716049382716049,0.20987654320987653
61573297146648,22,1,1,it,1,italy,1,16,6,54,46,54,1.871081313652177,0.3888888888888889,8,8,17,21,54,0,54,0.4074074074074074,0.14814814814814814
61573306072107,27,1,1,fr,1,france,1,20,7,69,36,69,1.8473679116425372,0.42028985507246375,29,17,7,16,69,0,69,0.2753623188405797,0.34782608695652173
61573326904800,26,1,1,fr,1,france,1,20,6,70,19,70,1.9351029938722473,0.37142857142857144,26,14,12,18,70,0,70,0.3,0.3142857142857143
61573334466336,21,1,1,it,1,italy,1,7,14,57,0,57,1.1712517686497996,0.7192982456140351,41,4,1,11,57,0,56,0.32142857142857145,0.35714285714285715
61573358494546,30,1,1,fr,1,france,1,22,8,82,39,82,1.787004461522602,0.5,13,16,12,41,82,0,82,0.3902439024390244,0.2682926829268293
61573361584445,100,1,1,fr,1,france,1,83,17,242,44,242,1.6729604132754226,0.512396694214876,70,23,25,124,242,0,242,0.3677685950413223,0.30991735537190085
61573376404449,26,1,1,pt,1,brazil,1,20,6,73,73,73,1.7824108513703372,0.3835616438356164,28,9,8,28,73,0,73,0.3424657534246575,0.2876712328767123
61573376435892,34,1,1,it,1,italy,1,27,7,92,66,92,1.8993809252728386,0.358695652173913,29,18,12,33,92,0,91,0.3626373626373626,0.2857142857142857
61573380245557,28,1,1,it,1,italy,1,18,10,79,49,79,1.955890942563372,0.3291139240506329,22,18,13,26,79,0,79,0.3670886075949367,0.189873417721519
61573382044188,51,1,1,en,1,india,1,40,11,119,60,119,1.925062543997262,0.36134453781512604,43,34,18,24,119,0,119,0.2773109243697479,0.2184873949579832
61573382480931,29,1,1,pt,1,brazil,1,21,8,80,15,80,1.808721040047165,0.4875,12,15,14,39,79,1,80,0.4125,0.1375
61573384551006,30,1,1,pt,1,brazil,1,23,7,83,83,83,1.9156607696455503,0.37349397590361444,31,17,12,23,83,0,83,0.37349397590361444,0.1686746987951807
61573386275336,29,1,1,en,1,united states,1,22,7,81,3,81,1.9861183153039013,0.30864197530864196,18,20,18,25,79,2,81,0.2716049382716049,0.24691358024691357
61573389545206,25,1,1,it,1,italy,1,21,4,71,0,71,1.6924917485392998,0.5211267605633803,37,13,5,16,71,0,71,0.2676056338028169,0.30985915492957744
61573394763409,26,1,1,fr,1,france,1,20,6,75,24,75,1.9003856937718464,0.37333333333333335,9,20,18,28,75,0,75,0.4,0.14666666666666667
61573395394803,30,1,1,pt,1,brazil,1,22,8,83,83,83,1.8365501765143213,0.42168674698795183,35,12,11,25,83,0,83,0.40963855421686746,0.1927710843373494
61573397313375,28,1,1,fr,1,france,1,20,8,76,76,76,1.9810776336058846,0.3026315789473684,21,16,16,23,76,0,76,0.4342105263157895,0.17105263157894737
61573399053277,23,1,1,en,1,india,1,19,4,61,0,61,1.8518373766292697,0.4098360655737705,25,15,6,15,61,0,61,0.32786885245901637,0.2459016393442623
61573401574373,25,1,1,pt,1,brazil,1,19,6,64,64,64,1.9575057772536817,0.34375,22,12,17,13,64,0,64,0.265625,0.234375
61573402803084,29,1,1,pt,1,brazil,1,22,7,80,80,80,1.8923414355535932,0.425,17,15,14,34,80,0,80,0.5125,0.1375
61573411504187,26,1,1,it,1,italy,1,19,7,67,58,67,1.8596013686403121,0.44776119402985076,10,13,14,30,67,0,67,0.582089552238806,0.1791044776119403
61573420533626,30,1,1,en,1,united states,1,23,7,81,69,81,1.9650375637095254,0.2962962962962963,22,22,13,24,81,0,81,0.3333333333333333,0.1728395061728395
61573421973727,27,1,1,en,1,united states,1,20,7,74,0,74,1.6307309237699137,0.5405405405405406,40,6,8,20,74,0,74,0.22972972972972974,0.28378378378378377
61573423472399,24,1,1,pt,1,brazil,1,18,6,68,0,68,1.9114723237751292,0.3382352941176471,23,17,8,20,68,0,68,0.39705882352941174,0.19117647058823528
61573425182192,25,1,1,fr,1,france,1,18,7,70,0,70,1.7759839113342668,0.4857142857142857,34,13,7,16,70,0,70,0.21428571428571427,0.22857142857142856
61573432681814,28,1,1,hi,1,india,1,20,8,74,74,74,1.651412110258362,0.527027027027027,39,13,4,18,74,0,74,0.47297297297297297,0.14864864864864866
61573432831868,25,1,1,fr,1,france,1,20,5,68,68,68,1.8305538171643132,0.38235294117647056,26,10,8,24,68,0,68,0.38235294117647056,0.20588235294117646
61573433221729,24,1,1,fr,1,france,1,17,7,64,64,64,1.9451030431571024,0.3125,18,20,17,9,64,0,64,0.25,0.203125
61573436851390,27,1,1,fr,1,france,1,20,7,70,70,70,1.7705768557788122,0.45714285714285713,21,7,10,32,70,0,70,0.4142857142857143,0.2
61573437931596,25,1,1,en,1,india,1,18,7,71,34,71,1.974361410339865,0.30985915492957744,15,20,14,22,71,0,71,0.2535211267605634,0.2112676056338028
61573445402717,26,1,1,en,1,united states,1,20,6,73,0,73,1.7405566817896059,0.4794520547945205,15,5,18,35,73,0,73,0.3013698630136986,0.3013698630136986
61573450021139,30,1,1,fr,1,france,1,21,9,81,0,81,1.862521976995968,0.4074074074074074,33,24,13,11,81,0,81,0.2839506172839506,0.30864197530864196
61573450170903,18,1,1,en,1,united states,1,18,0,48,0,48,1.9329316468984663,0.375,18,12,10,8,48,0,48,0.3541666666666667,0.25
61573455300594,30,1,1,hi,1,india,1,22,8,79,79,79,1.731635202267375,0.45569620253164556,36,10,7,26,78,1,79,0.4810126582278481,0.20253164556962025
61573456230509,28,1,1,fr,1,france,1,21,7,77,44,77,1.9349205800984228,0.36363636363636365,28,15,13,21,77,0,77,0.3116883116883117,0.2597402597402597
61573457190528,27,1,1,fr,1,france,1,22,5,69,69,69,1.7812446598107456,0.4782608695652174,33,9,9,18,69,0,69,0.43478260869565216,0.2463768115942029
61573457460786,26,1,1,en,1,india,1,20,6,70,37,70,1.8720212901551427,0.44285714285714284,31,12,13,14,70,0,70,0.17142857142857143,0.3
61573466431893,25,1,1,it,1,italy,1,19,6,65,23,65,1.9459835381223645,0.36923076923076925,15,12,14,24,65,0,65,0.38461538461538464,0.26153846153846155
61573471080048,29,1,1,en,1,india,1,22,7,79,60,79,1.9426829174846678,0.3670886075949367,29,15,15,20,79,0,79,0.26582278481012656,0.34177215189873417
61573482989719,27,1,1,fr,1,france,1,20,7,74,2,74,1.7557576971611295,0.5135135135135135,15,12,9,38,73,1,74,0.4189189189189189,0.13513513513513514
61573489649730,28,1,1,en,1,india,1,23,5,77,77,77,1.9317998683930089,0.33766233766233766,26,11,17,23,77,0,77,0.33766233766233766,0.3246753246753247
61573496429300,28,1,1,fr,1,france,1,21,7,74,60,74,1.9100679190354903,0.33783783783783783,25,17,9,23,74,0,74,0.3783783783783784,0.21621621621621623
61573499489519,24,1,1,en,1,united states,1,19,5,64,15,64,1.8744095053452703,0.359375,23,21,7,13,64,0,64,0.28125,0.28125
61573501187041,27,1,1,it,1,italy,1,20,7,68,14,68,1.9339672449477243,0.38235294117647056,15,15,12,26,68,0,66,0.3484848484848485,0.24242424242424243
61573503322985,28,1,1,fr,1,france,1,20,8,73,48,73,1.8984795080747505,0.3424657534246575,25,15,9,24,73,0,73,0.3835616438356164,0.1643835616438356
61573503869339,11,1,1,fr,1,france,1,4,7,36,16,36,1.8571159756412001,0.4444444444444444,16,8,5,7,36,0,36,0.1388888888888889,0.5
61573504109295,1,1,1,en,1,india,1,0,1,4,0,4,1.5,0.5,2,0,1,1,4,0,4,0.25,0.25
61573504404587,22,1,1,it,1,italy,1,17,5,60,0,60,1.7060075793123286,0.55,33,9,9,9,60,0,60,0.3,0.2
61573504853111,55,1,1,fr,1,france,1,40,15,149,76,149,1.958151787742886,0.35570469798657717,53,35,31,30,149,0,149,0.3288590604026846,0.19463087248322147
61573506173288,28,1,1,en,1,india,1,21,7,73,0,73,1.6137979780637572,0.5342465753424658,39,18,3,13,73,0,73,0.1780821917808219,0.3561643835616438
61573508699440,28,1,1,en,1,india,1,21,7,77,0,77,1.8891240339825401,0.37662337662337664,24,13,11,29,77,0,77,0.37662337662337664,0.24675324675324675
61573509419161,25,1,1,fr,1,france,1,19,6,68,12,68,1.944773455923998,0.3235294117647059,22,14,11,21,68,0,67,0.3880597014925373,0.23880597014925373
61573516080607,26,1,1,it,1,italy,1,18,8,66,11,66,1.9585633022055302,0.3484848484848485,16,12,15,23,66,0,66,0.3333333333333333,0.3333333333333333
61573519258936,26,1,1,hi,1,india,1,20,6,69,69,69,1.8839319674250996,0.4057971014492754,28,9,14,18,69,0,69,0.463768115942029,0.2463768115942029
61573523878226,25,1,1,fr,1,france,1,17,8,68,0,68,1.9664804352196141,0.3235294117647059,22,13,14,19,68,0,68,0.38235294117647056,0.17647058823529413
61573528079981,29,1,1,it,1,italy,1,21,8,79,15,79,1.955890942563372,0.3291139240506329,26,18,13,22,79,0,79,0.3670886075949367,0.1518987341772152
61573528558180,28,1,1,fr,1,france,1,20,8,75,0,75,1.906796049483715,0.3333333333333333,24,17,9,25,75,0,75,0.38666666666666666,0.2
61573535127953,24,1,1,hi,1,india,1,17,7,67,67,67,1.231540386262005,0.7313432835820896,49,6,3,9,67,0,67,0.3283582089552239,0.29850746268656714
61573535549602,26,1,1,it,1,italy,1,19,7,66,16,66,1.8857436580140412,0.3939393939393939,26,19,12,9,66,0,66,0.22727272727272727,0.24242424242424243
61573536537887,25,1,1,fr,1,france,1,18,7,65,18,65,1.908615724907574,0.38461538461538464,25,12,10,18,64,1,65,0.36923076923076925,0.27692307692307694
61573536988081,22,1,1,fr,1,france,1,17,5,57,42,57,1.9109433522573884,0.3508771929824561,18,11,8,20,57,0,57,0.40350877192982454,0.22807017543859648
61573537227813,60,1,1,fr,1,france,1,18,42,154,51,154,1.7143087080856323,0.5324675324675324,82,21,18,33,154,0,154,0.24675324675324675,0.3181818181818182
61573539089036,28,1,1,it,1,italy,1,20,8,77,39,77,1.9008209334972286,0.4025974025974026,31,17,18,11,77,0,77,0.23376623376623376,0.22077922077922077
61573540619004,27,1,1,it,1,italy,1,19,8,73,51,73,1.727054604055422,0.4246575342465753,31,13,4,25,73,0,73,0.3972602739726027,0.3150684931506849
61573540677615,72,1,1,pt,1,brazil,1,38,34,221,60,221,1.9731066274256066,0.334841628959276,74,46,50,51,220,1,221,0.31221719457013575,0.28054298642533937
61573543259106,28,1,1,it,1,italy,1,21,7,76,76,76,1.8195715622464876,0.4342105263157895,33,16,7,20,76,0,76,0.23684210526315788,0.32894736842105265
61573544637558,22,1,1,fr,1,france,1,16,6,61,61,61,1.8577052878555196,0.39344262295081966,19,7,11,24,61,0,61,0.26229508196721313,0.21311475409836064
61573545838807,23,1,1,it,1,italy,1,17,6,65,22,65,1.7628175760549645,0.49230769230769234,32,10,16,7,65,0,64,0.265625,0.171875
61573549288635,24,1,1,it,1,italy,1,18,6,61,61,61,1.7968117535145236,0.45901639344262296,28,11,6,16,61,0,61,0.2786885245901639,0.32786885245901637
61573551358407,23,1,1,en,1,united states,1,19,4,65,65,65,1.6975616925519639,0.49230769230769234,11,4,18,32,65,0,65,0.3384615384615385,0.27692307692307694
61573552737149,29,1,1,pt,1,brazil,1,22,7,75,75,75,1.6589395721111528,0.4533333333333333,34,6,7,28,75,0,75,0.44,0.2
61573552948536,26,1,1,it,1,italy,1,20,6,70,62,70,1.9118819817541555,0.4,13,12,17,28,70,0,70,0.44285714285714284,0.15714285714285714
61573560026602,32,1,1,fr,1,france,1,21,11,82,58,82,1.835730268353037,0.3780487804878049,31,28,15,8,82,0,82,0.24390243902439024,0.1951219512195122
61573560866595,27,1,1,en,1,india,1,19,8,71,23,71,1.587599834009171,0.6056338028169014,43,9,8,11,71,0,71,0.22535211267605634,0.323943661971831
61573561197818,28,1,1,it,1,italy,1,21,7,75,42,75,1.6675941111040764,0.49333333333333335,24,7,7,37,75,0,75,0.52,0.13333333333333333
61573562696534,27,1,1,fr,1,france,1,19,8,72,72,72,1.8711138683801618,0.4444444444444444,32,13,14,13,72,0,71,0.29577464788732394,0.30985915492957744
61573564257978,27,1,1,it,1,italy,1,20,7,76,0,76,1.88584502026331,0.3815789473684211,29,22,16,9,76,0,76,0.17105263157894737,0.27631578947368424
61573566207733,71,1,1,fr,1,france,1,71,0,192,14,192,1.6689555668168732,0.4375,73,23,12,84,190,2,191,0.3769633507853403,0.2879581151832461
61573568066335,27,1,1,en,1,india,1,20,7,71,53,71,1.812822844703912,0.39436619718309857,25,8,10,28,71,0,71,0.3380281690140845,0.30985915492957744
61573569477537,16,1,1,it,1,italy,1,15,1,39,0,39,1.6638650965953525,0.48717948717948717,6,12,2,19,39,0,39,0.5128205128205128,0.07692307692307693
61573569926200,29,1,1,fr,1,france,1,21,8,78,78,78,1.6644444496892836,0.47435897435897434,37,7,7,27,78,0,78,0.2692307692307692,0.2948717948717949
61573577515864,29,1,1,en,1,india,1,23,6,79,79,79,1.772762753124462,0.5063291139240507,40,12,11,16,79,0,79,0.31645569620253167,0.13924050632911392
61573578415761,25,1,1,fr,1,france,1,19,6,63,8,63,1.9270464503393512,0.38095238095238093,10,15,14,24,63,0,63,0.4126984126984127,0.12698412698412698
61573579197036,7,1,1,pt,1,brazil,1,0,7,20,0,20,1.9854752972273344,0.3,5,6,5,4,20,0,20,0.25,0.3
61573579945781,24,1,1,fr,1,france,1,19,5,66,18,66,1.5401467845355254,0.5151515151515151,34,3,6,23,66,0,66,0.2727272727272727,0.3939393939393939
61573581955402,30,1,1,fr,1,france,1,22,8,83,83,83,1.8457904696509502,0.4578313253012048,17,16,12,38,83,0,83,0.5180722891566265,0.2289156626506024
61573584145193,29,1,1,pt,1,brazil,1,21,8,79,79,79,1.9005123673793944,0.4177215189873418,17,15,14,33,79,0,77,0.5194805194805194,0.16883116883116883
61573584325587,46,1,1,en,1,india,1,35,11,128,60,128,0.7856459089054808,0.8515625,109,11,7,1,128,0,128,0.140625,0.359375
61573587415133,25,1,1,en,1,india,1,25,0,68,68,68,1.3768351804246028,0.6764705882352942,46,5,12,5,66,2,68,0.25,0.22058823529411764
61573588616749,28,1,1,en,1,united states,1,20,8,78,62,78,1.6934798672212934,0.44871794871794873,28,6,9,35,78,0,78,0.28205128205128205,0.4358974358974359
61573590145100,28,1,1,pt,1,brazil,1,21,7,74,74,74,1.6087260389050502,0.5945945945945946,44,12,10,8,74,0,74,0.2972972972972973,0.24324324324324326
61573593806567,22,1,1,it,1,italy,1,17,5,50,0,50,1.8318708671301716,0.36,17,11,4,18,50,0,50,0.28,0.32
61573594224561,8,1,1,fr,1,france,1,8,0,19,13,19,1.8474201200521745,0.42105263157894735,8,2,4,5,19,0,19,0.47368421052631576,0.10526315789473684
61573596774794,27,1,1,pt,1,brazil,1,21,6,72,72,72,1.963942393395716,0.3194444444444444,12,19,18,23,72,0,72,0.3194444444444444,0.19444444444444445
61573597434647,27,1,1,en,1,india,1,20,7,72,20,72,1.932931646898466,0.375,18,15,12,27,72,0,72,0.3472222222222222,0.3194444444444444
61573598186103,31,1,1,fr,1,france,1,23,8,84,0,84,1.8074488436879528,0.38095238095238093,32,12,9,31,83,1,84,0.4642857142857143,0.23809523809523808
61573600314562,23,1,1,en,1,india,1,20,3,66,0,66,1.9759583325044727,0.30303030303030304,18,12,20,16,66,0,66,0.2727272727272727,0.25757575757575757
61573600374605,30,1,1,en,1,india,1,22,8,81,43,81,1.991122414039628,0.2962962962962963,24,19,20,18,81,0,81,0.30864197530864196,0.2345679012345679
61573601696076,20,1,1,it,1,italy,1,15,5,58,58,58,1.8427826770887243,0.3793103448275862,22,18,5,13,58,0,58,0.43103448275862066,0.20689655172413793
61573604424378,3,1,1,en,1,india,1,3,0,6,0,6,1.4591479170272448,0.5,3,1,2,0,6,0,6,0.5,0.0
61573619065225,27,1,1,it,1,italy,1,19,8,71,42,71,1.8743059002119196,0.36619718309859156,26,8,14,23,71,0,70,0.4714285714285714,0.2
61573620977018,27,1,1,it,1,italy,1,20,7,75,55,75,1.9129514062501305,0.3466666666666667,21,26,9,19,75,0,74,0.3918918918918919,0.20270270270270271
61573623174956,27,1,1,it,1,italy,1,20,7,74,20,74,1.8974458458024244,0.35135135135135137,20,20,8,26,74,0,74,0.4594594594594595,0.17567567567567569
61573623976958,24,1,1,it,1,italy,1,16,8,67,67,67,1.8130561671636567,0.40298507462686567,23,8,9,27,67,0,65,0.38461538461538464,0.24615384615384617
61573624637189,24,1,1,it,1,italy,1,18,6,69,69,69,1.985277590509022,0.30434782608695654,15,18,15,21,69,0,69,0.5072463768115942,0.15942028985507245
61573638622824,25,1,1,fr,1,france,1,19,6,64,64,64,1.7098683589017412,0.5,18,6,8,32,64,0,63,0.3968253968253968,0.2698412698412698
61573639284043,28,1,1,pt,1,brazil,1,20,8,77,77,77,1.891957882216648,0.36363636363636365,25,11,13,28,77,0,76,0.32894736842105265,0.27631578947368424
61573639576797,25,1,1,it,1,italy,1,19,6,69,12,69,1.7546601497460785,0.4492753623188406,31,6,10,22,69,0,69,0.2463768115942029,0.3333333333333333
61573643991690,28,1,1,en,1,india,1,22,6,28,24,28,1.878309619616717,0.35714285714285715,6,3,9,10,28,0,28,0.32142857142857145,0.21428571428571427
61573645455245,27,1,1,it,1,italy,1,22,5,72,8,72,1.6156719602060283,0.4305555555555556,31,5,6,30,70,2,72,0.4166666666666667,0.2222222222222222
61573657275638,28,1,1,it,1,italy,1,21,7,74,23,74,1.867830673956846,0.3783783783783784,24,9,13,28,74,0,73,0.3972602739726027,0.2465753424657534
61573657822094,23,1,1,pt,1,brazil,1,16,7,62,50,62,1.8933560240418221,0.3709677419354839,19,8,12,23,62,0,62,0.5,0.1935483870967742
61573666185135,28,1,1,it,1,italy,1,21,7,73,0,73,1.9379229365823136,0.3424657534246575,16,11,21,25,73,0,72,0.5,0.1388888888888889
61573677201218,25,1,1,fr,1,france,1,18,7,67,43,67,1.9545186665087169,0.3283582089552239,22,11,15,19,67,0,67,0.1791044776119403,0.208955223880597
61573678732836,27,1,1,fr,1,france,1,18,9,28,0,28,2.0,0.25,7,7,7,7,28,0,28,0.35714285714285715,0.17857142857142858
61573680682759,31,1,1,en,1,united states,1,23,8,86,0,86,1.9696843784206246,0.313953488372093,15,21,23,27,86,0,86,0.32558139534883723,0.22093023255813954
61573682391107,27,1,1,fr,1,france,1,21,6,75,75,75,1.9419011889093372,0.36,27,18,12,18,75,0,75,0.32,0.22666666666666666
61573684430927,29,1,1,en,1,india,1,21,8,78,44,78,1.9179722373194423,0.3974358974358974,31,17,13,17,78,0,77,0.2987012987012987,0.2727272727272727
61573686134471,27,1,1,it,1,italy,1,21,6,69,0,69,1.9724910792989925,0.30434782608695654,20,15,13,21,69,0,67,0.2537313432835821,0.29850746268656714
61573689080850,6,1,1,fr,1,france,1,6,0,19,0,19,1.799015670655122,0.47368421052631576,9,4,2,4,19,0,19,0.42105263157894735,0.21052631578947367
61573693491518,14,1,1,it,1,italy,1,14,0,32,0,32,1.7136135511938806,0.40625,13,9,1,9,32,0,32,0.34375,0.1875
61573697084008,30,1,1,it,1,italy,1,22,8,83,61,83,1.9634902098346019,0.3373493975903614,28,15,21,19,83,0,83,0.3132530120481928,0.18072289156626506
61573712511017,39,1,1,pt,1,brazil,1,22,17,96,96,96,1.5711152951783203,0.53125,51,10,5,30,96,0,96,0.3020833333333333,0.3541666666666667
61573715443354,25,1,1,it,1,italy,1,20,5,67,0,67,1.380095080451518,0.47761194029850745,32,2,3,30,67,0,64,0.296875,0.421875
61573725732921,23,1,1,it,1,italy,1,18,5,67,17,67,1.6364442441122955,0.5223880597014925,3,12,17,35,67,0,67,0.5074626865671642,0.208955223880597
61573733412627,26,1,1,it,1,italy,1,20,6,65,65,65,1.959999056596459,0.35384615384615387,14,13,15,23,65,0,65,0.4,0.13846153846153847
61573733892332,30,1,1,it,1,italy,1,22,8,80,0,80,1.593957292694113,0.6,48,13,8,11,80,0,78,0.3717948717948718,0.23076923076923078
61573754471228,23,1,1,it,1,italy,1,17,6,61,34,61,1.6401450282568368,0.5409836065573771,33,5,7,16,61,0,61,0.47540983606557374,0.14754098360655737
61573765840632,17,1,1,it,1,italy,1,17,0,45,0,45,1.7351551009632886,0.4666666666666667,14,4,6,21,45,0,45,0.4444444444444444,0.26666666666666666
61573772530162,28,1,1,it,1,italy,1,20,8,73,13,73,1.811072667563239,0.3972602739726027,29,7,12,25,73,0,73,0.3150684931506849,0.3287671232876712
61573794759369,3,1,1,it,1,italy,1,2,1,6,0,6,1.9182958340544893,0.3333333333333333,2,1,2,1,6,0,6,0.3333333333333333,0.16666666666666666
61573815667956,24,1,1,it,1,italy,1,18,6,66,59,66,1.9076774790913023,0.3939393939393939,17,26,10,13,66,0,66,0.3333333333333333,0.24242424242424243
61573817167860,26,1,1,it,1,italy,1,20,6,73,35,73,1.9135263936766167,0.3835616438356164,20,13,12,28,73,0,73,0.3835616438356164,0.0958904109589041
61573827278089,25,1,1,it,1,italy,1,18,7,67,33,67,1.9779809259513768,0.31343283582089554,18,14,14,21,67,0,67,0.40298507462686567,0.208955223880597
61573849896345,24,1,1,it,1,italy,1,16,8,64,26,64,1.8067913846923962,0.40625,26,13,5,20,64,0,64,0.453125,0.171875
61573850384791,25,1,1,it,1,italy,1,19,6,70,30,70,1.9551514331844408,0.35714285714285715,17,25,14,14,70,0,70,0.24285714285714285,0.3142857142857143
61573876354741,27,1,1,it,1,italy,1,19,8,75,71,75,1.8640701775947157,0.4,30,11,11,23,75,0,75,0.5066666666666667,0.14666666666666667
61573898073852,23,1,1,it,1,italy,1,17,6,67,11,67,1.8732299792333955,0.3880597014925373,26,16,7,18,67,0,67,0.23880597014925373,0.2537313432835821
61573902003588,25,1,1,it,1,italy,1,19,6,68,0,68,1.9874601819486433,0.29411764705882354,20,14,16,18,68,0,68,0.38235294117647056,0.19117647058823528
61573912293182,26,1,1,it,1,italy,1,18,8,74,28,74,1.8519696784781103,0.4189189189189189,31,9,13,21,73,1,74,0.4189189189189189,0.12162162162162163
61573913763035,19,1,1,it,1,italy,1,19,0,51,15,51,1.9441121058853423,0.3333333333333333,15,17,8,11,51,0,51,0.35294117647058826,0.19607843137254902
61573921443182,29,1,1,it,1,italy,1,21,8,82,60,82,1.4901583608200892,0.5365853658536586,44,9,2,27,82,0,80,0.4,0.2375
61573929602122,25,1,1,it,1,italy,1,19,6,68,35,68,1.8384384530942275,0.39705882352941174,20,6,15,27,68,0,67,0.40298507462686567,0.2537313432835821
61573930771989,26,1,1,it,1,italy,1,19,7,69,22,69,1.7940247437065868,0.4782608695652174,17,9,10,33,69,0,68,0.5588235294117647,0.11764705882352941
61573931822972,28,1,1,it,1,italy,1,21,7,73,18,73,1.751670465847396,0.5068493150684932,37,17,9,10,73,0,73,0.2876712328767123,0.2602739726027397
61573941970022,26,1,1,it,1,italy,1,19,7,70,54,70,1.6374830338431212,0.5714285714285714,40,12,6,12,70,0,70,0.2,0.42857142857142855
61573950781191,23,1,1,it,1,italy,1,17,6,64,42,64,1.9898244583898188,0.28125,16,18,17,13,64,0,63,0.2698412698412698,0.25396825396825395
61573964580457,24,1,1,it,1,italy,1,19,5,64,0,64,1.9242036624488854,0.375,24,13,10,17,64,0,64,0.296875,0.28125
61573966770908,11,1,1,it,1,italy,1,3,8,32,0,32,1.9943497041442486,0.28125,9,8,8,7,32,0,32,0.40625,0.21875
61573991159649,27,1,1,it,1,italy,1,21,6,76,76,76,1.799233010533244,0.4473684210526316,34,12,8,22,76,0,76,0.34210526315789475,0.23684210526315788
61574002618292,32,1,1,it,1,italy,1,22,10,88,44,88,1.9822294783061354,0.3181818181818182,28,19,20,21,88,0,88,0.4318181818181818,0.20454545454545456
61574016357743,25,1,1,it,1,italy,1,18,7,68,68,68,1.660129752633257,0.47058823529411764,32,6,6,24,68,0,68,0.38235294117647056,0.3235294117647059
61574024547460,22,1,1,it,1,italy,1,16,6,57,39,57,1.696081591678224,0.42105263157894735,24,7,4,22,57,0,57,0.47368421052631576,0.24561403508771928
61574047196829,26,1,1,it,1,italy,1,19,7,73,24,73,1.9331378226367695,0.3287671232876712,24,23,11,15,73,0,73,0.2876712328767123,0.2465753424657534
61574051276067,24,1,1,it,1,italy,1,20,4,65,0,65,1.5273503820589205,0.5846153846153846,38,8,3,16,65,0,64,0.328125,0.28125
61574052716001,22,1,1,it,1,italy,1,16,6,45,45,45,1.9177470454622356,0.35555555555555557,13,6,10,16,45,0,45,0.35555555555555557,0.2
61574053119016,18,1,1,it,1,italy,1,16,2,54,0,54,1.8733679655293891,0.35185185185185186,19,9,7,19,54,0,53,0.4528301886792453,0.16981132075471697
61574069335708,28,1,1,it,1,italy,1,21,7,76,18,76,1.9578752566211768,0.35526315789473684,27,18,16,15,76,0,76,0.23684210526315788,0.3026315789473684
61574071554987,35,1,1,it,1,italy,1,22,13,89,52,89,1.9398898126450963,0.34831460674157305,14,25,19,31,89,0,89,0.33707865168539325,0.2696629213483146
61574074315502,27,1,1,it,1,italy,1,22,5,70,0,70,1.9464232907661758,0.34285714285714286,14,20,12,24,70,0,70,0.4,0.2571428571428571
61574075455618,26,1,1,it,1,italy,1,20,6,67,54,67,1.842047410718442,0.4626865671641791,13,13,10,31,67,0,66,0.45454545454545453,0.3181818181818182
61574078395311,25,1,1,it,1,italy,1,17,8,69,22,69,1.5802568989458599,0.5652173913043478,39,7,5,18,69,0,68,0.3235294117647059,0.29411764705882354
61574082594447,23,1,1,it,1,italy,1,16,7,65,17,65,1.9881675609091092,0.27692307692307694,18,18,13,16,65,0,65,0.3076923076923077,0.24615384615384617
61574083374955,6,1,1,it,1,italy,1,1,5,19,0,19,1.8710191208788398,0.3684210526315789,6,7,2,4,19,0,19,0.2631578947368421,0.3157894736842105
61574083854222,29,1,1,it,1,italy,1,22,7,77,63,77,1.9467248777911472,0.3246753246753247,23,17,12,25,77,0,75,0.38666666666666666,0.22666666666666666
61574087694242,28,1,1,en,1,united states,1,20,8,72,50,72,1.466481337327464,0.6388888888888888,14,7,5,46,72,0,72,0.2222222222222222,0.5138888888888888
61574089824069,25,1,1,it,1,italy,1,20,5,71,14,71,1.872325763143994,0.38028169014084506,23,11,10,27,71,0,71,0.4788732394366197,0.2112676056338028
61574100204041,27,1,1,it,1,italy,1,20,7,74,6,74,1.978402689368553,0.32432432432432434,24,16,18,16,74,0,74,0.35135135135135137,0.2972972972972973
61574121743134,22,1,1,it,1,italy,1,16,6,58,0,58,1.9114673638339548,0.3448275862068966,19,9,10,20,58,0,58,0.3448275862068966,0.1724137931034483
61574128582078,28,1,1,en,1,united states,1,21,7,77,46,77,1.7883449593487366,0.4805194805194805,37,17,15,8,77,0,77,0.12987012987012986,0.24675324675324675
61574131042566,26,1,1,it,1,italy,1,21,5,72,58,72,1.8713725236986638,0.3472222222222222,25,14,8,25,72,0,71,0.323943661971831,0.30985915492957744
61574133694746,36,1,1,en,1,united states,1,28,8,101,79,101,1.7864569901159038,0.4752475247524752,48,10,19,24,101,0,101,0.40594059405940597,0.25742574257425743
61574134851681,28,1,1,it,1,italy,1,21,7,77,77,77,1.9521728247907044,0.33766233766233766,14,22,15,26,77,0,77,0.4155844155844156,0.19480519480519481
61574145531188,24,1,1,it,1,italy,1,20,4,68,14,68,1.8205182242538327,0.47058823529411764,15,9,12,32,68,0,67,0.5522388059701493,0.11940298507462686
61574154680750,15,1,1,it,1,italy,1,2,13,33,0,33,1.6859419550157133,0.48484848484848486,16,5,2,10,33,0,33,0.36363636363636365,0.3333333333333333
61574526892093,29,1,1,en,1,united states,1,21,8,82,30,82,1.3761025969377154,0.6829268292682927,56,6,7,13,82,0,82,0.1951219512195122,0.2682926829268293
61574638517874,17,1,1,en,1,united states,1,17,0,54,36,54,1.7470276488258207,0.48148148148148145,26,15,5,8,54,0,54,0.3148148148148148,0.12962962962962962
61574638637795,32,1,1,en,1,united states,1,26,6,86,86,86,1.697833706499401,0.5,43,10,8,25,86,0,86,0.19767441860465115,0.47674418604651164
61574645717602,3,1,1,en,1,united states,1,0,3,9,0,9,1.7527152789797045,0.4444444444444444,4,1,3,1,9,0,9,0.1111111111111111,0.3333333333333333
61574646287639,19,1,1,en,1,india,1,19,0,44,27,44,1.8544459057934044,0.45454545454545453,20,9,7,8,43,1,44,0.20454545454545456,0.29545454545454547
61574647307311,2,1,1,en,1,united states,1,0,2,8,0,8,1.2987949406953985,0.625,5,2,1,0,8,0,8,0.25,0.125
61574647397560,28,1,1,en,1,united states,1,19,9,75,75,75,1.8890255736436508,0.4,30,12,12,21,74,1,75,0.37333333333333335,0.21333333333333335
61574651897378,29,1,1,en,1,united states,1,22,7,81,57,81,1.9545879950977731,0.345679012345679,14,18,21,28,81,0,81,0.30864197530864196,0.2716049382716049
61574652767188,26,1,1,en,1,united states,1,19,7,70,62,70,1.5138027949917174,0.6,42,5,6,17,70,0,70,0.2857142857142857,0.2
61574663446781,25,1,1,en,1,united states,1,18,7,71,27,71,1.981011954928518,0.29577464788732394,21,20,14,16,71,0,71,0.28169014084507044,0.2676056338028169
61574663866130,13,1,1,en,1,united states,1,10,3,30,14,30,1.889246428509158,0.4,6,4,8,12,30,0,30,0.3,0.26666666666666666
61574668876113,5,1,1,en,1,united states,1,5,0,5,0,5,1.5219280948873621,0.4,2,1,0,2,5,0,5,0.4,0.6
61574671366073,7,1,1,en,1,united states,1,7,0,14,0,14,1.610577243331642,0.5714285714285714,8,1,2,3,14,0,13,0.0,0.38461538461538464
61574671996116,1,1,1,en,1,united states,1,1,0,3,3,3,0.9182958340544896,0.6666666666666666,2,0,0,1,3,0,3,1.0,0.0
61574673286186,7,1,1,en,1,united states,1,7,0,27,0,27,1.7629318074149192,0.4074074074074074,11,3,3,10,27,0,27,0.2222222222222222,0.5185185185185185
61574673706107,28,1,1,en,1,united states,1,22,6,74,58,74,1.8271867620067055,0.47297297297297297,13,11,15,35,74,0,74,0.3918918918918919,0.24324324324324326
61574674005988,27,1,1,en,1,united states,1,22,5,77,31,77,1.9623731409614227,0.33766233766233766,26,17,14,20,77,0,77,0.2727272727272727,0.2727272727272727
61574675836237,14,1,1,en,1,united states,1,14,0,31,18,31,1.4374366326883632,0.5161290322580645,16,2,1,12,31,0,31,0.3225806451612903,0.16129032258064516
61574679645828,30,1,1,en,1,india,1,23,7,83,74,83,1.8643882197059791,0.39759036144578314,25,10,15,33,83,0,83,0.3493975903614458,0.18072289156626506
61574680215788,28,1,1,en,1,united states,1,23,5,28,28,28,1.6105772433316423,0.5714285714285714,6,4,2,16,28,0,28,0.5357142857142857,0.21428571428571427
61574683665690,7,1,1,en,1,united states,1,0,7,18,0,18,1.6960736118322672,0.5,9,1,4,4,18,0,18,0.1111111111111111,0.3888888888888889
61574685795214,12,1,1,en,1,united states,1,12,0,12,0,12,1.7295739585136223,0.5,2,1,3,6,12,0,12,0.16666666666666666,0.25
61574688555170,25,1,1,en,1,united states,1,25,0,69,58,69,1.9011129210620936,0.36231884057971014,25,11,11,22,69,0,69,0.2463768115942029,0.36231884057971014
61574689937883,31,1,1,fr,1,france,1,27,4,82,0,82,1.9246195660145426,0.3902439024390244,14,19,17,32,82,0,82,0.43902439024390244,0.17073170731707318
61574691045068,17,1,1,en,1,united states,1,14,3,46,0,46,1.9197925190032301,0.3695652173913043,13,9,7,17,46,0,46,0.2608695652173913,0.1956521739130435
61574691255198,28,1,1,en,1,united states,1,21,7,75,75,75,1.9386534584907138,0.3466666666666667,26,18,11,20,75,0,75,0.12,0.3333333333333333
61574691677772,8,1,1,en,1,united states,1,8,0,25,23,25,1.6348509171908068,0.52,6,1,5,13,25,0,25,0.28,0.48
61574691705220,26,1,1,en,1,united states,1,20,6,71,47,71,1.736938660172393,0.5070422535211268,36,7,11,17,71,0,71,0.28169014084507044,0.2535211267605634
61574695874868,15,1,1,en,1,united states,1,1,14,34,0,34,1.9731674963445294,0.3235294117647059,7,9,11,7,34,0,34,0.23529411764705882,0.17647058823529413
61574696837820,6,1,1,en,1,united states,1,1,5,17,11,17,1.8726696380501495,0.4117647058823529,2,4,7,4,17,0,17,0.47058823529411764,0.058823529411764705
61574697317538,1,1,1,en,1,united states,1,0,1,4,0,4,1.5,0.5,1,0,2,1,4,0,4,0.25,0.75
61574698277658,27,1,1,en,1,india,1,19,8,76,32,76,1.60001037769166,0.5526315789473685,42,19,11,4,76,0,76,0.17105263157894737,0.27631578947368424
61574699474640,26,1,1,en,1,india,1,18,8,70,30,70,1.2330455261843865,0.5571428571428572,28,1,2,39,70,0,70,0.34285714285714286,0.22857142857142856
61574708867579,31,1,1,en,1,united states,1,24,7,85,42,85,1.9250410624900844,0.3411764705882353,27,14,15,29,85,0,85,0.2823529411764706,0.3176470588235294
61574709194793,5,1,1,en,1,united states,1,5,0,18,0,18,1.4806821149663847,0.4444444444444444,8,3,0,7,18,0,18,0.3888888888888889,0.1111111111111111
61574709227973,26,1,1,pt,1,brazil,1,22,4,71,71,71,1.280904295433523,0.676056338028169,48,5,2,16,71,0,70,0.32857142857142857,0.21428571428571427
61574709377155,29,1,1,en,1,united states,1,21,8,79,45,79,1.9483118519046452,0.34177215189873417,27,13,17,22,79,0,79,0.31645569620253167,0.34177215189873417
61574710427546,51,1,1,hi,1,india,1,39,12,136,81,136,1.8861753519892106,0.39705882352941174,39,20,23,54,134,2,136,0.49264705882352944,0.13970588235294118
61574710487320,22,1,1,en,1,united states,1,18,4,60,5,60,1.6894822670191825,0.4666666666666667,20,4,8,28,60,0,60,0.21666666666666667,0.4166666666666667
61574711024379,16,1,1,en,1,united states,1,9,7,50,6,50,1.822122396620061,0.4,17,7,6,20,50,0,50,0.34,0.26
61574712167927,30,1,1,en,1,india,1,20,10,80,0,80,1.5735961363399975,0.55,44,5,8,23,80,0,79,0.2911392405063291,0.35443037974683544
61574713064341,29,1,1,en,1,india,1,21,8,80,20,80,1.7998250687352249,0.425,26,11,9,34,80,0,80,0.25,0.3625
61574713663955,43,1,1,en,1,india,1,30,13,112,73,112,1.5660842386181284,0.6071428571428571,68,17,9,18,112,0,112,0.24107142857142858,0.375
61574713698005,3,1,1,hi,1,india,1,3,0,3,0,3,-0.0,1.0,3,0,0,0,3,0,3,0.0,0.3333333333333333
61574714597809,26,1,1,pt,1,brazil,1,19,7,66,62,66,1.8595680215599246,0.42424242424242425,28,13,8,17,66,0,66,0.36363636363636365,0.21212121212121213
61574714834557,12,1,1,en,1,united states,1,12,0,34,6,34,1.7838593436779768,0.4117647058823529,12,4,4,14,34,0,34,0.38235294117647056,0.14705882352941177
61574715014007,2,1,1,en,1,united states,1,2,0,6,6,6,1.4591479170272448,0.5,1,3,0,2,6,0,6,0.16666666666666666,0.3333333333333333
61574715494235,23,1,1,en,1,united states,1,18,5,66,15,66,1.8172915304700625,0.4696969696969697,31,13,14,8,66,0,66,0.30303030303030304,0.3181818181818182
61574715914295,9,1,1,en,1,united states,1,0,9,18,18,18,1.9546859469463558,0.3333333333333333,6,5,3,4,18,0,18,0.16666666666666666,0.2777777777777778
61574715977919,33,1,1,hi,1,india,1,33,0,106,46,106,1.8691627376271125,0.3490566037735849,37,22,11,36,106,0,103,0.5242718446601942,0.0970873786407767
61574716667968,26,1,1,en,1,india,1,19,7,67,67,67,1.7714712899202523,0.4925373134328358,33,7,15,12,67,0,67,0.2537313432835821,0.208955223880597
61574716877116,26,1,1,hi,1,india,1,18,8,71,29,71,1.7902630819193086,0.4507042253521127,19,6,14,32,71,0,71,0.4084507042253521,0.2535211267605634
61574717327660,28,1,1,en,1,united states,1,20,8,46,46,46,1.850347023215099,0.43478260869565216,20,12,8,6,46,0,46,0.21739130434782608,0.391304347826087
61574717894352,15,1,1,en,1,united states,1,4,11,36,2,36,1.885350506351984,0.3611111111111111,12,13,6,5,36,0,36,0.1111111111111111,0.4166666666666667
61574718794139,6,1,1,en,1,united states,1,6,0,24,0,24,1.821695404408628,0.4583333333333333,4,6,3,11,24,0,24,0.08333333333333333,0.5416666666666666
61574718977998,3,1,1,fr,1,france,1,3,0,12,0,12,1.4591479170272448,0.5,4,2,0,6,12,0,12,0.5833333333333334,0.08333333333333333
61574719394258,20,1,1,en,1,united states,1,20,0,54,0,54,1.7553310009685363,0.48148148148148145,26,7,6,15,54,0,54,0.3888888888888889,0.25925925925925924
61574719937749,2,1,1,pt,1,brazil,1,1,1,3,3,3,0.9182958340544896,0.6666666666666666,1,0,2,0,3,0,3,0.3333333333333333,0.3333333333333333
61574720774023,29,1,1,en,1,united states,1,22,7,81,77,81,1.2508559418869885,0.691358024691358,56,2,6,17,81,0,81,0.2962962962962963,0.3950617283950617
61574720836998,1,1,1,fr,1,france,1,1,0,1,0,1,-0.0,1.0,0,0,0,1,1,0,1,1.0,0.0
61574721496879,2,1,1,en,1,india,1,2,0,2,0,2,-0.0,1.0,0,0,2,0,2,0,2,0.5,0.5
61574722303813,31,1,1,en,1,united states,1,24,7,82,49,82,1.6564240735650255,0.4146341463414634,33,11,4,34,82,0,82,0.2926829268292683,0.25609756097560976
61574722963735,27,1,1,en,1,united states,1,20,7,77,33,77,1.858856433907314,0.38961038961038963,25,11,11,30,77,0,76,0.25,0.4342105263157895
61574723117491,17,1,1,it,1,italy,1,16,1,47,0,47,1.880692699121434,0.425531914893617,20,9,7,11,47,0,46,0.2391304347826087,0.32608695652173914
61574723297680,28,1,1,fr,1,france,1,22,6,79,0,79,1.8827858711119216,0.3924050632911392,31,20,9,19,79,0,78,0.28205128205128205,0.3076923076923077
61574724694065,2,1,1,en,1,united states,1,1,1,5,0,5,0.9709505944546686,0.6,0,0,2,3,5,0,5,0.4,0.4
61574724737317,30,1,1,it,1,italy,1,22,8,81,22,81,1.4594712488040031,0.4691358024691358,38,5,3,35,81,0,81,0.4691358024691358,0.24691358024691357
61574724887390,22,1,1,pt,1,brazil,1,16,6,63,41,63,1.9577122734283512,0.3492063492063492,16,12,13,22,63,0,63,0.4126984126984127,0.1746031746031746
61574724947307,23,1,1,it,1,italy,1,15,8,66,22,66,1.9396666665465763,0.3484848484848485,23,19,13,11,66,0,66,0.2878787878787879,0.3484848484848485
61574725486505,29,1,1,en,1,united states,1,22,7,81,81,81,1.769235209004855,0.5061728395061729,41,17,12,11,81,0,80,0.2,0.2375
61574726476500,28,1,1,en,1,india,1,21,7,75,75,75,1.8398735487233597,0.41333333333333333,23,12,9,31,74,1,75,0.21333333333333335,0.4666666666666667
61574727227287,61,1,1,en,1,united states,1,22,39,153,0,153,1.9905767537096086,0.2875816993464052,44,34,41,34,153,0,153,0.24836601307189543,0.3006535947712418
61574727287239,3,1,1,en,1,united states,1,3,0,12,0,12,1.280672129520887,0.5833333333333334,4,1,0,7,12,0,12,0.4166666666666667,0.3333333333333333
61574727556591,16,1,1,en,1,united states,1,16,0,40,24,40,1.9854752972273344,0.3,10,10,8,12,40,0,40,0.3,0.15
61574727767195,26,1,1,en,1,india,1,18,8,72,12,72,1.7289820959038213,0.4444444444444444,32,8,7,25,72,0,72,0.3194444444444444,0.3055555555555556
61574728307426,27,1,1,fr,1,france,1,20,7,74,0,74,1.8097272426347042,0.4864864864864865,36,14,13,11,74,0,74,0.2702702702702703,0.20270270270270271
61574728486539,26,1,1,en,1,united states,1,18,8,72,50,72,1.875097079955172,0.4027777777777778,29,21,11,11,72,0,72,0.2638888888888889,0.25
61574728786524,19,1,1,en,1,united states,1,19,0,19,0,19,1.2319817814011402,0.7368421052631579,14,1,2,2,19,0,19,0.15789473684210525,0.15789473684210525
61574729597565,1,1,1,en,1,united states,1,0,1,4,0,4,2.0,0.25,1,1,1,1,4,0,4,0.25,0.25
61574730076215,28,1,1,en,1,united states,1,21,7,75,41,75,1.7904333203988891,0.38666666666666666,29,6,13,27,75,0,75,0.37333333333333335,0.30666666666666664
61574730557113,24,1,1,en,1,united states,1,19,5,63,63,63,1.7909935285596565,0.47619047619047616,30,8,9,16,63,0,63,0.31746031746031744,0.2222222222222222
61574730673607,64,1,1,hi,1,india,1,42,22,144,68,144,1.8505597416495156,0.4097222222222222,59,17,25,43,144,0,143,0.36363636363636365,0.27972027972027974
61574731753300,13,1,1,en,1,united states,1,9,4,28,2,28,1.924174352300441,0.35714285714285715,4,8,10,6,28,0,28,0.25,0.25
61574732863301,28,1,1,en,1,india,1,20,8,74,51,74,1.5860696928210642,0.5,25,9,3,37,73,1,74,0.2972972972972973,0.33783783783783783
61574733253298,1,1,1,en,1,united states,1,1,0,2,0,2,-0.0,1.0,2,0,0,0,2,0,2,0.0,0.5
61574733616962,3,1,1,it,1,italy,1,3,0,6,0,6,-0.0,1.0,0,0,0,6,6,0,6,0.8333333333333334,0.16666666666666666
61574733766948,27,1,1,fr,1,france,1,20,7,73,0,73,1.6691422610361395,0.547945205479452,40,12,6,15,72,1,73,0.2465753424657534,0.3698630136986301
61574733946017,21,1,1,en,1,united states,1,21,0,58,0,58,1.888587966473369,0.3793103448275862,18,9,9,22,58,0,58,0.27586206896551724,0.3620689655172414
61574734366074,6,1,1,en,1,united states,1,0,6,17,0,17,1.901506402501506,0.4117647058823529,7,3,4,3,17,0,17,0.11764705882352941,0.35294117647058826
61574734876790,24,1,1,en,1,united states,1,22,2,64,64,64,1.9851836144561052,0.3125,15,15,14,20,64,0,64,0.390625,0.1875
61574735236203,3,1,1,en,1,united states,1,1,2,8,0,8,2.0,0.25,2,2,2,2,8,0,8,0.25,0.25
61574736013050,8,1,1,en,1,india,1,0,8,22,0,22,1.856653212780932,0.36363636363636365,8,7,2,5,22,0,22,0.22727272727272727,0.18181818181818182
61574737216943,24,1,1,it,1,italy,1,17,7,63,0,63,1.8924117409243273,0.4126984126984127,26,14,9,14,63,0,62,0.3064516129032258,0.24193548387096775
61574737663085,21,1,1,en,1,united states,1,17,4,58,0,58,1.897744936941768,0.41379310344827586,24,12,9,13,58,0,58,0.41379310344827586,0.13793103448275862
61574738293203,17,1,1,en,1,united states,1,15,2,43,10,43,1.533731888287527,0.4418604651162791,18,1,5,19,43,0,43,0.32558139534883723,0.3023255813953488
61574738537928,26,1,1,fr,1,france,1,21,5,68,68,68,1.7836514181596659,0.39705882352941174,25,9,7,27,68,0,68,0.3088235294117647,0.3088235294117647
61574739676017,37,1,1,en,1,united states,1,30,7,104,102,104,1.7469558221081414,0.5096153846153846,53,23,11,17,104,0,104,0.23076923076923078,0.2692307692307692
61574744595777,23,1,1,en,1,india,1,23,0,63,0,63,1.9905439495031572,0.2857142857142857,16,18,13,16,61,2,63,0.47619047619047616,0.12698412698412698
61574744746717,3,1,1,pt,1,brazil,1,3,0,12,0,12,1.188721875540867,0.6666666666666666,3,1,0,8,12,0,12,0.5833333333333334,0.25
61574746156276,17,1,1,hi,1,india,1,17,0,17,0,17,1.6183941088363931,0.5882352941176471,2,2,3,10,17,0,17,0.5882352941176471,0.11764705882352941
61574747655692,11,1,1,en,1,united states,1,11,0,22,0,22,1.9196905740496968,0.36363636363636365,3,6,5,8,22,0,22,0.2727272727272727,0.2727272727272727
61574749516599,16,1,1,en,1,united states,1,7,9,25,8,25,1.9690255736436508,0.32,7,8,5,5,25,0,25,0.24,0.28
61574749756596,27,1,1,pt,1,brazil,1,21,6,70,45,70,1.693815983145154,0.4142857142857143,29,10,4,27,70,0,70,0.4,0.2
61574749786537,27,1,1,en,1,united states,1,27,0,77,0,77,1.7337654209598128,0.38961038961038963,30,5,12,30,77,0,77,0.38961038961038963,0.24675324675324675
61574750145593,24,1,1,en,1,united states,1,17,7,59,42,59,1.796041146124965,0.3898305084745763,23,10,5,21,59,0,59,0.2542372881355932,0.3220338983050847
61574751465729,17,1,1,en,1,united states,1,9,8,49,0,49,1.3749298756667747,0.673469387755102,33,9,3,4,49,0,49,0.16326530612244897,0.4897959183673469
61574752002783,31,1,1,en,1,united states,1,31,0,88,24,88,1.963622850098258,0.32954545454545453,29,24,16,19,88,0,88,0.18181818181818182,0.2840909090909091
61574752065681,21,1,1,en,1,united states,1,16,5,55,13,55,1.9878604598621954,0.2909090909090909,16,15,12,12,54,1,55,0.23636363636363636,0.2545454545454545
61574752273127,36,1,1,en,1,united states,1,30,6,100,54,100,1.7413973304773567,0.52,52,19,11,18,100,0,100,0.24,0.29
61574753417725,21,1,1,it,1,italy,1,15,6,31,0,31,1.6305570046772393,0.5806451612903226,18,5,3,5,31,0,31,0.3225806451612903,0.3870967741935484
61574754285907,32,1,1,fr,1,france,1,25,7,84,0,84,1.9583297533241513,0.3333333333333333,28,14,20,22,84,0,84,0.3333333333333333,0.21428571428571427
61574754916100,30,1,1,en,1,united states,1,22,8,68,0,68,1.840307852651325,0.36764705882352944,24,25,12,7,68,0,67,0.22388059701492538,0.34328358208955223
61574755186419,10,1,1,fr,1,france,1,0,10,20,0,20,1.6192407046368489,0.55,11,4,4,1,20,0,20,0.05,0.5
61574756147526,21,1,1,it,1,italy,1,14,7,57,57,57,1.9565838086742922,0.3333333333333333,19,10,12,16,57,0,57,0.3333333333333333,0.2631578947368421
61574756175343,13,1,1,en,1,united states,1,11,2,13,0,13,1.8339272176418302,0.46153846153846156,2,2,3,6,13,0,13,0.46153846153846156,0.15384615384615385
61574756837546,13,1,1,en,1,india,1,0,13,13,0,13,1.198183947911799,0.6923076923076923,9,2,0,2,13,0,13,0.38461538461538464,0.15384615384615385
61574756985933,4,1,1,it,1,italy,1,0,4,9,0,9,1.8910611120726526,0.3333333333333333,3,2,1,3,9,0,9,0.4444444444444444,0.3333333333333333
61574757192455,26,1,1,en,1,india,1,20,6,71,16,71,1.6777197333286842,0.5633802816901409,40,11,11,9,71,0,71,0.22535211267605634,0.18309859154929578
61574757195996,16,1,1,en,1,india,1,13,3,49,0,49,1.9311369977993769,0.3469387755102041,17,11,7,14,49,0,49,0.2857142857142857,0.2857142857142857
61574758032506,35,1,1,en,1,united states,1,29,6,96,64,96,1.9138487846571344,0.375,13,25,22,36,96,0,96,0.34375,0.17708333333333334
61574759116162,6,1,1,pt,1,brazil,1,6,0,12,0,12,1.7924812503605778,0.5,2,2,2,6,11,1,12,0.16666666666666666,0.25
61574759507518,11,1,1,en,1,india,1,11,0,11,11,11,1.4911148500551858,0.6363636363636364,7,1,2,1,10,1,11,0.18181818181818182,0.2727272727272727
61574759775784,15,1,1,it,1,italy,1,15,0,33,0,33,1.6327297031052614,0.5757575757575758,6,3,5,19,33,0,33,0.5757575757575758,0.21212121212121213
61574760312216,27,1,1,en,1,united states,1,20,7,71,71,71,1.5949303258750933,0.5492957746478874,39,12,17,3,71,0,71,0.2112676056338028,0.30985915492957744
61574760582067,26,1,1,en,1,united states,1,19,7,71,9,71,1.9371972909360113,0.38028169014084506,27,16,13,15,71,0,71,0.2676056338028169,0.28169014084507044
61574761245232,29,1,1,en,1,united states,1,21,8,79,21,79,1.9581770001331127,0.31645569620253167,25,18,13,23,79,0,79,0.24050632911392406,0.26582278481012656
61574761452174,36,1,1,hi,1,india,1,12,24,77,12,77,1.971332585351316,0.3116883116883117,24,15,16,22,77,0,77,0.44155844155844154,0.2077922077922078
61574761572305,27,1,1,en,1,india,1,20,7,76,0,76,1.5081509820257244,0.631578947368421,48,9,6,13,76,0,76,0.3026315789473684,0.25
61574761845458,28,1,1,en,1,united states,1,20,8,77,77,77,1.9967277377335446,0.2727272727272727,20,21,18,18,77,0,77,0.2727272727272727,0.22077922077922077
61574763015832,26,1,1,en,1,united states,1,18,8,68,0,68,1.9076448120458545,0.38235294117647056,26,16,9,17,68,0,68,0.27941176470588236,0.3235294117647059
61574764455076,25,1,1,it,1,italy,1,19,6,70,0,70,1.9131160836428305,0.38571428571428573,27,12,12,19,70,0,70,0.34285714285714286,0.22857142857142856
61574764605724,24,1,1,fr,1,france,1,18,6,62,0,62,1.8751050082548724,0.4032258064516129,9,18,10,25,62,0,62,0.3870967741935484,0.27419354838709675
61574764996945,21,1,1,it,1,italy,1,14,7,56,6,56,1.8008700656657652,0.44642857142857145,15,11,5,25,56,0,56,0.32142857142857145,0.3392857142857143
61574765504912,2,1,1,en,1,united states,1,2,0,4,4,4,1.5,0.5,2,0,1,1,4,0,4,0.5,0.25
61574766821949,30,1,1,en,1,united states,1,22,8,84,58,84,1.9292908963625601,0.3333333333333333,27,15,14,28,84,0,84,0.27380952380952384,0.23809523809523808
61574767872008,27,1,1,en,1,united states,1,21,6,75,75,75,1.5764949672125688,0.4666666666666667,35,1,14,25,75,0,74,0.43243243243243246,0.22972972972972974
61574768265684,35,1,1,hi,1,india,1,28,7,96,0,96,1.6075574401406223,0.5729166666666666,55,10,9,22,96,0,96,0.3854166666666667,0.3229166666666667
61574768291978,5,1,1,en,1,united states,1,5,0,19,3,19,1.8732214356139143,0.42105263157894735,8,5,3,3,19,0,19,0.3157894736842105,0.21052631578947367
61574768956950,29,1,1,en,1,united states,1,21,8,80,58,80,1.5533809034410284,0.575,46,6,7,21,80,0,80,0.3125,0.3
61574769614945,18,1,1,en,1,united states,1,10,8,48,15,48,1.903368899209021,0.4166666666666667,20,10,9,9,48,0,48,0.2708333333333333,0.22916666666666666
61574769976794,20,1,1,it,1,italy,1,20,0,44,10,44,1.750268335727264,0.5227272727272727,23,8,6,7,44,0,44,0.4318181818181818,0.29545454545454547
61574770391897,30,1,1,en,1,united states,1,23,7,86,36,86,1.9545884076444495,0.36046511627906974,20,31,17,18,86,0,86,0.313953488372093,0.13953488372093023
61574770785493,20,1,1,it,1,italy,1,13,7,64,0,64,1.8701969881653648,0.421875,27,10,10,17,64,0,62,0.43548387096774194,0.25806451612903225
61574771265471,31,1,1,hi,1,india,1,24,7,87,55,87,1.8322726607086288,0.45977011494252873,40,17,11,19,85,2,86,0.4069767441860465,0.2558139534883721
61574771655226,20,1,1,fr,1,france,1,13,7,52,32,52,1.993412757401527,0.2692307692307692,14,11,13,14,52,0,52,0.23076923076923078,0.25
61574772255183,31,1,1,pt,1,brazil,1,23,8,86,86,86,1.7726101476676583,0.43023255813953487,29,9,11,37,86,0,85,0.4235294117647059,0.2235294117647059
61574772375215,29,1,1,fr,1,france,1,22,7,78,0,78,1.9734953890726121,0.3333333333333333,26,18,18,16,78,0,78,0.3333333333333333,0.19230769230769232
61574773815444,35,1,1,pt,1,brazil,1,0,35,98,58,98,1.9578990558377058,0.3469387755102041,34,25,21,18,98,0,98,0.2857142857142857,0.37755102040816324
61574773905204,22,1,1,fr,1,france,1,16,6,46,0,46,1.9152323205298663,0.391304347826087,18,11,7,10,45,1,46,0.391304347826087,0.21739130434782608
61574774205222,23,1,1,fr,1,france,1,18,5,63,23,63,1.961588594448117,0.30158730158730157,18,16,10,19,63,0,63,0.36507936507936506,0.20634920634920634
61574774474598,7,1,1,pt,1,brazil,1,0,7,19,0,19,1.9312952802328742,0.3684210526315789,7,4,3,5,19,0,19,0.3157894736842105,0.15789473684210525
61574774501694,23,1,1,en,1,united states,1,17,6,58,0,58,1.470174227820643,0.603448275862069,35,3,5,15,57,1,58,0.3103448275862069,0.27586206896551724
61574775255311,4,1,1,pt,1,brazil,1,0,4,16,0,16,1.1994602933016414,0.6875,11,2,3,0,16,0,16,0.1875,0.125
61574775281781,29,1,1,en,1,united states,1,22,7,78,62,78,1.834264682675676,0.4358974358974359,11,11,22,34,78,0,78,0.3974358974358974,0.2692307692307692
61574775285340,26,1,1,pt,1,brazil,1,21,5,72,72,72,1.9395261896766787,0.3472222222222222,25,20,11,16,72,0,72,0.3333333333333333,0.1388888888888889
61574775586737,18,1,1,it,1,italy,1,14,4,50,0,50,1.7394227679976009,0.5,25,6,6,13,50,0,49,0.32653061224489793,0.2857142857142857
61574775824444,24,1,1,en,1,india,1,19,5,65,50,65,1.9689063773997388,0.2923076923076923,11,19,19,16,65,0,65,0.3384615384615385,0.15384615384615385
61574775825212,20,1,1,fr,1,france,1,14,6,56,0,56,1.9592423705955206,0.32142857142857145,18,15,9,14,56,0,56,0.16071428571428573,0.2857142857142857
61574776031679,2,1,1,en,1,united states,1,2,0,5,5,5,1.5219280948873621,0.4,2,0,1,2,5,0,5,0.0,0.6
61574776454928,29,1,1,pt,1,brazil,1,23,6,75,75,75,1.9308595247179576,0.3333333333333333,24,13,13,25,75,0,75,0.4666666666666667,0.16
61574776511642,26,1,1,en,1,united states,1,20,6,68,32,68,1.9432463079355995,0.3382352941176471,18,17,10,23,68,0,68,0.3235294117647059,0.23529411764705882
61574776634820,6,1,1,en,1,india,1,6,0,10,0,10,1.721928094887362,0.4,4,1,4,1,10,0,10,0.4,0.1
61574777985171,41,1,1,pt,1,brazil,1,34,7,102,44,102,1.9145440358787633,0.3431372549019608,15,19,33,35,102,0,100,0.44,0.09
61574779274978,62,1,1,it,1,italy,1,22,40,149,15,149,1.8710836543066596,0.3624161073825503,54,51,19,25,149,0,149,0.2348993288590604,0.3087248322147651
61574779424322,24,1,1,en,1,united states,1,17,7,64,18,64,1.9809837333540972,0.296875,17,12,16,19,64,0,64,0.3125,0.21875
61574779544083,17,1,1,en,1,united states,1,17,0,47,0,47,1.7656909786007118,0.5106382978723404,8,6,9,24,47,0,47,0.2553191489361702,0.40425531914893614
61574779755000,28,1,1,en,1,united states,1,20,8,80,34,80,1.7455604619501879,0.4,32,8,9,31,80,0,80,0.3,0.325
61574780144844,31,1,1,en,1,united states,1,27,4,86,72,86,1.730777939061355,0.47674418604651164,24,15,6,41,86,0,86,0.2558139534883721,0.4069767441860465
61574780864094,26,1,1,en,1,united states,1,22,4,29,12,29,1.9075146913573233,0.3793103448275862,11,4,8,6,29,0,29,0.27586206896551724,0.20689655172413793
61574781164604,2,1,1,pt,1,brazil,1,2,0,5,0,5,1.3709505944546687,0.6,3,1,0,1,5,0,5,0.6,0.0
61574781734933,27,1,1,it,1,italy,1,18,9,70,13,70,1.9895278105789047,0.2714285714285714,14,18,19,19,70,0,69,0.2898550724637681,0.2318840579710145
61574782514001,29,1,1,en,1,united states,1,22,7,79,0,79,1.9462479204093381,0.2911392405063291,22,11,23,23,79,0,79,0.34177215189873417,0.21518987341772153
61574783294621,30,1,1,hi,1,india,1,23,7,80,0,80,1.979506586778816,0.3125,21,16,18,25,80,0,79,0.3291139240506329,0.13924050632911392
61574784614138,17,1,1,en,1,united states,1,17,0,43,0,43,1.7998518577247475,0.4418604651162791,19,5,6,13,43,0,43,0.16279069767441862,0.27906976744186046
61574784704159,27,1,1,en,1,united states,1,20,7,70,70,70,1.9110373288299263,0.35714285714285715,25,11,12,22,70,0,70,0.34285714285714286,0.3142857142857143
61574784854788,20,1,1,pt,1,brazil,1,0,20,53,0,53,1.86946142183508,0.3584905660377358,19,18,6,10,53,0,53,0.2641509433962264,0.24528301886792453
61574785423820,29,1,1,en,1,united states,1,21,8,78,52,78,1.7622550391913496,0.5128205128205128,40,10,15,13,78,0,78,0.3717948717948718,0.20512820512820512
61574785483945,24,1,1,fr,1,france,1,17,7,64,6,64,1.9820681692545434,0.3125,20,13,16,15,64,0,64,0.328125,0.25
61574785511174,27,1,1,en,1,united states,1,20,7,74,8,74,1.8432794710206695,0.40540540540540543,30,7,16,21,74,0,74,0.35135135135135137,0.2702702702702703
61574785574733,29,1,1,it,1,italy,1,21,8,81,0,81,1.6913143856671393,0.5185185185185185,42,13,6,20,81,0,80,0.325,0.25
61574785663807,29,1,1,fr,1,france,1,23,6,74,1,74,1.8640693764826541,0.3918918918918919,23,9,13,29,74,0,74,0.43243243243243246,0.24324324324324326
61574785991066,31,1,1,en,1,united states,1,25,6,88,74,88,1.896313987141892,0.36363636363636365,25,10,21,32,88,0,88,0.3409090909090909,0.32954545454545453
61574786411172,28,1,1,en,1,india,1,21,7,75,75,75,1.7057114081352862,0.52,39,13,17,6,74,1,75,0.32,0.18666666666666668
61574786775997,29,1,1,it,1,italy,1,23,6,77,41,77,1.8839331302834335,0.35064935064935066,24,8,18,27,77,0,77,0.36363636363636365,0.2727272727272727
61574786863896,28,1,1,en,1,india,1,20,8,78,0,78,1.7114018339864365,0.5256410256410257,41,18,8,11,78,0,78,0.10256410256410256,0.2564102564102564
61574787194317,27,1,1,it,1,italy,1,20,7,68,19,68,1.7984711105011069,0.4852941176470588,33,15,9,11,68,0,68,0.3382352941176471,0.20588235294117646
61574787224668,10,1,1,pt,1,brazil,1,10,0,22,0,22,1.267931645520725,0.6818181818181818,5,1,1,15,22,0,22,0.5,0.3181818181818182
61574787341036,28,1,1,en,1,united states,1,20,8,78,56,78,1.5901707160464793,0.5256410256410257,41,9,4,24,78,0,78,0.23076923076923078,0.3974358974358974
61574787645954,26,1,1,it,1,italy,1,19,7,73,73,73,1.8433740710716042,0.4657534246575342,34,13,13,13,73,0,73,0.1917808219178082,0.4246575342465753
61574787854878,12,1,1,pt,1,brazil,1,12,0,30,0,30,1.3248560371987566,0.5666666666666667,10,3,0,17,30,0,30,0.6333333333333333,0.2
61574788001360,18,1,1,en,1,united states,1,18,0,49,0,49,1.8584793679612424,0.3673469387755102,17,6,8,18,49,0,49,0.32653061224489793,0.3673469387755102
61574788035043,16,1,1,hi,1,india,1,15,1,34,5,34,1.6806970108329313,0.5588235294117647,5,4,6,19,34,0,32,0.5,0.28125
61574788510914,6,1,1,en,1,united states,1,6,0,22,0,22,1.2433003685389579,0.7272727272727273,16,3,1,2,22,0,22,0.36363636363636365,0.2727272727272727
61574789140859,8,1,1,en,1,united states,1,8,0,22,0,22,1.9400715293090895,0.3181818181818182,7,6,3,6,22,0,22,0.45454545454545453,0.13636363636363635
61574791065312,6,1,1,it,1,italy,1,0,6,14,0,14,1.0949143184120975,0.7142857142857143,10,0,3,1,14,0,14,0.14285714285714285,0.42857142857142855
61574791274667,25,1,1,pt,1,brazil,1,22,3,73,0,73,1.9280820206723404,0.3561643835616438,21,11,15,26,73,0,73,0.3561643835616438,0.273972602739726
61574791274699,2,1,1,hi,1,india,1,0,2,4,0,4,1.5,0.5,2,0,1,1,4,0,4,0.25,0.25
61574791305958,8,1,1,hi,1,india,1,8,0,20,0,20,1.7883763717345076,0.35,6,6,1,7,20,0,19,0.15789473684210525,0.3684210526315789
61574791514348,26,1,1,pt,1,brazil,1,18,8,72,72,72,1.682094646398613,0.5138888888888888,19,5,11,37,72,0,72,0.3611111111111111,0.3472222222222222
61574792174421,12,1,1,fr,1,france,1,6,6,38,0,38,1.7545137562663253,0.5,19,4,6,9,38,0,38,0.23684210526315788,0.4473684210526316
61574793433849,29,1,1,fr,1,france,1,22,7,79,20,79,1.93908153318411,0.3291139240506329,26,22,11,20,79,0,79,0.45569620253164556,0.0759493670886076
61574793554229,28,1,1,it,1,italy,1,22,6,78,0,78,1.915478257435964,0.38461538461538464,30,13,14,21,78,0,78,0.4230769230769231,0.1794871794871795
61574793760589,5,1,1,en,1,india,1,5,0,7,7,7,0.9852281360342516,0.5714285714285714,3,0,0,4,7,0,7,0.14285714285714285,0.2857142857142857
61574793914100,28,1,1,fr,1,france,1,21,7,80,0,80,1.8592674249146164,0.45,36,17,13,14,80,0,80,0.225,0.275
61574794094170,11,1,1,pt,1,brazil,1,4,7,22,0,22,1.9362600275315274,0.36363636363636365,8,4,4,6,22,0,22,0.36363636363636365,0.22727272727272727
61574794544279,27,1,1,it,1,italy,1,20,7,73,0,73,1.9822983062513109,0.3013698630136986,16,15,20,22,73,0,72,0.3333333333333333,0.2361111111111111
61574795804001,20,1,1,pt,1,brazil,1,17,3,47,0,47,1.730153939280171,0.44680851063829785,21,6,4,16,47,0,47,0.40425531914893614,0.2553191489361702
61574795980625,27,1,1,en,1,united states,1,19,8,75,15,75,1.875787600406442,0.37333333333333335,14,9,24,28,75,0,75,0.3466666666666667,0.21333333333333335
61574796285279,19,1,1,en,1,india,1,15,4,40,0,40,1.6216005101580797,0.525,12,3,4,21,40,0,40,0.25,0.4
61574796344244,23,1,1,pt,1,brazil,1,18,5,63,39,63,1.8790735301597872,0.3333333333333333,21,20,6,16,63,0,63,0.2698412698412698,0.15873015873015872
61574796794269,26,1,1,pt,1,brazil,1,19,7,70,70,70,1.8759614532160767,0.34285714285714286,23,16,7,24,70,0,70,0.4142857142857143,0.18571428571428572
61574797064038,18,1,1,fr,1,france,1,10,8,58,0,58,1.970507791155152,0.3275862068965517,13,11,15,19,58,0,58,0.3620689655172414,0.10344827586206896
61574797090550,1,1,1,en,1,united states,1,0,1,2,2,2,1.0,0.5,1,0,0,1,2,0,2,0.5,0.5
61574797244085,4,1,1,pt,1,brazil,1,4,0,12,0,12,1.8879185026711327,0.4166666666666667,3,2,2,5,12,0,12,0.25,0.16666666666666666
61574798083899,25,1,1,fr,1,france,1,19,6,69,2,69,1.9337698751280588,0.3188405797101449,19,19,9,22,69,0,68,0.36764705882352944,0.23529411764705882
61574798204257,29,1,1,en,1,united states,1,22,7,81,81,81,1.80620351661307,0.38271604938271603,31,10,10,30,81,0,81,0.2716049382716049,0.3333333333333333
61574798593973,12,1,1,fr,1,france,1,7,5,46,0,46,1.6258538703688188,0.5869565217391305,5,7,7,27,46,0,44,0.5227272727272727,0.09090909090909091
61574798804240,30,1,1,hi,1,india,1,23,7,76,76,76,1.7577600402634472,0.42105263157894735,27,7,10,32,76,0,75,0.5466666666666666,0.14666666666666667
61574798865283,24,1,1,en,1,india,1,21,3,66,34,66,1.8204140788439005,0.3939393939393939,26,9,8,23,66,0,66,0.3181818181818182,0.4393939393939394
61574798953280,4,1,1,en,1,united states,1,4,0,4,4,4,0.8112781244591328,0.75,1,0,0,3,4,0,4,0.5,0.25
61574799343860,12,1,1,pt,1,brazil,1,12,0,12,0,12,1.4591479170272448,0.5,4,0,2,6,11,1,12,0.5,0.25
61574800573862,4,1,1,fr,1,france,1,4,0,15,0,15,1.965596230357602,0.3333333333333333,3,4,3,5,15,0,15,0.3333333333333333,0.13333333333333333
61574801265187,26,1,1,pt,1,brazil,1,19,7,71,67,71,1.86027695087794,0.4225352112676056,30,9,13,19,71,0,71,0.4225352112676056,0.19718309859154928
61574801413926,26,1,1,fr,1,france,1,19,7,74,74,74,1.9710094028065934,0.3108108108108108,23,18,13,20,74,0,74,0.35135135135135137,0.20270270270270271
61574801715376,54,1,1,en,1,india,1,46,8,142,82,142,1.81116303401677,0.47183098591549294,67,20,34,21,141,1,142,0.2887323943661972,0.2112676056338028
61574801923917,23,1,1,pt,1,brazil,1,17,6,63,0,63,1.8365752308697119,0.3968253968253968,21,8,9,25,63,0,63,0.42857142857142855,0.20634920634920634
61574802162827,28,1,1,en,1,united states,1,21,7,80,0,80,1.8739786635472908,0.3875,31,25,13,11,80,0,80,0.2625,0.2375
61574802793931,18,1,1,pt,1,brazil,1,18,0,47,3,47,1.7385468782487425,0.5106382978723404,11,5,7,24,47,0,47,0.6382978723404256,0.0851063829787234
61574804293779,23,1,1,it,1,italy,1,21,2,64,0,64,1.6985323849665719,0.515625,16,10,5,33,64,0,64,0.40625,0.171875
61574805613763,7,1,1,pt,1,brazil,1,0,7,18,0,18,1.8776402831734211,0.3888888888888889,2,4,7,5,18,0,18,0.2777777777777778,0.16666666666666666
61574806123823,3,1,1,pt,1,brazil,1,3,0,10,0,10,1.1567796494470395,0.7,2,0,1,7,10,0,10,0.8,0.1
61574806573141,23,1,1,hi,1,india,1,16,7,69,0,69,1.8581855923593484,0.37681159420289856,26,14,7,22,69,0,69,0.42028985507246375,0.2463768115942029
61574806809674,21,1,1,en,1,united states,1,14,7,56,0,56,1.5022044148716929,0.625,35,6,4,11,56,0,56,0.19642857142857142,0.30357142857142855
61574807892520,11,1,1,en,1,united states,1,7,4,35,9,35,1.764334067766654,0.4,14,3,5,13,35,0,35,0.22857142857142856,0.34285714285714286
61574808193570,2,1,1,pt,1,brazil,1,2,0,4,0,4,0.8112781244591328,0.75,1,0,0,3,4,0,4,0.5,0.25
61574810564565,22,1,1,fr,1,france,1,19,3,58,0,58,1.8623890593220334,0.41379310344827586,16,11,7,24,58,0,58,0.3448275862068966,0.22413793103448276
61574810863039,24,1,1,fr,1,france,1,24,0,65,18,65,1.707360537074512,0.46153846153846156,30,22,6,7,64,1,65,0.2923076923076923,0.16923076923076924
61574810952235,29,1,1,en,1,united states,1,22,7,75,18,75,1.9793816181873132,0.29333333333333333,18,14,21,22,75,0,75,0.29333333333333333,0.3333333333333333
61574810979559,28,1,1,en,1,united states,1,21,7,76,28,76,1.9680580042642433,0.34210526315789475,16,26,16,18,76,0,76,0.2631578947368421,0.19736842105263158
61574811219699,56,1,1,en,1,united states,1,46,10,159,75,159,1.6401244897241616,0.46540880503144655,74,17,10,58,159,0,159,0.2641509433962264,0.31446540880503143
61574811489884,31,1,1,en,1,united states,1,23,8,85,61,85,1.6036642976679216,0.47058823529411764,32,5,8,40,85,0,85,0.29411764705882354,0.43529411764705883
61574811733365,2,1,1,en,1,united states,1,2,0,6,6,6,1.4591479170272446,0.5,0,1,3,2,6,0,6,0.0,0.5
61574812184858,15,1,1,it,1,italy,1,15,0,42,12,42,1.8764203330492406,0.40476190476190477,12,6,7,17,42,0,42,0.4523809523809524,0.21428571428571427
61574812569668,15,1,1,en,1,united states,1,7,8,47,0,47,1.8365096437470867,0.40425531914893614,12,12,4,19,47,0,47,0.425531914893617,0.0425531914893617
61574812843464,23,1,1,pt,1,brazil,1,16,7,55,55,55,1.7418214448158666,0.45454545454545453,25,6,6,18,55,0,55,0.32727272727272727,0.2909090909090909
61574813263384,30,1,1,it,1,italy,1,21,9,81,3,81,1.466668706724892,0.5802469135802469,47,15,1,18,81,0,81,0.2345679012345679,0.2716049382716049
61574813383123,55,1,1,fr,1,france,1,47,8,142,0,142,1.9423322076611553,0.3591549295774648,51,23,32,36,140,2,142,0.36619718309859156,0.20422535211267606
61574814822672,54,1,1,en,1,united states,1,46,8,153,153,153,1.7443885773423464,0.49673202614379086,76,19,18,40,153,0,153,0.29411764705882354,0.3006535947712418
61574815482213,29,1,1,en,1,united states,1,23,6,81,9,81,1.9633423029285266,0.30864197530864196,25,18,14,24,81,0,81,0.2716049382716049,0.4567901234567901
61574815842320,16,1,1,en,1,united states,1,16,0,42,0,42,1.8907082013105603,0.35714285714285715,14,7,6,15,42,0,42,0.30952380952380953,0.3333333333333333
61574815989520,22,1,1,en,1,india,1,16,6,60,25,60,1.7476514027485903,0.4166666666666667,21,4,10,25,59,1,60,0.35,0.3
61574816352433,28,1,1,en,1,united states,1,21,7,75,12,75,1.9985988944278994,0.26666666666666666,18,19,20,18,75,0,75,0.3466666666666667,0.13333333333333333
61574816503147,27,1,1,it,1,italy,1,21,6,73,0,73,1.869390169610994,0.3561643835616438,23,7,17,26,73,0,73,0.410958904109589,0.1917808219178082
61574816892552,23,1,1,pt,1,brazil,1,17,6,63,0,63,1.8683787281855275,0.3968253968253968,19,8,11,25,63,0,62,0.45161290322580644,0.16129032258064516
61574817372804,23,1,1,pt,1,brazil,1,18,5,65,0,65,1.8466265622090348,0.38461538461538464,22,8,10,25,65,0,64,0.421875,0.203125
61574817464063,33,1,1,en,1,india,1,21,12,91,0,91,1.8722917085202546,0.42857142857142855,39,22,13,17,91,0,91,0.26373626373626374,0.24175824175824176
61574817494524,24,1,1,fr,1,france,1,17,7,64,28,64,1.8927552549116196,0.359375,23,11,9,21,64,0,61,0.5245901639344263,0.14754098360655737
61574817674499,33,1,1,it,1,italy,1,19,14,79,18,79,1.75607139005955,0.4936708860759494,39,16,7,17,79,0,78,0.2564102564102564,0.2564102564102564
61574818422918,3,1,1,en,1,united states,1,0,3,6,6,6,-0.0,1.0,6,0,0,0,6,0,6,0.0,1.0
61574819052961,26,1,1,it,1,italy,1,19,7,66,16,66,1.919722110510061,0.3787878787878788,18,11,12,25,66,0,66,0.3333333333333333,0.22727272727272727
61574819382149,24,1,1,en,1,united states,1,19,5,63,0,63,1.8062356995250117,0.38095238095238093,5,12,22,24,63,0,63,0.4126984126984127,0.15873015873015872
61574819532188,28,1,1,en,1,united states,1,20,8,78,60,78,1.8549950055147704,0.4358974358974359,34,11,13,20,78,0,78,0.3076923076923077,0.2692307692307692
61574820492941,27,1,1,pt,1,brazil,1,21,6,76,34,76,1.908807393030266,0.3684210526315789,23,12,13,28,76,0,76,0.3684210526315789,0.19736842105263158
61574820912289,24,1,1,it,1,italy,1,17,7,64,0,64,1.9613215307575134,0.296875,19,17,10,18,64,0,64,0.296875,0.265625
61574820972362,33,1,1,en,1,united states,1,24,9,81,33,81,1.9417186609077042,0.37037037037037035,30,16,15,20,81,0,80,0.2625,0.2125
61574821092842,29,1,1,hi,1,india,1,24,5,74,72,74,1.787087441883601,0.47297297297297297,35,12,8,19,72,2,70,0.38571428571428573,0.17142857142857143
61574821569203,29,1,1,en,1,united states,1,22,7,80,66,80,1.7611105510948653,0.3875,31,7,11,31,79,1,79,0.35443037974683544,0.3037974683544304
61574821782730,22,1,1,pt,1,brazil,1,16,6,56,0,56,1.8547307237832076,0.39285714285714285,18,7,9,22,56,0,56,0.44642857142857145,0.26785714285714285
61574821811900,60,1,1,en,1,united states,1,53,7,169,154,169,1.6729552764119942,0.5266272189349113,89,18,17,45,168,1,168,0.23214285714285715,0.32142857142857145
61574821932712,15,1,1,pt,1,brazil,1,15,0,40,0,40,1.872673089917312,0.375,13,7,5,15,40,0,40,0.425,0.175
61574821932736,32,1,1,hi,1,india,1,22,10,88,71,88,1.944406211623026,0.32954545454545453,25,29,13,21,87,1,83,0.40963855421686746,0.20481927710843373
61574821934016,9,1,1,it,1,italy,1,2,7,28,6,28,1.746307034008563,0.5,14,3,4,7,28,0,28,0.32142857142857145,0.21428571428571427
61574822052874,26,1,1,it,1,italy,1,21,5,65,0,65,1.898480248697034,0.36923076923076925,24,19,8,14,65,0,65,0.24615384615384617,0.27692307692307694
61574822349643,27,1,1,en,1,united states,1,19,8,72,72,72,1.2670700930830119,0.6944444444444444,14,2,6,50,72,0,72,0.2916666666666667,0.4166666666666667
61574822682989,27,1,1,pt,1,brazil,1,20,7,75,0,75,1.9408319755125287,0.36,12,19,17,27,75,0,75,0.37333333333333335,0.14666666666666667
61574823402084,25,1,1,en,1,united states,1,18,7,25,25,25,1.7924876891689536,0.48,12,4,3,6,25,0,25,0.24,0.44
61574824212849,15,1,1,it,1,italy,1,15,0,15,0,15,1.8322628970242685,0.4,5,2,6,2,15,0,15,0.06666666666666667,0.3333333333333333
61574824811782,30,1,1,fr,1,france,1,22,8,83,8,83,1.910571574248722,0.40963855421686746,34,17,17,15,83,0,83,0.30120481927710846,0.2289156626506024
61574826673491,28,1,1,fr,1,france,1,21,7,74,56,74,1.8542149085771884,0.44594594594594594,33,15,10,16,74,0,74,0.24324324324324326,0.2972972972972973
61574828049137,2,1,1,en,1,united states,1,2,0,4,0,4,1.5,0.5,2,1,0,1,4,0,4,0.25,0.25
61574828293698,25,1,1,fr,1,france,1,25,0,54,0,54,1.8411454850132052,0.4444444444444444,14,8,8,24,54,0,54,0.4444444444444444,0.24074074074074073
61574828802630,21,1,1,fr,1,france,1,15,6,52,35,52,1.9684615265267436,0.3269230769230769,10,11,14,17,52,0,52,0.5192307692307693,0.07692307692307693
61574828922126,12,1,1,it,1,italy,1,0,12,27,0,27,1.758124191672977,0.5185185185185185,14,4,5,4,27,0,27,0.25925925925925924,0.37037037037037035
61574829698864,29,1,1,en,1,india,1,21,8,80,14,80,1.983708262623186,0.2875,23,17,17,23,80,0,79,0.3037974683544304,0.3037974683544304
61574830932348,26,1,1,fr,1,france,1,20,6,73,0,73,1.9298077275013692,0.3698630136986301,17,27,11,18,73,0,73,0.3835616438356164,0.1780821917808219
61574831112197,6,1,1,hi,1,india,1,6,0,21,0,21,1.5099686126368168,0.5714285714285714,6,1,2,12,21,0,21,0.47619047619047616,0.14285714285714285
61574831318714,28,1,1,en,1,united states,1,21,7,77,29,77,1.8443334760103305,0.4025974025974026,18,21,7,31,77,0,77,0.33766233766233766,0.23376623376623376
61574831382328,36,1,1,en,1,united states,1,29,7,101,41,101,1.8461964104308184,0.42574257425742573,28,18,12,43,101,0,101,0.32673267326732675,0.26732673267326734
61574831978505,30,1,1,en,1,india,1,22,8,82,74,82,1.754830281407568,0.4878048780487805,40,10,10,22,82,0,82,0.2926829268292683,0.35365853658536583
61574832038597,10,1,1,en,1,united states,1,0,10,19,0,19,1.7798299876761596,0.47368421052631576,9,2,5,3,19,0,19,0.2631578947368421,0.3684210526315789
61574832578684,26,1,1,en,1,united states,1,20,6,74,7,74,1.9174253335371063,0.35135135135135137,23,11,14,26,74,0,74,0.3108108108108108,0.28378378378378377
61574832908862,27,1,1,en,1,united states,1,22,5,74,15,74,1.9094355222534958,0.3783783783783784,21,14,11,28,73,1,74,0.36486486486486486,0.2972972972972973
61574833902251,30,1,1,pt,1,brazil,1,23,7,82,51,82,1.8617458781399692,0.45121951219512196,16,14,15,37,82,0,82,0.4024390243902439,0.15853658536585366
61574833932186,17,1,1,pt,1,brazil,1,0,17,47,25,47,1.7801171192180087,0.48936170212765956,23,10,5,9,47,0,47,0.2127659574468085,0.23404255319148937
61574834232276,1,1,1,fr,1,france,1,1,0,1,0,1,-0.0,1.0,0,0,0,1,1,0,1,1.0,0.0
61574834441667,28,1,1,en,1,united states,1,21,7,79,27,79,1.9282071677039805,0.3924050632911392,31,17,15,16,79,0,79,0.26582278481012656,0.21518987341772153
61574834743412,37,1,1,en,1,united states,1,22,15,37,18,37,1.5770350498316787,0.4594594594594595,17,1,5,14,37,0,37,0.35135135135135137,0.3783783783783784
61574835341215,37,1,1,fr,1,france,1,17,20,90,0,90,1.7222325482450205,0.4888888888888889,44,7,14,25,90,0,89,0.3146067415730337,0.2696629213483146
61574835491851,29,1,1,it,1,italy,1,22,7,78,4,78,1.9068682938629598,0.38461538461538464,30,22,13,13,78,0,77,0.45454545454545453,0.15584415584415584
61574835581368,1,1,1,en,1,united states,1,1,0,2,0,2,-0.0,1.0,0,2,0,0,2,0,2,0.0,0.0
61574837653380,8,1,1,en,1,india,1,2,6,22,11,22,1.602131444182858,0.5909090909090909,13,3,4,2,22,0,22,0.13636363636363635,0.2727272727272727
61574837711195,26,1,1,en,1,united states,1,21,5,70,70,70,1.391358273584125,0.4714285714285714,33,5,1,31,69,1,70,0.22857142857142856,0.5571428571428572
61574838672120,20,1,1,en,1,united states,1,14,6,60,33,60,1.7654292807043879,0.45,27,13,4,16,60,0,60,0.23333333333333334,0.38333333333333336
61574839002069,19,1,1,pt,1,brazil,1,0,19,38,0,38,1.1723853996513927,0.7368421052631579,28,6,3,1,38,0,38,0.13157894736842105,0.47368421052631576
61574839903015,14,1,1,it,1,italy,1,14,0,33,0,33,1.9480059536801493,0.36363636363636365,8,6,12,7,33,0,33,0.36363636363636365,0.15151515151515152
61574840202077,23,1,1,en,1,india,1,16,7,66,0,66,1.8885972320038344,0.42424242424242425,12,28,15,11,66,0,65,0.2,0.2
61574840801931,52,1,1,pt,1,brazil,1,37,15,144,65,144,1.8790235487106701,0.3611111111111111,52,22,21,49,144,0,143,0.3986013986013986,0.2097902097902098
61574841068020,21,1,1,en,1,united states,1,18,3,57,0,57,1.9589456524065336,0.3508771929824561,12,14,11,20,57,0,57,0.2982456140350877,0.21052631578947367
61574842453119,52,1,1,en,1,india,1,43,9,141,84,141,1.75029737678018,0.524822695035461,74,21,22,24,141,0,141,0.3475177304964539,0.20567375886524822
61574842718165,28,1,1,en,1,united states,1,20,8,76,46,76,1.9326524897982524,0.3815789473684211,17,17,13,29,76,0,76,0.3026315789473684,0.21052631578947367
61574842748293,8,1,1,en,1,united states,1,8,0,16,0,16,1.936278124459133,0.375,3,3,4,6,16,0,16,0.5625,0.125
61574843291704,16,1,1,pt,1,brazil,1,8,8,44,18,44,1.8878066675400325,0.4090909090909091,9,6,11,18,44,0,44,0.4090909090909091,0.29545454545454547
61574844431621,25,1,1,pt,1,brazil,1,20,5,65,65,65,1.8988826293870749,0.36923076923076925,24,9,12,20,63,2,62,0.3548387096774194,0.20967741935483872
61574844700938,27,1,1,en,1,united states,1,20,7,72,9,72,1.8373843923219682,0.4027777777777778,23,8,12,29,72,0,72,0.3194444444444444,0.2777777777777778
61574844701705,17,1,1,it,1,italy,1,17,0,45,0,45,1.7351551009632886,0.4666666666666667,21,6,4,14,45,0,41,0.5121951219512195,0.2682926829268293
61574844702985,39,1,1,fr,1,france,1,33,6,106,34,106,1.934842309791719,0.3584905660377358,28,16,24,38,106,0,106,0.41509433962264153,0.1509433962264151
61574844818294,2,1,1,en,1,united states,1,0,2,4,4,4,0.8112781244591328,0.75,1,0,0,3,4,0,4,0.5,0.25
61574845121589,12,1,1,pt,1,brazil,1,12,0,23,0,23,1.8097238785956844,0.4782608695652174,11,4,3,5,23,0,23,0.21739130434782608,0.21739130434782608
61574845148248,24,1,1,en,1,united states,1,16,8,51,13,51,1.919168423397747,0.3137254901960784,16,14,6,15,51,0,51,0.35294117647058826,0.3137254901960784
61574845181237,17,1,1,pt,1,brazil,1,17,0,45,6,45,1.433943367049388,0.6222222222222222,8,8,1,28,45,0,45,0.4444444444444444,0.28888888888888886
61574845421715,29,1,1,fr,1,france,1,22,7,77,57,77,1.9880440666667514,0.2987012987012987,19,19,16,23,77,0,77,0.35064935064935066,0.24675324675324675
61574845720886,4,1,1,en,1,united states,1,1,3,12,0,12,1.9182958340544896,0.3333333333333333,4,4,2,2,12,0,12,0.16666666666666666,0.16666666666666666
61574845812864,18,1,1,hi,1,india,1,14,4,50,50,50,1.544112885884049,0.58,13,4,4,29,50,0,50,0.46,0.16
61574845871548,25,1,1,pt,1,brazil,1,19,6,71,0,71,1.7682419006178334,0.4788732394366197,34,15,6,16,71,0,71,0.23943661971830985,0.23943661971830985
61574846917976,30,1,1,en,1,united states,1,23,7,83,47,83,1.9731014902196482,0.3132530120481928,26,20,15,22,83,0,83,0.3493975903614458,0.21686746987951808
61574847821385,27,1,1,en,1,united states,1,22,5,71,64,71,1.845875934364149,0.4084507042253521,20,15,7,29,71,0,71,0.2676056338028169,0.2676056338028169
61574848360778,25,1,1,en,1,united states,1,19,6,67,0,67,1.8205550567301791,0.44776119402985076,30,17,13,7,67,0,67,0.31343283582089554,0.23880597014925373
61574848721366,1,1,1,en,1,united states,1,1,0,2,0,2,-0.0,1.0,2,0,0,0,2,0,2,0.5,0.5
61574849077868,85,1,1,en,1,united states,1,68,17,221,43,221,1.6856731853208973,0.5429864253393665,49,28,24,120,220,1,221,0.2986425339366516,0.4343891402714932
61574849407716,34,1,1,en,1,united states,1,25,9,91,58,91,1.949001581741299,0.34065934065934067,26,16,18,31,90,1,91,0.2857142857142857,0.2967032967032967
61574850341077,10,1,1,pt,1,brazil,1,6,4,24,5,24,1.8505602963278094,0.4166666666666667,7,3,4,10,24,0,24,0.4166666666666667,0.3333333333333333
61574851031497,23,1,1,fr,1,france,1,19,4,63,18,63,1.9133818838392291,0.36507936507936506,23,10,11,19,63,0,63,0.25396825396825395,0.2857142857142857
61574851057580,30,1,1,en,1,india,1,23,7,79,62,79,1.7210466351569107,0.43037974683544306,34,9,7,29,79,0,79,0.31645569620253167,0.2911392405063291
61574852047631,6,1,1,en,1,india,1,0,6,17,0,17,1.0863128407412879,0.7058823529411765,12,4,0,1,17,0,17,0.058823529411764705,0.5294117647058824
61574853131282,23,1,1,it,1,italy,1,20,3,48,0,48,1.9430486343469147,0.3541666666666667,8,17,13,10,48,0,48,0.2916666666666667,0.125
61574853522414,27,1,1,it,1,italy,1,19,8,74,0,74,1.9830675852946333,0.3108108108108108,19,16,16,23,74,0,74,0.36486486486486486,0.16216216216216217
61574853997569,93,1,1,en,1,united states,1,93,0,93,14,93,1.6972592550954377,0.5053763440860215,26,8,12,47,92,1,93,0.40860215053763443,0.23655913978494625
61574854241050,29,1,1,pt,1,brazil,1,21,8,77,74,77,1.928746462429852,0.37662337662337664,20,13,15,29,77,0,77,0.2857142857142857,0.3116883116883117
61574855051268,22,1,1,fr,1,france,1,16,6,62,0,62,1.9741258174765786,0.3064516129032258,19,16,16,11,62,0,62,0.1935483870967742,0.14516129032258066
61574855347399,3,1,1,en,1,united states,1,2,1,11,0,11,1.3221793455166666,0.5454545454545454,6,0,1,4,11,0,11,0.45454545454545453,0.2727272727272727
61574855530567,21,1,1,en,1,united states,1,16,5,59,0,59,1.9787370609494979,0.288135593220339,17,14,11,17,59,0,59,0.3559322033898305,0.22033898305084745
61574855621301,27,1,1,en,1,india,1,21,6,71,52,71,1.7683003886538189,0.49295774647887325,35,14,15,7,71,0,71,0.2676056338028169,0.28169014084507044
61574855827469,6,1,1,en,1,united states,1,6,0,16,4,16,1.771782221599798,0.4375,7,1,4,4,16,0,16,0.375,0.5
61574856367645,1,1,1,en,1,united states,1,0,1,4,0,4,2.0,0.25,1,1,1,1,4,0,4,0.25,0.5
61574857390663,31,1,1,fr,1,france,1,17,14,78,0,78,1.832369129108442,0.46153846153846156,36,10,16,16,78,0,77,0.38961038961038963,0.2597402597402597
61574857450977,29,1,1,en,1,united states,1,22,7,80,37,80,1.9137114936097683,0.375,30,13,14,23,80,0,80,0.275,0.25
61574857987392,3,1,1,en,1,united states,1,2,1,4,0,4,1.5,0.5,1,0,2,1,4,0,4,0.25,0.5
61574858352338,31,1,1,en,1,india,1,23,8,31,1,31,1.3461864280387856,0.6774193548387096,21,1,5,4,31,0,31,0.12903225806451613,0.1935483870967742
61574859160574,7,1,1,pt,1,brazil,1,6,1,21,0,21,1.9387084972868345,0.3333333333333333,5,3,7,6,21,0,21,0.3333333333333333,0.09523809523809523
61574859160576,39,1,1,pt,1,brazil,1,31,8,111,89,111,1.8982939562033656,0.36936936936936937,33,14,23,41,111,0,111,0.32432432432432434,0.22522522522522523
61574860840587,31,1,1,en,1,united states,1,22,9,84,15,84,1.9299554879852687,0.35714285714285715,17,13,24,30,84,0,84,0.40476190476190477,0.17857142857142858
61574860900970,10,1,1,pt,1,brazil,1,10,0,32,0,32,1.9836796919474975,0.3125,8,7,10,7,32,0,32,0.21875,0.25
61574861412012,30,1,1,it,1,italy,1,22,8,81,69,81,1.9211174025922335,0.3950617283950617,32,15,15,19,81,0,81,0.25925925925925924,0.20987654320987653
61574861712206,10,1,1,pt,1,brazil,1,10,0,33,0,33,1.91490839954379,0.3333333333333333,10,8,4,11,33,0,33,0.3939393939393939,0.21212121212121213
61574861890951,6,1,1,it,1,italy,1,6,0,12,0,12,1.188721875540867,0.6666666666666666,3,0,1,8,12,0,12,0.25,0.3333333333333333
61574862217223,26,1,1,en,1,united states,1,20,6,69,69,69,1.8601049403178447,0.42028985507246375,29,9,12,19,69,0,69,0.2463768115942029,0.21739130434782608
61574863180647,20,1,1,pt,1,brazil,1,12,8,52,52,52,1.9289239541986785,0.34615384615384615,18,13,7,14,52,0,52,0.38461538461538464,0.23076923076923078
61574863692089,21,1,1,it,1,italy,1,16,5,57,0,57,1.705797888749529,0.45614035087719296,26,3,10,18,57,0,57,0.40350877192982454,0.15789473684210525
61574863810860,8,1,1,en,1,india,1,0,8,22,0,22,1.9196905740496966,0.36363636363636365,5,6,8,3,22,0,22,0.18181818181818182,0.3181818181818182
61574863962100,32,1,1,it,1,italy,1,22,10,77,71,77,1.875463084380922,0.36363636363636365,24,8,17,28,77,0,76,0.3815789473684211,0.2631578947368421
61574864499916,18,1,1,fr,1,france,1,14,4,49,0,49,1.8898813369072651,0.42857142857142855,21,10,9,9,49,0,49,0.30612244897959184,0.2653061224489796
61574864946828,29,1,1,hi,1,india,1,23,6,83,83,83,1.8885016046422183,0.37349397590361444,31,10,17,25,83,0,81,0.5061728395061729,0.09876543209876543
61574865220091,189,1,1,en,1,united states,1,82,107,613,128,613,1.4980872053935,0.636215334420881,390,106,52,65,612,1,613,0.2234910277324633,0.3262642740619902
61574865520445,30,1,1,it,1,italy,1,22,8,83,15,83,1.7850067645022327,0.46987951807228917,39,15,8,21,83,0,82,0.25609756097560976,0.3048780487804878
61574865641861,24,1,1,it,1,italy,1,19,5,68,0,68,1.6968639717868272,0.5441176470588235,37,13,7,11,68,0,68,0.5441176470588235,0.19117647058823528
61574866212142,54,1,1,en,1,india,1,43,11,148,72,148,1.7429129965714902,0.5067567567567568,75,18,36,19,147,1,148,0.32432432432432434,0.2702702702702703
61574866931821,17,1,1,en,1,india,1,8,9,39,0,39,1.9948463527123634,0.28205128205128205,11,10,9,9,17,22,39,0.2564102564102564,0.41025641025641024
61574870231406,30,1,1,it,1,italy,1,23,7,82,12,82,1.7435151993063958,0.45121951219512196,37,10,8,27,82,0,78,0.44871794871794873,0.23076923076923078
61574870709711,30,1,1,en,1,india,1,24,6,84,66,84,1.8992872784689787,0.40476190476190477,34,19,12,19,83,1,84,0.25,0.21428571428571427
61574870950012,14,1,1,en,1,united states,1,14,0,36,0,36,1.4973462700703384,0.5833333333333334,10,2,3,21,36,0,36,0.4444444444444444,0.1388888888888889
61574871850190,8,1,1,pt,1,brazil,1,8,0,8,0,8,1.061278124459133,0.75,1,0,1,6,8,0,8,0.5,0.125
61574871970308,23,1,1,it,1,italy,1,17,6,65,0,65,1.791869142041066,0.4,23,6,10,26,65,0,65,0.24615384615384617,0.3076923076923077
61574872450233,25,1,1,pt,1,brazil,1,17,8,68,0,68,1.9060722074822691,0.4117647058823529,12,28,15,13,68,0,68,0.3235294117647059,0.23529411764705882
61574872566415,13,1,1,en,1,united states,1,7,6,13,0,13,1.4195562985716133,0.5384615384615384,2,4,0,7,13,0,13,0.38461538461538464,0.23076923076923078
61574873230179,22,1,1,pt,1,brazil,1,18,4,65,12,65,1.893815466544902,0.38461538461538464,25,9,12,19,65,0,65,0.2923076923076923,0.23076923076923078
61574873290287,34,1,1,pt,1,brazil,1,12,22,35,0,35,1.8556830837252423,0.4,11,5,5,14,35,0,35,0.42857142857142855,0.22857142857142856
61574873830469,14,1,1,it,1,italy,1,12,2,38,0,38,1.7817339131732957,0.42105263157894735,4,13,5,16,38,0,38,0.5,0.10526315789473684
61574874069972,29,1,1,en,1,united states,1,21,8,79,79,79,1.8831973715437291,0.4177215189873418,33,12,14,20,79,0,79,0.22784810126582278,0.34177215189873417
61574874549995,1,1,1,pt,1,brazil,1,1,0,1,0,1,-0.0,1.0,0,0,0,1,1,0,1,1.0,0.0
61574874640168,2,1,1,it,1,italy,1,0,2,5,0,5,0.9709505944546686,0.6,3,0,2,0,5,0,5,0.4,0.2
61574874791318,20,1,1,it,1,italy,1,15,5,55,55,55,1.619275039417277,0.4727272727272727,20,3,6,26,55,0,55,0.43636363636363634,0.2545454545454545
61574874880039,24,1,1,pt,1,brazil,1,16,8,24,24,24,1.4618602772540858,0.5833333333333334,7,1,2,14,24,0,24,0.5,0.125
61574875659187,26,1,1,hi,1,india,1,22,4,70,0,70,1.8585641593478082,0.4,28,13,8,21,70,0,68,0.45588235294117646,0.23529411764705882
61574878026509,1,1,1,en,1,united states,1,1,0,4,0,4,1.5,0.5,1,2,0,1,4,0,4,0.25,0.25
61574878089192,36,1,1,en,1,united states,1,23,13,95,0,95,1.9568665099087554,0.3157894736842105,23,30,15,27,95,0,95,0.25263157894736843,0.4421052631578947
61574879046050,15,1,1,en,1,united states,1,10,5,36,0,36,1.8443358993313308,0.3611111111111111,13,6,4,13,36,0,36,0.3333333333333333,0.25
61574879646085,31,1,1,en,1,united states,1,23,8,31,2,31,1.643149247437342,0.4838709677419355,15,9,6,1,31,0,31,0.1935483870967742,0.45161290322580644
61574880039090,29,1,1,en,1,united states,1,22,7,79,79,79,1.7994090074531464,0.379746835443038,29,13,7,30,79,0,79,0.34177215189873417,0.2911392405063291
61574881596040,1,1,1,en,1,united states,1,1,0,1,0,1,-0.0,1.0,0,0,0,1,1,0,1,0.0,0.0
61574883069816,23,1,1,it,1,italy,1,17,6,59,44,59,1.8792561382834656,0.3898305084745763,12,7,17,23,59,0,59,0.3728813559322034,0.2711864406779661
61574884506218,12,1,1,en,1,united states,1,10,2,24,0,24,1.6968428034773932,0.4583333333333333,5,1,7,11,24,0,24,0.20833333333333334,0.3333333333333333
61574884719731,29,1,1,pt,1,brazil,1,21,8,77,66,77,1.9635228298718146,0.3246753246753247,25,13,19,20,77,0,77,0.3246753246753247,0.22077922077922077
61574884750735,3,1,1,it,1,italy,1,0,3,6,6,6,1.0,0.5,3,0,0,3,6,0,6,0.6666666666666666,0.3333333333333333
61574884989863,14,1,1,fr,1,france,1,14,0,33,0,33,0.5328350630342235,0.8787878787878788,29,4,0,0,33,0,33,0.18181818181818182,0.24242424242424243
61574885619731,2,1,1,fr,1,france,1,2,0,8,0,8,0.954434002924965,0.625,5,0,0,3,8,0,8,0.625,0.0
61574885769787,10,1,1,fr,1,france,1,10,0,23,0,23,1.6321057184910173,0.43478260869565216,9,3,1,10,23,0,23,0.34782608695652173,0.21739130434782608
61574885771005,27,1,1,en,1,india,1,20,7,75,12,75,1.6210842155359726,0.4266666666666667,31,4,8,32,75,0,75,0.30666666666666664,0.3333333333333333
61574888769613,5,1,1,pt,1,brazil,1,5,0,14,0,14,1.7244078178625923,0.5,7,3,3,1,14,0,14,0.21428571428571427,0.42857142857142855
61574889549209,31,1,1,pt,1,brazil,1,24,7,82,82,82,1.9911247036784319,0.2926829268292683,21,24,19,18,82,0,81,0.30864197530864196,0.16049382716049382
61574889725701,53,1,1,en,1,india,1,38,15,145,80,145,1.7692818333856117,0.4896551724137931,71,28,32,14,144,1,145,0.2896551724137931,0.20689655172413793
61574890600589,4,1,1,en,1,united states,1,4,0,8,0,8,1.9056390622295665,0.375,3,2,2,1,8,0,8,0.25,0.25
61574890779488,21,1,1,pt,1,brazil,1,9,12,46,0,46,1.8971304165744247,0.391304347826087,18,13,7,8,46,0,46,0.3695652173913043,0.21739130434782608
61574891529296,21,1,1,fr,1,france,1,20,1,21,1,21,1.6644977792004612,0.42857142857142855,9,3,1,8,21,0,21,0.23809523809523808,0.14285714285714285
61574891585571,17,1,1,en,1,united states,1,15,2,39,4,39,1.9563690413805235,0.358974358974359,8,8,14,9,39,0,39,0.3333333333333333,0.2564102564102564
61574892248987,31,1,1,fr,1,france,1,23,8,83,0,83,1.9768957546376429,0.30120481927710846,22,15,25,21,82,1,83,0.25301204819277107,0.21686746987951808
61574892429125,30,1,1,it,1,italy,1,23,7,78,74,78,1.856775387457671,0.4230769230769231,20,9,16,33,78,0,77,0.5324675324675324,0.19480519480519481
61574893088361,4,1,1,en,1,united states,1,4,0,9,0,9,1.5304930567574824,0.4444444444444444,2,3,0,4,9,0,9,0.3333333333333333,0.2222222222222222
61574893270334,29,1,1,en,1,india,1,21,8,82,0,82,1.5874125255901936,0.5609756097560976,46,21,5,10,82,0,82,0.35365853658536583,0.15853658536585366
61574893839306,38,1,1,hi,1,india,1,33,5,110,106,110,1.7691796875361292,0.41818181818181815,39,13,12,46,109,1,110,0.509090909090909,0.17272727272727273
61574893990061,27,1,1,pt,1,brazil,1,20,7,76,0,76,1.641752335578721,0.5789473684210527,44,9,13,10,76,0,76,0.2631578947368421,0.3157894736842105
61574894075463,30,1,1,en,1,united states,1,23,7,81,38,81,1.8353325526140774,0.37037037037037035,23,22,6,30,81,0,81,0.32098765432098764,0.24691358024691357
61574894079154,23,1,1,en,1,united states,1,18,5,64,53,64,1.8420055148838692,0.421875,27,12,7,18,64,0,64,0.21875,0.359375
61574894465658,13,1,1,en,1,united states,1,3,10,30,0,30,1.9344518194827178,0.36666666666666664,11,5,8,6,30,0,30,0.16666666666666666,0.4666666666666667
61574894859022,10,1,1,en,1,united states,1,6,4,36,0,36,1.8981645907056426,0.3888888888888889,10,5,7,14,36,0,36,0.2777777777777778,0.2777777777777778
61574896539027,27,1,1,en,1,india,1,20,7,74,74,74,1.6649213986472118,0.4864864864864865,24,5,9,36,74,0,74,0.25675675675675674,0.3783783783783784
61574896568851,28,1,1,en,1,united states,1,22,6,78,56,78,1.945101477595723,0.3717948717948718,29,16,18,15,78,0,78,0.3974358974358974,0.24358974358974358
61574898248805,30,1,1,en,1,india,1,24,6,80,18,80,1.871536546100069,0.4375,35,12,17,16,80,0,80,0.2875,0.2625
61574898638788,12,1,1,pt,1,brazil,1,12,0,12,0,12,1.4182958340544896,0.6666666666666666,1,2,1,8,12,0,12,0.5833333333333334,0.25
61574899088980,32,1,1,pt,1,brazil,1,28,4,42,13,42,1.5775576731432415,0.5714285714285714,9,2,7,24,42,0,42,0.6904761904761905,0.19047619047619047
61574899477087,18,1,1,en,1,united states,1,18,0,18,0,18,1.5275070675902451,0.6111111111111112,3,3,1,11,18,0,18,0.3888888888888889,0.2222222222222222
61574900650042,14,1,1,fr,1,france,1,14,0,32,0,32,1.8100562489182657,0.375,9,12,2,9,32,0,32,0.3125,0.1875
61574900918548,29,1,1,pt,1,brazil,1,23,6,66,66,66,1.9925718623777005,0.2727272727272727,18,18,16,14,66,0,66,0.21212121212121213,0.2727272727272727
61574901935438,29,1,1,en,1,india,1,23,6,72,33,72,1.94488099582645,0.3194444444444444,23,16,11,22,66,6,72,0.3888888888888889,0.25
61574902358586,24,1,1,fr,1,france,1,17,7,65,0,65,1.9359161926987325,0.3384615384615385,22,12,20,11,65,0,65,0.26153846153846155,0.3230769230769231
61574902538611,8,1,1,fr,1,france,1,2,6,8,0,8,1.2987949406953985,0.625,5,1,2,0,8,0,8,0.125,0.625
61574903135277,28,1,1,en,1,united states,1,21,7,77,59,77,1.9176559623728286,0.4025974025974026,31,16,16,14,77,0,77,0.2727272727272727,0.37662337662337664
61574904009699,25,1,1,en,1,india,1,20,5,66,66,66,1.9815911841874203,0.3181818181818182,21,16,14,15,66,0,66,0.36363636363636365,0.22727272727272727
61574905325036,10,1,1,en,1,united states,1,2,8,24,0,24,1.717090774749888,0.4166666666666667,8,1,10,5,24,0,24,0.08333333333333333,0.2916666666666667
61574905567721,29,1,1,en,1,united states,1,22,7,78,70,78,1.673989020463607,0.4358974358974359,30,8,6,34,78,0,78,0.24358974358974358,0.38461538461538464
61574905929896,30,1,1,hi,1,india,1,19,11,33,27,33,1.617189572592715,0.5454545454545454,18,3,3,9,33,0,33,0.18181818181818182,0.3333333333333333
61574905989922,30,1,1,pt,1,brazil,1,23,7,79,63,79,1.9451704267763539,0.34177215189873417,23,27,15,14,79,0,79,0.20253164556962025,0.26582278481012656
61574906948470,42,1,1,pt,1,brazil,1,36,6,104,69,104,1.8633476194270386,0.38461538461538464,34,15,15,40,104,0,104,0.4230769230769231,0.15384615384615385
61574907997635,28,1,1,en,1,united states,1,21,7,73,53,73,1.6881331804912088,0.5205479452054794,13,5,17,38,73,0,73,0.3150684931506849,0.3424657534246575
61574908268434,26,1,1,pt,1,brazil,1,20,6,68,60,68,1.8004241911003238,0.4117647058823529,28,7,10,23,68,0,67,0.3582089552238806,0.26865671641791045
61574908324926,27,1,1,en,1,united states,1,20,7,74,0,74,1.8427884907187335,0.4594594594594595,34,13,11,16,74,0,74,0.24324324324324326,0.22972972972972974
61574908928372,30,1,1,pt,1,brazil,1,23,7,81,79,81,1.9832995220211744,0.30864197530864196,17,18,25,21,81,0,79,0.4177215189873418,0.17721518987341772
61574908954913,30,1,1,en,1,united states,1,23,7,81,49,81,1.8681202970723785,0.4444444444444444,14,14,17,36,80,1,80,0.4375,0.2
61574910338296,4,1,1,fr,1,france,1,2,2,8,8,8,0.5435644431995964,0.875,7,0,0,1,6,2,8,0.5,0.5
61574910369629,4,1,1,fr,1,france,1,4,0,12,12,12,1.9591479170272448,0.3333333333333333,2,4,3,3,12,0,12,0.5833333333333334,0.08333333333333333
61574911149534,23,1,1,it,1,italy,1,18,5,61,0,61,1.8142315605441048,0.39344262295081966,12,24,20,5,61,0,61,0.18032786885245902,0.18032786885245902
61574911657486,30,1,1,en,1,united states,1,23,7,82,73,82,1.99613448350958,0.2682926829268293,19,22,19,22,82,0,82,0.34146341463414637,0.21951219512195122
61574912044626,25,1,1,en,1,united states,1,20,5,54,0,54,1.4720446955907232,0.6481481481481481,35,5,5,9,54,0,54,0.2962962962962963,0.16666666666666666
61574912768148,7,1,1,en,1,united states,1,7,0,16,0,16,1.7028195311147831,0.5,8,1,4,3,16,0,16,0.1875,0.3125
61574912859129,6,1,1,en,1,united states,1,4,2,12,0,12,1.2516291673878228,0.6666666666666666,8,2,2,0,12,0,12,0.25,0.5
61574913877788,22,1,1,pt,1,brazil,1,17,5,61,61,61,1.9526280802598839,0.3442622950819672,15,15,10,21,61,0,61,0.4098360655737705,0.09836065573770492
61574914234585,29,1,1,en,1,india,1,21,8,80,0,80,1.8215108429298612,0.475,38,17,13,12,80,0,80,0.2,0.2625
61574914507358,52,1,1,en,1,india,1,43,9,140,85,140,1.76442067679532,0.5142857142857142,72,24,25,19,140,0,139,0.2733812949640288,0.33093525179856115
61574914657931,27,1,1,it,1,italy,1,20,7,73,0,73,1.8366167758406746,0.4520547945205479,33,17,9,14,73,0,73,0.2876712328767123,0.273972602739726
61574914747007,20,1,1,fr,1,france,1,14,6,40,0,40,1.781600849266806,0.375,15,7,3,15,40,0,40,0.2,0.275
61574914984442,4,1,1,en,1,united states,1,4,0,8,8,8,0.954434002924965,0.625,3,0,0,5,8,0,8,0.25,0.5
61574915764340,21,1,1,en,1,india,1,17,4,49,8,49,1.4451355262541126,0.6326530612244898,31,2,10,6,48,1,49,0.32653061224489793,0.22448979591836735
61574915977031,26,1,1,en,1,united states,1,19,7,72,28,72,1.7360338225385286,0.4166666666666667,30,8,7,27,72,0,72,0.3611111111111111,0.25
61574916907302,19,1,1,en,1,united states,1,18,1,52,0,52,1.4986880001961613,0.5576923076923077,29,2,5,16,52,0,52,0.28846153846153844,0.38461538461538464
61574917027824,22,1,1,fr,1,france,1,21,1,22,0,22,1.8453509366224368,0.36363636363636365,3,8,3,8,22,0,21,0.3333333333333333,0.2857142857142857
61574917417569,27,1,1,fr,1,france,1,18,9,76,0,76,1.9057619934338363,0.3684210526315789,28,11,14,23,75,1,76,0.34210526315789475,0.25
61574917834269,33,1,1,en,1,united states,1,26,7,90,71,90,1.309376814737044,0.5777777777777777,32,2,4,52,90,0,90,0.2222222222222222,0.4888888888888889
61574917839061,26,1,1,en,1,india,1,20,6,73,0,73,1.7483117644912782,0.4931506849315068,36,6,16,15,73,0,73,0.2876712328767123,0.2054794520547945
61574918374451,24,1,1,en,1,united states,1,18,6,68,44,68,1.631217305952283,0.5147058823529411,35,5,7,21,68,0,68,0.23529411764705882,0.39705882352941174
61574918917633,20,1,1,fr,1,france,1,16,4,53,0,53,1.5721200343364796,0.5283018867924528,28,7,2,16,53,0,53,0.2641509433962264,0.33962264150943394
61574919097819,1,1,1,en,1,united states,1,1,0,4,0,4,0.8112781244591328,0.75,3,0,1,0,4,0,4,0.0,0.0
61574919187169,17,1,1,en,1,united states,1,15,2,48,40,48,1.791418180690003,0.4791666666666667,23,5,10,10,48,0,48,0.3125,0.25
61574919189214,29,1,1,fr,1,france,1,21,8,79,79,79,1.7792891383658267,0.4810126582278481,19,14,8,38,79,0,79,0.4810126582278481,0.189873417721519
61574919303983,47,1,1,en,1,india,1,41,6,126,76,126,1.8650165012270268,0.42063492063492064,53,15,27,31,125,1,126,0.3492063492063492,0.23015873015873015
61574919337749,1,1,1,pt,1,brazil,1,1,0,4,0,4,1.5,0.5,0,1,1,2,4,0,4,0.25,0.25
61574919847818,18,1,1,pt,1,brazil,1,15,3,24,0,24,1.6403360647604435,0.5,12,1,4,7,18,6,24,0.25,0.375
61574921194031,21,1,1,en,1,india,1,21,0,58,0,58,0.7941433314540692,0.8620689655172413,50,3,2,3,58,0,58,0.13793103448275862,0.27586206896551724
61574921438928,41,1,1,en,1,india,1,31,10,101,75,101,1.934897527905851,0.37623762376237624,38,24,22,17,100,1,101,0.297029702970297,0.18811881188118812
61574921619079,25,1,1,fr,1,france,1,18,7,65,16,65,1.9479571681523669,0.3230769230769231,13,11,21,20,65,0,65,0.4461538461538462,0.2
61574922094244,26,1,1,en,1,united states,1,20,6,70,70,70,1.9345046939524173,0.34285714285714286,24,14,11,21,70,0,70,0.3142857142857143,0.35714285714285715
61574923117609,24,1,1,hi,1,india,1,19,5,58,0,58,1.8163409867005567,0.43103448275862066,13,15,5,25,58,0,57,0.6491228070175439,0.12280701754385964
61574923267001,23,1,1,hi,1,india,1,23,0,61,0,61,1.8985319241807423,0.39344262295081966,17,10,10,24,61,0,59,0.6271186440677966,0.1864406779661017
61574923626614,27,1,1,en,1,united states,1,19,8,76,54,76,1.8952366979729918,0.3684210526315789,24,13,11,28,76,0,76,0.23684210526315788,0.4473684210526316
61574924644086,29,1,1,en,1,india,1,22,7,79,60,79,1.8438410557480447,0.4050632911392405,25,10,12,32,79,0,79,0.31645569620253167,0.24050632911392406
61574924977414,8,1,1,hi,1,india,1,7,1,26,0,26,1.7097781492858064,0.5,7,2,4,13,26,0,26,0.46153846153846156,0.23076923076923078
61574925813885,26,1,1,en,1,united states,1,21,5,74,8,74,1.9432571070957785,0.36486486486486486,27,19,14,14,74,0,74,0.36486486486486486,0.1891891891891892
61574927256711,31,1,1,en,1,united states,1,23,8,86,22,86,1.993125270811345,0.26744186046511625,22,23,18,23,86,0,86,0.32558139534883723,0.2558139534883721
61574927343930,4,1,1,en,1,united states,1,4,0,12,12,12,1.784159127851422,0.4166666666666667,4,2,1,5,12,0,12,0.08333333333333333,0.5
61574927523813,60,1,1,hi,1,india,1,46,14,162,89,162,1.759298577434206,0.4506172839506173,52,18,19,73,162,0,162,0.4876543209876543,0.1728395061728395
61574928127303,30,1,1,pt,1,brazil,1,22,8,82,4,82,1.9051702794459304,0.34146341463414637,26,28,18,10,82,0,82,0.2682926829268293,0.24390243902439024
61574928307197,24,1,1,it,1,italy,1,18,6,65,0,65,1.8802902094765324,0.35384615384615387,23,14,7,21,65,0,65,0.3076923076923077,0.24615384615384617
61574928336440,22,1,1,en,1,united states,1,15,7,34,0,34,1.5432473005196226,0.6176470588235294,21,3,4,6,34,0,34,0.20588235294117646,0.4117647058823529
61574928787493,23,1,1,it,1,italy,1,17,6,58,36,58,1.88552436213315,0.39655172413793105,23,15,7,13,58,0,58,0.25862068965517243,0.25862068965517243
61574928906639,28,1,1,en,1,united states,1,20,8,76,76,76,1.8623261779684697,0.3684210526315789,25,15,8,28,76,0,76,0.34210526315789475,0.18421052631578946
61574930167159,1,1,1,en,1,india,1,1,0,2,0,2,1.0,0.5,1,0,0,1,2,0,2,0.0,0.0
61574930586709,18,1,1,pt,1,brazil,1,18,0,45,0,45,1.6648928308662363,0.4888888888888889,22,8,2,13,45,0,45,0.35555555555555557,0.2
61574931123562,29,1,1,en,1,united states,1,21,8,82,82,82,1.753022759981076,0.4634146341463415,25,8,11,38,82,0,82,0.2926829268292683,0.3170731707317073
61574931846511,33,1,1,it,1,italy,1,27,6,91,91,91,1.9634930640655617,0.31868131868131866,29,20,16,26,91,0,90,0.4111111111111111,0.17777777777777778
61574932146613,28,1,1,en,1,united states,1,20,8,76,44,76,1.9838290049464682,0.3157894736842105,18,17,17,24,76,0,76,0.25,0.27631578947368424
61574932177407,32,1,1,en,1,united states,1,24,8,88,76,88,1.7320629951493387,0.4431818181818182,39,12,7,30,87,1,88,0.29545454545454547,0.32954545454545453
61574933347215,40,1,1,pt,1,brazil,1,23,17,102,0,102,1.9523581265476313,0.30392156862745096,15,29,27,31,102,0,102,0.28431372549019607,0.19607843137254902
61574934126943,21,1,1,pt,1,brazil,1,17,4,61,0,61,1.778014840874726,0.45901639344262296,28,7,8,18,61,0,61,0.36065573770491804,0.2786885245901639
61574934188327,14,1,1,en,1,united states,1,14,0,34,0,34,1.9357417972482365,0.35294117647058826,8,5,9,12,34,0,34,0.3235294117647059,0.14705882352941177
61574935446661,5,1,1,hi,1,india,1,2,3,13,0,13,1.8339272176418302,0.46153846153846156,6,3,2,2,13,0,13,0.3076923076923077,0.15384615384615385
61574935477073,22,1,1,pt,1,brazil,1,15,7,65,33,65,1.6342614885856193,0.49230769230769234,32,22,6,5,65,0,65,0.24615384615384617,0.23076923076923078
61574935776887,29,1,1,pt,1,brazil,1,22,7,79,56,79,1.773193079424293,0.45569620253164556,36,13,7,23,79,0,79,0.35443037974683544,0.3037974683544304
61574935896129,29,1,1,en,1,india,1,21,8,79,0,79,1.7141219115626458,0.5316455696202531,42,8,13,16,79,0,79,0.26582278481012656,0.2911392405063291
61574936016860,27,1,1,it,1,italy,1,21,6,74,18,74,1.957552244305307,0.33783783783783783,20,16,13,25,74,0,74,0.44594594594594594,0.22972972972972974
61574936137013,20,1,1,hi,1,india,1,20,0,53,0,53,1.6543167023489826,0.5471698113207547,29,4,12,8,53,0,53,0.41509433962264153,0.11320754716981132
61574936286895,21,1,1,it,1,italy,1,19,2,61,0,61,1.7835977137819237,0.39344262295081966,24,10,5,22,61,0,58,0.4482758620689655,0.20689655172413793
61574936797110,29,1,1,it,1,italy,1,22,7,79,0,79,1.9172982784582162,0.34177215189873417,25,16,11,27,79,0,78,0.3076923076923077,0.2692307692307692
61574937547028,30,1,1,it,1,italy,1,22,8,80,3,80,1.9615016433824186,0.3375,27,14,19,20,80,0,78,0.47435897435897434,0.21794871794871795
61574937697048,3,1,1,pt,1,brazil,1,3,0,11,0,11,1.3221793455166666,0.5454545454545454,4,6,0,1,11,0,11,0.2727272727272727,0.18181818181818182
61574938117018,1,1,1,fr,1,france,1,1,0,4,0,4,0.8112781244591328,0.75,3,1,0,0,4,0,4,0.25,0.0
61574938928127,25,1,1,en,1,india,1,18,7,69,3,69,1.5837579847456593,0.5652173913043478,39,6,6,18,69,0,69,0.17391304347826086,0.43478260869565216
61574939766846,27,1,1,pt,1,brazil,1,21,6,73,0,73,1.9369456192494812,0.3698630136986301,27,16,12,18,73,0,73,0.4246575342465753,0.1506849315068493
61574939916042,1,1,1,en,1,united states,1,1,0,2,0,2,-0.0,1.0,2,0,0,0,2,0,2,0.0,0.5
61574939973195,14,1,1,en,1,india,1,5,9,56,0,56,1.8633449092919538,0.44642857142857145,25,10,9,12,56,0,55,0.16363636363636364,0.36363636363636365
61574940156254,22,1,1,en,1,india,1,14,8,55,0,55,1.7581420356942958,0.509090909090909,28,8,7,12,54,1,55,0.21818181818181817,0.4
61574940158280,19,1,1,it,1,italy,1,14,5,51,44,51,1.9028270970108103,0.39215686274509803,20,11,7,13,51,0,51,0.27450980392156865,0.3137254901960784
61574940548040,21,1,1,fr,1,france,1,19,2,60,15,60,1.8397935927150755,0.4166666666666667,18,7,10,25,60,0,60,0.31666666666666665,0.23333333333333334
61574940786036,23,1,1,pt,1,brazil,1,17,6,67,3,67,1.8133070657223354,0.44776119402985076,30,18,7,12,66,1,67,0.26865671641791045,0.31343283582089554
61574941922911,6,1,1,en,1,united states,1,2,4,15,3,15,1.7464657985040721,0.4666666666666667,1,4,3,7,15,0,15,0.26666666666666666,0.13333333333333333
61574942166735,22,1,1,pt,1,brazil,1,19,3,64,0,64,1.7515812286501262,0.484375,31,15,5,13,64,0,64,0.25,0.296875
61574942256705,17,1,1,it,1,italy,1,17,0,17,1,17,1.6589797521242051,0.5294117647058824,1,4,3,9,17,0,17,0.35294117647058826,0.17647058823529413
61574943096649,18,1,1,en|hi,2,india,1,18,0,18,0,18,1.8776402831734211,0.3888888888888889,5,2,4,7,18,0,18,0.5555555555555556,0.0
61574943633252,27,1,1,en,1,india,1,18,9,75,51,75,1.2812304336462892,0.6533333333333333,20,3,3,49,75,0,75,0.3333333333333333,0.36
61574943757668,19,1,1,en,1,india,1,12,7,42,24,42,1.8006605598538616,0.4523809523809524,19,6,5,12,42,0,42,0.3333333333333333,0.2857142857142857
61574943786684,28,1,1,hi,1,india,1,20,8,77,40,77,1.7907871743085604,0.45454545454545453,22,8,12,35,76,1,76,0.3026315789473684,0.2631578947368421
61574943905607,24,1,1,it,1,italy,1,19,5,63,0,63,1.8589386256719544,0.4126984126984127,26,17,7,13,63,0,63,0.30158730158730157,0.19047619047619047
61574945107743,42,1,1,fr,1,france,1,23,19,108,0,108,1.7586429914773283,0.49074074074074076,53,14,13,28,107,1,108,0.2962962962962963,0.3055555555555556
61574945645686,29,1,1,en,1,united states,1,22,7,78,78,78,1.6370352326497648,0.5641025641025641,44,17,7,10,78,0,78,0.2564102564102564,0.2692307692307692
61574945976316,29,1,1,pt,1,brazil,1,21,8,80,53,80,1.928204128494417,0.3375,16,25,12,27,80,0,80,0.3875,0.2125
61574946005580,26,1,1,en,1,united states,1,20,6,72,0,72,1.7789734646050666,0.4305555555555556,31,8,9,24,72,0,72,0.3333333333333333,0.3611111111111111
61574946005614,21,1,1,en,1,united states,1,21,0,57,8,57,1.8450001769446132,0.38596491228070173,17,13,22,5,57,0,57,0.38596491228070173,0.17543859649122806
61574946186396,22,1,1,fr,1,france,1,16,6,61,0,61,1.9516092052733007,0.3114754098360656,16,19,9,17,61,0,61,0.39344262295081966,0.22950819672131148
61574946606723,4,1,1,fr,1,france,1,0,4,10,0,10,1.5709505944546687,0.6,6,1,1,2,10,0,10,0.3,0.3
61574946906387,12,1,1,it,1,italy,1,6,6,42,0,42,1.8481814807328074,0.40476190476190477,5,13,7,17,42,0,40,0.35,0.2
61574947832842,7,1,1,en,1,united states,1,1,6,24,0,24,1.9031071683628111,0.3333333333333333,8,8,5,3,24,0,24,0.2916666666666667,0.25
61574948466298,28,1,1,en,1,united states,1,21,7,76,9,76,1.9312952802328742,0.3684210526315789,28,12,16,20,76,0,76,0.2894736842105263,0.3026315789473684
61574949187385,31,1,1,fr,1,france,1,23,8,81,81,81,1.6311150041241222,0.5555555555555556,45,11,6,19,81,0,81,0.30864197530864196,0.25925925925925924
61574949276269,19,1,1,fr,1,france,1,19,0,51,0,51,1.9155051800196707,0.39215686274509803,20,13,9,9,51,0,51,0.19607843137254902,0.23529411764705882
61574949937616,23,1,1,en,1,india,1,9,14,57,0,57,1.9870041618862921,0.2982456140350877,15,17,12,13,57,0,57,0.19298245614035087,0.24561403508771928
61574951432810,26,1,1,en,1,india,1,20,6,67,63,67,1.9207548473199827,0.3880597014925373,26,12,12,17,67,0,67,0.34328358208955223,0.31343283582089554
61574951645380,28,1,1,en,1,india,1,20,8,39,0,39,1.9782673210853918,0.28205128205128205,11,11,7,10,39,0,39,0.28205128205128205,0.23076923076923078
61574951766226,15,1,1,fr,1,france,1,7,8,45,0,45,1.907559600810654,0.4,9,11,7,18,45,0,44,0.36363636363636365,0.20454545454545456
61574953026160,12,1,1,fr,1,france,1,5,7,39,0,39,1.9476141595780607,0.358974358974359,14,7,8,10,39,0,39,0.28205128205128205,0.23076923076923078
61574953115083,21,1,1,en,1,united states,1,21,0,60,0,60,1.4199937818149215,0.6,17,5,2,36,60,0,60,0.35,0.3
61574953357151,26,1,1,fr,1,france,1,20,6,70,16,70,1.612852266239561,0.45714285714285713,25,11,2,32,70,0,70,0.18571428571428572,0.42857142857142855
61574953896268,18,1,1,fr,1,france,1,10,8,57,0,57,1.8854768884852842,0.3684210526315789,21,18,7,11,57,0,57,0.22807017543859648,0.2807017543859649
61574955275865,23,1,1,en,1,india,1,22,1,62,0,62,1.8820219494073323,0.43548387096774194,27,12,11,12,62,0,62,0.20967741935483872,0.20967741935483872
61574957042426,27,1,1,en,1,united states,1,21,6,70,70,70,1.8187396641919258,0.4714285714285714,16,11,10,33,70,0,70,0.37142857142857144,0.12857142857142856
61574957285889,11,1,1,it,1,italy,1,11,0,25,0,25,1.8422921890824147,0.36,8,6,2,9,25,0,25,0.4,0.08
61574957915732,30,1,1,en,1,united states,1,22,8,84,76,84,1.957350854886803,0.2976190476190476,25,21,13,25,84,0,84,0.2619047619047619,0.25
61574958755699,26,1,1,pt,1,brazil,1,21,5,73,10,73,1.9163866189254857,0.3424657534246575,25,10,15,23,73,0,73,0.2876712328767123,0.2191780821917808
61574959175073,21,1,1,it,1,italy,1,16,5,55,50,55,1.9738101767957255,0.3090909090909091,15,13,10,17,55,0,55,0.3090909090909091,0.32727272727272727
61574959205760,36,1,1,pt,1,brazil,1,20,16,94,2,94,1.8821427120893364,0.39361702127659576,37,18,12,27,93,1,93,0.27956989247311825,0.23655913978494625
61574960914553,1,1,1,en,1,united states,1,1,0,4,0,4,-0.0,1.0,0,0,0,4,4,0,4,0.75,0.25
61574961635443,8,1,1,fr,1,france,1,6,2,15,0,15,1.8892464285091581,0.4,6,4,2,3,15,0,15,0.2,0.4
61574961992075,39,1,1,en,1,united states,1,31,8,111,83,111,1.6865067668048654,0.5495495495495496,61,19,11,20,108,3,111,0.1981981981981982,0.3333333333333333
61574962145808,1,1,1,it,1,italy,1,0,1,4,0,4,1.0,0.5,2,2,0,0,4,0,4,0.0,0.0
61574962504790,8,1,1,en,1,united states,1,5,3,31,0,31,1.7740971872258724,0.3870967741935484,12,2,6,11,31,0,31,0.41935483870967744,0.1935483870967742
61574963164784,1,1,1,en,1,united states,1,1,0,2,0,2,1.0,0.5,0,0,1,1,2,0,2,1.0,0.0
61574963792194,18,1,1,en,1,united states,1,11,7,44,0,44,1.96917603125421,0.3409090909090909,10,9,10,15,44,0,44,0.20454545454545456,0.22727272727272727
61574963854539,1,1,1,en,1,united states,1,1,0,2,0,2,1.0,0.5,0,1,1,0,2,0,2,0.0,0.5
61574963854572,21,1,1,en,1,united states,1,15,6,51,0,51,1.99697857212937,0.27450980392156865,14,12,13,12,51,0,51,0.23529411764705882,0.17647058823529413
61574963971962,9,1,1,en,1,united states,1,3,6,24,7,24,1.3868421881310118,0.6666666666666666,16,3,1,4,24,0,24,0.125,0.25
61574964602105,28,1,1,en,1,united states,1,22,6,78,44,78,1.5063854919125592,0.44871794871794873,34,3,6,35,78,0,78,0.2564102564102564,0.44871794871794873
61574964812063,9,1,1,en,1,united states,1,7,2,21,0,21,1.938708497286834,0.3333333333333333,6,3,7,5,19,2,21,0.2857142857142857,0.23809523809523808
61574964965314,25,1,1,it,1,italy,1,20,5,66,0,66,1.6643387066285023,0.5454545454545454,36,14,11,5,66,0,64,0.328125,0.1875
61574965232024,30,1,1,en,1,united states,1,23,7,81,81,81,1.9098916711118217,0.4074074074074074,33,14,16,18,81,0,81,0.3333333333333333,0.2716049382716049
61574965324818,18,1,1,en,1,united states,1,10,8,57,49,57,1.7725266789603964,0.49122807017543857,28,13,10,6,57,0,57,0.19298245614035087,0.3333333333333333
61574965626651,30,1,1,en,1,india,1,22,8,82,0,82,1.8161467481941995,0.43902439024390244,36,12,10,24,82,0,82,0.3170731707317073,0.2804878048780488
61574965654909,23,1,1,en,1,united states,1,23,0,49,16,49,1.8625478748764033,0.42857142857142855,21,11,6,11,49,0,49,0.16326530612244897,0.22448979591836735
61574965804523,21,1,1,en,1,united states,1,21,0,57,57,57,1.628996850536275,0.47368421052631576,19,9,2,27,57,0,57,0.19298245614035087,0.3508771929824561
61574966045552,3,1,1,en,1,united states,1,0,3,6,4,6,1.7924812503605778,0.5,3,1,1,1,6,0,6,0.16666666666666666,0.3333333333333333
61574966165566,26,1,1,pt,1,brazil,1,19,7,72,72,72,1.716106046314408,0.5416666666666666,10,10,13,39,72,0,72,0.4722222222222222,0.25
61574966237701,31,1,1,en,1,india,1,23,8,85,39,85,1.9390175614191472,0.32941176470588235,28,13,18,26,84,1,85,0.2823529411764706,0.3764705882352941
61574966941859,9,1,1,en,1,united states,1,9,0,28,0,28,0.9591963191047147,0.75,21,6,1,0,28,0,28,0.14285714285714285,0.21428571428571427
61574967244321,12,1,1,en,1,united states,1,11,1,24,0,24,1.8337993233858494,0.4583333333333333,5,3,5,11,24,0,24,0.5416666666666666,0.20833333333333334
61574967335335,5,1,1,it,1,italy,1,5,0,14,14,14,1.8773870642966133,0.42857142857142855,3,2,3,6,14,0,12,0.3333333333333333,0.3333333333333333
61574967454494,3,1,1,en,1,united states,1,3,0,12,0,12,1.5545851693377997,0.4166666666666667,4,0,3,5,12,0,12,0.5,0.16666666666666666
61574967965313,27,1,1,pt,1,brazil,1,21,6,73,18,73,1.8576514260015162,0.410958904109589,20,8,15,30,73,0,73,0.4657534246575342,0.2328767123287671
61574968531658,5,1,1,en,1,united states,1,1,4,17,0,17,1.7130788426267936,0.47058823529411764,1,8,5,3,17,0,17,0.29411764705882354,0.17647058823529413
61574969491826,20,1,1,en,1,india,1,14,6,63,0,63,1.7872733721333742,0.4126984126984127,26,7,8,22,63,0,63,0.4603174603174603,0.20634920634920634
61574970545248,26,1,1,en,1,india,1,21,5,71,0,71,1.9430039090501656,0.36619718309859156,14,13,26,18,71,0,71,0.2676056338028169,0.15492957746478872
61574971025183,8,1,1,pt,1,brazil,1,0,8,22,0,22,1.7474594241169754,0.5,11,5,4,2,22,0,22,0.22727272727272727,0.22727272727272727
61574971534226,26,1,1,it,1,italy,1,20,6,66,4,66,1.7372076773899692,0.45454545454545453,30,10,5,21,66,0,66,0.30303030303030304,0.25757575757575757
61574973994241,24,1,1,it,1,italy,1,21,3,67,0,67,1.923668867580159,0.3582089552238806,24,9,17,17,67,0,66,0.3939393939393939,0.25757575757575757
61574974025215,44,1,1,en|hi,2,india,1,15,29,113,40,113,1.856825213771853,0.415929203539823,47,22,31,13,113,0,113,0.3008849557522124,0.26548672566371684
61574974981301,39,1,1,en,1,united states,1,31,8,108,92,108,1.8829643544111985,0.42592592592592593,46,23,23,16,108,0,108,0.3611111111111111,0.19444444444444445
61574975464357,28,1,1,en,1,united states,1,18,10,67,0,67,1.9354397653308149,0.373134328358209,25,16,11,15,67,0,67,0.2537313432835821,0.23880597014925373
61574976334820,14,1,1,it,1,italy,1,0,14,33,0,33,1.7291512326266534,0.5151515151515151,17,6,3,7,33,0,33,0.3333333333333333,0.15151515151515152
61574977145144,27,1,1,it,1,italy,1,22,5,80,25,80,1.9324995809269392,0.35,28,23,17,12,79,1,80,0.275,0.25
61574977474091,29,1,1,en,1,united states,1,21,8,77,20,77,1.8617410629916984,0.35064935064935066,25,18,7,27,77,0,77,0.42857142857142855,0.14285714285714285
61574977774571,19,1,1,pt,1,brazil,1,16,3,52,29,52,1.8944265213112486,0.38461538461538464,15,20,10,7,52,0,52,0.21153846153846154,0.21153846153846154
61574977866022,29,1,1,en,1,india,1,23,6,79,51,79,1.8437905602033369,0.4177215189873418,33,14,9,23,79,0,79,0.24050632911392406,0.3037974683544304
61574978944598,28,1,1,pt,1,brazil,1,21,7,76,76,76,1.9051982911725933,0.40789473684210525,31,13,14,18,76,0,76,0.25,0.2631578947368421
61574978975929,29,1,1,en,1,united states,1,22,7,78,4,78,1.748724535532637,0.5,19,8,12,39,77,1,78,0.3333333333333333,0.2692307692307692
61574979245998,23,1,1,it,1,italy,1,23,0,24,0,24,1.7005820084462417,0.5416666666666666,5,3,3,13,24,0,24,0.375,0.20833333333333334
61574979845984,34,1,1,en,1,india,1,27,7,94,94,94,1.8578602309717782,0.3617021276595745,33,16,11,34,93,1,94,0.3617021276595745,0.2978723404255319
61574980024843,16,1,1,hi,1,india,1,16,0,43,0,43,1.712985256577499,0.5116279069767442,22,6,4,11,43,0,41,0.43902439024390244,0.12195121951219512
61574980203825,25,1,1,en,1,united states,1,18,7,65,51,65,1.7447211297026748,0.5230769230769231,34,12,8,11,65,0,65,0.23076923076923078,0.3076923076923077
61574980264136,6,1,1,en,1,united states,1,6,0,19,0,19,1.7798299876761594,0.47368421052631576,9,5,2,3,19,0,19,0.10526315789473684,0.42105263157894735
61574980744814,2,1,1,en,1,india,1,0,2,8,0,8,1.9056390622295665,0.375,2,2,3,1,8,0,8,0.125,0.25
61574981251275,29,1,1,en,1,india,1,22,7,78,14,78,1.7654819554867816,0.5128205128205128,40,12,11,15,78,0,78,0.2948717948717949,0.2692307692307692
61574981251318,98,1,1,en,1,united states,1,86,12,98,19,98,1.9055607895549334,0.336734693877551,29,33,25,11,97,1,98,0.20408163265306123,0.25510204081632654
61574982480978,30,1,1,en,1,united states,1,23,7,43,18,43,1.9214705860944377,0.3953488372093023,17,8,8,10,43,0,43,0.3953488372093023,0.27906976744186046
61574984613779,10,1,1,en,1,united states,1,5,5,32,0,32,1.8215830979570886,0.4375,14,8,7,3,32,0,32,0.09375,0.3125
61574984644503,15,1,1,pt,1,brazil,1,15,0,36,0,36,1.9149523861784694,0.3611111111111111,11,13,6,6,36,0,35,0.34285714285714286,0.2
61574984850248,33,1,1,en,1,india,1,33,0,93,0,93,1.7965507811156403,0.3548387096774194,27,5,28,33,92,1,93,0.43010752688172044,0.1935483870967742
61574984884502,90,1,1,it,1,italy,1,90,0,246,0,246,1.8473280186669716,0.3821138211382114,84,31,37,94,246,0,246,0.3861788617886179,0.24390243902439024
61574985124336,30,1,1,en,1,india,1,22,8,36,0,36,1.8319560641238406,0.4166666666666667,11,6,4,15,36,0,36,0.2222222222222222,0.2777777777777778
61574986230957,1,1,1,en,1,united states,1,1,0,4,0,4,1.5,0.5,2,0,1,1,4,0,4,0.0,0.25
61574986230958,2,1,1,en,1,united states,1,0,2,4,4,4,-0.0,1.0,4,0,0,0,4,0,4,0.25,0.5
61574986803376,29,1,1,en,1,united states,1,22,7,79,0,79,1.9016544842829837,0.4177215189873418,33,16,16,14,79,0,79,0.27848101265822783,0.31645569620253167
61574986834225,2,1,1,pt,1,brazil,1,2,0,4,0,4,1.5,0.5,0,1,2,1,4,0,4,0.75,0.0
61574986877886,22,1,1,hi,1,india,1,15,7,60,49,60,1.5850166922070226,0.5,30,16,1,13,60,0,60,0.55,0.18333333333333332
61574987014334,25,1,1,en|hi,2,india,1,11,14,72,0,72,1.5465639556549542,0.625,45,9,8,10,72,0,72,0.2916666666666667,0.2916666666666667
61574987285584,37,1,1,it,1,italy,1,20,17,97,35,97,1.9589473727623212,0.3402061855670103,18,20,26,33,97,0,97,0.41237113402061853,0.16494845360824742
61574987435734,17,1,1,fr,1,france,1,8,9,49,8,49,1.7755502578906062,0.42857142857142855,3,12,13,21,49,0,48,0.4791666666666667,0.16666666666666666
61574987614491,25,1,1,en,1,united states,1,20,5,69,63,69,1.3703310948516392,0.4927536231884058,34,3,2,30,69,0,69,0.2463768115942029,0.42028985507246375
61574987700816,50,1,1,en,1,india,1,43,7,136,62,136,1.5116769543336703,0.6323529411764706,86,17,22,11,135,1,136,0.3897058823529412,0.3897058823529412
61574988213687,7,1,1,en,1,united states,1,7,0,26,0,26,1.7742903032614272,0.5,5,5,3,13,26,0,26,0.3076923076923077,0.38461538461538464
61574988933508,94,1,1,fr,1,france,1,9,85,284,0,284,1.5255881712438237,0.6302816901408451,179,43,26,36,284,0,284,0.16549295774647887,0.34507042253521125
61574989954106,31,1,1,it,1,italy,1,19,12,82,30,82,1.670022023809199,0.5487804878048781,13,7,17,45,82,0,82,0.4024390243902439,0.23170731707317074
61574990103457,23,1,1,en,1,united states,1,15,8,65,23,65,1.893347702205386,0.35384615384615387,21,23,13,8,65,0,65,0.2,0.16923076923076924
61574990104175,42,1,1,it,1,italy,1,18,24,106,0,106,1.8424489808292757,0.37735849056603776,40,21,10,35,106,0,106,0.32075471698113206,0.3018867924528302
61574990494310,12,1,1,it,1,italy,1,10,2,31,0,31,1.9060572877172781,0.3548387096774194,10,5,5,11,31,0,31,0.2903225806451613,0.22580645161290322
61574990880521,5,1,1,en,1,united states,1,3,2,12,2,12,1.9591479170272448,0.3333333333333333,4,2,3,3,12,0,12,0.4166666666666667,0.25
61574991695405,26,1,1,en,1,india,1,19,7,74,58,74,1.5360417988657469,0.6216216216216216,46,12,6,10,74,0,74,0.20270270270270271,0.25675675675675674
61574992173271,18,1,1,en,1,united states,1,18,0,46,0,46,1.972007284217098,0.32608695652173914,10,12,9,15,46,0,46,0.41304347826086957,0.13043478260869565
61574992560566,26,1,1,hi,1,india,1,19,7,69,30,69,1.6844490083986772,0.463768115942029,32,10,4,23,69,0,69,0.4782608695652174,0.2463768115942029
61574992757840,6,1,1,hi,1,india,1,6,0,6,6,6,1.4591479170272446,0.5,3,0,2,1,6,0,6,0.3333333333333333,0.16666666666666666
61574992834078,30,1,1,fr,1,france,1,23,7,87,62,87,1.83537961381916,0.41379310344827586,16,9,26,36,87,0,87,0.4827586206896552,0.13793103448275862
61574993434152,1,1,1,en,1,united states,1,1,0,1,0,1,-0.0,1.0,0,0,0,1,1,0,1,1.0,0.0
61574994845337,24,1,1,en,1,india,1,18,6,64,0,64,1.5233292042478084,0.515625,33,4,4,23,64,0,64,0.15625,0.515625
61574995775252,14,1,1,en,1,india,1,11,3,35,35,35,1.3494997688488455,0.6,21,2,11,1,33,2,35,0.2,0.3142857142857143
61574996507842,25,1,1,hi,1,india,1,19,6,70,0,70,1.8672414641311754,0.44285714285714284,15,11,13,31,70,0,70,0.45714285714285713,0.15714285714285714
61574996550205,26,1,1,en,1,united states,1,19,7,68,57,68,1.734938983167812,0.5294117647058824,36,9,10,13,68,0,68,0.3382352941176471,0.25
61574996597830,49,1,1,it,1,italy,1,26,23,125,0,125,1.5522589940731304,0.512,40,64,18,3,125,0,125,0.192,0.256
61574996910322,16,1,1,en,1,united states,1,16,0,39,39,39,1.8333182396269883,0.38461538461538464,11,3,10,15,39,0,39,0.28205128205128205,0.28205128205128205
61574997227664,7,1,1,en,1,united states,1,7,0,7,0,7,1.4488156357251847,0.42857142857142855,3,0,1,3,7,0,7,0.2857142857142857,0.42857142857142855
61574997242939,9,1,1,en,1,india,1,9,0,15,0,15,1.8892464285091581,0.4,2,3,4,6,15,0,15,0.8,0.06666666666666667
61574997930238,61,1,1,en,1,united states,1,35,26,175,23,175,1.8798968519023274,0.41714285714285715,73,41,23,38,123,52,174,0.21264367816091953,0.3620689655172414
61574997963879,14,1,1,fr,1,france,1,10,4,47,0,47,1.7879331394010691,0.3829787234042553,16,10,3,18,46,1,47,0.3617021276595745,0.23404255319148937
61574998323875,24,1,1,fr,1,france,1,18,6,68,0,68,1.6591580331687035,0.5147058823529411,35,6,7,20,68,0,68,0.36764705882352944,0.27941176470588236
61574999357636,1,1,1,en,1,united states,1,1,0,4,0,4,1.0,0.5,2,2,0,0,4,0,4,0.0,0.5
61574999417406,30,1,1,hi,1,india,1,30,0,59,4,59,1.8630400926938413,0.423728813559322,7,14,13,25,59,0,59,0.5254237288135594,0.13559322033898305
61574999537806,11,1,1,hi,1,india,1,11,0,11,5,11,1.8585552118703144,0.45454545454545453,2,2,5,2,11,0,11,0.18181818181818182,0.18181818181818182
61574999640260,27,1,1,en,1,united states,1,23,4,75,62,75,1.8938760007857587,0.41333333333333333,16,17,11,31,75,0,75,0.28,0.21333333333333335
61574999644968,32,1,1,fr,1,france,1,22,10,92,0,92,1.4371629136285413,0.6630434782608695,61,14,10,7,92,0,92,0.15217391304347827,0.29347826086956524
61574999733878,3,1,1,it,1,italy,1,2,1,3,0,3,0.9182958340544896,0.6666666666666666,0,2,1,0,3,0,3,0.0,0.0
61574999765096,29,1,1,fr,1,france,1,22,7,78,52,78,1.7927734422936354,0.4230769230769231,33,10,9,26,78,0,78,0.34615384615384615,0.2948717948717949
61574999867383,12,1,1,en,1,united states,1,12,0,33,0,33,1.7664021705074442,0.42424242424242425,10,2,7,14,33,0,33,0.24242424242424243,0.3333333333333333
61575000107512,15,1,1,en,1,united states,1,15,0,40,0,40,1.9525093249150798,0.325,7,13,8,12,40,0,40,0.275,0.2
61575000797529,22,1,1,hi,1,india,1,16,6,58,12,58,1.941323311748569,0.3793103448275862,12,12,12,22,58,0,57,0.5964912280701754,0.10526315789473684
61575000809915,27,1,1,pt,1,brazil,1,19,8,73,2,73,1.891376185711557,0.3835616438356164,28,12,11,22,73,0,71,0.352112676056338,0.2535211267605634
61575000899895,19,1,1,en,1,united states,1,9,10,49,12,49,1.912537419452447,0.40816326530612246,20,10,9,10,49,0,49,0.1836734693877551,0.32653061224489793
61575001503649,28,1,1,en,1,united states,1,21,7,75,53,75,1.8261484071789076,0.4,30,14,7,24,75,0,75,0.17333333333333334,0.32
61575001534754,88,1,1,hi,1,india,1,25,63,221,0,221,1.8088246087450275,0.4796380090497738,106,45,28,42,221,0,221,0.33031674208144796,0.27149321266968324
61575001679910,121,1,1,en,1,india,1,54,67,305,0,305,1.9661898113516874,0.32131147540983607,98,64,57,86,304,1,304,0.2532894736842105,0.28618421052631576
61575001774953,29,1,1,it,1,italy,1,21,8,78,0,78,1.9194398664149537,0.3974358974358974,31,18,15,14,78,0,77,0.2727272727272727,0.16883116883116883
61575002314937,25,1,1,en,1,india,1,18,7,72,28,72,1.8197504519973258,0.4722222222222222,34,16,10,12,72,0,72,0.2777777777777778,0.3194444444444444
61575002403660,21,1,1,pt,1,brazil,1,6,15,53,34,53,1.8310342915044187,0.4716981132075472,25,10,8,10,53,0,53,0.41509433962264153,0.2830188679245283
61575002477902,23,1,1,hi,1,india,1,17,6,58,42,58,1.753096255716767,0.4482758620689655,26,6,7,19,57,1,55,0.5454545454545454,0.21818181818181817
61575002687495,1,1,1,en,1,india,1,1,0,1,1,1,-0.0,1.0,0,0,1,0,1,0,1,1.0,0.0
61575002987353,1,1,1,en,1,united states,1,1,0,4,0,4,2.0,0.25,1,1,1,1,4,0,4,0.25,0.0
61575003004721,25,1,1,fr,1,france,1,17,8,71,71,71,1.3855407014860421,0.6338028169014085,45,13,1,12,71,0,71,0.18309859154929578,0.49295774647887325
61575003453521,29,1,1,it,1,italy,1,22,7,80,29,80,1.991854131311593,0.2875,17,20,20,23,80,0,80,0.3375,0.2875
61575003543784,61,1,1,it,1,italy,1,20,41,154,0,154,1.983026509391642,0.3051948051948052,47,32,41,34,154,0,154,0.24675324675324675,0.2662337662337662
61575003572712,11,1,1,hi,1,india,1,11,0,35,0,35,1.854901333112744,0.42857142857142855,15,8,4,8,35,0,33,0.42424242424242425,0.18181818181818182
61575003934835,24,1,1,it,1,italy,1,16,8,63,31,63,1.8969059599277003,0.36507936507936506,23,9,11,20,63,0,63,0.3333333333333333,0.30158730158730157
61575004409946,37,1,1,en,1,united states,1,31,6,100,85,100,1.7172338717902005,0.43,43,11,9,37,100,0,100,0.26,0.3
61575005164655,25,1,1,it,1,italy,1,18,7,65,58,65,1.6849846791161198,0.49230769230769234,32,10,4,19,65,0,65,0.4,0.2923076923076923
61575005252655,20,1,1,en,1,united states,1,16,4,30,0,30,1.965596230357602,0.3333333333333333,6,8,10,6,30,0,30,0.26666666666666666,0.06666666666666667
61575005447655,26,1,1,hi,1,india,1,20,6,66,0,66,1.9244085947013394,0.3787878787878788,25,15,10,16,66,0,66,0.24242424242424243,0.21212121212121213
61575005582648,26,1,1,en,1,united states,1,20,6,74,15,74,1.9305148899647704,0.35135135135135137,26,12,14,22,74,0,74,0.22972972972972974,0.43243243243243246
61575005853006,28,1,1,it,1,italy,1,21,7,75,68,75,1.9869608142719166,0.28,21,15,18,21,75,0,75,0.26666666666666666,0.2
61575006329871,8,1,1,en,1,united states,1,8,0,21,0,21,1.6464417904241373,0.5238095238095238,11,4,1,5,21,0,21,0.23809523809523808,0.23809523809523808
61575006479915,1,1,1,hi,1,india,1,0,1,3,0,3,1.584962500721156,0.3333333333333333,1,1,1,0,3,0,3,0.3333333333333333,0.6666666666666666
61575006539991,28,1,1,en,1,united states,1,20,8,75,75,75,1.5951417580887186,0.4666666666666667,35,6,5,29,75,0,75,0.28,0.4266666666666667
61575006754716,21,1,1,it,1,italy,1,14,7,57,23,57,1.7392697946423372,0.43859649122807015,25,9,4,19,57,0,57,0.42105263157894735,0.19298245614035087
61575007354364,26,1,1,en,1,india,1,20,6,73,9,73,1.7811843192569805,0.3972602739726027,29,19,4,21,73,0,73,0.1643835616438356,0.3150684931506849
61575008819859,27,1,1,en,1,united states,1,20,7,76,49,76,1.7027566483756251,0.39473684210526316,30,4,12,30,76,0,76,0.2236842105263158,0.4342105263157895
61575009136623,11,1,1,en,1,united states,1,4,7,30,0,30,1.7149245934610597,0.36666666666666664,1,7,11,11,30,0,30,0.4,0.06666666666666667
61575009257243,12,1,1,en,1,united states,1,10,2,23,0,23,1.8097238785956844,0.4782608695652174,5,3,4,11,23,0,23,0.2608695652173913,0.30434782608695654
61575010292520,24,1,1,en,1,united states,1,20,4,64,41,64,1.7478299778501722,0.375,23,3,14,24,64,0,64,0.34375,0.3125
61575010292556,4,1,1,hi,1,india,1,2,2,4,4,4,2.0,0.25,1,1,1,1,4,0,4,0.25,0.0
61575010937205,10,1,1,hi,1,india,1,10,0,11,3,11,1.6858157091530304,0.5454545454545454,2,2,1,6,11,0,11,0.36363636363636365,0.36363636363636365
61575011283063,22,1,1,it,1,italy,1,14,8,59,0,59,1.8843971387690477,0.3559322033898305,21,10,8,20,59,0,59,0.288135593220339,0.13559322033898305
61575011999356,24,1,1,en,1,united states,1,21,3,87,0,87,1.9660482358555564,0.3218390804597701,28,23,15,21,87,0,87,0.25287356321839083,0.40229885057471265
61575012089575,3,1,1,en,1,united states,1,0,3,6,0,6,1.2516291673878228,0.6666666666666666,1,4,0,1,6,0,6,0.3333333333333333,0.3333333333333333
61575012302860,1,1,1,pt,1,brazil,1,1,0,3,0,3,-0.0,1.0,0,0,0,3,3,0,3,0.6666666666666666,0.0
61575012632343,30,1,1,pt,1,brazil,1,20,10,79,0,79,1.912440062765174,0.34177215189873417,14,26,12,27,79,0,78,0.38461538461538464,0.2564102564102564
61575013019611,29,1,1,en,1,india,1,24,5,79,54,79,1.5765747275564952,0.46835443037974683,37,6,5,31,79,0,79,0.25316455696202533,0.379746835443038
61575013426758,6,1,1,en,1,united states,1,6,0,6,0,6,1.7924812503605778,0.5,1,3,1,1,6,0,6,0.0,0.16666666666666666
61575013502873,21,1,1,it,1,italy,1,15,6,58,58,58,1.7270121063075357,0.43103448275862066,25,7,5,21,58,0,58,0.29310344827586204,0.25862068965517243
61575014103022,31,1,1,en,1,india,1,22,9,84,11,84,1.8752851177723076,0.38095238095238093,26,16,10,32,84,0,84,0.2976190476190476,0.23809523809523808
61575014133073,30,1,1,pt,1,brazil,1,22,8,82,82,82,1.8607997786504191,0.3902439024390244,26,14,10,32,82,0,82,0.32926829268292684,0.24390243902439024
61575014612951,25,1,1,it,1,italy,1,16,9,77,6,77,1.5872968321770409,0.5714285714285714,44,13,16,4,77,0,77,0.15584415584415584,0.2727272727272727
61575014824224,6,1,1,it,1,italy,1,0,6,18,0,18,1.633731420642133,0.4444444444444444,8,7,1,2,18,0,18,0.2777777777777778,0.3333333333333333
61575015123109,98,1,1,fr,1,france,1,84,14,242,0,242,1.9028750389783544,0.3884297520661157,68,39,41,94,241,1,242,0.38016528925619836,0.25206611570247933
61575015706813,29,1,1,hi,1,india,1,22,7,74,74,74,1.700882488339479,0.5135135135135135,38,16,5,15,74,0,74,0.35135135135135137,0.16216216216216217
61575015827044,1,1,1,en,1,united states,1,1,0,2,0,2,-0.0,1.0,0,2,0,0,2,0,2,0.0,0.0
61575015869244,5,1,1,en,1,united states,1,2,3,17,6,17,1.383099991189334,0.5882352941176471,10,4,0,3,17,0,17,0.11764705882352941,0.17647058823529413
61575016052070,28,1,1,en,1,united states,1,21,7,79,27,79,1.7908531032961559,0.4430379746835443,35,14,7,23,79,0,79,0.20253164556962025,0.35443037974683544
61575016472925,23,1,1,pt,1,brazil,1,19,4,64,0,64,1.9480191162672789,0.34375,22,16,10,16,64,0,63,0.38095238095238093,0.1111111111111111
61575016624046,8,1,1,pt,1,brazil,1,4,4,28,12,28,1.9017032636186308,0.35714285714285715,9,4,5,10,28,0,27,0.4444444444444444,0.14814814814814814
61575016892037,17,1,1,en,1,united states,1,10,7,41,8,41,1.8427784354513959,0.3902439024390244,4,13,8,16,41,0,41,0.2926829268292683,0.24390243902439024
61575017162875,13,1,1,hi,1,india,1,7,6,38,0,38,1.799233010533244,0.4473684210526316,17,6,4,11,38,0,37,0.40540540540540543,0.40540540540540543
61575017314037,25,1,1,en,1,india,1,20,5,70,0,70,1.9755868701867934,0.3142857142857143,22,18,13,17,69,1,70,0.3,0.2714285714285714
61575017699118,2,1,1,en,1,united states,1,2,0,6,0,6,1.7924812503605778,0.5,1,3,1,1,6,0,6,0.3333333333333333,0.16666666666666666
61575017759285,27,1,1,en,1,united states,1,20,7,73,73,73,1.9890983405616893,0.3013698630136986,18,17,22,16,73,0,73,0.1506849315068493,0.2876712328767123
61575017822158,17,1,1,en,1,united states,1,16,1,45,18,45,1.8688943924877088,0.4222222222222222,7,7,12,19,45,0,45,0.26666666666666666,0.3333333333333333
61575018269201,28,1,1,en,1,united states,1,22,6,77,51,77,1.8134198047323609,0.4805194805194805,37,13,11,16,77,0,77,0.4155844155844156,0.16883116883116883
61575018602707,47,1,1,pt,1,brazil,1,41,6,117,76,117,1.8920305133001794,0.3418803418803419,40,22,15,40,117,0,117,0.3076923076923077,0.27350427350427353
61575018784121,7,1,1,it,1,italy,1,4,3,20,0,20,1.903701696057348,0.4,3,8,4,5,20,0,20,0.35,0.2
61575018901950,24,1,1,fr,1,france,1,20,4,68,0,68,1.8999219657582862,0.3382352941176471,22,23,8,15,67,1,68,0.25,0.22058823529411764
61575019006784,1,1,1,en,1,united states,1,1,0,1,0,1,-0.0,1.0,0,0,0,1,1,0,1,1.0,0.0
61575019532593,7,1,1,fr,1,france,1,7,0,22,0,22,1.9362600275315274,0.36363636363636365,4,6,4,8,22,0,22,0.36363636363636365,0.18181818181818182
61575019682654,18,1,1,it,1,italy,1,12,6,49,49,49,1.9625603781945962,0.30612244897959184,15,10,9,15,49,0,49,0.32653061224489793,0.16326530612244897
61575019756700,30,1,1,pt,1,brazil,1,20,10,81,0,81,1.9113669011479884,0.38271604938271603,22,16,12,31,81,0,81,0.4074074074074074,0.18518518518518517
61575019828965,10,1,1,en,1,united states,1,0,10,30,0,30,1.8774682879978282,0.36666666666666664,10,11,4,5,30,0,30,0.26666666666666666,0.36666666666666664
61575020206369,31,1,1,en,1,india,1,23,8,86,64,86,1.6082332168759457,0.5813953488372093,50,17,12,7,85,1,86,0.18604651162790697,0.3953488372093023
61575021212595,19,1,1,pt,1,brazil,1,12,7,59,5,59,1.6887728161338296,0.4406779661016949,26,6,5,22,59,0,59,0.3050847457627119,0.3220338983050847
61575021496566,26,1,1,hi,1,india,1,18,8,70,0,70,1.952141455610898,0.3142857142857143,21,22,11,16,70,0,70,0.34285714285714286,0.2
61575021542608,18,1,1,pt,1,brazil,1,15,3,18,0,18,0.9182958340544896,0.6666666666666666,12,6,0,0,18,0,18,0.0,0.5
61575021691845,29,1,1,en,1,united states,1,21,8,78,36,78,1.98237287398292,0.2948717948717949,17,23,16,22,78,0,78,0.21794871794871795,0.41025641025641024
61575022292025,30,1,1,en,1,united states,1,23,7,84,84,84,1.9109162257718815,0.35714285714285715,16,26,12,30,84,0,84,0.32142857142857145,0.2976190476190476
61575022726666,15,1,1,en,1,united states,1,15,0,40,0,40,1.5894224712336675,0.6,24,5,4,7,40,0,40,0.225,0.325
61575022876324,19,1,1,hi,1,india,1,19,0,53,53,53,1.7588317763723889,0.4339622641509434,18,5,7,23,52,1,50,0.5,0.16
61575023402627,13,1,1,fr,1,france,1,13,0,14,0,14,1.863120568566631,0.35714285714285715,5,2,2,5,14,0,14,0.42857142857142855,0.35714285714285715
61575023446404,4,1,1,en,1,united states,1,4,0,16,0,16,1.3663146570363986,0.5625,9,5,2,0,16,0,16,0.125,0.3125
61575024032269,22,1,1,pt,1,brazil,1,15,7,57,33,57,1.7201079492416835,0.49122807017543857,15,10,4,28,57,0,56,0.4642857142857143,0.26785714285714285
61575024602457,54,1,1,hi,1,india,1,13,41,153,0,153,1.6907561229036683,0.5424836601307189,83,29,27,14,153,0,153,0.22875816993464052,0.32679738562091504
61575024899211,28,1,1,en,1,india,1,21,7,74,0,74,1.8283304437265642,0.40540540540540543,7,14,23,30,74,0,74,0.40540540540540543,0.20270270270270271
61575024946334,28,1,1,hi,1,india,1,21,7,78,48,78,1.8188061440121905,0.4358974358974359,7,18,19,34,78,0,78,0.5384615384615384,0.14102564102564102
61575025023617,32,1,1,pt,1,brazil,1,29,3,89,24,89,1.7062932995425806,0.4943820224719101,26,11,8,44,89,0,89,0.42696629213483145,0.20224719101123595
61575025108897,21,1,1,en,1,india,1,21,0,21,0,21,1.4012343792962179,0.6666666666666666,3,14,3,1,21,0,21,0.19047619047619047,0.09523809523809523
61575025261491,29,1,1,en,1,united states,1,22,7,79,79,79,1.8129204668521286,0.4810126582278481,38,14,16,11,79,0,79,0.2911392405063291,0.27848101265822783
61575025306519,29,1,1,hi,1,india,1,22,7,76,40,76,1.7488713164032421,0.4473684210526316,34,14,5,23,76,0,75,0.49333333333333335,0.28
61575025996296,29,1,1,en,1,united states,1,23,6,81,0,81,1.5361951114351062,0.6296296296296297,51,9,10,11,81,0,81,0.2716049382716049,0.18518518518518517
61575026161546,23,1,1,en,1,india,1,18,5,59,0,59,1.9634418186311937,0.3220338983050847,19,10,14,16,59,0,59,0.288135593220339,0.3559322033898305
61575026553769,31,1,1,en,1,india,1,23,8,84,62,84,1.8588121649805904,0.4523809523809524,38,15,17,14,84,0,84,0.2261904761904762,0.23809523809523808
61575026908562,30,1,1,en,1,united states,1,22,8,81,65,81,1.9246694578726578,0.35802469135802467,24,29,13,15,81,0,81,0.1728395061728395,0.2839506172839506
61575027123549,24,1,1,en,1,india,1,17,7,64,0,64,1.7580498782370722,0.453125,29,16,4,15,64,0,64,0.21875,0.296875
61575027268639,30,1,1,en,1,united states,1,22,8,78,12,78,1.7955426574975277,0.4358974358974359,17,6,21,34,78,0,78,0.44871794871794873,0.1794871794871795
61575027298560,45,1,1,en,1,india,1,35,10,127,74,127,1.6195999064487232,0.5039370078740157,64,17,6,40,121,6,127,0.2992125984251969,0.2992125984251969
61575027361469,10,1,1,it,1,italy,1,0,10,21,0,21,1.746435384238893,0.5238095238095238,11,3,4,3,21,0,21,0.09523809523809523,0.42857142857142855
61575027451341,28,1,1,en,1,united states,1,21,7,78,38,78,1.6837814732194107,0.44871794871794873,27,4,12,35,78,0,78,0.2692307692307692,0.2692307692307692
61575028442180,16,1,1,fr,1,france,1,11,5,52,0,52,1.9483286172942187,0.3269230769230769,8,15,12,17,52,0,52,0.36538461538461536,0.23076923076923078
61575028591581,38,1,1,en,1,united states,1,31,7,102,20,102,1.9070195482772017,0.3627450980392157,37,14,20,31,102,0,102,0.3235294117647059,0.19607843137254902
61575028711256,25,1,1,fr,1,france,1,16,9,66,0,66,1.849329388128587,0.4090909090909091,20,11,8,27,66,0,66,0.4393939393939394,0.24242424242424243
61575030062083,4,1,1,pt,1,brazil,1,4,0,8,0,8,1.9056390622295665,0.375,2,1,3,2,8,0,8,0.625,0.125
61575030063337,25,1,1,fr,1,france,1,18,7,68,68,68,1.300169895054995,0.6911764705882353,47,13,5,3,68,0,68,0.16176470588235295,0.39705882352941174
61575030406021,29,1,1,hi,1,india,1,22,7,78,21,78,1.5119424733460396,0.47435897435897434,37,8,2,31,78,0,77,0.4935064935064935,0.18181818181818182
61575030584417,28,1,1,hi,1,india,1,20,8,75,27,75,1.7053277780918312,0.44,33,16,3,23,75,0,75,0.49333333333333335,0.14666666666666667
61575030931557,26,1,1,en,1,united states,1,20,6,73,73,73,1.8598177949745962,0.4520547945205479,33,14,12,14,73,0,73,0.2876712328767123,0.2191780821917808
61575031471293,11,1,1,en,1,united states,1,11,0,34,0,34,1.9357417972482365,0.35294117647058826,12,8,9,5,33,1,34,0.20588235294117646,0.23529411764705882
61575031771268,29,1,1,fr,1,france,1,21,8,82,0,82,1.7670931770159224,0.4634146341463415,38,14,7,23,82,0,82,0.2682926829268293,0.2682926829268293
61575031888377,1,1,1,en,1,united states,1,1,0,2,0,2,1.0,0.5,1,0,1,0,2,0,2,0.5,0.5
61575031995934,23,1,1,hi,1,india,1,23,0,60,60,60,1.8915014885048587,0.36666666666666664,18,13,7,22,59,1,60,0.45,0.11666666666666667
61575033991993,55,1,1,it,1,italy,1,43,12,139,0,139,1.767848834485536,0.38848920863309355,54,20,12,53,139,0,139,0.4172661870503597,0.17985611510791366
61575034022089,68,1,1,it,1,italy,1,60,8,160,0,160,1.8581552628644835,0.4125,66,32,18,44,160,0,160,0.3375,0.2875
61575034833207,22,1,1,fr,1,france,1,20,2,57,0,57,1.8269142938919645,0.3684210526315789,20,5,11,21,57,0,57,0.3333333333333333,0.2807017543859649
61575035761122,24,1,1,en,1,india,1,18,6,62,15,62,1.9501997936563944,0.3387096774193548,21,14,17,10,62,0,62,0.3225806451612903,0.1935483870967742
61575035761920,27,1,1,it,1,italy,1,20,7,70,35,70,1.9206244478549284,0.32857142857142857,23,14,10,23,70,0,70,0.2714285714285714,0.35714285714285715
61575036301861,27,1,1,it,1,italy,1,21,6,74,0,74,1.3542361522694362,0.6351351351351351,47,19,6,2,74,0,73,0.1780821917808219,0.2328767123287671
61575036330853,28,1,1,en,1,india,1,20,8,76,62,76,1.9627112684999992,0.3026315789473684,17,13,23,23,76,0,76,0.4342105263157895,0.21052631578947367
61575036691879,24,1,1,fr,1,france,1,16,8,63,0,63,1.9175212048318049,0.38095238095238093,24,10,12,17,63,0,63,0.3968253968253968,0.19047619047619047
61575037263146,27,1,1,fr,1,france,1,20,7,75,75,75,1.9812091688633195,0.30666666666666664,17,23,15,20,75,0,75,0.32,0.21333333333333335
61575037651046,25,1,1,en,1,united states,1,19,6,70,59,70,1.7795105642971873,0.4142857142857143,29,11,6,24,70,0,70,0.2714285714285714,0.2571428571428571
61575037923063,26,1,1,en,1,india,1,19,7,74,52,74,1.5786119554063816,0.6081081081081081,45,8,9,12,72,2,74,0.36486486486486486,0.2702702702702703
61575038341824,25,1,1,it,1,italy,1,17,8,67,67,67,1.6635500780325345,0.5671641791044776,38,9,8,12,67,0,66,0.25757575757575757,0.2727272727272727
61575038403062,27,1,1,fr,1,france,1,20,7,67,16,67,1.8325694976348175,0.43283582089552236,19,11,8,29,67,0,67,0.3582089552238806,0.16417910447761194
61575038521879,15,1,1,it,1,italy,1,5,10,30,0,30,1.8190558839813515,0.43333333333333335,13,4,4,9,30,0,30,0.4,0.16666666666666666
61575038608217,30,1,1,en,1,india,1,23,7,54,13,54,1.7202039167527783,0.5185185185185185,28,13,6,7,54,0,54,0.2222222222222222,0.18518518518518517
61575038821094,29,1,1,en,1,united states,1,21,8,79,79,79,1.819149540915037,0.43037974683544306,34,11,10,24,79,0,79,0.27848101265822783,0.2911392405063291
61575039211521,10,1,1,pt,1,brazil,1,10,0,19,0,19,1.5090275125326515,0.47368421052631576,6,0,4,9,19,0,19,0.47368421052631576,0.2631578947368421
61575039255404,13,1,1,hi,1,india,1,13,0,39,39,39,1.6708410160230676,0.5128205128205128,20,2,9,8,39,0,38,0.5526315789473685,0.13157894736842105
61575039781543,31,1,1,pt,1,brazil,1,17,14,70,0,70,1.8670105312761966,0.37142857142857144,26,8,13,23,69,1,69,0.4782608695652174,0.2463768115942029
61575039795456,28,1,1,hi,1,india,1,21,7,70,16,70,1.7721661604211756,0.4,26,9,7,28,70,0,70,0.5285714285714286,0.14285714285714285
61575039871610,30,1,1,fr,1,france,1,30,0,30,0,30,1.8278779675310317,0.43333333333333335,3,6,8,13,29,1,30,0.26666666666666666,0.2
61575040080892,58,1,1,it,1,italy,1,42,16,157,0,157,1.8961734257508902,0.3885350318471338,61,28,23,45,157,0,157,0.3503184713375796,0.2802547770700637
61575040950775,29,1,1,en,1,united states,1,21,8,78,23,78,1.8700828644631367,0.4230769230769231,33,16,10,19,77,1,78,0.20512820512820512,0.19230769230769232
61575041217922,28,1,1,en,1,united states,1,22,6,70,70,70,1.7682328518745627,0.5,35,10,16,9,70,0,69,0.30434782608695654,0.18840579710144928
61575041521718,18,1,1,pt,1,brazil,1,15,3,47,0,47,1.6694846344779348,0.5319148936170213,9,10,3,25,46,1,46,0.34782608695652173,0.2608695652173913
61575042373949,53,1,1,hi,1,india,1,40,13,144,78,144,1.887775931843475,0.3541666666666667,51,22,22,49,143,1,144,0.5486111111111112,0.1388888888888889
61575043185325,26,1,1,en,1,india,1,19,7,74,74,74,1.938111145309577,0.3108108108108108,23,19,10,22,73,1,74,0.24324324324324326,0.2702702702702703
61575043677622,85,1,1,en,1,united states,1,14,71,216,0,216,1.3790604632188108,0.6157407407407407,133,55,25,3,216,0,216,0.10648148148148148,0.4583333333333333
61575043801409,27,1,1,hi,1,india,1,21,6,73,71,73,1.8768318984136576,0.3424657534246575,23,18,7,25,73,0,73,0.3835616438356164,0.1780821917808219
61575043892770,20,1,1,it,1,italy,1,20,0,54,0,54,1.8851118186314675,0.37037037037037035,16,6,12,20,54,0,54,0.5,0.14814814814814814
61575044432669,8,1,1,fr,1,france,1,2,6,22,0,22,1.9698452580387982,0.3181818181818182,7,4,6,5,22,0,22,0.45454545454545453,0.18181818181818182
61575044985283,25,1,1,hi,1,india,1,22,3,69,69,69,1.9105524581197644,0.36231884057971014,21,10,13,25,69,0,67,0.5223880597014925,0.1044776119402985
61575045237644,140,1,1,hi,1,india,1,64,76,332,18,332,1.6694652134671037,0.5210843373493976,173,51,22,86,331,1,330,0.3181818181818182,0.2727272727272727
61575045361247,2,1,1,fr,1,france,1,0,2,4,0,4,1.0,0.5,2,0,2,0,4,0,4,0.25,0.25
61575045451300,8,1,1,pt,1,brazil,1,8,0,16,0,16,1.7489992230622806,0.4375,5,1,3,7,15,1,16,0.4375,0.3125
61575045675245,28,1,1,en,1,united states,1,21,7,77,77,77,1.702931566934137,0.5324675324675324,41,16,13,7,77,0,77,0.18181818181818182,0.2597402597402597
61575046350558,33,1,1,en,1,united states,1,28,5,91,66,91,1.6417422580869179,0.5824175824175825,53,12,13,13,90,1,91,0.2087912087912088,0.31868131868131866
61575046500552,29,1,1,en,1,united states,1,22,7,82,60,82,1.7974358141849174,0.4024390243902439,29,11,9,33,82,0,82,0.2926829268292683,0.36585365853658536
61575046887816,4,1,1,en,1,united states,1,4,0,15,0,15,1.6894822670191825,0.4666666666666667,7,1,2,5,15,0,15,0.3333333333333333,0.3333333333333333
61575047071332,1,1,1,hi,1,india,1,0,1,2,0,2,1.0,0.5,1,1,0,0,2,0,2,0.5,0.5
61575047221353,27,1,1,it,1,italy,1,19,8,72,72,72,1.8464294976419753,0.4305555555555556,20,11,10,31,72,0,70,0.4142857142857143,0.18571428571428572
61575048301295,29,1,1,pt,1,brazil,1,22,7,77,69,77,1.834204382744692,0.45454545454545453,35,12,11,19,77,0,77,0.2987012987012987,0.2857142857142857
61575048421274,2,1,1,pt,1,brazil,1,2,0,2,0,2,-0.0,1.0,0,0,0,2,2,0,2,0.5,0.5
61575049142560,131,1,1,en,1,india,1,81,50,416,78,416,1.6904287055106462,0.5456730769230769,227,74,40,75,414,2,416,0.16346153846153846,0.40865384615384615
61575049741188,17,1,1,fr,1,france,1,16,1,41,0,41,1.943551922377509,0.34146341463414637,14,8,7,12,41,0,41,0.4146341463414634,0.1951219512195122
61575049831217,48,1,1,pt,1,brazil,1,19,29,108,30,108,1.9887368766885396,0.2962962962962963,25,32,23,28,107,1,107,0.2897196261682243,0.2336448598130841
61575050491098,39,1,1,it,1,italy,1,23,16,119,0,119,1.9309902161894594,0.3697478991596639,44,20,23,32,119,0,118,0.4067796610169492,0.1864406779661017
61575051030996,23,1,1,en,1,united states,1,17,6,69,51,69,1.7737221619464099,0.42028985507246375,24,7,9,29,69,0,69,0.2028985507246377,0.36231884057971014
61575051032223,27,1,1,it,1,italy,1,19,8,73,73,73,1.9019327083735562,0.410958904109589,17,12,14,30,73,0,72,0.4583333333333333,0.19444444444444445
61575051151020,4,1,1,pt,1,brazil,1,4,0,8,0,8,1.9056390622295665,0.375,1,2,2,3,8,0,8,0.625,0.125
61575051315179,17,1,1,hi,1,india,1,17,0,38,38,38,1.7893506196219917,0.42105263157894735,12,7,3,16,38,0,38,0.42105263157894735,0.2894736842105263
61575051344844,2,1,1,en,1,united states,1,2,0,8,0,8,1.75,0.5,2,1,1,4,8,0,8,0.5,0.0
61575051841154,25,1,1,it,1,italy,1,18,7,64,46,64,1.8930238434299467,0.40625,16,13,9,26,64,0,64,0.375,0.171875
61575052321025,28,1,1,fr,1,france,1,20,8,76,0,76,1.8933509987520158,0.40789473684210525,31,15,11,19,76,0,76,0.35526315789473684,0.19736842105263158
61575052409614,30,1,1,en,1,united states,1,23,7,83,83,83,1.9051233296747274,0.3855421686746988,32,19,21,11,83,0,83,0.37349397590361444,0.1566265060240964
61575052436867,24,1,1,en,1,united states,1,17,7,61,0,61,1.3840591718591329,0.6557377049180327,40,3,5,13,61,0,61,0.26229508196721313,0.2786885245901639
61575052441638,25,1,1,en,1,united states,1,21,4,66,63,66,1.9412417118157983,0.3787878787878788,25,13,14,14,66,0,66,0.19696969696969696,0.2878787878787879
61575052695262,29,1,1,en,1,india,1,21,8,82,30,82,1.7698555962638105,0.4878048780487805,19,8,15,40,82,0,82,0.3902439024390244,0.3170731707317073
61575052742145,22,1,1,it,1,italy,1,18,4,52,0,52,1.9304169349797038,0.38461538461538464,20,9,12,11,52,0,51,0.29411764705882354,0.29411764705882354
61575053100909,25,1,1,hi,1,india,1,18,7,65,41,65,1.6029646447486865,0.49230769230769234,32,5,5,23,65,0,64,0.328125,0.234375
61575053672371,9,1,1,en,1,india,1,9,0,19,0,19,1.3235315761100483,0.5789473684210527,6,0,2,11,19,0,19,0.05263157894736842,0.2631578947368421
61575053907477,28,1,1,en,1,india,1,23,5,74,0,74,1.685624092757251,0.5,19,14,4,37,73,1,74,0.25675675675675674,0.35135135135135137
61575054571119,10,1,1,en,1,united states,1,8,2,21,0,21,1.8735625185129938,0.42857142857142855,9,5,3,4,21,0,21,0.3333333333333333,0.19047619047619047
61575054840889,44,1,1,hi,1,india,1,37,7,127,81,127,1.8671808156352805,0.3937007874015748,50,22,16,39,127,0,126,0.4365079365079365,0.19047619047619047
61575055740877,25,1,1,fr,1,france,1,20,5,71,0,71,1.8948236966102359,0.4084507042253521,29,13,11,18,71,0,71,0.3380281690140845,0.23943661971830985
61575055844802,43,1,1,en,1,united states,1,29,14,43,0,43,1.9566534914291402,0.32558139534883723,14,12,7,10,43,0,43,0.20930232558139536,0.3023255813953488
61575055887323,3,1,1,en,1,united states,1,3,0,9,9,9,1.8910611120726526,0.3333333333333333,2,3,1,3,9,0,9,0.3333333333333333,0.5555555555555556
61575055982050,3,1,1,en,1,united states,1,3,0,9,9,9,1.7527152789797047,0.4444444444444444,1,1,3,4,9,0,9,0.4444444444444444,0.2222222222222222
61575056234975,5,1,1,hi,1,india,1,1,4,14,1,14,1.0892300788425848,0.7857142857142857,11,1,1,1,14,0,14,0.2857142857142857,0.35714285714285715
61575056492109,57,1,1,it,1,italy,1,57,0,57,0,57,1.9920851395754766,0.2807017543859649,12,14,15,16,56,1,57,0.3684210526315789,0.08771929824561403
61575056520905,13,1,1,en,1,united states,1,13,0,29,0,29,1.6092568775908622,0.5172413793103449,5,8,1,15,29,0,29,0.2413793103448276,0.27586206896551724
61575056637344,42,1,1,en,1,united states,1,23,19,106,106,106,1.9117160288776018,0.4056603773584906,43,19,20,24,106,0,106,0.2641509433962264,0.24528301886792453
61575056760708,32,1,1,hi,1,india,1,21,11,89,38,89,1.807577414258855,0.47191011235955055,42,19,10,18,88,1,89,0.39325842696629215,0.21348314606741572
61575057134662,14,1,1,en,1,united states,1,14,0,37,0,37,1.7832079381586783,0.4594594594594595,17,3,9,8,37,0,37,0.3783783783783784,0.21621621621621623
61575057779980,25,1,1,en,1,united states,1,18,7,70,70,70,1.8084368924123586,0.45714285714285713,32,9,10,19,70,0,70,0.38571428571428573,0.3
61575057854744,4,1,1,en,1,united states,1,2,2,12,0,12,1.7295739585136223,0.5,3,2,1,6,12,0,12,0.25,0.4166666666666667
61575058034388,6,1,1,en,1,united states,1,2,4,12,0,12,0.41381685030363374,0.9166666666666666,11,0,1,0,12,0,12,0.16666666666666666,0.4166666666666667
61575058064722,27,1,1,en,1,india,1,20,7,73,33,73,1.6658965407981796,0.5342465753424658,39,12,5,17,73,0,73,0.2328767123287671,0.2191780821917808
61575059161870,18,1,1,it,1,italy,1,18,0,50,12,50,1.893960366635926,0.38,7,9,19,15,50,0,50,0.44,0.1
61575059787159,23,1,1,en,1,united states,1,17,6,23,8,23,1.633551333777253,0.5652173913043478,13,3,2,5,23,0,23,0.2608695652173913,0.30434782608695654
61575059909980,2,1,1,en,1,united states,1,2,0,6,6,6,1.584962500721156,0.3333333333333333,2,0,2,2,6,0,6,0.5,0.16666666666666666
61575060134525,1,1,1,en,1,united states,1,1,0,4,0,4,0.8112781244591328,0.75,0,0,1,3,4,0,4,0.5,0.0
61575060224730,1,1,1,en,1,united states,1,1,0,2,0,2,1.0,0.5,0,0,1,1,2,0,2,0.5,0.5
61575060960691,27,1,1,pt,1,brazil,1,19,8,69,47,69,1.9801821889996716,0.30434782608695654,21,14,15,19,69,0,69,0.2898550724637681,0.2028985507246377
61575061077037,19,1,1,hi,1,india,1,18,1,52,0,52,1.7264900297309522,0.46153846153846156,24,6,5,17,52,0,52,0.5,0.1346153846153846
61575061559762,29,1,1,en,1,india,1,21,8,78,62,78,1.466571762557876,0.6282051282051282,17,7,5,49,78,0,78,0.358974358974359,0.38461538461538464
61575061680510,17,1,1,it,1,italy,1,13,4,54,0,54,1.93266695969338,0.3888888888888889,11,11,11,21,54,0,54,0.3333333333333333,0.35185185185185186
61575062519607,48,1,1,en,1,india,1,26,22,128,0,128,1.6645623677265717,0.4375,49,15,8,56,128,0,128,0.328125,0.2421875
61575062566013,28,1,1,en,1,india,1,22,6,76,30,76,1.9703363297734857,0.3026315789473684,23,19,21,13,76,0,76,0.3157894736842105,0.17105263157894737
61575063570467,31,1,1,pt,1,brazil,1,21,10,86,86,86,1.9068330866745542,0.36046511627906974,31,15,13,27,86,0,86,0.36046511627906974,0.26744186046511625
61575063630602,14,1,1,fr,1,france,1,9,5,27,0,27,1.6577427265048887,0.5555555555555556,15,3,3,6,27,0,27,0.3333333333333333,0.07407407407407407
61575063781469,22,1,1,hi,1,india,1,14,8,59,59,59,1.9259416299277818,0.3559322033898305,21,8,15,15,59,0,59,0.423728813559322,0.22033898305084745
61575064826619,26,1,1,en,1,india,1,19,7,75,75,75,1.4018487119125898,0.68,51,8,10,6,75,0,75,0.16,0.32
61575065535942,30,1,1,fr,1,france,1,23,7,80,80,80,1.902323884849567,0.375,30,12,14,24,80,0,80,0.2625,0.2875
61575065580212,35,1,1,it,1,italy,1,1,34,74,0,74,1.6215733823279566,0.581081081081081,43,14,7,10,74,0,74,0.22972972972972974,0.33783783783783783
61575065846600,31,1,1,en,1,united states,1,23,8,85,29,85,1.9339770038158297,0.35294117647058826,30,18,13,24,85,0,85,0.27058823529411763,0.3058823529411765
61575066026615,25,1,1,en,1,united states,1,19,6,66,21,66,1.835404762269849,0.4696969696969697,31,13,11,11,66,0,66,0.2727272727272727,0.25757575757575757
61575066764308,5,1,1,en,1,united states,1,5,0,10,0,10,1.6854752972273346,0.5,3,1,1,5,10,0,10,0.4,0.4
61575067409540,1,1,1,en,1,united states,1,1,0,2,2,2,1.0,0.5,1,0,1,0,2,0,2,0.0,0.5
61575067680107,3,1,1,it,1,italy,1,1,2,11,0,11,1.6171895725927152,0.5454545454545454,3,6,1,1,11,0,11,0.09090909090909091,0.36363636363636365
61575067740289,4,1,1,pt,1,brazil,1,0,4,8,8,8,1.4056390622295665,0.5,0,4,3,1,8,0,8,0.25,0.125
61575067856735,21,1,1,en,1,united states,1,19,2,21,0,21,1.9814035902506322,0.2857142857142857,6,5,6,4,21,0,21,0.23809523809523808,0.14285714285714285
61575068070323,31,1,1,en,1,united states,1,23,8,84,84,84,1.9726571904609285,0.2976190476190476,25,16,18,25,84,0,84,0.35714285714285715,0.25
61575068759658,25,1,1,en,1,united states,1,17,8,61,0,61,1.9541716041633286,0.32786885245901637,18,12,11,20,61,0,61,0.32786885245901637,0.3114754098360656
61575068876545,7,1,1,en,1,india,1,0,7,14,0,14,1.610577243331642,0.5714285714285714,8,1,2,3,14,0,14,0.35714285714285715,0.5
61575068880176,28,1,1,pt,1,brazil,1,21,7,77,29,77,1.9116201651375413,0.4025974025974026,15,18,13,31,77,0,77,0.33766233766233766,0.24675324675324675
61575069119500,26,1,1,en,1,united states,1,21,5,68,21,68,1.9798434468871084,0.3088235294117647,21,17,13,17,68,0,68,0.36764705882352944,0.19117647058823528
61575069571460,26,1,1,fr,1,france,1,18,8,70,29,70,1.3923025403327483,0.5571428571428572,39,10,0,21,69,1,70,0.3,0.37142857142857144
61575069764285,39,1,1,hi,1,india,1,23,16,94,86,94,1.814524437535436,0.46808510638297873,44,18,11,21,94,0,93,0.46236559139784944,0.1827956989247312
61575070651124,30,1,1,it,1,italy,1,22,8,83,22,83,1.9718684100102295,0.3253012048192771,22,27,17,17,83,0,82,0.23170731707317074,0.14634146341463414
61575070724083,6,1,1,hi,1,india,1,6,0,6,0,6,1.4591479170272448,0.5,2,0,1,3,6,0,6,0.3333333333333333,0.0
61575071516789,68,1,1,en,1,united states,1,8,60,176,17,176,1.9489034200475164,0.3352272727272727,43,27,47,59,176,0,174,0.3333333333333333,0.2413793103448276
61575071786676,3,1,1,hi,1,india,1,2,1,9,0,9,0.5032583347756457,0.8888888888888888,8,0,0,1,9,0,9,0.2222222222222222,0.5555555555555556
61575072331376,28,1,1,it,1,italy,1,21,7,79,79,79,1.9770895508680182,0.3037974683544304,22,18,15,24,79,0,79,0.4430379746835443,0.1518987341772152
61575073619986,30,1,1,pt,1,brazil,1,18,12,77,25,77,1.887884356095371,0.4025974025974026,14,21,11,31,74,3,77,0.37662337662337664,0.16883116883116883
61575073676425,30,1,1,en,1,united states,1,23,7,83,76,83,1.4523075953025648,0.5060240963855421,42,9,1,31,83,0,82,0.15853658536585366,0.4878048780487805
61575074653840,1,1,1,en,1,united states,1,1,0,2,0,2,1.0,0.5,0,1,0,1,2,0,2,1.0,0.0
61575074773964,20,1,1,hi,1,india,1,20,0,20,4,20,1.6854752972273344,0.5,6,2,2,10,20,0,20,0.25,0.25
61575074893530,14,1,1,en,1,india,1,7,7,45,0,45,1.9611316044468858,0.28888888888888886,13,7,12,13,45,0,45,0.28888888888888886,0.24444444444444444
61575074909869,28,1,1,pt,1,brazil,1,20,8,75,51,75,1.9179110127195569,0.3333333333333333,25,13,12,25,75,0,75,0.3466666666666667,0.24
61575075284018,23,1,1,hi,1,india,1,21,2,62,56,62,1.893660301709418,0.41935483870967744,12,10,14,26,61,1,59,0.6949152542372882,0.05084745762711865
61575075331227,7,1,1,en,1,india,1,6,1,20,0,20,1.4366664819166874,0.55,11,1,1,7,20,0,20,0.2,0.2
61575075716110,30,1,1,en,1,united states,1,22,8,84,84,84,1.8986502516166017,0.39285714285714285,33,11,19,21,84,0,84,0.25,0.23809523809523808
61575076843497,28,1,1,en,1,united states,1,21,7,79,0,79,1.925846683198481,0.3924050632911392,31,17,17,14,79,0,79,0.26582278481012656,0.189873417721519
61575076976215,42,1,1,en,1,united states,1,29,13,120,104,120,1.9019602260467479,0.39166666666666666,47,24,17,32,120,0,120,0.325,0.2833333333333333
61575077936161,29,1,1,en,1,united states,1,22,7,79,79,79,1.544180530456694,0.4430379746835443,35,6,4,34,79,0,79,0.25316455696202533,0.4050632911392405
61575079169748,25,1,1,pt,1,brazil,1,19,6,68,68,68,1.978594720071666,0.3088235294117647,18,21,16,13,68,0,68,0.14705882352941177,0.29411764705882354
61575079453209,27,1,1,en,1,india,1,20,7,75,18,75,1.6264068729053123,0.4266666666666667,32,30,10,3,75,0,75,0.22666666666666666,0.18666666666666668
61575079829677,19,1,1,it,1,italy,1,19,0,19,0,19,1.823829807603063,0.3684210526315789,3,7,2,7,18,1,19,0.47368421052631576,0.10526315789473684
61575080220981,26,1,1,en,1,india,1,19,7,69,28,69,1.5171182611289482,0.5797101449275363,19,5,5,40,69,0,69,0.5217391304347826,0.2463768115942029
61575082168845,9,1,1,en,1,united states,1,9,0,18,2,18,1.8163401138534077,0.4444444444444444,3,5,2,8,18,0,18,0.3888888888888889,0.2777777777777778
61575082285907,28,1,1,en,1,india,1,21,7,74,74,74,1.8355326632756577,0.4189189189189189,31,16,20,7,74,0,74,0.3108108108108108,0.2702702702702703
61575082318696,19,1,1,fr,1,france,1,7,12,42,0,42,1.8178139377916598,0.47619047619047616,20,7,9,6,42,0,42,0.2857142857142857,0.47619047619047616
61575082408585,19,1,1,en,1,united states,1,19,0,52,0,52,1.8124817311905501,0.4423076923076923,23,10,5,14,52,0,52,0.34615384615384615,0.21153846153846154
61575082649503,53,1,1,it,1,italy,1,53,0,131,0,131,1.9693089339605871,0.31297709923664124,36,41,23,31,131,0,130,0.4076923076923077,0.15384615384615385
61575082769521,24,1,1,fr,1,france,1,19,5,64,12,64,1.8069809067559601,0.421875,27,14,5,18,64,0,64,0.40625,0.21875
61575083275984,32,1,1,en,1,united states,1,22,10,83,5,83,1.8769406096052315,0.40963855421686746,34,20,10,19,82,1,83,0.27710843373493976,0.30120481927710846
61575083399465,7,1,1,it,1,italy,1,5,2,20,16,20,1.8464393446710154,0.4,8,4,2,6,20,0,20,0.35,0.3
61575084119219,28,1,1,en,1,united states,1,17,11,67,0,67,1.9151848943827052,0.40298507462686567,12,15,27,13,67,0,67,0.22388059701492538,0.26865671641791045
61575084673290,27,1,1,hi,1,india,1,0,27,54,0,54,1.9054172440320791,0.3333333333333333,18,14,16,6,54,0,54,0.25925925925925924,0.18518518518518517
61575084959651,2,1,1,pt,1,brazil,1,2,0,6,6,6,1.2516291673878228,0.6666666666666666,1,0,1,4,6,0,6,0.16666666666666666,0.6666666666666666
61575085075880,31,1,1,en,1,india,1,24,7,85,61,85,1.7738815370873873,0.4235294117647059,36,12,8,29,85,0,84,0.2261904761904762,0.44047619047619047
61575085318694,27,1,1,en,1,united states,1,20,7,76,26,76,1.9046840406553909,0.40789473684210525,12,17,16,31,75,1,76,0.3684210526315789,0.21052631578947367
61575085619309,28,1,1,it,1,italy,1,21,7,78,8,78,1.7273603693120867,0.4230769230769231,29,9,7,33,78,0,78,0.46153846153846156,0.15384615384615385
61575085753355,6,1,1,hi,1,india,1,6,0,6,0,6,0.6500224216483541,0.8333333333333334,0,1,0,5,6,0,6,0.3333333333333333,0.16666666666666666
61575085934710,25,1,1,en,1,india,1,18,7,72,0,72,1.9484853919040344,0.3472222222222222,25,13,14,20,72,0,72,0.4305555555555556,0.2361111111111111
61575087119240,29,1,1,pt,1,brazil,1,21,8,79,79,79,1.7608615726117396,0.5189873417721519,41,13,12,13,79,0,79,0.25316455696202533,0.189873417721519
61575087330351,1,1,1,en,1,united states,1,0,1,2,0,2,-0.0,1.0,0,0,2,0,2,0,2,0.0,0.0
61575087508942,26,1,1,hi,1,india,1,22,4,67,67,67,1.858821493509506,0.373134328358209,25,10,9,23,67,0,67,0.4626865671641791,0.19402985074626866
61575087912997,26,1,1,pt,1,brazil,1,18,8,70,52,70,1.8760120494316004,0.42857142857142855,16,10,14,30,70,0,70,0.42857142857142855,0.17142857142857143
61575088062953,43,1,1,it,1,italy,1,27,16,121,0,121,1.705682220271254,0.5206611570247934,63,16,12,30,121,0,119,0.3865546218487395,0.2184873949579832
61575088470429,21,1,1,it,1,italy,1,14,7,33,0,33,1.7773956770782202,0.3939393939393939,11,2,7,13,33,0,33,0.3939393939393939,0.21212121212121213
61575088512942,30,1,1,hi,1,india,1,22,8,82,32,82,1.585385425008801,0.5853658536585366,48,7,9,18,82,0,82,0.4146341463414634,0.1951219512195122
61575088525393,31,1,1,en,1,united states,1,24,7,31,6,31,1.944039125423962,0.3548387096774194,5,8,7,11,31,0,31,0.25806451612903225,0.3225806451612903
61575088649259,21,1,1,fr,1,france,1,14,7,55,0,55,1.8321734289193885,0.4,22,6,9,18,55,0,55,0.36363636363636365,0.3090909090909091
61575088738423,4,1,1,en,1,united states,1,2,2,12,0,12,1.9591479170272448,0.3333333333333333,3,4,2,3,12,0,12,0.4166666666666667,0.08333333333333333
61575088795707,6,1,1,en,1,united states,1,6,0,24,0,24,1.598816797162542,0.5833333333333334,2,3,5,14,24,0,24,0.5,0.375
61575089190494,28,1,1,it,1,italy,1,20,8,79,25,79,1.637082043231419,0.5443037974683544,5,12,19,43,79,0,78,0.5,0.16666666666666666
61575089203217,16,1,1,en,1,united states,1,12,4,28,0,28,1.8030074660991147,0.4642857142857143,7,5,13,3,28,0,27,0.48148148148148145,0.037037037037037035
61575089848976,38,1,1,pt,1,brazil,1,34,4,38,0,38,1.468980086082783,0.4473684210526316,17,6,0,15,38,0,38,0.23684210526315788,0.3157894736842105
61575090343090,21,1,1,en,1,united states,1,14,7,58,0,58,1.6647915804347126,0.4482758620689655,21,8,3,26,58,0,58,0.3275862068965517,0.43103448275862066
61575090989206,22,1,1,fr,1,france,1,22,0,59,0,59,1.5713732547510502,0.4745762711864407,22,7,2,28,59,0,59,0.3050847457627119,0.288135593220339
61575091169103,24,1,1,en,1,india,1,24,0,61,0,61,1.477322818602089,0.5081967213114754,31,0,18,12,61,0,61,0.21311475409836064,0.32786885245901637
61575091408988,1,1,1,en,1,united states,1,1,0,1,0,1,-0.0,1.0,0,1,0,0,1,0,1,0.0,0.0
61575091678915,21,1,1,pt,1,brazil,1,14,7,58,33,58,1.7727052539687125,0.43103448275862066,19,5,9,25,57,1,58,0.3103448275862069,0.27586206896551724
61575093088823,25,1,1,pt,1,brazil,1,19,6,66,0,66,1.7409315625680568,0.5,11,6,16,33,66,0,66,0.4090909090909091,0.21212121212121213
61575093462909,5,1,1,en,1,united states,1,2,3,15,0,15,1.746465798504072,0.4666666666666667,7,3,4,1,15,0,15,0.13333333333333333,0.2
61575093658843,8,1,1,fr,1,france,1,8,0,25,0,25,1.8467341583372252,0.44,5,3,6,11,25,0,23,0.5217391304347826,0.08695652173913043
61575093688146,2,1,1,en,1,united states,1,1,1,5,0,5,0.7219280948873623,0.8,0,0,1,4,5,0,5,0.6,0.2
61575094075379,25,1,1,en,1,united states,1,19,6,67,50,67,1.89372936666082,0.40298507462686567,27,11,18,11,67,0,67,0.14925373134328357,0.22388059701492538
61575094168037,31,1,1,en,1,india,1,23,8,87,6,87,1.845073960192917,0.39080459770114945,29,11,13,34,87,0,86,0.23255813953488372,0.37209302325581395
61575094710147,26,1,1,pt,1,brazil,1,18,8,71,49,71,1.850791752280911,0.4084507042253521,29,13,8,21,71,0,71,0.22535211267605634,0.3380281690140845
61575094888815,6,1,1,pt,1,brazil,1,6,0,14,0,14,1.5216406363433184,0.5714285714285714,4,1,1,8,14,0,14,0.07142857142857142,0.42857142857142855
61575095245405,30,1,1,en,1,united states,1,22,8,82,3,82,1.7909907402383738,0.4878048780487805,18,14,10,40,82,0,82,0.3048780487804878,0.3170731707317073
61575095592770,36,1,1,hi,1,india,1,28,8,97,84,97,1.8144879595600731,0.3402061855670103,33,26,6,32,96,1,95,0.45263157894736844,0.1368421052631579
61575095755348,66,1,1,en,1,united states,1,33,33,192,16,192,1.9916756470724244,0.2864583333333333,41,50,46,55,192,0,192,0.3020833333333333,0.234375
61575095908382,25,1,1,pt,1,brazil,1,19,6,70,0,70,1.9525311352947161,0.34285714285714286,15,24,19,12,69,1,70,0.15714285714285714,0.14285714285714285
61575096268918,8,1,1,en,1,united states,1,8,0,16,2,16,1.5919171866886992,0.5625,9,1,2,4,16,0,16,0.3125,0.1875
61575096445152,17,1,1,en,1,united states,1,15,2,40,3,40,1.8964699519104258,0.35,14,5,8,13,40,0,40,0.45,0.1
61575097497793,19,1,1,en,1,united states,1,19,0,54,0,54,1.954685946946356,0.3333333333333333,12,9,15,18,54,0,54,0.3148148148148148,0.25925925925925924
61575098248730,24,1,1,pt,1,brazil,1,15,9,59,10,59,1.9578265969965005,0.3389830508474576,20,10,14,15,59,0,59,0.23728813559322035,0.3220338983050847
61575098652701,31,1,1,fr,1,france,1,23,8,83,30,83,1.91346038070711,0.37349397590361444,21,20,11,31,83,0,83,0.43373493975903615,0.1686746987951807
61575098742695,22,1,1,hi,1,india,1,18,4,59,59,59,1.825182647215509,0.4576271186440678,27,11,7,14,59,0,59,0.3898305084745763,0.288135593220339
61575098818802,28,1,1,pt,1,brazil,1,20,8,76,15,76,1.9622447155862335,0.34210526315789475,26,17,14,19,76,0,75,0.30666666666666664,0.22666666666666666
61575099222398,11,1,1,en,1,united states,1,11,0,11,0,11,1.823067982273661,0.36363636363636365,4,1,4,2,11,0,11,0.09090909090909091,0.36363636363636365
61575099568667,11,1,1,pt,1,brazil,1,11,0,21,0,21,1.9133718793992398,0.3333333333333333,7,4,3,7,21,0,21,0.2857142857142857,0.3333333333333333
61575100104962,22,1,1,en,1,united states,1,22,0,68,0,68,1.9590661415281119,0.3088235294117647,21,16,11,20,68,0,68,0.3382352941176471,0.22058823529411764
61575100457947,23,1,1,hi,1,india,1,11,12,40,0,40,1.7791945732530334,0.4,16,7,3,14,40,0,40,0.25,0.325
61575100558562,23,1,1,pt,1,brazil,1,19,4,61,58,61,1.9239280467468478,0.39344262295081966,14,12,24,11,61,0,61,0.45901639344262296,0.14754098360655737
61575100647735,28,1,1,en,1,united states,1,21,7,73,55,73,1.7694439453746391,0.5068493150684932,37,9,13,14,73,0,73,0.273972602739726,0.1643835616438356
61575100662412,11,1,1,en,1,united states,1,11,0,32,0,32,1.7526204074720737,0.5,16,3,6,7,32,0,32,0.09375,0.34375
61575101140748,28,1,1,hi,1,india,1,21,7,78,24,78,1.894686087586798,0.3974358974358974,31,11,15,21,78,0,78,0.32051282051282054,0.21794871794871795
61575101309770,26,1,1,fr,1,france,1,20,6,67,0,67,1.8965835377337954,0.34328358208955223,23,10,11,23,67,0,67,0.31343283582089554,0.23880597014925373
61575101398513,22,1,1,it,1,italy,1,19,3,59,0,59,1.9373847327924727,0.3389830508474576,11,18,10,20,59,0,59,0.5084745762711864,0.1694915254237288
61575101398524,26,1,1,en,1,india,1,19,7,71,71,71,1.32267480257909,0.704225352112676,4,9,8,50,71,0,71,0.5070422535211268,0.18309859154929578
61575102144774,38,1,1,en,1,united states,1,30,8,108,108,108,1.85587862934158,0.39814814814814814,34,14,17,43,108,0,108,0.2222222222222222,0.3888888888888889
61575102178425,4,1,1,en,1,united states,1,2,2,16,0,16,1.923794940695399,0.3125,5,4,2,5,16,0,16,0.1875,0.3125
61575102988734,4,1,1,pt,1,brazil,1,4,0,9,0,9,1.5304930567574824,0.4444444444444444,4,2,0,3,9,0,9,0.2222222222222222,0.3333333333333333
61575103528360,3,1,1,en,1,india,1,0,3,8,0,8,1.4056390622295665,0.5,3,1,0,4,8,0,8,0.5,0.25
61575104142597,19,1,1,en,1,united states,1,3,16,43,0,43,1.9710089951046479,0.32558139534883723,14,11,8,10,43,0,43,0.2558139534883721,0.20930232558139536
61575104893354,29,1,1,it,1,italy,1,24,5,79,0,79,1.963535825945413,0.31645569620253167,21,13,20,25,79,0,77,0.42857142857142855,0.15584415584415584
61575105527927,28,1,1,pt,1,brazil,1,21,7,79,0,79,1.6117769651961673,0.5949367088607594,12,9,11,47,77,2,78,0.46153846153846156,0.24358974358974358
61575106258450,3,1,1,en,1,united states,1,3,0,8,8,8,1.2987949406953985,0.625,5,1,0,2,8,0,8,0.25,0.375
61575106332463,25,1,1,hi,1,india,1,19,6,62,28,62,1.7397208106531798,0.3870967741935484,24,24,4,10,62,0,62,0.24193548387096775,0.20967741935483872
61575106468153,10,1,1,fr,1,france,1,0,10,38,0,38,1.7787159809648518,0.5,19,8,5,6,38,0,38,0.23684210526315788,0.23684210526315788
61575106559544,1,1,1,en,1,india,1,0,1,2,0,2,1.0,0.5,1,0,0,1,2,0,2,0.5,0.5
61575106577835,21,1,1,it,1,italy,1,18,3,43,0,43,1.9011550774096841,0.3953488372093023,11,9,6,17,43,0,43,0.46511627906976744,0.16279069767441862
61575106794786,30,1,1,en,1,india,1,23,7,84,40,84,1.8504609733138642,0.42857142857142855,36,14,11,23,83,1,84,0.35714285714285715,0.2976190476190476
61575106947287,27,1,1,en,1,united states,1,20,7,75,75,75,1.5307830867130945,0.6,45,10,4,16,75,0,75,0.21333333333333335,0.32
61575107638183,31,1,1,en,1,united states,1,24,7,82,55,82,1.8508270957185287,0.4268292682926829,35,9,18,20,82,0,82,0.32926829268292684,0.1951219512195122
61575108132151,27,1,1,hi,1,india,1,20,7,66,66,66,1.7842719881321567,0.4696969696969697,31,9,8,18,66,0,65,0.5692307692307692,0.13846153846153847
61575108419376,4,1,1,pt,1,brazil,1,1,3,9,7,9,1.6577427265048887,0.5555555555555556,5,1,1,2,9,0,9,0.2222222222222222,0.6666666666666666
61575108797883,8,1,1,fr,1,france,1,7,1,21,0,21,1.4519076150714065,0.47619047619047616,10,1,1,9,21,0,20,0.5,0.25
61575108972180,6,1,1,pt,1,brazil,1,2,4,18,0,18,0.9444885341662053,0.7777777777777778,14,3,1,0,18,0,18,0.2777777777777778,0.5555555555555556
61575109288197,25,1,1,fr,1,france,1,20,5,71,40,71,1.9658705454436047,0.30985915492957744,13,15,22,21,71,0,71,0.3380281690140845,0.2112676056338028
61575109794481,28,1,1,en,1,united states,1,21,7,76,0,76,1.8716376971463262,0.42105263157894735,32,11,20,13,75,1,76,0.35526315789473684,0.19736842105263158
61575109818001,27,1,1,it,1,italy,1,20,7,71,0,71,1.850791752280911,0.4084507042253521,29,13,8,21,71,0,71,0.30985915492957744,0.2676056338028169
61575109948108,15,1,1,pt,1,brazil,1,15,0,32,0,32,1.9836796919474975,0.3125,8,7,7,10,32,0,32,0.375,0.21875
61575109962017,12,1,1,en,1,united states,1,12,0,21,0,21,1.1488348542809166,0.7142857142857143,3,3,0,15,21,0,21,0.47619047619047616,0.2857142857142857
61575110099442,25,1,1,en,1,india,1,18,7,67,37,67,1.6621865785478445,0.47761194029850745,23,6,6,32,67,0,67,0.31343283582089554,0.26865671641791045
61575110267712,2,1,1,it,1,italy,1,2,0,2,0,2,1.0,0.5,0,1,0,1,2,0,2,0.0,0.0
61575110334456,31,1,1,en,1,united states,1,30,1,34,18,34,1.7764051751247902,0.38235294117647056,5,13,13,3,34,0,34,0.2647058823529412,0.29411764705882354
61575111327419,27,1,1,en,1,united states,1,20,7,76,48,76,1.933766110762515,0.34210526315789475,26,15,12,23,76,0,75,0.32,0.24
61575111478220,30,1,1,pt,1,brazil,1,23,7,81,81,81,1.9629195335436873,0.345679012345679,28,17,16,20,81,0,80,0.3125,0.2125
61575111774369,26,1,1,en,1,united states,1,19,7,66,53,66,1.7186497019096685,0.45454545454545453,30,11,4,21,66,0,66,0.21212121212121213,0.3181818181818182
61575111887987,15,1,1,en,1,india,1,15,0,35,0,35,1.8556830837252418,0.4,14,5,5,11,35,0,35,0.3142857142857143,0.2571428571428571
61575112067630,26,1,1,hi,1,india,1,19,7,64,0,64,1.785374329980682,0.46875,30,12,6,16,63,1,61,0.4426229508196721,0.16393442622950818
61575112074522,28,1,1,hi,1,india,1,21,7,73,73,73,1.9656906871185749,0.3424657534246575,18,15,15,25,73,0,71,0.49295774647887325,0.2112676056338028
61575112227227,31,1,1,en,1,united states,1,25,6,85,81,85,1.8032291848388953,0.47058823529411764,18,9,18,40,83,2,85,0.4823529411764706,0.2823529411764706
61575112367614,29,1,1,hi,1,india,1,22,7,78,0,78,1.8390715395053625,0.34615384615384615,27,19,6,26,78,0,75,0.37333333333333335,0.3333333333333333
61575112769306,1,1,1,it,1,italy,1,0,1,4,0,4,1.5,0.5,2,1,1,0,4,0,4,0.5,0.25
61575112979064,26,1,1,fr,1,france,1,19,7,69,69,69,1.8238817970014296,0.391304347826087,27,10,8,24,69,0,68,0.3088235294117647,0.22058823529411764
61575113368313,17,1,1,en,1,united states,1,17,0,17,0,17,1.1400677626718572,0.7647058823529411,13,1,2,1,17,0,17,0.23529411764705882,0.23529411764705882
61575113577900,27,1,1,fr,1,france,1,20,7,75,0,75,1.9786885704510973,0.32,24,18,18,15,75,0,75,0.30666666666666664,0.2
61575113807720,6,1,1,pt,1,brazil,1,2,4,11,0,11,1.6171895725927152,0.5454545454545454,1,1,6,3,11,0,11,0.09090909090909091,0.18181818181818182
61575114161642,33,1,1,hi,1,india,1,24,9,92,8,92,1.7752474909066849,0.5,46,14,12,20,92,0,92,0.31521739130434784,0.30434782608695654
61575114197509,25,1,1,hi,1,india,1,19,6,69,0,69,1.8097238785956846,0.4782608695652174,33,12,15,9,67,2,69,0.36231884057971014,0.15942028985507245
61575114491828,29,1,1,en,1,india,1,22,7,80,46,80,1.3181852415039583,0.575,46,5,1,28,80,0,80,0.25,0.3625
61575115079212,23,1,1,it,1,italy,1,22,1,61,0,61,1.8289631503892179,0.47540983606557374,11,10,11,29,61,0,61,0.639344262295082,0.06557377049180328
61575115337609,59,1,1,en,1,india,1,11,48,123,0,123,1.8216169894414955,0.4715447154471545,58,27,17,21,122,1,123,0.17073170731707318,0.3902439024390244
61575115487467,8,1,1,pt,1,brazil,1,8,0,15,0,15,1.6729055953200562,0.5333333333333333,8,1,3,3,14,1,15,0.26666666666666666,0.2
61575115558862,27,1,1,it,1,italy,1,20,7,75,0,75,1.9278070027833474,0.3466666666666667,26,12,14,23,75,0,73,0.4246575342465753,0.2876712328767123
61575115584213,23,1,1,en,1,united states,1,10,13,53,0,53,1.6517763169864823,0.5660377358490566,30,10,5,8,52,1,53,0.2641509433962264,0.3018867924528302
61575115607446,27,1,1,en,1,india,1,20,7,76,0,76,1.7583779920820306,0.4342105263157895,26,8,9,33,76,0,76,0.2631578947368421,0.4342105263157895
61575115631484,19,1,1,en,1,united states,1,19,0,52,0,52,1.8184301091597967,0.40384615384615385,21,5,9,17,52,0,52,0.28846153846153844,0.2692307692307692
61575115637534,31,1,1,pt,1,brazil,1,22,9,92,0,92,1.9535861361821678,0.31521739130434784,29,23,14,26,92,0,92,0.31521739130434784,0.20652173913043478
61575115826950,8,1,1,en,1,united states,1,8,0,26,0,26,1.5868068964791813,0.5384615384615384,14,4,1,7,26,0,26,0.15384615384615385,0.5384615384615384
61575116351597,25,1,1,hi,1,india,1,20,5,64,0,64,1.865801336763662,0.390625,25,20,11,8,64,0,64,0.3125,0.203125
61575116366956,12,1,1,en,1,india,1,12,0,24,1,24,1.8291722720787553,0.375,8,2,5,9,24,0,24,0.375,0.20833333333333334
61575116637922,1,1,1,fr,1,france,1,0,1,2,0,2,1.0,0.5,1,0,1,0,2,0,2,0.0,1.0
61575117264144,33,1,1,en,1,united states,1,26,7,90,79,90,1.7854206136309734,0.4888888888888889,13,12,21,44,90,0,90,0.36666666666666664,0.15555555555555556
61575117357728,25,1,1,it,1,italy,1,19,6,68,68,68,1.9617519103794432,0.3382352941176471,17,16,12,23,68,0,68,0.3382352941176471,0.20588235294117646
61575117567021,13,1,1,pt,1,brazil,1,13,0,29,0,29,1.9329931420869775,0.3793103448275862,5,6,11,7,29,0,29,0.6551724137931034,0.06896551724137931
61575117911828,27,1,1,hi,1,india,1,22,5,70,0,70,1.8742060911050822,0.35714285714285715,22,16,7,25,70,0,69,0.4492753623188406,0.13043478260869565
61575118317554,6,1,1,fr,1,france,1,6,0,18,0,18,1.404678473063571,0.6666666666666666,12,2,1,3,18,0,16,0.125,0.375
61575118524020,16,1,1,en,1,united states,1,16,0,49,39,49,1.6169446136016614,0.4897959183673469,24,5,3,17,49,0,49,0.42857142857142855,0.2653061224489796
61575118601516,9,1,1,hi,1,india,1,6,3,20,2,20,1.6804820237218405,0.5,10,1,4,5,20,0,20,0.5,0.25
61575118817471,6,1,1,fr,1,france,1,6,0,17,0,17,1.9328045775391223,0.35294117647058826,6,3,3,5,17,0,17,0.35294117647058826,0.35294117647058826
61575118887623,7,1,1,pt,1,brazil,1,0,7,14,2,14,0.9402859586706311,0.6428571428571429,9,5,0,0,14,0,14,0.14285714285714285,0.42857142857142855
61575119006934,31,1,1,en,1,united states,1,23,8,84,66,84,1.7653094974242585,0.5,42,15,9,18,84,0,84,0.21428571428571427,0.27380952380952384
61575119127509,24,1,1,pt,1,brazil,1,11,13,51,0,51,1.8970740345751151,0.37254901960784315,12,6,14,19,51,0,50,0.48,0.22
61575119187638,25,1,1,it,1,italy,1,19,6,67,56,67,1.9197808441926556,0.3582089552238806,24,13,10,20,67,0,67,0.3582089552238806,0.19402985074626866
61575119501527,32,1,1,hi,1,india,1,22,10,87,15,87,1.8927110852127127,0.3563218390804598,31,13,14,29,87,0,86,0.43023255813953487,0.2441860465116279
61575119561738,10,1,1,en,1,united states,1,10,0,24,0,24,1.6140054628542202,0.5833333333333334,14,4,2,4,24,0,24,0.375,0.3333333333333333
61575119906899,28,1,1,fr,1,france,1,21,7,77,0,77,1.8887034519809807,0.4155844155844156,16,18,11,32,77,0,77,0.42857142857142855,0.12987012987012986
61575119951355,30,1,1,en,1,india,1,22,8,84,82,84,1.881943366506762,0.32142857142857145,27,27,22,8,83,1,84,0.2619047619047619,0.2261904761904762
61575120347462,2,1,1,hi,1,india,1,0,2,7,0,7,1.3787834934861753,0.5714285714285714,4,2,1,0,7,0,7,0.2857142857142857,0.2857142857142857
61575120497120,31,1,1,en,1,india,1,23,8,69,0,69,1.5781727183943128,0.5942028985507246,41,5,13,10,69,0,69,0.21739130434782608,0.3333333333333333
61575120507560,24,1,1,pt,1,brazil,1,18,6,65,47,65,1.862389343316607,0.4,20,9,10,26,65,0,62,0.4032258064516129,0.22580645161290322
61575120977268,8,1,1,en,1,india,1,0,8,16,0,16,1.5016144718101816,0.625,10,3,2,1,16,0,16,0.3125,0.375
61575121557487,24,1,1,pt,1,brazil,1,18,6,64,0,64,1.8149080377184084,0.4375,28,8,19,9,63,1,63,0.19047619047619047,0.2698412698412698
61575121871252,7,1,1,en,1,india,1,7,0,14,2,14,1.7884504573082896,0.42857142857142855,6,1,3,4,14,0,14,0.35714285714285715,0.21428571428571427
61575122184024,16,1,1,en,1,united states,1,16,0,44,0,44,1.8092888054550356,0.38636363636363635,16,6,5,17,44,0,44,0.3181818181818182,0.2727272727272727
61575122561316,28,1,1,hi,1,india,1,28,0,76,0,76,1.8915743820112783,0.3815789473684211,29,13,11,23,76,0,76,0.3815789473684211,0.25
61575122567285,24,1,1,fr,1,france,1,23,1,64,0,64,1.8173235959462852,0.421875,20,10,7,27,64,0,64,0.4375,0.15625
61575122597136,2,1,1,pt,1,brazil,1,2,0,4,0,4,1.5,0.5,2,1,1,0,4,0,4,0.25,0.25
61575122606762,29,1,1,en,1,united states,1,23,6,79,57,79,1.634937436857497,0.569620253164557,45,16,11,7,79,0,79,0.22784810126582278,0.31645569620253167
61575122847288,7,1,1,hi,1,india,1,7,0,7,0,7,1.9502120649147465,0.2857142857142857,2,2,2,1,7,0,7,0.14285714285714285,0.14285714285714285
61575123077172,28,1,1,hi,1,india,1,22,6,75,0,75,1.9386688414764002,0.3333333333333333,23,12,15,25,75,0,72,0.4027777777777778,0.3333333333333333
61575123251347,7,1,1,hi,1,india,1,7,0,21,21,21,1.7814164026211203,0.47619047619047616,10,2,4,5,19,2,21,0.42857142857142855,0.047619047619047616
61575123447467,62,1,1,fr,1,france,1,32,30,172,0,172,1.9506134919351568,0.3313953488372093,57,27,40,48,172,0,172,0.3546511627906977,0.1686046511627907
61575123566620,29,1,1,en,1,united states,1,20,9,77,30,77,1.9443794421027119,0.33766233766233766,12,17,26,22,77,0,77,0.4805194805194805,0.12987012987012986
61575123683864,58,1,1,en,1,united states,1,46,12,162,96,162,1.8183820970882771,0.42592592592592593,69,27,17,49,162,0,162,0.24074074074074073,0.41358024691358025
61575124347197,30,1,1,pt,1,brazil,1,23,7,85,61,85,1.942516120161941,0.3764705882352941,19,17,17,32,85,0,85,0.4235294117647059,0.18823529411764706
61575124421520,24,1,1,hi,1,india,1,19,5,67,28,67,1.785064231139739,0.417910447761194,28,7,9,23,67,0,67,0.43283582089552236,0.22388059701492538
61575124541164,28,1,1,en,1,india,1,21,7,76,49,76,1.8506663191104589,0.4473684210526316,34,13,11,18,72,4,76,0.3684210526315789,0.3157894736842105
61575124766625,2,1,1,en,1,united states,1,0,2,8,0,8,1.5487949406953985,0.625,5,1,1,1,8,0,8,0.25,0.25
61575125081294,54,1,1,en,1,india,1,42,12,147,0,147,1.406976459063419,0.6666666666666666,98,26,11,12,147,0,147,0.1360544217687075,0.2857142857142857
61575125349572,25,1,1,en,1,india,1,21,4,70,70,70,1.7224982489955971,0.5142857142857142,17,10,7,36,69,1,70,0.3,0.35714285714285715
61575125577298,2,1,1,fr,1,france,1,0,2,5,5,5,0.9709505944546686,0.6,3,2,0,0,5,0,5,0.0,0.0
61575125741155,6,1,1,hi,1,india,1,6,0,18,0,18,1.404678473063571,0.6666666666666666,12,3,1,2,18,0,18,0.16666666666666666,0.3888888888888889
61575125876415,10,1,1,en,1,united states,1,9,1,33,0,33,1.9480059536801493,0.36363636363636365,12,7,8,6,33,0,33,0.2727272727272727,0.12121212121212122
61575126328545,28,1,1,pt,1,brazil,1,21,7,77,77,77,1.568340025436989,0.5454545454545454,42,7,5,23,77,0,77,0.24675324675324675,0.42857142857142855
61575126533596,33,1,1,en,1,united states,1,26,7,82,62,82,1.9354818813448476,0.36585365853658536,21,13,18,30,82,0,82,0.35365853658536583,0.24390243902439024
61575127366918,28,1,1,en,1,india,1,20,8,77,0,77,1.919975249200101,0.37662337662337664,19,18,11,29,77,0,77,0.35064935064935066,0.2597402597402597
61575127557258,1,1,1,hi,1,india,1,0,1,3,0,3,0.9182958340544896,0.6666666666666666,0,0,1,2,3,0,3,0.0,0.0
61575127697257,30,1,1,en,1,india,1,23,7,83,0,83,1.8772229868382078,0.37349397590361444,31,14,27,11,82,1,83,0.20481927710843373,0.26506024096385544
61575127707029,32,1,1,pt,1,brazil,1,24,8,88,0,88,1.6347134102537346,0.48863636363636365,43,9,6,30,88,0,88,0.25,0.2727272727272727
61575128231189,30,1,1,en,1,india,1,23,7,82,82,82,1.9138648514167098,0.4024390243902439,33,15,15,19,82,0,82,0.24390243902439024,0.3048780487804878
61575128367322,4,1,1,pt,1,brazil,1,2,2,9,9,9,1.3516441151533922,0.5555555555555556,1,3,0,5,9,0,9,0.5555555555555556,0.2222222222222222
61575128621057,7,1,1,en,1,united states,1,7,0,24,0,24,1.763911156578927,0.4583333333333333,11,7,2,4,24,0,24,0.16666666666666666,0.4166666666666667
61575128697169,27,1,1,it,1,italy,1,20,7,73,59,73,1.8426236807397003,0.4383561643835616,32,13,9,19,73,0,72,0.3333333333333333,0.2222222222222222
61575128723709,23,1,1,en,1,united states,1,23,0,64,3,64,1.7874590183336725,0.5,32,12,9,11,64,0,64,0.203125,0.296875
61575128936954,20,1,1,it,1,italy,1,15,5,49,49,49,1.9824220068938638,0.30612244897959184,13,11,15,10,49,0,49,0.3469387755102041,0.16326530612244897
61575128956704,25,1,1,it,1,italy,1,23,2,56,0,56,1.9605428274223105,0.3392857142857143,15,11,11,19,56,0,56,0.39285714285714285,0.17857142857142858
61575129077117,24,1,1,en,1,india,1,15,9,34,0,34,1.9039678130877657,0.35294117647058826,12,8,4,10,34,0,34,0.29411764705882354,0.29411764705882354
61575129190978,18,1,1,en,1,india,1,18,0,49,21,49,1.9447750278607199,0.3673469387755102,12,9,10,18,49,0,49,0.32653061224489793,0.22448979591836735
61575129237018,15,1,1,en,1,india,1,0,15,30,30,30,1.9268875817332631,0.3333333333333333,10,4,9,7,30,0,30,0.26666666666666666,0.2
61575129328475,26,1,1,it,1,italy,1,16,10,72,72,72,1.9154570211268596,0.3888888888888889,28,15,11,18,72,0,72,0.3055555555555556,0.2638888888888889
61575129443453,28,1,1,en,1,united states,1,20,8,78,56,78,1.9168716514161313,0.3333333333333333,26,14,12,26,78,0,78,0.14102564102564102,0.46153846153846156
61575130078431,26,1,1,it,1,italy,1,18,8,67,67,67,1.9317199853124198,0.34328358208955223,20,10,14,23,67,0,67,0.43283582089552236,0.1791044776119403
61575130703446,76,1,1,en,1,united states,1,36,40,146,0,146,1.9579195148626125,0.3561643835616438,52,34,29,31,145,1,146,0.2808219178082192,0.2945205479452055
61575131026893,25,1,1,fr,1,france,1,20,5,69,0,69,1.9604397628308174,0.30434782608695654,21,17,11,20,69,0,69,0.3333333333333333,0.2463768115942029
61575131086927,26,1,1,it,1,italy,1,22,4,57,0,57,1.799088760365096,0.42105263157894735,24,10,5,18,57,0,54,0.42592592592592593,0.2037037037037037
61575131153481,56,1,1,en,1,india,1,41,15,155,82,155,1.751918682731739,0.4967741935483871,77,14,29,35,153,2,155,0.3096774193548387,0.25806451612903225
61575131350840,28,1,1,hi,1,india,1,20,8,78,0,78,1.9473468706576922,0.3717948717948718,16,16,17,29,78,0,74,0.36486486486486486,0.16216216216216217
61575131446982,28,1,1,fr,1,france,1,20,8,78,0,78,1.9299400066229344,0.3717948717948718,29,14,14,21,78,0,78,0.34615384615384615,0.16666666666666666
61575131566595,22,1,1,en,1,india,1,18,4,65,0,65,1.5035694657879175,0.4307692307692308,28,12,0,25,65,0,65,0.2153846153846154,0.4
61575131576367,22,1,1,en,1,united states,1,22,0,62,14,62,1.9930255904338114,0.27419354838709675,17,16,16,13,62,0,62,0.24193548387096775,0.20967741935483872
61575131747244,13,1,1,it,1,italy,1,13,0,29,0,29,1.9686551350647843,0.3103448275862069,7,5,9,8,29,0,29,0.41379310344827586,0.06896551724137931
61575131806640,30,1,1,it,1,italy,1,26,4,30,0,30,1.7424026703036974,0.43333333333333335,10,2,5,13,30,0,30,0.4666666666666667,0.2
61575131847014,27,1,1,pt,1,brazil,1,20,7,76,60,76,1.8401652776968997,0.4473684210526316,34,16,9,17,76,0,76,0.34210526315789475,0.18421052631578946
61575132100893,5,1,1,en,1,united states,1,5,0,5,0,5,1.9219280948873623,0.4,1,1,2,1,5,0,5,0.8,0.0
61575132399157,29,1,1,en,1,india,1,22,7,79,75,79,1.9651149978741766,0.34177215189873417,27,18,15,19,79,0,79,0.3924050632911392,0.22784810126582278
61575132716094,28,1,1,en,1,united states,1,21,7,76,12,76,1.7817339131732957,0.42105263157894735,32,10,8,26,76,0,76,0.2631578947368421,0.27631578947368424
61575133126653,24,1,1,it,1,italy,1,18,6,65,0,65,1.8761350707963373,0.4,19,9,11,26,65,0,64,0.375,0.171875
61575133420619,26,1,1,hi,1,india,1,19,7,67,4,67,1.6456257896080184,0.5373134328358209,36,16,4,11,67,0,66,0.3333333333333333,0.19696969696969696
61575134096229,25,1,1,hi,1,india,1,19,6,72,22,72,1.784159127851422,0.4166666666666667,24,6,12,30,72,0,72,0.4444444444444444,0.2638888888888889
61575134170861,13,1,1,hi,1,india,1,13,0,13,0,13,0.7732283485249176,0.8461538461538461,1,0,1,11,13,0,13,0.6153846153846154,0.23076923076923078
61575134236693,25,1,1,fr,1,france,1,20,5,70,0,70,1.9836012620106225,0.3142857142857143,22,17,15,16,70,0,70,0.3,0.15714285714285714
61575134320519,28,1,1,hi,1,india,1,21,7,80,52,80,1.8189955935892814,0.45,36,18,18,8,80,0,80,0.175,0.375
61575134336073,1,1,1,en,1,united states,1,1,0,1,0,1,-0.0,1.0,0,1,0,0,1,0,1,1.0,0.0
61575134756215,35,1,1,en,1,united states,1,21,14,92,0,92,1.8076669305892334,0.4782608695652174,21,13,14,44,92,0,92,0.44565217391304346,0.17391304347826086
61575134770738,6,1,1,en,1,united states,1,6,0,24,0,24,1.6660563421790615,0.4583333333333333,11,4,1,8,24,0,24,0.375,0.2916666666666667
61575134907982,31,1,1,it,1,italy,1,23,8,81,38,81,1.9765927787792676,0.32098765432098764,26,17,21,17,81,0,78,0.34615384615384615,0.19230769230769232
61575134935995,26,1,1,hi,1,india,1,20,6,71,71,71,1.907437714206655,0.4084507042253521,14,16,12,29,71,0,71,0.5211267605633803,0.19718309859154928
61575135526367,5,1,1,en,1,india,1,0,5,12,0,12,0.9182958340544896,0.6666666666666666,8,4,0,0,12,0,12,0.25,0.25
61575136193176,32,1,1,hi,1,india,1,15,17,78,75,78,1.9299400066229344,0.3717948717948718,29,21,14,14,78,0,78,0.3076923076923077,0.2564102564102564
61575136426391,52,1,1,en,1,india,1,25,27,92,0,92,1.9741493608191605,0.32608695652173914,30,18,23,21,90,2,92,0.17391304347826086,0.21739130434782608
61575136765917,24,1,1,en,1,india,1,16,8,64,0,64,1.8896760197961553,0.375,11,9,20,24,64,0,64,0.328125,0.15625
61575136901866,28,1,1,en,1,united states,1,20,8,75,25,75,1.9788223868594028,0.32,24,19,16,16,75,0,75,0.29333333333333333,0.22666666666666666
61575137440397,31,1,1,hi,1,india,1,21,10,87,79,87,1.8554562146643694,0.42528735632183906,24,14,12,37,86,1,87,0.40229885057471265,0.2413793103448276
61575137726022,30,1,1,en,1,india,1,22,8,82,4,82,1.520214244851446,0.6341463414634146,52,10,12,8,82,0,82,0.36585365853658536,0.2073170731707317
61575137876604,18,1,1,pt,1,brazil,1,1,17,35,23,35,1.7020686450723175,0.5142857142857142,9,3,5,18,35,0,35,0.37142857142857144,0.2
61575137995791,26,1,1,en,1,united states,1,21,5,71,40,71,1.9278563083639921,0.352112676056338,20,25,16,10,71,0,71,0.23943661971830985,0.323943661971831
61575137997816,11,1,1,fr,1,france,1,11,0,26,0,26,1.8199069108495118,0.46153846153846156,6,5,3,12,26,0,26,0.38461538461538464,0.4230769230769231
61575138556380,10,1,1,en,1,india,1,10,0,21,0,21,1.6152502650882519,0.5238095238095238,6,3,1,11,21,0,21,0.19047619047619047,0.2857142857142857
61575138610629,11,1,1,en,1,united states,1,8,3,28,0,28,1.8783096196167168,0.35714285714285715,9,6,3,10,28,0,28,0.5357142857142857,0.10714285714285714
61575138623198,27,1,1,en,1,united states,1,20,7,75,9,75,1.9011593923249244,0.4,30,19,11,15,75,0,75,0.28,0.30666666666666664
61575138713072,2,1,1,en,1,united states,1,0,2,4,4,4,1.5,0.5,0,1,1,2,4,0,4,0.25,0.0
61575139510566,35,1,1,en,1,india,1,27,8,94,72,94,1.8638282754951077,0.43617021276595747,41,13,18,22,91,3,94,0.30851063829787234,0.2978723404255319
61575139527917,24,1,1,it,1,italy,1,20,4,68,0,68,1.7751106681855022,0.47058823529411764,32,19,8,9,68,0,68,0.25,0.19117647058823528
61575139726547,16,1,1,it,1,italy,1,16,0,32,0,32,1.7386085007312413,0.5,5,8,3,16,32,0,32,0.46875,0.09375
61575139756553,18,1,1,pt,1,brazil,1,18,0,18,0,18,1.2997367636952522,0.6111111111111112,5,0,2,11,18,0,18,0.4444444444444444,0.16666666666666666
61575140171610,22,1,1,en,1,india,1,15,7,61,0,61,1.7946475175002818,0.4262295081967213,20,8,7,26,61,0,61,0.4098360655737705,0.2459016393442623
61575140242986,15,1,1,en,1,united states,1,11,4,30,0,30,1.8901074801412552,0.3333333333333333,10,3,9,8,30,0,30,0.26666666666666666,0.23333333333333334
61575140755780,24,1,1,en,1,united states,1,19,5,67,67,67,1.856404000011342,0.44776119402985076,30,10,15,12,67,0,67,0.2835820895522388,0.19402985074626866
61575140785755,27,1,1,hi,1,india,1,22,5,72,8,72,1.9631676585912263,0.3194444444444444,14,14,23,21,70,2,72,0.4027777777777778,0.18055555555555555
61575140786572,23,1,1,en,1,india,1,21,2,50,0,50,1.7324626076155318,0.52,26,10,9,5,50,0,50,0.24,0.26
61575140890194,19,1,1,en,1,united states,1,19,0,19,0,19,1.9312952802328742,0.3684210526315789,5,3,7,4,19,0,19,0.15789473684210525,0.2631578947368421
61575141087700,16,1,1,pt,1,brazil,1,9,7,40,0,40,1.9406454496153465,0.35,10,6,10,14,40,0,38,0.34210526315789475,0.23684210526315788
61575141626479,28,1,1,pt,1,brazil,1,22,6,76,36,76,1.7094992387592782,0.42105263157894735,32,6,9,29,76,0,76,0.4605263157894737,0.18421052631578946
61575142102852,32,1,1,hi,1,india,1,18,14,89,0,89,1.8131531898488082,0.47191011235955055,42,20,11,16,87,2,88,0.36363636363636365,0.20454545454545456
61575142186223,27,1,1,en,1,india,1,23,4,78,0,78,1.8459839064800727,0.44871794871794873,35,12,12,19,78,0,78,0.32051282051282054,0.23076923076923078
61575142838919,29,1,1,en,1,united states,1,22,7,76,76,76,1.8752703993484408,0.39473684210526316,30,11,12,23,76,0,76,0.3157894736842105,0.32894736842105265
61575143006497,22,1,1,pt,1,brazil,1,15,7,61,24,61,1.9684581970544752,0.32786885245901637,11,20,15,15,61,0,61,0.29508196721311475,0.21311475409836064
61575144555723,34,1,1,pt,1,brazil,1,26,8,88,0,88,1.8694298993658314,0.3409090909090909,30,8,28,22,88,0,87,0.3793103448275862,0.1839080459770115
61575144747663,20,1,1,it,1,italy,1,13,7,48,0,48,1.830788679214103,0.4583333333333333,22,9,6,11,48,0,48,0.3333333333333333,0.3125
61575144850354,1,1,1,en,1,united states,1,1,0,1,0,1,-0.0,1.0,0,0,0,1,1,0,1,1.0,0.0
61575144867487,27,1,1,fr,1,france,1,21,6,77,77,77,1.7228050753272002,0.4675324675324675,36,18,4,19,77,0,77,0.2077922077922078,0.23376623376623376
61575145166306,28,1,1,en,1,india,1,22,6,76,0,76,1.8714935531906542,0.4342105263157895,17,15,11,33,76,0,76,0.32894736842105265,0.3157894736842105
61575145346143,21,1,1,pt,1,brazil,1,16,5,61,61,61,1.9746265604944933,0.3114754098360656,19,12,13,17,61,0,61,0.26229508196721313,0.32786885245901637
61575145467469,42,1,1,en,1,united states,1,30,12,116,49,116,1.8762424180790778,0.4396551724137931,51,22,20,23,116,0,116,0.3103448275862069,0.20689655172413793
61575145552649,31,1,1,en,1,india,1,24,7,85,54,85,1.7642571501613384,0.4235294117647059,36,6,15,28,84,1,85,0.27058823529411763,0.35294117647058826
61575145576107,31,1,1,hi,1,india,1,16,15,76,0,76,1.7941068326931517,0.4605263157894737,35,15,7,19,75,1,76,0.3026315789473684,0.23684210526315788
61575145586216,1,1,1,fr,1,france,1,1,0,4,4,4,1.5,0.5,2,1,0,1,4,0,4,0.25,0.5
61575145756092,29,1,1,it,1,italy,1,21,8,77,0,77,1.9432911483555377,0.36363636363636365,19,13,17,28,77,0,77,0.4155844155844156,0.24675324675324675
61575145990139,2,1,1,en,1,united states,1,2,0,3,0,3,-0.0,1.0,3,0,0,0,3,0,3,0.0,0.6666666666666666
61575146036382,30,1,1,pt,1,brazil,1,22,8,83,83,83,1.7447704072647026,0.4819277108433735,40,17,6,20,83,0,83,0.3373493975903614,0.30120481927710846
61575146115727,28,1,1,en,1,india,1,22,6,76,0,76,1.7208144839708297,0.5131578947368421,39,10,8,19,76,0,76,0.2236842105263158,0.3684210526315789
61575146272793,28,1,1,en,1,india,1,17,11,28,0,28,1.8030074660991144,0.4642857142857143,3,7,5,13,28,0,28,0.21428571428571427,0.32142857142857145
61575146272833,14,1,1,en,1,united states,1,14,0,27,13,27,1.9726869288759223,0.2962962962962963,8,8,6,5,27,0,27,0.4074074074074074,0.14814814814814814
61575146602688,18,1,1,en,1,india,1,13,5,42,42,42,1.947346252449587,0.30952380952380953,13,11,12,6,42,0,42,0.2619047619047619,0.19047619047619047
61575147146122,18,1,1,fr,1,france,1,6,12,48,0,48,1.7884075365182561,0.4791666666666667,23,11,9,5,46,2,48,0.20833333333333334,0.14583333333333334
61575147357302,27,1,1,it,1,italy,1,18,9,78,44,78,1.888833741818258,0.4230769230769231,14,13,18,33,78,0,78,0.3974358974358974,0.23076923076923078
61575147566126,45,1,1,it,1,italy,1,32,13,45,17,45,1.531506912061903,0.6222222222222222,5,4,8,28,45,0,45,0.4444444444444444,0.17777777777777778
61575147567358,62,1,1,fr,1,france,1,47,15,166,10,166,1.465125535791319,0.6445783132530121,107,22,10,27,166,0,166,0.25301204819277107,0.2891566265060241
61575147596115,3,1,1,pt,1,brazil,1,3,0,12,0,12,0.9182958340544896,0.6666666666666666,8,0,0,4,12,0,12,0.5,0.08333333333333333
61575147806028,29,1,1,pt,1,brazil,1,22,7,77,0,77,1.9712116127257777,0.2857142857142857,22,13,20,22,77,0,77,0.2857142857142857,0.19480519480519481
61575148336060,28,1,1,en,1,india,1,21,7,78,0,78,1.672309000819445,0.5,39,24,7,8,78,0,78,0.23076923076923078,0.2564102564102564
61575148359774,23,1,1,en,1,india,1,23,0,59,59,59,1.5137661586736835,0.5932203389830508,35,10,2,12,59,0,59,0.3389830508474576,0.15254237288135594
61575148425849,27,1,1,hi,1,india,1,19,8,72,0,72,1.7577515241317392,0.4305555555555556,25,8,8,31,72,0,72,0.4583333333333333,0.2222222222222222
61575148630149,30,1,1,hi,1,india,1,22,8,82,64,82,1.9365650369774539,0.36585365853658536,22,15,15,30,81,1,82,0.47560975609756095,0.1951219512195122
61575148797368,38,1,1,en,1,india,1,23,15,106,2,106,1.2672686674242781,0.7264150943396226,77,13,7,9,106,0,106,0.20754716981132076,0.3584905660377358
61575149005237,29,1,1,en,1,united states,1,24,5,81,0,81,1.5458821514721655,0.5432098765432098,25,8,4,44,81,0,81,0.3333333333333333,0.4444444444444444
61575149055819,23,1,1,en,1,india,1,18,5,59,0,59,1.7064933962241036,0.5254237288135594,14,6,8,31,59,0,59,0.4067796610169492,0.23728813559322035
61575149080091,15,1,1,en,1,united states,1,14,1,31,0,31,1.5245261505545635,0.5806451612903226,7,5,1,18,31,0,31,0.3870967741935484,0.3225806451612903
61575149632689,35,1,1,en,1,united states,1,22,13,57,2,57,1.8133333393674507,0.43859649122807015,14,25,5,13,35,22,57,0.2631578947368421,0.38596491228070173
61575149805861,12,1,1,en,1,india,1,12,0,25,0,25,1.9869608142719168,0.28,6,7,5,7,25,0,25,0.4,0.16
61575149985527,27,1,1,pt,1,brazil,1,20,7,76,0,76,1.8049388043805619,0.4473684210526316,34,15,7,20,76,0,76,0.25,0.2631578947368421
61575150165660,28,1,1,en,1,india,1,21,7,79,0,79,1.9633077849127818,0.3037974683544304,24,13,19,23,79,0,79,0.3924050632911392,0.24050632911392406
61575150235999,3,1,1,fr,1,france,1,3,0,10,0,10,1.5219280948873621,0.4,2,4,0,4,10,0,8,0.5,0.25
61575150555733,31,1,1,en,1,india,1,23,8,86,0,86,1.388999265008804,0.6744186046511628,58,5,9,14,85,1,86,0.3488372093023256,0.2558139534883721
61575150880078,21,1,1,en,1,india,1,21,0,56,15,56,1.7651560183459907,0.5,28,7,8,13,56,0,56,0.3392857142857143,0.26785714285714285
61575151119869,29,1,1,hi,1,india,1,23,6,81,24,81,1.9428862953314523,0.3333333333333333,27,19,12,23,81,0,79,0.3670886075949367,0.24050632911392406
61575151246045,21,1,1,fr,1,france,1,21,0,21,0,21,1.8735625185129938,0.42857142857142855,9,5,3,4,21,0,21,0.2857142857142857,0.19047619047619047
61575151375760,3,1,1,it,1,italy,1,3,0,7,0,7,1.8423709931771084,0.42857142857142855,2,1,1,3,7,0,7,0.7142857142857143,0.14285714285714285
61575151569802,2,1,1,hi,1,india,1,2,0,3,0,3,1.584962500721156,0.3333333333333333,1,1,0,1,3,0,3,0.0,1.0
61575151689708,21,1,1,en,1,united states,1,21,0,58,0,58,1.8955634241580466,0.3448275862068966,20,19,12,7,58,0,58,0.3448275862068966,0.2413793103448276
61575151995924,30,1,1,hi,1,india,1,24,6,79,0,79,1.8130722944744737,0.46835443037974683,17,16,9,37,79,0,77,0.42857142857142855,0.2077922077922078
61575152050067,34,1,1,hi,1,india,1,19,15,87,15,87,1.685804819285397,0.47126436781609193,41,16,4,26,87,0,87,0.28735632183908044,0.19540229885057472
61575152125100,26,1,1,en,1,united states,1,19,7,67,23,67,1.9616153592105852,0.31343283582089554,21,14,12,20,67,0,67,0.31343283582089554,0.29850746268656714
61575152145495,21,1,1,en,1,india,1,0,21,58,0,58,1.4578104039232942,0.6379310344827587,37,11,7,3,58,0,58,0.1206896551724138,0.3793103448275862
61575152187335,25,1,1,pt,1,brazil,1,17,8,68,22,68,1.974839842665868,0.3088235294117647,19,13,21,15,68,0,68,0.29411764705882354,0.29411764705882354
61575152261525,30,1,1,fr,1,france,1,23,7,83,83,83,1.9654624618585705,0.3132530120481928,23,20,14,26,83,0,83,0.3132530120481928,0.27710843373493976
61575152385454,30,1,1,fr,1,france,1,25,5,64,0,64,1.5664796351120487,0.546875,19,6,4,35,64,0,64,0.453125,0.265625
61575152395919,19,1,1,it,1,italy,1,19,0,51,3,51,1.632138829373974,0.5686274509803921,11,6,5,29,50,1,51,0.49019607843137253,0.17647058823529413
61575152565446,19,1,1,it,1,italy,1,17,2,53,0,53,1.8909955083987682,0.37735849056603776,20,14,6,13,53,0,52,0.23076923076923078,0.3269230769230769
61575152979706,27,1,1,hi,1,india,1,21,6,74,74,74,1.7809414103720145,0.4864864864864865,17,8,13,36,74,0,74,0.40540540540540543,0.22972972972972974
61575153045795,35,1,1,it,1,italy,1,14,21,78,0,78,1.9112240666536733,0.38461538461538464,11,17,20,30,78,0,77,0.4935064935064935,0.16883116883116883
61575153195537,25,1,1,fr,1,france,1,18,7,71,0,71,1.9027252096759828,0.4084507042253521,16,11,15,29,70,1,71,0.36619718309859156,0.2676056338028169
61575153235057,22,1,1,fr,1,france,1,0,22,43,0,43,1.6386530180152354,0.5813953488372093,25,6,7,5,43,0,43,0.23255813953488372,0.20930232558139536
61575153357056,27,1,1,it,1,italy,1,19,8,74,22,74,1.9365003594843162,0.3783783783783784,28,16,13,17,74,0,72,0.3333333333333333,0.2777777777777778
61575154180000,9,1,1,en,1,united states,1,9,0,30,0,30,1.7816505692672713,0.43333333333333335,8,7,2,13,30,0,30,0.2,0.43333333333333335
61575154509778,26,1,1,hi,1,india,1,18,8,68,22,68,1.9379216446124585,0.3235294117647059,15,22,10,21,68,0,68,0.45588235294117646,0.20588235294117646
61575154635451,23,1,1,it,1,italy,1,18,5,64,0,64,1.9048806032899828,0.328125,21,19,7,17,64,0,63,0.23809523809523808,0.1746031746031746
61575154942146,28,1,1,en,1,india,1,22,6,77,18,77,1.5261027303335353,0.6233766233766234,48,7,14,8,77,0,77,0.24675324675324675,0.24675324675324675
61575155125049,29,1,1,en,1,united states,1,21,8,81,81,81,1.977373245787788,0.32098765432098764,19,16,26,20,81,0,81,0.2962962962962963,0.19753086419753085
61575155199593,29,1,1,hi,1,india,1,29,0,59,0,59,1.3111661665744285,0.5423728813559322,22,0,5,32,59,0,56,0.5714285714285714,0.17857142857142858
61575155725833,20,1,1,en,1,united states,1,20,0,50,6,50,1.7764837789975132,0.44,22,7,5,16,48,2,50,0.38,0.26
61575155845573,27,1,1,pt,1,brazil,1,19,8,75,18,75,1.7720863651908692,0.4266666666666667,23,5,15,32,75,0,75,0.4533333333333333,0.16
61575155889841,20,1,1,en,1,united states,1,16,4,52,0,52,1.7254442627854019,0.4807692307692308,25,4,8,15,52,0,52,0.21153846153846154,0.3076923076923077
61575156865865,29,1,1,fr,1,france,1,22,7,82,82,82,1.8516833183404584,0.43902439024390244,21,12,13,36,82,0,82,0.34146341463414637,0.23170731707317074
61575158005578,26,1,1,pt,1,brazil,1,18,8,67,55,67,1.948509875693183,0.34328358208955223,23,13,12,19,67,0,67,0.34328358208955223,0.23880597014925373
61575158572060,12,1,1,en,1,india,1,4,8,12,4,12,1.8250112108241772,0.4166666666666667,5,3,3,1,12,0,12,0.16666666666666666,0.16666666666666666
61575158695568,26,1,1,pt,1,brazil,1,20,6,71,63,71,1.9480971334835189,0.36619718309859156,16,16,13,26,71,0,71,0.4225352112676056,0.16901408450704225
61575158919664,6,1,1,hi,1,india,1,2,4,14,14,14,1.877387064296613,0.42857142857142855,6,2,3,3,14,0,14,0.2857142857142857,0.14285714285714285
61575159055532,27,1,1,en,1,united states,1,21,6,76,76,76,1.8524935532097513,0.4342105263157895,16,18,9,33,75,1,76,0.3684210526315789,0.2631578947368421
61575159116773,22,1,1,en,1,india,1,22,0,59,0,59,1.8360375786375047,0.4067796610169492,19,8,8,24,59,0,59,0.3559322033898305,0.23728813559322035
61575159445487,27,1,1,pt,1,brazil,1,20,7,72,72,72,1.6219553695559377,0.5833333333333334,42,13,7,10,72,0,72,0.3333333333333333,0.375
61575159562070,26,1,1,en,1,united states,1,20,6,69,41,69,1.7893531779931482,0.4782608695652174,15,14,7,33,69,0,69,0.13043478260869565,0.4782608695652174
61575159669551,25,1,1,en,1,united states,1,20,5,67,0,67,1.6813855651063676,0.44776119402985076,30,24,9,4,67,0,67,0.16417910447761194,0.1791044776119403
61575160042015,36,1,1,en,1,united states,1,31,5,100,70,100,1.6329487998059422,0.55,55,12,8,25,100,0,100,0.28,0.29
61575160494494,26,1,1,en,1,india,1,21,5,67,43,67,1.7376517058191534,0.417910447761194,28,7,7,25,67,0,67,0.4626865671641791,0.19402985074626866
61575160569222,40,1,1,hi,1,india,1,33,7,106,24,106,1.981135409710734,0.3018867924528302,29,24,21,32,104,2,104,0.47115384615384615,0.125
61575160987799,30,1,1,hi,1,india,1,23,7,82,26,82,1.9845622787025285,0.2926829268292683,24,20,16,22,82,0,82,0.3780487804878049,0.25609756097560976
61575161036747,20,1,1,en,1,united states,1,20,0,52,26,52,1.5852967004606704,0.46153846153846156,20,6,2,24,52,0,52,0.2692307692307692,0.4230769230769231
61575161155570,27,1,1,fr,1,france,1,21,6,75,10,75,1.8225241582304275,0.36,27,20,5,23,75,0,75,0.44,0.17333333333333334
61575161185543,28,1,1,pt,1,brazil,1,22,6,70,70,70,1.969193140500579,0.32857142857142857,13,18,16,23,70,0,69,0.36231884057971014,0.17391304347826086
61575161305509,17,1,1,fr,1,france,1,10,7,51,0,51,1.828082776470929,0.39215686274509803,20,15,4,12,51,0,51,0.29411764705882354,0.19607843137254902
61575161362001,27,1,1,en,1,india,1,21,6,72,24,72,1.3603250091759223,0.6666666666666666,48,5,4,15,72,0,72,0.19444444444444445,0.2916666666666667
61575161469537,26,1,1,hi,1,india,1,18,8,70,70,70,1.9588470712818156,0.3142857142857143,22,11,18,19,70,0,70,0.4142857142857143,0.14285714285714285
61575161685429,28,1,1,pt,1,brazil,1,21,7,79,0,79,1.79442171176818,0.4810126582278481,11,11,19,38,79,0,79,0.4430379746835443,0.16455696202531644
61575161785561,19,1,1,pt,1,brazil,1,19,0,51,2,51,1.7545476644295521,0.49019607843137253,8,5,13,25,51,0,51,0.5098039215686274,0.17647058823529413
61575162261889,7,1,1,en,1,united states,1,7,0,26,0,26,1.7758589482446405,0.46153846153846156,12,6,2,6,26,0,26,0.23076923076923078,0.34615384615384615
61575162475372,28,1,1,pt,1,brazil,1,22,6,77,71,77,1.9643483215406858,0.3116883116883117,15,15,23,24,77,0,77,0.3246753246753247,0.2597402597402597
61575162489311,26,1,1,en,1,united states,1,20,6,72,72,72,1.7289820959038213,0.4444444444444444,32,8,7,25,72,0,72,0.3055555555555556,0.3472222222222222
61575162879216,30,1,1,en,1,india,1,21,9,81,81,81,1.9458999788461582,0.35802469135802467,14,17,21,29,81,0,81,0.2345679012345679,0.2716049382716049
61575163345362,16,1,1,it,1,italy,1,15,1,45,0,45,1.9014149602767563,0.3333333333333333,14,5,15,11,45,0,45,0.4,0.1111111111111111
61575163365121,86,1,1,en|hi,2,india,1,64,22,199,0,199,1.943614221402875,0.34673366834170855,69,57,38,35,192,7,199,0.20100502512562815,0.2613065326633166
61575163975346,26,1,1,en,1,united states,1,20,6,71,71,71,1.7966949299355583,0.49295774647887325,35,10,12,14,70,1,71,0.19718309859154928,0.36619718309859156
61575164631789,26,1,1,en,1,united states,1,19,7,72,34,72,1.8571159756412001,0.4444444444444444,32,14,10,16,72,0,72,0.25,0.2638888888888889
61575164786639,26,1,1,fr,1,france,1,19,7,71,32,71,1.6734468480055547,0.49295774647887325,21,4,11,35,71,0,71,0.36619718309859156,0.2676056338028169
61575164835011,21,1,1,en,1,india,1,21,0,57,0,57,1.87276825054439,0.3157894736842105,16,18,5,18,57,0,57,0.43859649122807015,0.15789473684210525
61575165415117,25,1,1,fr,1,france,1,19,6,69,10,69,1.9011129210620936,0.36231884057971014,22,11,11,25,69,0,69,0.34782608695652173,0.2898550724637681
61575165654493,24,1,1,it,1,italy,1,19,5,64,56,64,1.3213783575012872,0.65625,42,7,1,14,64,0,64,0.265625,0.375
61575165704942,2,1,1,en,1,india,1,2,0,4,0,4,-0.0,1.0,0,0,0,4,4,0,4,0.25,0.5
61575165711738,42,1,1,en,1,united states,1,40,2,124,42,124,1.9510983582794494,0.3467741935483871,43,34,23,24,124,0,123,0.21951219512195122,0.2682926829268293
61575165795094,28,1,1,hi,1,india,1,20,8,71,0,71,1.9319958946143982,0.352112676056338,25,13,12,21,71,0,71,0.4225352112676056,0.15492957746478872
61575165805362,21,1,1,pt,1,brazil,1,14,7,60,0,60,1.803748585331192,0.38333333333333336,22,9,6,23,60,0,60,0.4,0.16666666666666666
61575165865356,22,1,1,it,1,italy,1,16,6,59,59,59,1.8755426483139015,0.423728813559322,25,8,12,14,59,0,59,0.4576271186440678,0.13559322033898305
61575166718931,46,1,1,hi,1,india,1,35,11,123,40,123,1.6933273633547254,0.4959349593495935,61,12,13,37,123,0,123,0.4796747967479675,0.14634146341463414
61575167439026,16,1,1,en,1,united states,1,16,0,43,0,43,1.3322482822037314,0.6744186046511628,29,7,1,6,43,0,43,0.20930232558139536,0.27906976744186046
61575167504945,43,1,1,hi,1,india,1,25,18,43,0,43,1.7618176246224282,0.4418604651162791,19,3,8,13,43,0,43,0.32558139534883723,0.32558139534883723
61575168115148,30,1,1,pt,1,brazil,1,23,7,84,0,84,1.8879185026711327,0.4166666666666667,21,14,14,35,83,1,84,0.35714285714285715,0.34523809523809523
61575168338780,21,1,1,hi,1,india,1,19,2,57,0,57,1.8226240926721886,0.38596491228070173,20,9,6,22,57,0,57,0.21052631578947367,0.3508771929824561
61575168609096,7,1,1,hi,1,india,1,7,0,17,17,17,1.54515219719895,0.5882352941176471,4,1,2,10,17,0,15,0.26666666666666666,0.3333333333333333
61575168818906,7,1,1,en,1,united states,1,7,0,14,0,14,1.1981174211304033,0.6428571428571429,1,0,4,9,14,0,14,0.14285714285714285,0.42857142857142855
61575168865233,28,1,1,fr,1,france,1,20,8,75,31,75,1.800914052864974,0.4266666666666667,32,11,8,24,75,0,75,0.25333333333333335,0.41333333333333333
61575169064734,9,1,1,fr,1,france,1,5,4,14,0,14,1.6105772433316423,0.5714285714285714,8,3,1,2,14,0,14,0.35714285714285715,0.35714285714285715
61575169251615,26,1,1,en,1,india,1,18,8,73,65,73,1.92087356949461,0.3835616438356164,28,17,11,17,72,1,73,0.2328767123287671,0.1780821917808219
61575169251717,35,1,1,en,1,united states,1,28,7,95,46,95,1.8871469716951357,0.42105263157894735,40,14,21,20,95,0,95,0.24210526315789474,0.3263157894736842
61575169856226,29,1,1,fr,1,france,1,21,8,79,34,79,1.853011759982189,0.379746835443038,30,23,7,19,79,0,79,0.24050632911392406,0.26582278481012656
61575170066469,60,1,1,en,1,india,1,52,8,166,74,166,1.598201893776666,0.5542168674698795,92,21,10,43,165,1,166,0.25903614457831325,0.3072289156626506
61575171008851,25,1,1,hi,1,india,1,17,8,68,46,68,1.8938436657719153,0.4117647058823529,17,12,11,28,66,2,68,0.4411764705882353,0.19117647058823528
61575171074787,28,1,1,en,1,india,1,20,8,78,0,78,1.9203927257395372,0.32051282051282054,25,10,18,25,78,0,78,0.3076923076923077,0.2692307692307692
61575171116206,22,1,1,fr,1,france,1,16,6,60,15,60,1.7822287189138017,0.45,18,9,6,27,60,0,60,0.3333333333333333,0.3333333333333333
61575171374363,32,1,1,en,1,india,1,20,12,84,0,84,1.9621420524432842,0.3333333333333333,23,17,16,28,84,0,84,0.2857142857142857,0.2261904761904762
61575171524686,20,1,1,it,1,italy,1,11,9,32,0,32,1.9620310230081113,0.34375,11,7,6,8,32,0,32,0.375,0.21875
61575171764840,2,1,1,pt,1,brazil,1,2,0,4,0,4,1.5,0.5,0,1,1,2,4,0,4,0.5,0.0
61575171891319,36,1,1,en,1,india,1,29,7,49,0,49,1.4821568543832009,0.5510204081632653,15,6,1,27,49,0,49,0.32653061224489793,0.30612244897959184
61575171998717,1,1,1,en,1,united states,1,1,0,2,0,2,1.0,0.5,0,1,0,1,2,0,2,0.5,0.0
61575172016084,29,1,1,it,1,italy,1,21,8,78,78,78,1.9368809848722779,0.3717948717948718,29,17,13,19,78,0,78,0.28205128205128205,0.3333333333333333
61575172208722,15,1,1,hi,1,india,1,14,1,35,0,35,1.852967746571906,0.45714285714285713,7,6,6,16,35,0,32,0.375,0.375
61575172646079,26,1,1,it,1,italy,1,18,8,70,70,70,1.952141455610898,0.3142857142857143,21,16,11,22,70,0,70,0.32857142857142857,0.35714285714285715
61575172671299,28,1,1,en,1,india,1,22,6,75,0,75,1.8421407857253995,0.41333333333333333,7,19,18,31,75,0,75,0.32,0.32
61575173184893,5,1,1,pt,1,brazil,1,5,0,12,0,12,1.7295739585136223,0.5,6,1,2,3,12,0,12,0.4166666666666667,0.0
61575173304172,30,1,1,en,1,united states,1,23,7,80,50,80,1.4042771197169022,0.6625,53,14,4,9,80,0,80,0.1625,0.35
61575173335119,111,1,1,fr,1,france,1,100,11,287,0,287,1.8988772878336166,0.40069686411149824,76,46,50,115,286,1,284,0.397887323943662,0.2323943661971831
61575173834792,27,1,1,it,1,italy,1,23,4,27,0,27,1.8913736972060495,0.4074074074074074,7,5,4,11,27,0,27,0.37037037037037035,0.14814814814814814
61575174051207,24,1,1,en,1,united states,1,24,0,58,0,58,1.6929893739416046,0.4482758620689655,26,6,5,21,58,0,58,0.3448275862068966,0.27586206896551724
61575174564777,7,1,1,pt,1,brazil,1,7,0,15,0,15,1.3752793655393791,0.6666666666666666,1,1,3,10,15,0,15,0.4666666666666667,0.2
61575174584515,31,1,1,fr,1,france,1,19,12,85,0,85,1.9600874291586405,0.35294117647058826,30,17,20,18,85,0,85,0.36470588235294116,0.21176470588235294
61575175274435,13,1,1,pt,1,brazil,1,13,0,28,0,28,1.9299111709758696,0.32142857142857145,9,4,6,9,28,0,28,0.39285714285714285,0.17857142857142858
61575175376019,30,1,1,en,1,india,1,21,9,79,30,79,1.914822231851757,0.3924050632911392,31,13,15,20,79,0,79,0.3037974683544304,0.25316455696202533
61575175574626,26,1,1,pt,1,brazil,1,18,8,73,0,73,1.7927445589939508,0.4657534246575342,18,7,14,34,73,0,73,0.4657534246575342,0.273972602739726
61575175703900,4,1,1,en,1,united states,1,0,4,8,8,8,1.811278124459133,0.375,3,1,3,1,8,0,8,0.125,0.125
61575175844377,38,1,1,it,1,italy,1,26,12,89,0,89,1.9539788586626015,0.3595505617977528,17,19,21,32,89,0,88,0.4318181818181818,0.1590909090909091
61575176273985,12,1,1,fr,1,france,1,12,0,24,0,24,1.8727298369794545,0.4166666666666667,6,3,5,10,24,0,24,0.4583333333333333,0.125
61575176354332,28,1,1,pt,1,brazil,1,16,12,67,0,67,1.9461280066619175,0.3283582089552239,19,10,16,22,67,0,67,0.29850746268656714,0.3582089552238806
61575176453944,25,1,1,en,1,united states,1,17,8,69,0,69,1.9840952992035015,0.2753623188405797,19,18,13,19,69,0,69,0.36231884057971014,0.15942028985507245
61575176588501,19,1,1,en,1,united states,1,3,16,50,0,50,1.9802690578383622,0.3,10,11,14,15,50,0,50,0.32,0.14
61575176784018,82,1,1,en,1,india,1,54,28,209,58,209,1.4866765801832675,0.645933014354067,135,23,32,19,207,2,209,0.23923444976076555,0.22966507177033493
61575177104039,6,1,1,en,1,india,1,6,0,6,0,6,1.4591479170272448,0.5,3,1,0,2,6,0,6,0.3333333333333333,0.5
61575177824548,10,1,1,pt,1,brazil,1,10,0,10,0,10,1.3609640474436813,0.5,0,1,4,5,10,0,10,0.8,0.0
61575177944341,21,1,1,it,1,italy,1,18,3,59,0,59,1.903812536492803,0.3898305084745763,23,13,8,15,59,0,59,0.423728813559322,0.22033898305084745
61575178004319,29,1,1,en,1,india,1,21,8,75,0,75,1.7935209511274697,0.4,27,9,9,30,75,0,75,0.28,0.4266666666666667
61575178135876,29,1,1,en,1,united states,1,22,7,77,41,77,1.9881602616095757,0.2987012987012987,17,23,17,20,77,0,77,0.22077922077922077,0.2597402597402597
61575178284754,26,1,1,fr,1,france,1,19,7,73,0,73,1.9435978849690088,0.3698630136986301,27,16,13,17,73,0,73,0.3150684931506849,0.1780821917808219
61575178315938,25,1,1,en,1,india,1,18,7,74,74,74,1.7771191880784176,0.47297297297297297,35,19,13,7,74,0,74,0.14864864864864866,0.2972972972972973
61575178484252,31,1,1,en,1,india,1,24,7,81,0,81,1.9009492654930304,0.3950617283950617,32,20,18,11,80,1,81,0.25925925925925924,0.2716049382716049
61575178538545,46,1,1,hi,1,india,1,34,12,117,45,117,1.9085918777976558,0.3247863247863248,38,14,38,27,117,0,117,0.38461538461538464,0.18803418803418803
61575178604610,34,1,1,fr,1,france,1,23,11,95,0,95,1.6659324132925772,0.49473684210526314,47,19,4,25,95,0,95,0.3368421052631579,0.28421052631578947
61575178904532,25,1,1,pt,1,brazil,1,21,4,71,0,71,1.9312516723226307,0.352112676056338,25,19,10,17,71,0,71,0.36619718309859156,0.22535211267605634
61575178964523,21,1,1,pt,1,brazil,1,14,7,56,0,56,1.889769848458481,0.3392857142857143,19,13,6,18,56,0,56,0.4107142857142857,0.23214285714285715
61575179138929,31,1,1,en,1,india,1,26,5,82,20,82,1.741925530402395,0.5,21,11,9,41,82,0,82,0.35365853658536583,0.36585365853658536
61575179154623,32,1,1,it,1,italy,1,24,8,88,0,88,1.9590168046710548,0.32954545454545453,29,25,16,18,87,1,88,0.22727272727272727,0.23863636363636365
61575179204422,18,1,1,hi,1,india,1,12,6,21,0,21,1.8726693569100332,0.3333333333333333,2,5,7,7,19,2,21,0.3333333333333333,0.38095238095238093
61575179333818,42,1,1,en,1,united states,1,34,8,120,120,120,1.7922341829334196,0.4166666666666667,50,15,14,41,120,0,120,0.26666666666666666,0.31666666666666665
61575179444503,30,1,1,it,1,italy,1,22,8,81,0,81,1.8169368432515727,0.4444444444444444,36,21,8,16,81,0,81,0.24691358024691357,0.30864197530864196
61575179504190,34,1,1,en,1,india,1,25,9,95,0,95,1.7914301177082255,0.42105263157894735,40,11,12,32,95,0,95,0.28421052631578947,0.3157894736842105
61575179948005,1,1,1,en,1,united states,1,1,0,2,0,2,1.0,0.5,0,1,1,0,2,0,2,0.0,0.0
61575180083634,17,1,1,en,1,united states,1,0,17,33,0,33,1.4841859890173696,0.5151515151515151,8,17,8,0,33,0,33,0.030303030303030304,0.3333333333333333
61575180353795,23,1,1,en,1,united states,1,17,6,67,21,67,1.924717573369202,0.3880597014925373,26,11,15,15,67,0,67,0.26865671641791045,0.208955223880597
61575180414410,20,1,1,it,1,italy,1,15,5,54,54,54,1.8927713036507445,0.37037037037037035,20,14,6,14,54,0,54,0.3148148148148148,0.2222222222222222
61575180835678,30,1,1,en,1,india,1,22,8,81,60,81,1.2336121643003106,0.7283950617283951,59,6,4,12,80,1,81,0.18518518518518517,0.43209876543209874
61575180854127,31,1,1,en,1,india,1,25,6,31,0,31,1.279798638034158,0.4838709677419355,15,0,2,14,31,0,31,0.16129032258064516,0.4838709677419355
61575181034422,29,1,1,it,1,italy,1,25,4,83,0,83,1.7751153648086533,0.39759036144578314,31,9,10,33,83,0,83,0.39759036144578314,0.3493975903614458
61575181357924,8,1,1,en,1,united states,1,4,4,24,0,24,1.2364405016961446,0.6666666666666666,16,3,0,5,24,0,23,0.34782608695652173,0.43478260869565216
61575181718394,12,1,1,hi,1,india,1,12,0,21,6,21,1.9814035902506322,0.2857142857142857,6,6,5,4,21,0,21,0.42857142857142855,0.047619047619047616
61575181808145,3,1,1,en,1,united states,1,1,2,12,0,12,1.6258145836939115,0.5,4,6,1,1,12,0,12,0.25,0.4166666666666667
61575182174151,10,1,1,it,1,italy,1,0,10,32,0,32,1.619888351662371,0.4375,14,13,2,3,32,0,32,0.1875,0.25
61575182438189,1,1,1,hi,1,india,1,1,0,3,0,3,0.9182958340544896,0.6666666666666666,2,1,0,0,3,0,3,0.3333333333333333,0.3333333333333333
61575182649538,46,1,1,en,1,united states,1,38,8,129,53,129,1.9201845148529253,0.3798449612403101,34,26,20,49,129,0,128,0.296875,0.2890625
61575182858010,29,1,1,en,1,united states,1,21,8,79,37,79,1.8667000613951383,0.3924050632911392,8,19,21,31,79,0,79,0.3670886075949367,0.24050632911392406
61575182934226,13,1,1,hi,1,india,1,8,5,30,0,30,1.781937063546704,0.4,10,2,6,12,30,0,30,0.4666666666666667,0.2
61575183128253,15,1,1,en,1,united states,1,15,0,15,0,15,1.565596230357602,0.4,4,5,0,6,15,0,15,0.3333333333333333,0.3333333333333333
61575183734143,3,1,1,en,1,india,1,0,3,6,0,6,1.4591479170272448,0.5,3,1,2,0,6,0,6,0.16666666666666666,0.3333333333333333
61575183774467,30,1,1,it,1,italy,1,22,8,83,62,83,1.9546650069349343,0.3614457831325301,30,17,17,19,83,0,83,0.20481927710843373,0.26506024096385544
61575183834424,16,1,1,fr,1,france,1,8,8,50,0,50,1.781551733715216,0.46,23,11,4,12,50,0,50,0.48,0.22
61575183853947,21,1,1,hi,1,india,1,16,5,52,0,52,1.717205339770073,0.5384615384615384,28,7,7,10,52,0,51,0.29411764705882354,0.29411764705882354
61575183980808,32,1,1,en,1,united states,1,25,7,87,87,87,1.6523944930229952,0.5057471264367817,44,9,7,27,86,1,87,0.2988505747126437,0.25287356321839083
61575184134497,21,1,1,hi,1,india,1,17,4,58,0,58,1.801973162773136,0.46551724137931033,14,11,6,27,58,0,58,0.4482758620689655,0.29310344827586204
61575184183801,24,1,1,en|hi,2,india,1,18,6,69,0,69,1.913679452650972,0.37681159420289856,26,19,10,14,69,0,69,0.3188405797101449,0.3188405797101449
61575184464216,26,1,1,hi,1,india,1,21,5,66,0,66,1.6797755239750236,0.5,33,20,7,6,66,0,66,0.25757575757575757,0.30303030303030304
61575184523495,29,1,1,en,1,united states,1,22,7,79,79,79,1.8128263865516967,0.46835443037974683,37,10,13,19,79,0,79,0.34177215189873417,0.13924050632911392
61575184700780,32,1,1,en,1,united states,1,24,8,87,43,87,1.9356773783235002,0.367816091954023,17,15,23,32,87,0,87,0.367816091954023,0.20689655172413793
61575184850763,40,1,1,en,1,united states,1,32,8,102,30,102,1.956023246015911,0.3431372549019608,35,18,22,27,102,0,102,0.3137254901960784,0.30392156862745096
61575184880681,29,1,1,en,1,india,1,21,8,80,80,80,1.56636135482221,0.5375,43,6,6,25,80,0,80,0.275,0.225
61575184883496,4,1,1,en,1,united states,1,4,0,5,0,5,0.7219280948873623,0.8,4,1,0,0,5,0,5,0.0,0.0
61575185048045,24,1,1,hi,1,india,1,22,2,66,13,66,1.804744415262743,0.3939393939393939,23,6,11,26,66,0,62,0.46774193548387094,0.1935483870967742
61575185215540,32,1,1,fr,1,france,1,10,22,72,15,72,1.9431091587792961,0.3611111111111111,26,13,14,19,72,0,72,0.2638888888888889,0.3611111111111111
61575185270726,26,1,1,en,1,united states,1,19,7,72,36,72,1.8473123534852047,0.3888888888888889,28,9,11,24,72,0,72,0.3194444444444444,0.2361111111111111
61575185444017,29,1,1,en,1,india,1,21,8,79,0,79,1.6861732939653127,0.5569620253164557,44,10,11,14,79,0,78,0.28205128205128205,0.28205128205128205
61575185665511,5,1,1,it,1,italy,1,2,3,12,6,12,1.8250112108241772,0.4166666666666667,1,5,3,3,12,0,12,0.25,0.0
61575186265522,54,1,1,en,1,india,1,43,11,145,84,145,1.6175950396991365,0.593103448275862,86,22,19,18,144,1,145,0.2206896551724138,0.2689655172413793
61575186644114,31,1,1,en,1,india,1,25,6,88,0,88,1.9484642144019215,0.3409090909090909,25,15,18,30,88,0,88,0.26136363636363635,0.38636363636363635
61575186938061,20,1,1,hi,1,india,1,17,3,54,16,54,1.9830975623895442,0.2962962962962963,15,11,16,12,54,0,53,0.41509433962264153,0.16981132075471697
61575187214281,25,1,1,it,1,italy,1,18,7,66,0,66,1.922049876063852,0.36363636363636365,19,13,10,24,66,0,66,0.25757575757575757,0.21212121212121213
61575187585374,1,1,1,en,1,india,1,0,1,2,0,2,1.0,0.5,1,0,1,0,2,0,2,0.5,0.5
61575187598053,26,1,1,en,1,united states,1,19,7,68,0,68,1.7334675491337996,0.4117647058823529,28,3,15,22,68,0,68,0.25,0.22058823529411764
61575188275516,26,1,1,it,1,italy,1,20,6,71,13,71,1.907329830105477,0.352112676056338,25,12,11,23,70,1,68,0.47058823529411764,0.20588235294117646
61575188455354,30,1,1,it,1,italy,1,23,7,82,18,82,1.9832675142706901,0.3170731707317073,26,19,19,18,82,0,82,0.3048780487804878,0.1951219512195122
61575189127860,8,1,1,en,1,united states,1,8,0,18,0,18,1.974937501201927,0.3333333333333333,4,4,6,4,18,0,18,0.3888888888888889,0.2777777777777778
61575189595265,4,1,1,pt,1,brazil,1,4,0,8,0,8,1.4056390622295665,0.5,4,0,1,3,8,0,8,0.375,0.125
61575189890579,29,1,1,en,1,united states,1,22,7,79,8,79,1.8704392182652572,0.4430379746835443,35,13,16,15,79,0,79,0.3037974683544304,0.17721518987341772
61575190033990,10,1,1,pt,1,brazil,1,10,0,19,0,19,1.60683227831811,0.47368421052631576,9,2,1,7,19,0,19,0.3684210526315789,0.3684210526315789
61575191120363,22,1,1,en,1,india,1,17,5,59,48,59,1.8599871338337657,0.4406779661016949,13,8,12,26,59,0,59,0.22033898305084745,0.4067796610169492
61575191317891,27,1,1,pt,1,brazil,1,21,6,73,0,73,1.981882952027733,0.3013698630136986,22,18,19,14,73,0,73,0.4657534246575342,0.2191780821917808
61575191407772,27,1,1,hi,1,india,1,8,19,66,0,66,1.6850356127069506,0.5606060606060606,37,10,10,9,66,0,65,0.3076923076923077,0.3230769230769231
61575191533648,38,1,1,en,1,india,1,20,18,94,0,94,1.8886031285382305,0.425531914893617,40,21,16,17,94,0,94,0.2553191489361702,0.2553191489361702
61575191803877,6,1,1,pt,1,brazil,1,0,6,14,0,14,1.7884504573082893,0.42857142857142855,1,3,6,4,14,0,14,0.14285714285714285,0.14285714285714285
61575191863415,29,1,1,hi,1,india,1,21,8,78,0,78,1.892309511821771,0.358974358974359,24,17,9,28,78,0,78,0.46153846153846156,0.1282051282051282
61575191993854,21,1,1,it,1,italy,1,16,5,56,56,56,1.7390231808352805,0.44642857142857145,25,6,6,19,56,0,56,0.25,0.375
61575192013645,25,1,1,fr,1,france,1,19,6,72,0,72,1.817016814519721,0.4722222222222222,34,15,14,9,72,0,72,0.2638888888888889,0.25
61575192170378,29,1,1,en,1,united states,1,23,6,72,72,72,1.6789905167431982,0.4305555555555556,31,7,6,28,72,0,71,0.30985915492957744,0.29577464788732394
61575192313600,16,1,1,en,1,india,1,16,0,36,0,36,1.275162982784857,0.7222222222222222,26,4,2,4,36,0,36,0.16666666666666666,0.3333333333333333
61575192343398,9,1,1,en,1,india,1,6,3,20,0,20,1.9588718484453604,0.35,4,7,4,5,20,0,20,0.25,0.25
61575192533877,27,1,1,fr,1,france,1,20,7,69,0,69,1.9611481314078871,0.3188405797101449,22,12,20,15,69,0,68,0.29411764705882354,0.2647058823529412
61575192817795,25,1,1,hi,1,india,1,21,4,66,40,66,1.9341699132611883,0.3484848484848485,23,14,10,19,66,0,66,0.3787878787878788,0.24242424242424243
61575193033802,11,1,1,it,1,italy,1,11,0,28,0,28,1.7884504573082896,0.42857142857142855,8,2,6,12,28,0,28,0.4642857142857143,0.17857142857142858
61575193043903,4,1,1,fr,1,france,1,0,4,9,0,9,1.6577427265048887,0.5555555555555556,5,1,2,1,9,0,9,0.1111111111111111,0.3333333333333333
61575193177628,12,1,1,en,1,united states,1,5,7,31,0,31,1.9361970401768431,0.3225806451612903,10,6,5,10,31,0,31,0.3225806451612903,0.22580645161290322
61575193327886,22,1,1,en,1,united states,1,17,5,59,0,59,1.3436837667049082,0.6949152542372882,41,5,4,9,59,0,59,0.2542372881355932,0.423728813559322
61575193753567,22,1,1,hi,1,india,1,9,13,22,0,22,1.752664572199357,0.4090909090909091,9,6,6,1,22,0,22,0.22727272727272727,0.4090909090909091
61575194273558,28,1,1,pt,1,brazil,1,20,8,72,17,72,1.9699150159968146,0.3333333333333333,16,18,14,24,72,0,72,0.3194444444444444,0.20833333333333334
61575194437497,26,1,1,hi,1,india,1,18,8,75,49,75,1.7546103525696117,0.49333333333333335,37,13,7,18,74,1,75,0.5466666666666666,0.2
61575194453909,22,1,1,fr,1,france,1,16,6,55,0,55,1.7151217592109562,0.4909090909090909,27,7,5,16,55,0,53,0.2641509433962264,0.3018867924528302
61575194887656,17,1,1,en,1,united states,1,17,0,46,0,46,1.956611527628801,0.30434782608695654,13,12,14,7,46,0,46,0.13043478260869565,0.391304347826087
61575195620241,37,1,1,en,1,united states,1,30,7,108,108,108,1.7621117122686094,0.4537037037037037,34,12,13,49,108,0,108,0.32407407407407407,0.3148148148148148
61575195653637,25,1,1,pt,1,brazil,1,18,7,68,68,68,1.980773120823728,0.29411764705882354,16,19,13,20,68,0,68,0.3382352941176471,0.23529411764705882
61575195673690,34,1,1,fr,1,france,1,22,12,86,0,86,1.9156319140664158,0.36046511627906974,31,21,11,23,85,1,86,0.27906976744186046,0.26744186046511625
61575195823790,25,1,1,pt,1,brazil,1,19,6,66,0,66,1.9287895734758211,0.3484848484848485,18,16,9,23,65,1,66,0.4393939393939394,0.13636363636363635
61575196063640,6,1,1,en,1,india,1,6,0,6,0,6,1.4591479170272448,0.5,3,1,0,2,6,0,6,0.3333333333333333,0.3333333333333333
61575196266354,26,1,1,en,1,united states,1,21,5,69,31,69,1.8625581365740658,0.42028985507246375,15,17,8,29,69,0,69,0.37681159420289856,0.21739130434782608
61575196430025,30,1,1,en,1,india,1,23,7,80,38,80,1.6213531109113795,0.5625,45,16,14,5,80,0,80,0.2375,0.3
61575196823636,25,1,1,pt,1,brazil,1,21,4,68,36,68,1.8709716272551853,0.36764705882352944,23,11,9,25,68,0,68,0.35294117647058826,0.25
61575197063677,24,1,1,pt,1,brazil,1,19,5,66,0,66,1.8567315130288489,0.45454545454545453,30,12,11,13,66,0,65,0.38461538461538464,0.18461538461538463
61575197214892,5,1,1,fr,1,france,1,5,0,9,9,9,1.4466166676282082,0.6666666666666666,1,1,1,6,9,0,9,0.4444444444444444,0.1111111111111111
61575197443570,8,1,1,fr,1,france,1,8,0,18,0,18,1.8163401138534077,0.4444444444444444,2,5,3,8,18,0,17,0.4117647058823529,0.11764705882352941
61575197780172,14,1,1,en,1,united states,1,12,2,41,0,41,1.995208063840645,0.2682926829268293,11,10,9,11,41,0,41,0.3170731707317073,0.2682926829268293
61575197783629,25,1,1,en,1,united states,1,19,6,64,42,64,1.7506806149845089,0.46875,30,9,6,19,63,1,64,0.234375,0.40625
61575198172815,31,1,1,en,1,united states,1,23,8,85,23,85,1.783702924292557,0.49411764705882355,42,17,16,10,85,0,85,0.29411764705882354,0.27058823529411763
61575198313376,11,1,1,it,1,italy,1,11,0,18,0,18,1.1221136771091087,0.7222222222222222,13,0,2,3,17,1,17,0.35294117647058826,0.23529411764705882
61575198368711,25,1,1,en,1,united states,1,18,7,25,0,25,1.9322381921018907,0.36,9,5,4,7,25,0,25,0.2,0.16
61575198623528,24,1,1,hi,1,india,1,19,5,55,0,55,1.7988916531084695,0.43636363636363634,17,6,8,24,55,0,55,0.4909090909090909,0.18181818181818182
61575199633160,38,1,1,it,1,italy,1,19,19,104,0,104,1.9378045814475051,0.34615384615384615,36,26,15,27,104,0,104,0.25961538461538464,0.25
61575200332740,44,1,1,en,1,united states,1,23,21,117,0,117,1.9767473942968063,0.3247863247863248,38,26,24,29,116,1,117,0.29914529914529914,0.3162393162393162
61575200353453,24,1,1,it,1,italy,1,17,7,64,0,64,1.969734892948779,0.328125,13,21,13,17,64,0,64,0.421875,0.1875
61575200393456,22,1,1,pt,1,brazil,1,14,8,62,0,62,1.7969025319679004,0.46774193548387094,16,7,10,29,61,1,62,0.41935483870967744,0.14516129032258066
61575200677396,15,1,1,en,1,united states,1,15,0,42,0,42,1.824979677163817,0.38095238095238093,16,11,3,12,42,0,42,0.3333333333333333,0.16666666666666666
61575200737328,28,1,1,hi,1,india,1,22,6,75,0,75,1.924658996017287,0.36,22,14,12,27,75,0,74,0.4864864864864865,0.16216216216216217
61575200813439,28,1,1,it,1,italy,1,23,5,77,41,77,1.8735026986054635,0.3246753246753247,25,25,7,20,77,0,77,0.45454545454545453,0.1038961038961039
61575200947430,2,1,1,en,1,united states,1,2,0,6,0,6,1.4591479170272446,0.5,3,2,0,1,6,0,6,0.16666666666666666,0.6666666666666666
61575201373332,31,1,1,fr,1,france,1,25,6,83,0,83,1.9327427716429715,0.3855421686746988,19,16,16,32,83,0,83,0.43373493975903615,0.1927710843373494
61575201412694,28,1,1,en,1,united states,1,20,8,79,0,79,1.9448408871035543,0.3291139240506329,24,26,13,16,79,0,79,0.24050632911392406,0.31645569620253167
61575201803459,2,1,1,it,1,italy,1,1,1,6,0,6,1.7924812503605778,0.5,1,1,3,1,6,0,6,0.3333333333333333,0.16666666666666666
61575201823318,13,1,1,pt,1,brazil,1,13,0,35,0,35,1.191538069913389,0.7428571428571429,5,2,2,26,35,0,35,0.5428571428571428,0.2571428571428571
61575202535455,29,1,1,hi,1,india,1,22,7,74,22,74,1.8289829218553337,0.3783783783783784,28,16,6,24,74,0,74,0.4189189189189189,0.14864864864864866
61575202633062,21,1,1,it,1,italy,1,17,4,62,0,62,1.9468615489032652,0.3225806451612903,17,9,16,20,62,0,62,0.41935483870967744,0.22580645161290322
61575202747259,29,1,1,hi,1,india,1,21,8,79,79,79,1.9042229211407578,0.4050632911392405,18,17,12,32,79,0,79,0.4810126582278481,0.11392405063291139
61575203023035,27,1,1,hi,1,india,1,20,7,71,0,71,1.862519746392887,0.4084507042253521,21,11,10,29,71,0,71,0.5492957746478874,0.14084507042253522
61575203153375,24,1,1,pt,1,brazil,1,19,5,33,0,33,1.52939911115929,0.5757575757575758,19,3,2,9,33,0,33,0.3333333333333333,0.06060606060606061
61575203154702,29,1,1,it,1,italy,1,22,7,80,6,80,1.9467221925771758,0.3375,27,13,17,23,80,0,78,0.38461538461538464,0.19230769230769232
61575203233193,30,1,1,pt,1,brazil,1,26,4,87,0,87,1.9382398105426328,0.3333333333333333,29,19,13,26,87,0,84,0.2857142857142857,0.2857142857142857
61575203322869,9,1,1,hi,1,india,1,9,0,16,0,16,1.7640976555739163,0.375,6,1,6,3,16,0,16,0.375,0.1875
61575203363269,22,1,1,en,1,united states,1,22,0,61,0,61,1.8081684323023983,0.45901639344262296,28,10,7,16,61,0,61,0.22950819672131148,0.2786885245901639
61575203873244,9,1,1,en,1,united states,1,9,0,25,25,25,1.5917056888227985,0.48,9,12,1,3,25,0,25,0.08,0.16
61575204173147,23,1,1,fr,1,france,1,16,7,61,0,61,1.9239280467468478,0.39344262295081966,14,11,12,24,61,0,61,0.4098360655737705,0.13114754098360656
61575204503352,31,1,1,pt,1,brazil,1,23,8,86,86,86,1.9383512843650181,0.32558139534883723,25,12,21,28,86,0,86,0.36046511627906974,0.26744186046511625
61575205147180,45,1,1,hi,1,india,1,39,6,125,48,125,1.8726013185726145,0.432,54,21,20,30,125,0,120,0.325,0.225
61575205357133,50,1,1,hi,1,india,1,36,14,126,63,126,1.9832015069569968,0.29365079365079366,37,33,24,32,126,0,125,0.336,0.208
61575205573015,21,1,1,fr,1,france,1,19,2,47,0,47,1.6797099580591528,0.40425531914893614,19,13,1,14,46,1,47,0.2765957446808511,0.2553191489361702
61575205733090,29,1,1,fr,1,france,1,22,7,78,0,78,1.871723247697312,0.41025641025641024,32,13,11,22,78,0,77,0.2727272727272727,0.2727272727272727
61575205783063,28,1,1,hi,1,india,1,20,8,78,0,78,1.7884893830928605,0.38461538461538464,30,7,12,29,78,0,75,0.56,0.09333333333333334
61575206172740,25,1,1,en,1,india,1,21,4,68,0,68,1.9663177153602065,0.3382352941176471,15,13,17,23,68,0,68,0.35294117647058826,0.16176470588235295
61575206263031,6,1,1,en,1,india,1,0,6,18,0,18,1.8910611120726526,0.3333333333333333,4,6,6,2,18,0,18,0.2777777777777778,0.05555555555555555
61575206423273,27,1,1,hi,1,india,1,20,7,76,76,76,1.7648308232779688,0.40789473684210525,31,9,8,28,76,0,74,0.6216216216216216,0.06756756756756757
61575206593229,24,1,1,fr,1,france,1,16,8,63,0,63,1.7709702783722014,0.4603174603174603,17,29,12,5,62,1,63,0.12698412698412698,0.30158730158730157
61575206663158,20,1,1,hi,1,india,1,20,0,48,2,48,1.6778120420306597,0.5625,7,6,8,27,48,0,48,0.5833333333333334,0.1875
61575206886818,25,1,1,hi,1,india,1,20,5,64,9,64,1.7415124066649303,0.421875,22,11,4,27,64,0,64,0.46875,0.203125
61575206982936,2,1,1,pt,1,brazil,1,2,0,2,0,2,1.0,0.5,0,1,0,1,2,0,2,0.0,0.5
61575207102945,2,1,1,hi,1,india,1,2,0,2,0,2,-0.0,1.0,0,0,0,2,2,0,2,1.0,0.0
61575207112351,28,1,1,en,1,united states,1,21,7,77,47,77,1.9712417225275534,0.33766233766233766,26,16,18,17,77,0,77,0.2857142857142857,0.18181818181818182
61575207162938,21,1,1,hi,1,india,1,21,0,57,0,57,1.962030733914501,0.3333333333333333,19,10,13,15,57,0,57,0.40350877192982454,0.10526315789473684
61575207187220,25,1,1,hi,1,india,1,17,8,66,44,66,1.6859419550157133,0.48484848484848486,32,10,4,20,66,0,66,0.45454545454545453,0.2727272727272727
61575207216928,26,1,1,en,1,india,1,18,8,72,52,72,1.796896706393906,0.3888888888888889,28,15,5,24,71,1,72,0.2777777777777778,0.4305555555555556
61575207594362,28,1,1,fr,1,france,1,22,6,74,6,74,1.8842879293805135,0.3918918918918919,29,11,12,22,74,0,74,0.28378378378378377,0.36486486486486486
61575207653082,25,1,1,it,1,italy,1,18,7,68,48,68,1.867959300191588,0.39705882352941174,20,13,8,27,68,0,67,0.47761194029850745,0.14925373134328357
61575207732884,28,1,1,en,1,india,1,21,7,75,0,75,1.5323345328807916,0.56,22,4,7,42,75,0,75,0.36,0.37333333333333335
61575207773071,42,1,1,it,1,italy,1,21,21,116,0,116,1.9255622926844693,0.3448275862068966,36,22,18,40,116,0,113,0.30973451327433627,0.2831858407079646
61575208087101,143,1,1,hi,1,india,1,105,38,386,25,386,1.7086274211009786,0.4689119170984456,181,33,46,126,377,9,377,0.4535809018567639,0.22546419098143236
61575208237020,22,1,1,hi,1,india,1,20,2,62,0,62,1.9682932540125773,0.3064516129032258,19,14,11,18,62,0,62,0.4032258064516129,0.12903225806451613
61575208314427,10,1,1,it,1,italy,1,3,7,27,19,27,1.7527152789797045,0.4444444444444444,12,3,3,9,27,0,26,0.4230769230769231,0.4230769230769231
61575208464247,30,1,1,fr,1,france,1,22,8,84,66,84,1.8603022804588836,0.4166666666666667,35,13,12,24,84,0,84,0.38095238095238093,0.20238095238095238
61575208582970,8,1,1,pt,1,brazil,1,0,8,16,0,16,1.7806390622295662,0.5,8,3,3,2,16,0,16,0.1875,0.3125
61575208852298,26,1,1,en,1,united states,1,20,6,75,33,75,1.8402533732411648,0.44,33,10,12,20,75,0,75,0.25333333333333335,0.24
61575208957114,3,1,1,en,1,united states,1,3,0,3,0,3,-0.0,1.0,3,0,0,0,3,0,3,0.3333333333333333,0.3333333333333333
61575208972156,17,1,1,en,1,united states,1,9,8,42,11,42,1.6678910913139695,0.5238095238095238,22,11,6,3,42,0,42,0.14285714285714285,0.2857142857142857
61575209202677,12,1,1,it,1,italy,1,6,6,31,0,31,1.8791963979769457,0.41935483870967744,13,8,5,5,31,0,31,0.2903225806451613,0.22580645161290322
61575209213090,18,1,1,fr,1,france,1,18,0,49,0,49,1.30818841536717,0.6530612244897959,12,1,4,32,49,0,49,0.5510204081632653,0.16326530612244897
61575209322828,2,1,1,hi,1,india,1,2,0,2,0,2,1.0,0.5,0,1,0,1,2,0,2,0.5,0.5
61575209617003,3,1,1,en,1,united states,1,1,2,12,0,12,1.7295739585136223,0.5,6,2,3,1,12,0,12,0.25,0.3333333333333333
61575209724467,23,1,1,it,1,italy,1,15,8,64,41,64,1.57948807676468,0.46875,30,4,5,25,64,0,63,0.42857142857142855,0.25396825396825395
61575210112934,12,1,1,fr,1,france,1,7,5,35,24,35,1.9125366679864562,0.37142857142857144,10,5,7,13,35,0,35,0.2571428571428571,0.3142857142857143
61575210202963,1,1,1,pt,1,brazil,1,1,0,1,0,1,-0.0,1.0,0,0,0,1,1,0,1,1.0,0.0
61575210563029,27,1,1,fr,1,france,1,20,7,68,23,68,1.996323266887341,0.27941176470588236,19,17,16,16,68,0,68,0.3235294117647059,0.19117647058823528
61575210912858,29,1,1,en,1,india,1,21,8,80,0,80,1.7498172759414705,0.45,36,5,16,23,80,0,80,0.425,0.25
61575211162353,4,1,1,en,1,united states,1,4,0,12,12,12,1.5,0.5,6,3,0,3,12,0,12,0.08333333333333333,0.16666666666666666
61575211332811,28,1,1,en,1,india,1,20,8,78,0,78,1.9497577148352694,0.3333333333333333,21,19,12,26,78,0,78,0.19230769230769232,0.3974358974358974
61575212768289,28,1,1,en,1,india,1,20,8,74,0,74,1.8661532450216598,0.40540540540540543,30,17,8,19,74,0,74,0.24324324324324326,0.33783783783783783
61575213172800,50,1,1,pt,1,brazil,1,0,50,101,0,101,1.6254548882506406,0.5742574257425742,58,18,8,17,101,0,100,0.16,0.34
61575213426598,6,1,1,hi,1,india,1,4,2,20,0,20,1.9854752972273344,0.3,5,4,5,6,20,0,19,0.3157894736842105,0.10526315789473684
61575213636737,26,1,1,hi,1,india,1,20,6,68,6,68,1.8645528450395559,0.36764705882352944,25,12,8,23,68,0,68,0.36764705882352944,0.3235294117647059
61575213712850,28,1,1,fr,1,france,1,17,11,76,0,76,1.7075549156280319,0.5394736842105263,41,13,8,14,76,0,76,0.25,0.34210526315789475
61575213712851,31,1,1,en,1,united states,1,23,8,85,71,85,1.3424948952076,0.6705882352941176,57,2,13,13,85,0,85,0.21176470588235294,0.3058823529411765
61575213786638,26,1,1,hi,1,india,1,20,6,72,20,72,1.9882412207127,0.3055555555555556,16,17,22,17,72,0,72,0.4305555555555556,0.1111111111111111
61575213802912,24,1,1,fr,1,france,1,17,7,59,0,59,1.9729701950673901,0.3220338983050847,19,15,11,14,59,0,59,0.2542372881355932,0.1694915254237288
61575214122495,20,1,1,en,1,india,1,16,4,54,0,54,1.5449658106429907,0.6111111111111112,33,7,4,10,54,0,54,0.2222222222222222,0.3148148148148148
61575214162123,48,1,1,en,1,india,1,40,8,133,80,133,1.8686021846944993,0.44360902255639095,59,22,24,28,133,0,133,0.3383458646616541,0.24812030075187969
61575214282867,24,1,1,it,1,italy,1,17,7,64,29,64,1.9413980376599163,0.328125,12,20,11,21,64,0,64,0.453125,0.15625
61575214542218,36,1,1,fr,1,france,1,24,12,95,0,95,1.898513015791981,0.3894736842105263,37,26,19,13,95,0,95,0.2736842105263158,0.2631578947368421
61575214852696,26,1,1,pt,1,brazil,1,19,7,68,0,68,1.840379010285669,0.4117647058823529,28,20,13,7,68,0,68,0.17647058823529413,0.22058823529411764
61575215511942,31,1,1,en,1,united states,1,23,8,86,54,86,1.835861944745742,0.3953488372093023,34,7,23,22,86,0,86,0.36046511627906974,0.22093023255813954
61575215662750,27,1,1,en,1,india,1,20,7,75,75,75,1.5193638061877388,0.6133333333333333,12,4,13,46,75,0,75,0.30666666666666664,0.38666666666666666
61575215922342,27,1,1,hi,1,india,1,20,7,73,0,73,1.9379229365823136,0.3424657534246575,25,21,11,16,73,0,73,0.3561643835616438,0.1780821917808219
61575216833978,6,1,1,en,1,india,1,6,0,13,0,13,1.7758589482446405,0.46153846153846156,3,3,6,1,13,0,13,0.38461538461538464,0.15384615384615385
61575217192659,36,1,1,fr,1,france,1,28,8,96,56,96,1.6857318579907938,0.4895833333333333,30,11,8,47,96,0,96,0.3541666666666667,0.3229166666666667
61575217242530,20,1,1,it,1,italy,1,15,5,48,0,48,1.883606748249535,0.3958333333333333,19,8,7,14,48,0,47,0.2978723404255319,0.3617021276595745
61575217992331,1,1,1,en,1,india,1,1,0,4,0,4,1.5,0.5,2,1,0,1,4,0,4,0.0,0.5
61575218136536,7,1,1,en,1,united states,1,4,3,19,0,19,1.9592989105296892,0.3157894736842105,6,5,5,3,19,0,19,0.21052631578947367,0.42105263157894735
61575218271749,1,1,1,en,1,united states,1,1,0,4,0,4,-0.0,1.0,4,0,0,0,4,0,4,0.0,0.5
61575218512614,26,1,1,en,1,united states,1,19,7,67,8,67,1.9079536683333271,0.3880597014925373,26,10,13,18,67,0,67,0.22388059701492538,0.29850746268656714
61575218982200,28,1,1,en,1,india,1,20,8,77,0,77,1.6825790626473809,0.5584415584415584,43,9,12,13,77,0,77,0.2987012987012987,0.2597402597402597
61575219052523,1,1,1,en,1,united states,1,0,1,4,0,4,-0.0,1.0,4,0,0,0,4,0,4,0.0,0.5
61575219937983,11,1,1,fr,1,france,1,3,8,34,0,34,1.763297114316859,0.4411764705882353,11,3,15,5,34,0,34,0.2647058823529412,0.2647058823529412
61575220341921,2,1,1,it,1,italy,1,2,0,2,0,2,1.0,0.5,1,0,0,1,2,0,2,0.5,0.0
61575220452128,73,1,1,it,1,italy,1,35,38,130,0,130,1.8062722492449812,0.47692307692307695,62,21,17,30,130,0,130,0.26153846153846155,0.3384615384615385
61575220522447,8,1,1,pt,1,brazil,1,0,8,22,0,22,1.6742939480062113,0.5,1,5,5,11,22,0,22,0.5,0.2727272727272727
61575220572212,25,1,1,en,1,india,1,19,6,68,0,68,1.9110605877097415,0.38235294117647056,26,12,11,19,68,0,68,0.3235294117647059,0.2647058823529412
61575220672434,46,1,1,fr,1,france,1,14,32,115,0,115,1.9186310269557314,0.34782608695652173,40,17,22,36,114,1,115,0.3826086956521739,0.1565217391304348
61575220722146,28,1,1,en,1,india,1,22,6,77,0,77,1.9008209334972286,0.4025974025974026,31,11,18,17,77,0,77,0.4025974025974026,0.23376623376623376
61575220913669,57,1,1,it,1,italy,1,31,26,141,0,141,1.9108451526664834,0.40425531914893614,26,25,33,57,141,0,140,0.45714285714285713,0.17857142857142858
61575221052035,26,1,1,hi,1,india,1,19,7,66,0,66,1.6914059116849611,0.4696969696969697,31,8,5,22,66,0,66,0.42424242424242425,0.18181818181818182
61575221212539,3,1,1,fr,1,france,1,3,0,3,0,3,0.9182958340544896,0.6666666666666666,0,0,1,2,3,0,3,0.3333333333333333,0.0
61575221286306,28,1,1,hi,1,india,1,23,5,76,0,76,1.879839240291081,0.39473684210526316,30,16,9,21,76,0,76,0.2894736842105263,0.3026315789473684
61575221512411,21,1,1,hi,1,india,1,14,7,51,0,51,1.8118999765138506,0.4117647058823529,21,6,7,17,51,0,51,0.37254901960784315,0.19607843137254902
61575221826234,28,1,1,en,1,united states,1,22,6,76,76,76,1.8113747531598268,0.4868421052631579,37,12,14,13,76,0,76,0.4342105263157895,0.2236842105263158
61575222441560,24,1,1,en,1,united states,1,24,0,66,0,66,1.9877042586530944,0.30303030303030304,14,16,16,20,66,0,66,0.3181818181818182,0.19696969696969696
61575222742411,27,1,1,pt,1,brazil,1,18,9,69,65,69,1.7333600222020125,0.4927536231884058,14,5,16,34,69,0,69,0.43478260869565216,0.17391304347826086
61575223032287,32,1,1,it,1,italy,1,17,15,82,0,82,1.9962145468103532,0.2804878048780488,20,19,20,23,82,0,82,0.32926829268292684,0.17073170731707318
61575223042460,3,1,1,en,1,united states,1,3,0,9,9,9,1.4355205042826666,0.5555555555555556,2,2,0,5,9,0,9,0.4444444444444444,0.3333333333333333
61575223102368,28,1,1,fr,1,france,1,21,7,76,0,76,1.55218795337597,0.5789473684210527,44,15,3,14,75,1,76,0.27631578947368424,0.25
61575223692078,15,1,1,en,1,india,1,15,0,42,0,42,1.6572972700972903,0.5476190476190477,10,5,4,23,42,0,42,0.30952380952380953,0.2619047619047619
61575223732196,27,1,1,pt,1,brazil,1,19,8,75,75,75,1.9332052751160917,0.37333333333333335,17,12,18,28,75,0,75,0.41333333333333333,0.26666666666666666
61575224033569,10,1,1,it,1,italy,1,7,3,27,0,27,1.925978598178143,0.37037037037037035,7,10,4,6,27,0,26,0.4230769230769231,0.2692307692307692
61575224243685,22,1,1,en,1,india,1,15,7,52,51,52,1.688035144392618,0.5384615384615384,28,6,12,6,52,0,52,0.36538461538461536,0.3076923076923077
61575224706492,13,1,1,en,1,united states,1,13,0,31,0,31,1.8623101351622202,0.3870967741935484,12,4,5,10,31,0,31,0.41935483870967744,0.22580645161290322
61575224736246,26,1,1,en,1,united states,1,25,1,69,0,69,1.8845307494596777,0.391304347826087,20,13,9,27,69,0,69,0.34782608695652173,0.2028985507246377
61575224752277,29,1,1,pt,1,brazil,1,21,8,78,67,78,1.9635737375229578,0.34615384615384615,27,18,15,18,78,0,78,0.23076923076923078,0.2692307692307692
61575224796183,28,1,1,hi,1,india,1,21,7,78,3,78,1.649995983642473,0.5256410256410257,41,21,11,5,78,0,78,0.3076923076923077,0.34615384615384615
61575224901312,29,1,1,en,1,india,1,23,6,78,0,78,1.819428237639296,0.3717948717948718,29,9,11,29,78,0,78,0.2948717948717949,0.32051282051282054
61575225052159,50,1,1,fr,1,france,1,18,32,129,0,129,1.496060209688293,0.627906976744186,81,14,9,25,127,2,129,0.31007751937984496,0.32558139534883723
61575225591449,4,1,1,it,1,italy,1,4,0,4,0,4,1.5,0.5,1,0,1,2,4,0,4,0.75,0.0
61575225621439,32,1,1,en,1,india,1,24,8,91,58,91,1.8110566405950874,0.4065934065934066,37,11,12,31,91,0,91,0.37362637362637363,0.2967032967032967
61575225952116,28,1,1,pt,1,brazil,1,21,7,72,72,72,1.9965931189865087,0.2638888888888889,19,19,16,18,72,0,72,0.3333333333333333,0.2222222222222222
61575226252249,30,1,1,en,1,united states,1,24,6,83,83,83,1.8828655455193977,0.39759036144578314,33,22,18,10,83,0,83,0.26506024096385544,0.24096385542168675
61575226372155,25,1,1,it,1,italy,1,19,6,72,0,72,1.9930468458810326,0.2638888888888889,19,19,19,15,72,0,68,0.2647058823529412,0.23529411764705882
61575226432039,27,1,1,pt,1,brazil,1,20,7,74,74,74,1.8605111676202242,0.44594594594594594,33,16,11,14,74,0,73,0.3287671232876712,0.2328767123287671
61575226491299,26,1,1,en,1,united states,1,19,7,68,19,68,1.4582735208203603,0.6617647058823529,45,8,7,8,68,0,68,0.20588235294117646,0.4117647058823529
61575227003442,27,1,1,it,1,italy,1,20,7,73,65,73,1.9717846396124112,0.3150684931506849,13,19,18,23,73,0,72,0.3472222222222222,0.1527777777777778
61575227382038,29,1,1,it,1,italy,1,21,8,79,0,79,1.566066218638938,0.4810126582278481,30,4,7,38,79,0,79,0.5316455696202531,0.20253164556962025
61575227471920,30,1,1,pt,1,brazil,1,13,17,94,0,94,1.8394284833096635,0.43617021276595747,41,22,10,21,94,0,94,0.26595744680851063,0.20212765957446807
61575227644589,24,1,1,hi,1,india,1,19,5,66,30,66,1.7738456683253727,0.3787878787878788,25,11,5,25,66,0,66,0.4696969696969697,0.15151515151515152
61575227652155,27,1,1,it,1,italy,1,14,13,69,0,69,1.7966654787825032,0.42028985507246375,29,12,6,22,69,0,69,0.34782608695652173,0.37681159420289856
61575227901999,9,1,1,pt,1,brazil,1,9,0,18,0,18,1.788215812371376,0.3888888888888889,5,5,1,7,18,0,18,0.5,0.05555555555555555
61575229057307,30,1,1,en,1,united states,1,22,8,80,3,80,1.7427376486136672,0.5,40,12,8,20,80,0,80,0.2,0.35
61575229511719,25,1,1,en,1,india,1,17,8,63,0,63,1.9272928655130057,0.31746031746031744,16,20,8,19,63,0,63,0.2698412698412698,0.2857142857142857
61575229541515,19,1,1,pt,1,brazil,1,17,2,47,0,47,1.9553470141926201,0.3404255319148936,16,9,9,13,47,0,47,0.2978723404255319,0.2765957446808511
61575229631870,18,1,1,pt,1,brazil,1,10,8,48,0,48,1.922807661262219,0.375,18,12,11,7,48,0,48,0.2708333333333333,0.20833333333333334
61575229661702,28,1,1,en,1,india,1,21,7,76,0,76,1.945868081076059,0.34210526315789475,21,17,26,12,76,0,76,0.2894736842105263,0.18421052631578946
61575229721815,23,1,1,fr,1,france,1,16,7,65,0,65,1.9400380718966321,0.35384615384615387,23,10,15,17,65,0,65,0.27692307692307694,0.26153846153846155
61575230391948,28,1,1,pt,1,brazil,1,24,4,75,13,75,1.9318234237906862,0.38666666666666666,29,17,14,15,75,0,75,0.29333333333333333,0.25333333333333335
61575230511981,37,1,1,en,1,united states,1,28,9,105,67,105,1.770585134393736,0.4857142857142857,27,14,13,51,105,0,105,0.2571428571428571,0.41904761904761906
61575230951648,21,1,1,hi,1,india,1,13,8,63,0,63,1.8857041650651585,0.38095238095238093,24,12,8,19,63,0,63,0.2698412698412698,0.31746031746031744
61575232161982,16,1,1,pt,1,brazil,1,7,9,32,0,32,1.9252361177297612,0.34375,11,5,6,10,32,0,32,0.375,0.15625
61575232553026,32,1,1,en,1,india,1,25,7,86,66,86,1.7365806365751397,0.46511627906976744,40,8,11,27,85,1,85,0.3058823529411765,0.29411764705882354
61575232601470,23,1,1,pt,1,brazil,1,18,5,67,0,67,1.8799371039831874,0.40298507462686567,27,15,8,17,66,1,67,0.3582089552238806,0.13432835820895522
61575232685670,1,1,1,en,1,united states,1,1,0,2,0,2,1.0,0.5,1,0,0,1,2,0,2,0.0,1.0
61575233361080,27,1,1,fr,1,france,1,22,5,74,8,74,1.8368985431045295,0.40540540540540543,30,15,7,22,74,0,74,0.24324324324324326,0.28378378378378377
61575233451054,22,1,1,fr,1,france,1,0,22,55,0,55,1.8781611564281304,0.43636363636363634,24,11,9,11,55,0,55,0.32727272727272727,0.34545454545454546
61575233451831,28,1,1,fr,1,france,1,20,8,75,15,75,1.951846682890244,0.30666666666666664,23,21,11,20,75,0,74,0.28378378378378377,0.2702702702702703
61575233571086,24,1,1,en,1,india,1,17,7,67,41,67,1.7294979700641409,0.44776119402985076,30,7,7,23,67,0,67,0.2537313432835821,0.29850746268656714
61575234201748,28,1,1,fr,1,france,1,21,7,74,0,74,1.8576206623838694,0.43243243243243246,19,10,13,32,73,1,74,0.3783783783783784,0.22972972972972974
61575234731508,4,1,1,hi,1,india,1,2,2,8,0,8,1.561278124459133,0.375,3,0,3,2,8,0,8,0.375,0.125
61575234951758,7,1,1,en,1,united states,1,0,7,19,0,19,0.9530138853315971,0.7894736842105263,15,2,0,2,19,0,19,0.15789473684210525,0.6842105263157895
61575235041706,41,1,1,hi,1,india,1,41,0,41,0,41,1.4325440493088506,0.6097560975609756,5,1,10,25,41,0,41,0.7073170731707317,0.07317073170731707
61575235145623,26,1,1,en,1,united states,1,23,3,69,41,69,1.937012259467299,0.37681159420289856,26,15,12,16,69,0,69,0.21739130434782608,0.3333333333333333
61575235457745,18,1,1,pt,1,brazil,1,12,6,42,0,42,1.7875572957053283,0.5,7,6,8,21,41,1,42,0.5476190476190477,0.19047619047619047
61575236285568,44,1,1,hi,1,india,1,41,3,48,21,48,1.889898436012107,0.4166666666666667,7,11,10,20,47,1,48,0.375,0.3333333333333333
61575236351657,27,1,1,fr,1,france,1,22,5,73,0,73,1.96964549690538,0.3150684931506849,20,23,13,17,73,0,73,0.2054794520547945,0.2465753424657534
61575236435207,23,1,1,hi,1,india,1,17,6,65,65,65,1.819915815589457,0.4461538461538462,29,10,8,18,63,2,65,0.46153846153846156,0.13846153846153847
61575236645717,21,1,1,hi,1,india,1,21,0,53,53,53,1.911671364360394,0.37735849056603776,20,10,8,15,52,1,53,0.6037735849056604,0.05660377358490566
61575237281286,28,1,1,it,1,italy,1,21,7,80,0,80,1.9542065446026684,0.325,26,13,18,23,80,0,80,0.4125,0.1625
61575237291575,27,1,1,fr,1,france,1,19,8,54,23,54,1.9481169926001045,0.37037037037037035,11,12,20,11,54,0,54,0.3148148148148148,0.16666666666666666
61575237995537,11,1,1,en,1,india,1,10,1,25,0,25,1.7912612804207124,0.44,11,2,5,7,25,0,25,0.24,0.24
61575238011610,1,1,1,pt,1,brazil,1,1,0,4,0,4,1.5,0.5,1,1,0,2,4,0,4,0.5,0.0
61575238131572,14,1,1,pt,1,brazil,1,14,0,38,3,38,1.9590727308354,0.34210526315789475,8,10,7,13,38,0,38,0.2631578947368421,0.3157894736842105
61575238222911,1,1,1,fr,1,france,1,1,0,3,3,3,0.9182958340544896,0.6666666666666666,1,0,0,2,3,0,3,0.6666666666666666,0.0
61575238462755,27,1,1,fr,1,france,1,22,5,74,74,74,1.1799514328454723,0.7162162162162162,53,2,4,15,74,0,74,0.22972972972972974,0.47297297297297297
61575239195372,7,1,1,hi,1,india,1,7,0,16,16,16,1.7961796919474975,0.4375,7,2,2,5,16,0,16,0.625,0.1875
61575239345239,88,1,1,en,1,united states,1,55,33,233,46,233,1.5905365361419939,0.5236051502145923,122,22,15,74,232,1,233,0.2532188841201717,0.33476394849785407
61575239957578,6,1,1,pt,1,brazil,1,6,0,19,0,19,1.7195538283221254,0.47368421052631576,2,2,6,9,19,0,19,0.3684210526315789,0.15789473684210525
61575240185294,8,1,1,en,1,united states,1,2,6,28,0,28,1.9043473322310223,0.32142857142857145,8,9,3,8,28,0,27,0.2962962962962963,0.2962962962962963
61575240371188,4,1,1,pt,1,brazil,1,4,0,8,0,8,1.75,0.5,1,4,1,2,8,0,8,0.25,0.125
61575240461266,26,1,1,pt,1,brazil,1,18,8,70,0,70,1.8801216077665968,0.35714285714285715,25,14,8,23,70,0,70,0.37142857142857144,0.21428571428571427
61575240712764,30,1,1,fr,1,france,1,21,9,79,22,79,1.9777475075796158,0.27848101265822783,14,22,21,22,79,0,79,0.26582278481012656,0.20253164556962025
61575241672508,27,1,1,fr,1,france,1,19,8,72,50,72,1.941108769813391,0.375,14,14,17,27,72,0,72,0.3611111111111111,0.2777777777777778
61575241691039,1,1,1,en,1,india,1,0,1,4,0,4,0.8112781244591328,0.75,3,0,1,0,4,0,4,0.0,0.5
61575242331382,19,1,1,it,1,italy,1,9,10,50,0,50,1.7847655023236335,0.46,14,5,8,23,50,0,50,0.46,0.14
61575242890282,32,1,1,en,1,india,1,24,8,88,0,88,1.959513928807275,0.3181818181818182,28,14,23,23,87,1,88,0.3409090909090909,0.18181818181818182
61575243183575,28,1,1,hi,1,india,1,20,8,75,75,75,1.9103083326692296,0.4,30,12,15,18,75,0,73,0.410958904109589,0.273972602739726
61575243311101,27,1,1,it,1,italy,1,20,7,67,0,67,1.894228794852963,0.40298507462686567,9,15,16,27,67,0,67,0.43283582089552236,0.19402985074626866
61575243441350,25,1,1,hi,1,india,1,19,6,67,0,67,1.747769975163886,0.3880597014925373,26,12,4,25,67,0,67,0.44776119402985076,0.19402985074626866
61575243455099,44,1,1,hi,1,india,1,37,7,122,44,122,1.7315534678711755,0.45901639344262296,56,13,13,40,121,1,122,0.5327868852459017,0.16393442622950818
61575243677655,23,1,1,pt,1,brazil,1,21,2,67,0,67,1.9197808441926558,0.3582089552238806,24,13,10,20,67,0,67,0.34328358208955223,0.1791044776119403
61575244115181,34,1,1,en,1,united states,1,21,13,87,0,87,1.9398457421693036,0.367816091954023,22,32,18,15,87,0,87,0.2988505747126437,0.19540229885057472
61575244145099,7,1,1,hi,1,india,1,7,0,18,18,18,1.6758220575766962,0.5,9,1,5,3,18,0,17,0.4117647058823529,0.17647058823529413
61575244820416,29,1,1,en,1,united states,1,21,8,79,10,79,1.9473647920769717,0.3291139240506329,15,24,26,14,79,0,79,0.3037974683544304,0.17721518987341772
61575245182508,36,1,1,en,1,india,1,20,16,100,78,100,1.7052602522375988,0.54,54,11,15,20,100,0,100,0.27,0.23
61575245195091,22,1,1,en,1,india,1,19,3,58,34,58,1.624495449734467,0.5862068965517241,34,9,9,6,58,0,58,0.29310344827586204,0.27586206896551724
61575245207410,3,1,1,pt,1,brazil,1,3,0,9,0,9,0.7642045065086203,0.7777777777777778,2,0,0,7,9,0,9,0.3333333333333333,0.5555555555555556
61575245285321,21,1,1,hi,1,india,1,9,12,57,43,57,1.7769424591541454,0.49122807017543857,28,12,11,6,57,0,55,0.2909090909090909,0.34545454545454546
61575245441106,28,1,1,en,1,india,1,22,6,80,0,80,1.6500673474132597,0.5375,43,21,9,7,80,0,80,0.125,0.45
61575245571245,24,1,1,pt,1,brazil,1,18,6,60,32,60,1.9074346758032799,0.38333333333333336,23,10,10,17,60,0,60,0.3,0.26666666666666666
61575246022295,24,1,1,en,1,india,1,17,7,70,37,70,1.6456600807363158,0.5714285714285714,40,7,10,13,70,0,70,0.3,0.2714285714285714
61575246141097,3,1,1,en,1,united states,1,0,3,6,0,6,0.6500224216483541,0.8333333333333334,5,1,0,0,6,0,6,0.0,0.3333333333333333
61575246635176,28,1,1,en,1,united states,1,21,7,76,0,76,1.9819407868640977,0.2894736842105263,22,16,16,22,76,0,76,0.2236842105263158,0.32894736842105265
61575247115078,15,1,1,en,1,united states,1,14,1,33,0,33,1.9193860483133605,0.3939393939393939,13,6,8,6,33,0,33,0.30303030303030304,0.3333333333333333
61575247240959,29,1,1,hi,1,india,1,21,8,79,0,79,1.951447369374288,0.35443037974683544,28,17,14,20,79,0,78,0.5128205128205128,0.11538461538461539
61575247551051,25,1,1,en,1,united states,1,19,6,68,8,68,1.9052410659951995,0.39705882352941174,27,10,14,17,68,0,68,0.20588235294117646,0.3235294117647059
61575247900849,28,1,1,fr,1,france,1,20,8,79,0,79,1.9233842726806163,0.379746835443038,30,14,14,21,78,1,79,0.3291139240506329,0.22784810126582278
61575248000254,25,1,1,en,1,united states,1,17,8,69,47,69,1.5007336862828549,0.5942028985507246,41,5,5,18,69,0,69,0.2318840579710145,0.30434782608695654
61575248710745,26,1,1,fr,1,france,1,18,8,70,0,70,1.9416434647422087,0.34285714285714286,20,15,11,24,70,0,70,0.3,0.35714285714285715
61575248751082,10,1,1,en,1,india,1,10,0,20,0,20,1.647730922119161,0.5,6,1,3,10,20,0,20,0.3,0.35
61575248771116,28,1,1,en,1,india,1,20,8,74,0,74,1.750146690074649,0.4864864864864865,36,14,6,18,74,0,74,0.25675675675675674,0.28378378378378377
61575248801181,2,1,1,pt,1,brazil,1,2,0,2,0,2,-0.0,1.0,0,0,0,2,2,0,2,0.0,0.0
61575249017115,20,1,1,it,1,italy,1,20,0,54,0,54,1.9659902819357729,0.3333333333333333,18,12,10,14,53,1,53,0.37735849056603776,0.2641509433962264
61575249167330,1,1,1,pt,1,brazil,1,1,0,1,0,1,-0.0,1.0,0,0,0,1,1,0,1,1.0,0.0
61575249411018,29,1,1,it,1,italy,1,24,5,75,0,75,1.7760654585421916,0.49333333333333335,37,15,8,15,75,0,75,0.18666666666666668,0.3333333333333333
61575249640975,33,1,1,pt,1,brazil,1,22,11,86,15,86,1.942480883522375,0.313953488372093,25,22,12,27,86,0,86,0.45348837209302323,0.20930232558139536
61575249940957,26,1,1,en,1,india,1,15,11,71,0,71,1.9033586194420984,0.4084507042253521,29,17,13,12,71,0,71,0.18309859154929578,0.352112676056338
61575249940987,1,1,1,hi,1,india,1,0,1,2,0,2,1.0,0.5,1,0,1,0,2,0,2,0.0,0.0
61575250010970,57,1,1,en,1,india,1,43,14,157,77,157,1.8642422792723548,0.4394904458598726,69,34,22,32,156,1,157,0.28662420382165604,0.2356687898089172
61575250086546,27,1,1,fr,1,france,1,22,5,69,55,69,1.8580437959997034,0.4057971014492754,28,10,10,21,69,0,69,0.3188405797101449,0.2028985507246377
61575250157025,33,1,1,pt,1,brazil,1,21,12,80,0,80,1.8923414355535932,0.425,17,14,15,34,80,0,80,0.4625,0.25
61575250222252,27,1,1,it,1,italy,1,21,6,74,0,74,1.8693444377784691,0.4189189189189189,31,16,9,18,74,0,74,0.2972972972972973,0.17567567567567569
61575250540402,1,1,1,fr,1,france,1,1,0,2,0,2,1.0,0.5,1,0,0,1,2,0,2,0.5,0.5
61575250990671,27,1,1,en,1,india,1,19,8,76,0,76,1.9076567739017887,0.35526315789473684,27,21,9,19,76,0,76,0.35526315789473684,0.2236842105263158
61575251410667,20,1,1,en,1,india,1,19,1,50,0,50,1.656551439339458,0.46,18,3,6,23,50,0,50,0.34,0.32
61575251482144,27,1,1,en,1,india,1,19,8,76,72,76,1.8506509667148334,0.4473684210526316,34,16,10,16,76,0,76,0.35526315789473684,0.2236842105263158
61575251554800,26,1,1,en,1,india,1,18,8,70,0,70,1.3678904314665503,0.6857142857142857,48,4,8,10,70,0,70,0.22857142857142856,0.34285714285714286
61575251690862,3,1,1,pt,1,brazil,1,0,3,6,0,6,1.4591479170272448,0.5,2,3,1,0,6,0,6,0.16666666666666666,0.3333333333333333
61575251884570,30,1,1,en,1,united states,1,22,8,82,0,82,1.955332251977398,0.35365853658536583,29,15,20,18,82,0,82,0.3048780487804878,0.25609756097560976
61575251950915,27,1,1,hi,1,india,1,19,8,73,0,73,1.8936316190439364,0.410958904109589,11,18,14,30,71,2,71,0.5774647887323944,0.19718309859154928
61575252340775,26,1,1,it,1,italy,1,19,7,69,0,69,1.8785765800987673,0.43478260869565216,30,14,14,11,69,0,69,0.2463768115942029,0.2753623188405797
61575252370580,11,1,1,pt,1,brazil,1,11,0,26,0,26,1.8608941290707994,0.4230769230769231,6,11,3,6,26,0,26,0.19230769230769232,0.2692307692307692
61575252650029,26,1,1,en,1,united states,1,19,7,70,42,70,1.7160269377413824,0.42857142857142855,26,8,6,30,70,0,70,0.2857142857142857,0.3
61575253341968,24,1,1,it,1,italy,1,17,7,68,68,68,1.9961756752605335,0.2647058823529412,18,15,18,17,68,0,68,0.4117647058823529,0.19117647058823528
61575253840617,41,1,1,hi,1,india,1,24,17,126,0,126,1.8381134062698035,0.4603174603174603,58,22,18,28,126,0,126,0.30952380952380953,0.2857142857142857
61575254242039,23,1,1,it,1,italy,1,16,7,64,2,64,1.7989470986425002,0.390625,25,10,6,23,64,0,64,0.34375,0.1875
61575254572008,29,1,1,en,1,india,1,22,7,79,0,79,1.8143234441387326,0.4177215189873418,33,8,13,25,79,0,79,0.27848101265822783,0.2911392405063291
61575254650741,23,1,1,fr,1,france,1,16,7,57,0,57,1.982242904002353,0.3157894736842105,14,12,13,18,57,0,57,0.3508771929824561,0.2631578947368421
61575254950513,41,1,1,hi,1,india,1,26,15,104,0,104,1.975940610039733,0.3269230769230769,34,24,21,25,104,0,103,0.46601941747572817,0.20388349514563106
61575255040324,28,1,1,en,1,india,1,22,6,77,0,77,1.9092914969947696,0.33766233766233766,25,16,10,26,77,0,77,0.2597402597402597,0.19480519480519481
61575255680659,25,1,1,it,1,italy,1,18,7,66,0,66,1.9564775417737672,0.3181818181818182,21,20,12,13,64,2,64,0.25,0.1875
61575256546492,24,1,1,pt,1,brazil,1,21,3,67,0,67,1.8026647165766627,0.43283582089552236,29,8,9,21,67,0,67,0.5522388059701493,0.04477611940298507
61575256610549,26,1,1,pt,1,brazil,1,20,6,72,61,72,1.8955734405551428,0.375,27,15,9,21,72,0,72,0.2916666666666667,0.2361111111111111
61575256696629,32,1,1,pt,1,brazil,1,19,13,82,0,82,1.7115308265386746,0.4146341463414634,34,8,8,32,81,1,82,0.35365853658536583,0.2926829268292683
61575256804626,29,1,1,en,1,united states,1,21,8,79,0,79,1.9057850463653467,0.3924050632911392,31,21,15,12,79,0,79,0.189873417721519,0.3037974683544304
61575257361849,14,1,1,en,1,india,1,6,8,34,20,34,1.9357417972482365,0.35294117647058826,12,8,5,9,34,0,34,0.20588235294117646,0.17647058823529413
61575257481813,23,1,1,it,1,italy,1,23,0,53,0,53,1.5904377488330708,0.49056603773584906,19,3,5,26,53,0,53,0.4339622641509434,0.2830188679245283
61575257675809,23,1,1,en,1,united states,1,16,7,62,0,62,1.830549414956927,0.45161290322580644,13,7,14,28,62,0,62,0.3225806451612903,0.3709677419354839
61575257686699,2,1,1,pt,1,brazil,1,2,0,2,0,2,-0.0,1.0,0,0,0,2,2,0,2,1.0,0.0
61575257740412,20,1,1,hi,1,india,1,20,0,48,0,48,1.7604434454418594,0.4166666666666667,17,7,4,20,42,6,48,0.5,0.1875
61575258094300,24,1,1,en,1,united states,1,19,5,62,0,62,1.6079784030063655,0.5161290322580645,32,8,3,19,61,1,62,0.3870967741935484,0.24193548387096775
61575258484381,5,1,1,hi,1,india,1,2,3,10,10,10,1.8464393446710154,0.4,4,3,2,1,10,0,10,0.2,0.3
61575258724354,17,1,1,hi,1,india,1,12,5,42,0,42,1.589763468945169,0.4523809523809524,19,3,3,17,42,0,42,0.47619047619047616,0.16666666666666666
61575258935897,29,1,1,en,1,united states,1,22,7,77,41,77,1.8638321977400722,0.44155844155844154,34,16,11,16,77,0,77,0.2727272727272727,0.2727272727272727
61575259270245,28,1,1,hi,1,india,1,19,9,74,0,74,1.841393145985053,0.4189189189189189,31,9,12,22,74,0,72,0.5277777777777778,0.16666666666666666
61575259594442,2,1,1,en,1,united states,1,2,0,8,0,8,1.75,0.5,2,1,4,1,8,0,8,0.125,0.25
61575259760425,70,1,1,it,1,italy,1,34,36,190,0,190,1.8298017941217808,0.4473684210526316,85,31,24,50,190,0,190,0.2894736842105263,0.29473684210526313
61575260350384,27,1,1,en,1,india,1,18,9,72,0,72,1.7736371222818637,0.3888888888888889,26,13,5,28,72,0,72,0.2361111111111111,0.3611111111111111
61575260650253,39,1,1,en,1,india,1,18,21,108,0,108,1.8646072688206994,0.3888888888888889,42,31,24,11,108,0,108,0.21296296296296297,0.2222222222222222
61575260781729,25,1,1,en,1,united states,1,18,7,67,12,67,1.9371346975039963,0.34328358208955223,20,23,11,13,67,0,67,0.31343283582089554,0.1791044776119403
61575260930330,27,1,1,pt,1,brazil,1,20,7,74,0,74,1.7742396442864896,0.4189189189189189,25,12,6,31,74,0,74,0.4189189189189189,0.21621621621621623
61575261580163,2,1,1,hi,1,india,1,0,2,8,0,8,1.9056390622295665,0.375,3,2,1,2,8,0,8,0.125,0.25
61575262040357,18,1,1,hi,1,india,1,18,0,45,0,45,1.6839079924806044,0.5555555555555556,25,5,8,7,45,0,41,0.43902439024390244,0.12195121951219512
61575262144291,27,1,1,pt,1,brazil,1,21,6,78,54,78,1.8508066705811168,0.3717948717948718,27,13,9,29,78,0,78,0.38461538461538464,0.24358974358974358
61575262461413,35,1,1,it,1,italy,1,35,0,80,0,80,1.965678736531769,0.3125,14,23,18,25,80,0,80,0.35,0.125
61575262720315,27,1,1,hi,1,india,1,19,8,74,0,74,1.9748263845609753,0.2972972972972973,22,13,19,20,74,0,73,0.3835616438356164,0.1917808219178082
61575262786641,6,1,1,pt,1,brazil,1,1,5,21,0,21,1.3778903318832147,0.6666666666666666,14,4,1,2,21,0,21,0.14285714285714285,0.38095238095238093
61575262870032,44,1,1,pt,1,brazil,1,29,15,104,1,104,1.6381245719319004,0.5769230769230769,60,14,11,19,104,0,103,0.2621359223300971,0.3300970873786408
61575262880279,31,1,1,en,1,united states,1,23,8,32,24,32,1.8726915986883301,0.4375,5,7,6,14,31,1,32,0.3125,0.0625
61575262936745,15,1,1,pt,1,brazil,1,15,0,15,0,15,1.781937063546704,0.4,3,1,5,6,15,0,15,0.5333333333333333,0.06666666666666667
61575263014083,13,1,1,en,1,united states,1,13,0,26,0,26,1.8656230927790345,0.4230769230769231,7,4,4,11,26,0,26,0.4230769230769231,0.19230769230769232
61575263074351,23,1,1,en,1,india,1,15,8,60,10,60,1.9919647031769114,0.2833333333333333,14,17,13,16,60,0,60,0.3333333333333333,0.2
61575263206752,21,1,1,pt,1,brazil,1,17,4,56,0,56,1.8908053406487797,0.39285714285714285,16,10,8,22,56,0,56,0.3392857142857143,0.21428571428571427
61575263480275,28,1,1,it,1,italy,1,20,8,74,0,74,1.7997946791000843,0.47297297297297297,17,14,8,35,74,0,74,0.4864864864864865,0.14864864864864866
61575263799927,24,1,1,pt,1,brazil,1,17,7,65,0,65,1.927975432079595,0.38461538461538464,12,16,12,25,65,0,64,0.34375,0.1875
61575263859746,1,1,1,it,1,italy,1,1,0,3,0,3,1.584962500721156,0.3333333333333333,1,0,1,1,3,0,3,0.6666666666666666,0.3333333333333333
61575264034178,36,1,1,hi,1,india,1,32,4,97,0,97,1.5563989809023155,0.5979381443298969,58,8,10,21,97,0,96,0.4583333333333333,0.20833333333333334
61575264110196,10,1,1,pt,1,brazil,1,7,3,21,0,21,1.8190269457641057,0.42857142857142855,2,4,6,9,21,0,21,0.47619047619047616,0.09523809523809523
61575264280119,28,1,1,hi,1,india,1,18,10,73,0,73,1.8172004172243221,0.4794520547945205,35,12,11,15,73,0,73,0.4246575342465753,0.1780821917808219
61575264680237,22,1,1,it,1,italy,1,17,5,62,0,62,1.6079784030063655,0.5161290322580645,32,8,3,19,62,0,62,0.3709677419354839,0.27419354838709675
61575264860231,31,1,1,en,1,united states,1,25,6,82,78,82,1.5333226543228844,0.524390243902439,43,7,4,28,82,0,82,0.3170731707317073,0.32926829268292684
61575265353888,25,1,1,en,1,india,1,18,7,69,49,69,1.754758097148299,0.5217391304347826,36,10,12,11,69,0,69,0.37681159420289856,0.2753623188405797
61575265701333,25,1,1,it,1,italy,1,18,7,68,68,68,1.829495196157193,0.47058823529411764,12,10,14,32,68,0,68,0.4411764705882353,0.29411764705882354
61575265851383,27,1,1,fr,1,france,1,20,7,77,20,77,1.5801888993944546,0.5974025974025974,46,9,7,15,77,0,77,0.2857142857142857,0.24675324675324675
61575266409821,16,1,1,it,1,italy,1,14,2,36,0,36,1.7743206735695558,0.4722222222222222,8,17,3,8,36,0,36,0.19444444444444445,0.3055555555555556
61575266811505,29,1,1,en,1,india,1,22,7,79,77,79,1.7964658682009667,0.43037974683544306,22,17,6,34,79,0,79,0.3670886075949367,0.3037974683544304
61575267050019,31,1,1,fr,1,france,1,24,7,79,0,79,1.9591733131024778,0.34177215189873417,27,16,21,15,79,0,79,0.34177215189873417,0.22784810126582278
61575267394192,25,1,1,en,1,india,1,19,6,70,33,70,1.540923455885253,0.4857142857142857,34,2,8,26,70,0,70,0.4142857142857143,0.2
61575267489949,31,1,1,en,1,india,1,24,7,83,0,83,1.7774177674770935,0.5060240963855421,42,16,13,12,83,0,83,0.30120481927710846,0.1927710843373494
61575267620030,24,1,1,pt,1,brazil,1,18,6,65,39,65,1.6127721459233333,0.5538461538461539,36,17,6,6,65,0,65,0.13846153846153847,0.27692307692307694
61575268509952,21,1,1,hi,1,india,1,15,6,57,0,57,1.831198702860038,0.43859649122807015,25,8,8,16,56,1,56,0.4107142857142857,0.23214285714285715
61575269031229,30,1,1,it,1,italy,1,23,7,80,0,80,1.904053297290802,0.4125,33,14,15,18,79,1,80,0.3375,0.2875
61575269529694,1,1,1,en,1,india,1,0,1,2,0,2,1.0,0.5,1,1,0,0,2,0,2,0.5,0.0
61575269721277,15,1,1,it,1,italy,1,11,4,43,43,43,1.9645939656220712,0.32558139534883723,12,9,14,8,43,0,43,0.23255813953488372,0.3023255813953488
61575270033631,6,1,1,en,1,united states,1,6,0,24,0,24,1.855388542207534,0.3333333333333333,8,2,6,8,24,0,24,0.5833333333333334,0.125
61575270286053,29,1,1,pt,1,brazil,1,21,8,80,0,80,1.946722192577176,0.3375,27,13,17,23,80,0,80,0.3375,0.2125
61575270286056,4,1,1,pt,1,brazil,1,4,0,7,0,7,1.8423709931771088,0.42857142857142855,2,3,1,1,7,0,7,0.7142857142857143,0.14285714285714285
61575270639527,34,1,1,en,1,india,1,29,5,52,0,52,1.9720476472177908,0.3076923076923077,10,11,16,15,51,1,52,0.46153846153846156,0.15384615384615385
61575270759607,22,1,1,pt,1,brazil,1,22,0,59,0,59,1.8890782511103295,0.3559322033898305,19,7,12,21,59,0,59,0.423728813559322,0.2542372881355932
61575271084032,6,1,1,hi,1,india,1,6,0,18,18,18,1.5002723456084084,0.6111111111111112,11,4,1,2,18,0,18,0.3888888888888889,0.2222222222222222
61575271516188,11,1,1,pt,1,brazil,1,11,0,33,0,33,1.875210094570845,0.36363636363636365,11,6,4,12,33,0,33,0.48484848484848486,0.12121212121212122
61575271539970,26,1,1,fr,1,france,1,16,10,81,0,81,1.9652378436702636,0.32098765432098764,26,15,17,23,81,0,81,0.38271604938271603,0.2222222222222222
61575272109398,3,1,1,en,1,india,1,3,0,3,0,3,-0.0,1.0,3,0,0,0,3,0,3,0.3333333333333333,0.0
61575274269379,36,1,1,it,1,italy,1,17,19,96,0,96,1.9874267924185613,0.2916666666666667,22,20,26,28,96,0,96,0.2708333333333333,0.2708333333333333
61575274479231,31,1,1,en,1,india,1,24,7,84,0,84,1.7002953780503676,0.47619047619047616,40,10,27,7,84,0,84,0.3333333333333333,0.20238095238095238
61575274509620,22,1,1,it,1,italy,1,18,4,33,0,33,1.8863462923266434,0.42424242424242425,5,7,7,14,33,0,33,0.30303030303030304,0.30303030303030304
61575274875915,3,1,1,pt,1,brazil,1,3,0,7,0,7,1.3787834934861753,0.5714285714285714,2,1,0,4,7,0,7,0.7142857142857143,0.0
61575274899327,19,1,1,en,1,india,1,14,5,47,0,47,1.6472891179062823,0.574468085106383,27,5,8,7,47,0,47,0.1276595744680851,0.44680851063829785
61575275282247,30,1,1,en,1,united states,1,22,8,82,82,82,1.5153824108113545,0.6341463414634146,52,13,8,9,82,0,82,0.2073170731707317,0.3048780487804878
61575275643651,21,1,1,en,1,india,1,15,6,50,0,50,1.7747937606110278,0.5,7,7,11,25,50,0,50,0.4,0.16
61575275709369,1,1,1,fr,1,france,1,1,0,3,0,3,0.9182958340544896,0.6666666666666666,2,0,0,1,3,0,3,0.6666666666666666,0.0
61575276286309,18,1,1,pt,1,brazil,1,18,0,49,0,49,1.8598675616619755,0.42857142857142855,12,10,21,6,49,0,49,0.22448979591836735,0.22448979591836735
61575276333496,8,1,1,en,1,united states,1,6,2,23,0,23,1.930019153691655,0.34782608695652173,4,4,7,8,23,0,23,0.391304347826087,0.30434782608695654
61575276699223,30,1,1,en,1,india,1,23,7,80,0,80,1.9785834229584385,0.325,19,18,17,26,80,0,80,0.2625,0.325
61575276789549,28,1,1,en,1,india,1,23,5,76,0,76,1.808329353563397,0.4868421052631579,37,14,11,14,76,0,76,0.18421052631578946,0.35526315789473684
61575277119536,10,1,1,hi,1,india,1,10,0,20,0,20,1.395461844238322,0.6,6,1,1,12,20,0,20,0.5,0.25
61575277190886,27,1,1,en,1,india,1,22,5,72,0,72,1.0082972139655566,0.8055555555555556,5,3,6,58,72,0,72,0.375,0.4027777777777778
61575277305874,24,1,1,pt,1,brazil,1,22,2,65,0,65,1.5556340005410962,0.5538461538461539,19,4,6,36,65,0,65,0.4153846153846154,0.3384615384615385
61575277599444,4,1,1,hi,1,india,1,0,4,9,0,9,1.3516441151533922,0.5555555555555556,5,3,0,1,9,0,9,0.2222222222222222,0.3333333333333333
61575278175509,16,1,1,pt,1,brazil,1,16,0,43,0,43,1.8625563943917338,0.4186046511627907,12,7,6,18,43,0,43,0.3953488372093023,0.20930232558139536
61575278199162,6,1,1,pt,1,brazil,1,6,0,13,0,13,1.7381493331928664,0.46153846153846156,4,2,1,6,13,0,13,0.3076923076923077,0.15384615384615385
61575278643409,13,1,1,hi,1,india,1,6,7,35,35,35,1.7667732881149005,0.5142857142857142,18,6,5,6,35,0,35,0.45714285714285713,0.05714285714285714
61575278649258,3,1,1,pt,1,brazil,1,3,0,5,0,5,1.3709505944546687,0.6,3,0,1,1,5,0,5,0.6,0.4
61575278750789,6,1,1,fr,1,france,1,6,0,18,6,18,1.1221136771091087,0.7222222222222222,13,3,0,2,18,0,18,0.2222222222222222,0.3333333333333333
61575280113437,48,1,1,it,1,italy,1,35,13,116,0,116,1.8109556860277696,0.4396551724137931,32,11,22,51,116,0,116,0.47413793103448276,0.14655172413793102
61575280143316,25,1,1,hi,1,india,1,19,6,61,40,61,1.9130706439202347,0.3770491803278688,23,17,9,12,61,0,61,0.3114754098360656,0.22950819672131148
61575280539096,11,1,1,it,1,italy,1,2,9,21,0,21,1.615250265088252,0.5238095238095238,11,6,3,1,21,0,21,0.19047619047619047,0.38095238095238093
61575281043341,15,1,1,en,1,united states,1,13,2,38,0,38,1.973726449630124,0.3157894736842105,9,10,12,7,38,0,38,0.3157894736842105,0.05263157894736842
61575281169106,29,1,1,hi,1,india,1,21,8,43,0,43,1.8153930495612216,0.46511627906976744,10,8,5,20,43,0,43,0.4418604651162791,0.20930232558139536
61575281349169,1,1,1,it,1,italy,1,1,0,3,0,3,-0.0,1.0,0,0,0,3,3,0,3,1.0,0.0
61575281379106,23,1,1,pt,1,brazil,1,15,8,62,0,62,1.900409132527022,0.4032258064516129,25,13,9,15,62,0,62,0.3870967741935484,0.20967741935483872
61575281379125,28,1,1,hi,1,india,1,28,0,58,0,58,1.5985930690006727,0.4827586206896552,28,2,8,20,58,0,56,0.4642857142857143,0.21428571428571427
61575282129145,16,1,1,pt,1,brazil,1,14,2,40,0,40,1.8279980751314266,0.4,16,7,4,13,40,0,40,0.225,0.4
61575282129146,3,1,1,pt,1,brazil,1,3,0,6,0,6,0.6500224216483541,0.8333333333333334,5,1,0,0,6,0,6,0.16666666666666666,0.5
61575282939129,1,1,1,hi,1,india,1,0,1,2,0,2,-0.0,1.0,0,0,0,2,2,0,2,1.0,0.0
61575283059200,27,1,1,en,1,india,1,19,8,27,0,27,1.7022065989201278,0.5185185185185185,6,2,14,5,27,0,27,0.37037037037037035,0.2222222222222222
61575283425918,1,1,1,pt,1,brazil,1,1,0,1,0,1,-0.0,1.0,0,0,0,1,1,0,1,1.0,0.0
61575283718902,26,1,1,en,1,india,1,19,7,73,0,73,1.9528750259441872,0.3287671232876712,24,16,12,21,73,0,73,0.3424657534246575,0.1506849315068493
61575284018966,13,1,1,en,1,india,1,13,0,28,0,28,1.4838317068446891,0.6428571428571429,2,4,4,18,28,0,28,0.32142857142857145,0.35714285714285715
61575284104535,26,1,1,en,1,united states,1,20,6,70,0,70,1.9266302220215943,0.34285714285714286,24,22,12,12,70,0,70,0.2714285714285714,0.18571428571428572
61575284943120,3,1,1,en,1,united states,1,3,0,8,0,8,1.561278124459133,0.375,2,0,3,3,8,0,8,0.25,0.375
61575285903180,30,1,1,hi,1,india,1,23,7,79,43,79,1.9082047738831776,0.34177215189873417,26,15,11,27,79,0,77,0.37662337662337664,0.2077922077922078
61575285909107,28,1,1,it,1,italy,1,20,8,78,0,78,1.5826726556337465,0.5897435897435898,46,10,6,16,78,0,76,0.25,0.27631578947368424
61575288458576,27,1,1,en,1,india,1,20,7,74,0,74,1.9341335938244022,0.3783783783783784,28,18,13,15,74,0,74,0.2972972972972973,0.3108108108108108
61575288482739,27,1,1,en,1,united states,1,21,6,74,74,74,1.81135378484466,0.4864864864864865,36,12,12,14,73,1,74,0.36486486486486486,0.10810810810810811
61575288632779,27,1,1,en,1,india,1,19,8,73,11,73,1.7472548763374336,0.5068493150684932,37,14,15,7,73,0,73,0.273972602739726,0.2328767123287671
61575289269088,30,1,1,fr,1,france,1,22,8,30,0,30,1.586569246460625,0.5333333333333333,16,1,5,8,30,0,30,0.2,0.5333333333333333
61575289802878,25,1,1,en,1,united states,1,18,7,70,0,70,1.88404310957068,0.42857142857142855,11,14,30,15,70,0,70,0.4142857142857143,0.14285714285714285
61575289868659,27,1,1,hi,1,india,1,19,8,70,0,70,1.824894505080906,0.4714285714285714,33,10,12,15,70,0,70,0.4857142857142857,0.18571428571428572
61575289892654,6,1,1,en,1,united states,1,6,0,17,0,17,1.4466479595102752,0.5294117647058824,5,3,0,9,17,0,17,0.4117647058823529,0.29411764705882354
61575289928805,25,1,1,pt,1,brazil,1,21,4,72,0,72,1.9292421306245802,0.3472222222222222,25,13,12,22,72,0,71,0.39436619718309857,0.18309859154929578
61575290060142,12,1,1,fr,1,france,1,0,12,24,0,24,1.2516291673878228,0.6666666666666666,16,4,0,4,24,0,24,0.125,0.375
61575290768892,19,1,1,fr,1,france,1,19,0,19,0,19,1.483226196970911,0.631578947368421,3,3,1,12,19,0,19,0.42105263157894735,0.2631578947368421
61575291278519,2,1,1,en,1,india,1,2,0,3,0,3,-0.0,1.0,0,0,0,3,3,0,3,0.3333333333333333,0.6666666666666666
61575291848717,20,1,1,pt,1,brazil,1,12,8,64,0,64,1.7510365226241893,0.421875,23,6,8,27,64,0,64,0.4375,0.171875
61575292040096,8,1,1,pt,1,brazil,1,8,0,15,15,15,1.7464657985040721,0.4666666666666667,3,4,1,7,15,0,15,0.4,0.06666666666666667
61575292058797,24,1,1,it,1,italy,1,18,6,66,0,66,1.9114911074404486,0.3939393939393939,26,17,11,12,66,0,66,0.30303030303030304,0.25757575757575757
61575292208468,18,1,1,hi,1,india,1,18,0,46,0,46,1.9653737658876234,0.32608695652173914,15,8,12,11,46,0,46,0.43478260869565216,0.13043478260869565
61575292508392,5,1,1,en|hi,2,india,1,0,5,12,0,12,1.784159127851422,0.4166666666666667,2,1,4,5,12,0,12,0.3333333333333333,0.16666666666666666
61575292864003,31,1,1,en,1,united states,1,23,8,85,39,85,1.862546889564821,0.4235294117647059,36,14,12,23,85,0,85,0.25882352941176473,0.3058823529411765
61575293048793,25,1,1,it,1,italy,1,20,5,34,0,34,1.851226815897192,0.4117647058823529,10,4,6,14,34,0,34,0.5294117647058824,0.23529411764705882
61575293438641,19,1,1,hi,1,india,1,18,1,46,0,46,1.6762681071300842,0.4782608695652174,15,3,6,22,46,0,46,0.5652173913043478,0.17391304347826086
61575293504986,18,1,1,pt,1,brazil,1,11,7,34,0,34,1.9210556987026668,0.29411764705882354,10,10,4,10,34,0,34,0.29411764705882354,0.38235294117647056
61575293558861,15,1,1,en,1,india,1,9,6,38,0,38,1.7309190996284372,0.5,19,9,3,7,38,0,38,0.3157894736842105,0.21052631578947367
61575293612857,30,1,1,hi,1,india,1,23,7,77,77,77,1.8987194441078792,0.4025974025974026,12,14,20,31,77,0,77,0.44155844155844154,0.18181818181818182
61575293614198,85,1,1,hi,1,india,1,65,20,259,0,259,1.8802744446034707,0.3552123552123552,89,43,35,92,257,2,254,0.4330708661417323,0.18503937007874016
61575294698428,24,1,1,it,1,italy,1,18,6,68,0,68,1.8305538171643134,0.38235294117647056,26,10,8,24,68,0,68,0.3088235294117647,0.27941176470588236
61575296828314,27,1,1,hi,1,india,1,20,7,77,0,77,1.9986515202158852,0.2597402597402597,19,18,20,20,77,0,77,0.4155844155844156,0.23376623376623376
61575297002302,1,1,1,en,1,united states,1,1,0,2,0,2,1.0,0.5,1,0,0,1,2,0,2,0.0,1.0
61575297938775,26,1,1,en,1,india,1,19,7,70,0,70,1.8283790654862586,0.37142857142857144,26,24,14,6,70,0,70,0.21428571428571427,0.21428571428571427
61575299168368,9,1,1,hi,1,india,1,6,3,20,0,20,1.4411535278793055,0.65,13,3,1,3,20,0,20,0.25,0.35
61575299348163,26,1,1,pt,1,brazil,1,18,8,69,0,69,1.8934673306447825,0.36231884057971014,25,22,13,9,68,1,69,0.2753623188405797,0.2898550724637681
61575301268192,29,1,1,en,1,india,1,22,7,80,0,80,1.38032785795644,0.675,54,14,7,5,80,0,80,0.2125,0.275
61575301322254,4,1,1,en,1,india,1,4,0,12,12,12,1.280672129520887,0.5833333333333334,7,4,1,0,11,1,12,0.16666666666666666,0.25
61575302048069,19,1,1,en,1,india,1,19,0,51,0,51,1.893477738155781,0.35294117647058826,18,9,17,7,51,0,51,0.2549019607843137,0.17647058823529413
61575302234656,30,1,1,pt,1,brazil,1,23,7,87,0,87,1.605990781736927,0.5517241379310345,22,12,5,48,87,0,87,0.4942528735632184,0.06896551724137931
61575302492181,29,1,1,hi,1,india,1,22,7,82,0,82,1.9704760782493587,0.3170731707317073,23,26,16,17,82,0,81,0.37037037037037035,0.18518518518518517
61575302504611,39,1,1,pt,1,brazil,1,23,16,109,0,109,1.78499653541081,0.4954128440366973,54,14,23,18,108,1,109,0.23853211009174313,0.28440366972477066
61575303902251,26,1,1,en,1,united states,1,18,8,72,0,72,1.6140054628542204,0.5833333333333334,42,12,6,12,72,0,72,0.2638888888888889,0.2916666666666667
61575304682136,27,1,1,hi,1,india,1,20,7,71,67,71,1.7912981914907644,0.4084507042253521,29,12,6,24,71,0,71,0.4084507042253521,0.39436619718309857
61575304844283,44,1,1,it,1,italy,1,4,40,107,0,107,1.7361039864247603,0.5046728971962616,54,23,9,21,107,0,107,0.24299065420560748,0.308411214953271
61575304904461,19,1,1,pt,1,brazil,1,1,18,49,0,49,1.8893164107768115,0.40816326530612246,20,13,8,8,49,0,49,0.30612244897959184,0.3673469387755102
61575305287673,19,1,1,pt,1,brazil,1,6,13,51,0,51,1.8937856801003559,0.37254901960784315,16,8,8,19,51,0,51,0.3137254901960784,0.3137254901960784
61575305648078,26,1,1,it,1,italy,1,26,0,64,0,64,1.6895018404037767,0.5,19,7,6,32,63,1,64,0.5,0.21875
61575306397643,26,1,1,pt,1,brazil,1,18,8,64,0,64,1.9758072009096144,0.3125,20,12,15,17,64,0,64,0.328125,0.234375
61575306397650,8,1,1,hi,1,india,1,2,6,17,0,17,1.2772018112022603,0.7058823529411765,12,1,1,3,17,0,17,0.23529411764705882,0.29411764705882354
61575306427918,31,1,1,en,1,india,1,23,8,86,0,86,1.0796750313428172,0.5,43,0,1,42,86,0,86,0.27906976744186046,0.3488372093023256
61575306824315,3,1,1,pt,1,brazil,1,3,0,3,0,3,-0.0,1.0,3,0,0,0,3,0,3,0.0,0.0
61575307141915,14,1,1,en,1,united states,1,12,2,14,0,14,1.1981174211304033,0.6428571428571429,1,9,4,0,14,0,14,0.35714285714285715,0.0
61575307694452,27,1,1,pt,1,brazil,1,14,13,70,0,70,1.7960943274951415,0.4714285714285714,33,15,7,15,70,0,69,0.3188405797101449,0.2608695652173913
61575308401890,30,1,1,en,1,india,1,19,11,80,13,80,1.5071279967313997,0.6375,51,7,12,10,80,0,80,0.1625,0.25
61575308731871,1,1,1,en,1,united states,1,1,0,2,0,2,1.0,0.5,1,0,0,1,2,0,2,0.5,0.5
61575308947711,23,1,1,hi,1,india,1,17,6,35,0,35,1.8649373190628995,0.42857142857142855,5,9,6,15,35,0,35,0.45714285714285713,0.37142857142857144
61575309277787,24,1,1,hi,1,india,1,11,13,75,0,75,1.8153251254429787,0.38666666666666666,27,9,10,29,75,0,75,0.48,0.26666666666666666
61575309757898,18,1,1,fr,1,france,1,1,17,42,0,42,1.9334032942743584,0.35714285714285715,15,8,7,12,42,0,42,0.23809523809523808,0.40476190476190477
61575309787861,15,1,1,hi,1,india,1,15,0,33,0,33,1.6683733543693424,0.42424242424242425,14,2,4,13,33,0,30,0.36666666666666664,0.3333333333333333
61575310034038,23,1,1,pt,1,brazil,1,19,4,69,0,69,1.980972546929881,0.3188405797101449,22,15,15,17,69,0,68,0.29411764705882354,0.29411764705882354
61575311377502,26,1,1,en,1,india,1,19,7,68,0,68,1.9727020439823213,0.3088235294117647,12,21,17,18,68,0,68,0.27941176470588236,0.2647058823529412
61575311491588,26,1,1,en,1,united states,1,18,8,70,4,70,1.891824000775688,0.4,28,16,17,9,70,0,70,0.2,0.2714285714285714
61575312817624,9,1,1,pt,1,brazil,1,9,0,27,0,27,1.8080903610769052,0.4074074074074074,8,2,6,11,27,0,27,0.5555555555555556,0.14814814814814814
61575313410082,29,1,1,en,1,united states,1,21,8,82,60,82,1.8894370462661838,0.3902439024390244,32,18,10,22,82,0,82,0.25609756097560976,0.34146341463414637
61575313441528,28,1,1,hi,1,india,1,20,8,77,45,77,1.8309355584454239,0.45454545454545453,19,13,10,35,76,1,76,0.3026315789473684,0.3026315789473684
61575314377578,27,1,1,en,1,india,1,21,6,71,0,71,1.820873833237328,0.4788732394366197,34,14,11,12,71,0,71,0.2535211267605634,0.2112676056338028
61575314767501,1,1,1,pt,1,brazil,1,1,0,3,0,3,0.9182958340544896,0.6666666666666666,0,0,1,2,3,0,3,0.6666666666666666,0.0
61575314851612,26,1,1,en,1,india,1,19,7,69,15,69,1.9084031118695097,0.34782608695652173,8,18,19,24,69,0,69,0.43478260869565216,0.08695652173913043
61575315517473,14,1,1,en|hi,2,india,1,0,14,38,0,38,1.5294283316328894,0.42105263157894735,14,16,8,0,38,0,38,0.10526315789473684,0.42105263157894735
61575315757634,29,1,1,fr,1,france,1,23,6,80,0,80,1.9186109962096474,0.4,32,15,15,18,80,0,80,0.2875,0.2
61575316321515,1,1,1,en,1,united states,1,1,0,2,0,2,1.0,0.5,1,0,0,1,2,0,2,0.0,0.5
61575317113475,35,1,1,pt,1,brazil,1,20,15,83,0,83,1.8727903105314407,0.39759036144578314,25,12,13,33,83,0,83,0.4939759036144578,0.2289156626506024
61575318511359,30,1,1,en,1,india,1,22,8,83,61,83,1.8017469850141068,0.4819277108433735,40,16,17,10,82,1,83,0.2891566265060241,0.24096385542168675
61575318607485,30,1,1,it,1,italy,1,23,7,80,0,80,1.953712462921966,0.325,15,15,24,26,80,0,80,0.45,0.2125
61575318811347,27,1,1,hi,1,india,1,19,8,68,68,68,1.9290990021477512,0.3382352941176471,23,9,17,19,68,0,67,0.31343283582089554,0.3283582089552239
61575319057259,16,1,1,it,1,italy,1,16,0,32,0,32,1.9287289082033152,0.375,5,8,7,12,32,0,32,0.375,0.1875
61575320377109,18,1,1,en,1,india,1,18,0,49,0,49,1.3745470921226486,0.673469387755102,33,7,2,7,49,0,49,0.16326530612244897,0.32653061224489793
61575320767058,2,1,1,fr,1,france,1,2,0,6,0,6,1.0,0.5,0,3,0,3,6,0,6,0.0,0.8333333333333334
61575320856906,28,1,1,en,1,india,1,20,8,75,0,75,1.9351435459225075,0.37333333333333335,13,19,28,15,75,0,75,0.26666666666666666,0.25333333333333335
61575320971187,4,1,1,hi,1,india,1,4,0,10,10,10,1.8464393446710154,0.4,2,4,1,3,10,0,10,0.4,0.1
61575322057042,24,1,1,hi,1,india,1,11,13,58,0,58,1.9823383174624432,0.3103448275862069,18,12,13,15,58,0,58,0.3103448275862069,0.25862068965517243
61575322081045,5,1,1,en,1,united states,1,5,0,18,0,18,1.9071996707089478,0.3333333333333333,2,5,5,6,18,0,18,0.5,0.1111111111111111
61575322866986,36,1,1,hi,1,india,1,36,0,70,0,70,1.812815149059111,0.4857142857142857,13,12,11,34,70,0,70,0.5857142857142857,0.15714285714285714
61575323113578,24,1,1,pt,1,brazil,1,22,2,66,0,66,1.7739521392030881,0.4393939393939394,29,10,6,21,66,0,65,0.6,0.09230769230769231
61575323221107,8,1,1,en,1,india,1,0,8,22,22,22,0.7732266742876346,0.7727272727272727,17,0,0,5,22,0,22,0.22727272727272727,0.5
61575323256914,20,1,1,pt,1,brazil,1,18,2,60,0,60,1.693344863722962,0.5333333333333333,14,8,6,32,60,0,60,0.5333333333333333,0.15
61575323976887,44,1,1,en,1,india,1,33,11,44,0,44,1.8636816320790113,0.36363636363636365,15,5,8,16,44,0,44,0.3181818181818182,0.22727272727272727
61575324090992,18,1,1,en,1,united states,1,18,0,47,0,47,1.8782093365699304,0.3617021276595745,17,7,7,16,46,1,47,0.3617021276595745,0.23404255319148937
61575324156825,8,1,1,hi,1,india,1,0,8,22,0,22,1.9196905740496966,0.36363636363636365,6,3,5,8,22,0,22,0.36363636363636365,0.09090909090909091
61575324216831,25,1,1,en,1,india,1,22,3,69,0,69,1.8835408788686308,0.43478260869565216,30,13,13,13,68,1,69,0.3333333333333333,0.2318840579710145
61575324330999,27,1,1,hi,1,india,1,20,7,73,73,73,1.7568032270236764,0.4657534246575342,34,9,8,22,73,0,72,0.4583333333333333,0.20833333333333334
61575324666873,16,1,1,en,1,india,1,16,0,38,0,38,1.845969792465036,0.39473684210526316,15,12,4,7,37,1,38,0.15789473684210525,0.2631578947368421
61575324990974,20,1,1,en,1,united states,1,13,7,32,0,32,1.6604221338080105,0.4375,14,6,1,11,32,0,32,0.25,0.34375
61575326197106,23,1,1,fr,1,france,1,23,0,69,0,69,1.823031303575081,0.43478260869565216,20,11,8,30,69,0,69,0.43478260869565216,0.2028985507246377
61575326293375,8,1,1,pt,1,brazil,1,8,0,16,0,16,1.3716407621868583,0.6875,2,2,1,11,16,0,16,0.4375,0.3125
61575326402538,29,1,1,en,1,india,1,22,7,79,0,79,1.3908612313335076,0.6835443037974683,54,7,7,11,79,0,79,0.17721518987341772,0.34177215189873417
61575326407158,28,1,1,pt,1,brazil,1,11,17,67,0,67,1.9647600176404019,0.3283582089552239,15,22,12,18,67,0,67,0.3283582089552239,0.26865671641791045
61575326856811,22,1,1,en,1,india,1,17,5,58,0,58,1.7173534077270376,0.46551724137931033,27,12,3,16,58,0,58,0.2413793103448276,0.1724137931034483
61575327006862,26,1,1,pt,1,brazil,1,23,3,73,0,73,1.788120204103108,0.4246575342465753,24,11,7,31,73,0,73,0.410958904109589,0.3013698630136986
61575327722596,27,1,1,fr,1,france,1,20,7,72,0,72,1.7204074199363086,0.5138888888888888,37,13,6,16,72,0,71,0.2535211267605634,0.352112676056338
61575328033604,7,1,1,pt,1,brazil,1,3,4,16,0,16,1.936278124459133,0.375,6,4,3,3,16,0,16,0.375,0.1875
61575328303165,10,1,1,pt,1,brazil,1,10,0,22,0,22,1.8778867313886054,0.4090909090909091,9,4,3,6,22,0,22,0.13636363636363635,0.3181818181818182
61575329252391,25,1,1,en,1,india,1,19,6,67,63,67,1.9007008195744475,0.3582089552238806,20,15,8,24,67,0,67,0.2835820895522388,0.34328358208955223
61575329580712,3,1,1,en,1,united states,1,3,0,8,0,8,1.5,0.5,4,0,2,2,8,0,8,0.125,0.25
61575331140964,18,1,1,en,1,united states,1,18,0,49,0,49,1.9334109194076687,0.3673469387755102,18,10,13,8,48,1,49,0.40816326530612246,0.14285714285714285
61575331806749,22,1,1,hi,1,india,1,15,7,58,0,58,1.677500946901786,0.5172413793103449,30,5,7,16,58,0,54,0.5555555555555556,0.12962962962962962
61575331980945,23,1,1,hi,1,india,1,17,6,63,19,63,1.8969059599277003,0.36507936507936506,20,9,11,23,63,0,63,0.47619047619047616,0.1746031746031746
61575332580750,27,1,1,hi,1,india,1,21,6,73,55,73,1.93739508526129,0.3150684931506849,23,18,10,22,73,0,73,0.3972602739726027,0.2602739726027397
61575332676594,8,1,1,pt,1,brazil,1,1,7,21,0,21,1.6464417904241375,0.5238095238095238,11,4,5,1,21,0,21,0.09523809523809523,0.5238095238095238
61575332760625,1,1,1,en,1,india,1,1,0,1,1,1,-0.0,1.0,1,0,0,0,1,0,1,1.0,0.0
61575336973098,27,1,1,pt,1,brazil,1,21,6,74,0,74,1.920837005053909,0.33783783783783783,16,23,10,25,74,0,74,0.2972972972972973,0.22972972972972974
61575337067734,5,1,1,en,1,india,1,0,5,5,0,5,1.9219280948873623,0.4,1,2,1,1,5,0,5,0.2,0.0
61575337260599,7,1,1,en,1,united states,1,7,0,22,0,22,1.9698452580387982,0.3181818181818182,7,5,4,6,22,0,22,0.36363636363636365,0.22727272727272727
61575337302838,18,1,1,pt,1,brazil,1,13,5,51,0,51,1.7015116781834716,0.4117647058823529,21,10,2,18,51,0,51,0.39215686274509803,0.21568627450980393
61575338016283,6,1,1,hi,1,india,1,6,0,15,0,15,1.9329145639793976,0.3333333333333333,4,2,4,5,15,0,13,0.6923076923076923,0.0
61575338076453,33,1,1,en,1,india,1,25,8,33,0,33,1.9729784613640073,0.3333333333333333,11,7,7,8,33,0,33,0.30303030303030304,0.24242424242424243
61575338256874,8,1,1,pt,1,brazil,1,5,3,23,0,23,1.7200660483303318,0.43478260869565216,10,7,1,5,23,0,23,0.17391304347826086,0.6086956521739131
61575338256889,13,1,1,hi,1,india,1,13,0,15,0,15,1.6049355947431312,0.6,2,2,2,9,15,0,15,0.4,0.2
61575338790653,51,1,1,hi,1,india,1,39,12,128,94,128,1.797862463502971,0.484375,62,22,16,28,128,0,128,0.4453125,0.15625
61575340116503,41,1,1,en|hi,2,india,1,30,11,105,0,105,1.8710445431856866,0.4095238095238095,43,16,16,30,105,0,105,0.3238095238095238,0.2571428571428571
61575341406350,29,1,1,en,1,india,1,21,8,83,0,83,1.872790310531441,0.39759036144578314,33,12,13,25,83,0,83,0.40963855421686746,0.20481927710843373
61575341466231,24,1,1,hi,1,india,1,17,7,67,0,67,1.9431796002981239,0.34328358208955223,23,17,10,17,67,0,66,0.3484848484848485,0.2878787878787879
61575341550292,25,1,1,hi,1,india,1,20,5,67,63,67,1.8318011356085389,0.43283582089552236,29,13,7,18,63,4,66,0.2878787878787879,0.2878787878787879
61575341616290,31,1,1,en,1,india,1,24,7,85,0,85,1.3164012275709225,0.6941176470588235,59,12,3,11,85,0,85,0.15294117647058825,0.4
61575341850245,9,1,1,en,1,united states,1,7,2,30,0,30,1.6997906153230322,0.5,15,8,5,2,30,0,30,0.16666666666666666,0.4666666666666667
61575341976096,28,1,1,en,1,india,1,24,4,79,0,79,1.5710067148876954,0.6075949367088608,48,11,7,13,78,1,79,0.20253164556962025,0.3670886075949367
61575342510431,21,1,1,en,1,united states,1,8,13,54,0,54,1.868723176523487,0.42592592592592593,23,11,7,13,54,0,54,0.18518518518518517,0.37037037037037035
61575342510446,32,1,1,en,1,united states,1,26,6,89,0,89,1.5541789816450855,0.5955056179775281,53,8,8,20,89,0,89,0.2808988764044944,0.23595505617977527
61575342966469,6,1,1,pt,1,brazil,1,6,0,12,0,12,1.4182958340544896,0.6666666666666666,1,2,1,8,12,0,12,0.9166666666666666,0.0
61575344447618,2,1,1,pt,1,brazil,1,2,0,7,0,7,1.9502120649147465,0.2857142857142857,1,2,2,2,7,0,7,0.5714285714285714,0.14285714285714285
61575346320362,24,1,1,hi,1,india,1,22,2,57,0,57,1.9630061852017735,0.3508771929824561,20,13,12,12,55,2,57,0.2807017543859649,0.15789473684210525
61575347826373,22,1,1,hi,1,india,1,22,0,59,0,59,1.8508898013659465,0.4406779661016949,9,9,15,26,59,0,58,0.4827586206896552,0.13793103448275862
61575350435971,8,1,1,hi,1,india,1,8,0,8,0,8,1.061278124459133,0.75,1,0,1,6,8,0,8,0.75,0.125
61575350580359,44,1,1,it,1,italy,1,39,5,108,0,108,1.7041137535959878,0.4351851851851852,47,17,6,38,108,0,108,0.37962962962962965,0.19444444444444445
61575350837380,5,1,1,hi,1,india,1,5,0,15,0,15,1.781937063546704,0.4,6,5,1,3,15,0,15,0.4,0.2
61575351270255,6,1,1,hi,1,india,1,3,3,13,0,13,1.9877733714879842,0.3076923076923077,3,3,3,4,13,0,13,0.46153846153846156,0.38461538461538464
61575351276108,2,1,1,hi,1,india,1,2,0,3,0,3,1.584962500721156,0.3333333333333333,0,1,1,1,3,0,3,0.6666666666666666,0.0
61575352950188,23,1,1,hi,1,india,1,15,8,67,53,67,1.7951474248872379,0.43283582089552236,29,15,5,18,67,0,67,0.3880597014925373,0.208955223880597
61575353172276,4,1,1,pt,1,brazil,1,4,0,4,0,4,1.5,0.5,2,0,1,1,4,0,4,0.25,0.0
61575354690114,29,1,1,en,1,united states,1,21,8,76,0,76,1.8267875038910935,0.4342105263157895,33,8,14,21,75,1,76,0.25,0.3157894736842105
61575355296120,15,1,1,hi,1,india,1,13,2,43,0,43,1.9710089951046477,0.32558139534883723,10,8,14,11,43,0,43,0.46511627906976744,0.16279069767441862
61575356045890,47,1,1,it,1,italy,1,15,32,124,0,124,1.914314512534638,0.4032258064516129,50,24,22,28,124,0,124,0.3225806451612903,0.3225806451612903
61575356315971,2,1,1,hi,1,india,1,1,1,4,0,4,1.5,0.5,0,1,2,1,4,0,4,0.5,0.0
61575356640134,4,1,1,en,1,united states,1,4,0,14,0,14,1.8423709931771084,0.42857142857142855,2,2,6,4,14,0,14,0.2857142857142857,0.2857142857142857
61575356807181,4,1,1,hi,1,india,1,4,0,4,0,4,1.5,0.5,1,1,0,2,4,0,4,0.5,0.25
61575359326799,22,1,1,fr,1,france,1,20,2,66,0,66,1.8274116450153874,0.4696969696969697,31,9,13,13,66,0,66,0.22727272727272727,0.24242424242424243
61575362495753,4,1,1,en,1,india,1,4,0,8,0,8,1.061278124459133,0.75,6,0,1,1,8,0,8,0.25,0.375
61575362555772,21,1,1,pt,1,brazil,1,0,21,56,0,56,1.944587965169052,0.35714285714285715,20,15,10,11,56,0,56,0.30357142857142855,0.32142857142857145
61575362585882,42,1,1,fr,1,france,1,42,0,72,0,72,1.930871173175287,0.3888888888888889,16,14,14,28,72,0,72,0.4583333333333333,0.1388888888888889
61575368459933,14,1,1,pt,1,brazil,1,12,2,42,0,42,1.9035239700887407,0.38095238095238093,12,6,8,16,42,0,42,0.38095238095238093,0.2619047619047619
61575368807075,6,1,1,hi,1,india,1,6,0,14,0,14,1.5306189948485172,0.42857142857142855,3,5,0,6,14,0,14,0.5714285714285714,0.0
61575368825973,5,1,1,pt,1,brazil,1,5,0,10,0,10,1.3609640474436813,0.5,4,0,1,5,10,0,10,0.6,0.2
61575370115649,6,1,1,fr,1,france,1,1,5,19,0,19,1.9592989105296892,0.3157894736842105,5,6,5,3,19,0,19,0.21052631578947367,0.2631578947368421
61575370332013,23,1,1,pt,1,brazil,1,19,4,66,0,66,1.77056764920505,0.4090909090909091,27,8,7,24,66,0,66,0.5303030303030303,0.13636363636363635
61575370757097,1,1,1,en,1,india,1,1,0,1,0,1,-0.0,1.0,0,0,0,1,1,0,1,0.0,1.0
61575370919761,62,1,1,hi,1,india,1,39,23,173,78,173,1.7332022088518926,0.5028901734104047,87,45,20,21,173,0,172,0.37209302325581395,0.20930232558139536
61575371015595,23,1,1,it,1,italy,1,18,5,58,0,58,1.6630994274121202,0.39655172413793105,23,10,2,23,58,0,58,0.3620689655172414,0.2413793103448276
61575371045747,16,1,1,fr,1,france,1,16,0,39,0,39,1.7772904664855211,0.38461538461538464,15,4,5,15,36,3,39,0.38461538461538464,0.23076923076923078
61575371315638,27,1,1,en,1,india,1,19,8,74,0,74,1.970622280750471,0.33783783783783783,17,17,15,25,74,0,74,0.3108108108108108,0.33783783783783783
61575373079577,15,1,1,en,1,united states,1,15,0,40,0,40,1.8464393446710154,0.4,16,8,4,12,40,0,40,0.25,0.25
61575373096844,38,1,1,en,1,india,1,38,0,131,0,131,1.0914155331113449,0.7404580152671756,26,4,4,97,130,1,131,0.37404580152671757,0.26717557251908397
61575376319681,5,1,1,en,1,united states,1,5,0,5,0,5,0.9709505944546686,0.6,3,2,0,0,5,0,5,0.0,0.2
61575377656941,4,1,1,pt,1,brazil,1,4,0,16,0,16,1.6697367178034825,0.5625,9,3,2,2,16,0,16,0.5,0.1875
61575380549834,23,1,1,hi,1,india,1,23,0,63,0,63,0.990092471297754,0.7936507936507936,50,4,1,8,63,0,63,0.30158730158730157,0.31746031746031744
61575382295615,27,1,1,it,1,italy,1,20,7,70,0,70,1.1532470761310158,0.6571428571428571,46,21,2,1,70,0,70,0.17142857142857143,0.2714285714285714
61575388175227,1,1,1,fr,1,france,1,0,1,4,0,4,2.0,0.25,1,1,1,1,4,0,4,0.5,0.0
61575391036487,13,1,1,fr,1,france,1,9,4,22,0,22,1.6692462556711996,0.5454545454545454,12,2,3,5,22,0,22,0.18181818181818182,0.5
61575391235416,26,1,1,it,1,italy,1,19,7,70,0,70,1.8953235784991533,0.35714285714285715,23,10,12,25,70,0,70,0.4,0.2714285714285714
61575394229554,23,1,1,en,1,india,1,16,7,66,22,66,1.5716722600712592,0.6060606060606061,40,7,7,12,66,0,66,0.24242424242424243,0.3333333333333333
61575397109457,25,1,1,hi,1,india,1,21,4,69,0,69,1.925796479454646,0.391304347826087,27,15,12,15,69,0,69,0.3188405797101449,0.2318840579710145
61575397169754,36,1,1,hi,1,india,1,30,6,92,30,92,1.9098321717875268,0.33695652173913043,31,14,16,31,91,1,92,0.42391304347826086,0.15217391304347827
61575398536225,2,1,1,fr,1,france,1,2,0,6,0,6,1.9182958340544896,0.3333333333333333,1,1,2,2,6,0,6,0.5,0.0
61575403025562,1,1,1,pt,1,brazil,1,1,0,1,0,1,-0.0,1.0,1,0,0,0,1,0,1,0.0,0.0
61575406109433,10,1,1,en,1,united states,1,7,3,34,0,34,1.7610949360829107,0.5,8,5,4,17,34,0,34,0.4117647058823529,0.29411764705882354
61575412036535,2,1,1,pt,1,brazil,1,2,0,8,0,8,1.061278124459133,0.75,6,1,1,0,8,0,8,0.5,0.25
61575413429528,16,1,1,en,1,united states,1,16,0,39,0,39,1.6187009727186168,0.5641025641025641,9,3,5,22,39,0,39,0.3333333333333333,0.3333333333333333
61575413429579,20,1,1,hi,1,india,1,17,3,56,56,56,1.9556818617937355,0.32142857142857145,18,9,13,16,54,2,56,0.3392857142857143,0.21428571428571427
61575413789357,1,1,1,hi,1,india,1,1,0,4,4,4,1.5,0.5,1,0,2,1,3,1,4,0.25,0.5
61575416806073,25,1,1,fr,1,france,1,21,4,70,0,70,1.7817671012936915,0.45714285714285713,32,19,13,6,70,0,70,0.22857142857142856,0.21428571428571427
61575418091745,50,1,1,pt,1,brazil,1,5,45,152,0,152,1.7892934459471883,0.48026315789473684,73,34,29,16,152,0,151,0.1986754966887417,0.31788079470198677
61575420616334,1,1,1,pt,1,brazil,1,1,0,4,0,4,1.5,0.5,2,1,0,1,4,0,4,0.75,0.0
61575420837697,6,1,1,en,1,united states,1,6,0,22,0,22,1.9196905740496968,0.36363636363636365,8,5,3,6,22,0,22,0.22727272727272727,0.22727272727272727
61575421301471,22,1,1,pt,1,brazil,1,17,5,48,0,48,1.7639465370964575,0.4791666666666667,13,5,7,23,48,0,48,0.3125,0.3125
61575422374980,42,1,1,en|hi,2,india,1,36,6,111,0,111,1.966604532585309,0.34234234234234234,27,23,23,38,111,0,111,0.46846846846846846,0.09009009009009009
61575422729180,24,1,1,en,1,united states,1,23,1,64,64,64,1.895251097000556,0.390625,25,12,18,9,62,2,64,0.34375,0.1875
61575424137595,29,1,1,hi,1,india,1,22,7,74,74,74,1.8920932461277231,0.40540540540540543,30,16,10,18,74,0,74,0.3918918918918919,0.24324324324324326
61575424295278,23,1,1,pt,1,brazil,1,11,12,59,0,59,1.7427769573979033,0.4067796610169492,24,12,3,20,59,0,59,0.3389830508474576,0.2542372881355932
61575425519121,27,1,1,en,1,united states,1,16,11,64,0,64,1.8544529205066422,0.4375,28,8,13,15,64,0,64,0.34375,0.34375
61575425639207,28,1,1,en,1,united states,1,21,7,76,16,76,1.869494894421509,0.40789473684210525,22,11,12,31,76,0,76,0.3026315789473684,0.25
61575427325056,23,1,1,en,1,india,1,15,8,60,0,60,1.9890456921963509,0.3,15,18,13,14,60,0,60,0.15,0.3
61575431699297,64,1,1,en,1,united states,1,27,37,64,0,64,1.8299395501179974,0.4375,28,8,10,18,64,0,64,0.21875,0.28125
61575433245776,24,1,1,it,1,italy,1,24,0,65,0,65,1.9894739212698798,0.27692307692307694,18,17,17,13,65,0,63,0.3968253968253968,0.1746031746031746
61575434374955,24,1,1,fr,1,france,1,16,8,64,0,64,1.9057912201766685,0.359375,23,12,9,20,63,1,64,0.375,0.265625
61575434554956,21,1,1,it,1,italy,1,16,5,62,0,62,1.9720263244856198,0.3064516129032258,18,12,13,19,62,0,62,0.4032258064516129,0.1774193548387097
61575436324943,27,1,1,en,1,india,1,23,4,72,0,72,1.6502518655024772,0.5,36,13,3,20,72,0,72,0.2361111111111111,0.3472222222222222
61575437819050,4,1,1,en,1,united states,1,4,0,14,0,14,1.5566567074628228,0.42857142857142855,6,0,4,4,14,0,14,0.42857142857142855,0.35714285714285715
61575442115008,30,1,1,it,1,italy,1,23,7,84,0,84,1.9780450895859378,0.30952380952380953,26,18,23,17,84,0,82,0.32926829268292684,0.21951219512195122
61575443764902,40,1,1,it,1,italy,1,29,11,95,0,95,1.781788765619401,0.43157894736842106,41,30,16,8,95,0,95,0.1368421052631579,0.3368421052631579
61575448259022,5,1,1,hi,1,india,1,5,0,5,5,5,0.9709505944546686,0.6,2,3,0,0,5,0,5,0.2,0.2
61575449674736,26,1,1,fr,1,france,1,18,8,69,0,69,1.8629771995391557,0.43478260869565216,30,15,9,15,69,0,68,0.35294117647058826,0.23529411764705882
61575454259067,27,1,1,en,1,india,1,23,4,72,69,72,1.867770055805249,0.4027777777777778,29,9,21,13,72,0,72,0.4166666666666667,0.16666666666666666
61575455591111,18,1,1,pt,1,brazil,1,14,4,52,0,52,1.7591072444145135,0.40384615384615385,19,8,4,21,52,0,52,0.36538461538461536,0.25
61575455669010,4,1,1,en,1,united states,1,4,0,4,0,4,1.0,0.5,0,0,2,2,4,0,4,0.5,0.5
61575455824883,8,1,1,fr,1,france,1,8,0,32,0,32,1.5306390622295665,0.5,16,2,2,12,32,0,32,0.25,0.375
61575457030949,25,1,1,pt,1,brazil,1,17,8,69,0,69,1.9581555192778637,0.3333333333333333,23,15,12,19,69,0,68,0.38235294117647056,0.10294117647058823
61575458614770,30,1,1,it,1,italy,1,22,8,82,0,82,1.9055524456193633,0.4146341463414634,34,15,17,16,82,0,79,0.22784810126582278,0.26582278481012656
61575459945486,166,1,1,fr,1,france,1,147,19,454,0,454,1.992651112077256,0.2841409691629956,97,112,129,116,448,6,453,0.3620309050772627,0.17218543046357615
61575460005891,23,1,1,it,1,italy,1,21,2,66,0,66,1.9159084821609145,0.3787878787878788,18,13,10,25,66,0,66,0.42424242424242425,0.16666666666666666
61575460061250,24,1,1,it,1,italy,1,17,7,67,0,67,1.7921929566424515,0.4925373134328358,14,11,9,33,67,0,67,0.4626865671641791,0.2537313432835821
61575460144896,1,1,1,hi,1,india,1,1,0,2,0,2,1.0,0.5,0,1,0,1,2,0,2,0.0,0.5
61575460306026,1,1,1,pt,1,brazil,1,1,0,4,0,4,2.0,0.25,1,1,1,1,4,0,4,0.5,0.25
61575461561304,18,1,1,pt,1,brazil,1,18,0,18,0,18,1.9546859469463558,0.3333333333333333,4,5,6,3,18,0,18,0.5555555555555556,0.05555555555555555
61575461655829,6,1,1,en,1,india,1,0,6,24,0,24,1.8640054628542204,0.3333333333333333,7,8,2,7,23,1,24,0.2916666666666667,0.3333333333333333
61575463174605,29,1,1,en,1,india,1,22,7,78,0,78,1.7291518684053306,0.41025641025641024,32,7,9,30,78,0,78,0.41025641025641024,0.2948717948717949
61575463414519,20,1,1,hi,1,india,1,14,6,49,0,49,1.8598675616619758,0.42857142857142855,12,6,10,21,49,0,48,0.4375,0.2916666666666667
61575463714708,11,1,1,hi,1,india,1,11,0,11,0,11,1.789929075309999,0.45454545454545453,5,3,2,1,11,0,11,0.36363636363636365,0.2727272727272727
61575464608892,26,1,1,hi,1,india,1,21,5,71,57,71,1.938090024468469,0.3380281690140845,19,18,10,24,71,0,71,0.4788732394366197,0.07042253521126761
61575467734757,26,1,1,hi,1,india,1,19,7,73,0,73,1.9571659256613236,0.3287671232876712,24,12,17,20,73,0,73,0.3835616438356164,0.1780821917808219
61575470764521,13,1,1,pt,1,brazil,1,10,3,41,0,41,1.8927887526291975,0.4146341463414634,17,9,9,6,41,0,41,0.34146341463414637,0.24390243902439024
61575475324424,29,1,1,it,1,italy,1,21,8,78,0,78,1.9261322578427884,0.38461538461538464,19,13,16,30,78,0,76,0.40789473684210525,0.17105263157894737
61575479801057,25,1,1,pt,1,brazil,1,21,4,70,0,70,1.964060052424657,0.3142857142857143,20,22,12,16,70,0,70,0.21428571428571427,0.3
61575480928585,43,1,1,hi,1,india,1,32,11,109,51,109,1.9232025176883067,0.3944954128440367,43,20,21,25,109,0,109,0.3944954128440367,0.1743119266055046
61575481156189,1,1,1,en,1,india,1,1,0,2,0,2,1.0,0.5,1,1,0,0,2,0,2,0.0,0.0
61575482824609,29,1,1,en,1,india,1,21,8,41,0,41,1.2241037027950115,0.7317073170731707,30,3,6,2,39,2,41,0.17073170731707318,0.43902439024390244
61575484211181,21,1,1,pt,1,brazil,1,21,0,53,0,53,1.990830039774922,0.2830188679245283,13,14,11,15,53,0,53,0.3018867924528302,0.16981132075471697
61575484228667,10,1,1,hi,1,india,1,10,0,36,36,36,1.9048750051552579,0.3888888888888889,10,6,6,14,36,0,35,0.45714285714285713,0.2
61575484258756,12,1,1,hi,1,india,1,5,7,30,12,30,1.5927846621897885,0.6,18,4,3,5,30,0,30,0.36666666666666664,0.16666666666666666
61575485818749,13,1,1,hi,1,india,1,13,0,33,0,33,1.5557496846769967,0.3939393939393939,13,12,8,0,33,0,33,0.21212121212121213,0.30303030303030304
61575487245315,9,1,1,fr,1,france,1,9,0,21,0,21,1.956066972363038,0.3333333333333333,6,4,4,7,21,0,21,0.3333333333333333,0.09523809523809523
61575487324647,29,1,1,it,1,italy,1,20,9,78,0,78,1.8530235755339182,0.41025641025641024,17,8,21,32,78,0,76,0.4473684210526316,0.19736842105263158
61575491668497,13,1,1,hi,1,india,1,10,3,31,0,31,1.9538824106870534,0.3225806451612903,7,9,5,10,31,0,31,0.3548387096774194,0.0967741935483871
61575491764448,23,1,1,it,1,italy,1,23,0,66,0,66,1.8890132567044224,0.3484848484848485,23,13,8,22,66,0,65,0.5076923076923077,0.1076923076923077
61575492124300,1,1,1,hi,1,india,1,0,1,3,0,3,0.9182958340544896,0.6666666666666666,1,2,0,0,3,0,3,0.0,0.3333333333333333
61575493264466,8,1,1,pt,1,brazil,1,1,7,21,0,21,1.2677702161044204,0.6190476190476191,2,0,6,13,21,0,21,0.6666666666666666,0.14285714285714285
61575493414049,29,1,1,en,1,india,1,22,7,79,0,79,1.8141388344540388,0.4810126582278481,38,15,15,11,79,0,79,0.189873417721519,0.31645569620253167
61575493624380,29,1,1,en,1,india,1,23,6,29,0,29,1.887119687595809,0.3448275862068966,9,10,3,7,29,0,29,0.27586206896551724,0.3103448275862069
61575493768326,10,1,1,en,1,united states,1,10,0,20,0,20,1.9854752972273344,0.3,6,5,5,4,20,0,20,0.2,0.25
61575494098464,32,1,1,hi,1,india,1,24,8,86,86,86,1.8738917868372065,0.38372093023255816,27,15,11,33,83,3,85,0.49411764705882355,0.17647058823529413
61575494134571,26,1,1,fr,1,france,1,22,4,80,0,80,1.8161327621439713,0.45,36,12,10,22,79,1,80,0.35,0.1875
61575494246952,44,1,1,hi,1,india,1,37,7,121,56,121,1.833661225340341,0.4462809917355372,54,17,18,32,121,0,119,0.37815126050420167,0.13445378151260504
61575494398591,22,1,1,hi,1,india,1,16,6,57,0,57,1.7554046111080215,0.43859649122807015,25,19,5,8,57,0,57,0.19298245614035087,0.21052631578947367
61575494740784,20,1,1,pt,1,brazil,1,17,3,57,0,57,1.935053590726576,0.3684210526315789,21,14,9,13,57,0,57,0.3684210526315789,0.24561403508771928
61575495928545,4,1,1,en,1,united states,1,4,0,12,0,12,1.855388542207534,0.3333333333333333,1,4,3,4,12,0,12,0.3333333333333333,0.16666666666666666
61575496054013,5,1,1,hi,1,india,1,0,5,15,0,15,1.8892464285091581,0.4,6,4,2,3,15,0,15,0.26666666666666666,0.4
61575496125684,35,1,1,en,1,india,1,35,0,35,0,35,1.3095520320389384,0.6857142857142857,7,2,2,24,35,0,35,0.4,0.2857142857142857
61575496258385,29,1,1,en,1,india,1,22,7,78,64,78,1.5062242405708723,0.6410256410256411,50,8,11,9,78,0,78,0.24358974358974358,0.2692307692307692
61575496414111,27,1,1,pt,1,brazil,1,21,6,72,0,72,1.7891603032898542,0.4722222222222222,17,14,7,34,72,0,72,0.3888888888888889,0.2777777777777778
61575496894142,30,1,1,en,1,india,1,22,8,79,0,79,1.7632983250081748,0.46835443037974683,37,16,6,20,79,0,79,0.22784810126582278,0.4177215189873418
61575497680533,27,1,1,pt,1,brazil,1,17,10,68,0,68,1.7812858796267794,0.45588235294117646,31,6,12,19,68,0,68,0.3382352941176471,0.23529411764705882
61575498604089,5,1,1,hi,1,india,1,0,5,12,0,12,1.8250112108241772,0.4166666666666667,5,3,3,1,12,0,12,0.3333333333333333,0.4166666666666667
61575498628260,136,1,1,hi,1,india,1,136,0,446,14,446,1.7745043229308992,0.4125560538116592,184,36,72,154,443,3,440,0.5409090909090909,0.13636363636363635
61575499054322,23,1,1,hi,1,india,1,15,8,64,0,64,1.9256860880157607,0.390625,25,14,11,14,58,6,64,0.4375,0.21875
61575499452704,15,1,1,pt,1,brazil,1,15,0,36,0,36,1.7722641757599178,0.4722222222222222,10,4,5,17,35,1,36,0.2777777777777778,0.3888888888888889
61575499799651,27,1,1,en,1,india,1,20,7,76,0,76,1.819327000252657,0.40789473684210525,24,7,14,31,76,0,76,0.27631578947368424,0.3815789473684211
61575500380726,1,1,1,pt,1,brazil,1,1,0,4,0,4,0.8112781244591328,0.75,0,0,1,3,4,0,4,0.5,0.0
61575500475082,8,1,1,en,1,india,1,8,0,32,0,32,1.8536581784968453,0.375,4,11,12,5,32,0,32,0.375,0.15625
61575500764165,29,1,1,it,1,italy,1,22,7,41,0,41,1.9660501785044033,0.34146341463414637,14,10,9,8,41,0,41,0.24390243902439024,0.3170731707317073
61575501268009,21,1,1,en,1,united states,1,6,15,60,0,60,1.9110702880422976,0.36666666666666664,22,11,9,18,60,0,60,0.31666666666666665,0.3333333333333333
61575501784018,27,1,1,en,1,india,1,20,7,75,0,75,1.9869608142719166,0.28,21,21,18,15,75,0,75,0.28,0.24
61575502108193,27,1,1,en,1,india,1,20,7,74,74,74,1.9809712515406273,0.2972972972972973,20,18,14,22,74,0,74,0.24324324324324326,0.2702702702702703
61575502234010,21,1,1,pt,1,brazil,1,16,5,57,0,57,1.8280266069410196,0.43859649122807015,25,9,7,16,57,0,57,0.3684210526315789,0.24561403508771928
61575502300509,25,1,1,pt,1,brazil,1,18,7,64,0,64,1.9362191784235832,0.328125,21,15,9,19,64,0,64,0.328125,0.265625
61575502377990,22,1,1,en,1,united states,1,17,5,58,0,58,1.7619069433022887,0.4827586206896552,14,11,5,28,58,0,58,0.3793103448275862,0.2413793103448276
61575502533779,23,1,1,en,1,india,1,17,6,60,0,60,1.9857225506480183,0.3,16,13,13,18,60,0,60,0.35,0.2833333333333333
61575502743854,20,1,1,en,1,india,1,0,20,52,0,52,1.972047647217791,0.3076923076923077,16,15,10,11,52,0,52,0.15384615384615385,0.21153846153846154
61575503098098,29,1,1,hi,1,india,1,21,8,77,77,77,1.9925555059695967,0.2727272727272727,21,20,16,20,77,0,77,0.5064935064935064,0.14285714285714285
61575503818164,19,1,1,en,1,united states,1,19,0,49,0,49,1.859330422396135,0.3877551020408163,19,16,7,7,49,0,49,0.14285714285714285,0.30612244897959184
61575503980281,47,1,1,pt,1,brazil,1,43,4,124,0,124,1.9491311563309894,0.31451612903225806,39,33,18,34,124,0,123,0.36585365853658536,0.21951219512195122
61575504723745,15,1,1,hi,1,india,1,7,8,15,0,15,1.6894822670191825,0.4666666666666667,7,1,5,2,15,0,15,0.26666666666666666,0.3333333333333333
61575504734904,15,1,1,it,1,italy,1,15,0,40,0,40,1.8726730899173119,0.375,15,7,5,13,40,0,40,0.425,0.1
61575504867971,7,1,1,en,1,united states,1,3,4,24,0,24,1.9899343783255763,0.2916666666666667,7,6,6,5,24,0,24,0.3333333333333333,0.25
61575505107976,36,1,1,hi,1,india,1,29,7,90,90,90,1.848402663681659,0.37777777777777777,31,11,14,34,90,0,89,0.5168539325842697,0.12359550561797752
61575505173866,14,1,1,it,1,italy,1,8,6,39,0,39,1.7748178530551626,0.4358974358974359,17,3,12,7,39,0,39,0.1794871794871795,0.358974358974359
61575505803676,21,1,1,pt,1,brazil,1,14,7,56,0,56,1.6186948451906968,0.5357142857142857,30,3,8,15,55,1,55,0.3090909090909091,0.21818181818181817
61575506103793,6,1,1,en,1,india,1,0,6,15,0,15,1.7967916319816366,0.4666666666666667,7,2,4,2,15,0,15,0.4,0.2
61575506804548,13,1,1,fr,1,france,1,1,12,29,0,29,1.8003591170911204,0.41379310344827586,12,7,2,8,29,0,28,0.39285714285714285,0.17857142857142858
61575507285280,4,1,1,pt,1,brazil,1,4,0,16,0,16,1.4197367178034825,0.5625,9,3,0,4,4,12,16,0.125,0.5
61575507513709,11,1,1,hi,1,india,1,11,0,11,0,11,1.789929075309999,0.45454545454545453,5,2,1,3,11,0,11,0.2727272727272727,0.18181818181818182
61575508263839,19,1,1,pt,1,brazil,1,15,4,54,0,54,1.80027870546653,0.4444444444444444,16,6,8,24,54,0,54,0.48148148148148145,0.24074074074074073
61575508270361,23,1,1,pt,1,brazil,1,18,5,61,0,61,1.6482760612926024,0.5737704918032787,8,7,11,35,61,0,61,0.4426229508196721,0.19672131147540983
61575509253652,7,1,1,fr,1,france,1,4,3,16,0,16,1.764097655573916,0.375,6,6,1,3,16,0,16,0.375,0.1875
61575509307728,29,1,1,hi,1,india,1,22,7,76,76,76,1.942363192180753,0.3684210526315789,28,15,14,19,76,0,76,0.5526315789473685,0.14473684210526316
61575510183566,19,1,1,en,1,india,1,4,15,68,0,68,1.6825519158123547,0.5441176470588235,37,15,9,7,67,1,68,0.19117647058823528,0.23529411764705882
61575511113557,18,1,1,pt,1,brazil,1,14,4,41,0,41,1.9784232672136581,0.3170731707317073,10,8,10,13,41,0,41,0.43902439024390244,0.0975609756097561
61575512114823,3,1,1,pt,1,brazil,1,3,0,3,0,3,0.9182958340544896,0.6666666666666666,0,0,2,1,3,0,3,0.6666666666666666,0.0
61575512133483,26,1,1,pt,1,brazil,1,20,6,71,0,71,1.9393968007046856,0.3380281690140845,21,15,11,24,71,0,71,0.36619718309859156,0.29577464788732394
61575512757622,18,1,1,en,1,united states,1,18,0,48,0,48,1.7884075365182563,0.4791666666666667,11,9,5,23,48,0,48,0.3333333333333333,0.2708333333333333
61575514053357,59,1,1,en,1,india,1,49,10,60,0,60,1.876140417171476,0.4166666666666667,16,10,9,25,60,0,60,0.2833333333333333,0.21666666666666667
61575514113421,28,1,1,en,1,india,1,22,6,78,0,78,1.7043354462790719,0.4230769230769231,30,8,7,33,78,0,78,0.32051282051282054,0.358974358974359
61575514209869,13,1,1,pt,1,brazil,1,13,0,35,0,35,1.5074438580752982,0.5428571428571428,19,1,4,11,31,4,35,0.34285714285714286,0.2571428571428571
61575514233503,11,1,1,en,1,india,1,11,0,11,0,11,1.6171895725927152,0.5454545454545454,3,1,1,6,11,0,11,0.5454545454545454,0.2727272727272727
61575514394444,1,1,1,en,1,india,1,0,1,4,0,4,-0.0,1.0,0,4,0,0,4,0,4,0.25,0.0
61575514833486,28,1,1,en,1,india,1,21,7,76,0,76,1.8978493842644681,0.42105263157894735,32,14,14,16,76,0,76,0.3157894736842105,0.23684210526315788
61575515217619,2,1,1,en,1,united states,1,2,0,6,0,6,1.2516291673878228,0.6666666666666666,1,1,0,4,6,0,6,0.16666666666666666,0.3333333333333333
61575515733376,13,1,1,pt,1,brazil,1,13,0,29,0,29,1.7863462910026133,0.4827586206896552,3,6,6,14,29,0,29,0.5517241379310345,0.10344827586206896
61575516309944,21,1,1,it,1,italy,1,21,0,54,0,54,1.9148146832219495,0.3888888888888889,21,13,8,12,54,0,54,0.2037037037037037,0.37037037037037035
61575516567465,6,1,1,en,1,united states,1,5,1,17,0,17,1.8366003408685507,0.47058823529411764,3,3,3,8,17,0,17,0.4117647058823529,0.23529411764705882
61575517023121,2,1,1,fr,1,france,1,2,0,5,0,5,0.7219280948873623,0.8,0,0,1,4,5,0,5,0.0,0.4
61575517154714,21,1,1,hi,1,india,1,19,2,57,0,57,1.7496563960415505,0.38596491228070173,22,22,9,4,56,1,55,0.16363636363636364,0.2909090909090909
61575517659677,24,1,1,pt,1,brazil,1,20,4,70,0,70,1.937056273761177,0.34285714285714286,19,24,10,17,70,0,67,0.3582089552238806,0.11940298507462686
61575517923280,1,1,1,pt,1,brazil,1,1,0,1,1,1,-0.0,1.0,0,1,0,0,1,0,1,0.0,0.0
61575518103435,24,1,1,en,1,india,1,17,7,68,0,68,1.4169621506815067,0.6323529411764706,43,16,6,3,68,0,68,0.14705882352941177,0.3382352941176471
61575518397332,2,1,1,en,1,united states,1,2,0,6,0,6,1.4591479170272448,0.5,3,0,1,2,6,0,6,0.16666666666666666,0.16666666666666666
61575519009521,13,1,1,pt,1,brazil,1,9,4,38,0,38,1.8211156641201929,0.39473684210526316,13,4,6,15,38,0,38,0.2894736842105263,0.42105263157894735
61575519242899,32,1,1,pt,1,brazil,1,19,13,78,0,78,1.4040511385956187,0.6666666666666666,52,14,6,6,78,0,78,0.1282051282051282,0.3333333333333333
61575519603508,23,1,1,pt,1,brazil,1,23,0,49,0,49,1.8802035294650294,0.3673469387755102,18,12,5,14,49,0,49,0.3877551020408163,0.2653061224489796
61575520813998,8,1,1,en,1,india,1,8,0,8,0,8,1.9056390622295665,0.375,1,2,3,2,8,0,8,0.375,0.125
61575521493182,18,1,1,pt,1,brazil,1,18,0,18,0,18,1.3821022532543101,0.5,7,0,2,9,18,0,18,0.5555555555555556,0.2222222222222222
61575521817077,22,1,1,hi,1,india,1,16,6,64,64,64,1.661612563668895,0.546875,14,5,10,35,64,0,64,0.515625,0.203125
61575522387091,10,1,1,en,1,united states,1,6,4,34,0,34,1.957042599702867,0.3235294117647059,6,10,11,7,34,0,34,0.17647058823529413,0.23529411764705882
61575522519731,8,1,1,pt,1,brazil,1,2,6,28,0,28,1.7653094974242585,0.5,14,6,5,3,28,0,28,0.21428571428571427,0.35714285714285715
61575522794525,3,1,1,en,1,india,1,3,0,3,0,3,0.9182958340544896,0.6666666666666666,0,1,0,2,3,0,3,0.3333333333333333,0.0
61575524139393,6,1,1,it,1,italy,1,3,3,18,0,18,1.3516441151533924,0.5555555555555556,6,10,2,0,18,0,18,0.2222222222222222,0.2777777777777778
61575524612942,15,1,1,it,1,italy,1,0,15,39,0,39,1.5465935642949382,0.6153846153846154,24,3,6,6,39,0,38,0.34210526315789475,0.34210526315789475
61575524757110,7,1,1,en,1,united states,1,7,0,27,0,27,1.7022065989201276,0.5185185185185185,5,6,2,14,27,0,27,0.48148148148148145,0.25925925925925924
61575525387062,8,1,1,hi,1,india,1,1,7,17,1,17,0.3227569588973982,0.9411764705882353,16,0,1,0,17,0,17,0.17647058823529413,0.47058823529411764
61575525507209,22,1,1,en,1,united states,1,22,0,59,0,59,1.7358651928660973,0.4576271186440678,27,10,4,18,59,0,59,0.1864406779661017,0.3898305084745763
61575525969186,44,1,1,it,1,italy,1,30,14,74,0,74,1.792985782297963,0.47297297297297297,35,11,9,19,73,1,74,0.4189189189189189,0.22972972972972974
61575526077107,5,1,1,en,1,united states,1,3,2,16,0,16,1.6225562489182659,0.5625,9,3,1,3,16,0,16,0.25,0.3125
61575527222862,25,1,1,it,1,italy,1,21,4,74,0,74,1.8788942368322452,0.4189189189189189,31,10,15,18,74,0,74,0.20270270270270271,0.2972972972972973
61575527427067,22,1,1,hi,1,india,1,16,6,58,40,58,1.964252865002814,0.3275862068965517,15,14,10,19,58,0,58,0.3793103448275862,0.2413793103448276
61575527462883,17,1,1,it,1,italy,1,12,5,19,0,19,1.5294283316328894,0.42105263157894735,7,4,0,8,17,2,19,0.3157894736842105,0.2631578947368421
61575527623912,2,1,1,pt,1,brazil,1,2,0,8,0,8,1.2987949406953985,0.625,5,0,1,2,8,0,8,0.375,0.25
61575527762976,21,1,1,en,1,india,1,14,7,57,0,57,1.7990887603650958,0.42105263157894735,5,24,18,10,57,0,57,0.2982456140350877,0.17543859649122806
61575528403746,34,1,1,fr,1,france,1,21,13,71,0,71,1.8282008411839246,0.4084507042253521,6,20,16,29,71,0,71,0.4225352112676056,0.15492957746478872
61575528493934,1,1,1,pt,1,brazil,1,1,0,1,0,1,-0.0,1.0,0,0,0,1,1,0,1,1.0,0.0
61575528692861,29,1,1,en,1,india,1,22,7,82,0,82,1.5291799755033733,0.5853658536585366,48,21,5,8,81,1,82,0.17073170731707318,0.3170731707317073
61575529022791,36,1,1,it,1,italy,1,17,19,99,0,99,1.9721531126543517,0.31313131313131315,20,20,28,31,99,0,97,0.24742268041237114,0.27835051546391754
61575530402770,29,1,1,en,1,india,1,22,7,79,0,79,1.8533981058757814,0.4177215189873418,33,12,11,23,79,0,79,0.35443037974683544,0.35443037974683544
61575530695320,65,1,1,hi,1,india,1,44,21,172,96,172,1.9945969701805484,0.26744186046511625,46,37,46,43,172,0,172,0.4883720930232558,0.1569767441860465
61575531062633,27,1,1,fr,1,france,1,19,8,41,0,41,1.8350548244334444,0.3902439024390244,16,6,5,14,41,0,41,0.2682926829268293,0.3170731707317073
61575531152948,30,1,1,pt,1,brazil,1,22,8,84,0,84,1.8898468598346319,0.42857142857142855,36,17,16,15,84,0,84,0.30952380952380953,0.3333333333333333
61575531302736,2,1,1,pt,1,brazil,1,2,0,8,0,8,0.8112781244591328,0.75,6,0,2,0,8,0,8,0.125,0.25
61575531302775,12,1,1,it,1,italy,1,12,0,12,0,12,1.7295739585136223,0.5,3,1,2,6,12,0,12,0.25,0.4166666666666667
61575532453881,4,1,1,en,1,india,1,4,0,11,0,11,1.9362600275315274,0.36363636363636365,4,2,2,3,11,0,11,0.2727272727272727,0.18181818181818182
61575532618099,26,1,1,en,1,united states,1,19,7,70,4,70,1.7616027471180142,0.4857142857142857,34,11,7,18,70,0,70,0.2857142857142857,0.18571428571428572
61575532832693,29,1,1,en,1,india,1,21,8,80,0,80,1.7647929052589733,0.5,40,13,9,18,80,0,80,0.2375,0.325
61575533036716,18,1,1,hi,1,india,1,18,0,47,0,47,1.9330643714792728,0.3617021276595745,12,7,11,17,47,0,46,0.5652173913043478,0.08695652173913043
61575533222749,11,1,1,hi,1,india,1,11,0,11,0,11,1.0957952550009336,0.7272727272727273,2,1,0,8,11,0,11,0.5454545454545454,0.18181818181818182
61575533426830,17,1,1,en,1,united states,1,11,6,40,0,40,1.813921514140739,0.475,5,8,8,19,40,0,40,0.425,0.275
61575533882644,29,1,1,pt,1,brazil,1,22,7,75,0,75,1.8431775328276743,0.37333333333333335,26,8,13,28,75,0,74,0.44594594594594594,0.2702702702702703
61575534002323,26,1,1,en,1,india,1,23,3,73,0,73,1.9464066880565936,0.3287671232876712,24,12,22,15,72,1,73,0.3561643835616438,0.2191780821917808
61575534343952,3,1,1,en,1,india,1,3,0,9,0,9,1.836591668108979,0.4444444444444444,4,2,1,2,9,0,9,0.3333333333333333,0.4444444444444444
61575534553626,4,1,1,en,1,india,1,2,2,7,0,7,1.4488156357251847,0.42857142857142855,3,1,3,0,7,0,7,0.14285714285714285,0.2857142857142857
61575535599312,11,1,1,pt,1,brazil,1,11,0,29,0,29,1.541495977723249,0.6206896551724138,5,3,3,18,29,0,29,0.5862068965517241,0.13793103448275862
61575535652402,26,1,1,fr,1,france,1,14,12,61,0,61,1.876914893156313,0.39344262295081966,24,13,7,17,61,0,61,0.3114754098360656,0.2786885245901639
61575536653829,7,1,1,en,1,india,1,7,0,13,0,13,1.1401156785146092,0.6923076923076923,3,0,1,9,13,0,13,0.15384615384615385,0.23076923076923078
61575537236413,18,1,1,en,1,united states,1,17,1,50,0,50,1.9132007025073996,0.36,15,7,10,18,50,0,50,0.34,0.36
61575537512546,19,1,1,en,1,india,1,12,7,51,0,51,1.6589797521242051,0.5294117647058824,27,9,3,12,51,0,51,0.21568627450980393,0.3137254901960784
61575537806806,21,1,1,en,1,india,1,21,0,61,61,61,1.8187110177765384,0.4262295081967213,26,11,6,18,61,0,61,0.32786885245901637,0.2786885245901639
61575537956540,20,1,1,en,1,united states,1,20,0,40,0,40,1.7128148954723552,0.4,16,5,3,16,40,0,40,0.2,0.35
61575538982232,23,1,1,en,1,india,1,15,8,57,0,57,1.5986044525837713,0.5964912280701754,34,6,10,7,57,0,57,0.24561403508771928,0.2807017543859649
61575539348962,30,1,1,pt,1,brazil,1,24,6,88,0,88,1.8936235835032877,0.38636363636363635,34,14,14,26,88,0,88,0.4090909090909091,0.22727272727272727
61575539882427,18,1,1,pt,1,brazil,1,18,0,46,0,46,1.624821327228443,0.5217391304347826,14,4,4,24,46,0,46,0.45652173913043476,0.13043478260869565
61575540703575,8,1,1,en,1,india,1,6,2,24,0,24,1.932931646898466,0.375,5,6,4,9,24,0,24,0.25,0.25
61575540878939,26,1,1,pt,1,brazil,1,23,3,68,0,68,1.8905978576116769,0.3382352941176471,23,14,8,23,67,1,68,0.4411764705882353,0.16176470588235295
61575541172249,28,1,1,it,1,italy,1,21,7,77,0,77,1.9393259028967096,0.33766233766233766,26,21,11,19,77,0,77,0.2987012987012987,0.15584415584415584
61575541183385,2,1,1,pt,1,brazil,1,2,0,8,0,8,1.75,0.5,1,4,2,1,8,0,8,0.125,0.375
61575541256468,29,1,1,en,1,united states,1,21,8,80,0,80,1.7666031096732475,0.4,32,10,8,30,80,0,80,0.275,0.325
61575541616400,16,1,1,en,1,united states,1,12,4,42,0,42,1.9845306223341315,0.2857142857142857,12,8,11,11,42,0,42,0.2619047619047619,0.2619047619047619
61575541922330,14,1,1,fr,1,france,1,8,6,40,0,40,1.9709505944546686,0.3,12,8,8,12,40,0,40,0.325,0.3
61575542078870,22,1,1,pt,1,brazil,1,20,2,62,0,62,1.8814584307904745,0.3709677419354839,19,13,7,23,62,0,59,0.3898305084745763,0.22033898305084745
61575542323407,2,1,1,fr,1,france,1,2,0,2,0,2,1.0,0.5,0,0,1,1,2,0,2,1.0,0.0
61575542936262,21,1,1,en,1,united states,1,21,0,59,0,59,1.4480324204989603,0.576271186440678,18,5,2,34,59,0,59,0.2542372881355932,0.4745762711864407
61575543853427,129,1,1,fr,1,france,1,120,9,346,0,346,1.9163120182313844,0.34971098265895956,109,64,52,121,343,3,343,0.37900874635568516,0.239067055393586
61575544152962,79,1,1,it,1,italy,1,62,17,270,0,270,1.9084833210256043,0.36666666666666664,77,59,35,99,267,3,264,0.3977272727272727,0.20833333333333334
61575544862178,29,1,1,hi,1,india,1,23,6,78,0,78,1.9761585113064517,0.32051282051282054,25,15,19,19,78,0,78,0.5128205128205128,0.1282051282051282
61575545102013,23,1,1,it,1,italy,1,16,7,65,0,65,1.9939295478588568,0.27692307692307694,17,14,16,18,65,0,64,0.34375,0.1875
61575545546366,27,1,1,en,1,india,1,20,7,73,6,73,1.704269095513126,0.547945205479452,40,12,9,12,73,0,73,0.2465753424657534,0.2876712328767123
61575545911944,26,1,1,it,1,italy,1,20,6,38,0,38,1.9980008838722991,0.2631578947368421,9,10,10,9,38,0,38,0.2894736842105263,0.23684210526315788
61575546242060,3,1,1,hi,1,india,1,0,3,10,0,10,1.9709505944546688,0.3,3,2,3,2,10,0,10,0.5,0.0
61575546518562,30,1,1,pt,1,brazil,1,20,10,84,0,84,1.9323758681167436,0.36904761904761907,13,19,21,31,84,0,84,0.44047619047619047,0.19047619047619047
61575547112027,1,1,1,pt,1,brazil,1,1,0,1,0,1,-0.0,1.0,0,0,0,1,1,0,1,0.0,0.0
61575547478469,5,1,1,pt,1,brazil,1,3,2,17,0,17,1.37928048729106,0.5294117647058824,9,0,2,6,17,0,17,0.5294117647058824,0.23529411764705882
61575548018214,19,1,1,pt,1,brazil,1,16,3,55,0,55,1.9513274618228054,0.36363636363636365,20,13,11,11,55,0,55,0.3090909090909091,0.16363636363636364
61575548396066,24,1,1,en,1,india,1,18,6,61,4,61,1.8137658157498744,0.45901639344262296,16,8,9,28,61,0,61,0.2459016393442623,0.36065573770491804
61575548713041,15,1,1,en,1,india,1,10,5,38,0,38,1.8474201200521745,0.42105263157894735,16,8,4,10,16,22,38,0.3157894736842105,0.13157894736842105
61575548756054,28,1,1,en,1,india,1,21,7,75,46,75,1.812246572579466,0.48,36,14,15,10,75,0,75,0.22666666666666666,0.18666666666666668
61575549266014,7,1,1,en,1,united states,1,0,7,17,0,17,1.9039678130877657,0.35294117647058826,6,4,2,5,17,0,17,0.29411764705882354,0.29411764705882354
61575549451850,1,1,1,hi,1,india,1,1,0,1,0,1,-0.0,1.0,0,0,0,1,1,0,1,0.0,0.0
61575549901920,26,1,1,pt,1,brazil,1,20,6,71,0,71,1.8882902944050726,0.4225352112676056,14,11,16,30,71,0,71,0.43661971830985913,0.14084507042253522
61575549973082,3,1,1,en,1,india,1,3,0,8,0,8,1.2987949406953985,0.625,5,2,1,0,8,0,8,0.5,0.0
61575550148274,30,1,1,it,1,italy,1,23,7,80,0,80,1.6563450787792415,0.4875,39,12,4,25,80,0,79,0.34177215189873417,0.2911392405063291
61575551011743,29,1,1,en,1,india,1,21,8,76,0,76,1.806972281821962,0.4868421052631579,37,13,11,15,76,0,76,0.25,0.3026315789473684
61575552061888,18,1,1,pt,1,brazil,1,16,2,49,0,49,1.8728102174445216,0.3877551020408163,15,9,6,19,48,1,49,0.3673469387755102,0.2857142857142857
61575552217980,28,1,1,pt,1,brazil,1,24,4,78,0,78,1.7717323541684502,0.4230769230769231,33,8,10,27,78,0,77,0.4025974025974026,0.18181818181818182
61575552548257,5,1,1,pt,1,brazil,1,3,2,20,0,20,1.9406454496153465,0.35,7,3,5,5,20,0,20,0.35,0.2
61575552835868,31,1,1,hi,1,india,1,21,10,87,53,87,1.5856679953081905,0.5057471264367817,30,7,6,44,84,3,87,0.4367816091954023,0.20689655172413793
61575553045861,30,1,1,en,1,united states,1,23,7,84,84,84,1.8698251668282189,0.4166666666666667,35,14,12,23,84,0,84,0.32142857142857145,0.2619047619047619
61575554348076,25,1,1,it,1,italy,1,19,6,65,0,65,1.7207815726024651,0.5384615384615384,35,12,9,9,65,0,64,0.25,0.34375
61575555145714,23,1,1,hi,1,india,1,21,2,66,0,66,1.9240902110208133,0.3939393939393939,26,13,12,15,66,0,64,0.4375,0.234375
61575555181554,18,1,1,pt,1,brazil,1,15,3,52,0,52,1.885472400370555,0.36538461538461536,17,7,9,19,51,1,52,0.46153846153846156,0.1346153846153846
61575555492593,22,1,1,it,1,italy,1,22,0,54,0,54,1.8908613508294656,0.37037037037037035,15,13,6,20,54,0,52,0.23076923076923078,0.3076923076923077
61575555567384,28,1,1,fr,1,france,1,20,8,72,34,72,1.8732729779064643,0.4027777777777778,29,12,10,21,72,0,72,0.4027777777777778,0.2222222222222222
61575556867889,29,1,1,pt,1,brazil,1,29,0,29,0,29,1.9329931420869773,0.3793103448275862,6,7,5,11,28,1,29,0.3793103448275862,0.06896551724137931
61575556914293,26,1,1,hi,1,india,1,19,7,63,63,63,1.9006301262400755,0.38095238095238093,24,8,14,17,63,0,63,0.3968253968253968,0.23809523809523808
61575557408009,15,1,1,pt,1,brazil,1,15,0,15,0,15,1.6049355947431312,0.6,2,2,2,9,15,0,15,0.4666666666666667,0.26666666666666666
61575557761520,29,1,1,it,1,italy,1,22,7,76,0,76,1.9409577278287224,0.35526315789473684,27,21,15,13,76,0,76,0.3815789473684211,0.25
61575557971497,20,1,1,fr,1,france,1,19,1,52,0,52,1.4601955834250078,0.5961538461538461,31,2,5,14,52,0,52,0.38461538461538464,0.21153846153846154
61575558031385,27,1,1,fr,1,france,1,20,7,74,0,74,1.7663930349269825,0.4594594594594595,34,22,7,11,74,0,74,0.20270270270270271,0.25675675675675674
61575558056850,1,1,1,en,1,india,1,1,0,1,0,1,-0.0,1.0,1,0,0,0,1,0,1,0.0,0.0
61575558235562,3,1,1,fr,1,france,1,3,0,5,0,5,0.9709505944546686,0.6,3,0,0,2,5,0,5,0.4,0.2
61575558867103,28,1,1,fr,1,france,1,22,6,73,0,73,1.8099164384808293,0.3972602739726027,24,6,14,29,73,0,73,0.2191780821917808,0.3698630136986301
61575559657962,3,1,1,pt,1,brazil,1,3,0,9,0,9,0.7642045065086203,0.7777777777777778,0,2,0,7,9,0,9,0.8888888888888888,0.0
61575559741449,30,1,1,en,1,india,1,23,7,83,0,83,1.9502477245852994,0.3373493975903614,28,20,13,22,83,0,83,0.37349397590361444,0.1686746987951807
61575559885525,31,1,1,en,1,united states,1,21,10,31,0,31,1.5781606091243574,0.4838709677419355,15,11,4,1,31,0,31,0.06451612903225806,0.41935483870967744
61575560532360,7,1,1,fr,1,france,1,7,0,17,0,17,1.6589797521242051,0.5294117647058824,3,1,4,9,17,0,17,0.5294117647058824,0.23529411764705882
61575561427679,18,1,1,pt,1,brazil,1,18,0,52,0,52,1.6524570932013158,0.5192307692307693,27,6,4,15,52,0,51,0.3333333333333333,0.21568627450980393
61575561445414,12,1,1,en,1,united states,1,12,0,34,0,34,1.4516607643577668,0.6470588235294118,22,6,4,2,34,0,34,0.20588235294117646,0.29411764705882354
61575561745423,26,1,1,pt,1,brazil,1,19,7,65,65,65,1.8772583472089979,0.36923076923076925,20,14,7,24,65,0,65,0.3230769230769231,0.27692307692307694
61575562062738,6,1,1,en,1,india,1,6,0,15,0,15,1.746465798504072,0.4666666666666667,7,3,1,4,14,1,15,0.5333333333333333,0.06666666666666667
61575562147700,29,1,1,it,1,italy,1,21,8,81,0,81,1.673999229571324,0.43209876543209874,31,10,5,35,81,0,81,0.32098765432098764,0.30864197530864196
61575562471116,61,1,1,en,1,india,1,61,0,61,0,61,1.5200236153978157,0.6065573770491803,37,3,9,12,61,0,61,0.22950819672131148,0.18032786885245902
61575562681015,27,1,1,hi,1,india,1,20,7,76,0,76,1.6904360343122478,0.5131578947368421,39,8,8,21,76,0,75,0.41333333333333333,0.26666666666666666
61575562736575,29,1,1,en,1,india,1,23,6,77,0,77,1.9126542198015966,0.38961038961038963,30,15,12,20,77,0,77,0.24675324675324675,0.42857142857142855
61575562855407,46,1,1,hi,1,india,1,39,7,128,48,128,1.7772302309579118,0.484375,62,23,13,30,128,0,125,0.4,0.248
61575563047814,7,1,1,pt,1,brazil,1,2,5,14,0,14,1.4838317068446891,0.6428571428571429,9,1,2,2,14,0,14,0.5,0.21428571428571427
61575563107619,4,1,1,pt,1,brazil,1,0,4,10,0,10,1.295461844238322,0.6,3,1,0,6,10,0,10,0.7,0.1
61575563652554,39,1,1,hi,1,india,1,39,0,44,0,44,1.7670116605965105,0.45454545454545453,11,3,10,20,35,9,44,0.5681818181818182,0.20454545454545456
61575563881042,1,1,1,en,1,india,1,1,0,1,0,1,-0.0,1.0,0,0,1,0,1,0,1,0.0,0.0
61575565225400,25,1,1,hi,1,india,1,18,7,69,69,69,1.7736323149539306,0.391304347826087,27,5,12,25,69,0,69,0.5217391304347826,0.13043478260869565
61575565885130,23,1,1,en,1,united states,1,17,6,64,0,64,1.8231115007297,0.40625,26,7,10,21,64,0,64,0.28125,0.28125
61575567026504,2,1,1,hi,1,india,1,2,0,6,0,6,1.7924812503605778,0.5,3,1,1,1,6,0,6,0.6666666666666666,0.3333333333333333
61575567360947,32,1,1,en,1,india,1,21,11,86,0,86,1.9170155417325496,0.3488372093023256,25,11,20,30,86,0,86,0.32558139534883723,0.3488372093023256
61575567781112,23,1,1,pt,1,brazil,1,16,7,60,0,60,1.5687121226514977,0.5166666666666667,19,8,2,31,60,0,60,0.35,0.2833333333333333
61575568080955,10,1,1,en,1,india,1,10,0,21,0,21,1.7763318528003076,0.42857142857142855,7,3,2,9,21,0,21,0.42857142857142855,0.3333333333333333
61575568321122,29,1,1,pt,1,brazil,1,23,6,82,0,82,1.87008712868256,0.36585365853658536,30,13,11,28,82,0,82,0.43902439024390244,0.2073170731707317
61575568405010,11,1,1,en,1,united states,1,11,0,11,0,11,1.8585552118703144,0.45454545454545453,2,2,2,5,11,0,11,0.36363636363636365,0.2727272727272727
61575568530764,2,1,1,it,1,italy,1,2,0,6,0,6,1.9182958340544896,0.3333333333333333,1,1,2,2,6,0,6,0.5,0.16666666666666666
61575568620980,17,1,1,fr,1,france,1,17,0,51,0,51,1.7509245718880009,0.39215686274509803,20,20,6,5,51,0,51,0.3137254901960784,0.17647058823529413
61575568950765,12,1,1,fr,1,france,1,10,2,25,0,25,1.6027395395328303,0.44,11,3,1,10,25,0,23,0.391304347826087,0.2608695652173913
61575569197336,14,1,1,pt,1,brazil,1,7,7,39,0,39,1.95006375643621,0.3076923076923077,12,12,6,9,39,0,39,0.23076923076923078,0.3333333333333333
61575569215048,19,1,1,hi,1,india,1,19,0,51,0,51,1.652417217537825,0.5686274509803921,9,5,8,29,51,0,51,0.5686274509803921,0.09803921568627451
61575569461048,10,1,1,en,1,india,1,9,1,21,0,21,1.9699000226227197,0.3333333333333333,4,5,7,5,21,0,21,0.23809523809523808,0.19047619047619047
61575570054989,42,1,1,hi,1,india,1,31,11,126,34,126,1.880051260328849,0.38095238095238093,48,23,16,39,126,0,121,0.4462809917355372,0.17355371900826447
61575570234922,1,1,1,en,1,united states,1,1,0,1,0,1,-0.0,1.0,0,1,0,0,1,0,1,0.0,0.0
61575570481034,13,1,1,it,1,italy,1,1,12,29,0,29,1.822744329723164,0.4482758620689655,6,13,7,3,29,0,29,0.13793103448275862,0.3103448275862069
61575570571033,28,1,1,hi,1,india,1,22,6,77,0,77,1.3555806068008671,0.6883116883116883,53,4,9,11,76,1,77,0.2987012987012987,0.19480519480519481
61575571147433,16,1,1,pt,1,brazil,1,16,0,42,0,42,1.7614460134466117,0.40476190476190477,17,7,3,15,42,0,42,0.4523809523809524,0.16666666666666666
61575571571675,17,1,1,fr,1,france,1,17,0,49,0,49,1.88766451642307,0.3469387755102041,17,8,17,7,49,0,49,0.2857142857142857,0.20408163265306123
61575571627333,2,1,1,pt,1,brazil,1,2,0,8,0,8,1.561278124459133,0.375,2,0,3,3,8,0,8,0.25,0.125
61575571722233,14,1,1,en,1,india,1,14,0,37,0,37,1.943648709168551,0.35135135135135137,8,6,10,13,37,0,37,0.43243243243243246,0.16216216216216217
61575572010654,22,1,1,hi,1,india,1,22,0,61,0,61,1.8700854058262935,0.3770491803278688,20,8,10,23,61,0,60,0.4166666666666667,0.23333333333333334
61575572484923,1,1,1,hi,1,india,1,0,1,3,3,3,-0.0,1.0,3,0,0,0,3,0,3,0.0,0.3333333333333333
61575572827551,2,1,1,pt,1,brazil,1,0,2,8,0,8,1.4056390622295665,0.5,4,3,1,0,8,0,8,0.0,0.5
61575573270617,3,1,1,fr,1,france,1,0,3,3,0,3,1.584962500721156,0.3333333333333333,0,1,1,1,3,0,3,0.3333333333333333,0.0
61575573720690,28,1,1,it,1,italy,1,23,5,79,0,79,1.745325578862722,0.4936708860759494,39,21,9,10,78,1,79,0.20253164556962025,0.22784810126582278
61575573971789,3,1,1,en,1,india,1,0,3,12,0,12,1.9591479170272448,0.3333333333333333,3,3,4,2,12,0,12,0.16666666666666666,0.16666666666666666
61575574230690,12,1,1,en,1,india,1,5,7,26,0,26,1.4604846813131116,0.46153846153846156,12,0,10,4,26,0,26,0.2692307692307692,0.38461538461538464
61575574524688,54,1,1,pt,1,brazil,1,33,21,164,0,164,1.9790399719848966,0.3048780487804878,37,32,45,50,164,0,164,0.31097560975609756,0.23170731707317074
61575574860669,48,1,1,pt,1,brazil,1,39,9,126,0,126,1.9744778124228841,0.30952380952380953,39,34,23,30,125,1,126,0.30952380952380953,0.20634920634920634
61575575544615,30,1,1,hi,1,india,1,22,8,75,41,75,1.6559230885272815,0.5333333333333333,20,8,7,40,75,0,75,0.4533333333333333,0.2
61575575574825,27,1,1,pt,1,brazil,1,20,7,68,52,68,1.7841050771329803,0.5,13,12,9,34,68,0,68,0.45588235294117646,0.17647058823529413
61575575604669,29,1,1,en,1,united states,1,18,11,72,0,72,1.4728229793778245,0.6388888888888888,46,11,4,11,72,0,72,0.1388888888888889,0.4027777777777778
61575576180403,29,1,1,en|hi,2,india,1,23,6,75,0,75,1.790756438463285,0.4266666666666667,23,14,6,32,75,0,74,0.44594594594594594,0.25675675675675674
61575576330602,27,1,1,pt,1,brazil,1,19,8,75,0,75,1.9310038827399487,0.37333333333333335,28,12,16,19,75,0,75,0.30666666666666664,0.25333333333333335
61575577331768,4,1,1,en,1,india,1,4,0,10,0,10,1.5219280948873621,0.4,4,2,0,4,10,0,10,0.5,0.2
61575578274585,14,1,1,en,1,united states,1,13,1,51,0,51,1.979395002885972,0.3137254901960784,12,10,13,16,51,0,51,0.19607843137254902,0.2549019607843137
61575579161687,15,1,1,en,1,india,1,15,0,20,0,20,1.7128876215181608,0.45,7,2,2,9,20,0,20,0.3,0.1
61575579240396,14,1,1,en,1,india,1,4,10,43,0,43,1.741469591035635,0.5116279069767442,22,6,5,10,43,0,43,0.3488372093023256,0.3023255813953488
61575579420329,23,1,1,hi,1,india,1,22,1,23,0,23,1.2087030080822636,0.7391304347826086,3,1,2,17,23,0,23,0.4782608695652174,0.2608695652173913
61575580080566,36,1,1,it,1,italy,1,22,14,94,0,94,1.5448913363375012,0.574468085106383,54,13,4,23,94,0,93,0.44086021505376344,0.13978494623655913
61575580421441,34,1,1,fr,1,france,1,20,14,101,0,101,1.9471781724328658,0.32673267326732675,33,18,19,31,101,0,101,0.31683168316831684,0.19801980198019803
61575582540110,9,1,1,pt,1,brazil,1,9,0,24,0,24,1.5636254885377856,0.5416666666666666,13,1,3,7,24,0,24,0.16666666666666666,0.375
61575582750038,27,1,1,it,1,italy,1,20,7,76,0,76,1.7895270791966182,0.4473684210526316,22,7,13,34,76,0,76,0.40789473684210525,0.2631578947368421
61575583914253,5,1,1,en,1,united states,1,5,0,12,0,12,1.207518749639422,0.75,9,1,1,1,12,0,12,0.3333333333333333,0.0
61575584406708,30,1,1,it,1,italy,1,18,12,88,0,88,1.8675097010743849,0.4090909090909091,36,19,10,23,88,0,88,0.3068181818181818,0.22727272727272727
61575584640300,1,1,1,hi,1,india,1,1,0,1,0,1,-0.0,1.0,1,0,0,0,1,0,1,0.0,0.0
61575586061241,50,1,1,en,1,india,1,50,0,163,0,163,1.5199160487875158,0.6319018404907976,103,23,23,14,163,0,163,0.2392638036809816,0.25153374233128833
61575586206484,21,1,1,pt,1,brazil,1,17,4,56,0,56,1.875782041564882,0.375,18,7,10,21,56,0,56,0.25,0.2857142857142857
61575587711344,11,1,1,it,1,italy,1,11,0,11,0,11,0.9456603046006402,0.6363636363636364,0,0,4,7,11,0,11,0.5454545454545454,0.09090909090909091
61575589271257,17,1,1,fr,1,france,1,9,8,36,0,36,1.7477690149595555,0.5,18,4,5,9,36,0,33,0.21212121212121213,0.42424242424242425
61575589320065,37,1,1,it,1,italy,1,6,31,80,0,80,1.9467221925771758,0.3375,27,23,13,17,80,0,80,0.225,0.3
61575593514192,20,1,1,hi,1,india,1,15,5,58,24,58,1.6570753110741299,0.5,17,9,3,29,58,0,58,0.5517241379310345,0.15517241379310345
61575593526385,28,1,1,pt,1,brazil,1,21,7,76,0,76,1.9457228193333092,0.3684210526315789,18,16,14,28,76,0,76,0.34210526315789475,0.25
61575593550063,17,1,1,hi,1,india,1,15,2,19,0,19,1.2319817814011405,0.7368421052631579,2,1,2,14,17,2,19,0.3684210526315789,0.21052631578947367
61575593711315,9,1,1,en,1,india,1,8,1,20,0,20,1.7762976257251992,0.35,7,7,5,1,20,0,20,0.3,0.2
61575595206496,23,1,1,pt,1,brazil,1,18,5,62,0,62,1.9265228141755903,0.3870967741935484,12,11,15,24,62,0,62,0.43548387096774194,0.11290322580645161
61575596766424,19,1,1,pt,1,brazil,1,17,2,49,0,49,1.7273542995892248,0.42857142857142855,17,8,3,21,49,0,48,0.5416666666666666,0.16666666666666666
61575597900160,31,1,1,en,1,india,1,24,7,88,0,88,1.9725846994145182,0.3181818181818182,17,28,24,19,88,0,88,0.22727272727272727,0.26136363636363635
61575600087094,10,1,1,hi,1,india,1,10,0,21,0,21,1.6004512092982517,0.5714285714285714,5,2,2,12,21,0,20,0.75,0.05
61575601110141,24,1,1,en,1,india,1,18,6,72,0,72,1.87913608011162,0.4305555555555556,31,16,14,11,72,0,72,0.2638888888888889,0.2777777777777778
61575601407792,4,1,1,fr,1,france,1,4,0,10,0,10,1.3709505944546687,0.6,2,0,2,6,4,6,10,0.3,0.3
61575601629118,34,1,1,hi,1,india,1,33,1,79,0,79,1.9364780559492742,0.3291139240506329,13,25,15,26,78,1,75,0.4266666666666667,0.09333333333333334
61575601911978,25,1,1,hi,1,india,1,24,1,70,0,70,1.7444114677973237,0.5,35,15,6,14,69,1,68,0.47058823529411764,0.10294117647058823
61575602097750,28,1,1,en,1,india,1,21,7,32,0,32,1.6820708027473965,0.4375,14,7,10,1,31,1,32,0.21875,0.25
61575603027841,15,1,1,it,1,italy,1,15,0,44,0,44,1.6068315827174144,0.5909090909090909,26,7,4,7,44,0,44,0.1590909090909091,0.3181818181818182
61575603778005,24,1,1,it,1,italy,1,22,2,63,0,63,1.8464831155391408,0.3968253968253968,25,11,7,20,63,0,61,0.36065573770491804,0.19672131147540983
61575605365272,31,1,1,en,1,united states,1,23,8,84,62,84,1.904253545739357,0.35714285714285715,27,13,14,30,84,0,84,0.34523809523809523,0.34523809523809523
61575605376491,19,1,1,pt,1,brazil,1,18,1,53,0,53,1.8848860609545115,0.33962264150943394,18,18,11,6,53,0,53,0.22641509433962265,0.22641509433962265
61575605951092,15,1,1,hi,1,india,1,14,1,41,0,41,1.920516388789606,0.34146341463414637,14,6,8,13,41,0,41,0.4878048780487805,0.14634146341463414
61575606263930,21,1,1,en,1,united states,1,21,0,56,0,56,1.7856275140674538,0.48214285714285715,27,10,6,13,56,0,56,0.17857142857142858,0.35714285714285715
61575606443963,27,1,1,hi,1,india,1,22,5,75,75,75,1.9294428910292034,0.37333333333333335,28,13,14,20,75,0,75,0.49333333333333335,0.14666666666666667
61575607469556,4,1,1,hi,1,india,1,4,0,5,0,5,1.5219280948873621,0.4,2,2,1,0,5,0,5,0.4,0.4
61575607559731,8,1,1,en,1,india,1,8,0,16,0,16,1.1216407621868583,0.6875,4,1,0,11,16,0,16,0.375,0.25
61575608339692,30,1,1,en,1,india,1,22,8,82,0,82,1.7958214765758547,0.45121951219512196,37,24,10,11,82,0,82,0.1951219512195122,0.32926829268292684
61575608669721,2,1,1,hi,1,india,1,2,0,2,0,2,1.0,0.5,0,1,1,0,2,0,2,0.0,0.5
61575609186023,27,1,1,it,1,italy,1,20,7,69,0,69,1.698747234085275,0.5072463768115942,35,9,6,19,69,0,69,0.30434782608695654,0.3333333333333333
61575609593809,24,1,1,hi,1,india,1,20,4,66,66,66,1.8773066684049575,0.3939393939393939,26,8,13,19,65,1,64,0.421875,0.25
61575609869498,29,1,1,en,1,india,1,21,8,79,0,79,1.9629178754715126,0.31645569620253167,25,23,14,17,79,0,79,0.2911392405063291,0.24050632911392406
61575610349444,33,1,1,pt,1,brazil,1,11,22,95,0,95,1.9146277738873152,0.35789473684210527,34,12,23,26,95,0,95,0.29473684210526313,0.24210526315789474
61575610626046,6,1,1,pt,1,brazil,1,6,0,17,0,17,1.4516607643577664,0.6470588235294118,2,3,1,11,17,0,17,0.23529411764705882,0.29411764705882354
61575611249680,26,1,1,fr,1,france,1,18,8,72,0,72,1.9520576244936685,0.3333333333333333,21,24,13,14,72,0,71,0.2535211267605634,0.23943661971830985
61575611459686,42,1,1,hi,1,india,1,21,21,114,0,114,1.9129574363570598,0.3684210526315789,42,19,19,34,114,0,113,0.4336283185840708,0.18584070796460178
61575611560869,1,1,1,en,1,india,1,1,0,4,0,4,-0.0,1.0,4,0,0,0,4,0,4,0.25,0.25
61575611759627,2,1,1,fr,1,france,1,2,0,8,0,8,1.2987949406953985,0.625,5,0,2,1,8,0,8,0.625,0.125
61575612269544,25,1,1,fr,1,france,1,20,5,68,0,68,1.7593977513331667,0.4117647058823529,28,5,11,24,67,1,68,0.4411764705882353,0.08823529411764706
61575612940599,15,1,1,en,1,india,1,13,2,46,0,46,1.6905077165225535,0.4782608695652174,22,4,5,15,46,0,46,0.41304347826086957,0.1956521739130435
61575614110894,4,1,1,en,1,india,1,4,0,12,0,12,1.4591479170272448,0.5,2,0,6,4,12,0,12,0.16666666666666666,0.4166666666666667
61575614489368,25,1,1,en|hi,2,india,1,22,3,71,0,71,1.8743059002119193,0.36619718309859156,26,14,8,23,70,1,71,0.323943661971831,0.15492957746478872
61575614639292,10,1,1,en,1,india,1,3,7,27,0,27,1.9110799555630675,0.4074074074074074,5,11,5,6,27,0,27,0.25925925925925924,0.2962962962962963
61575614841893,31,1,1,hi,1,india,1,23,8,83,0,83,1.9274232177505688,0.3614457831325301,15,24,14,30,82,1,83,0.4457831325301205,0.20481927710843373
61575615023394,26,1,1,en,1,united states,1,18,8,75,61,75,1.6884165008941912,0.52,39,14,5,17,75,0,75,0.2,0.29333333333333333
61575615053422,4,1,1,en,1,united states,1,4,0,10,0,10,1.721928094887362,0.4,1,4,1,4,10,0,10,0.4,0.3
61575615149255,22,1,1,en,1,india,1,15,7,57,0,57,1.744642815596328,0.47368421052631576,27,6,7,17,57,0,57,0.19298245614035087,0.19298245614035087
61575615485706,19,1,1,pt,1,brazil,1,16,3,52,0,52,1.4936013933355108,0.5769230769230769,12,1,9,30,52,0,52,0.4807692307692308,0.21153846153846154
61575615569383,2,1,1,fr,1,france,1,0,2,2,0,2,1.0,0.5,0,1,0,1,2,0,2,0.5,0.0
61575615869363,34,1,1,pt,1,brazil,1,20,14,88,0,88,1.856180715876511,0.4318181818181818,38,15,12,23,88,0,88,0.19318181818181818,0.32954545454545453
61575615899415,30,1,1,en,1,india,1,23,7,82,0,82,1.7864335896219465,0.4634146341463415,38,22,14,8,81,1,82,0.3170731707317073,0.21951219512195122
61575616150537,44,1,1,fr,1,france,1,44,0,44,0,44,1.9078560255222974,0.3181818181818182,5,14,11,14,44,0,44,0.29545454545454547,0.1590909090909091
61575616199388,66,1,1,hi,1,india,1,64,2,66,0,66,1.1302763166894556,0.7575757575757576,9,2,5,50,66,0,66,0.5454545454545454,0.18181818181818182
61575616559379,26,1,1,fr,1,france,1,21,5,72,0,72,1.8996402507980945,0.3472222222222222,24,13,10,25,72,0,72,0.2361111111111111,0.375
61575617069194,15,1,1,en,1,india,1,15,0,29,0,29,1.8858184678024723,0.3793103448275862,11,9,5,4,29,0,29,0.3793103448275862,0.1724137931034483
61575617813432,27,1,1,en,1,india,1,19,8,71,0,71,1.8261256877719896,0.4084507042253521,29,8,11,23,71,0,71,0.29577464788732394,0.2535211267605634
61575617909167,36,1,1,en,1,india,1,28,8,89,0,89,1.7391055082904558,0.4943820224719101,23,8,14,44,89,0,89,0.39325842696629215,0.3146067415730337
61575617999236,34,1,1,fr,1,france,1,23,11,90,0,90,1.9518878273839708,0.36666666666666664,33,19,19,19,90,0,90,0.3111111111111111,0.28888888888888886
61575618485389,25,1,1,pt,1,brazil,1,21,4,69,0,69,1.8389330874128893,0.4057971014492754,28,13,7,21,69,0,69,0.36231884057971014,0.2608695652173913
61575619289287,20,1,1,hi,1,india,1,13,7,55,0,55,1.8163015310771051,0.43636363636363634,24,16,6,9,55,0,55,0.2545454545454545,0.38181818181818183
61575619799184,27,1,1,hi,1,india,1,20,7,67,0,67,1.8886552273474013,0.3582089552238806,24,7,19,17,67,0,67,0.5223880597014925,0.08955223880597014
61575620033270,38,1,1,en,1,india,1,25,13,106,74,106,1.6420781714941015,0.5283018867924528,56,24,5,21,106,0,106,0.22641509433962265,0.32075471698113206
61575620075531,2,1,1,pt,1,brazil,1,2,0,4,0,4,1.5,0.5,2,0,1,1,4,0,4,0.0,0.75
61575621239139,42,1,1,fr,1,france,1,20,22,106,0,106,1.879805695152373,0.3584905660377358,38,14,18,36,106,0,106,0.3018867924528302,0.24528301886792453
61575621359093,3,1,1,en,1,india,1,0,3,6,0,6,-0.0,1.0,6,0,0,0,6,0,6,0.0,0.8333333333333334
61575621419066,26,1,1,hi,1,india,1,14,12,70,0,70,1.9684954058345414,0.3142857142857143,22,13,15,20,70,0,70,0.35714285714285715,0.15714285714285714
61575621478987,25,1,1,pt,1,brazil,1,18,7,71,0,71,1.953923178512472,0.323943661971831,21,23,15,12,71,0,71,0.323943661971831,0.2112676056338028
61575621629048,5,1,1,fr,1,france,1,5,0,14,0,14,1.7783283537314114,0.5,3,2,7,2,14,0,14,0.42857142857142855,0.35714285714285715
61575622469014,28,1,1,en,1,india,1,22,6,64,0,64,1.937465233424859,0.328125,13,21,20,10,64,0,64,0.28125,0.234375
61575622528838,26,1,1,pt,1,brazil,1,20,6,73,0,73,1.9488648363317038,0.3287671232876712,20,18,11,24,73,0,73,0.4383561643835616,0.1506849315068493
61575622629793,85,1,1,it,1,italy,1,85,0,85,0,85,1.8023762473288247,0.43529411764705883,26,9,13,37,85,0,85,0.4117647058823529,0.16470588235294117
61575622703059,23,1,1,hi,1,india,1,23,0,64,0,64,1.5275698695546571,0.546875,19,2,8,35,63,1,63,0.5238095238095238,0.19047619047619047
61575624382959,21,1,1,en,1,india,1,20,1,57,2,57,1.4746257584503313,0.47368421052631576,24,2,4,27,57,0,57,0.2982456140350877,0.3684210526315789
61575624868902,15,1,1,en,1,india,1,15,0,25,0,25,1.888102070191481,0.36,3,8,5,9,25,0,25,0.2,0.2
61575625025576,20,1,1,pt,1,brazil,1,18,2,51,0,51,0.9885601695108192,0.7843137254901961,8,1,2,40,51,0,51,0.47058823529411764,0.27450980392156865
61575625073003,15,1,1,en,1,united states,1,13,2,33,0,33,1.8863462923266434,0.42424242424242425,14,5,7,7,33,0,33,0.2727272727272727,0.3333333333333333
61575625613003,25,1,1,hi,1,india,1,19,6,68,52,68,1.9224228645886339,0.3382352941176471,22,23,11,12,68,0,68,0.39705882352941174,0.10294117647058823
61575625918798,25,1,1,fr,1,france,1,17,8,68,0,68,1.9427980824139386,0.3382352941176471,20,14,11,23,68,0,68,0.3235294117647059,0.3088235294117647
61575626045233,24,1,1,pt,1,brazil,1,18,6,71,0,71,1.9053011956969526,0.39436619718309857,19,12,12,28,71,0,71,0.4225352112676056,0.2676056338028169
61575626398602,28,1,1,en,1,india,1,21,7,77,0,77,1.9495833638439517,0.33766233766233766,22,13,16,26,77,0,77,0.38961038961038963,0.2987012987012987
61575626548762,14,1,1,it,1,italy,1,14,0,33,0,33,1.6437760054264818,0.5757575757575758,4,6,4,19,33,0,32,0.40625,0.28125
61575626782963,27,1,1,hi,1,india,1,21,6,68,68,68,1.8910796977135316,0.35294117647058826,24,10,11,23,68,0,68,0.45588235294117646,0.17647058823529413
61575626818886,14,1,1,it,1,italy,1,14,0,38,0,38,1.0797374117849925,0.7631578947368421,2,1,6,29,38,0,38,0.47368421052631576,0.2631578947368421
61575628348501,15,1,1,pt,1,brazil,1,15,0,43,0,43,1.8167381799544864,0.3953488372093023,15,6,5,17,43,0,42,0.42857142857142855,0.23809523809523808
61575628354963,24,1,1,pt,1,brazil,1,20,4,70,0,70,1.79428481853085,0.4142857142857143,29,9,8,24,70,0,70,0.4714285714285714,0.2714285714285714
61575628828552,11,1,1,pt,1,brazil,1,10,1,27,0,27,1.7446231555025964,0.5185185185185185,5,5,3,14,27,0,27,0.37037037037037035,0.2962962962962963
61575629031202,30,1,1,en,1,united states,1,24,6,80,42,80,1.409114008667663,0.5625,45,27,2,6,80,0,80,0.325,0.15
61575629128778,1,1,1,hi,1,india,1,0,1,3,0,3,0.9182958340544896,0.6666666666666666,2,1,0,0,3,0,3,0.0,1.0
61575629709808,25,1,1,fr,1,france,1,17,8,65,0,65,1.9359161926987323,0.3384615384615385,22,20,11,12,65,0,63,0.25396825396825395,0.2857142857142857
61575629889393,21,1,1,it,1,italy,1,19,2,61,0,61,1.6585369560613925,0.47540983606557374,29,9,3,20,61,0,61,0.2786885245901639,0.36065573770491804
61575630155113,1,1,1,pt,1,brazil,1,1,0,1,0,1,-0.0,1.0,0,0,0,1,1,0,1,0.0,0.0
61575631438414,26,1,1,pt,1,brazil,1,19,7,69,0,69,1.8503470232150987,0.43478260869565216,30,12,9,18,69,0,69,0.2898550724637681,0.2898550724637681
61575631462624,32,1,1,hi,1,india,1,25,7,86,52,86,1.9916328836447184,0.27906976744186046,23,21,18,24,86,0,86,0.38372093023255816,0.1744186046511628
61575631468636,23,1,1,it,1,italy,1,18,5,63,0,63,1.8921098997375612,0.3492063492063492,22,21,8,12,63,0,63,0.19047619047619047,0.2857142857142857
61575631599627,32,1,1,it,1,italy,1,32,0,67,0,67,1.7414280670052156,0.43283582089552236,23,10,5,29,67,0,67,0.4925373134328358,0.19402985074626866
61575631794140,24,1,1,fr,1,france,1,17,7,61,0,61,1.9253456471737467,0.3442622950819672,21,15,8,17,61,0,61,0.3114754098360656,0.19672131147540983
61575632008603,2,1,1,pt,1,brazil,1,2,0,4,0,4,1.5,0.5,1,0,1,2,4,0,4,0.75,0.0
61575632169437,19,1,1,fr,1,france,1,18,1,39,0,39,1.8997842697005112,0.41025641025641024,16,8,6,9,37,2,38,0.34210526315789475,0.13157894736842105
61575633442519,25,1,1,hi,1,india,1,19,6,67,48,67,1.9267354737987208,0.3880597014925373,16,13,12,26,67,0,67,0.3880597014925373,0.16417910447761194
61575633489883,4,1,1,en,1,india,1,4,0,4,0,4,1.5,0.5,2,1,0,1,4,0,4,0.0,0.25
61575633562577,10,1,1,hi,1,india,1,10,0,20,20,20,1.8149798205164813,0.45,9,4,2,5,20,0,20,0.55,0.1
61575633808414,5,1,1,en,1,india,1,0,5,11,0,11,1.0957952550009336,0.7272727272727273,8,1,0,2,11,0,11,0.36363636363636365,0.45454545454545453
61575634312550,27,1,1,hi,1,india,1,21,6,70,63,70,1.9760766425394967,0.3142857142857143,15,14,19,22,70,0,70,0.5,0.12857142857142856
61575634528316,25,1,1,en,1,india,1,19,6,71,0,71,1.5943698642945747,0.5915492957746479,42,14,7,8,71,0,71,0.28169014084507044,0.23943661971830985
61575635229721,20,1,1,hi,1,india,1,20,0,54,0,54,1.5137847242254336,0.5925925925925926,32,8,2,12,54,0,54,0.2777777777777778,0.24074074074074073
61575635319362,3,1,1,pt,1,brazil,1,3,0,3,0,3,1.584962500721156,0.3333333333333333,0,1,1,1,3,0,3,0.3333333333333333,0.0
61575635698445,41,1,1,pt,1,brazil,1,20,21,115,0,115,1.7024429176663023,0.41739130434782606,45,10,12,48,115,0,115,0.4260869565217391,0.24347826086956523
61575636279443,1,1,1,en,1,india,1,1,0,1,0,1,-0.0,1.0,1,0,0,0,1,0,1,0.0,1.0
61575636412404,26,1,1,pt,1,brazil,1,18,8,72,0,72,1.985051285212449,0.2916666666666667,21,18,14,19,72,0,72,0.4166666666666667,0.1527777777777778
61575636699554,2,1,1,en,1,india,1,2,0,5,0,5,0.7219280948873623,0.8,4,1,0,0,5,0,5,0.2,0.4
61575636999621,22,1,1,hi,1,india,1,21,1,57,0,57,1.970926016978325,0.3157894736842105,18,11,12,16,57,0,57,0.45614035087719296,0.15789473684210525
61575637659482,1,1,1,en,1,india,1,1,0,1,0,1,-0.0,1.0,0,0,1,0,1,0,1,0.0,0.0
61575637714655,31,1,1,pt,1,brazil,1,31,0,70,0,70,1.8208088882140459,0.44285714285714284,31,14,7,18,70,0,69,0.3333333333333333,0.2318840579710145
61575637732290,15,1,1,en,1,united states,1,15,0,40,0,40,1.5270078865364,0.5,20,3,2,15,40,0,40,0.45,0.275
61575637913685,30,1,1,en,1,india,1,22,8,82,0,82,1.724175059498736,0.524390243902439,43,9,12,18,81,1,82,0.2682926829268293,0.1951219512195122
61575638074541,11,1,1,pt,1,brazil,1,9,2,24,0,24,1.6625056054120886,0.5,6,1,5,12,24,0,24,0.5,0.20833333333333334
61575638398207,10,1,1,it,1,italy,1,8,2,28,0,28,1.9299111709758698,0.32142857142857145,9,4,6,9,28,0,28,0.32142857142857145,0.17857142857142858
61575642154332,15,1,1,it,1,italy,1,10,5,41,0,41,1.943551922377509,0.34146341463414637,14,7,12,8,41,0,41,0.4146341463414634,0.14634146341463414
61575642477991,27,1,1,hi,1,india,1,20,7,68,0,68,1.9670849641233388,0.3235294117647059,18,16,12,22,68,0,68,0.39705882352941174,0.14705882352941177
61575642687931,25,1,1,it,1,italy,1,18,7,69,0,69,1.7181416012226474,0.463768115942029,32,10,5,22,69,0,69,0.37681159420289856,0.2463768115942029
61575643340473,26,1,1,en,1,united states,1,21,5,69,18,69,1.3191765446212278,0.4782608695652174,32,2,2,33,69,0,69,0.34782608695652173,0.2898550724637681
61575644092150,17,1,1,en,1,united states,1,15,2,47,0,47,1.988726135266058,0.2978723404255319,11,14,12,10,47,0,47,0.40425531914893614,0.1702127659574468
61575644812072,8,1,1,en,1,united states,1,8,0,28,0,28,1.6553962296100682,0.5357142857142857,7,4,2,15,28,0,28,0.5357142857142857,0.10714285714285714
61575645178036,1,1,1,en,1,india,1,1,0,1,0,1,-0.0,1.0,0,0,1,0,1,0,1,0.0,0.0
61575645447768,29,1,1,en,1,india,1,21,8,77,0,77,1.9837414942453633,0.2987012987012987,20,19,15,23,77,0,77,0.35064935064935066,0.16883116883116883
61575645777843,27,1,1,en,1,india,1,22,5,76,0,76,1.8582841588135497,0.3815789473684211,25,13,9,29,76,0,76,0.2894736842105263,0.3157894736842105
61575646167901,4,1,1,en,1,india,1,4,0,8,0,8,1.561278124459133,0.375,2,3,0,3,8,0,8,0.25,0.25
61575646521885,17,1,1,hi,1,india,1,17,0,44,0,44,1.8210173632876714,0.38636363636363635,15,4,8,17,44,0,43,0.5116279069767442,0.13953488372093023
61575646568912,12,1,1,hi,1,india,1,12,0,30,0,30,1.9628980971151295,0.3,9,9,7,5,30,0,30,0.3,0.13333333333333333
61575646731852,5,1,1,en,1,united states,1,5,0,5,0,5,1.5219280948873621,0.4,0,1,2,2,5,0,5,0.2,0.0
61575646821903,27,1,1,hi,1,india,1,19,8,74,74,74,1.674550523608479,0.4864864864864865,36,16,3,19,74,0,74,0.3783783783783784,0.17567567567567569
61575647091890,21,1,1,en,1,united states,1,13,8,52,0,52,1.977752869610827,0.3269230769230769,12,11,12,17,52,0,52,0.3076923076923077,0.19230769230769232
61575647284322,19,1,1,pt,1,brazil,1,16,3,51,0,51,1.4243862327672674,0.5098039215686274,26,20,4,1,51,0,50,0.12,0.26
61575647757746,14,1,1,pt,1,brazil,1,14,0,28,0,28,1.7049255848926692,0.5357142857142857,3,6,4,15,28,0,28,0.39285714285714285,0.17857142857142858
61575647991754,51,1,1,hi,1,india,1,37,14,131,56,131,1.8224315217995168,0.4732824427480916,62,27,18,24,131,0,131,0.3435114503816794,0.21374045801526717
61575649047722,20,1,1,it,1,italy,1,18,2,54,0,54,1.8609175511729958,0.4074074074074074,6,11,22,15,54,0,52,0.34615384615384615,0.17307692307692307
61575649178716,31,1,1,fr,1,france,1,19,12,81,0,81,1.714759220650098,0.5308641975308642,43,14,8,16,81,0,81,0.24691358024691357,0.32098765432098764
61575649491662,27,1,1,hi,1,india,1,21,6,69,62,69,1.672257312166014,0.5072463768115942,20,5,9,35,68,1,69,0.6376811594202898,0.11594202898550725
61575649624207,34,1,1,pt,1,brazil,1,20,14,88,0,88,1.9103999014940343,0.4090909090909091,36,17,19,16,87,1,88,0.2727272727272727,0.2840909090909091
61575649917344,29,1,1,en,1,india,1,21,8,80,0,80,1.9219020889533285,0.3375,27,14,13,26,80,0,80,0.4375,0.275
61575650018322,7,1,1,fr,1,france,1,7,0,21,0,21,1.7849418274376427,0.38095238095238093,8,2,3,8,21,0,21,0.5238095238095238,0.19047619047619047
61575650547675,23,1,1,en,1,india,1,22,1,58,0,58,1.8632315011799345,0.3793103448275862,18,12,6,22,58,0,58,0.3448275862068966,0.20689655172413793
61575650907325,3,1,1,hi,1,india,1,3,0,6,0,6,1.9182958340544893,0.3333333333333333,2,1,2,1,6,0,6,0.0,0.5
61575650931635,13,1,1,hi,1,india,1,13,0,38,38,38,1.8885961619312464,0.34210526315789475,13,12,9,4,37,1,37,0.1891891891891892,0.1891891891891892
61575651027623,30,1,1,pt,1,brazil,1,23,7,80,0,80,1.7852381365909888,0.4,32,29,11,8,80,0,80,0.175,0.225
61575651233044,23,1,1,hi,1,india,1,15,8,65,0,65,1.829663863558079,0.4153846153846154,27,11,7,20,65,0,65,0.35384615384615387,0.2
61575651818818,1,1,1,en,1,india,1,1,0,1,0,1,-0.0,1.0,1,0,0,0,1,0,1,0.0,0.0
61575652047563,25,1,1,pt,1,brazil,1,21,4,70,0,70,1.9631160933107132,0.34285714285714286,13,16,17,24,70,0,70,0.3,0.3
61575652402843,15,1,1,en,1,united states,1,15,0,38,0,38,1.9457228193333092,0.3684210526315789,8,7,14,9,38,0,38,0.3157894736842105,0.34210526315789475
61575652808289,18,1,1,it,1,italy,1,18,0,18,0,18,1.8412501702815547,0.3888888888888889,7,6,2,3,18,0,18,0.3333333333333333,0.2777777777777778
61575653247545,26,1,1,it,1,italy,1,19,7,71,0,71,1.986446219345861,0.30985915492957744,17,16,16,22,71,0,71,0.38028169014084506,0.22535211267605634
61575653601569,18,1,1,en,1,united states,1,18,0,49,0,49,1.9481382326848122,0.32653061224489793,15,9,16,9,49,0,49,0.32653061224489793,0.24489795918367346
61575654807398,17,1,1,fr,1,france,1,11,6,53,0,53,1.961228988739577,0.33962264150943394,18,10,11,14,53,0,53,0.2641509433962264,0.24528301886792453
61575655683613,2,1,1,pt,1,brazil,1,2,0,4,0,4,1.5,0.5,0,2,1,1,4,0,4,0.25,0.0
61575656577386,22,1,1,pt,1,brazil,1,19,3,61,0,61,1.8185376375115458,0.36065573770491804,22,5,12,22,61,0,61,0.4098360655737705,0.16393442622950818
61575656661446,7,1,1,en,1,united states,1,7,0,24,0,24,1.9712518360044662,0.3333333333333333,5,8,6,5,24,0,24,0.125,0.4166666666666667
61575657153747,22,1,1,pt,1,brazil,1,18,4,59,0,59,1.6138265550667064,0.4406779661016949,26,4,5,24,59,0,59,0.3220338983050847,0.3050847457627119
61575657477255,23,1,1,it,1,italy,1,15,8,66,0,66,1.8885972320038347,0.42424242424242425,15,12,11,28,66,0,66,0.4393939393939394,0.24242424242424243
61575657657480,28,1,1,en,1,india,1,22,6,77,0,77,1.8585552118703144,0.45454545454545453,14,14,14,35,77,0,77,0.37662337662337664,0.24675324675324675
61575657758124,98,1,1,fr,1,france,1,98,0,98,0,98,1.8671976722970371,0.37755102040816324,12,32,17,37,97,1,98,0.336734693877551,0.16326530612244897
61575658047213,19,1,1,en,1,india,1,18,1,47,0,47,1.5462649396983497,0.6170212765957447,29,8,6,4,47,0,47,0.2127659574468085,0.2553191489361702
61575658173803,37,1,1,pt,1,brazil,1,34,3,37,0,37,1.8817434644265694,0.35135135135135137,13,8,4,12,36,1,37,0.2702702702702703,0.32432432432432434
61575658298375,6,1,1,en,1,india,1,6,0,6,0,6,0.6500224216483541,0.8333333333333334,5,0,1,0,6,0,6,0.16666666666666666,0.16666666666666666
61575658881311,18,1,1,hi,1,india,1,12,6,45,45,45,1.8969841048789795,0.35555555555555557,13,16,5,11,44,1,44,0.45454545454545453,0.25
61575659187155,23,1,1,it,1,italy,1,18,5,62,0,62,1.911463245275462,0.3709677419354839,12,18,9,23,62,0,62,0.43548387096774194,0.20967741935483872
61575659217087,30,1,1,en,1,india,1,22,8,78,0,78,1.768756458524418,0.48717948717948717,38,10,10,20,78,0,78,0.19230769230769232,0.2948717948717949
61575659637024,1,1,1,en,1,india,1,1,0,2,0,2,1.0,0.5,0,0,1,1,2,0,2,0.5,0.0
61575660215637,3,1,1,pt,1,brazil,1,3,0,12,0,12,1.784159127851422,0.4166666666666667,1,4,2,5,12,0,12,0.25,0.3333333333333333
61575660236885,25,1,1,en,1,india,1,19,6,70,0,70,1.7927571680806431,0.4857142857142857,34,16,9,11,70,0,70,0.21428571428571427,0.37142857142857144
61575660381242,28,1,1,hi,1,india,1,22,6,28,6,28,1.9926140680171256,0.2857142857142857,8,7,7,6,28,0,28,0.4642857142857143,0.25
61575661611123,27,1,1,hi,1,india,1,20,7,75,71,75,1.8203022151898176,0.41333333333333333,31,12,8,24,75,0,75,0.4666666666666667,0.16
61575661897870,7,1,1,it,1,italy,1,7,0,15,0,15,1.9219280948873623,0.4,3,3,3,6,15,0,15,0.4,0.13333333333333333
61575661911069,45,1,1,hi,1,india,1,32,13,126,45,126,1.9844407498712062,0.30158730158730157,32,25,31,38,126,0,126,0.40476190476190477,0.21428571428571427
61575662108150,9,1,1,en,1,india,1,9,0,21,0,21,1.8190269457641055,0.42857142857142855,9,2,6,4,21,0,21,0.38095238095238093,0.23809523809523808
61575662223420,23,1,1,pt,1,brazil,1,20,3,60,0,60,1.8417291906466569,0.36666666666666664,21,22,6,11,59,1,60,0.2,0.2833333333333333
61575662366989,2,1,1,en,1,india,1,2,0,4,0,4,1.0,0.5,2,0,2,0,4,0,4,0.25,0.25
61575663518165,1,1,1,pt,1,brazil,1,1,0,1,0,1,-0.0,1.0,0,0,1,0,1,0,1,1.0,0.0
61575664252387,21,1,1,en,1,united states,1,21,0,41,0,41,1.9051702794459304,0.34146341463414637,14,9,5,13,40,1,41,0.4146341463414634,0.21951219512195122
61575664522323,28,1,1,hi,1,india,1,20,8,77,63,77,1.890063263866816,0.35064935064935066,25,27,9,16,77,0,77,0.3246753246753247,0.22077922077922077
61575664880939,20,1,1,hi,1,india,1,20,0,51,51,51,1.7052117464856997,0.43137254901960786,22,4,6,19,51,0,51,0.5490196078431373,0.17647058823529413
61575665510979,4,1,1,hi,1,india,1,4,0,8,0,8,1.561278124459133,0.375,3,3,0,2,8,0,7,0.42857142857142855,0.0
61575665966748,30,1,1,hi,1,india,1,23,7,74,0,74,1.8678306739568464,0.3783783783783784,28,13,9,24,74,0,72,0.4861111111111111,0.25
61575666020765,22,1,1,hi,1,india,1,14,8,58,36,58,1.7380616187463653,0.5172413793103449,30,12,6,10,58,0,58,0.3275862068965517,0.22413793103448276
61575666080849,27,1,1,en,1,india,1,20,7,75,55,75,1.9067960494837148,0.3333333333333333,25,9,17,24,74,1,75,0.22666666666666666,0.29333333333333333
61575666806664,31,1,1,en,1,india,1,16,15,85,0,85,1.8869122814975197,0.35294117647058826,30,14,12,29,85,0,85,0.2823529411764706,0.3058823529411765
61575667162213,29,1,1,en,1,united states,1,19,10,78,0,78,1.8699225114614393,0.3717948717948718,24,8,17,29,78,0,78,0.358974358974359,0.16666666666666666
61575667346713,30,1,1,en,1,india,1,22,8,84,0,84,1.9549928386084718,0.3333333333333333,28,24,17,15,83,1,83,0.2891566265060241,0.25301204819277107
61575668857457,6,1,1,pt,1,brazil,1,6,0,24,0,24,1.1431558784658322,0.625,15,8,1,0,24,0,24,0.25,0.20833333333333334
61575669290680,2,1,1,hi,1,india,1,2,0,4,4,4,0.8112781244591328,0.75,0,1,0,3,4,0,4,0.0,0.75
61575669723077,24,1,1,pt,1,brazil,1,21,3,67,0,67,1.845053903939317,0.373134328358209,25,7,12,23,67,0,67,0.44776119402985076,0.23880597014925373
61575669907882,4,1,1,en,1,india,1,2,2,4,0,4,0.8112781244591328,0.75,0,1,0,3,4,0,4,0.5,0.0
61575670886568,34,1,1,hi,1,india,1,34,0,34,0,34,1.8830008000576623,0.4117647058823529,9,5,6,14,34,0,34,0.4117647058823529,0.17647058823529413
61575671456434,15,1,1,it,1,italy,1,11,4,30,0,30,1.8278779675310317,0.43333333333333335,8,3,6,13,30,0,30,0.43333333333333335,0.26666666666666666
61575671576471,20,1,1,pt,1,brazil,1,20,0,55,0,55,1.9295915836630617,0.36363636363636365,14,8,13,20,55,0,55,0.43636363636363634,0.16363636363636364
61575671996440,4,1,1,it,1,italy,1,3,1,10,0,10,1.7609640474436812,0.5,5,1,2,2,10,0,10,0.3,0.4
61575673046603,10,1,1,it,1,italy,1,6,4,24,0,24,1.900022421648354,0.4166666666666667,10,4,5,5,24,0,24,0.4166666666666667,0.20833333333333334
61575673610425,19,1,1,en,1,united states,1,6,13,52,0,52,1.6295334922570688,0.5769230769230769,30,7,5,10,52,0,52,0.19230769230769232,0.36538461538461536
61575674120473,25,1,1,en,1,india,1,19,6,68,52,68,1.7442412870383261,0.45588235294117646,22,8,7,31,68,0,68,0.22058823529411764,0.35294117647058826
61575674126417,26,1,1,hi,1,india,1,17,9,73,0,73,1.9602991011136508,0.3150684931506849,22,14,14,23,73,0,73,0.410958904109589,0.3287671232876712
61575674246428,22,1,1,en,1,india,1,22,0,57,0,57,1.6607834035966131,0.5263157894736842,30,8,4,15,57,0,57,0.2982456140350877,0.2982456140350877
61575674347673,1,1,1,pt,1,brazil,1,1,0,3,0,3,-0.0,1.0,0,0,0,3,3,0,3,0.0,1.0
61575674762828,25,1,1,pt,1,brazil,1,14,11,54,0,54,1.9950431653593519,0.2777777777777778,12,14,13,15,54,0,54,0.2962962962962963,0.24074074074074073
61575676016227,6,1,1,hi,1,india,1,1,5,15,0,15,1.9329145639793979,0.3333333333333333,4,4,5,2,15,0,15,0.4,0.2
61575676166192,29,1,1,en,1,india,1,21,8,80,0,80,1.6668285933389444,0.4375,31,7,7,35,80,0,80,0.35,0.3
61575676466212,28,1,1,hi,1,india,1,22,6,76,0,76,1.7884811864168648,0.4605263157894737,35,14,7,20,76,0,75,0.3333333333333333,0.26666666666666666
61575676472631,27,1,1,pt,1,brazil,1,20,7,71,0,71,1.960186583692036,0.3380281690140845,24,15,13,19,71,0,70,0.4142857142857143,0.22857142857142856
61575676760293,1,1,1,hi,1,india,1,1,0,3,3,3,0.9182958340544896,0.6666666666666666,2,1,0,0,3,0,3,0.0,0.0
61575676796256,24,1,1,hi,1,india,1,19,5,66,0,66,1.8506399269094562,0.4393939393939394,15,8,14,29,66,0,66,0.4393939393939394,0.13636363636363635
61575677252798,28,1,1,pt,1,brazil,1,21,7,77,0,77,1.9619396951488115,0.2857142857142857,21,22,12,22,77,0,77,0.3246753246753247,0.22077922077922077
61575677426201,31,1,1,en,1,india,1,23,8,84,0,84,1.9115271707342032,0.36904761904761907,31,11,19,23,84,0,84,0.2976190476190476,0.30952380952380953
61575678336895,38,1,1,fr,1,france,1,19,19,131,0,131,1.9568435676438583,0.32061068702290074,23,39,27,42,131,0,131,0.3282442748091603,0.2366412213740458
61575679070290,30,1,1,en,1,india,1,22,8,81,32,81,1.9179811108493032,0.345679012345679,28,22,10,21,81,0,81,0.2839506172839506,0.2222222222222222
61575679370162,25,1,1,pt,1,brazil,1,20,5,72,52,72,1.9275864764730541,0.3194444444444444,20,20,9,23,72,0,72,0.3611111111111111,0.20833333333333334
61575679597396,28,1,1,hi,1,india,1,27,1,79,0,79,1.824698158663932,0.46835443037974683,37,18,12,12,78,1,79,0.43037974683544306,0.16455696202531644
61575680395993,27,1,1,en,1,india,1,22,5,72,0,72,1.858493284138701,0.4027777777777778,29,8,21,14,71,1,72,0.3055555555555556,0.19444444444444445
61575680527041,34,1,1,fr,1,france,1,32,2,88,0,88,1.885799470897723,0.375,33,14,13,28,88,0,87,0.5287356321839081,0.04597701149425287
61575680612546,10,1,1,pt,1,brazil,1,4,6,26,0,26,1.8875386446885054,0.38461538461538464,10,6,3,7,26,0,26,0.38461538461538464,0.3076923076923077
61575680875975,27,1,1,fr,1,france,1,21,6,74,0,74,1.8454829298119764,0.4594594594594595,34,14,15,11,74,0,74,0.21621621621621623,0.22972972972972974
61575680942688,25,1,1,pt,1,brazil,1,12,13,69,0,69,1.8849874106468416,0.4057971014492754,28,11,19,11,69,0,69,0.2028985507246377,0.3188405797101449
61575682146968,6,1,1,it,1,italy,1,6,0,6,0,6,1.2516291673878228,0.6666666666666666,4,1,0,1,6,0,6,0.0,0.5
61575682345613,46,1,1,fr,1,france,1,46,0,46,0,46,1.8458478012099533,0.41304347826086957,6,14,7,19,45,1,46,0.34782608695652173,0.2826086956521739
61575683150027,21,1,1,hi,1,india,1,18,3,57,31,57,1.9815572366460836,0.2982456140350877,12,12,16,17,57,0,57,0.3684210526315789,0.24561403508771928
61575683330035,5,1,1,hi,1,india,1,5,0,13,13,13,1.9500637564362098,0.3076923076923077,4,4,2,3,13,0,13,0.6923076923076923,0.07692307692307693
61575684662253,5,1,1,pt,1,brazil,1,5,0,15,0,15,1.3752793655393791,0.6666666666666666,3,1,1,10,15,0,15,0.7333333333333333,0.06666666666666667
61575684746061,12,1,1,pt,1,brazil,1,0,12,42,0,42,1.4780799230307327,0.6428571428571429,27,5,3,7,42,0,42,0.21428571428571427,0.30952380952380953
61575685105868,17,1,1,hi,1,india,1,13,4,46,0,46,1.691433021821464,0.5217391304347826,24,12,5,5,43,3,45,0.24444444444444444,0.17777777777777778
61575685345537,19,1,1,en,1,india,1,19,0,48,0,48,1.4200427723692055,0.6666666666666666,32,6,7,3,47,1,48,0.20833333333333334,0.2708333333333333
61575685765856,24,1,1,hi,1,india,1,17,7,63,0,63,1.8990381091131612,0.3492063492063492,22,9,11,21,63,0,62,0.532258064516129,0.11290322580645161
61575686035702,28,1,1,fr,1,france,1,20,8,76,0,76,1.8622437806538734,0.42105263157894735,32,21,12,11,76,0,76,0.3026315789473684,0.17105263157894737
61575686125649,22,1,1,en,1,india,1,22,0,22,0,22,1.6610896727583333,0.5,11,1,6,4,22,0,22,0.4090909090909091,0.18181818181818182
61575686485825,18,1,1,fr,1,france,1,11,7,39,0,39,1.9357857740208377,0.3333333333333333,8,6,13,12,38,1,39,0.358974358974359,0.23076923076923078
61575687126807,1,1,1,fr,1,france,1,1,0,2,0,2,-0.0,1.0,0,0,0,2,2,0,2,0.0,1.0
61575688105742,22,1,1,fr,1,france,1,20,2,62,0,62,1.8262443147520289,0.46774193548387094,10,9,14,29,62,0,60,0.45,0.16666666666666666
61575688825781,30,1,1,hi,1,india,1,15,15,72,0,72,1.9923668874760434,0.2916666666666667,21,18,17,16,72,0,72,0.2916666666666667,0.2361111111111111
61575689245677,28,1,1,hi,1,india,1,21,7,76,0,76,1.917914430721704,0.35526315789473684,27,11,15,23,76,0,76,0.4605263157894737,0.21052631578947367
61575689365656,24,1,1,it,1,italy,1,20,4,60,0,60,1.8190558839813518,0.43333333333333335,8,8,18,26,60,0,60,0.55,0.03333333333333333
61575689432183,22,1,1,pt,1,brazil,1,22,0,22,0,22,1.9698452580387982,0.3181818181818182,6,5,4,7,22,0,22,0.5,0.0
61575689515528,28,1,1,en,1,india,1,21,7,53,0,53,1.9474447165840103,0.3584905660377358,13,12,9,19,53,0,53,0.32075471698113206,0.16981132075471697
61575689515548,34,1,1,hi,1,india,1,26,8,90,0,90,1.6927857011040826,0.4777777777777778,43,7,11,29,90,0,85,0.43529411764705883,0.2235294117647059
61575689695617,36,1,1,hi,1,india,1,23,13,85,0,85,1.7292180994658495,0.4823529411764706,41,15,6,23,85,0,82,0.34146341463414637,0.3048780487804878
61575689995509,19,1,1,it,1,italy,1,19,0,19,0,19,0.9132829641650988,0.7894736842105263,3,0,1,15,19,0,19,0.42105263157894735,0.3684210526315789
61575689995513,13,1,1,it,1,italy,1,8,5,40,0,40,1.7427376486136672,0.5,20,4,6,10,40,0,37,0.40540540540540543,0.2702702702702703
61575690336408,33,1,1,it,1,italy,1,24,9,98,0,98,1.9918066197836515,0.2755102040816326,27,21,23,27,98,0,97,0.3402061855670103,0.2268041237113402
61575690601850,23,1,1,pt,1,brazil,1,17,6,60,0,60,1.7827981151788008,0.5,12,8,10,30,60,0,60,0.45,0.2833333333333333
61575691142068,2,1,1,pt,1,brazil,1,2,0,7,0,7,1.8423709931771088,0.42857142857142855,1,3,1,2,7,0,7,0.42857142857142855,0.14285714285714285
61575691375374,44,1,1,en,1,india,1,34,10,110,0,110,1.716401651646212,0.44545454545454544,38,15,8,49,110,0,110,0.2727272727272727,0.36363636363636365
61575691375427,24,1,1,fr,1,france,1,17,7,65,0,65,1.8282846882146666,0.46153846153846156,30,14,8,13,65,0,65,0.2,0.18461538461538463
61575691416622,19,1,1,hi,1,india,1,17,2,19,0,19,1.9592989105296892,0.3157894736842105,3,5,5,6,19,0,19,0.42105263157894735,0.05263157894736842
61575692065409,28,1,1,hi,1,india,1,20,8,76,0,76,1.7905154813781845,0.5,38,12,12,14,75,1,73,0.3972602739726027,0.1917808219178082
61575692226475,27,1,1,it,1,italy,1,20,7,75,0,75,1.920644747680017,0.4,16,14,15,30,74,1,74,0.5135135135135135,0.1891891891891892
61575692545328,32,1,1,en,1,india,1,24,8,85,0,85,1.844518785481135,0.3764705882352941,29,15,9,32,85,0,85,0.2235294117647059,0.38823529411764707
61575694045476,24,1,1,fr,1,france,1,16,8,62,0,62,1.6131025275504964,0.5645161290322581,35,6,6,15,62,0,62,0.27419354838709675,0.3548387096774194
61575694070867,27,1,1,pt,1,brazil,1,19,8,77,0,77,1.716143598822776,0.4935064935064935,38,22,7,10,77,0,73,0.2328767123287671,0.2054794520547945
61575694165481,29,1,1,fr,1,france,1,12,17,53,0,53,1.956102948092742,0.3018867924528302,15,14,8,16,53,0,53,0.3018867924528302,0.4339622641509434
61575694975249,20,1,1,en,1,india,1,12,8,41,0,41,1.988480106090626,0.2926829268292683,9,12,9,11,41,0,41,0.3170731707317073,0.2682926829268293
61575695365318,15,1,1,pt,1,brazil,1,13,2,42,0,42,1.7273966735744795,0.42857142857142855,15,3,6,18,42,0,42,0.40476190476190477,0.2857142857142857
61575695425340,17,1,1,en,1,india,1,15,2,34,0,34,1.9086922519969423,0.35294117647058826,4,12,9,9,33,1,34,0.4117647058823529,0.23529411764705882
61575695455292,29,1,1,en,1,india,1,23,6,29,0,29,1.6985703419282046,0.5172413793103449,15,6,2,6,29,0,29,0.27586206896551724,0.41379310344827586
61575695695222,12,1,1,en,1,india,1,9,3,24,0,24,1.5545851693377997,0.4166666666666667,10,8,6,0,24,0,23,0.13043478260869565,0.21739130434782608
61575695886572,4,1,1,hi,1,india,1,4,0,8,0,8,0.8112781244591328,0.75,2,0,0,6,8,0,8,0.625,0.125
61575696805191,31,1,1,hi,1,india,1,23,8,84,0,84,1.781354127876612,0.5,42,14,11,17,83,1,84,0.4166666666666667,0.19047619047619047
61575697836365,3,1,1,pt,1,brazil,1,3,0,12,0,12,1.188721875540867,0.6666666666666666,8,3,0,1,12,0,12,0.16666666666666666,0.4166666666666667
61575698875003,28,1,1,en,1,india,1,19,9,72,0,72,1.9341499565519402,0.3611111111111111,26,19,16,11,72,0,72,0.2638888888888889,0.2777777777777778
61575699565121,73,1,1,hi,1,india,1,6,67,155,0,155,1.741700662451663,0.4838709677419355,75,43,14,23,154,1,154,0.3246753246753247,0.22077922077922077
61575699966114,1,1,1,fr,1,france,1,1,0,1,0,1,-0.0,1.0,0,0,0,1,1,0,1,1.0,0.0
61575700975022,32,1,1,it,1,italy,1,21,11,91,0,91,1.9726200155821842,0.2967032967032967,26,16,22,27,91,0,91,0.23076923076923078,0.27472527472527475
61575701900305,25,1,1,en,1,united states,1,18,7,66,29,66,1.899188668199791,0.3484848484848485,21,8,14,23,66,0,66,0.4090909090909091,0.2727272727272727
61575702234870,22,1,1,fr,1,france,1,16,6,58,0,58,1.9749100612171224,0.3103448275862069,18,11,13,16,58,0,58,0.3448275862068966,0.22413793103448276
61575702594899,30,1,1,fr,1,france,1,22,8,82,0,82,1.9366256816290486,0.35365853658536583,29,17,13,23,82,0,82,0.24390243902439024,0.2926829268292683
61575702864923,2,1,1,it,1,italy,1,0,2,5,0,5,1.9219280948873623,0.4,2,1,1,1,5,0,5,0.2,0.6
61575702991271,18,1,1,pt,1,brazil,1,18,0,45,0,45,1.8322628970242685,0.4,18,6,6,15,44,1,45,0.37777777777777777,0.2222222222222222
61575703284990,2,1,1,it,1,italy,1,1,1,2,0,2,1.0,0.5,1,0,0,1,2,0,2,0.5,0.0
61575703824823,25,1,1,fr,1,france,1,17,8,72,0,72,1.8981645907056424,0.3888888888888889,10,20,14,28,72,0,71,0.4225352112676056,0.18309859154929578
61575703884782,4,1,1,pt,1,brazil,1,0,4,4,0,4,1.5,0.5,1,1,0,2,4,0,4,0.5,0.25
61575704856021,25,1,1,fr,1,france,1,17,8,68,0,68,1.9205354337602532,0.35294117647058826,24,11,12,21,68,0,68,0.39705882352941174,0.19117647058823528
61575704915918,1,1,1,pt,1,brazil,1,1,0,4,0,4,0.8112781244591328,0.75,3,1,0,0,4,0,4,0.0,0.0
61575706164902,25,1,1,it,1,italy,1,19,6,71,0,71,1.7590900015701019,0.4647887323943662,33,15,5,18,71,0,68,0.4852941176470588,0.11764705882352941
61575706584624,4,1,1,en,1,india,1,1,3,7,0,7,0.863120568566631,0.7142857142857143,5,2,0,0,7,0,7,0.0,0.5714285714285714
61575707904529,21,1,1,en,1,india,1,14,7,51,0,51,1.7331270593029913,0.5294117647058824,27,10,7,7,51,0,51,0.23529411764705882,0.3137254901960784
61575707940901,30,1,1,pt,1,brazil,1,23,7,83,0,83,1.8283193253028984,0.40963855421686746,23,19,7,34,82,1,83,0.42168674698795183,0.20481927710843373
61575708481122,2,1,1,it,1,italy,1,2,0,2,0,2,-0.0,1.0,2,0,0,0,2,0,2,0.0,0.5
61575708605758,31,1,1,fr,1,france,1,19,12,74,0,74,1.7805182217342657,0.3783783783783784,28,12,6,28,74,0,74,0.44594594594594594,0.25675675675675674
61575709055784,7,1,1,hi,1,india,1,7,0,8,0,8,1.4056390622295665,0.5,3,0,1,4,8,0,8,0.75,0.125
61575709404481,24,1,1,it,1,italy,1,20,4,66,0,66,1.8697740271438925,0.3939393939393939,18,15,7,26,66,0,65,0.2923076923076923,0.26153846153846155
61575709944426,3,1,1,hi,1,india,1,3,0,3,0,3,0.9182958340544896,0.6666666666666666,0,1,0,2,3,0,3,0.6666666666666666,0.3333333333333333
61575710705834,5,1,1,en,1,india,1,4,1,15,0,15,1.8294732983598407,0.4666666666666667,3,2,7,3,15,0,15,0.4666666666666667,0.0
61575712524277,26,1,1,hi,1,india,1,21,5,65,0,65,1.727791337419303,0.5230769230769231,14,10,7,34,64,1,64,0.546875,0.15625
61575713754465,31,1,1,hi,1,india,1,25,6,88,0,88,1.9948733444271853,0.2840909090909091,25,22,21,20,88,0,88,0.48863636363636365,0.1590909090909091
61575714084201,2,1,1,hi,1,india,1,2,0,2,0,2,1.0,0.5,1,0,0,1,2,0,2,0.5,0.5
61575714924287,27,1,1,en,1,india,1,20,7,68,0,68,1.9052410659951997,0.39705882352941174,27,10,17,14,68,0,68,0.29411764705882354,0.22058823529411764
61575715434103,36,1,1,en,1,india,1,22,14,72,0,72,1.7977314688456774,0.4861111111111111,11,35,16,10,71,1,72,0.2361111111111111,0.2361111111111111
61575716045581,34,1,1,en,1,india,1,25,9,99,0,99,1.9514928455844922,0.36363636363636365,36,21,19,23,99,0,99,0.30303030303030304,0.16161616161616163
61575716184237,25,1,1,en,1,india,1,19,6,68,0,68,1.760790859678294,0.5147058823529411,35,9,11,13,68,0,68,0.23529411764705882,0.22058823529411764
61575716705547,3,1,1,en,1,india,1,3,0,4,0,4,1.5,0.5,2,0,1,1,3,1,4,0.5,0.25
61575716964202,30,1,1,hi,1,india,1,22,8,81,0,81,1.7847527152547893,0.4691358024691358,38,8,14,21,81,0,81,0.43209876543209874,0.13580246913580246
61575717444093,33,1,1,hi,1,india,1,24,9,33,0,33,1.9362600275315274,0.36363636363636365,9,6,12,6,33,0,33,0.3939393939393939,0.15151515151515152
61575717624126,23,1,1,pt,1,brazil,1,19,4,66,0,66,1.812141216572884,0.4696969696969697,31,10,9,16,66,0,66,0.30303030303030304,0.21212121212121213
61575717804104,25,1,1,en,1,india,1,22,3,70,0,70,1.6336252973018934,0.44285714285714284,31,2,12,25,70,0,70,0.3,0.38571428571428573
61575718530436,8,1,1,pt,1,brazil,1,8,0,16,0,16,1.9237949406953987,0.3125,4,5,2,5,16,0,16,0.4375,0.1875
61575719040520,22,1,1,pt,1,brazil,1,18,4,63,0,63,1.8857041650651585,0.38095238095238093,19,12,8,24,62,1,62,0.4032258064516129,0.16129032258064516
61575719364055,28,1,1,hi,1,india,1,22,6,72,0,72,1.9668103133536556,0.3055555555555556,20,18,12,22,72,0,71,0.49295774647887325,0.2112676056338028
61575719454096,28,1,1,en,1,india,1,22,6,75,0,75,1.9417573608142427,0.36,20,15,13,27,75,0,75,0.29333333333333333,0.26666666666666666
61575719525164,2,1,1,en,1,india,1,2,0,4,0,4,0.8112781244591328,0.75,0,1,0,3,4,0,4,0.5,0.0
61575720113985,2,1,1,fr,1,france,1,0,2,4,0,4,0.8112781244591328,0.75,0,3,1,0,4,0,4,0.0,0.0
61575720245109,18,1,1,hi,1,india,1,18,0,45,0,45,1.7263985201035617,0.4888888888888889,22,9,3,11,45,0,45,0.35555555555555557,0.1111111111111111
61575721133931,20,1,1,fr,1,france,1,20,0,53,0,53,1.9751405900333356,0.32075471698113206,17,11,11,14,53,0,53,0.2830188679245283,0.22641509433962265
61575721254191,7,1,1,pt,1,brazil,1,7,0,11,0,11,1.823067982273661,0.36363636363636365,4,2,1,4,11,0,10,0.6,0.3
61575721793931,19,1,1,hi,1,india,1,13,6,52,0,52,1.8184863561961766,0.40384615384615385,15,12,4,21,52,0,52,0.5384615384615384,0.11538461538461539
61575722454007,31,1,1,pt,1,brazil,1,21,10,87,0,87,1.6837430821252002,0.4367816091954023,38,12,5,32,87,0,87,0.3793103448275862,0.2413793103448276
61575723083906,21,1,1,fr,1,france,1,20,1,57,0,57,1.952529318093998,0.3157894736842105,17,18,9,13,57,0,57,0.24561403508771928,0.2631578947368421
61575723184837,82,1,1,fr,1,france,1,81,1,188,0,188,1.847815297117831,0.4308510638297872,81,36,22,49,187,1,188,0.34574468085106386,0.20212765957446807
61575723210299,28,1,1,it,1,italy,1,20,8,79,0,79,1.5880870726549057,0.5949367088607594,47,15,7,10,79,0,79,0.22784810126582278,0.3670886075949367
61575723784812,24,1,1,fr,1,france,1,19,5,63,0,63,1.927292865513006,0.31746031746031744,20,19,8,16,63,0,63,0.31746031746031744,0.15873015873015872
61575724823817,26,1,1,fr,1,france,1,20,6,70,0,70,1.808692707452603,0.45714285714285713,17,14,7,32,70,0,70,0.38571428571428573,0.3142857142857143
61575725250115,25,1,1,pt,1,brazil,1,21,4,71,0,71,1.7581978926499646,0.43661971830985913,31,7,9,24,71,0,71,0.29577464788732394,0.323943661971831
61575726833751,29,1,1,it,1,italy,1,9,20,85,0,85,1.7817742461026367,0.49411764705882355,42,19,11,13,85,0,85,0.24705882352941178,0.36470588235294116
61575728153617,29,1,1,en,1,india,1,19,10,77,0,77,1.912092211004246,0.37662337662337664,29,22,14,12,77,0,77,0.2077922077922078,0.3116883116883117
61575728753782,27,1,1,en,1,india,1,19,8,73,0,73,1.9721863773275297,0.3287671232876712,18,24,17,14,73,0,73,0.3150684931506849,0.2328767123287671
61575728765062,21,1,1,hi,1,india,1,21,0,55,0,55,1.9525049781893906,0.34545454545454546,19,11,10,15,55,0,54,0.5740740740740741,0.16666666666666666
61575729844682,38,1,1,en,1,india,1,38,0,39,0,39,1.6336207997407612,0.5384615384615384,7,2,9,21,39,0,39,0.4358974358974359,0.2564102564102564
61575730084604,3,1,1,pt,1,brazil,1,3,0,12,0,12,1.5545851693377997,0.4166666666666667,5,4,3,0,12,0,10,0.2,0.2
61575730553308,28,1,1,hi,1,india,1,22,6,76,0,76,1.7020530315832914,0.4868421052631579,37,12,5,22,76,0,73,0.4794520547945205,0.2191780821917808
61575730823474,20,1,1,it,1,italy,1,20,0,52,0,52,1.9667429112995065,0.3076923076923077,15,12,9,16,52,0,52,0.3269230769230769,0.25
61575731069908,29,1,1,it,1,italy,1,22,7,80,0,80,1.8137779858966485,0.4125,33,20,6,21,80,0,80,0.2125,0.4
61575731093467,26,1,1,en,1,india,1,19,7,74,0,74,1.5458939063414299,0.6216216216216216,46,8,12,8,74,0,74,0.1891891891891892,0.2972972972972973
61575731423501,29,1,1,fr,1,france,1,21,8,73,0,73,1.909779787376332,0.3698630136986301,10,21,27,15,73,0,73,0.3698630136986301,0.1643835616438356
61575731644661,27,1,1,fr,1,france,1,27,0,70,0,70,1.8620588110335237,0.44285714285714284,10,14,15,31,70,0,70,0.4714285714285714,0.2571428571428571
61575731693400,24,1,1,en,1,india,1,17,7,62,0,62,1.950607883502367,0.3225806451612903,12,20,11,19,62,0,62,0.20967741935483872,0.2903225806451613
61575731693479,25,1,1,en,1,india,1,19,6,68,0,68,1.6866444176094242,0.5294117647058824,36,7,8,17,67,1,68,0.35294117647058826,0.2647058823529412
61575732154813,18,1,1,en,1,india,1,18,0,61,0,61,1.8536146904174111,0.4426229508196721,27,8,14,12,61,0,61,0.32786885245901637,0.26229508196721313
61575732533301,28,1,1,pt,1,brazil,1,21,7,76,0,76,1.9295326524996297,0.3815789473684211,29,19,14,14,76,0,76,0.19736842105263158,0.27631578947368424
61575733193453,7,1,1,en,1,india,1,7,0,14,0,14,1.863120568566631,0.35714285714285715,5,2,2,5,14,0,14,0.5,0.14285714285714285
61575733919835,19,1,1,pt,1,brazil,1,18,1,54,0,54,1.5449658106429907,0.6111111111111112,10,4,7,33,54,0,54,0.6481481481481481,0.1111111111111111
61575734273286,23,1,1,en,1,india,1,16,7,63,0,63,1.8512517511864066,0.42857142857142855,27,7,15,14,63,0,63,0.2698412698412698,0.3492063492063492
61575734633308,31,1,1,en,1,india,1,23,8,85,0,85,1.7129129884489829,0.43529411764705883,31,10,7,37,85,0,85,0.25882352941176473,0.36470588235294116
61575734813252,17,1,1,en,1,india,1,17,0,42,0,42,1.6460776864427076,0.5714285714285714,7,7,4,24,42,0,42,0.3333333333333333,0.30952380952380953
61575736174665,36,1,1,hi,1,india,1,36,0,42,0,42,1.8764203330492408,0.40476190476190477,17,12,6,7,39,3,42,0.23809523809523808,0.3333333333333333
61575737494217,12,1,1,it,1,italy,1,12,0,22,0,22,1.8148493701198407,0.4090909090909091,4,7,2,9,22,0,22,0.45454545454545453,0.22727272727272727
61575738322958,1,1,1,en,1,india,1,0,1,2,0,2,-0.0,1.0,2,0,0,0,2,0,2,0.0,0.5
61575738713155,27,1,1,it,1,italy,1,21,6,76,0,76,1.6204391508456155,0.5789473684210527,44,15,10,7,76,0,76,0.25,0.23684210526315788
61575746819395,33,1,1,it,1,italy,1,13,20,83,0,83,1.9812581294084093,0.30120481927710846,25,17,18,23,83,0,83,0.26506024096385544,0.1927710843373494
61575747023015,1,1,1,hi,1,india,1,1,0,2,0,2,1.0,0.5,0,0,1,1,2,0,2,0.5,0.0
61575747052955,24,1,1,en,1,india,1,18,6,66,0,66,1.61475952435844,0.5757575757575758,38,13,5,10,66,0,66,0.21212121212121213,0.3939393939393939
61575748253070,4,1,1,hi,1,india,1,4,0,8,0,8,1.5487949406953985,0.625,1,1,1,5,8,0,7,0.7142857142857143,0.14285714285714285
61575748703029,53,1,1,it,1,italy,1,53,0,92,0,92,1.7469231272239507,0.5,46,10,13,23,90,2,90,0.26666666666666666,0.23333333333333334
61575749164363,2,1,1,en,1,india,1,2,0,2,0,2,1.0,0.5,1,1,0,0,2,0,2,0.0,0.0
61575749572905,7,1,1,hi,1,india,1,0,7,14,0,14,1.7884504573082893,0.42857142857142855,1,4,6,3,13,1,14,0.35714285714285715,0.21428571428571427
61575749584064,10,1,1,pt,1,brazil,1,10,0,32,0,32,1.8726915986883301,0.4375,5,6,7,14,31,1,32,0.4375,0.3125
61575750832822,19,1,1,pt,1,brazil,1,16,3,52,0,52,1.9007976381659966,0.36538461538461536,19,10,7,16,52,0,52,0.3269230769230769,0.25
61575750929302,1,1,1,pt,1,brazil,1,1,0,1,0,1,-0.0,1.0,0,0,0,1,1,0,1,0.0,1.0
61575751049240,22,1,1,pt,1,brazil,1,19,3,63,0,63,1.8706473682367728,0.4126984126984127,26,12,8,17,63,0,63,0.30158730158730157,0.25396825396825395
61575751312964,13,1,1,fr,1,france,1,13,0,34,0,34,1.8704409268468662,0.38235294117647056,13,5,5,11,34,0,34,0.17647058823529413,0.47058823529411764
61575751593811,25,1,1,it,1,italy,1,25,0,58,0,58,1.7139515081847823,0.46551724137931033,19,5,7,27,58,0,58,0.3448275862068966,0.22413793103448276
61575751852752,45,1,1,fr,1,france,1,20,25,119,0,119,1.9865235065841336,0.2773109243697479,32,23,31,33,118,1,119,0.4369747899159664,0.13445378151260504
61575752692807,22,1,1,fr,1,france,1,21,1,62,0,62,1.9810748313834916,0.3064516129032258,12,15,19,16,62,0,62,0.3387096774193548,0.1935483870967742
61575753232660,3,1,1,en,1,india,1,0,3,7,0,7,1.3787834934861753,0.5714285714285714,4,2,1,0,7,0,7,0.0,0.2857142857142857
61575753603926,14,1,1,en,1,india,1,14,0,14,0,14,1.863120568566631,0.35714285714285715,5,2,5,2,14,0,14,0.21428571428571427,0.14285714285714285
61575754102760,27,1,1,hi,1,india,1,19,8,27,0,27,1.7729583061486203,0.48148148148148145,4,3,7,13,27,0,27,0.5185185185185185,0.14814814814814814
61575754942558,27,1,1,en,1,india,1,20,7,72,0,72,1.9919917568136352,0.2777777777777778,20,19,18,15,72,0,72,0.2222222222222222,0.3194444444444444
61575755039100,22,1,1,pt,1,brazil,1,14,8,53,0,53,1.9893390139378795,0.3018867924528302,16,12,12,13,53,0,53,0.32075471698113206,0.2641509433962264
61575755242672,24,1,1,en,1,india,1,24,0,24,0,24,1.0553532192449844,0.7916666666666666,19,1,2,2,24,0,24,0.16666666666666666,0.16666666666666666
61575755463985,2,1,1,en,1,india,1,2,0,2,0,2,-0.0,1.0,2,0,0,0,2,0,2,0.5,0.0
61575756783527,11,1,1,it,1,italy,1,7,4,33,0,33,1.8016750014586207,0.45454545454545453,15,7,3,8,33,0,33,0.2727272727272727,0.30303030303030304
61575758698921,32,1,1,pt,1,brazil,1,17,15,81,0,81,1.6143316178421458,0.5925925925925926,48,9,11,13,81,0,79,0.3037974683544304,0.2911392405063291
61575758703690,19,1,1,en,1,india,1,19,0,52,0,52,1.7868802952755387,0.4807692307692308,25,7,13,7,51,1,52,0.4230769230769231,0.11538461538461539
61575759112312,57,1,1,hi,1,india,1,57,0,57,0,57,1.4074484890039227,0.6666666666666666,5,10,4,38,57,0,57,0.5789473684210527,0.19298245614035087
61575759538891,14,1,1,pt,1,brazil,1,11,3,33,0,33,1.9256528996927689,0.3939393939393939,7,6,7,13,33,0,33,0.5757575757575758,0.18181818181818182
61575760372346,29,1,1,fr,1,france,1,20,9,78,0,78,1.5332271242048139,0.6282051282051282,49,12,8,9,77,1,78,0.2564102564102564,0.2692307692307692
61575762112202,4,1,1,fr,1,france,1,4,0,11,0,11,1.9808259362290785,0.2727272727272727,3,3,2,3,11,0,11,0.45454545454545453,0.0
61575763252248,26,1,1,en,1,india,1,19,7,71,0,71,1.8252654641751855,0.43661971830985913,31,8,20,12,71,0,71,0.29577464788732394,0.2112676056338028
61575763702217,1,1,1,hi,1,india,1,1,0,1,0,1,-0.0,1.0,0,1,0,0,1,0,1,0.0,0.0
61575764032203,2,1,1,it,1,italy,1,0,2,3,0,3,0.9182958340544896,0.6666666666666666,1,2,0,0,3,0,3,0.3333333333333333,0.6666666666666666
61575764362148,21,1,1,hi,1,india,1,21,0,56,0,56,1.791571550763887,0.5,9,10,9,28,56,0,56,0.5,0.23214285714285715
61575765232077,1,1,1,it,1,italy,1,1,0,3,0,3,0.9182958340544896,0.6666666666666666,2,1,0,0,3,0,3,0.3333333333333333,0.3333333333333333
61575765602949,18,1,1,it,1,italy,1,18,0,46,0,46,1.9336649380006277,0.30434782608695654,14,14,6,12,46,0,46,0.45652173913043476,0.17391304347826086
61575768561883,3,1,1,hi,1,india,1,3,0,3,0,3,-0.0,1.0,0,0,0,3,3,0,3,0.3333333333333333,0.6666666666666666
61575768753223,8,1,1,hi,1,india,1,8,0,28,0,28,1.7887031414261725,0.5,14,5,5,4,28,0,28,0.35714285714285715,0.2857142857142857
61575769108329,15,1,1,pt,1,brazil,1,11,4,40,0,40,1.892452741149904,0.325,12,13,4,11,40,0,40,0.35,0.225
61575769203176,32,1,1,hi,1,india,1,32,0,32,0,32,1.5374034414266398,0.625,4,3,5,20,31,1,32,0.625,0.0625
61575770163014,15,1,1,en,1,india,1,15,0,15,0,15,1.8294732983598407,0.4666666666666667,2,3,3,7,15,0,15,0.26666666666666666,0.3333333333333333
61575770421876,25,1,1,it,1,italy,1,24,1,66,0,66,1.8239688158541099,0.3787878787878788,25,15,5,21,66,0,66,0.3939393939393939,0.22727272727272727
61575770523168,30,1,1,hi,1,india,1,30,0,72,0,72,1.8049707582295624,0.4722222222222222,34,14,8,16,72,0,72,0.4027777777777778,0.20833333333333334
61575770758381,23,1,1,pt,1,brazil,1,23,0,63,0,63,1.7748083218292838,0.4126984126984127,20,13,4,26,63,0,63,0.49206349206349204,0.09523809523809523
61575772131802,21,1,1,en,1,india,1,18,3,60,0,60,1.6437238752162389,0.55,33,10,4,13,60,0,60,0.25,0.2833333333333333
61575772202952,5,1,1,pt,1,brazil,1,5,0,20,0,20,1.9406454496153465,0.35,7,5,3,5,20,0,20,0.3,0.25
61575775228386,8,1,1,pt,1,brazil,1,8,0,26,0,26,1.447974570539304,0.5384615384615384,14,5,0,7,26,0,26,0.2692307692307692,0.2692307692307692
61575778198261,11,1,1,pt,1,brazil,1,11,0,19,0,19,1.3605273114437082,0.6842105263157895,1,2,3,13,18,1,19,0.47368421052631576,0.21052631578947367
61575778203150,27,1,1,en,1,india,1,27,0,63,0,63,1.7324050722616526,0.47619047619047616,19,6,8,30,63,0,63,0.42857142857142855,0.20634920634920634
61575779301775,19,1,1,it,1,italy,1,19,0,51,0,51,1.77200245663751,0.5098039215686274,26,9,7,9,51,0,50,0.2,0.24
61575779571680,22,1,1,en,1,india,1,22,0,60,0,60,1.8956838888242107,0.4166666666666667,25,10,14,11,60,0,60,0.2833333333333333,0.25
61575779991697,33,1,1,en,1,india,1,19,14,83,0,83,1.6648940853606522,0.5662650602409639,47,15,11,10,83,0,83,0.18072289156626506,0.3493975903614458
61575780002599,20,1,1,fr,1,france,1,16,4,27,0,27,1.8164445273429295,0.4074074074074074,9,3,4,11,27,0,27,0.37037037037037035,0.2962962962962963
61575780141654,14,1,1,en,1,india,1,14,0,37,0,37,1.3807504207616685,0.4864864864864865,18,4,0,15,37,0,37,0.1891891891891892,0.21621621621621623
61575780231673,26,1,1,it,1,italy,1,20,6,26,0,26,1.5868068964791813,0.5384615384615384,7,4,1,14,26,0,26,0.46153846153846156,0.15384615384615385
61575781048206,27,1,1,pt,1,brazil,1,20,7,73,0,73,1.9475652237126186,0.3698630136986301,16,14,16,27,73,0,73,0.3287671232876712,0.2328767123287671
61575781281687,22,1,1,it,1,italy,1,11,11,35,0,35,1.9336124046031289,0.34285714285714286,10,12,5,8,35,0,35,0.17142857142857143,0.2571428571428571
61575781431638,38,1,1,it,1,italy,1,1,37,123,0,123,1.9507270269536754,0.36585365853658536,45,26,28,24,123,0,122,0.23770491803278687,0.29508196721311475
61575781641608,29,1,1,fr,1,france,1,9,20,71,0,71,1.9762452814676499,0.323943661971831,23,14,17,17,71,0,71,0.2535211267605634,0.323943661971831
61575782102855,4,1,1,en,1,india,1,4,0,4,0,4,0.8112781244591328,0.75,3,0,0,1,4,0,4,0.25,0.25
61575782342773,1,1,1,pt,1,brazil,1,1,0,4,0,4,0.8112781244591328,0.75,1,0,3,0,4,0,4,0.75,0.0
61575782391589,29,1,1,en,1,india,1,20,9,77,0,77,1.97725170261828,0.2987012987012987,19,21,14,23,77,0,77,0.2077922077922078,0.23376623376623376
61575782702675,38,1,1,fr,1,france,1,20,18,94,0,94,1.977691927416525,0.2978723404255319,24,25,28,17,94,0,93,0.3333333333333333,0.20430107526881722
61575783141467,7,1,1,pt,1,brazil,1,7,0,11,0,11,1.6171895725927152,0.5454545454545454,6,1,1,3,11,0,11,0.45454545454545453,0.0
61575783171432,31,1,1,en,1,india,1,24,7,86,0,86,1.5437409015082135,0.5930232558139535,51,15,4,16,86,0,86,0.2441860465116279,0.19767441860465115
61575784911443,29,1,1,hi,1,india,1,21,8,81,0,81,1.7035966471652655,0.4567901234567901,37,9,7,28,81,0,81,0.49382716049382713,0.18518518518518517
61575785121564,1,1,1,pt,1,brazil,1,1,0,2,0,2,1.0,0.5,0,0,1,1,2,0,2,0.5,0.5
61575785541455,4,1,1,hi,1,india,1,4,0,4,0,4,1.5,0.5,2,1,1,0,4,0,4,0.25,0.0
61575785727945,24,1,1,pt,1,brazil,1,18,6,64,0,64,1.9886994082884972,0.28125,14,14,18,18,64,0,64,0.421875,0.125
61575786231324,70,1,1,hi,1,india,1,51,19,187,0,187,1.8795735180966893,0.3850267379679144,72,31,26,58,187,0,187,0.35294117647058826,0.22459893048128343
61575787611385,32,1,1,it,1,italy,1,24,8,53,0,53,1.726488067117233,0.49056603773584906,26,15,7,5,53,0,53,0.16981132075471697,0.24528301886792453
61575787832729,29,1,1,en,1,india,1,22,7,80,0,80,1.897621475777803,0.3875,23,14,12,31,80,0,80,0.2875,0.225
61575788091185,23,1,1,en,1,india,1,17,6,61,0,61,1.8135337893350902,0.36065573770491804,4,15,20,22,61,0,61,0.26229508196721313,0.3442622950819672
61575788391313,10,1,1,hi,1,india,1,0,10,32,0,32,1.6672460075004394,0.53125,17,6,7,2,32,0,32,0.28125,0.34375
61575788451303,6,1,1,en,1,india,1,6,0,6,0,6,1.4591479170272446,0.5,1,2,0,3,6,0,6,0.16666666666666666,0.0
61575789231197,3,1,1,hi,1,india,1,3,0,9,0,9,1.8910611120726526,0.3333333333333333,2,1,3,3,9,0,9,0.5555555555555556,0.3333333333333333
61575789602629,1,1,1,pt,1,brazil,1,1,0,4,0,4,0.8112781244591328,0.75,3,0,1,0,4,0,4,0.25,0.0
61575790322301,9,1,1,it,1,italy,1,6,3,28,0,28,1.8579594642722084,0.39285714285714285,11,4,4,9,28,0,27,0.37037037037037035,0.25925925925925924
61575790371127,33,1,1,fr,1,france,1,23,10,33,0,33,1.648826004055112,0.48484848484848486,11,16,4,2,33,0,33,0.18181818181818182,0.3333333333333333
61575790472079,27,1,1,en,1,india,1,26,1,80,0,80,1.920800254445068,0.4,32,17,16,15,80,0,80,0.2625,0.325
61575790671190,24,1,1,fr,1,france,1,19,5,65,0,65,1.9649769737545748,0.3384615384615385,16,22,15,12,63,2,65,0.3076923076923077,0.24615384615384617
61575790741986,5,1,1,fr,1,france,1,3,2,14,0,14,1.863120568566631,0.35714285714285715,5,5,2,2,14,0,14,0.5714285714285714,0.0
61575791427444,22,1,1,pt,1,brazil,1,20,2,58,0,58,1.9013821163371039,0.3620689655172414,17,13,7,21,57,1,58,0.3448275862068966,0.22413793103448276
61575791451110,31,1,1,en,1,india,1,24,7,86,0,86,1.7430332675246971,0.5116279069767442,44,14,9,19,86,0,86,0.23255813953488372,0.29069767441860467
61575791511179,7,1,1,pt,1,brazil,1,0,7,19,0,19,1.4329831210560051,0.5263157894736842,10,6,3,0,19,0,19,0.15789473684210525,0.21052631578947367
61575791751165,25,1,1,hi,1,india,1,18,7,62,0,62,1.9299780351133484,0.3870967741935484,14,11,13,24,62,0,62,0.45161290322580644,0.1774193548387097
61575791907302,8,1,1,pt,1,brazil,1,8,0,14,0,14,1.924174352300441,0.35714285714285715,5,3,2,4,14,0,14,0.2857142857142857,0.2857142857142857
61575792327507,39,1,1,it,1,italy,1,16,23,93,0,93,1.6586402996126506,0.5268817204301075,49,25,7,12,93,0,92,0.18478260869565216,0.358695652173913
61575792591030,29,1,1,hi,1,india,1,21,8,80,0,80,1.714588545897894,0.4375,35,7,9,29,80,0,80,0.375,0.25
61575793191107,27,1,1,fr,1,france,1,20,7,69,0,69,1.715605710937021,0.5362318840579711,37,9,9,14,69,0,68,0.3235294117647059,0.23529411764705882
61575793370914,28,1,1,en,1,india,1,21,7,28,0,28,1.470812850537536,0.6428571428571429,18,3,5,2,27,1,28,0.25,0.21428571428571427
61575793790937,10,1,1,hi,1,india,1,10,0,32,0,32,1.3543370204656968,0.46875,15,3,0,14,32,0,32,0.46875,0.28125
61575794120990,2,1,1,hi,1,india,1,2,0,2,0,2,1.0,0.5,0,1,0,1,2,0,2,0.5,0.0
61575794282221,17,1,1,en,1,india,1,17,0,17,0,17,1.4466479595102752,0.5294117647058824,9,0,3,5,16,1,17,0.35294117647058826,0.23529411764705882
61575794367448,25,1,1,pt,1,brazil,1,17,8,67,0,67,1.9186216484658263,0.373134328358209,19,12,11,25,66,1,67,0.373134328358209,0.19402985074626866
61575794757479,12,1,1,pt,1,brazil,1,12,0,35,0,35,1.9160193493010627,0.4,7,6,8,14,35,0,35,0.4857142857142857,0.17142857142857143
61575795812142,2,1,1,en,1,india,1,0,2,6,0,6,1.4591479170272448,0.5,3,0,2,1,6,0,6,0.16666666666666666,0.3333333333333333
61575796370877,25,1,1,it,1,italy,1,19,6,70,0,70,1.9634688265852156,0.32857142857142857,17,12,18,23,70,0,70,0.5428571428571428,0.17142857142857143
61575796651817,20,1,1,fr,1,france,1,20,0,52,0,52,1.7442990703112888,0.4807692307692308,15,6,6,25,52,0,50,0.56,0.18
61575796887177,2,1,1,it,1,italy,1,2,0,6,0,6,0.9182958340544896,0.6666666666666666,4,0,0,2,6,0,6,0.16666666666666666,0.16666666666666666
61575796940771,29,1,1,en,1,india,1,23,6,29,0,29,1.7380616187463653,0.5172413793103449,15,6,5,3,29,0,29,0.27586206896551724,0.3448275862068966
61575797240901,19,1,1,it,1,italy,1,11,8,49,0,49,1.7372594959663799,0.4489795918367347,3,15,9,22,49,0,49,0.40816326530612246,0.16326530612244897
61575798722032,17,1,1,hi,1,india,1,17,0,46,0,46,1.8770056883600001,0.391304347826087,12,11,5,18,46,0,46,0.5,0.10869565217391304
61575798740803,29,1,1,fr,1,france,1,21,8,77,0,77,1.954543901901235,0.33766233766233766,26,17,13,21,77,0,77,0.2857142857142857,0.2857142857142857
61575798830806,20,1,1,it,1,italy,1,18,2,58,0,58,1.5676399894909492,0.603448275862069,35,11,7,5,58,0,57,0.19298245614035087,0.3508771929824561
61575799107152,25,1,1,pt,1,brazil,1,21,4,68,0,68,1.9868448293020784,0.3088235294117647,16,15,21,16,68,0,68,0.3088235294117647,0.23529411764705882
61575801061910,10,1,1,en,1,india,1,0,10,27,0,27,1.744775326093695,0.4074074074074074,11,10,2,4,27,0,27,0.2222222222222222,0.3333333333333333
61575802010645,7,1,1,fr,1,france,1,7,0,7,0,7,0.863120568566631,0.7142857142857143,2,0,0,5,7,0,7,0.42857142857142855,0.2857142857142857
61575802100612,27,1,1,en,1,india,1,21,6,72,0,72,1.6542665862472745,0.5138888888888888,37,5,9,21,72,0,72,0.2916666666666667,0.2638888888888889
61575802520533,26,1,1,it,1,italy,1,19,7,73,0,73,1.9135263936766167,0.3835616438356164,28,13,12,20,73,0,73,0.3287671232876712,0.273972602739726
61575802550533,39,1,1,en|hi,2,india,1,31,8,102,0,102,1.7007424366534578,0.4117647058823529,42,13,7,40,102,0,101,0.46534653465346537,0.2376237623762376
61575802610452,18,1,1,pt,1,brazil,1,18,0,18,0,18,0.9864267287308424,0.7777777777777778,2,2,0,14,18,0,18,0.5,0.2222222222222222
61575802730513,6,1,1,en|hi,2,india,1,5,1,18,0,18,1.9910760598382222,0.2777777777777778,5,4,4,5,18,0,18,0.2222222222222222,0.16666666666666666
61575803180545,19,1,1,fr,1,france,1,12,7,46,0,46,1.8786796116314795,0.391304347826087,18,7,7,14,46,0,46,0.3695652173913043,0.21739130434782608
61575803360565,28,1,1,it,1,italy,1,20,8,72,0,72,1.8310107747987263,0.4305555555555556,31,21,9,11,71,1,71,0.19718309859154928,0.3380281690140845
61575804620435,29,1,1,en,1,india,1,21,8,80,0,80,1.7138102985581747,0.4125,33,14,4,29,80,0,80,0.3375,0.2375
61575805711531,13,1,1,it,1,italy,1,13,0,13,0,13,1.5766212201074912,0.38461538461538464,4,4,5,0,13,0,13,0.23076923076923078,0.15384615384615385
61575806960249,19,1,1,hi,1,india,1,12,7,46,0,46,1.7890501973616075,0.45652173913043476,21,9,4,12,46,0,45,0.4,0.15555555555555556
61575807620249,7,1,1,pt,1,brazil,1,7,0,7,0,7,1.8423709931771084,0.42857142857142855,1,2,1,3,7,0,7,0.14285714285714285,0.14285714285714285
61575807980348,39,1,1,it,1,italy,1,37,2,111,0,111,1.8873388541904008,0.36036036036036034,40,16,18,37,111,0,111,0.38738738738738737,0.2702702702702703
61575808130332,28,1,1,hi,1,india,1,21,7,76,0,76,1.520636141756971,0.5526315789473685,23,3,8,42,76,0,75,0.4266666666666667,0.17333333333333334
61575808411173,29,1,1,fr,1,france,1,29,0,63,0,63,1.8636465044283623,0.3492063492063492,22,14,6,21,63,0,63,0.3492063492063492,0.23809523809523808
61575809341597,12,1,1,en,1,india,1,12,0,23,0,23,1.327484781955842,0.6956521739130435,1,3,3,16,23,0,23,0.5217391304347826,0.21739130434782608
61575809660218,27,1,1,hi,1,india,1,20,7,73,0,73,1.8034248147033023,0.3835616438356164,28,10,8,27,73,0,71,0.4788732394366197,0.11267605633802817
61575809690253,14,1,1,fr,1,france,1,7,7,34,0,34,1.9874601819486433,0.29411764705882354,10,7,9,8,34,0,34,0.23529411764705882,0.2647058823529412
61575809810275,22,1,1,it,1,italy,1,19,3,59,0,59,1.8883717110552412,0.4067796610169492,24,15,8,12,58,1,59,0.288135593220339,0.2542372881355932
61575810061327,6,1,1,pt,1,brazil,1,6,0,6,0,6,1.4591479170272448,0.5,3,1,0,2,6,0,6,0.16666666666666666,0.3333333333333333
61575810151508,9,1,1,en,1,india,1,9,0,9,0,9,1.7527152789797045,0.4444444444444444,3,1,1,4,9,0,9,0.2222222222222222,0.3333333333333333
61575810230093,25,1,1,pt,1,brazil,1,17,8,69,0,69,1.8342988458791363,0.37681159420289856,26,12,7,24,69,0,69,0.3188405797101449,0.30434782608695654
61575810386687,4,1,1,pt,1,brazil,1,4,0,8,0,8,1.9056390622295665,0.375,2,2,1,3,8,0,8,0.375,0.25
61575810506515,52,1,1,it,1,italy,1,52,0,123,0,123,1.7309103183491252,0.5040650406504065,28,10,23,62,123,0,123,0.5609756097560976,0.10569105691056911
61575811190129,8,1,1,en,1,india,1,1,7,21,0,21,0.8929427417665807,0.8095238095238095,17,2,0,2,21,0,21,0.14285714285714285,0.5238095238095238
61575811310219,4,1,1,it,1,italy,1,0,4,9,0,9,0.9182958340544896,0.6666666666666666,6,0,3,0,9,0,9,0.2222222222222222,0.2222222222222222
61575814130033,12,1,1,it,1,italy,1,12,0,32,0,32,1.7085938348528806,0.40625,10,8,1,13,32,0,32,0.375,0.125
61575815456450,7,1,1,pt,1,brazil,1,7,0,12,0,12,1.7924812503605778,0.5,2,2,2,6,12,0,12,0.25,0.08333333333333333
61575816656229,20,1,1,pt,1,brazil,1,18,2,60,0,60,1.9512492907694718,0.36666666666666664,22,13,12,13,60,0,60,0.2,0.2
61575817620916,65,1,1,fr,1,france,1,55,10,103,0,103,1.8233244372610296,0.46601941747572817,24,17,14,48,102,1,103,0.3592233009708738,0.2621359223300971
61575817741084,10,1,1,hi,1,india,1,10,0,30,0,30,1.8774682879978284,0.36666666666666664,5,4,10,11,30,0,29,0.5172413793103449,0.1724137931034483
61575819446078,25,1,1,pt,1,brazil,1,18,7,66,0,66,1.6898497960693,0.48484848484848486,32,7,6,21,66,0,66,0.2727272727272727,0.3181818181818182
61575819990874,1,1,1,pt,1,brazil,1,1,0,4,0,4,0.8112781244591328,0.75,3,0,1,0,4,0,4,0.0,0.25
61575820316125,3,1,1,pt,1,brazil,1,3,0,3,0,3,0.9182958340544896,0.6666666666666666,1,0,0,2,3,0,3,0.3333333333333333,0.6666666666666666
61575821610647,25,1,1,hi,1,india,1,23,2,71,0,71,1.9393968007046856,0.3380281690140845,24,11,15,21,71,0,71,0.5492957746478874,0.1267605633802817
61575822930514,8,1,1,pt,1,brazil,1,8,0,8,0,8,1.5,0.5,4,0,2,2,8,0,8,0.25,0.125
61575823410579,50,1,1,en,1,india,1,47,3,142,0,142,1.8930791006874712,0.3732394366197183,53,16,37,36,142,0,142,0.2676056338028169,0.2887323943661972
61575826765746,22,1,1,pt,1,brazil,1,18,4,62,0,62,1.9741788778835272,0.3225806451612903,16,14,12,20,62,0,62,0.3709677419354839,0.1935483870967742
61575828570433,10,1,1,en,1,india,1,10,0,31,0,31,1.8971590210156397,0.3870967741935484,9,5,5,12,30,1,31,0.22580645161290322,0.25806451612903225
61575828955706,10,1,1,it,1,italy,1,10,0,20,0,20,1.9037016960573483,0.4,5,4,3,8,20,0,19,0.47368421052631576,0.21052631578947367
61575829405493,25,1,1,it,1,italy,1,22,3,63,0,63,1.90080960460491,0.3492063492063492,18,22,7,16,63,0,63,0.2698412698412698,0.25396825396825395
61575829620469,9,1,1,pt,1,brazil,1,9,0,35,0,35,1.95617873048892,0.34285714285714286,12,8,9,6,35,0,34,0.4411764705882353,0.14705882352941177
61575829680247,33,1,1,it,1,italy,1,33,0,89,0,89,1.868400801217432,0.3707865168539326,33,10,17,29,89,0,85,0.3764705882352941,0.27058823529411763
61575830575557,11,1,1,pt,1,brazil,1,11,0,22,0,22,1.4179493739444216,0.6363636363636364,14,1,2,5,22,0,22,0.36363636363636365,0.09090909090909091
61575830879821,18,1,1,fr,1,france,1,18,0,50,0,50,1.7693455061825303,0.42,21,8,4,17,50,0,50,0.3,0.26
61575831810257,2,1,1,pt,1,brazil,1,2,0,8,0,8,1.5,0.5,4,0,2,2,8,0,8,0.125,0.25
61575831930225,1,1,1,pt,1,brazil,1,1,0,1,0,1,-0.0,1.0,1,0,0,0,1,0,1,0.0,0.0
61575832169963,24,1,1,fr,1,france,1,22,2,65,0,65,1.8890705657327236,0.36923076923076925,24,17,7,17,65,0,64,0.3125,0.21875
61575832225561,26,1,1,pt,1,brazil,1,19,7,74,0,74,1.9305148899647704,0.35135135135135137,22,12,14,26,74,0,74,0.3918918918918919,0.24324324324324326
61575834625282,6,1,1,pt,1,brazil,1,6,0,6,0,6,1.584962500721156,0.3333333333333333,2,2,2,0,6,0,6,0.16666666666666666,0.3333333333333333
61575838795093,64,1,1,pt,1,brazil,1,35,29,144,0,144,1.9734599103976334,0.3125,45,38,26,35,144,0,144,0.2986111111111111,0.24305555555555555
61575840179777,26,1,1,en,1,india,1,26,0,78,0,78,1.5632961654783946,0.44871794871794873,35,10,2,31,77,1,78,0.358974358974359,0.23076923076923078
61575840869927,6,1,1,en,1,india,1,6,0,20,0,20,1.8833830982290138,0.35,6,5,2,7,20,0,20,0.2,0.5
61575841199519,10,1,1,fr,1,france,1,7,3,30,0,30,1.8497120352661516,0.43333333333333335,8,13,5,4,30,0,30,0.3,0.26666666666666666
61575841559775,6,1,1,en,1,india,1,6,0,6,0,6,1.7924812503605778,0.5,1,1,3,1,6,0,6,0.0,0.16666666666666666
61575841859721,2,1,1,pt,1,brazil,1,2,0,8,0,8,1.561278124459133,0.375,0,3,3,2,8,0,8,0.125,0.25
61575843929653,15,1,1,en,1,india,1,12,3,41,0,41,1.7729693970393505,0.4878048780487805,4,8,9,20,41,0,41,0.4146341463414634,0.04878048780487805
61575844494846,21,1,1,pt,1,brazil,1,21,0,57,0,57,1.663251777342005,0.45614035087719296,26,5,5,21,57,0,57,0.49122807017543857,0.15789473684210525
61575844644768,2,1,1,pt,1,brazil,1,2,0,6,0,6,0.9182958340544896,0.6666666666666666,2,0,0,4,6,0,6,0.8333333333333334,0.16666666666666666
61575844709659,15,1,1,hi,1,india,1,15,0,38,0,38,1.7711891243818365,0.4473684210526316,5,4,12,17,38,0,38,0.34210526315789475,0.23684210526315788
61575845189526,4,1,1,en,1,india,1,4,0,5,0,5,1.5219280948873621,0.4,2,2,1,0,5,0,5,0.2,0.4
61575845879261,80,1,1,fr,1,france,1,20,60,236,0,236,1.9421579365418897,0.3347457627118644,79,60,34,63,236,0,233,0.31759656652360513,0.2703862660944206
61575846444720,19,1,1,pt,1,brazil,1,13,6,53,0,53,1.7988408112139527,0.4716981132075472,6,9,25,13,53,0,53,0.3018867924528302,0.18867924528301888
61575847709478,7,1,1,pt,1,brazil,1,7,0,26,0,26,1.7758589482446405,0.46153846153846156,2,6,6,12,26,0,26,0.3076923076923077,0.23076923076923078
61575849144462,31,1,1,it,1,italy,1,22,9,79,0,79,1.8729631232386748,0.4430379746835443,35,15,14,15,79,0,79,0.26582278481012656,0.26582278481012656
61575849234543,26,1,1,pt,1,brazil,1,18,8,71,0,71,1.9365993998037678,0.36619718309859156,26,19,13,13,71,0,71,0.29577464788732394,0.23943661971830985
61575849294548,19,1,1,pt,1,brazil,1,19,0,54,0,54,1.8445060169198397,0.37037037037037035,18,5,11,20,54,0,54,0.3888888888888889,0.16666666666666666
61575849719275,10,1,1,en,1,india,1,10,0,10,0,10,1.9219280948873623,0.4,2,2,2,4,10,0,10,0.6,0.3
61575850974558,21,1,1,it,1,italy,1,15,6,58,0,58,1.8643620291231975,0.39655172413793105,23,9,8,18,58,0,58,0.3448275862068966,0.20689655172413793
61575851968995,1,1,1,it,1,italy,1,1,0,1,0,1,-0.0,1.0,0,1,0,0,1,0,1,0.0,0.0
61575852749289,23,1,1,hi,1,india,1,22,1,64,0,64,1.2025024300017806,0.734375,47,10,4,3,64,0,64,0.1875,0.28125
61575854874351,36,1,1,pt,1,brazil,1,22,14,94,0,94,1.9031826051726088,0.35106382978723405,33,22,11,28,94,0,94,0.44680851063829785,0.18085106382978725
61575856914114,29,1,1,pt,1,brazil,1,22,7,76,0,76,1.9908751215663543,0.27631578947368424,21,21,16,18,76,0,76,0.4342105263157895,0.27631578947368424
61575860278967,2,1,1,pt,1,brazil,1,2,0,8,0,8,1.4056390622295665,0.5,1,3,0,4,8,0,8,0.5,0.0
61575861143895,16,1,1,pt,1,brazil,1,16,0,40,0,40,1.9543516117607593,0.35,7,14,10,9,40,0,40,0.5,0.175
61575861748685,9,1,1,en,1,india,1,9,0,9,0,9,1.5304930567574826,0.4444444444444444,4,0,2,3,9,0,9,0.4444444444444444,0.1111111111111111
61575861774039,18,1,1,pt,1,brazil,1,10,8,57,0,57,1.9841917855074747,0.3157894736842105,13,13,13,18,57,0,57,0.3333333333333333,0.24561403508771928
61575864418422,10,1,1,it,1,italy,1,10,0,22,0,22,1.8419857583884833,0.45454545454545453,10,3,4,5,21,1,21,0.38095238095238093,0.23809523809523808
61575865798210,7,1,1,it,1,italy,1,2,5,26,0,26,1.9784820284039006,0.3076923076923077,7,5,6,8,26,0,26,0.23076923076923078,0.2692307692307692
61575866128498,7,1,1,pt,1,brazil,1,7,0,16,0,16,1.1216407621868583,0.6875,11,0,4,1,16,0,16,0.25,0.1875
61575866273792,22,1,1,pt,1,brazil,1,18,4,55,0,55,1.7398771812527096,0.5272727272727272,10,9,7,29,55,0,55,0.41818181818181815,0.18181818181818182
61575866728616,7,1,1,en,1,india,1,7,0,18,0,18,1.8163401138534079,0.4444444444444444,8,2,5,3,7,11,18,0.16666666666666666,0.3888888888888889
61575866968255,1,1,1,fr,1,france,1,1,0,1,0,1,-0.0,1.0,1,0,0,0,1,0,1,0.0,0.0
61575870478320,14,1,1,en,1,india,1,14,0,14,0,14,1.2916919971380596,0.7142857142857143,2,1,1,10,14,0,14,0.2857142857142857,0.5
61575872908128,43,1,1,hi,1,india,1,43,0,62,0,62,1.4779262923082175,0.6129032258064516,11,11,2,38,59,3,60,0.55,0.25
61575878397816,13,1,1,en,1,india,1,13,0,37,0,37,1.3562526891346645,0.6486486486486487,24,2,2,9,37,0,37,0.2972972972972973,0.32432432432432434
61575881302884,1,1,1,pt,1,brazil,1,1,0,2,0,2,1.0,0.5,0,1,1,0,2,0,2,0.0,0.5
61575884542892,14,1,1,pt,1,brazil,1,14,0,29,0,29,1.7394098952052532,0.3448275862068966,10,8,10,1,28,1,29,0.20689655172413793,0.10344827586206896
61575884787588,1,1,1,pt,1,brazil,1,1,0,4,0,4,1.0,0.5,0,0,2,2,4,0,4,0.5,0.25
61575884842080,27,1,1,pt,1,brazil,1,22,5,74,0,74,1.7443086524295954,0.4189189189189189,31,12,5,26,74,0,73,0.3698630136986301,0.136986301369863
61575885982810,28,1,1,pt,1,brazil,1,21,7,77,0,77,1.8943741477224543,0.4025974025974026,20,15,11,31,77,0,76,0.4605263157894737,0.2236842105263158
61575886737243,2,1,1,fr,1,france,1,2,0,3,0,3,1.584962500721156,0.3333333333333333,1,1,0,1,3,0,3,0.0,0.0
61575886917432,2,1,1,pt,1,brazil,1,2,0,8,0,8,1.75,0.5,4,1,1,2,8,0,8,0.375,0.125
61575889192539,25,1,1,pt,1,brazil,1,18,7,71,0,71,1.90124112561177,0.36619718309859156,26,13,10,22,71,0,71,0.36619718309859156,0.28169014084507044
61575889822419,2,1,1,pt,1,brazil,1,2,0,4,0,4,2.0,0.25,1,1,1,1,4,0,4,0.75,0.0
61575893482315,22,1,1,pt,1,brazil,1,20,2,60,0,60,1.8739091031232593,0.36666666666666664,22,18,6,14,60,0,60,0.3333333333333333,0.35
61575895552193,10,1,1,pt,1,brazil,1,10,0,10,0,10,0.9709505944546686,0.6,4,0,0,6,10,0,10,0.5,0.1
61575897177020,32,1,1,en,1,india,1,32,0,70,0,70,1.9525311352947161,0.34285714285714286,12,15,19,24,70,0,70,0.2714285714285714,0.24285714285714285
61575897416787,2,1,1,pt,1,brazil,1,2,0,8,0,8,1.5487949406953985,0.625,5,1,1,1,8,0,8,0.125,0.25
61575898226718,1,1,1,pt,1,brazil,1,1,0,1,0,1,-0.0,1.0,1,0,0,0,1,0,1,0.0,0.0
61575899246662,2,1,1,pt,1,brazil,1,2,0,2,0,2,1.0,0.5,0,1,1,0,2,0,2,0.5,0.0
61575900051871,23,1,1,pt,1,brazil,1,19,4,64,0,64,1.7989470986425002,0.390625,23,6,10,25,64,0,64,0.4375,0.296875
61575902006629,4,1,1,pt,1,brazil,1,4,0,10,0,10,1.895461844238322,0.3,3,3,1,3,10,0,10,0.3,0.5
61575903621869,7,1,1,pt,1,brazil,1,7,0,9,0,9,0.9864267287308424,0.7777777777777778,1,0,1,7,9,0,9,0.5555555555555556,0.4444444444444444
61575905006200,64,1,1,it,1,italy,1,34,30,204,0,204,1.7182431053893983,0.5245098039215687,107,26,24,47,202,2,204,0.37254901960784315,0.25
61575905331775,21,1,1,pt,1,brazil,1,16,5,55,0,55,1.798701441511875,0.4727272727272727,26,6,13,10,53,2,55,0.3090909090909091,0.3090909090909091
61575906176404,26,1,1,en,1,india,1,20,6,78,0,78,1.9476141595780607,0.358974358974359,20,14,16,28,78,0,77,0.35064935064935066,0.23376623376623376
61575906921720,28,1,1,pt,1,brazil,1,22,6,77,0,77,1.8171936326833802,0.4025974025974026,31,23,6,17,77,0,77,0.2727272727272727,0.2727272727272727
61575907311759,28,1,1,pt,1,brazil,1,20,8,74,0,74,1.8974458458024244,0.35135135135135137,8,26,20,20,74,0,74,0.36486486486486486,0.17567567567567569
61575910161531,53,1,1,pt,1,brazil,1,53,0,160,0,160,1.4423957467616078,0.6625,22,12,20,106,54,106,160,0.56875,0.175
61575913340965,5,1,1,pt,1,brazil,1,5,0,13,0,13,1.8339272176418302,0.46153846153846156,6,3,2,2,13,0,13,0.3076923076923077,0.23076923076923078
61575914150967,23,1,1,pt,1,brazil,1,23,0,63,0,63,1.8365916681089791,0.4444444444444444,14,7,14,28,63,0,63,0.49206349206349204,0.12698412698412698
61575923485787,26,1,1,en,1,india,1,26,0,67,0,67,1.8428108487665025,0.43283582089552236,18,8,12,29,67,0,67,0.31343283582089554,0.26865671641791045
61575923541054,26,1,1,pt,1,brazil,1,18,8,72,0,72,1.8023541842973552,0.4166666666666667,24,10,8,30,72,0,72,0.3888888888888889,0.18055555555555555
61575926455376,4,1,1,pt,1,brazil,1,4,0,16,0,16,1.8496017527145814,0.4375,7,3,2,4,16,0,16,0.4375,0.1875
61575926875472,4,1,1,pt,1,brazil,1,4,0,4,0,4,0.8112781244591328,0.75,1,0,0,3,4,0,4,0.25,0.5
61575928885451,6,1,1,en,1,india,1,6,0,12,0,12,0.9798687566511528,0.5833333333333334,7,0,0,5,12,0,12,0.08333333333333333,0.5833333333333334
61575929155740,5,1,1,en,1,india,1,5,0,12,0,12,1.8553885422075338,0.3333333333333333,4,1,4,3,12,0,12,0.25,0.16666666666666666
61575935725181,2,1,1,en,1,india,1,2,0,5,0,5,0.7219280948873623,0.8,4,0,0,1,5,0,5,0.6,0.0
61575936385119,1,1,1,pt,1,brazil,1,1,0,1,0,1,-0.0,1.0,1,0,0,0,1,0,1,0.0,0.0
61575936740421,28,1,1,it,1,italy,1,5,23,105,0,105,1.673987326797204,0.5523809523809524,58,22,14,11,105,0,104,0.22115384615384615,0.33653846153846156
61575939565143,14,1,1,en,1,india,1,14,0,55,0,55,1.7272815920516122,0.5272727272727272,29,9,6,11,55,0,55,0.36363636363636365,0.23636363636363636
61575940640156,8,1,1,pt,1,brazil,1,8,0,22,0,22,1.8566532127809316,0.36363636363636365,7,2,5,8,22,0,21,0.47619047619047616,0.09523809523809523
61575940674829,28,1,1,hi,1,india,1,23,5,73,0,73,1.5748792882504539,0.4520547945205479,33,5,5,30,73,0,72,0.3888888888888889,0.2222222222222222
61575941514488,1,1,1,fr,1,france,1,1,0,1,0,1,-0.0,1.0,0,0,0,1,1,0,1,0.0,1.0
61575942084779,17,1,1,en,1,india,1,8,9,65,0,65,1.8428388976608239,0.4,26,10,8,21,65,0,65,0.26153846153846155,0.2923076923076923
61575949404378,1,1,1,pt,1,brazil,1,1,0,4,0,4,1.5,0.5,1,2,0,1,4,0,4,0.0,0.0
61575950694180,8,1,1,it,1,italy,1,8,0,18,0,18,1.612197222702993,0.5,9,2,1,6,18,0,18,0.16666666666666666,0.2777777777777778
61575953244525,21,1,1,hi,1,india,1,21,0,58,0,58,1.5534314937397886,0.603448275862069,35,6,5,12,58,0,58,0.39655172413793105,0.1896551724137931
61575956484127,12,1,1,hi,1,india,1,12,0,38,0,38,1.955495991575904,0.3157894736842105,12,6,9,11,38,0,38,0.47368421052631576,0.07894736842105263
61575958373893,18,1,1,hi,1,india,1,16,2,45,0,45,1.6377374251445644,0.4444444444444444,20,17,2,6,44,1,45,0.17777777777777778,0.3333333333333333
61575971333740,43,1,1,en,1,india,1,33,10,135,0,135,1.5850627124897683,0.5777777777777777,78,13,12,32,134,1,135,0.28888888888888886,0.3111111111111111
61575975173468,31,1,1,hi,1,india,1,31,0,31,0,31,1.8215383158393945,0.3548387096774194,9,2,9,11,31,0,31,0.4838709677419355,0.06451612903225806
61575975233483,2,1,1,en,1,india,1,2,0,8,0,8,1.4056390622295665,0.5,3,4,1,0,8,0,8,0.125,0.125
61575986572834,1,1,1,pt,1,brazil,1,1,0,4,0,4,1.5,0.5,2,0,1,1,4,0,4,0.0,0.25
61575988462983,1,1,1,hi,1,india,1,1,0,3,0,3,0.9182958340544896,0.6666666666666666,2,0,0,1,3,0,3,1.0,0.0
61575989812987,21,1,1,en,1,india,1,21,0,56,0,56,1.5671023777678683,0.6071428571428571,34,10,5,7,56,0,56,0.14285714285714285,0.3392857142857143
61575992633083,11,1,1,en,1,india,1,11,0,27,0,27,1.321326418825343,0.6296296296296297,17,5,0,5,24,3,27,0.18518518518518517,0.37037037037037035
61575997402469,3,1,1,pt,1,brazil,1,3,0,3,0,3,0.9182958340544896,0.6666666666666666,0,1,0,2,3,0,3,0.6666666666666666,0.0
61575999142555,7,1,1,en,1,india,1,7,0,19,0,19,1.5737888130660203,0.5789473684210527,11,1,3,4,19,0,19,0.5789473684210527,0.10526315789473684
61575999292569,15,1,1,hi,1,india,1,15,0,38,0,38,1.948872321285281,0.34210526315789475,13,6,9,10,38,0,37,0.43243243243243246,0.13513513513513514
61576000492249,5,1,1,pt,1,brazil,1,5,0,19,0,19,1.8710191208788398,0.3684210526315789,6,7,2,4,19,0,19,0.15789473684210525,0.21052631578947367
61576002082198,9,1,1,pt,1,brazil,1,9,0,9,0,9,1.224394445405986,0.6666666666666666,6,2,1,0,9,0,9,0.2222222222222222,0.1111111111111111
61576007272271,3,1,1,en,1,india,1,3,0,4,0,4,1.0,0.5,2,2,0,0,4,0,4,0.0,0.0
61576007392189,3,1,1,pt,1,brazil,1,3,0,12,0,12,1.7295739585136223,0.5,6,1,3,2,12,0,12,0.3333333333333333,0.3333333333333333
61576010962045,4,1,1,en,1,india,1,3,1,11,0,11,1.676737030052133,0.45454545454545453,5,4,1,1,11,0,11,0.36363636363636365,0.09090909090909091
61576025451429,8,1,1,en,1,india,1,8,0,19,0,19,1.2363864108712896,0.5263157894736842,8,1,0,10,19,0,19,0.21052631578947367,0.21052631578947367
61576037541216,5,1,1,en,1,india,1,5,0,5,0,5,0.9709505944546686,0.6,2,0,0,3,5,0,5,0.0,0.6
61576040600875,22,1,1,fr,1,france,1,20,2,60,0,60,1.8784322981130015,0.36666666666666664,17,15,6,22,60,0,60,0.45,0.13333333333333333
61576045131085,3,1,1,pt,1,brazil,1,3,0,12,0,12,1.8879185026711327,0.4166666666666667,5,2,2,3,12,0,12,0.5833333333333334,0.16666666666666666
61576046600961,1,1,1,pt,1,brazil,1,1,0,4,0,4,2.0,0.25,1,1,1,1,4,0,4,0.5,0.0
61576047020745,49,1,1,fr,1,france,1,49,0,54,0,54,1.8266238479481718,0.3888888888888889,18,5,10,21,50,4,54,0.37037037037037035,0.2037037037037037
61576049420961,12,1,1,hi,1,india,1,12,0,46,0,46,1.2717267078484757,0.717391304347826,33,5,2,6,46,0,45,0.17777777777777778,0.4444444444444444
61576051490728,1,1,1,en,1,india,1,1,0,4,0,4,1.0,0.5,0,2,0,2,4,0,4,0.5,0.5
61576056530279,66,1,1,it,1,italy,1,66,0,146,0,146,1.9595572806094368,0.3424657534246575,50,33,26,37,126,20,146,0.3219178082191781,0.23972602739726026
61576059230191,21,1,1,it,1,italy,1,19,2,61,0,61,1.9047049598753054,0.39344262295081966,24,16,9,12,61,0,59,0.2711864406779661,0.288135593220339
61576073780317,27,1,1,hi,1,india,1,27,0,34,0,34,1.7322216637616483,0.5294117647058824,4,6,6,18,34,0,34,0.6764705882352942,0.029411764705882353
61576080110126,1,1,1,pt,1,brazil,1,1,0,4,0,4,1.5,0.5,1,2,1,0,4,0,4,0.5,0.0
61576080110127,46,2,1,it,1,italy,1,24,22,124,124,113,1.9792492441255067,0.3008849557522124,34,21,30,28,124,0,113,0.35398230088495575,0.21238938053097345
61576080110128,32,2,1,fr,1,france,1,28,4,103,103,99,1.91282682396455,0.36363636363636365,36,22,28,13,103,0,99,0.35353535353535354,0.1414141414141414
61576080110129,45,2,1,en,1,united states,1,21,24,119,119,118,1.938279186199196,0.3389830508474576,40,33,17,28,119,0,118,0.3389830508474576,0.2542372881355932
61576080110130,52,2,1,it,1,italy,1,28,24,146,146,146,1.9549537022837558,0.3287671232876712,48,38,23,37,146,0,146,0.3082191780821918,0.2534246575342466
61576080110131,42,2,1,en,1,india,1,21,21,114,114,113,1.8903312239431282,0.40707964601769914,46,29,22,16,114,0,113,0.3185840707964602,0.2831858407079646
61576080110132,53,2,1,it,1,italy,1,28,25,152,152,151,1.9775481761395803,0.31788079470198677,30,39,48,34,152,0,151,0.3509933774834437,0.26490066225165565
61576080110133,48,2,1,en,1,india,1,24,24,132,131,130,1.93456549448021,0.3769230769230769,49,31,28,22,132,0,130,0.2692307692307692,0.25384615384615383
61576080110134,36,2,1,hi,1,india,1,12,24,108,108,103,1.930239588051177,0.34951456310679613,36,31,17,19,107,1,103,0.33980582524271846,0.20388349514563106
61576080110135,20,2,1,hi,1,india,1,9,11,51,50,49,1.9216283616935674,0.3469387755102041,15,10,17,7,51,0,49,0.3673469387755102,0.14285714285714285
61576080110136,33,2,1,en,1,india,1,16,17,88,88,88,1.9694217901748563,0.32954545454545453,17,29,19,23,88,0,88,0.3522727272727273,0.20454545454545456
61576080110137,23,2,1,pt,1,brazil,1,12,11,63,63,59,1.989451507447872,0.288135593220339,16,17,13,13,63,0,59,0.3050847457627119,0.2033898305084746
61576080110138,35,2,1,hi,1,india,1,12,23,93,81,75,1.9332052751160917,0.37333333333333335,28,18,17,12,93,0,75,0.3333333333333333,0.14666666666666667
61576080110139,16,2,1,pt,1,brazil,1,14,2,37,37,37,1.8319852528226832,0.35135135135135137,3,8,13,13,37,0,37,0.2972972972972973,0.10810810810810811
61576080110140,28,2,1,pt,1,brazil,1,8,20,80,80,80,1.9866370421013735,0.3,17,21,18,24,80,0,80,0.425,0.175
61576080110141,55,2,1,it,1,italy,1,27,28,158,157,148,1.9843914235256719,0.30405405405405406,39,31,45,33,158,0,148,0.4594594594594595,0.16216216216216217
61576080110142,48,2,1,pt,1,brazil,1,24,24,132,132,129,1.9421666480931394,0.37209302325581395,24,26,31,48,131,1,129,0.3953488372093023,0.20930232558139536
61576080110143,48,2,1,fr,1,france,1,24,24,132,132,130,1.9655722551823553,0.2923076923076923,21,34,38,37,131,1,130,0.46153846153846156,0.03076923076923077
61576080110144,48,2,1,fr,1,france,1,24,24,132,130,128,1.9865674456070554,0.3046875,39,27,30,32,132,0,128,0.2421875,0.2265625
61576080110145,56,2,1,it,1,italy,1,28,28,160,160,158,1.9881214525847504,0.2911392405063291,46,41,39,32,160,0,158,0.21518987341772153,0.2468354430379747
61576080110146,16,2,1,en,1,united states,1,14,2,42,42,41,1.988480106090626,0.2926829268292683,9,12,11,9,41,1,41,0.43902439024390244,0.14634146341463414
61576080110147,48,2,1,hi,1,india,1,24,24,132,132,128,1.9213195049198493,0.3515625,45,39,25,19,132,0,128,0.390625,0.1484375
61576080110148,48,2,1,pt,1,brazil,1,24,24,132,132,125,1.9894825921646935,0.28,27,35,35,28,132,0,125,0.344,0.16
61576080110149,33,2,1,pt,1,brazil,1,20,13,78,77,74,1.959613660453458,0.35135135135135137,17,14,17,26,78,0,74,0.22972972972972974,0.21621621621621623
61576080110150,48,2,1,fr,1,france,1,24,24,132,132,128,1.9832770686515022,0.3125,32,29,27,40,132,0,128,0.5234375,0.125
61576080110151,54,2,1,pt,1,brazil,1,25,29,150,150,144,1.9584881557445335,0.3263888888888889,47,40,33,24,150,0,144,0.19444444444444445,0.2847222222222222
61576080110152,14,2,1,hi,1,india,1,14,0,33,33,33,1.90654942173316,0.36363636363636365,9,8,12,4,33,0,33,0.24242424242424243,0.09090909090909091
61576080110153,24,2,1,en,1,india,1,16,8,73,73,72,1.971800815649691,0.3194444444444444,23,18,18,13,73,0,72,0.375,0.2777777777777778
61576080110154,48,2,1,pt,1,brazil,1,24,24,133,133,128,1.9867747604588366,0.2890625,37,26,30,35,131,2,128,0.4609375,0.1015625
61576080110155,46,2,1,en,1,united states,1,22,24,126,126,126,1.9810854948736603,0.29365079365079366,35,37,24,30,126,0,126,0.21428571428571427,0.23015873015873015
61576080110156,44,2,1,pt,1,brazil,1,22,22,121,121,120,1.967440410540718,0.325,33,25,39,23,119,2,120,0.35,0.24166666666666667
61576080110157,41,2,1,it,1,italy,1,17,24,109,109,107,1.9767453911503938,0.32710280373831774,25,25,22,35,108,1,107,0.45794392523364486,0.11214953271028037
61576080110158,45,2,1,hi,1,india,1,24,21,126,126,122,1.997477114229357,0.27049180327868855,30,31,33,28,126,0,122,0.45081967213114754,0.07377049180327869
61576080110159,48,2,1,pt,1,brazil,1,24,24,132,132,132,1.9783753331741147,0.3181818181818182,34,42,29,27,130,2,132,0.4166666666666667,0.19696969696969696
61576080110160,40,2,1,hi,1,india,1,17,23,114,114,114,1.862450467128166,0.4473684210526316,51,24,18,21,113,1,114,0.2543859649122807,0.23684210526315788
61576080110161,31,2,1,en,1,india,1,14,17,82,82,81,1.9623230225905783,0.3333333333333333,22,27,17,15,82,0,81,0.3950617283950617,0.13580246913580246
61576080110162,47,2,1,en,1,united states,1,29,18,129,129,128,1.9964730780265976,0.2734375,33,29,31,35,128,1,128,0.3671875,0.1796875
61576080110163,40,2,1,en,1,india,1,24,16,104,104,102,1.958337956873308,0.3431372549019608,35,18,23,26,104,0,102,0.37254901960784315,0.13725490196078433
61576080110164,46,2,1,pt,1,brazil,1,25,21,126,126,122,1.9562701443060226,0.3360655737704918,41,30,31,20,125,1,122,0.28688524590163933,0.36885245901639346
61576080110165,21,2,1,fr,1,france,1,16,5,50,50,50,1.9813152774012366,0.32,11,16,11,12,50,0,50,0.42,0.16
61576080110166,28,2,1,fr,1,france,1,12,16,64,56,56,1.9234268561571204,0.32142857142857145,17,7,14,18,64,0,56,0.2857142857142857,0.25
61576080110167,47,2,1,hi,1,india,1,24,23,130,129,124,1.960287013086682,0.33064516129032256,33,41,21,29,127,3,124,0.4112903225806452,0.12096774193548387
61576080110168,56,2,1,it,1,italy,1,28,28,160,160,152,1.980873584752218,0.3026315789473684,37,46,29,40,159,1,152,0.25,0.28289473684210525
61576080110169,61,2,1,pt,1,brazil,1,30,31,171,171,163,1.9784663366085358,0.32515337423312884,36,53,35,39,171,0,163,0.3558282208588957,0.17791411042944785
61576080110170,19,2,1,pt,1,brazil,1,0,19,56,56,50,1.8993455543861928,0.36,18,11,15,6,56,0,50,0.16,0.44
61576080110171,15,2,1,hi,1,india,1,9,6,41,38,36,1.9182958340544893,0.3333333333333333,12,6,12,6,40,1,36,0.6666666666666666,0.05555555555555555
61576080110172,41,2,1,en,1,india,1,22,19,114,113,113,1.966890893493878,0.30973451327433627,31,35,28,19,113,1,113,0.3008849557522124,0.168141592920354
61576080110173,48,2,1,en,1,india,1,24,24,132,131,131,1.9988614837739678,0.2595419847328244,34,34,32,31,132,0,131,0.2748091603053435,0.2748091603053435
61576080110174,48,2,1,pt,1,brazil,1,24,24,132,132,131,1.9975042224241608,0.26717557251908397,32,30,35,34,132,0,131,0.4122137404580153,0.183206106870229
61576080110175,56,2,1,it,1,italy,1,28,28,160,160,157,1.9891340228877357,0.28662420382165604,43,45,34,35,160,0,157,0.4394904458598726,0.19745222929936307
61576080110176,46,2,1,en,1,india,1,23,23,124,124,123,1.9948525782727298,0.2764227642276423,30,32,27,34,124,0,123,0.35772357723577236,0.21951219512195122
61576080110177,55,2,1,pt,1,brazil,1,26,29,151,151,144,1.9637008816745647,0.3333333333333333,48,39,28,29,151,0,144,0.3263888888888889,0.25
61576080110178,48,2,1,en,1,india,1,24,24,132,132,130,1.9563460902519894,0.3384615384615385,44,36,24,26,131,1,130,0.33076923076923076,0.2076923076923077
61576080110179,48,2,1,en,1,india,1,24,24,132,132,127,1.9886065297837765,0.2992125984251969,38,30,27,32,131,1,127,0.41732283464566927,0.18110236220472442
61576080110180,52,2,1,it,1,italy,1,28,24,145,145,138,1.9780769828894917,0.2971014492753623,26,32,39,41,145,0,138,0.34782608695652173,0.16666666666666666
61576080110181,33,2,1,pt,1,brazil,1,9,24,99,99,96,1.9637887696531913,0.3333333333333333,19,26,19,32,99,0,96,0.46875,0.10416666666666667
61576080110182,39,2,1,pt,1,brazil,1,19,20,101,101,101,1.9461016150798347,0.3564356435643564,26,22,17,36,101,0,101,0.36633663366336633,0.22772277227722773
61576080110183,55,2,1,it,1,italy,1,27,28,157,157,157,1.9940058561930616,0.2802547770700637,34,39,44,40,156,1,157,0.267515923566879,0.27388535031847133
61576080110184,43,2,1,hi,1,india,1,23,20,114,114,111,1.9912194166809245,0.2972972972972973,27,26,33,25,114,0,111,0.3963963963963964,0.10810810810810811
61576080110185,48,2,1,it,1,italy,1,20,28,131,131,130,1.9822521520350644,0.2923076923076923,36,38,31,25,131,0,130,0.16153846153846155,0.4153846153846154
61576080110186,45,2,1,en,1,india,1,23,22,124,124,121,1.996642737880634,0.2644628099173554,32,30,32,27,124,0,121,0.4049586776859504,0.09917355371900827
61576080110187,48,2,1,en,1,india,1,24,24,132,132,131,1.9617665404954816,0.3282442748091603,37,25,43,26,132,0,131,0.366412213740458,0.22900763358778625
61576080110188,18,2,1,hi,1,india,1,7,11,38,38,37,1.9042485342090099,0.32432432432432434,12,10,11,4,38,0,37,0.35135135135135137,0.05405405405405406
61576080110189,50,2,1,fr,1,france,1,24,26,136,136,129,1.991952768228046,0.2868217054263566,29,29,37,34,136,0,129,0.49612403100775193,0.08527131782945736
61576080110190,44,2,1,hi,1,india,1,21,23,123,122,117,1.9744880488374703,0.29914529914529914,35,34,22,26,121,2,117,0.452991452991453,0.13675213675213677
61576080110191,55,2,1,pt,1,brazil,1,26,29,153,153,149,1.9904773844068742,0.2953020134228188,38,44,34,33,153,0,149,0.26174496644295303,0.2684563758389262
61576080110192,25,2,1,hi,1,india,1,13,12,52,52,52,1.8674598384642616,0.4423076923076923,23,11,8,10,52,0,52,0.36538461538461536,0.38461538461538464
61576080110193,46,2,1,hi,1,india,1,22,24,128,127,124,1.9659903898203899,0.3225806451612903,40,35,24,25,127,1,124,0.4596774193548387,0.11290322580645161
61576080110194,47,2,1,it,1,italy,1,24,23,128,128,127,1.992272449203985,0.28346456692913385,27,31,36,33,128,0,127,0.33858267716535434,0.16535433070866143
61576080110195,45,2,1,fr,1,france,1,27,18,120,120,116,1.888000642729222,0.3706896551724138,43,20,16,37,118,2,116,0.43103448275862066,0.09482758620689655
61576080110196,32,2,1,en,1,india,1,13,19,73,73,73,1.9866991534543794,0.3013698630136986,22,18,18,15,73,0,73,0.3698630136986301,0.2191780821917808
61576080110197,48,2,1,pt,1,brazil,1,24,24,132,132,129,1.9877689732720292,0.27906976744186046,31,26,36,36,131,1,129,0.4108527131782946,0.13178294573643412
61576080110198,45,2,1,en,1,india,1,23,22,120,120,118,1.9631545187310289,0.3050847457627119,36,33,30,19,116,4,118,0.4745762711864407,0.16101694915254236
61576080110199,33,2,1,en,1,india,1,24,9,89,89,89,1.965102712828749,0.33707865168539325,30,23,17,19,89,0,89,0.4044943820224719,0.21348314606741572
61576080110200,45,2,1,en,1,india,1,21,24,120,119,118,1.978204431181526,0.3220338983050847,38,24,29,27,119,1,118,0.4830508474576271,0.17796610169491525
61576080110201,13,2,1,hi,1,india,1,11,2,41,41,41,1.8894370462661838,0.3902439024390244,16,9,5,11,41,0,41,0.2682926829268293,0.24390243902439024
61576080110202,59,2,1,pt,1,brazil,1,25,34,164,163,159,1.9840838562493113,0.3081761006289308,34,41,35,49,163,1,159,0.44025157232704404,0.06918238993710692
61576080110203,48,2,1,pt,1,brazil,1,24,24,132,132,125,1.9127291543459506,0.336,21,20,42,42,130,2,125,0.424,0.168
61576080110204,52,2,1,fr,1,france,1,27,25,143,143,141,1.9894238234973152,0.28368794326241137,31,39,31,40,143,0,141,0.4326241134751773,0.12056737588652482
61576080110205,25,2,1,hi,1,india,1,8,17,70,69,68,1.8852161445441138,0.36764705882352944,22,25,9,12,70,0,68,0.4852941176470588,0.058823529411764705
61576080110206,47,2,1,pt,1,brazil,1,24,23,132,132,129,1.971278333553483,0.32558139534883723,42,28,34,25,132,0,129,0.24031007751937986,0.31007751937984496
61576080110207,34,2,1,pt,1,brazil,1,10,24,96,96,90,1.9748490857368153,0.28888888888888886,16,26,22,26,96,0,90,0.4444444444444444,0.14444444444444443
61576080110208,38,2,1,hi,1,india,1,14,24,112,112,112,1.9164991043167894,0.4017857142857143,45,22,25,20,110,2,112,0.4375,0.13392857142857142
61576080110209,49,2,1,fr,1,france,1,24,25,136,135,134,1.9589135847421884,0.3358208955223881,45,37,27,25,135,1,134,0.31343283582089554,0.23134328358208955
61576080110210,48,2,1,pt,1,brazil,1,24,24,132,132,122,1.9797995465592333,0.29508196721311475,23,29,34,36,131,1,122,0.4672131147540984,0.10655737704918032
61576080110211,61,2,1,pt,1,brazil,1,26,35,179,179,172,1.985498448217859,0.29651162790697677,44,43,34,51,178,1,172,0.27906976744186046,0.19767441860465115
61576080110212,48,2,1,hi,1,india,1,24,24,132,132,129,1.949571448703265,0.3643410852713178,47,25,31,26,131,1,129,0.4186046511627907,0.13178294573643412
61576080110213,48,2,1,fr,1,france,1,24,24,132,132,126,1.966817220667461,0.29365079365079366,21,31,37,37,132,0,126,0.47619047619047616,0.14285714285714285
61576080110214,47,2,1,hi,1,india,1,24,23,128,127,117,1.9331066610627274,0.36752136752136755,43,31,19,24,128,0,117,0.3504273504273504,0.21367521367521367
61576080110215,46,2,1,en,1,united states,1,21,25,127,127,127,1.9097366483087845,0.3858267716535433,49,27,33,18,127,0,127,0.41732283464566927,0.1889763779527559
61576080110216,32,2,1,pt,1,brazil,1,24,8,90,90,89,1.9548457312310974,0.3146067415730337,28,21,14,26,90,0,89,0.2247191011235955,0.2247191011235955
61576080110217,42,2,1,hi,1,india,1,20,22,118,118,117,1.9360842145763744,0.38461538461538464,45,24,23,25,118,0,117,0.39316239316239315,0.17094017094017094
61576080110218,46,2,1,fr,1,france,1,22,24,128,128,127,1.9841350589456412,0.29133858267716534,30,35,25,37,128,0,127,0.47244094488188976,0.09448818897637795
61576080110219,51,2,1,fr,1,france,1,30,21,137,135,132,1.982873244599624,0.3106060606060606,41,29,34,28,136,1,132,0.2878787878787879,0.23484848484848486
61576080110220,51,2,1,pt,1,brazil,1,24,27,142,142,142,1.9969589108272086,0.2676056338028169,35,32,37,38,140,2,142,0.28169014084507044,0.2605633802816901
61576080110221,44,2,1,en,1,india,1,23,21,118,118,118,1.9738359926101012,0.3135593220338983,37,32,22,27,117,1,118,0.3728813559322034,0.17796610169491525
61576080110222,50,2,1,pt,1,brazil,1,26,24,141,141,131,1.9668129592846388,0.31297709923664124,24,28,38,41,141,0,131,0.32061068702290074,0.16030534351145037
61576080110223,31,2,1,en,1,india,1,13,18,98,98,97,1.9577116148713896,0.31958762886597936,31,28,22,16,98,0,97,0.41237113402061853,0.20618556701030927
61576080110224,36,2,1,hi,1,india,1,15,21,108,108,106,1.972662564608676,0.32075471698113206,34,28,24,20,108,0,106,0.4056603773584906,0.09433962264150944
61576080110225,48,2,1,hi,1,india,1,24,24,132,132,131,1.9573456554004602,0.3435114503816794,45,35,26,25,132,0,131,0.37404580152671757,0.16030534351145037
61576080110226,48,2,1,hi,1,india,1,24,24,132,132,132,1.9757744086907836,0.32575757575757575,43,33,27,29,131,1,132,0.3712121212121212,0.13636363636363635
61576080110227,54,2,1,it,1,italy,1,28,26,152,152,151,1.9844950959463112,0.31125827814569534,47,32,35,37,152,0,151,0.2119205298013245,0.33112582781456956
61576080110228,42,2,1,hi,1,india,1,22,20,116,115,108,1.935330305129093,0.3333333333333333,15,31,36,26,115,1,108,0.4537037037037037,0.08333333333333333
61576080110229,48,2,1,en,1,india,1,24,24,132,131,126,1.9700713913815968,0.3253968253968254,30,41,32,23,132,0,126,0.3253968253968254,0.1984126984126984
61576080110230,15,2,1,fr,1,france,1,15,0,33,33,31,1.9808500422551556,0.3225806451612903,7,10,7,7,33,0,31,0.16129032258064516,0.22580645161290322
61576080110231,48,2,1,en,1,united states,1,24,24,132,132,130,1.9472656191388176,0.36923076923076925,48,30,27,25,131,1,130,0.35384615384615387,0.17692307692307693
61576080110232,15,2,1,pt,1,brazil,1,3,12,48,48,48,1.9829637987072906,0.3125,10,15,11,12,48,0,48,0.5,0.125
61576080110233,48,2,1,fr,1,france,1,24,24,132,132,127,1.9487845848754648,0.33858267716535434,21,27,36,43,132,0,127,0.5433070866141733,0.05511811023622047
61576080110234,41,2,1,en,1,india,1,21,20,104,92,92,1.9682864211321407,0.31521739130434784,29,16,25,22,103,1,92,0.358695652173913,0.2608695652173913
61576080110235,47,2,1,en,1,india,1,23,24,128,128,126,1.9367400393733025,0.38095238095238093,48,27,23,28,126,2,126,0.3492063492063492,0.21428571428571427
61576080110236,40,2,1,hi,1,india,1,18,22,112,109,105,1.9666120932103293,0.3142857142857143,33,29,25,18,112,0,105,0.2857142857142857,0.23809523809523808
61576080110237,39,2,1,hi,1,india,1,21,18,96,96,94,1.9843997383573335,0.30851063829787234,29,20,24,21,94,2,94,0.4148936170212766,0.09574468085106383
61576080110238,39,2,1,hi,1,india,1,15,24,108,108,106,1.9414240976735688,0.32075471698113206,31,34,15,26,108,0,106,0.44339622641509435,0.14150943396226415
61576080110239,48,2,1,pt,1,brazil,1,24,24,132,132,131,1.9904461137695604,0.2824427480916031,29,29,36,37,132,0,131,0.5267175572519084,0.07633587786259542
61576080110240,46,2,1,en,1,india,1,24,22,126,125,125,1.9534747249423094,0.312,39,36,31,19,126,0,125,0.416,0.112
61576080110241,54,2,1,pt,1,brazil,1,24,30,154,152,150,1.995691836775287,0.26666666666666666,40,37,40,33,153,1,150,0.46,0.18
61576080110242,48,2,1,pt,1,brazil,1,24,24,132,132,132,1.9732785108684512,0.3106060606060606,41,29,25,37,131,1,132,0.3181818181818182,0.25
61576080110243,49,2,1,pt,1,brazil,1,24,25,136,136,136,1.9826068303182987,0.29411764705882354,27,38,40,31,136,0,136,0.27941176470588236,0.18382352941176472
61576080110244,42,2,1,en,1,india,1,19,23,110,110,108,1.974869550550417,0.32407407407407407,21,25,35,27,110,0,108,0.46296296296296297,0.17592592592592593
61576080110245,27,2,1,fr,1,france,1,24,3,74,74,69,1.9559001153039923,0.30434782608695654,11,16,21,21,74,0,69,0.5072463768115942,0.014492753623188406
61576080110246,74,2,1,fr,1,france,1,35,39,218,218,212,1.9832390952275336,0.29245283018867924,46,60,44,62,217,1,212,0.42924528301886794,0.12735849056603774
61576080110247,50,2,1,pt,1,brazil,1,26,24,140,140,139,1.9659660654819398,0.3237410071942446,34,24,36,45,137,3,139,0.3597122302158273,0.19424460431654678
61576080110248,65,2,1,pt,1,brazil,1,30,35,184,184,181,1.9638871508628724,0.3425414364640884,44,34,41,62,183,1,181,0.4143646408839779,0.13259668508287292
61576080110249,48,2,1,pt,1,brazil,1,24,24,132,132,127,1.9590549816821836,0.3543307086614173,26,26,30,45,132,0,127,0.4251968503937008,0.2047244094488189
61576080110250,45,2,1,en,1,india,1,23,22,124,124,111,1.9532778270453799,0.36036036036036034,40,24,21,26,124,0,111,0.2972972972972973,0.17117117117117117
61576080110251,39,2,1,en,1,india,1,20,19,102,102,102,1.821417804385894,0.4411764705882353,45,26,21,10,102,0,102,0.3137254901960784,0.28431372549019607
61576080110252,17,2,1,pt,1,brazil,1,10,7,40,40,39,1.7125286566541917,0.358974358974359,14,12,1,12,40,0,39,0.23076923076923078,0.3076923076923077
61576080110253,55,2,1,pt,1,brazil,1,28,27,156,156,133,1.9638002298058463,0.3157894736842105,22,36,33,42,155,1,133,0.49624060150375937,0.09774436090225563
61576080110254,56,2,1,it,1,italy,1,28,28,160,160,158,1.9776852843551844,0.2974683544303797,30,45,36,47,160,0,158,0.45569620253164556,0.08860759493670886
61576080110255,45,2,1,hi,1,india,1,23,22,121,120,119,1.9756441314746558,0.3277310924369748,39,28,24,28,121,0,119,0.35294117647058826,0.19327731092436976
61576080110256,48,2,1,fr,1,france,1,24,24,132,132,127,1.9747365822523755,0.31496062992125984,40,24,29,34,132,0,127,0.3779527559055118,0.2047244094488189
61576080110257,44,2,1,en,1,india,1,28,16,112,112,111,1.970330834642803,0.32432432432432434,36,30,23,22,112,0,111,0.4144144144144144,0.2072072072072072
61576080110258,31,2,1,en,1,india,1,13,18,79,79,79,1.9895262014064363,0.2911392405063291,18,17,23,21,79,0,79,0.3670886075949367,0.21518987341772153
61576080110259,47,2,1,it,1,italy,1,24,23,128,128,127,1.9789139141362564,0.2992125984251969,25,28,36,38,127,1,127,0.3543307086614173,0.18110236220472442
61576080110260,47,2,1,pt,1,brazil,1,24,23,130,130,122,1.9902277600210605,0.29508196721311475,36,26,30,30,129,1,122,0.1557377049180328,0.28688524590163933
61576080110261,48,2,1,hi,1,india,1,24,24,132,132,130,1.9708487275109776,0.3153846153846154,36,24,29,41,132,0,130,0.3230769230769231,0.16153846153846155
61576080110262,48,2,1,en,1,united states,1,6,42,129,129,126,1.8775755776123728,0.4126984126984127,52,34,22,18,129,0,126,0.3492063492063492,0.20634920634920634
61576080110263,48,2,1,fr,1,france,1,24,24,132,132,123,1.9606007166207486,0.2926829268292683,19,34,36,34,131,1,123,0.3008130081300813,0.23577235772357724
61576080110264,44,2,1,fr,1,france,1,23,21,124,124,124,1.9359910859774025,0.3629032258064516,30,19,45,30,124,0,124,0.33064516129032256,0.1935483870967742
61576080110265,34,2,1,en,1,india,1,24,10,100,100,100,1.954533669296072,0.32,30,32,21,17,98,2,100,0.43,0.12
61576080110266,48,2,1,it,1,italy,1,24,24,132,132,126,1.9801307171591935,0.30158730158730157,34,24,30,38,131,1,126,0.36507936507936506,0.16666666666666666
61576080110267,55,2,1,it,1,italy,1,27,28,156,156,152,1.9710389547804619,0.3157894736842105,37,27,40,48,156,0,152,0.39473684210526316,0.13157894736842105
61576080110268,44,2,1,en,1,india,1,23,21,124,122,122,1.9832395804896779,0.3114754098360656,38,27,31,26,123,1,122,0.319672131147541,0.2459016393442623
61576080110269,31,2,1,fr,1,france,1,12,19,73,73,73,1.9771400613654486,0.3287671232876712,17,24,16,16,73,0,73,0.3150684931506849,0.136986301369863
61576080110270,47,2,1,pt,1,brazil,1,23,24,130,130,124,1.9996246239978284,0.25806451612903225,31,31,30,32,130,0,124,0.3709677419354839,0.1693548387096774
61576080110271,42,2,1,fr,1,france,1,24,18,108,108,102,1.9547446397492783,0.3627450980392157,21,22,37,22,108,0,102,0.30392156862745096,0.21568627450980393
61576080110272,50,2,1,hi,1,india,1,24,26,138,138,134,1.920852395989908,0.35074626865671643,47,39,18,30,138,0,134,0.2835820895522388,0.2462686567164179
61576080110273,58,2,1,pt,1,brazil,1,33,25,165,165,158,1.9854975030469355,0.2911392405063291,46,44,35,33,164,1,158,0.3227848101265823,0.22784810126582278
61576080110274,36,2,1,hi,1,india,1,17,19,90,90,83,1.9536419536403549,0.3614457831325301,30,19,18,16,90,0,83,0.3373493975903614,0.1686746987951807
61576080110275,47,2,1,hi,1,india,1,23,24,129,129,122,1.987334438751485,0.29508196721311475,32,36,29,25,129,0,122,0.4262295081967213,0.16393442622950818
61576080110276,47,2,1,en,1,india,1,24,23,128,128,123,1.926387268676474,0.3333333333333333,36,41,30,16,128,0,123,0.34959349593495936,0.15447154471544716
61576080110277,49,2,1,fr,1,france,1,24,25,136,136,134,1.9602186338123853,0.3208955223880597,37,32,22,43,135,1,134,0.40298507462686567,0.1791044776119403
61576080110278,48,2,1,en,1,united states,1,24,24,132,132,123,1.9515632641261829,0.3170731707317073,38,25,21,39,132,0,123,0.36585365853658536,0.2032520325203252
61576080110279,47,2,1,fr,1,france,1,24,23,129,129,128,1.9936507116910405,0.2734375,35,29,35,29,129,0,128,0.2421875,0.3046875
61576080110280,45,2,1,hi,1,india,1,24,21,120,120,113,1.9720805222261666,0.3274336283185841,37,29,22,25,117,3,113,0.34513274336283184,0.20353982300884957
61576080110281,45,2,1,hi,1,india,1,24,21,126,126,120,1.9478371627177773,0.36666666666666664,44,27,27,22,126,0,120,0.38333333333333336,0.18333333333333332
61576080110282,66,2,1,pt,1,brazil,1,30,36,190,189,180,1.9637039996269638,0.3111111111111111,54,34,56,36,190,0,180,0.3388888888888889,0.14444444444444443
61576080110283,32,2,1,fr,1,france,1,14,18,78,78,77,1.9802449243015017,0.3116883116883117,24,19,19,15,78,0,77,0.23376623376623376,0.3116883116883117
61576080110284,47,2,1,pt,1,brazil,1,24,23,128,128,123,1.9793972425370696,0.3008130081300813,37,23,33,30,128,0,123,0.3252032520325203,0.21951219512195122
61576080110285,47,2,1,fr,1,france,1,28,19,128,128,126,1.9664592864264379,0.3333333333333333,27,24,33,42,128,0,126,0.47619047619047616,0.14285714285714285
61576080110286,36,2,1,pt,1,brazil,1,11,25,108,108,108,1.9716117685136443,0.3055555555555556,19,26,33,30,108,0,108,0.3333333333333333,0.17592592592592593
61576080110287,48,2,1,en,1,india,1,24,24,132,131,128,1.9533455233074042,0.359375,46,31,26,25,130,2,128,0.3515625,0.1875
61576080110288,47,2,1,fr,1,france,1,23,24,128,128,128,1.9946510497250671,0.2734375,28,31,34,35,128,0,128,0.3515625,0.296875
61576080110289,37,2,1,it,1,italy,1,19,18,93,93,91,1.9768173939383469,0.2967032967032967,17,27,21,26,93,0,91,0.38461538461538464,0.18681318681318682
61576080110290,39,2,1,hi,1,india,1,21,18,110,110,100,1.9467221626959506,0.33,33,24,28,15,110,0,100,0.33,0.2
61576080110291,48,2,1,pt,1,brazil,1,24,24,132,130,122,1.9618616149171002,0.3360655737704918,24,24,41,33,132,0,122,0.3524590163934426,0.1721311475409836
61576080110292,48,2,1,hi,1,india,1,24,24,132,131,130,1.9348996213452547,0.36923076923076925,48,34,22,26,132,0,130,0.2230769230769231,0.2923076923076923
61576080110293,37,2,1,hi,1,india,1,13,24,107,106,106,1.9364387726685561,0.3584905660377358,38,29,22,17,107,0,106,0.32075471698113206,0.22641509433962265
61576080110294,48,2,1,en,1,india,1,24,24,132,131,131,1.9878864326637888,0.3053435114503817,30,40,32,29,131,1,131,0.35877862595419846,0.25190839694656486
61576080110295,57,2,1,pt,1,brazil,1,28,29,159,159,157,1.9607118612884546,0.31210191082802546,49,40,25,43,159,0,157,0.34394904458598724,0.19745222929936307
61576080110296,37,2,1,en,1,india,1,14,23,92,92,89,1.8689280865523346,0.43820224719101125,39,19,13,18,92,0,89,0.3258426966292135,0.23595505617977527
61576080110297,56,2,1,it,1,italy,1,28,28,160,160,159,1.9793901796625641,0.2830188679245283,40,45,29,45,159,1,159,0.3836477987421384,0.13836477987421383
61576080110298,15,2,1,fr,1,france,1,11,4,42,42,40,1.9733265144638374,0.3,7,12,10,11,42,0,40,0.475,0.125
61576080110299,55,2,1,fr,1,france,1,24,31,153,152,152,1.9995003941817586,0.2565789473684211,39,39,37,37,153,0,152,0.28289473684210525,0.2565789473684211
61576080110300,41,2,1,en,1,india,1,22,19,114,114,113,1.9726204095815492,0.3185840707964602,30,36,21,26,114,0,113,0.37168141592920356,0.13274336283185842
61576080110301,18,2,1,hi,1,india,1,6,12,42,42,42,1.9785377777854725,0.30952380952380953,13,10,8,11,42,0,42,0.47619047619047616,0.07142857142857142
61576080110302,54,2,1,pt,1,brazil,1,25,29,151,151,144,1.9986079025901407,0.2638888888888889,34,37,35,38,151,0,144,0.3958333333333333,0.1527777777777778
61576080110303,46,2,1,it,1,italy,1,23,23,125,125,123,1.9695334906692976,0.34146341463414637,42,27,28,26,124,1,123,0.3008130081300813,0.2601626016260163
61576080110304,31,2,1,fr,1,france,1,1,30,82,82,82,1.9960461827560096,0.2682926829268293,18,22,21,21,82,0,82,0.45121951219512196,0.0975609756097561
61576080110305,23,2,1,en,1,india,1,12,11,45,44,44,1.782202525870672,0.5,22,9,7,6,45,0,44,0.3181818181818182,0.25
61576080110306,56,2,1,it,1,italy,1,28,28,160,160,158,1.9798963702658074,0.2911392405063291,45,46,30,37,160,0,158,0.23417721518987342,0.23417721518987342
61576080110307,53,2,1,fr,1,france,1,24,29,144,144,134,1.9922740663653253,0.291044776119403,31,39,34,30,144,0,134,0.27611940298507465,0.21641791044776118
61576080110308,59,2,1,pt,1,brazil,1,26,33,165,165,151,1.9937904244710747,0.2781456953642384,42,33,36,40,165,0,151,0.3708609271523179,0.17880794701986755
61576080110309,45,2,1,hi,1,india,1,21,24,124,124,119,1.9539802852067991,0.31092436974789917,19,37,36,27,120,4,119,0.3697478991596639,0.06722689075630252
61576080110310,61,2,1,fr,1,france,1,25,36,175,174,168,1.9843862392255,0.2976190476190476,41,33,50,44,175,0,168,0.31547619047619047,0.17261904761904762
61576080110311,57,2,1,fr,1,france,1,24,33,156,155,149,1.9921152757135059,0.2953020134228188,34,36,35,44,156,0,149,0.44966442953020136,0.14093959731543623
61576080110312,54,2,1,it,1,italy,1,27,27,152,151,141,1.9941964732547781,0.2695035460992908,38,36,30,37,152,0,141,0.3475177304964539,0.20567375886524822
61576080110313,48,2,1,en,1,india,1,24,24,131,131,128,1.9858783741431054,0.3046875,39,33,28,28,131,0,128,0.4140625,0.1171875
61576080110314,47,2,1,pt,1,brazil,1,24,23,129,129,119,1.9969732503742768,0.2689075630252101,32,27,29,31,129,0,119,0.42016806722689076,0.16806722689075632
61576080110315,50,2,1,it,1,italy,1,22,28,136,136,133,1.9891687542893648,0.2857142857142857,27,35,38,33,136,0,133,0.41353383458646614,0.12781954887218044
61576080110316,55,2,1,it,1,italy,1,27,28,157,157,154,1.9664588439029116,0.33766233766233766,52,35,38,29,157,0,154,0.2532467532467532,0.33766233766233766
61576080110317,48,2,1,en,1,india,1,24,24,132,131,123,1.9158478621196746,0.3983739837398374,49,29,24,21,132,0,123,0.3333333333333333,0.21138211382113822
61576080110318,47,2,1,fr,1,france,1,23,24,130,130,130,1.9873082695295048,0.3,27,33,31,39,129,1,130,0.43846153846153846,0.16153846153846155
61576080110319,48,2,1,pt,1,brazil,1,24,24,132,132,124,1.98640316105925,0.29838709677419356,31,31,25,37,132,0,124,0.23387096774193547,0.27419354838709675
61576080110320,48,2,1,en,1,india,1,24,24,132,131,131,1.9195732238480314,0.3893129770992366,32,21,51,27,132,0,131,0.3969465648854962,0.15267175572519084
61576080110321,56,2,1,it,1,italy,1,28,28,160,160,151,1.9887372411387794,0.304635761589404,34,35,36,46,159,1,151,0.3708609271523179,0.17218543046357615
61576080110322,46,2,1,hi,1,india,1,22,24,128,128,127,1.950520728012569,0.3543307086614173,45,32,28,22,127,1,127,0.3858267716535433,0.2204724409448819
61576080110323,4,2,1,hi,1,india,1,4,0,12,12,5,1.9219280948873623,0.4,1,2,1,1,12,0,5,0.2,0.2
61576080110324,46,2,1,hi,1,india,1,22,24,128,128,126,1.900183681247545,0.373015873015873,47,33,15,31,127,1,126,0.4126984126984127,0.16666666666666666
61576080110325,48,2,1,en,1,india,1,24,24,132,132,126,1.8403388491108685,0.4126984126984127,52,38,22,14,132,0,126,0.40476190476190477,0.12698412698412698
61576080110326,39,2,1,en,1,india,1,15,24,96,96,96,1.9603460934752277,0.3020833333333333,27,29,25,15,95,1,96,0.3229166666666667,0.2708333333333333
61576080110327,18,2,1,pt,1,brazil,1,10,8,40,40,40,1.9261207468426806,0.35,14,12,6,8,40,0,40,0.1,0.35
61576080110328,55,2,1,it,1,italy,1,28,27,157,157,157,1.9646479119348474,0.33121019108280253,52,41,28,36,157,0,157,0.24203821656050956,0.27388535031847133
61576080110329,60,2,1,pt,1,brazil,1,24,36,168,167,162,1.9943095133377602,0.2777777777777778,41,41,45,35,168,0,162,0.2839506172839506,0.2345679012345679
61576080110330,60,2,1,pt,1,brazil,1,28,32,170,170,161,1.9775732492377383,0.3167701863354037,36,42,32,51,168,2,161,0.453416149068323,0.09937888198757763
61576080110331,52,2,1,pt,1,brazil,1,27,25,143,143,135,1.973511559860432,0.3333333333333333,28,32,30,45,143,0,135,0.48148148148148145,0.1259259259259259
61576080110332,31,2,1,fr,1,france,1,19,12,70,70,68,1.9702740376851047,0.3088235294117647,12,16,19,21,70,0,68,0.3088235294117647,0.16176470588235295
61576080110333,69,2,1,fr,1,france,1,30,39,204,204,204,1.8355663611969892,0.45588235294117646,93,48,36,27,204,0,204,0.24019607843137256,0.30392156862745096
61576080110334,56,2,1,it,1,italy,1,28,28,160,159,156,1.963512348221823,0.3076923076923077,48,33,28,47,160,0,156,0.391025641025641,0.1858974358974359
61576080110335,48,2,1,hi,1,india,1,24,24,132,132,132,1.9769233970500821,0.30303030303030304,35,40,24,33,131,1,132,0.5075757575757576,0.030303030303030304
61576080110336,48,2,1,pt,1,brazil,1,21,27,129,129,124,1.9885698998683454,0.29838709677419356,37,28,27,32,129,0,124,0.3387096774193548,0.20161290322580644
61576080110337,37,2,1,hi,1,india,1,20,17,100,100,94,1.9747309060006717,0.30851063829787234,29,25,17,23,100,0,94,0.4574468085106383,0.19148936170212766
61576080110338,41,2,1,it,1,italy,1,18,23,104,104,101,1.9696226401420165,0.33663366336633666,34,21,21,25,104,0,101,0.25742574257425743,0.2376237623762376
61576080110339,56,2,1,en,1,united states,1,30,26,154,154,148,1.9120371350635448,0.3716216216216216,55,43,22,28,151,3,148,0.34459459459459457,0.19594594594594594
61576080110340,46,2,1,hi,1,india,1,22,24,126,124,118,1.9680039689790334,0.3135593220338983,37,34,25,22,126,0,118,0.2627118644067797,0.2542372881355932
61576080110341,36,2,1,en,1,india,1,24,12,90,90,86,1.9717382019365561,0.3372093023255814,29,19,18,20,90,0,86,0.37209302325581395,0.23255813953488372
61576080110342,63,2,1,fr,1,france,1,30,33,186,186,181,1.9935013031400688,0.287292817679558,40,44,45,52,186,0,181,0.36464088397790057,0.16574585635359115
61576080110343,47,2,1,fr,1,france,1,24,23,128,128,128,1.9946510497250671,0.2734375,35,34,28,31,128,0,128,0.3125,0.1875
61576080110344,56,2,1,it,1,italy,1,28,28,160,160,156,1.9798860457443612,0.3076923076923077,48,42,35,31,159,1,156,0.23076923076923078,0.3717948717948718
61576080110345,48,2,1,pt,1,brazil,1,24,24,132,132,130,1.9273974457235226,0.3769230769230769,49,30,20,31,132,0,130,0.3923076923076923,0.2076923076923077
61576080110346,46,2,1,hi,1,india,1,22,24,128,128,126,1.9463371476219467,0.3412698412698413,43,28,20,35,126,2,126,0.42063492063492064,0.15873015873015872
61576080110347,48,2,1,hi,1,india,1,24,24,132,132,131,1.9182445053038757,0.3435114503816794,45,42,20,24,132,0,131,0.366412213740458,0.15267175572519084
61576080110348,48,2,1,hi,1,india,1,24,24,132,132,123,1.9887257843240636,0.2845528455284553,35,34,26,28,132,0,123,0.43089430894308944,0.18699186991869918
61576080110349,45,2,1,hi,1,india,1,21,24,125,125,121,1.8747535325532247,0.4380165289256198,53,26,20,22,125,0,121,0.2892561983471074,0.19008264462809918
61576080110350,48,2,1,hi,1,india,1,24,24,132,132,119,1.9946614870195034,0.2857142857142857,34,29,29,27,132,0,119,0.42016806722689076,0.11764705882352941
61576080110351,48,2,1,fr,1,france,1,24,24,132,132,130,1.998136407060077,0.2692307692307692,31,35,33,31,131,1,130,0.33076923076923076,0.23076923076923078
61576080110352,33,2,1,en,1,india,1,21,12,78,78,77,1.9467248777911472,0.3246753246753247,25,23,17,12,78,0,77,0.4675324675324675,0.24675324675324675
61576080110353,54,2,1,fr,1,france,1,28,26,150,150,145,1.9568097399262556,0.3586206896551724,33,31,29,52,149,1,145,0.4689655172413793,0.1310344827586207
61576080110354,35,2,1,en,1,india,1,24,11,104,104,103,1.9690077439920244,0.3300970873786408,34,27,20,22,104,0,103,0.3883495145631068,0.1262135922330097
61576080110355,32,2,1,en,1,india,1,18,14,76,76,75,1.9638394687391103,0.3466666666666667,26,18,15,16,76,0,75,0.36,0.24
61576080110356,27,2,1,fr,1,france,1,12,15,54,54,54,1.9751190649408659,0.2962962962962963,16,16,11,11,53,1,54,0.35185185185185186,0.2037037037037037
61576080110357,17,2,1,hi,1,india,1,11,6,34,34,33,1.9480059536801493,0.36363636363636365,7,8,12,6,34,0,33,0.5151515151515151,0.12121212121212122
61576080110358,37,2,1,hi,1,india,1,20,17,93,92,92,1.9812716176396472,0.29347826086956524,27,21,26,18,92,1,92,0.3804347826086957,0.21739130434782608
61576080110359,34,2,1,en,1,united states,1,17,17,76,76,72,1.9128412449695493,0.3611111111111111,26,18,9,19,76,0,72,0.2777777777777778,0.20833333333333334
61576080110360,48,2,1,en,1,united states,1,19,29,122,120,116,1.8608352792693919,0.4396551724137931,51,28,19,18,122,0,116,0.3017241379310345,0.22413793103448276
61576080110361,56,2,1,it,1,italy,1,28,28,160,160,156,1.9922353966756294,0.28846153846153844,37,40,45,34,160,0,156,0.30128205128205127,0.26282051282051283
61576080110362,53,2,1,it,1,italy,1,26,27,150,149,141,1.9909174040865114,0.2907801418439716,36,41,34,30,150,0,141,0.2907801418439716,0.23404255319148937
61576080110363,28,2,1,fr,1,france,1,19,9,70,70,68,1.980773120823728,0.29411764705882354,13,19,16,20,70,0,68,0.4852941176470588,0.08823529411764706
61576080110364,37,2,1,en,1,united states,1,4,33,112,112,110,1.9892251088003023,0.2909090909090909,29,26,23,32,112,0,110,0.34545454545454546,0.22727272727272727
61576080110365,48,2,1,en,1,india,1,24,24,132,132,132,1.9768330217913368,0.32575757575757575,43,30,27,32,132,0,132,0.4393939393939394,0.14393939393939395
61576080110366,56,2,1,it,1,italy,1,28,28,160,160,156,1.9817501238152004,0.2948717948717949,43,37,30,46,160,0,156,0.1858974358974359,0.3269230769230769
61576080110367,48,2,1,pt,1,brazil,1,24,24,132,132,122,1.9095445067048584,0.36065573770491804,44,38,21,19,132,0,122,0.2459016393442623,0.2786885245901639
61576080110368,63,2,1,pt,1,brazil,1,28,35,181,181,168,1.979319707289042,0.2976190476190476,42,31,45,50,181,0,168,0.39285714285714285,0.18452380952380953
61576080110369,48,2,1,hi,1,india,1,24,24,132,131,121,1.9231434725666283,0.3884297520661157,47,29,25,20,131,1,121,0.2892561983471074,0.30578512396694213
61576080110370,56,2,1,it,1,italy,1,28,28,160,160,158,1.9994219631687495,0.25949367088607594,38,40,39,41,160,0,158,0.47468354430379744,0.08860759493670886
61576080110371,48,2,1,pt,1,brazil,1,24,24,132,132,130,1.8263563482267475,0.46923076923076923,61,28,23,18,131,1,130,0.16153846153846155,0.34615384615384615
61576080110372,26,2,1,en,1,united states,1,13,13,57,57,57,1.8785774399344877,0.42105263157894735,24,11,8,14,56,1,57,0.2807017543859649,0.15789473684210525
61576080110373,46,2,1,pt,1,brazil,1,24,22,124,124,122,1.9787326350505576,0.30327868852459017,34,27,37,24,123,1,122,0.38524590163934425,0.26229508196721313
61576080110374,48,2,1,it,1,italy,1,23,25,132,132,130,1.9777437476859034,0.3153846153846154,33,25,31,41,131,1,130,0.49230769230769234,0.18461538461538463
61576080110375,27,2,1,hi,1,india,1,14,13,58,58,53,1.9330647743448495,0.37735849056603776,20,13,11,9,58,0,53,0.49056603773584906,0.09433962264150944
61576080110376,5,2,1,en,1,india,1,5,0,10,10,10,1.7219280948873623,0.4,4,1,1,4,10,0,10,0.6,0.1
61576080110377,16,2,1,fr,1,france,1,0,16,34,34,34,1.9295622371662047,0.3235294117647059,7,5,11,11,34,0,34,0.35294117647058826,0.08823529411764706
61576080110378,49,2,1,fr,1,france,1,25,24,136,136,128,1.9679069403872957,0.3203125,23,29,41,35,136,0,128,0.375,0.1015625
61576080110379,48,2,1,pt,1,brazil,1,24,24,132,132,123,1.95595375113016,0.35772357723577236,26,24,29,44,132,0,123,0.44715447154471544,0.11382113821138211
61576080110380,54,2,1,it,1,italy,1,28,26,153,153,149,1.9851106452314065,0.2953020134228188,41,32,32,44,153,0,149,0.28187919463087246,0.2483221476510067
61576080110381,47,2,1,pt,1,brazil,1,24,23,130,130,127,1.980699113916507,0.2992125984251969,34,24,31,38,130,0,127,0.3543307086614173,0.15748031496062992
61576080110382,25,2,1,pt,1,brazil,1,19,6,63,63,56,1.9759233842911772,0.30357142857142855,12,16,17,11,63,0,56,0.17857142857142858,0.26785714285714285
61576080110383,51,2,1,en,1,united states,1,26,25,146,146,145,1.9623539047071832,0.35172413793103446,51,33,31,30,146,0,145,0.3931034482758621,0.18620689655172415
61576080110384,31,2,1,en,1,united states,1,15,16,75,75,74,1.9953610111487743,0.28378378378378377,21,17,18,18,75,0,74,0.35135135135135137,0.14864864864864866
61576080110385,48,2,1,hi,1,india,1,24,24,123,119,110,1.9155402562412875,0.39090909090909093,43,27,23,17,122,1,110,0.3090909090909091,0.23636363636363636
61576080110386,42,2,1,en,1,india,1,22,20,108,108,106,1.968703427213565,0.330188679245283,35,21,22,28,107,1,106,0.41509433962264153,0.14150943396226415
61576080110387,47,2,1,en,1,india,1,24,23,130,130,123,1.896450556436531,0.42276422764227645,52,24,25,22,129,1,123,0.3333333333333333,0.23577235772357724
61576080110388,43,2,1,it,1,italy,1,24,19,113,113,110,1.996895868173294,0.2727272727272727,30,25,28,27,113,0,110,0.33636363636363636,0.19090909090909092
61576080110389,26,2,1,hi,1,india,1,10,16,64,60,60,1.8858519524146837,0.3333333333333333,19,20,6,15,64,0,60,0.4166666666666667,0.16666666666666666
61576080110390,10,2,1,en,1,india,1,10,0,22,22,22,1.8910910066364837,0.4090909090909091,5,9,3,5,22,0,22,0.36363636363636365,0.09090909090909091
61576080110391,47,2,1,hi,1,india,1,24,23,130,129,128,1.96661908051718,0.3359375,43,27,33,25,130,0,128,0.359375,0.1875
61576080110392,33,2,1,en,1,india,1,20,13,83,83,83,1.9937547021536635,0.27710843373493976,22,23,18,20,83,0,83,0.40963855421686746,0.14457831325301204
61576080110393,48,2,1,pt,1,brazil,1,24,24,132,130,124,1.9491311563309894,0.31451612903225806,39,18,34,33,132,0,124,0.3467741935483871,0.20967741935483872
61576080110394,48,2,1,fr,1,france,1,24,24,132,132,127,1.9871243809931631,0.30708661417322836,28,31,29,39,132,0,127,0.2992125984251969,0.18110236220472442
61576080110395,43,2,1,en,1,india,1,19,24,112,110,110,1.9342363739428343,0.34545454545454546,38,33,18,21,112,0,110,0.38181818181818183,0.16363636363636364
61576080110396,47,2,1,it,1,italy,1,23,24,128,128,124,1.9741520707589668,0.31451612903225806,24,27,34,39,126,2,124,0.5,0.07258064516129033
61576080110397,56,2,1,it,1,italy,1,28,28,160,160,153,1.918908954714074,0.39869281045751637,61,28,35,29,159,1,153,0.1895424836601307,0.37254901960784315
61576080110398,30,2,1,hi,1,india,1,18,12,88,88,85,1.9762877302935853,0.32941176470588235,28,19,20,18,87,1,85,0.3411764705882353,0.18823529411764706
61576080110399,17,2,1,fr,1,france,1,12,5,34,34,34,1.9774178175281718,0.29411764705882354,10,7,7,10,34,0,34,0.14705882352941177,0.2647058823529412
61576080110400,37,2,1,hi,1,india,1,14,23,110,110,107,1.9629027810811088,0.3177570093457944,34,31,19,23,110,0,107,0.4766355140186916,0.102803738317757
61576080110401,35,2,1,en,1,india,1,20,15,86,86,82,1.9126910582392602,0.4024390243902439,33,16,19,14,86,0,82,0.36585365853658536,0.18292682926829268
61576080110402,37,2,1,pt,1,brazil,1,13,24,110,110,110,1.995941494042917,0.2727272727272727,25,30,29,26,110,0,110,0.2818181818181818,0.20909090909090908
61576080110403,59,2,1,fr,1,france,1,24,35,164,164,164,1.982231287736656,0.2865853658536585,47,32,47,38,164,0,164,0.35365853658536583,0.23780487804878048
61576080110404,50,2,1,pt,1,brazil,1,24,26,140,138,135,1.9885059366475129,0.2962962962962963,40,34,28,33,140,0,135,0.37777777777777777,0.13333333333333333
61576080110405,46,2,1,fr,1,france,1,24,22,124,123,116,1.9488486346586915,0.3103448275862069,34,36,17,29,123,1,116,0.4396551724137931,0.19827586206896552
61576080110406,45,2,1,en,1,india,1,24,21,120,120,117,1.94205521161799,0.3418803418803419,40,26,18,33,119,1,117,0.38461538461538464,0.13675213675213677
61576080110407,48,2,1,en,1,india,1,24,24,132,132,132,1.996099030638102,0.2803030303030303,37,33,31,31,131,1,132,0.4621212121212121,0.16666666666666666
61576080110408,45,2,1,hi,1,india,1,22,23,124,124,124,1.9434374120514228,0.3629032258064516,45,31,27,21,124,0,124,0.43548387096774194,0.12096774193548387
61576080110409,28,2,1,fr,1,france,1,15,13,60,60,59,1.9846002039796424,0.3050847457627119,14,12,15,18,60,0,59,0.4406779661016949,0.13559322033898305
61576080110410,68,2,1,pt,1,brazil,1,32,36,196,196,186,1.974368422294817,0.3172043010752688,43,35,49,59,196,0,186,0.489247311827957,0.12903225806451613
61576080110411,54,2,1,pt,1,brazil,1,25,29,155,155,148,1.993175382764277,0.2702702702702703,38,31,39,40,152,3,148,0.4189189189189189,0.12162162162162163
61576080110412,36,2,1,en,1,india,1,12,24,90,90,88,1.8855184618022829,0.36363636363636365,32,29,12,15,90,0,88,0.4090909090909091,0.17045454545454544
61576080110413,48,2,1,hi,1,india,1,24,24,132,130,128,1.9772734408632369,0.2890625,36,32,23,37,132,0,128,0.4609375,0.0859375
61576080110414,48,2,1,en,1,india,1,24,24,132,132,128,1.9399255767584023,0.328125,40,42,25,21,132,0,128,0.265625,0.2734375
61576080110415,40,2,1,hi,1,india,1,19,21,115,115,114,1.9537804372999596,0.30701754385964913,35,32,17,30,114,1,114,0.3508771929824561,0.11403508771929824
61576080110416,58,2,1,en,1,united states,1,33,25,170,170,161,1.9347835716167672,0.34782608695652173,48,29,28,56,168,2,161,0.30434782608695654,0.2360248447204969
61576080110417,56,2,1,it,1,italy,1,28,28,160,160,156,1.9936276736418663,0.28205128205128205,41,35,44,36,159,1,156,0.42948717948717946,0.17307692307692307
61576080110418,36,2,1,en,1,india,1,18,18,95,95,93,1.9744354768316343,0.27956989247311825,25,26,16,26,95,0,93,0.41935483870967744,0.1827956989247312
61576080110419,37,2,1,hi,1,india,1,13,24,110,110,109,1.8955491492722705,0.3486238532110092,33,38,26,12,110,0,109,0.3486238532110092,0.22018348623853212
61576080110420,51,2,1,pt,1,brazil,1,28,23,146,146,131,1.990034763358734,0.29770992366412213,39,30,29,33,146,0,131,0.3435114503816794,0.183206106870229
61576080110421,53,2,1,it,1,italy,1,27,26,148,148,143,1.9597364403398951,0.32867132867132864,31,25,40,47,147,1,143,0.46153846153846156,0.15384615384615385
61576080110422,42,2,1,en,1,united states,1,16,26,106,106,106,1.9148287189762705,0.33962264150943394,35,36,18,17,106,0,106,0.3113207547169811,0.20754716981132076
61576080110423,52,2,1,pt,1,brazil,1,24,28,148,148,146,1.9234860618266527,0.363013698630137,20,37,36,53,143,5,146,0.5342465753424658,0.07534246575342465
61576080110424,33,2,1,pt,1,brazil,1,19,14,91,91,91,1.9426857756109097,0.31868131868131866,15,18,29,29,91,0,91,0.4065934065934066,0.10989010989010989
61576080110425,48,2,1,fr,1,france,1,24,24,131,130,129,1.985120010808894,0.3023255813953488,34,29,39,27,131,0,129,0.2868217054263566,0.20930232558139536
61576080110426,47,2,1,pt,1,brazil,1,24,23,130,130,128,1.9911583040102752,0.2890625,37,32,27,32,128,2,128,0.296875,0.234375
61576080110427,46,2,1,it,1,italy,1,22,24,124,124,118,1.9981050500659268,0.2627118644067797,31,30,30,27,124,0,118,0.4406779661016949,0.1694915254237288
61576080110428,50,2,1,it,1,italy,1,25,25,137,137,127,1.9452833290374032,0.33070866141732286,36,30,42,19,136,1,127,0.2755905511811024,0.33858267716535434
61576080110429,54,2,1,fr,1,france,1,30,24,156,155,155,1.9960842627468312,0.27741935483870966,39,43,38,35,156,0,155,0.34838709677419355,0.17419354838709677
61576080110430,45,2,1,fr,1,france,1,21,24,120,120,120,1.9919647031769114,0.2833333333333333,34,32,28,26,120,0,120,0.2916666666666667,0.15
61576080110431,45,2,1,fr,1,france,1,21,24,121,121,120,1.9683893897413363,0.325,22,27,32,39,121,0,120,0.425,0.125
61576080110432,61,2,1,pt,1,brazil,1,29,32,178,177,177,1.9899274545865022,0.2994350282485876,40,44,40,53,176,2,177,0.3785310734463277,0.1638418079096045
61576080110433,51,2,1,en,1,united states,1,27,24,137,137,135,1.9723805024969947,0.3111111111111111,42,36,33,24,137,0,135,0.28888888888888886,0.2074074074074074
61576080110434,25,2,1,en,1,india,1,15,10,64,64,57,1.8109839991197092,0.40350877192982454,23,15,15,4,64,0,57,0.40350877192982454,0.14035087719298245
61576080110435,46,2,1,hi,1,india,1,23,23,124,122,117,1.9638811148525943,0.3162393162393162,34,37,25,21,124,0,117,0.38461538461538464,0.17094017094017094
61576080110436,55,2,1,it,1,italy,1,27,28,157,157,149,1.9926210122484813,0.2684563758389262,38,40,40,31,157,0,149,0.40939597315436244,0.12751677852348994
61576080110437,45,2,1,en,1,india,1,24,21,122,122,121,1.9695522516757038,0.3140495867768595,38,32,30,21,122,0,121,0.35537190082644626,0.19834710743801653
61576080110438,53,2,1,pt,1,brazil,1,24,29,144,144,142,1.926867595493203,0.3732394366197183,28,38,23,53,144,0,142,0.5563380281690141,0.056338028169014086
61576080110439,60,2,1,pt,1,brazil,1,30,30,172,171,165,1.9834915250395997,0.3151515151515151,36,37,40,52,172,0,165,0.45454545454545453,0.13333333333333333
61576080110440,55,2,1,pt,1,brazil,1,28,27,160,160,152,1.996787662200762,0.27631578947368424,42,38,37,35,155,5,152,0.23684210526315788,0.19736842105263158
61576080110441,39,2,1,fr,1,france,1,17,22,97,97,97,1.9760399405149063,0.28865979381443296,28,17,26,26,97,0,97,0.27835051546391754,0.26804123711340205
61576080110442,18,2,1,pt,1,brazil,1,14,4,43,43,41,1.9642528254842282,0.3170731707317073,8,13,8,12,43,0,41,0.2682926829268293,0.17073170731707318
61576080110443,48,2,1,it,1,italy,1,24,24,132,132,131,1.9850394360846373,0.3053435114503817,28,29,34,40,132,0,131,0.46564885496183206,0.1297709923664122
61576080110444,45,2,1,fr,1,france,1,21,24,120,120,119,1.965443484726708,0.33613445378151263,25,23,31,40,120,0,119,0.3949579831932773,0.17647058823529413
61576080110445,43,2,1,en,1,india,1,19,24,112,112,112,1.9766212957073799,0.32142857142857145,36,28,26,22,111,1,112,0.38392857142857145,0.1875
61576080110446,50,2,1,fr,1,france,1,24,26,140,140,135,1.9966477443414667,0.26666666666666666,36,30,35,34,138,2,135,0.37777777777777777,0.1111111111111111
61576080110447,45,2,1,hi,1,india,1,21,24,122,119,114,1.948872321285281,0.34210526315789475,39,30,27,18,122,0,114,0.4473684210526316,0.12280701754385964
61576080110448,7,2,1,en,1,united states,1,5,2,14,14,14,1.924174352300441,0.35714285714285715,5,2,4,3,14,0,14,0.42857142857142855,0.21428571428571427
61576080110449,48,2,1,hi,1,india,1,24,24,132,131,131,1.9568435676438583,0.32061068702290074,42,39,23,27,132,0,131,0.42748091603053434,0.12213740458015267
61576080110450,41,2,1,pt,1,brazil,1,21,20,109,109,107,1.9867507373814006,0.308411214953271,33,24,26,24,109,0,107,0.27102803738317754,0.29906542056074764
61576080110451,21,2,1,fr,1,france,1,0,21,57,57,56,1.9807543380168202,0.32142857142857145,12,13,13,18,57,0,56,0.35714285714285715,0.21428571428571427
61576080110452,49,2,1,en,1,united states,1,24,25,134,134,132,1.9375022494314433,0.3712121212121212,49,29,32,22,134,0,132,0.2803030303030303,0.19696969696969696
61576080110453,47,2,1,hi,1,india,1,23,24,130,130,126,1.9817735016883975,0.30952380952380953,39,25,32,30,128,2,126,0.38095238095238093,0.16666666666666666
61576080110454,42,2,1,en,1,india,1,21,21,111,111,111,1.970407050856653,0.2972972972972973,33,33,25,20,111,0,111,0.42342342342342343,0.1891891891891892
61576080110455,54,2,1,pt,1,brazil,1,24,30,149,149,133,1.9779821157509387,0.3082706766917293,41,25,32,35,149,0,133,0.20300751879699247,0.21052631578947367
61576080110456,54,2,1,it,1,italy,1,28,26,151,150,149,1.9910814293152375,0.28859060402684567,39,32,43,35,151,0,149,0.28187919463087246,0.2550335570469799
61576080110457,48,2,1,en,1,india,1,24,24,132,132,130,1.9111510639288127,0.38461538461538464,50,30,32,18,132,0,130,0.4153846153846154,0.16153846153846155
61576080110458,46,2,1,pt,1,brazil,1,24,22,128,128,126,1.9195167591997224,0.3968253968253968,50,29,25,22,128,0,126,0.23015873015873015,0.4126984126984127
61576080110459,26,2,1,hi,1,india,1,12,14,75,14,14,1.924174352300441,0.35714285714285715,4,2,3,5,50,25,14,0.7857142857142857,0.07142857142857142
61576080110460,44,2,1,pt,1,brazil,1,20,24,116,116,115,1.891483843433335,0.40869565217391307,24,28,16,47,116,0,115,0.4434782608695652,0.11304347826086956
61576080110461,58,2,1,en,1,united states,1,28,30,168,168,166,1.92722344527131,0.37349397590361444,62,38,25,41,168,0,166,0.4578313253012048,0.16265060240963855
61576080110462,6,2,1,en,1,united states,1,6,0,12,12,12,1.9591479170272446,0.3333333333333333,4,3,2,3,12,0,12,0.3333333333333333,0.25
61576080110463,45,2,1,pt,1,brazil,1,21,24,120,120,120,1.9557369090641843,0.35,42,31,23,24,119,1,120,0.2,0.4666666666666667
61576080110464,42,2,1,en,1,india,1,18,24,114,114,110,1.997816720449264,0.2636363636363636,29,25,28,28,114,0,110,0.32727272727272727,0.2818181818181818
61576080110465,52,2,1,it,1,italy,1,25,27,147,147,145,1.985798530905602,0.2827586206896552,41,28,39,37,147,0,145,0.3310344827586207,0.16551724137931034
61576080110466,43,2,1,it,1,italy,1,18,25,116,116,112,1.9711660379781377,0.3392857142857143,24,25,25,38,116,0,112,0.4017857142857143,0.10714285714285714
61576080110467,52,2,1,it,1,italy,1,24,28,148,148,148,1.983249614462051,0.31756756756756754,34,34,33,47,147,1,148,0.4527027027027027,0.23648648648648649
61576080110468,46,2,1,hi,1,india,1,23,23,127,127,125,1.9795876454079355,0.32,31,40,26,28,127,0,125,0.408,0.08
61576080110469,46,2,1,hi,1,india,1,23,23,126,126,118,1.9672877077078261,0.3389830508474576,40,26,29,23,126,0,118,0.3644067796610169,0.1271186440677966
61576080110470,45,2,1,en,1,united states,1,21,24,116,116,115,1.9640622155840974,0.3217391304347826,37,33,22,23,116,0,115,0.391304347826087,0.1565217391304348
61576080110471,48,2,1,fr,1,france,1,24,24,132,131,127,1.9660694825600333,0.33070866141732286,27,24,34,42,131,1,127,0.4566929133858268,0.13385826771653545
61576080110472,48,2,1,pt,1,brazil,1,24,24,132,131,129,1.980075161619497,0.31007751937984496,31,40,33,25,126,6,129,0.4186046511627907,0.12403100775193798
61576080110473,51,2,1,pt,1,brazil,1,24,27,138,138,137,1.9347748670120049,0.3795620437956204,25,33,27,52,138,0,137,0.5109489051094891,0.08759124087591241
61576080110474,36,2,1,en,1,india,1,12,24,90,90,90,1.9692878801293254,0.32222222222222224,23,29,22,16,90,0,90,0.26666666666666666,0.18888888888888888
61576080110475,21,2,1,en,1,india,1,21,0,54,54,53,1.8990624728704248,0.3584905660377358,19,6,13,15,53,1,53,0.4528301886792453,0.09433962264150944
61576080110476,40,2,1,hi,1,india,1,22,18,100,100,91,1.9436437753716433,0.37362637362637363,34,20,20,17,100,0,91,0.37362637362637363,0.13186813186813187
61576080110477,47,2,1,pt,1,brazil,1,24,23,128,128,124,1.9922119063498946,0.2903225806451613,30,31,36,27,128,0,124,0.3709677419354839,0.1774193548387097
61576080110478,56,2,1,pt,1,brazil,1,24,32,152,152,146,1.9665995648481212,0.3287671232876712,27,39,48,32,152,0,146,0.4863013698630137,0.14383561643835616
61576080110479,40,2,1,en,1,united states,1,17,23,92,91,85,1.9745450096919355,0.32941176470588235,28,21,18,18,92,0,85,0.36470588235294116,0.24705882352941178
61576080110480,47,2,1,en,1,india,1,23,24,128,128,127,1.984729643848683,0.30708661417322836,31,39,31,26,128,0,127,0.3700787401574803,0.12598425196850394
61576080110481,30,2,1,fr,1,france,1,14,16,66,66,63,1.9775861861497872,0.30158730158730157,18,13,19,13,66,0,63,0.31746031746031744,0.2222222222222222
61576080110482,31,2,1,fr,1,france,1,17,14,76,76,75,1.9461746685002013,0.36,19,16,13,27,76,0,75,0.44,0.17333333333333334
61576080110483,54,2,1,pt,1,brazil,1,31,23,155,155,152,1.9797499607683073,0.3223684210526316,35,32,36,49,155,0,152,0.47368421052631576,0.13815789473684212
61576080110484,47,2,1,en,1,india,1,23,24,127,126,124,1.889864381225085,0.3870967741935484,48,37,20,19,127,0,124,0.3064516129032258,0.24193548387096775
61576080110485,11,2,1,hi,1,india,1,11,0,22,22,21,1.938708497286834,0.3333333333333333,5,6,7,3,22,0,21,0.2857142857142857,0.2857142857142857
61576080110486,50,2,1,it,1,italy,1,25,25,140,140,131,1.9761852114546066,0.3282442748091603,31,30,27,43,140,0,131,0.37404580152671757,0.183206106870229
61576080110487,46,2,1,en,1,india,1,24,22,126,125,125,1.9440904365444642,0.344,43,30,33,19,125,1,125,0.32,0.264
61576080110488,41,2,1,fr,1,france,1,24,17,104,104,102,1.9462018260043918,0.37254901960784315,38,20,22,22,104,0,102,0.3235294117647059,0.3431372549019608
61576080110489,30,2,1,en,1,united states,1,20,10,66,65,63,1.968372228328261,0.3333333333333333,16,14,12,21,66,0,63,0.30158730158730157,0.2222222222222222
61576080110490,46,2,1,hi,1,india,1,24,22,126,126,126,1.959691515422491,0.3492063492063492,44,24,27,31,126,0,126,0.4126984126984127,0.18253968253968253
61576080110491,34,2,1,pt,1,brazil,1,20,14,90,90,89,1.9880961574590774,0.29213483146067415,24,20,26,19,90,0,89,0.24719101123595505,0.34831460674157305
61576080110492,35,2,1,pt,1,brazil,1,22,13,88,88,87,1.995794434422622,0.26436781609195403,22,23,23,19,87,1,87,0.3333333333333333,0.27586206896551724
61576080110493,29,2,1,fr,1,france,1,2,27,75,75,75,1.9655919540102567,0.30666666666666664,22,23,13,17,75,0,75,0.32,0.26666666666666666
61576080110494,55,2,1,pt,1,brazil,1,27,28,157,157,149,1.9768667012116268,0.31543624161073824,31,31,40,47,157,0,149,0.436241610738255,0.10067114093959731
61576080110495,20,2,1,en,1,united states,1,5,15,43,43,43,1.95665349142914,0.32558139534883723,14,7,12,10,43,0,43,0.3023255813953488,0.3023255813953488
61576080110496,41,2,1,it,1,italy,1,27,14,110,109,107,1.9312819247116821,0.3364485981308411,16,22,36,33,110,0,107,0.4766355140186916,0.11214953271028037
61576080110497,56,2,1,it,1,italy,1,28,28,160,160,160,1.9736311161762319,0.31875,30,42,37,51,159,1,160,0.48125,0.15625
61576080110498,48,2,1,en,1,india,1,24,24,132,132,131,1.9716099251737642,0.3282442748091603,43,25,30,33,132,0,131,0.3511450381679389,0.21374045801526717
61576080110499,45,2,1,en,1,india,1,23,22,126,126,125,1.9856712683322932,0.304,32,26,38,29,126,0,125,0.376,0.216
61576080110500,39,2,1,hi,1,india,1,18,21,106,106,104,1.852878499682586,0.4519230769230769,47,21,21,15,106,0,104,0.2403846153846154,0.22115384615384615
61576080110501,48,2,1,pt,1,brazil,1,24,24,132,132,128,1.9897485034574072,0.2890625,27,30,34,37,131,1,128,0.3515625,0.15625
61576080110502,13,2,1,hi,1,india,1,10,3,26,26,26,1.9431095461522085,0.34615384615384615,9,6,7,4,26,0,26,0.3076923076923077,0.19230769230769232
61576080110503,47,2,1,hi,1,india,1,23,24,130,128,123,1.912336342105041,0.34146341463414637,42,37,29,15,130,0,123,0.3902439024390244,0.10569105691056911
61576080110504,48,2,1,fr,1,france,1,24,24,132,132,131,1.9655045706087277,0.3435114503816794,45,27,32,27,131,1,131,0.3969465648854962,0.31297709923664124
61576080110505,36,2,1,en,1,india,1,12,24,90,90,90,1.9724897668749513,0.3333333333333333,30,21,18,21,90,0,90,0.34444444444444444,0.23333333333333334
61576080110506,56,2,1,it,1,italy,1,28,28,160,160,157,1.9710121015191984,0.3184713375796178,40,50,28,39,159,1,157,0.2611464968152866,0.25477707006369427
61576080110507,33,2,1,fr,1,france,1,14,19,81,81,80,1.9938060990317585,0.2875,23,20,18,19,81,0,80,0.35,0.2625
61576080110508,45,2,1,hi,1,india,1,23,22,122,122,119,1.9586509362474653,0.33613445378151263,40,29,30,20,122,0,119,0.33613445378151263,0.14285714285714285
61576080110509,48,2,1,en,1,united states,1,24,24,132,132,127,1.966567919735311,0.3464566929133858,44,28,27,28,132,0,127,0.3937007874015748,0.14173228346456693
61576080110510,47,2,1,hi,1,india,1,23,24,130,130,126,1.986215226470458,0.30158730158730157,38,28,33,27,130,0,126,0.4365079365079365,0.15873015873015872
61576080110511,44,2,1,fr,1,france,1,24,20,116,116,115,1.995362597959015,0.26956521739130435,25,30,31,29,115,1,115,0.23478260869565218,0.2608695652173913
61576080110512,46,2,1,hi,1,india,1,22,24,128,128,126,1.977849951761849,0.30158730158730157,38,33,32,23,128,0,126,0.5,0.16666666666666666
61576080110513,19,2,1,en,1,india,1,13,6,52,52,51,1.9433289425509135,0.35294117647058826,18,12,13,8,52,0,51,0.35294117647058826,0.23529411764705882
61576080110514,48,2,1,en,1,india,1,24,24,132,131,131,1.8962715094933658,0.40458015267175573,53,33,26,19,132,0,131,0.29770992366412213,0.29770992366412213
61576080110515,48,2,1,fr,1,france,1,24,24,132,131,125,1.9983719613059137,0.264,29,33,32,31,132,0,125,0.496,0.104
61576080110516,48,2,1,hi,1,india,1,24,24,132,132,131,1.982774525910369,0.2900763358778626,38,36,32,25,132,0,131,0.48854961832061067,0.11450381679389313
61576080110517,30,2,1,hi,1,india,1,13,17,81,81,61,1.985138010206439,0.29508196721311475,15,18,16,12,81,0,61,0.3770491803278688,0.22950819672131148
61576080110518,47,2,1,hi,1,india,1,23,24,130,130,123,1.9705831620272798,0.3333333333333333,41,26,31,25,128,2,123,0.37398373983739835,0.13008130081300814
61576080110519,56,2,1,it,1,italy,1,28,28,160,160,159,1.9962460887958169,0.27044025157232704,38,42,43,36,160,0,159,0.22012578616352202,0.27672955974842767
61576080110520,47,2,1,hi,1,india,1,23,24,130,129,120,1.9899561141799973,0.2833333333333333,26,33,34,27,130,0,120,0.5,0.08333333333333333
61576080110521,46,2,1,it,1,italy,1,18,28,122,122,121,1.9875222943499347,0.2892561983471074,35,28,25,33,122,0,121,0.33884297520661155,0.21487603305785125
61576080110522,11,2,1,hi,1,india,1,10,1,22,22,22,1.8031333505578768,0.45454545454545453,10,5,5,2,22,0,22,0.3181818181818182,0.13636363636363635
61576080110523,36,2,1,hi,1,india,1,21,15,87,87,85,1.7953568793403964,0.4823529411764706,41,19,15,10,87,0,85,0.17647058823529413,0.38823529411764707
61576080110524,48,2,1,pt,1,brazil,1,24,24,132,132,129,1.974169469614482,0.32558139534883723,42,30,25,32,132,0,129,0.34108527131782945,0.17054263565891473
61576080110525,43,2,1,pt,1,brazil,1,19,24,122,122,118,1.9695237432926431,0.3220338983050847,38,30,29,21,122,0,118,0.211864406779661,0.3813559322033898
61576080110526,47,2,1,pt,1,brazil,1,23,24,130,130,121,1.9674840410219239,0.33884297520661155,41,26,24,30,130,0,121,0.2975206611570248,0.2396694214876033
61576080110527,27,2,1,hi,1,india,1,5,22,70,70,70,1.919728081444847,0.34285714285714286,24,14,22,10,70,0,70,0.3142857142857143,0.14285714285714285
61576080110528,55,2,1,it,1,italy,1,27,28,158,157,149,1.9630451841574614,0.3288590604026846,27,41,49,32,156,2,149,0.33557046979865773,0.18791946308724833
61576080110529,48,2,1,en,1,india,1,24,24,132,132,131,1.9915669035197179,0.2900763358778626,38,34,30,29,132,0,131,0.40458015267175573,0.1297709923664122
61576080110530,48,2,1,fr,1,france,1,24,24,132,132,125,1.9888614842186925,0.304,38,29,30,28,130,2,125,0.304,0.28
61576080110531,48,2,1,pt,1,brazil,1,24,24,132,132,129,1.9257100486669665,0.34108527131782945,17,31,37,44,132,0,129,0.40310077519379844,0.12403100775193798
61576080110532,60,2,1,fr,1,france,1,29,31,171,170,169,1.973426260838131,0.3254437869822485,44,35,35,55,171,0,169,0.378698224852071,0.1893491124260355
61576080110533,55,2,1,it,1,italy,1,27,28,157,156,152,1.9958633089415598,0.28289473684210525,37,36,43,36,157,0,152,0.3618421052631579,0.1513157894736842
61576080110534,48,2,1,hi,1,india,1,24,24,132,132,131,1.967331020047531,0.31297709923664124,41,37,23,30,129,3,131,0.3969465648854962,0.1984732824427481
61576080110535,48,2,1,fr,1,france,1,24,24,132,132,123,1.9918204111843647,0.2764227642276423,27,28,34,34,131,1,123,0.4065040650406504,0.15447154471544716
61576080110536,75,2,1,fr,1,france,1,36,39,222,222,220,1.9762799873328887,0.2909090909090909,39,56,61,64,204,18,220,0.5045454545454545,0.05909090909090909
61576080110537,14,2,1,hi,1,india,1,14,0,30,30,30,1.8347715040483812,0.43333333333333335,7,13,7,3,30,0,30,0.2,0.2
61576080110538,50,2,1,en,1,united states,1,25,25,136,136,135,1.983577088437881,0.2962962962962963,40,35,26,34,135,1,135,0.37037037037037035,0.22962962962962963
61576080110539,48,2,1,en,1,india,1,24,24,132,132,132,1.9785701464162084,0.3181818181818182,42,32,26,32,132,0,132,0.2196969696969697,0.32575757575757575
61576080110540,56,2,1,it,1,italy,1,28,28,160,160,157,1.9956706358632084,0.27388535031847133,41,38,35,43,158,2,157,0.3248407643312102,0.21019108280254778
61576080110541,48,2,1,fr,1,france,1,24,24,132,132,130,1.9765077153688169,0.2923076923076923,23,38,34,35,132,0,130,0.4076923076923077,0.15384615384615385
61576080110542,31,2,1,fr,1,france,1,12,19,72,72,72,1.9923668874760434,0.2916666666666667,18,16,17,21,72,0,72,0.3055555555555556,0.19444444444444445
61576080110543,17,2,1,fr,1,france,1,17,0,40,40,38,1.8372240546908327,0.3684210526315789,12,9,3,14,40,0,38,0.4473684210526316,0.15789473684210525
61576080110544,35,2,1,en,1,india,1,13,22,88,88,86,1.9516441676174314,0.32558139534883723,26,16,28,16,88,0,86,0.3488372093023256,0.16279069767441862
61576080110545,49,2,1,pt,1,brazil,1,26,23,136,136,134,1.951730847769871,0.3582089552238806,48,24,32,30,136,0,134,0.3880597014925373,0.14925373134328357
61576080110546,25,2,1,hi,1,india,1,11,14,70,23,19,1.7142977509479211,0.47368421052631576,9,4,5,1,63,7,19,0.3157894736842105,0.05263157894736842
61576080110547,19,2,1,hi,1,india,1,17,2,51,48,44,1.96917603125421,0.3409090909090909,10,15,10,9,51,0,44,0.36363636363636365,0.06818181818181818
61576080110548,68,2,1,pt,1,brazil,1,32,36,197,197,190,1.9946899244944274,0.2736842105263158,52,49,48,41,194,3,190,0.29473684210526313,0.33157894736842103
61576080110549,31,2,1,en,1,india,1,14,17,70,70,68,1.9759010902877443,0.29411764705882354,15,13,20,20,70,0,68,0.4852941176470588,0.1323529411764706
61576080110550,3,2,1,hi,1,india,1,3,0,7,7,7,1.3787834934861753,0.5714285714285714,4,1,2,0,7,0,7,0.2857142857142857,0.42857142857142855
61576080110551,56,2,1,it,1,italy,1,28,28,160,160,153,1.9818464393387245,0.3137254901960784,31,48,37,37,160,0,153,0.23529411764705882,0.2222222222222222
61576080110552,47,2,1,hi,1,india,1,23,24,129,126,121,1.9488016036892402,0.3140495867768595,38,38,20,25,127,2,121,0.371900826446281,0.1652892561983471
61576080110553,46,2,1,hi,1,india,1,22,24,127,125,124,1.9611902331199627,0.3225806451612903,40,36,23,25,127,0,124,0.3387096774193548,0.13709677419354838
61576080110554,54,2,1,it,1,italy,1,28,26,152,152,151,1.9931778267211593,0.2781456953642384,39,42,32,38,152,0,151,0.2582781456953642,0.23178807947019867
61576080110555,10,2,1,en,1,india,1,10,0,22,22,22,1.7474594241169754,0.5,5,4,2,11,22,0,22,0.2727272727272727,0.36363636363636365
61576080110556,43,2,1,en,1,india,1,24,19,121,121,121,1.9913166712392094,0.2727272727272727,30,33,33,25,121,0,121,0.4132231404958678,0.14049586776859505
61576080110557,48,2,1,hi,1,india,1,24,24,132,132,132,1.9449445256068545,0.32575757575757575,43,41,25,23,132,0,132,0.36363636363636365,0.15151515151515152
61576080110558,44,2,1,hi,1,india,1,22,22,122,122,115,1.9815044085439695,0.30434782608695654,23,35,31,26,122,0,115,0.33043478260869563,0.14782608695652175
61576080110559,54,2,1,it,1,italy,1,28,26,152,151,146,1.9821500513855224,0.3013698630136986,44,37,37,28,149,3,146,0.1506849315068493,0.3561643835616438
61576080110560,26,2,1,hi,1,india,1,14,12,56,55,53,1.9308625471765353,0.32075471698113206,17,16,13,7,56,0,53,0.33962264150943394,0.1509433962264151
61576080110561,48,2,1,it,1,italy,1,24,24,132,132,129,1.9692922983354775,0.34108527131782945,27,44,28,30,132,0,129,0.27906976744186046,0.14728682170542637
61576080110562,53,2,1,fr,1,france,1,29,24,148,148,147,1.9196307018593108,0.3741496598639456,40,22,30,55,148,0,147,0.5238095238095238,0.10884353741496598
61576080110563,14,2,1,pt,1,brazil,1,10,4,29,29,29,1.750631548973961,0.5172413793103449,15,4,6,4,29,0,29,0.4827586206896552,0.10344827586206896
61576080110564,53,2,1,it,1,italy,1,28,25,150,150,146,1.969787266233595,0.3150684931506849,27,32,41,46,150,0,146,0.4794520547945205,0.0821917808219178
61576080110565,10,2,1,en,1,united states,1,10,0,20,20,19,1.9312952802328742,0.3684210526315789,5,7,4,3,20,0,19,0.21052631578947367,0.21052631578947367
61576080110566,17,2,1,en,1,united states,1,6,11,60,60,58,1.9387025847305992,0.3275862068965517,18,19,9,12,60,0,58,0.3620689655172414,0.1206896551724138
61576080110567,64,2,1,fr,1,france,1,28,36,187,187,176,1.9612107208331944,0.3522727272727273,36,37,62,41,185,2,176,0.5,0.13636363636363635
61576080110568,47,2,1,hi,1,india,1,24,23,130,130,129,1.980075161619497,0.31007751937984496,40,33,25,31,130,0,129,0.3643410852713178,0.17829457364341086
61576080110569,42,2,1,pt,1,brazil,1,22,20,108,108,106,1.9706439931777504,0.330188679245283,26,25,20,35,108,0,106,0.3867924528301887,0.14150943396226415
61576080110570,33,2,1,hi,1,india,1,12,21,77,76,72,1.9828824321900425,0.2916666666666667,20,17,21,14,76,1,72,0.3611111111111111,0.3055555555555556
61576080110571,55,2,1,it,1,italy,1,28,27,156,156,154,1.9703894198486223,0.33766233766233766,36,52,31,35,156,0,154,0.3181818181818182,0.2077922077922078
61576080110572,4,2,1,en,1,india,1,4,0,8,8,8,1.811278124459133,0.375,3,3,1,1,8,0,8,0.5,0.125
61576080110573,53,2,1,pt,1,brazil,1,28,25,152,152,145,1.997938052040952,0.2620689655172414,33,38,37,37,152,0,145,0.3724137931034483,0.10344827586206896
61576080110574,18,2,1,hi,1,india,1,18,0,42,42,41,1.8724070302827447,0.43902439024390244,18,7,7,9,42,0,41,0.34146341463414637,0.21951219512195122
61576080110575,43,2,1,hi,1,india,1,21,22,121,121,118,1.953093265346944,0.3474576271186441,41,27,20,30,121,0,118,0.3389830508474576,0.17796610169491525
61576080110576,50,2,1,it,1,italy,1,28,22,137,135,133,1.9874138542862778,0.3082706766917293,30,31,31,41,136,1,133,0.46616541353383456,0.11278195488721804
61576080110577,56,2,1,it,1,italy,1,28,28,160,160,153,1.9496870699816322,0.3464052287581699,53,25,40,35,158,2,153,0.3137254901960784,0.24836601307189543
