user_id,query_id,query_index,condition,requested_k,actual_k,n_support,true_choice,pred_choice,correct,p_true,elicited_nll,elicited_brier,input_tokens,output_tokens,p_A,p_B,p_C,p_D
668,937c08477fec222113ae0834d2191e4b29a2bb93,0,query_only,0,0,13,2,1,0,0.25,1.3862943611198906,0.77,524,49,0.25,0.35,0.25,0.15
668,937c08477fec222113ae0834d2191e4b29a2bb93,0,rag_1,1,1,13,2,1,0,0.25,1.3862943611198906,0.77,628,49,0.15,0.35,0.25,0.25
668,937c08477fec222113ae0834d2191e4b29a2bb93,0,rag_3,3,3,13,2,1,0,0.25,1.3862943611198906,0.785,847,49,0.15,0.4,0.25,0.2
668,937c08477fec222113ae0834d2191e4b29a2bb93,0,rag_5,5,5,13,2,1,0,0.25,1.3862943611198906,0.785,1045,49,0.15,0.4,0.25,0.2
668,937c08477fec222113ae0834d2191e4b29a2bb93,0,rag_10,10,10,13,2,1,0,0.25,1.3862943611198906,0.77,1795,49,0.15,0.35,0.25,0.25
668,937c08477fec222113ae0834d2191e4b29a2bb93,0,rag_all_support,-1,13,13,2,2,1,0.4,0.916290731874155,0.485,2150,49,0.15,0.25,0.4,0.2
590,5c928ee2c05277f7f6d48c548915a2f94068164e,5,query_only,0,0,15,0,0,1,0.7200000000000001,0.32850406697203594,0.10479999999999998,533,49,0.7200000000000001,0.08000000000000002,0.10000000000000002,0.10000000000000002
590,5c928ee2c05277f7f6d48c548915a2f94068164e,5,rag_1,1,1,15,0,0,1,0.58,0.5447271754416722,0.2358,692,49,0.58,0.12,0.15,0.15
590,5c928ee2c05277f7f6d48c548915a2f94068164e,5,rag_3,3,3,15,0,0,1,0.5800000000000001,0.5447271754416719,0.24479999999999996,1031,49,0.5800000000000001,0.06000000000000001,0.18000000000000002,0.18000000000000002
590,5c928ee2c05277f7f6d48c548915a2f94068164e,5,rag_5,5,5,15,0,0,1,0.6,0.5108256237659907,0.21500000000000002,1338,49,0.6,0.15,0.15,0.1
590,5c928ee2c05277f7f6d48c548915a2f94068164e,5,rag_10,10,10,15,0,0,1,0.55,0.5978370007556204,0.26999999999999996,1992,49,0.55,0.15,0.15,0.15
590,5c928ee2c05277f7f6d48c548915a2f94068164e,5,rag_all_support,-1,15,15,0,0,1,0.55,0.5978370007556204,0.26999999999999996,2506,49,0.55,0.15,0.15,0.15
59,74e90bd34b447a3fb5dbec4864125adcdaa51234,0,query_only,0,0,11,2,0,0,0.25,1.3862943611198906,0.815,540,49,0.4,0.3,0.25,0.05
59,74e90bd34b447a3fb5dbec4864125adcdaa51234,0,rag_1,1,1,11,2,0,0,0.25,1.3862943611198906,0.8099999999999999,658,49,0.35,0.35,0.25,0.05
59,74e90bd34b447a3fb5dbec4864125adcdaa51234,0,rag_3,3,3,11,2,1,0,0.28,1.2729656758128873,0.7136,940,49,0.28,0.32,0.28,0.12
59,74e90bd34b447a3fb5dbec4864125adcdaa51234,0,rag_5,5,5,11,2,0,0,0.30000000000000004,1.203972804325936,0.685,1136,49,0.35000000000000003,0.25000000000000006,0.30000000000000004,0.10000000000000002
59,74e90bd34b447a3fb5dbec4864125adcdaa51234,0,rag_10,10,10,11,2,1,0,0.31999999999999995,1.139434283188365,0.6496,1662,49,0.27999999999999997,0.31999999999999995,0.31999999999999995,0.07999999999999999
59,74e90bd34b447a3fb5dbec4864125adcdaa51234,0,rag_all_support,-1,11,11,2,0,0,0.31999999999999995,1.139434283188365,0.6546000000000001,1769,49,0.32999999999999996,0.27999999999999997,0.31999999999999995,0.06999999999999999
697,ecf87cce25368001fdfbdcdb33ebb8fbb4acf5d4,3,query_only,0,0,14,2,2,1,0.35000000000000003,1.0498221244986776,0.59,462,49,0.15000000000000002,0.15000000000000002,0.35000000000000003,0.35000000000000003
697,ecf87cce25368001fdfbdcdb33ebb8fbb4acf5d4,3,rag_1,1,1,14,2,2,1,0.4,0.916290731874155,0.495,572,49,0.15,0.15,0.4,0.3
697,ecf87cce25368001fdfbdcdb33ebb8fbb4acf5d4,3,rag_3,3,3,14,2,2,1,0.35000000000000003,1.0498221244986776,0.59,803,49,0.15000000000000002,0.15000000000000002,0.35000000000000003,0.35000000000000003
697,ecf87cce25368001fdfbdcdb33ebb8fbb4acf5d4,3,rag_5,5,5,14,2,2,1,0.4,0.916290731874155,0.495,1029,49,0.15,0.15,0.4,0.3
697,ecf87cce25368001fdfbdcdb33ebb8fbb4acf5d4,3,rag_10,10,10,14,2,2,1,0.45,0.7985076962177716,0.42500000000000004,1581,49,0.15,0.1,0.45,0.3
697,ecf87cce25368001fdfbdcdb33ebb8fbb4acf5d4,3,rag_all_support,-1,14,14,2,2,1,0.4,0.916290731874155,0.5149999999999999,2141,49,0.15,0.1,0.4,0.35
826,95a24967de94e28d4874984164aea28f4ceedc03,2,query_only,0,0,7,1,0,0,0.25,1.3862943611198906,0.75,453,49,0.25,0.25,0.25,0.25
826,95a24967de94e28d4874984164aea28f4ceedc03,2,rag_1,1,1,7,1,1,1,0.35,1.0498221244986778,0.5700000000000001,570,49,0.25,0.35,0.25,0.15
826,95a24967de94e28d4874984164aea28f4ceedc03,2,rag_3,3,3,7,1,1,1,0.3,1.2039728043259361,0.655,792,49,0.25,0.3,0.25,0.2
826,95a24967de94e28d4874984164aea28f4ceedc03,2,rag_5,5,5,7,1,1,1,0.35,1.0498221244986778,0.5700000000000001,987,49,0.25,0.35,0.25,0.15
826,95a24967de94e28d4874984164aea28f4ceedc03,2,rag_10,10,7,7,1,0,0,0.25,1.3862943611198906,0.75,1216,49,0.25,0.25,0.25,0.25
826,95a24967de94e28d4874984164aea28f4ceedc03,2,rag_all_support,-1,7,7,1,0,0,0.25,1.3862943611198906,0.75,1216,49,0.25,0.25,0.25,0.25
462,1c7f6f2b5ded7ece04bd8fa7a05c8f1c27eb2487,3,query_only,0,0,11,1,0,0,0.25,1.3862943611198906,0.785,490,49,0.4,0.25,0.2,0.15
462,1c7f6f2b5ded7ece04bd8fa7a05c8f1c27eb2487,3,rag_1,1,1,11,1,0,0,0.25,1.3862943611198906,0.8099999999999999,580,49,0.45,0.25,0.15,0.15
462,1c7f6f2b5ded7ece04bd8fa7a05c8f1c27eb2487,3,rag_3,3,3,11,1,0,0,0.25,1.3862943611198906,0.8099999999999999,820,49,0.45,0.25,0.15,0.15
462,1c7f6f2b5ded7ece04bd8fa7a05c8f1c27eb2487,3,rag_5,5,5,11,1,0,0,0.25,1.3862943611198906,0.8099999999999999,1017,49,0.45,0.25,0.15,0.15
462,1c7f6f2b5ded7ece04bd8fa7a05c8f1c27eb2487,3,rag_10,10,10,11,1,0,0,0.25,1.3862943611198906,0.8099999999999999,1643,49,0.45,0.25,0.15,0.15
462,1c7f6f2b5ded7ece04bd8fa7a05c8f1c27eb2487,3,rag_all_support,-1,11,11,1,0,0,0.2,1.6094379124341003,0.935,1838,49,0.5,0.2,0.15,0.15
942,4c3c1caa10de9847e9e81ff6eb26df2d836447dd,3,query_only,0,0,15,2,1,0,0.15,1.8971199848858813,1.01,488,49,0.25,0.45,0.15,0.15
942,4c3c1caa10de9847e9e81ff6eb26df2d836447dd,3,rag_1,1,1,15,2,1,0,0.2,1.6094379124341003,0.8850000000000001,593,49,0.25,0.4,0.2,0.15
942,4c3c1caa10de9847e9e81ff6eb26df2d836447dd,3,rag_3,3,3,15,2,1,0,0.25,1.3862943611198906,0.795,810,49,0.25,0.4,0.25,0.1
942,4c3c1caa10de9847e9e81ff6eb26df2d836447dd,3,rag_5,5,5,15,2,1,0,0.20000000000000004,1.6094379124341003,0.9,1008,49,0.30000000000000004,0.4000000000000001,0.20000000000000004,0.10000000000000002
942,4c3c1caa10de9847e9e81ff6eb26df2d836447dd,3,rag_10,10,10,15,2,1,0,0.30000000000000004,1.203972804325936,0.685,1624,49,0.25000000000000006,0.35000000000000003,0.30000000000000004,0.10000000000000002
942,4c3c1caa10de9847e9e81ff6eb26df2d836447dd,3,rag_all_support,-1,15,15,2,0,0,0.30000000000000004,1.203972804325936,0.685,2192,49,0.35000000000000003,0.25000000000000006,0.30000000000000004,0.10000000000000002
998,f45af2d12c645cdff43d4aa1e186ae157f0dc5c8,3,query_only,0,0,11,2,0,0,0.15,1.8971199848858813,0.9777999999999999,496,49,0.38,0.25,0.15,0.22
998,f45af2d12c645cdff43d4aa1e186ae157f0dc5c8,3,rag_1,1,1,11,2,0,0,0.2,1.6094379124341003,0.8650000000000002,587,49,0.35,0.25,0.2,0.2
998,f45af2d12c645cdff43d4aa1e186ae157f0dc5c8,3,rag_3,3,3,11,2,0,0,0.2,1.6094379124341003,0.8888000000000001,789,49,0.42,0.18,0.2,0.2
998,f45af2d12c645cdff43d4aa1e186ae157f0dc5c8,3,rag_5,5,5,11,2,0,0,0.18,1.7147984280919266,0.9288000000000001,1020,49,0.42,0.2,0.18,0.2
998,f45af2d12c645cdff43d4aa1e186ae157f0dc5c8,3,rag_10,10,10,11,2,3,0,0.15,1.8971199848858813,0.9699999999999999,1549,49,0.25,0.25,0.15,0.35
998,f45af2d12c645cdff43d4aa1e186ae157f0dc5c8,3,rag_all_support,-1,11,11,2,3,0,0.28,1.2729656758128873,0.7136,1698,49,0.28,0.12,0.28,0.32
309,371ab72ed3565a47534862a94c52e03eb66cd475,1,query_only,0,0,7,0,1,0,0.28,1.2729656758128873,0.7111999999999999,633,49,0.28,0.34,0.14,0.24
309,371ab72ed3565a47534862a94c52e03eb66cd475,1,rag_1,1,1,7,0,0,1,0.55,0.5978370007556204,0.285,801,49,0.55,0.25,0.1,0.1
309,371ab72ed3565a47534862a94c52e03eb66cd475,1,rag_3,3,3,7,0,0,1,0.52,0.6539264674066639,0.329,1135,49,0.52,0.28,0.09,0.11
309,371ab72ed3565a47534862a94c52e03eb66cd475,1,rag_5,5,5,7,0,0,1,0.5,0.6931471805599453,0.34500000000000003,1499,49,0.5,0.25,0.15,0.1
309,371ab72ed3565a47534862a94c52e03eb66cd475,1,rag_10,10,7,7,0,0,1,0.6,0.5108256237659907,0.23500000000000004,1830,49,0.6,0.25,0.1,0.05
309,371ab72ed3565a47534862a94c52e03eb66cd475,1,rag_all_support,-1,7,7,0,0,1,0.6,0.5108256237659907,0.23500000000000004,1830,49,0.6,0.25,0.1,0.05
543,554aa6348034584bbb38c8dd496dc6982e832f88,1,query_only,0,0,14,3,1,0,0.15,1.8971199848858813,1.07,474,49,0.15,0.55,0.15,0.15
543,554aa6348034584bbb38c8dd496dc6982e832f88,1,rag_1,1,1,14,3,1,0,0.2,1.6094379124341003,0.8850000000000001,570,49,0.25,0.4,0.15,0.2
543,554aa6348034584bbb38c8dd496dc6982e832f88,1,rag_3,3,3,14,3,1,0,0.25,1.3862943611198906,0.77,785,49,0.25,0.35,0.15,0.25
543,554aa6348034584bbb38c8dd496dc6982e832f88,1,rag_5,5,5,14,3,1,0,0.15,1.8971199848858813,1.01,999,49,0.25,0.45,0.15,0.15
543,554aa6348034584bbb38c8dd496dc6982e832f88,1,rag_10,10,10,14,3,1,0,0.15,1.8971199848858813,0.985,1563,49,0.25,0.4,0.2,0.15
543,554aa6348034584bbb38c8dd496dc6982e832f88,1,rag_all_support,-1,14,14,3,1,0,0.2,1.6094379124341003,0.8650000000000001,2024,49,0.25,0.35,0.2,0.2
670,363d3d7f8f181d401298c9b273b2acb87b117374,1,query_only,0,0,12,3,0,0,0.15,1.8971199848858813,0.985,495,49,0.4,0.25,0.2,0.15
670,363d3d7f8f181d401298c9b273b2acb87b117374,1,rag_1,1,1,12,3,0,0,0.09999999999999998,2.302585092994046,1.1749999999999998,594,49,0.5499999999999999,0.14999999999999997,0.19999999999999996,0.09999999999999998
670,363d3d7f8f181d401298c9b273b2acb87b117374,1,rag_3,3,3,12,3,0,0,0.09999999999999998,2.302585092994046,1.1749999999999998,781,49,0.5499999999999999,0.14999999999999997,0.19999999999999996,0.09999999999999998
670,363d3d7f8f181d401298c9b273b2acb87b117374,1,rag_5,5,5,12,3,0,0,0.1,2.3025850929940455,1.1150000000000002,999,49,0.45,0.2,0.25,0.1
670,363d3d7f8f181d401298c9b273b2acb87b117374,1,rag_10,10,10,12,3,0,0,0.15,1.8971199848858813,1.0478,1608,49,0.52,0.18,0.15,0.15
670,363d3d7f8f181d401298c9b273b2acb87b117374,1,rag_all_support,-1,12,12,3,0,0,0.15,1.8971199848858813,1.07,1923,49,0.55,0.15,0.15,0.15
298,f1ba138bc68a07bd651979735007b19284b3668d,1,query_only,0,0,7,0,2,0,0.25,1.3862943611198906,0.755,529,49,0.25,0.25,0.3,0.2
298,f1ba138bc68a07bd651979735007b19284b3668d,1,rag_1,1,1,7,0,2,0,0.25,1.3862943611198906,0.755,716,49,0.25,0.25,0.3,0.2
298,f1ba138bc68a07bd651979735007b19284b3668d,1,rag_3,3,3,7,0,2,0,0.2,1.6094379124341003,0.9150000000000001,999,49,0.2,0.25,0.45,0.1
298,f1ba138bc68a07bd651979735007b19284b3668d,1,rag_5,5,5,7,0,2,0,0.25,1.3862943611198906,0.7699999999999999,1332,49,0.25,0.25,0.35,0.15
298,f1ba138bc68a07bd651979735007b19284b3668d,1,rag_10,10,7,7,0,2,0,0.25,1.3862943611198906,0.7699999999999999,1641,49,0.25,0.25,0.35,0.15
298,f1ba138bc68a07bd651979735007b19284b3668d,1,rag_all_support,-1,7,7,0,2,0,0.25,1.3862943611198906,0.7699999999999999,1641,49,0.25,0.25,0.35,0.15
208,12d91f3442693ede2087a77cb5c47ab47491215f,1,query_only,0,0,7,2,0,0,0.25,1.3862943611198906,0.75,455,49,0.25,0.25,0.25,0.25
208,12d91f3442693ede2087a77cb5c47ab47491215f,1,rag_1,1,1,7,2,2,1,0.35,1.0498221244986778,0.5650000000000001,574,49,0.25,0.2,0.35,0.2
208,12d91f3442693ede2087a77cb5c47ab47491215f,1,rag_3,3,3,7,2,0,0,0.28,1.2729656758128873,0.6954,824,49,0.28,0.25,0.28,0.19
208,12d91f3442693ede2087a77cb5c47ab47491215f,1,rag_5,5,5,7,2,0,0,0.25,1.3862943611198906,0.75,1057,49,0.25,0.25,0.25,0.25
208,12d91f3442693ede2087a77cb5c47ab47491215f,1,rag_10,10,7,7,2,2,1,0.35,1.0498221244986778,0.5650000000000001,1353,49,0.25,0.2,0.35,0.2
208,12d91f3442693ede2087a77cb5c47ab47491215f,1,rag_all_support,-1,7,7,2,2,1,0.35,1.0498221244986778,0.5650000000000001,1353,49,0.25,0.2,0.35,0.2
215,063d838aad0107fca0f353f88190f9957bc2bfdc,0,query_only,0,0,9,2,1,0,0.25,1.3862943611198906,0.785,587,49,0.15,0.4,0.25,0.2
215,063d838aad0107fca0f353f88190f9957bc2bfdc,0,rag_1,1,1,9,2,0,0,0.25,1.3862943611198906,0.75,786,49,0.25,0.25,0.25,0.25
215,063d838aad0107fca0f353f88190f9957bc2bfdc,0,rag_3,3,3,9,2,1,0,0.25,1.3862943611198906,0.785,1133,49,0.15,0.4,0.25,0.2
215,063d838aad0107fca0f353f88190f9957bc2bfdc,0,rag_5,5,5,9,2,1,0,0.25,1.3862943611198906,0.77,1386,49,0.15,0.35,0.25,0.25
215,063d838aad0107fca0f353f88190f9957bc2bfdc,0,rag_10,10,9,9,2,2,1,0.32,1.1394342831883648,0.6257999999999999,1837,49,0.15,0.28,0.32,0.25
215,063d838aad0107fca0f353f88190f9957bc2bfdc,0,rag_all_support,-1,9,9,2,2,1,0.32,1.1394342831883648,0.6257999999999999,1837,49,0.15,0.28,0.32,0.25
72,39fc84d6f94c707c58057cc0d72dd778c217278e,3,query_only,0,0,19,2,2,1,0.35,1.0498221244986778,0.5650000000000001,448,49,0.25,0.2,0.35,0.2
72,39fc84d6f94c707c58057cc0d72dd778c217278e,3,rag_1,1,1,19,2,0,0,0.25,1.3862943611198906,0.77,564,49,0.35,0.25,0.25,0.15
72,39fc84d6f94c707c58057cc0d72dd778c217278e,3,rag_3,3,3,19,2,2,1,0.4,0.916290731874155,0.485,783,49,0.25,0.15,0.4,0.2
72,39fc84d6f94c707c58057cc0d72dd778c217278e,3,rag_5,5,5,19,2,2,1,0.4,0.916290731874155,0.515,1050,49,0.35,0.15,0.4,0.1
72,39fc84d6f94c707c58057cc0d72dd778c217278e,3,rag_10,10,10,19,2,2,1,0.4,0.916290731874155,0.485,1679,49,0.25,0.15,0.4,0.2
72,39fc84d6f94c707c58057cc0d72dd778c217278e,3,rag_all_support,-1,19,19,2,0,0,0.3,1.2039728043259361,0.6749999999999999,2988,49,0.35,0.15,0.3,0.2
948,3050d23b078cb4a779e0438d0ef7bd1cdc5d982f,1,query_only,0,0,7,2,3,0,0.1,2.3025850929940455,1.145,504,49,0.25,0.15,0.1,0.5
948,3050d23b078cb4a779e0438d0ef7bd1cdc5d982f,1,rag_1,1,1,7,2,0,0,0.08,2.5257286443082556,1.1968,628,49,0.52,0.2,0.08,0.2
948,3050d23b078cb4a779e0438d0ef7bd1cdc5d982f,1,rag_3,3,3,7,2,0,0,0.15,1.8971199848858813,0.985,831,49,0.4,0.25,0.15,0.2
948,3050d23b078cb4a779e0438d0ef7bd1cdc5d982f,1,rag_5,5,5,7,2,0,0,0.15,1.8971199848858813,0.9937999999999999,1002,49,0.42,0.18,0.15,0.25
948,3050d23b078cb4a779e0438d0ef7bd1cdc5d982f,1,rag_10,10,7,7,2,0,0,0.15,1.8971199848858813,1.0699999999999998,1222,49,0.55,0.15,0.15,0.15
948,3050d23b078cb4a779e0438d0ef7bd1cdc5d982f,1,rag_all_support,-1,7,7,2,0,0,0.15,1.8971199848858813,1.0699999999999998,1222,49,0.55,0.15,0.15,0.15
521,91bb7f7d68cfe1b18da22afdebd979a3864c7051,4,query_only,0,0,14,3,0,0,0.15,1.8971199848858813,1.07,429,49,0.55,0.15,0.15,0.15
521,91bb7f7d68cfe1b18da22afdebd979a3864c7051,4,rag_1,1,1,14,3,0,0,0.15,1.8971199848858813,1.0099999999999998,511,49,0.45,0.15,0.25,0.15
521,91bb7f7d68cfe1b18da22afdebd979a3864c7051,4,rag_3,3,3,14,3,0,0,0.15,1.8971199848858813,1.0099999999999998,738,49,0.45,0.15,0.25,0.15
521,91bb7f7d68cfe1b18da22afdebd979a3864c7051,4,rag_5,5,5,14,3,0,0,0.15,1.8971199848858813,1.0099999999999998,979,49,0.45,0.15,0.25,0.15
521,91bb7f7d68cfe1b18da22afdebd979a3864c7051,4,rag_10,10,10,14,3,0,0,0.2,1.6094379124341003,0.8850000000000001,1517,49,0.4,0.15,0.25,0.2
521,91bb7f7d68cfe1b18da22afdebd979a3864c7051,4,rag_all_support,-1,14,14,3,0,0,0.25,1.3862943611198906,0.77,1972,49,0.35,0.15,0.25,0.25
764,12ad1f646c5b0532282e04ac06520f595265c9f3,0,query_only,0,0,13,1,1,1,0.4,0.916290731874155,0.515,524,49,0.35,0.4,0.15,0.1
764,12ad1f646c5b0532282e04ac06520f595265c9f3,0,rag_1,1,1,13,1,0,0,0.34,1.0788096613719298,0.6103999999999998,729,49,0.36,0.34,0.16,0.14
764,12ad1f646c5b0532282e04ac06520f595265c9f3,0,rag_3,3,3,13,1,0,0,0.3,1.2039728043259361,0.7055999999999998,1079,49,0.42,0.3,0.14,0.14
764,12ad1f646c5b0532282e04ac06520f595265c9f3,0,rag_5,5,5,13,1,0,0,0.35,1.0498221244986778,0.615,1285,49,0.4,0.35,0.15,0.1
764,12ad1f646c5b0532282e04ac06520f595265c9f3,0,rag_10,10,10,13,1,1,1,0.4,0.916290731874155,0.515,1767,49,0.35,0.4,0.15,0.1
764,12ad1f646c5b0532282e04ac06520f595265c9f3,0,rag_all_support,-1,13,13,1,1,1,0.4,0.916290731874155,0.485,2104,49,0.25,0.4,0.15,0.2
86,6e9a421cdd4ace13a8ad315c5d468025c0781a85,5,query_only,0,0,17,1,2,0,0.25,1.3862943611198906,0.7699999999999999,395,49,0.15,0.25,0.35,0.25
86,6e9a421cdd4ace13a8ad315c5d468025c0781a85,5,rag_1,1,1,17,1,0,0,0.25,1.3862943611198906,0.75,481,49,0.25,0.25,0.25,0.25
86,6e9a421cdd4ace13a8ad315c5d468025c0781a85,5,rag_3,3,3,17,1,0,0,0.25,1.3862943611198906,0.75,700,49,0.25,0.25,0.25,0.25
86,6e9a421cdd4ace13a8ad315c5d468025c0781a85,5,rag_5,5,5,17,1,1,1,0.3,1.2039728043259361,0.655,942,49,0.25,0.3,0.25,0.2
86,6e9a421cdd4ace13a8ad315c5d468025c0781a85,5,rag_10,10,10,17,1,1,1,0.4,0.916290731874155,0.485,1541,49,0.15,0.4,0.25,0.2
86,6e9a421cdd4ace13a8ad315c5d468025c0781a85,5,rag_all_support,-1,17,17,1,1,1,0.35,1.0498221244986778,0.5700000000000001,2429,49,0.25,0.35,0.25,0.15
643,0941ee2f88ec4fc0d3737d7383d1f22b8e9eee8f,0,query_only,0,0,17,1,3,0,0.25,1.3862943611198906,0.755,447,49,0.25,0.25,0.2,0.3
643,0941ee2f88ec4fc0d3737d7383d1f22b8e9eee8f,0,rag_1,1,1,17,1,0,0,0.25,1.3862943611198906,0.75,548,49,0.25,0.25,0.25,0.25
643,0941ee2f88ec4fc0d3737d7383d1f22b8e9eee8f,0,rag_3,3,3,17,1,3,0,0.25,1.3862943611198906,0.7699999999999999,742,49,0.25,0.25,0.15,0.35
643,0941ee2f88ec4fc0d3737d7383d1f22b8e9eee8f,0,rag_5,5,5,17,1,3,0,0.25,1.3862943611198906,0.7699999999999999,1027,49,0.25,0.25,0.15,0.35
643,0941ee2f88ec4fc0d3737d7383d1f22b8e9eee8f,0,rag_10,10,10,17,1,1,1,0.35,1.0498221244986778,0.5850000000000001,1623,49,0.25,0.35,0.1,0.3
643,0941ee2f88ec4fc0d3737d7383d1f22b8e9eee8f,0,rag_all_support,-1,17,17,1,0,0,0.25,1.3862943611198906,0.75,2526,49,0.25,0.25,0.25,0.25
158,689995c20cb1a50524c74d15c67d9b7605b310f4,0,query_only,0,0,9,1,0,0,0.25,1.3862943611198906,0.75,445,49,0.25,0.25,0.25,0.25
158,689995c20cb1a50524c74d15c67d9b7605b310f4,0,rag_1,1,1,9,1,2,0,0.25,1.3862943611198906,0.755,543,49,0.25,0.25,0.3,0.2
158,689995c20cb1a50524c74d15c67d9b7605b310f4,0,rag_3,3,3,9,1,0,0,0.25,1.3862943611198906,0.75,744,49,0.25,0.25,0.25,0.25
158,689995c20cb1a50524c74d15c67d9b7605b310f4,0,rag_5,5,5,9,1,2,0,0.15,1.8971199848858813,0.985,962,49,0.25,0.15,0.4,0.2
158,689995c20cb1a50524c74d15c67d9b7605b310f4,0,rag_10,10,9,9,1,0,0,0.25,1.3862943611198906,0.75,1433,49,0.25,0.25,0.25,0.25
158,689995c20cb1a50524c74d15c67d9b7605b310f4,0,rag_all_support,-1,9,9,1,0,0,0.25,1.3862943611198906,0.75,1433,49,0.25,0.25,0.25,0.25
310,00ed0764f3a398fe9da5f91442e01c0b460d7414,1,query_only,0,0,9,0,0,1,0.45,0.7985076962177716,0.4100000000000001,703,49,0.45,0.25,0.15,0.15
310,00ed0764f3a398fe9da5f91442e01c0b460d7414,1,rag_1,1,1,9,0,0,1,0.4,0.916290731874155,0.48500000000000004,862,49,0.4,0.25,0.2,0.15
310,00ed0764f3a398fe9da5f91442e01c0b460d7414,1,rag_3,3,3,9,0,0,1,0.45,0.7985076962177716,0.42500000000000004,1242,49,0.45,0.1,0.15,0.3
310,00ed0764f3a398fe9da5f91442e01c0b460d7414,1,rag_5,5,5,9,0,0,1,0.42,0.8675005677047231,0.45980000000000015,1720,49,0.42,0.28,0.15,0.15
310,00ed0764f3a398fe9da5f91442e01c0b460d7414,1,rag_10,10,9,9,0,0,1,0.55,0.5978370007556204,0.29,2410,49,0.55,0.25,0.05,0.15
310,00ed0764f3a398fe9da5f91442e01c0b460d7414,1,rag_all_support,-1,9,9,0,0,1,0.55,0.5978370007556204,0.29,2410,49,0.55,0.25,0.05,0.15
977,863984a416f9a0fe5b9f4416fc00ce19a5e3580c,1,query_only,0,0,5,1,0,0,0.2,1.6094379124341003,0.9750000000000001,526,49,0.55,0.2,0.15,0.1
977,863984a416f9a0fe5b9f4416fc00ce19a5e3580c,1,rag_1,1,1,5,1,0,0,0.15,1.8971199848858813,1.0699999999999998,632,49,0.55,0.15,0.15,0.15
977,863984a416f9a0fe5b9f4416fc00ce19a5e3580c,1,rag_3,3,3,5,1,0,0,0.25,1.3862943611198906,0.885,1021,49,0.55,0.25,0.1,0.1
977,863984a416f9a0fe5b9f4416fc00ce19a5e3580c,1,rag_5,5,5,5,1,0,0,0.15,1.8971199848858813,1.0699999999999998,1251,49,0.55,0.15,0.15,0.15
977,863984a416f9a0fe5b9f4416fc00ce19a5e3580c,1,rag_10,10,5,5,1,0,0,0.15,1.8971199848858813,1.0699999999999998,1251,49,0.55,0.15,0.15,0.15
977,863984a416f9a0fe5b9f4416fc00ce19a5e3580c,1,rag_all_support,-1,5,5,1,0,0,0.15,1.8971199848858813,1.0699999999999998,1251,49,0.55,0.15,0.15,0.15
436,bb7acf72e83c84cb4975c6552d84a6e5b9067d42,3,query_only,0,0,13,3,0,0,0.15,1.8971199848858813,0.985,464,49,0.4,0.25,0.2,0.15
436,bb7acf72e83c84cb4975c6552d84a6e5b9067d42,3,rag_1,1,1,13,3,0,0,0.15,1.8971199848858813,1.07,586,49,0.55,0.15,0.15,0.15
436,bb7acf72e83c84cb4975c6552d84a6e5b9067d42,3,rag_3,3,3,13,3,0,0,0.1,2.3025850929940455,1.0950000000000002,794,49,0.4,0.25,0.25,0.1
436,bb7acf72e83c84cb4975c6552d84a6e5b9067d42,3,rag_5,5,5,13,3,0,0,0.15,1.8971199848858813,0.985,1005,49,0.4,0.2,0.25,0.15
436,bb7acf72e83c84cb4975c6552d84a6e5b9067d42,3,rag_10,10,10,13,3,0,0,0.15,1.8971199848858813,0.985,1537,49,0.4,0.2,0.25,0.15
436,bb7acf72e83c84cb4975c6552d84a6e5b9067d42,3,rag_all_support,-1,13,13,3,0,0,0.15,1.8971199848858813,0.985,1892,49,0.4,0.25,0.2,0.15
583,d352c4600007adb9cef13a89507dfdd5beac7772,6,query_only,0,0,15,0,3,0,0.25,1.3862943611198906,0.8099999999999999,410,49,0.25,0.15,0.15,0.45
583,d352c4600007adb9cef13a89507dfdd5beac7772,6,rag_1,1,1,15,0,0,1,0.45,0.7985076962177716,0.40500000000000014,523,49,0.45,0.15,0.2,0.2
583,d352c4600007adb9cef13a89507dfdd5beac7772,6,rag_3,3,3,15,0,0,1,0.45,0.7985076962177716,0.4100000000000001,712,49,0.45,0.15,0.15,0.25
583,d352c4600007adb9cef13a89507dfdd5beac7772,6,rag_5,5,5,15,0,0,1,0.55,0.5978370007556204,0.26999999999999996,923,49,0.55,0.15,0.15,0.15
583,d352c4600007adb9cef13a89507dfdd5beac7772,6,rag_10,10,10,15,0,0,1,0.55,0.5978370007556204,0.26999999999999996,1535,49,0.55,0.15,0.15,0.15
583,d352c4600007adb9cef13a89507dfdd5beac7772,6,rag_all_support,-1,15,15,0,0,1,0.4,0.916290731874155,0.495,2125,49,0.4,0.15,0.15,0.3
429,2e90af2a8e60b398328f51296cb32023f1a66221,2,query_only,0,0,19,3,2,0,0.15,1.8971199848858813,1.0099999999999998,460,49,0.25,0.15,0.45,0.15
429,2e90af2a8e60b398328f51296cb32023f1a66221,2,rag_1,1,1,19,3,2,0,0.2,1.6094379124341003,0.8550000000000001,556,49,0.25,0.25,0.3,0.2
429,2e90af2a8e60b398328f51296cb32023f1a66221,2,rag_3,3,3,19,3,0,0,0.1,2.3025850929940455,1.115,729,49,0.4,0.15,0.35,0.1
429,2e90af2a8e60b398328f51296cb32023f1a66221,2,rag_5,5,5,19,3,0,0,0.15,1.8971199848858813,0.9899999999999999,951,49,0.35,0.15,0.35,0.15
429,2e90af2a8e60b398328f51296cb32023f1a66221,2,rag_10,10,10,19,3,0,0,0.1,2.3025850929940455,1.0950000000000002,1682,49,0.4,0.25,0.25,0.1
429,2e90af2a8e60b398328f51296cb32023f1a66221,2,rag_all_support,-1,19,19,3,0,0,0.15,1.8971199848858813,0.9899999999999999,2713,49,0.35,0.15,0.35,0.15
55,e921f8b24f6f46fcec008aad501a9889203c11af,2,query_only,0,0,16,2,0,0,0.25,1.3862943611198906,0.75,389,49,0.25,0.25,0.25,0.25
55,e921f8b24f6f46fcec008aad501a9889203c11af,2,rag_1,1,1,16,2,0,0,0.25,1.3862943611198906,0.75,484,49,0.25,0.25,0.25,0.25
55,e921f8b24f6f46fcec008aad501a9889203c11af,2,rag_3,3,3,16,2,0,0,0.15,1.8971199848858813,0.97,679,49,0.35,0.25,0.15,0.25
55,e921f8b24f6f46fcec008aad501a9889203c11af,2,rag_5,5,5,16,2,3,0,0.15,1.8971199848858813,0.9699999999999999,939,49,0.25,0.25,0.15,0.35
55,e921f8b24f6f46fcec008aad501a9889203c11af,2,rag_10,10,10,16,2,0,0,0.25,1.3862943611198906,0.77,1556,49,0.35,0.15,0.25,0.25
55,e921f8b24f6f46fcec008aad501a9889203c11af,2,rag_all_support,-1,16,16,2,0,0,0.28,1.2729656758128873,0.6936,2614,49,0.28,0.22,0.28,0.22
893,4ad1a77e3830b9794d5ef51f29cd2058efe6266d,2,query_only,0,0,13,1,0,0,0.35,1.0498221244986778,0.645,462,49,0.45,0.35,0.1,0.1
893,4ad1a77e3830b9794d5ef51f29cd2058efe6266d,2,rag_1,1,1,13,1,0,0,0.35,1.0498221244986778,0.645,600,49,0.45,0.35,0.1,0.1
893,4ad1a77e3830b9794d5ef51f29cd2058efe6266d,2,rag_3,3,3,13,1,0,0,0.25,1.3862943611198906,0.885,806,49,0.55,0.25,0.1,0.1
893,4ad1a77e3830b9794d5ef51f29cd2058efe6266d,2,rag_5,5,5,13,1,0,0,0.25,1.3862943611198906,0.885,1009,49,0.55,0.25,0.1,0.1
893,4ad1a77e3830b9794d5ef51f29cd2058efe6266d,2,rag_10,10,10,13,1,0,0,0.25,1.3862943611198906,0.885,1647,49,0.55,0.25,0.1,0.1
893,4ad1a77e3830b9794d5ef51f29cd2058efe6266d,2,rag_all_support,-1,13,13,1,0,0,0.35,1.0498221244986778,0.6254,2121,49,0.42,0.35,0.11,0.12
281,05d0edb0a5e1188b4b690450c78d6ce6ca96c0fb,0,query_only,0,0,4,1,0,0,0.15,1.8971199848858813,1.0699999999999998,892,49,0.55,0.15,0.15,0.15
281,05d0edb0a5e1188b4b690450c78d6ce6ca96c0fb,0,rag_1,1,1,4,1,0,0,0.25,1.3862943611198906,0.8099999999999999,1140,49,0.45,0.25,0.15,0.15
281,05d0edb0a5e1188b4b690450c78d6ce6ca96c0fb,0,rag_3,3,3,4,1,0,0,0.22,1.5141277326297755,0.8118000000000001,1348,49,0.28,0.22,0.25,0.25
281,05d0edb0a5e1188b4b690450c78d6ce6ca96c0fb,0,rag_5,5,4,4,1,0,0,0.25,1.3862943611198906,0.8899999999999999,1540,49,0.55,0.25,0.15,0.05
281,05d0edb0a5e1188b4b690450c78d6ce6ca96c0fb,0,rag_10,10,4,4,1,0,0,0.25,1.3862943611198906,0.8899999999999999,1540,49,0.55,0.25,0.15,0.05
281,05d0edb0a5e1188b4b690450c78d6ce6ca96c0fb,0,rag_all_support,-1,4,4,1,0,0,0.25,1.3862943611198906,0.8899999999999999,1540,49,0.55,0.25,0.15,0.05
650,49b8e6878b1d9b7328dca49b48afa5884993022d,6,query_only,0,0,16,1,0,0,0.2800000000000001,1.272965675812887,0.7448,609,49,0.42000000000000004,0.2800000000000001,0.20000000000000004,0.10000000000000002
650,49b8e6878b1d9b7328dca49b48afa5884993022d,6,rag_1,1,1,16,1,1,1,0.38,0.9675840262617056,0.5448000000000001,766,49,0.28,0.38,0.28,0.06
650,49b8e6878b1d9b7328dca49b48afa5884993022d,6,rag_3,3,3,16,1,1,1,0.4,0.916290731874155,0.495,1063,49,0.25,0.4,0.25,0.1
650,49b8e6878b1d9b7328dca49b48afa5884993022d,6,rag_5,5,5,16,1,1,1,0.35,1.0498221244986778,0.5700000000000001,1296,49,0.25,0.35,0.25,0.15
650,49b8e6878b1d9b7328dca49b48afa5884993022d,6,rag_10,10,10,16,1,1,1,0.33999999999999997,1.07880966137193,0.6024,1847,49,0.27999999999999997,0.33999999999999997,0.27999999999999997,0.09999999999999998
650,49b8e6878b1d9b7328dca49b48afa5884993022d,6,rag_all_support,-1,16,16,1,1,1,0.32,1.1394342831883648,0.6335999999999999,2484,49,0.28,0.32,0.28,0.12
716,5810c7f0edf3eda0e396c74ed0e38fee4da2df03,3,query_only,0,0,13,3,0,0,0.25,1.3862943611198906,0.75,493,49,0.25,0.25,0.25,0.25
716,5810c7f0edf3eda0e396c74ed0e38fee4da2df03,3,rag_1,1,1,13,3,1,0,0.15,1.8971199848858813,0.985,608,49,0.25,0.4,0.2,0.15
716,5810c7f0edf3eda0e396c74ed0e38fee4da2df03,3,rag_3,3,3,13,3,1,0,0.2,1.6094379124341003,0.8650000000000001,822,49,0.25,0.35,0.2,0.2
716,5810c7f0edf3eda0e396c74ed0e38fee4da2df03,3,rag_5,5,5,13,3,1,0,0.2,1.6094379124341003,0.8850000000000001,1026,49,0.25,0.4,0.15,0.2
716,5810c7f0edf3eda0e396c74ed0e38fee4da2df03,3,rag_10,10,10,13,3,1,0,0.15,1.8971199848858813,0.985,1525,49,0.25,0.4,0.2,0.15
716,5810c7f0edf3eda0e396c74ed0e38fee4da2df03,3,rag_all_support,-1,13,13,3,0,0,0.25,1.3862943611198906,0.75,1950,49,0.25,0.25,0.25,0.25
626,bc64526b2f1d66be7b56f0379bc41dc47b176808,6,query_only,0,0,13,1,0,0,0.25,1.3862943611198906,0.795,507,49,0.4,0.25,0.25,0.1
626,bc64526b2f1d66be7b56f0379bc41dc47b176808,6,rag_1,1,1,13,1,0,0,0.25,1.3862943611198906,0.785,659,49,0.4,0.25,0.2,0.15
626,bc64526b2f1d66be7b56f0379bc41dc47b176808,6,rag_3,3,3,13,1,0,0,0.25,1.3862943611198906,0.845,915,49,0.5,0.25,0.15,0.1
626,bc64526b2f1d66be7b56f0379bc41dc47b176808,6,rag_5,5,5,13,1,0,0,0.25,1.3862943611198906,0.795,1148,49,0.4,0.25,0.25,0.1
626,bc64526b2f1d66be7b56f0379bc41dc47b176808,6,rag_10,10,10,13,1,0,0,0.25000000000000006,1.3862943611198904,0.8150000000000002,1690,49,0.45000000000000007,0.25000000000000006,0.20000000000000004,0.10000000000000002
626,bc64526b2f1d66be7b56f0379bc41dc47b176808,6,rag_all_support,-1,13,13,1,0,0,0.25,1.3862943611198906,0.7699999999999999,2049,49,0.35,0.25,0.25,0.15
168,90231c9254550d339061b69174024699d21bd9f3,3,query_only,0,0,15,0,0,1,0.25,1.3862943611198906,0.75,429,49,0.25,0.25,0.25,0.25
168,90231c9254550d339061b69174024699d21bd9f3,3,rag_1,1,1,15,0,3,0,0.25,1.3862943611198906,0.7699999999999999,519,49,0.25,0.25,0.15,0.35
168,90231c9254550d339061b69174024699d21bd9f3,3,rag_3,3,3,15,0,3,0,0.25,1.3862943611198906,0.7699999999999999,696,49,0.25,0.25,0.15,0.35
168,90231c9254550d339061b69174024699d21bd9f3,3,rag_5,5,5,15,0,3,0,0.25,1.3862943611198906,0.7699999999999999,891,49,0.25,0.25,0.15,0.35
168,90231c9254550d339061b69174024699d21bd9f3,3,rag_10,10,10,15,0,3,0,0.25,1.3862943611198906,0.7699999999999999,1399,49,0.25,0.25,0.15,0.35
168,90231c9254550d339061b69174024699d21bd9f3,3,rag_all_support,-1,15,15,0,1,0,0.25,1.3862943611198906,0.7699999999999999,2207,49,0.25,0.35,0.15,0.25
23,8530124db9ccb88cf0110c3091ee3b0717ba9e49,2,query_only,0,0,15,2,0,0,0.30000000000000004,1.203972804325936,0.7250000000000001,471,49,0.45000000000000007,0.15000000000000002,0.30000000000000004,0.10000000000000002
23,8530124db9ccb88cf0110c3091ee3b0717ba9e49,2,rag_1,1,1,15,2,2,1,0.4,0.916290731874155,0.515,564,49,0.35,0.15,0.4,0.1
23,8530124db9ccb88cf0110c3091ee3b0717ba9e49,2,rag_3,3,3,15,2,0,0,0.3,1.2039728043259361,0.695,755,49,0.4,0.15,0.3,0.15
23,8530124db9ccb88cf0110c3091ee3b0717ba9e49,2,rag_5,5,5,15,2,0,0,0.35,1.0498221244986778,0.595,958,49,0.35,0.2,0.35,0.1
23,8530124db9ccb88cf0110c3091ee3b0717ba9e49,2,rag_10,10,10,15,2,2,1,0.4,0.916290731874155,0.515,1484,49,0.35,0.15,0.4,0.1
23,8530124db9ccb88cf0110c3091ee3b0717ba9e49,2,rag_all_support,-1,15,15,2,2,1,0.4,0.916290731874155,0.485,2113,49,0.25,0.15,0.4,0.2
199,23a3cad858a182d6029ee633b83e178a86b9d1c7,0,query_only,0,0,7,0,0,1,0.4499999999999999,0.7985076962177718,0.475,432,49,0.4499999999999999,0.3999999999999999,0.04999999999999999,0.09999999999999998
199,23a3cad858a182d6029ee633b83e178a86b9d1c7,0,rag_1,1,1,7,0,0,1,0.55,0.5978370007556204,0.32999999999999996,529,49,0.55,0.35,0.05,0.05
199,23a3cad858a182d6029ee633b83e178a86b9d1c7,0,rag_3,3,3,7,0,0,1,0.62,0.4780358009429998,0.2278,768,49,0.62,0.28,0.05,0.05
199,23a3cad858a182d6029ee633b83e178a86b9d1c7,0,rag_5,5,5,7,0,0,1,0.55,0.5978370007556204,0.32999999999999996,952,49,0.55,0.35,0.05,0.05
199,23a3cad858a182d6029ee633b83e178a86b9d1c7,0,rag_10,10,7,7,0,0,1,0.55,0.5978370007556204,0.32999999999999996,1273,49,0.55,0.35,0.05,0.05
199,23a3cad858a182d6029ee633b83e178a86b9d1c7,0,rag_all_support,-1,7,7,0,0,1,0.55,0.5978370007556204,0.32999999999999996,1273,49,0.55,0.35,0.05,0.05
678,34313280e88ccd8307729f3abb39cf1a02b379bc,3,query_only,0,0,11,3,0,0,0.15,1.8971199848858813,1.07,489,49,0.55,0.15,0.15,0.15
678,34313280e88ccd8307729f3abb39cf1a02b379bc,3,rag_1,1,1,11,3,0,0,0.2,1.6094379124341003,0.8538000000000001,578,49,0.28,0.25,0.27,0.2
678,34313280e88ccd8307729f3abb39cf1a02b379bc,3,rag_3,3,3,11,3,0,0,0.15,1.8971199848858813,0.985,835,49,0.4,0.25,0.2,0.15
678,34313280e88ccd8307729f3abb39cf1a02b379bc,3,rag_5,5,5,11,3,0,0,0.15,1.8971199848858813,0.985,1081,49,0.4,0.25,0.2,0.15
678,34313280e88ccd8307729f3abb39cf1a02b379bc,3,rag_10,10,10,11,3,0,0,0.15,1.8971199848858813,0.985,1569,49,0.4,0.25,0.2,0.15
678,34313280e88ccd8307729f3abb39cf1a02b379bc,3,rag_all_support,-1,11,11,3,0,0,0.1,2.3025850929940455,1.0950000000000002,1710,49,0.4,0.25,0.25,0.1
802,f86d6f88e4a0bef9f43b173470f24f75b3366e3b,1,query_only,0,0,11,3,0,0,0.25,1.3862943611198906,0.77,491,49,0.35,0.25,0.15,0.25
802,f86d6f88e4a0bef9f43b173470f24f75b3366e3b,1,rag_1,1,1,11,3,1,0,0.25,1.3862943611198906,0.77,609,49,0.25,0.35,0.15,0.25
802,f86d6f88e4a0bef9f43b173470f24f75b3366e3b,1,rag_3,3,3,11,3,1,0,0.2,1.6094379124341003,0.8750000000000001,802,49,0.3,0.35,0.15,0.2
802,f86d6f88e4a0bef9f43b173470f24f75b3366e3b,1,rag_5,5,5,11,3,1,0,0.25,1.3862943611198906,0.77,999,49,0.25,0.35,0.15,0.25
802,f86d6f88e4a0bef9f43b173470f24f75b3366e3b,1,rag_10,10,10,11,3,1,0,0.25,1.3862943611198906,0.77,1529,49,0.25,0.35,0.15,0.25
802,f86d6f88e4a0bef9f43b173470f24f75b3366e3b,1,rag_all_support,-1,11,11,3,1,0,0.25,1.3862943611198906,0.77,1658,49,0.25,0.35,0.15,0.25
652,d6cd163fe7043a85088b81dfa19319510f3275ea,5,query_only,0,0,17,2,1,0,0.3,1.2039728043259361,0.6649999999999999,442,49,0.25,0.3,0.3,0.15
652,d6cd163fe7043a85088b81dfa19319510f3275ea,5,rag_1,1,1,17,2,2,1,0.35,1.0498221244986778,0.5700000000000001,534,49,0.25,0.25,0.35,0.15
652,d6cd163fe7043a85088b81dfa19319510f3275ea,5,rag_3,3,3,17,2,1,0,0.30000000000000004,1.203972804325936,0.685,747,49,0.25000000000000006,0.35000000000000003,0.30000000000000004,0.10000000000000002
652,d6cd163fe7043a85088b81dfa19319510f3275ea,5,rag_5,5,5,17,2,1,0,0.30000000000000004,1.203972804325936,0.685,965,49,0.25000000000000006,0.35000000000000003,0.30000000000000004,0.10000000000000002
652,d6cd163fe7043a85088b81dfa19319510f3275ea,5,rag_10,10,10,17,2,1,0,0.25,1.3862943611198906,0.77,1502,49,0.25,0.35,0.25,0.15
652,d6cd163fe7043a85088b81dfa19319510f3275ea,5,rag_all_support,-1,17,17,2,1,0,0.30000000000000004,1.203972804325936,0.685,2360,49,0.25000000000000006,0.35000000000000003,0.30000000000000004,0.10000000000000002
741,6c142cd76f67dbf48da58a4965ab84339d34dec3,5,query_only,0,0,13,0,0,1,0.35,1.0498221244986778,0.5700000000000001,496,49,0.35,0.25,0.15,0.25
741,6c142cd76f67dbf48da58a4965ab84339d34dec3,5,rag_1,1,1,13,0,1,0,0.28,1.2729656758128873,0.7008000000000001,597,49,0.28,0.32,0.2,0.2
741,6c142cd76f67dbf48da58a4965ab84339d34dec3,5,rag_3,3,3,13,0,0,1,0.35,1.0498221244986778,0.5700000000000001,819,49,0.35,0.25,0.15,0.25
741,6c142cd76f67dbf48da58a4965ab84339d34dec3,5,rag_5,5,5,13,0,1,0,0.25,1.3862943611198906,0.755,1018,49,0.25,0.3,0.2,0.25
741,6c142cd76f67dbf48da58a4965ab84339d34dec3,5,rag_10,10,10,13,0,3,0,0.25,1.3862943611198906,0.7699999999999999,1561,49,0.25,0.25,0.15,0.35
741,6c142cd76f67dbf48da58a4965ab84339d34dec3,5,rag_all_support,-1,13,13,0,1,0,0.25,1.3862943611198906,0.755,1991,49,0.25,0.3,0.25,0.2
811,a46218edbf2a12ef18e8986eb98b3e520c25ee87,3,query_only,0,0,11,3,1,0,0.2,1.6094379124341003,0.8850000000000001,549,49,0.25,0.4,0.15,0.2
811,a46218edbf2a12ef18e8986eb98b3e520c25ee87,3,rag_1,1,1,11,3,1,0,0.2,1.6094379124341003,0.9150000000000001,679,49,0.25,0.45,0.1,0.2
811,a46218edbf2a12ef18e8986eb98b3e520c25ee87,3,rag_3,3,3,11,3,1,0,0.1,2.3025850929940455,1.185,937,49,0.25,0.55,0.1,0.1
811,a46218edbf2a12ef18e8986eb98b3e520c25ee87,3,rag_5,5,5,11,3,1,0,0.25,1.3862943611198906,0.77,1146,49,0.25,0.35,0.15,0.25
811,a46218edbf2a12ef18e8986eb98b3e520c25ee87,3,rag_10,10,10,11,3,1,0,0.15,1.8971199848858813,1.01,1759,49,0.25,0.45,0.15,0.15
811,a46218edbf2a12ef18e8986eb98b3e520c25ee87,3,rag_all_support,-1,11,11,3,1,0,0.2,1.6094379124341003,0.9750000000000002,1878,49,0.15,0.55,0.1,0.2
361,ff8f5ecaf19c84a626d4edff9ab190dc6ba0bddf,0,query_only,0,0,11,1,0,0,0.25,1.3862943611198906,0.7699999999999999,463,49,0.35,0.25,0.25,0.15
361,ff8f5ecaf19c84a626d4edff9ab190dc6ba0bddf,0,rag_1,1,1,11,1,0,0,0.25,1.3862943611198906,0.765,560,49,0.35,0.25,0.2,0.2
361,ff8f5ecaf19c84a626d4edff9ab190dc6ba0bddf,0,rag_3,3,3,11,1,1,1,0.34,1.0788096613719298,0.5863999999999999,779,49,0.28,0.34,0.18,0.2
361,ff8f5ecaf19c84a626d4edff9ab190dc6ba0bddf,0,rag_5,5,5,11,1,0,0,0.28,1.2729656758128873,0.7397999999999999,1003,49,0.42,0.28,0.15,0.15
361,ff8f5ecaf19c84a626d4edff9ab190dc6ba0bddf,0,rag_10,10,10,11,1,0,0,0.25,1.3862943611198906,0.75,1536,49,0.25,0.25,0.25,0.25
361,ff8f5ecaf19c84a626d4edff9ab190dc6ba0bddf,0,rag_all_support,-1,11,11,1,0,0,0.25,1.3862943611198906,0.765,1686,49,0.35,0.25,0.2,0.2
973,120877667dd13a8104af8a3a0bb3dffcd7219e10,3,query_only,0,0,13,2,1,0,0.2,1.6094379124341003,0.8650000000000002,494,49,0.25,0.35,0.2,0.2
973,120877667dd13a8104af8a3a0bb3dffcd7219e10,3,rag_1,1,1,13,2,0,0,0.25,1.3862943611198906,0.77,602,49,0.35,0.25,0.25,0.15
973,120877667dd13a8104af8a3a0bb3dffcd7219e10,3,rag_3,3,3,13,2,1,0,0.22,1.5141277326297755,0.836,842,49,0.28,0.36,0.22,0.14
973,120877667dd13a8104af8a3a0bb3dffcd7219e10,3,rag_5,5,5,13,2,0,0,0.25,1.3862943611198906,0.75,1039,49,0.25,0.25,0.25,0.25
973,120877667dd13a8104af8a3a0bb3dffcd7219e10,3,rag_10,10,10,13,2,0,0,0.25,1.3862943611198906,0.75,1559,49,0.25,0.25,0.25,0.25
973,120877667dd13a8104af8a3a0bb3dffcd7219e10,3,rag_all_support,-1,13,13,2,1,0,0.25,1.3862943611198906,0.77,1933,49,0.25,0.35,0.25,0.15
198,5c55f738c692c6c3ef1474b990f48c4866aac9f6,2,query_only,0,0,15,0,3,0,0.25,1.3862943611198906,0.7699999999999999,464,49,0.25,0.25,0.15,0.35
198,5c55f738c692c6c3ef1474b990f48c4866aac9f6,2,rag_1,1,1,15,0,0,1,0.45,0.7985076962177716,0.4100000000000001,574,49,0.45,0.25,0.15,0.15
198,5c55f738c692c6c3ef1474b990f48c4866aac9f6,2,rag_3,3,3,15,0,0,1,0.55,0.5978370007556204,0.27499999999999997,799,49,0.55,0.2,0.15,0.1
198,5c55f738c692c6c3ef1474b990f48c4866aac9f6,2,rag_5,5,5,15,0,0,1,0.55,0.5978370007556204,0.26999999999999996,1056,49,0.55,0.15,0.15,0.15
198,5c55f738c692c6c3ef1474b990f48c4866aac9f6,2,rag_10,10,10,15,0,0,1,0.25,1.3862943611198906,0.75,1675,49,0.25,0.25,0.25,0.25
198,5c55f738c692c6c3ef1474b990f48c4866aac9f6,2,rag_all_support,-1,15,15,0,0,1,0.25,1.3862943611198906,0.75,2478,49,0.25,0.25,0.25,0.25
829,c66d323fcf3f50bbce06f0c3162f1e643d10dde8,0,query_only,0,0,6,3,1,0,0.2,1.6094379124341003,0.9750000000000002,446,49,0.1,0.55,0.15,0.2
829,c66d323fcf3f50bbce06f0c3162f1e643d10dde8,0,rag_1,1,1,6,3,1,0,0.15,1.8971199848858813,1.07,555,49,0.15,0.55,0.15,0.15
829,c66d323fcf3f50bbce06f0c3162f1e643d10dde8,0,rag_3,3,3,6,3,1,0,0.15,1.8971199848858813,1.035,774,49,0.15,0.5,0.2,0.15
829,c66d323fcf3f50bbce06f0c3162f1e643d10dde8,0,rag_5,5,5,6,3,1,0,0.2,1.6094379124341003,0.9350000000000002,1149,49,0.15,0.5,0.15,0.2
829,c66d323fcf3f50bbce06f0c3162f1e643d10dde8,0,rag_10,10,6,6,3,1,0,0.2,1.6094379124341003,0.8650000000000001,1262,49,0.25,0.35,0.2,0.2
829,c66d323fcf3f50bbce06f0c3162f1e643d10dde8,0,rag_all_support,-1,6,6,3,1,0,0.2,1.6094379124341003,0.8650000000000001,1262,49,0.25,0.35,0.2,0.2
294,56e7001a6fd2174376ea0a3bf81f27904a7fc2b4,1,query_only,0,0,7,1,0,0,0.15,1.8971199848858813,1.0099999999999998,507,49,0.45,0.15,0.15,0.25
294,56e7001a6fd2174376ea0a3bf81f27904a7fc2b4,1,rag_1,1,1,7,1,0,0,0.25,1.3862943611198906,0.885,633,49,0.55,0.25,0.1,0.1
294,56e7001a6fd2174376ea0a3bf81f27904a7fc2b4,1,rag_3,3,3,7,1,0,0,0.25,1.3862943611198906,0.8099999999999999,1132,49,0.45,0.25,0.15,0.15
294,56e7001a6fd2174376ea0a3bf81f27904a7fc2b4,1,rag_5,5,5,7,1,0,0,0.25,1.3862943611198906,0.785,1511,49,0.4,0.25,0.15,0.2
294,56e7001a6fd2174376ea0a3bf81f27904a7fc2b4,1,rag_10,10,7,7,1,0,0,0.2,1.6094379124341003,0.9850000000000001,1851,49,0.55,0.2,0.05,0.2
294,56e7001a6fd2174376ea0a3bf81f27904a7fc2b4,1,rag_all_support,-1,7,7,1,0,0,0.2,1.6094379124341003,0.9850000000000001,1851,49,0.55,0.2,0.05,0.2
823,237ca08155149e8acda5a65469b518bcf894589d,1,query_only,0,0,10,1,0,0,0.30000000000000004,1.203972804325936,0.6749999999999999,420,49,0.35000000000000003,0.30000000000000004,0.20000000000000004,0.15000000000000002
823,237ca08155149e8acda5a65469b518bcf894589d,1,rag_1,1,1,10,1,1,1,0.4,0.916290731874155,0.485,555,49,0.25,0.4,0.15,0.2
823,237ca08155149e8acda5a65469b518bcf894589d,1,rag_3,3,3,10,1,0,0,0.28,1.2729656758128873,0.7399999999999999,769,49,0.42,0.28,0.14,0.16
823,237ca08155149e8acda5a65469b518bcf894589d,1,rag_5,5,5,10,1,0,0,0.25,1.3862943611198906,0.75,1011,49,0.25,0.25,0.25,0.25
823,237ca08155149e8acda5a65469b518bcf894589d,1,rag_10,10,10,10,1,1,1,0.3,1.2039728043259361,0.655,1730,49,0.25,0.3,0.2,0.25
823,237ca08155149e8acda5a65469b518bcf894589d,1,rag_all_support,-1,10,10,1,1,1,0.3,1.2039728043259361,0.655,1730,49,0.25,0.3,0.2,0.25
25,f1500180119db8d5625885fb0e4e2f8082834065,1,query_only,0,0,14,0,2,0,0.25,1.3862943611198906,0.8099999999999999,493,49,0.25,0.15,0.45,0.15
25,f1500180119db8d5625885fb0e4e2f8082834065,1,rag_1,1,1,14,0,0,1,0.55,0.5978370007556204,0.29,584,49,0.55,0.15,0.25,0.05
25,f1500180119db8d5625885fb0e4e2f8082834065,1,rag_3,3,3,14,0,0,1,0.5,0.6931471805599453,0.335,805,49,0.5,0.15,0.2,0.15
25,f1500180119db8d5625885fb0e4e2f8082834065,1,rag_5,5,5,14,0,0,1,0.55,0.5978370007556204,0.29,1028,49,0.55,0.15,0.25,0.05
25,f1500180119db8d5625885fb0e4e2f8082834065,1,rag_10,10,10,14,0,0,1,0.45,0.7985076962177716,0.4100000000000001,1490,49,0.45,0.15,0.25,0.15
25,f1500180119db8d5625885fb0e4e2f8082834065,1,rag_all_support,-1,14,14,0,0,1,0.45000000000000007,0.7985076962177715,0.41500000000000004,1998,49,0.45000000000000007,0.25000000000000006,0.20000000000000004,0.10000000000000002
687,16451d43bbbccfc663f9adb24b5734392d0e9e69,1,query_only,0,0,11,3,2,0,0.2,1.6094379124341003,0.8850000000000001,444,49,0.25,0.15,0.4,0.2
687,16451d43bbbccfc663f9adb24b5734392d0e9e69,1,rag_1,1,1,11,3,2,0,0.2,1.6094379124341003,0.8850000000000001,545,49,0.25,0.15,0.4,0.2
687,16451d43bbbccfc663f9adb24b5734392d0e9e69,1,rag_3,3,3,11,3,1,0,0.2,1.6094379124341003,0.8550000000000001,780,49,0.25,0.3,0.25,0.2
687,16451d43bbbccfc663f9adb24b5734392d0e9e69,1,rag_5,5,5,11,3,0,0,0.2,1.6094379124341003,0.8550000000000001,1012,49,0.3,0.25,0.25,0.2
687,16451d43bbbccfc663f9adb24b5734392d0e9e69,1,rag_10,10,10,11,3,0,0,0.25,1.3862943611198906,0.75,1537,49,0.25,0.25,0.25,0.25
687,16451d43bbbccfc663f9adb24b5734392d0e9e69,1,rag_all_support,-1,11,11,3,0,0,0.25,1.3862943611198906,0.75,1645,49,0.25,0.25,0.25,0.25
254,54f3689d85f689fa8dfdc44788e54becab4d0b5f,1,query_only,0,0,10,3,0,0,0.05,2.995732273553991,1.29,650,49,0.55,0.25,0.15,0.05
254,54f3689d85f689fa8dfdc44788e54becab4d0b5f,1,rag_1,1,1,10,3,0,0,0.1,2.3025850929940455,1.1216,907,49,0.42,0.34,0.14,0.1
254,54f3689d85f689fa8dfdc44788e54becab4d0b5f,1,rag_3,3,3,10,3,1,0,0.1,2.3025850929940455,1.1150000000000002,1218,49,0.35,0.4,0.15,0.1
254,54f3689d85f689fa8dfdc44788e54becab4d0b5f,1,rag_5,5,5,10,3,1,0,0.10000000000000002,2.3025850929940455,1.0968000000000002,1490,49,0.32000000000000006,0.38000000000000006,0.20000000000000004,0.10000000000000002
254,54f3689d85f689fa8dfdc44788e54becab4d0b5f,1,rag_10,10,10,10,3,1,0,0.10000000000000002,2.3025850929940455,1.1048000000000002,2488,49,0.2800000000000001,0.42000000000000004,0.20000000000000004,0.10000000000000002
254,54f3689d85f689fa8dfdc44788e54becab4d0b5f,1,rag_all_support,-1,10,10,3,1,0,0.10000000000000002,2.3025850929940455,1.1048000000000002,2488,49,0.2800000000000001,0.42000000000000004,0.20000000000000004,0.10000000000000002
959,995075b8b0c095b9c26e744fe20a1b1a012c2f2d,0,query_only,0,0,18,2,1,0,0.25,1.3862943611198906,0.77,456,49,0.15,0.35,0.25,0.25
959,995075b8b0c095b9c26e744fe20a1b1a012c2f2d,0,rag_1,1,1,18,2,1,0,0.25,1.3862943611198906,0.785,569,49,0.15,0.4,0.25,0.2
959,995075b8b0c095b9c26e744fe20a1b1a012c2f2d,0,rag_3,3,3,18,2,1,0,0.25,1.3862943611198906,0.785,802,49,0.15,0.4,0.25,0.2
959,995075b8b0c095b9c26e744fe20a1b1a012c2f2d,0,rag_5,5,5,18,2,1,0,0.25,1.3862943611198906,0.785,1036,49,0.15,0.4,0.25,0.2
959,995075b8b0c095b9c26e744fe20a1b1a012c2f2d,0,rag_10,10,10,18,2,1,0,0.24,1.4271163556401458,0.7944,1667,49,0.18,0.38,0.24,0.2
959,995075b8b0c095b9c26e744fe20a1b1a012c2f2d,0,rag_all_support,-1,18,18,2,1,0,0.25,1.3862943611198906,0.8150000000000001,2653,49,0.1,0.45,0.25,0.2
883,46262da993c8006911c0968947379e638a593620,4,query_only,0,0,11,2,1,0,0.19999999999999996,1.6094379124341005,0.9750000000000001,561,56,0.14999999999999997,0.5499999999999999,0.19999999999999996,0.09999999999999998
883,46262da993c8006911c0968947379e638a593620,4,rag_1,1,1,11,2,1,0,0.15,1.8971199848858813,1.115,742,49,0.15,0.6,0.15,0.1
883,46262da993c8006911c0968947379e638a593620,4,rag_3,3,3,11,2,1,0,0.15,1.8971199848858813,1.0699999999999998,1099,49,0.15,0.55,0.15,0.15
883,46262da993c8006911c0968947379e638a593620,4,rag_5,5,5,11,2,1,0,0.25,1.3862943611198906,0.795,1390,49,0.1,0.4,0.25,0.25
883,46262da993c8006911c0968947379e638a593620,4,rag_10,10,10,11,2,1,0,0.15,1.8971199848858813,1.0699999999999998,1981,49,0.15,0.55,0.15,0.15
883,46262da993c8006911c0968947379e638a593620,4,rag_all_support,-1,11,11,2,1,0,0.19999999999999996,1.6094379124341005,0.9750000000000001,2071,49,0.14999999999999997,0.5499999999999999,0.19999999999999996,0.09999999999999998
493,046dda9f5c594783ed33c73513fa9d4db66f8407,2,query_only,0,0,10,0,2,0,0.25,1.3862943611198906,0.755,514,49,0.25,0.25,0.3,0.2
493,046dda9f5c594783ed33c73513fa9d4db66f8407,2,rag_1,1,1,10,0,2,0,0.35,1.0498221244986778,0.6150000000000001,617,49,0.35,0.15,0.4,0.1
493,046dda9f5c594783ed33c73513fa9d4db66f8407,2,rag_3,3,3,10,0,0,1,0.35000000000000003,1.0498221244986776,0.585,848,49,0.35000000000000003,0.25000000000000006,0.30000000000000004,0.10000000000000002
493,046dda9f5c594783ed33c73513fa9d4db66f8407,2,rag_5,5,5,10,0,2,0,0.25,1.3862943611198906,0.785,1076,49,0.25,0.2,0.4,0.15
493,046dda9f5c594783ed33c73513fa9d4db66f8407,2,rag_10,10,10,10,0,2,0,0.28,1.2729656758128873,0.7058,1606,49,0.28,0.25,0.32,0.15
493,046dda9f5c594783ed33c73513fa9d4db66f8407,2,rag_all_support,-1,10,10,0,2,0,0.28,1.2729656758128873,0.7058,1606,49,0.28,0.25,0.32,0.15
822,b6480b06d3b1ac684d89b160bc4d1a37a652d617,0,query_only,0,0,17,1,1,1,0.4,0.916290731874155,0.4898,552,49,0.28,0.4,0.15,0.17
822,b6480b06d3b1ac684d89b160bc4d1a37a652d617,0,rag_1,1,1,17,1,1,1,0.4,0.916290731874155,0.4898,688,49,0.28,0.4,0.17,0.15
822,b6480b06d3b1ac684d89b160bc4d1a37a652d617,0,rag_3,3,3,17,1,1,1,0.36000000000000004,1.0216512475319812,0.564,895,49,0.32000000000000006,0.36000000000000004,0.18000000000000002,0.14000000000000004
822,b6480b06d3b1ac684d89b160bc4d1a37a652d617,0,rag_5,5,5,17,1,1,1,0.4,0.916290731874155,0.4904,1131,49,0.28,0.4,0.18,0.14
822,b6480b06d3b1ac684d89b160bc4d1a37a652d617,0,rag_10,10,10,17,1,1,1,0.4,0.916290731874155,0.485,1675,49,0.25,0.4,0.15,0.2
822,b6480b06d3b1ac684d89b160bc4d1a37a652d617,0,rag_all_support,-1,17,17,1,1,1,0.4,0.916290731874155,0.485,2399,49,0.25,0.4,0.15,0.2
662,78ae8c0e0a08d9595b2eabf4bb675784822a1294,3,query_only,0,0,9,3,0,0,0.2,1.6094379124341003,0.8728000000000001,549,49,0.38,0.22,0.2,0.2
662,78ae8c0e0a08d9595b2eabf4bb675784822a1294,3,rag_1,1,1,9,3,0,0,0.15,1.8971199848858813,1.07,651,49,0.55,0.15,0.15,0.15
662,78ae8c0e0a08d9595b2eabf4bb675784822a1294,3,rag_3,3,3,9,3,0,0,0.15000000000000002,1.897119984885881,0.9938,939,49,0.42000000000000004,0.25000000000000006,0.18000000000000002,0.15000000000000002
662,78ae8c0e0a08d9595b2eabf4bb675784822a1294,3,rag_5,5,5,9,3,0,0,0.2,1.6094379124341003,0.8904000000000001,1166,49,0.42,0.22,0.16,0.2
662,78ae8c0e0a08d9595b2eabf4bb675784822a1294,3,rag_10,10,9,9,3,0,0,0.2,1.6094379124341003,0.8888,1549,49,0.42,0.2,0.18,0.2
662,78ae8c0e0a08d9595b2eabf4bb675784822a1294,3,rag_all_support,-1,9,9,3,0,0,0.2,1.6094379124341003,0.8888,1549,49,0.42,0.2,0.18,0.2
635,01ec81106837328b5a0bf767dc7ec96877d085de,4,query_only,0,0,15,2,1,0,0.25,1.3862943611198906,0.785,482,49,0.15,0.4,0.25,0.2
635,01ec81106837328b5a0bf767dc7ec96877d085de,4,rag_1,1,1,15,2,1,0,0.2,1.6094379124341003,0.8800000000000002,576,49,0.2,0.4,0.2,0.2
635,01ec81106837328b5a0bf767dc7ec96877d085de,4,rag_3,3,3,15,2,1,0,0.25,1.3862943611198906,0.765,797,49,0.2,0.35,0.25,0.2
635,01ec81106837328b5a0bf767dc7ec96877d085de,4,rag_5,5,5,15,2,1,0,0.25,1.3862943611198906,0.785,1001,49,0.15,0.4,0.25,0.2
635,01ec81106837328b5a0bf767dc7ec96877d085de,4,rag_10,10,10,15,2,1,0,0.25,1.3862943611198906,0.785,1517,49,0.15,0.4,0.25,0.2
635,01ec81106837328b5a0bf767dc7ec96877d085de,4,rag_all_support,-1,15,15,2,1,0,0.25,1.3862943611198906,0.785,2258,49,0.2,0.4,0.25,0.15
237,b835094f0fb04883cfc7d4023b0a6580b3527034,5,query_only,0,0,19,2,2,1,0.4,0.916290731874155,0.485,459,49,0.25,0.15,0.4,0.2
237,b835094f0fb04883cfc7d4023b0a6580b3527034,5,rag_1,1,1,19,2,2,1,0.35,1.0498221244986778,0.5700000000000001,659,49,0.25,0.25,0.35,0.15
237,b835094f0fb04883cfc7d4023b0a6580b3527034,5,rag_3,3,3,19,2,2,1,0.35,1.0498221244986778,0.5700000000000001,892,49,0.25,0.25,0.35,0.15
237,b835094f0fb04883cfc7d4023b0a6580b3527034,5,rag_5,5,5,19,2,2,1,0.35,1.0498221244986778,0.5700000000000001,1106,49,0.25,0.25,0.35,0.15
237,b835094f0fb04883cfc7d4023b0a6580b3527034,5,rag_10,10,10,19,2,2,1,0.5,0.6931471805599453,0.345,1626,49,0.25,0.15,0.5,0.1
237,b835094f0fb04883cfc7d4023b0a6580b3527034,5,rag_all_support,-1,19,19,2,2,1,0.5,0.6931471805599453,0.345,2725,49,0.15,0.25,0.5,0.1
96,83f78bf1cc83ed68b1335c9b371370a1ded0e5bc,2,query_only,0,0,13,1,0,0,0.25,1.3862943611198906,0.75,392,49,0.25,0.25,0.25,0.25
96,83f78bf1cc83ed68b1335c9b371370a1ded0e5bc,2,rag_1,1,1,13,1,0,0,0.25,1.3862943611198906,0.75,462,49,0.25,0.25,0.25,0.25
96,83f78bf1cc83ed68b1335c9b371370a1ded0e5bc,2,rag_3,3,3,13,1,0,0,0.25,1.3862943611198906,0.75,671,49,0.25,0.25,0.25,0.25
96,83f78bf1cc83ed68b1335c9b371370a1ded0e5bc,2,rag_5,5,5,13,1,1,1,0.3,1.2039728043259361,0.655,884,49,0.25,0.3,0.25,0.2
96,83f78bf1cc83ed68b1335c9b371370a1ded0e5bc,2,rag_10,10,10,13,1,0,0,0.25,1.3862943611198906,0.75,1476,49,0.25,0.25,0.25,0.25
96,83f78bf1cc83ed68b1335c9b371370a1ded0e5bc,2,rag_all_support,-1,13,13,1,0,0,0.25,1.3862943611198906,0.75,1873,49,0.25,0.25,0.25,0.25
66,f53bcce8acae341cf849619f6ddaa48576f49caf,7,query_only,0,0,18,0,0,1,0.5499999999999999,0.5978370007556205,0.275,485,49,0.5499999999999999,0.14999999999999997,0.19999999999999996,0.09999999999999998
66,f53bcce8acae341cf849619f6ddaa48576f49caf,7,rag_1,1,1,18,0,0,1,0.5499999999999999,0.5978370007556205,0.275,652,49,0.5499999999999999,0.14999999999999997,0.19999999999999996,0.09999999999999998
66,f53bcce8acae341cf849619f6ddaa48576f49caf,7,rag_3,3,3,18,0,0,1,0.5499999999999999,0.5978370007556205,0.275,909,49,0.5499999999999999,0.14999999999999997,0.19999999999999996,0.09999999999999998
66,f53bcce8acae341cf849619f6ddaa48576f49caf,7,rag_5,5,5,18,0,0,1,0.5499999999999999,0.5978370007556205,0.275,1125,49,0.5499999999999999,0.14999999999999997,0.19999999999999996,0.09999999999999998
66,f53bcce8acae341cf849619f6ddaa48576f49caf,7,rag_10,10,10,18,0,0,1,0.42,0.8675005677047231,0.4616000000000001,1614,49,0.42,0.18,0.28,0.12
66,f53bcce8acae341cf849619f6ddaa48576f49caf,7,rag_all_support,-1,18,18,0,0,1,0.45,0.7985076962177716,0.4100000000000001,2383,49,0.45,0.15,0.25,0.15
548,5b77ec79cdb4d62f060653c7bcd1dd13f23a815f,1,query_only,0,0,10,1,1,1,0.3,1.2039728043259361,0.655,477,49,0.25,0.3,0.25,0.2
548,5b77ec79cdb4d62f060653c7bcd1dd13f23a815f,1,rag_1,1,1,10,1,1,1,0.35,1.0498221244986778,0.5700000000000001,601,49,0.25,0.35,0.25,0.15
548,5b77ec79cdb4d62f060653c7bcd1dd13f23a815f,1,rag_3,3,3,10,1,1,1,0.3,1.2039728043259361,0.655,812,49,0.25,0.3,0.25,0.2
548,5b77ec79cdb4d62f060653c7bcd1dd13f23a815f,1,rag_5,5,5,10,1,1,1,0.35,1.0498221244986778,0.5700000000000001,1002,49,0.25,0.35,0.25,0.15
548,5b77ec79cdb4d62f060653c7bcd1dd13f23a815f,1,rag_10,10,10,10,1,1,1,0.35,1.0498221244986778,0.5700000000000001,1572,49,0.25,0.35,0.25,0.15
548,5b77ec79cdb4d62f060653c7bcd1dd13f23a815f,1,rag_all_support,-1,10,10,1,1,1,0.35,1.0498221244986778,0.5700000000000001,1572,49,0.25,0.35,0.25,0.15
312,0b57887962d0bf4a53adfdde9cd8c4765bf8c80f,1,query_only,0,0,6,2,0,0,0.2,1.6094379124341003,0.8850000000000001,731,49,0.4,0.25,0.2,0.15
312,0b57887962d0bf4a53adfdde9cd8c4765bf8c80f,1,rag_1,1,1,6,2,0,0,0.15,1.8971199848858813,1.075,910,49,0.55,0.2,0.15,0.1
312,0b57887962d0bf4a53adfdde9cd8c4765bf8c80f,1,rag_3,3,3,6,2,0,0,0.15,1.8971199848858813,1.075,1254,49,0.55,0.2,0.15,0.1
312,0b57887962d0bf4a53adfdde9cd8c4765bf8c80f,1,rag_5,5,5,6,2,0,0,0.25,1.3862943611198906,0.77,1677,49,0.35,0.25,0.25,0.15
312,0b57887962d0bf4a53adfdde9cd8c4765bf8c80f,1,rag_10,10,6,6,2,0,0,0.25,1.3862943611198906,0.77,1880,49,0.35,0.25,0.25,0.15
312,0b57887962d0bf4a53adfdde9cd8c4765bf8c80f,1,rag_all_support,-1,6,6,2,0,0,0.25,1.3862943611198906,0.77,1880,49,0.35,0.25,0.25,0.15
110,0a46ed8a37d51574b4e0fa90f700cb99d2da8a48,2,query_only,0,0,13,3,0,0,0.25,1.3862943611198906,0.8900000000000001,510,49,0.55,0.15,0.05,0.25
110,0a46ed8a37d51574b4e0fa90f700cb99d2da8a48,2,rag_1,1,1,13,3,0,0,0.15,1.8971199848858813,1.07,678,49,0.55,0.15,0.15,0.15
110,0a46ed8a37d51574b4e0fa90f700cb99d2da8a48,2,rag_3,3,3,13,3,0,0,0.2,1.6094379124341003,0.9750000000000002,1082,49,0.55,0.15,0.1,0.2
110,0a46ed8a37d51574b4e0fa90f700cb99d2da8a48,2,rag_5,5,5,13,3,0,0,0.2,1.6094379124341003,0.9750000000000002,1371,49,0.55,0.15,0.1,0.2
110,0a46ed8a37d51574b4e0fa90f700cb99d2da8a48,2,rag_10,10,10,13,3,0,0,0.2,1.6094379124341003,0.9750000000000002,1885,49,0.55,0.15,0.1,0.2
110,0a46ed8a37d51574b4e0fa90f700cb99d2da8a48,2,rag_all_support,-1,13,13,3,0,0,0.25,1.3862943611198906,0.8678,2178,49,0.52,0.18,0.05,0.25
265,71b2bb47db63430f33ffc689233491c94d900b33,1,query_only,0,0,8,3,0,0,0.09999999999999998,2.302585092994046,1.1749999999999998,1268,49,0.5499999999999999,0.14999999999999997,0.19999999999999996,0.09999999999999998
265,71b2bb47db63430f33ffc689233491c94d900b33,1,rag_1,1,1,8,3,0,0,0.09999999999999998,2.302585092994046,1.1749999999999998,1397,49,0.5499999999999999,0.14999999999999997,0.19999999999999996,0.09999999999999998
265,71b2bb47db63430f33ffc689233491c94d900b33,1,rag_3,3,3,8,3,0,0,0.1,2.3025850929940455,1.185,1675,49,0.55,0.1,0.25,0.1
265,71b2bb47db63430f33ffc689233491c94d900b33,1,rag_5,5,5,8,3,0,0,0.2,1.6094379124341003,0.9458000000000002,2028,49,0.48,0.05,0.27,0.2
265,71b2bb47db63430f33ffc689233491c94d900b33,1,rag_10,10,8,8,3,0,0,0.1,2.3025850929940455,1.185,2605,49,0.55,0.1,0.25,0.1
265,71b2bb47db63430f33ffc689233491c94d900b33,1,rag_all_support,-1,8,8,3,0,0,0.1,2.3025850929940455,1.185,2605,49,0.55,0.1,0.25,0.1
355,2246d93dc11359b5d4b1fb293ecc6453f2601d96,1,query_only,0,0,8,0,1,0,0.25,1.3862943611198906,0.795,511,49,0.25,0.4,0.25,0.1
355,2246d93dc11359b5d4b1fb293ecc6453f2601d96,1,rag_1,1,1,8,0,0,1,0.42000000000000004,0.867500567704723,0.46480000000000005,625,49,0.42000000000000004,0.2800000000000001,0.20000000000000004,0.10000000000000002
355,2246d93dc11359b5d4b1fb293ecc6453f2601d96,1,rag_3,3,3,8,0,0,1,0.4,0.916290731874155,0.515,809,49,0.4,0.35,0.15,0.1
355,2246d93dc11359b5d4b1fb293ecc6453f2601d96,1,rag_5,5,5,8,0,1,0,0.35,1.0498221244986778,0.615,1052,49,0.35,0.4,0.15,0.1
355,2246d93dc11359b5d4b1fb293ecc6453f2601d96,1,rag_10,10,8,8,0,0,1,0.4,0.916290731874155,0.515,1391,49,0.4,0.35,0.15,0.1
355,2246d93dc11359b5d4b1fb293ecc6453f2601d96,1,rag_all_support,-1,8,8,0,0,1,0.4,0.916290731874155,0.515,1391,49,0.4,0.35,0.15,0.1
534,57cb052806aa329ca522da802fc36008411beefc,3,query_only,0,0,9,2,0,0,0.19999999999999996,1.6094379124341005,0.9750000000000001,497,49,0.5499999999999999,0.14999999999999997,0.19999999999999996,0.09999999999999998
534,57cb052806aa329ca522da802fc36008411beefc,3,rag_1,1,1,9,2,0,0,0.19999999999999996,1.6094379124341005,0.9750000000000001,601,49,0.5499999999999999,0.14999999999999997,0.19999999999999996,0.09999999999999998
534,57cb052806aa329ca522da802fc36008411beefc,3,rag_3,3,3,9,2,0,0,0.25,1.3862943611198906,0.83,876,49,0.45,0.25,0.25,0.05
534,57cb052806aa329ca522da802fc36008411beefc,3,rag_5,5,5,9,2,0,0,0.25,1.3862943611198906,0.89,1228,49,0.55,0.15,0.25,0.05
534,57cb052806aa329ca522da802fc36008411beefc,3,rag_10,10,9,9,2,0,0,0.25000000000000006,1.3862943611198904,0.8078000000000001,1672,49,0.42000000000000004,0.25000000000000006,0.25000000000000006,0.08000000000000002
534,57cb052806aa329ca522da802fc36008411beefc,3,rag_all_support,-1,9,9,2,0,0,0.25000000000000006,1.3862943611198904,0.8078000000000001,1672,49,0.42000000000000004,0.25000000000000006,0.25000000000000006,0.08000000000000002
578,604a535c68df05c75af4a1ab72ac8cb07091fff4,1,query_only,0,0,11,2,1,0,0.25,1.3862943611198906,0.77,526,49,0.25,0.35,0.25,0.15
578,604a535c68df05c75af4a1ab72ac8cb07091fff4,1,rag_1,1,1,11,2,1,0,0.25,1.3862943611198906,0.785,625,49,0.2,0.4,0.25,0.15
578,604a535c68df05c75af4a1ab72ac8cb07091fff4,1,rag_3,3,3,11,2,1,0,0.20000000000000004,1.6094379124341003,0.915,814,49,0.25000000000000006,0.45000000000000007,0.20000000000000004,0.10000000000000002
578,604a535c68df05c75af4a1ab72ac8cb07091fff4,1,rag_5,5,5,11,2,1,0,0.25,1.3862943611198906,0.8099999999999999,1031,49,0.15,0.45,0.25,0.15
578,604a535c68df05c75af4a1ab72ac8cb07091fff4,1,rag_10,10,10,11,2,1,0,0.2,1.6094379124341003,0.8850000000000001,1576,49,0.25,0.4,0.2,0.15
578,604a535c68df05c75af4a1ab72ac8cb07091fff4,1,rag_all_support,-1,11,11,2,0,0,0.15,1.8971199848858813,1.045,1665,49,0.5,0.25,0.15,0.1
425,ab25605483644d009364011f08985f35a80cfd09,6,query_only,0,0,15,1,1,1,0.35,1.0498221244986778,0.5700000000000001,446,49,0.25,0.35,0.15,0.25
425,ab25605483644d009364011f08985f35a80cfd09,6,rag_1,1,1,15,1,0,0,0.25,1.3862943611198906,0.75,550,49,0.25,0.25,0.25,0.25
425,ab25605483644d009364011f08985f35a80cfd09,6,rag_3,3,3,15,1,1,1,0.4,0.916290731874155,0.485,750,49,0.25,0.4,0.15,0.2
425,ab25605483644d009364011f08985f35a80cfd09,6,rag_5,5,5,15,1,1,1,0.35,1.0498221244986778,0.5700000000000001,972,50,0.25,0.35,0.15,0.25
425,ab25605483644d009364011f08985f35a80cfd09,6,rag_10,10,10,15,1,1,1,0.35,1.0498221244986778,0.5700000000000001,1630,49,0.25,0.35,0.15,0.25
425,ab25605483644d009364011f08985f35a80cfd09,6,rag_all_support,-1,15,15,1,1,1,0.4,0.916290731874155,0.485,2152,49,0.25,0.4,0.15,0.2
816,82fe5864cf12e51e7c805958636aea899404845f,0,query_only,0,0,8,0,0,1,0.35,1.0498221244986778,0.5750000000000001,407,49,0.35,0.15,0.3,0.2
816,82fe5864cf12e51e7c805958636aea899404845f,0,rag_1,1,1,8,0,0,1,0.6,0.5108256237659907,0.23500000000000004,515,49,0.6,0.1,0.25,0.05
816,82fe5864cf12e51e7c805958636aea899404845f,0,rag_3,3,3,8,0,0,1,0.5499999999999999,0.5978370007556205,0.275,816,49,0.5499999999999999,0.14999999999999997,0.19999999999999996,0.09999999999999998
816,82fe5864cf12e51e7c805958636aea899404845f,0,rag_5,5,5,8,0,2,0,0.28,1.2729656758128873,0.7397999999999999,1088,49,0.28,0.15,0.42,0.15
816,82fe5864cf12e51e7c805958636aea899404845f,0,rag_10,10,8,8,0,0,1,0.35,1.0498221244986778,0.59,1394,49,0.35,0.15,0.35,0.15
816,82fe5864cf12e51e7c805958636aea899404845f,0,rag_all_support,-1,8,8,0,0,1,0.35,1.0498221244986778,0.59,1394,49,0.35,0.15,0.35,0.15
787,76a5b42d09c020b10fc1a30200ec64c5e626e863,0,query_only,0,0,13,0,1,0,0.25,1.3862943611198906,0.885,511,49,0.25,0.55,0.1,0.1
787,76a5b42d09c020b10fc1a30200ec64c5e626e863,0,rag_1,1,1,13,0,1,0,0.28,1.2729656758128873,0.8264,684,49,0.28,0.54,0.08,0.1
787,76a5b42d09c020b10fc1a30200ec64c5e626e863,0,rag_3,3,3,13,0,1,0,0.35,1.0498221244986778,0.6499999999999999,869,49,0.35,0.45,0.15,0.05
787,76a5b42d09c020b10fc1a30200ec64c5e626e863,0,rag_5,5,5,13,0,1,0,0.35,1.0498221244986778,0.645,1086,49,0.35,0.45,0.1,0.1
787,76a5b42d09c020b10fc1a30200ec64c5e626e863,0,rag_10,10,10,13,0,1,0,0.35,1.0498221244986778,0.645,1591,49,0.35,0.45,0.1,0.1
787,76a5b42d09c020b10fc1a30200ec64c5e626e863,0,rag_all_support,-1,13,13,0,1,0,0.25,1.3862943611198906,0.8899999999999999,1912,49,0.25,0.55,0.15,0.05
486,859cbcd38f7d10544dc3b779dd3748fc476fdacc,2,query_only,0,0,9,1,0,0,0.25,1.3862943611198906,0.885,453,49,0.55,0.25,0.1,0.1
486,859cbcd38f7d10544dc3b779dd3748fc476fdacc,2,rag_1,1,1,9,1,0,0,0.25,1.3862943611198906,0.885,572,49,0.55,0.25,0.1,0.1
486,859cbcd38f7d10544dc3b779dd3748fc476fdacc,2,rag_3,3,3,9,1,0,0,0.35,1.0498221244986778,0.645,814,49,0.45,0.35,0.1,0.1
486,859cbcd38f7d10544dc3b779dd3748fc476fdacc,2,rag_5,5,5,9,1,0,0,0.35,1.0498221244986778,0.645,1010,49,0.45,0.35,0.1,0.1
486,859cbcd38f7d10544dc3b779dd3748fc476fdacc,2,rag_10,10,9,9,1,0,0,0.35,1.0498221244986778,0.6254,1452,49,0.42,0.35,0.12,0.11
486,859cbcd38f7d10544dc3b779dd3748fc476fdacc,2,rag_all_support,-1,9,9,1,0,0,0.35,1.0498221244986778,0.6254,1452,49,0.42,0.35,0.12,0.11
892,b1e253e8b5931c22b61bc53628457f1cd1767645,0,query_only,0,0,9,1,3,0,0.25,1.3862943611198906,0.7699999999999999,492,49,0.25,0.25,0.15,0.35
892,b1e253e8b5931c22b61bc53628457f1cd1767645,0,rag_1,1,1,9,1,0,0,0.25,1.3862943611198906,0.8099999999999999,568,49,0.45,0.25,0.15,0.15
892,b1e253e8b5931c22b61bc53628457f1cd1767645,0,rag_3,3,3,9,1,0,0,0.25,1.3862943611198906,0.785,855,49,0.4,0.25,0.2,0.15
892,b1e253e8b5931c22b61bc53628457f1cd1767645,0,rag_5,5,5,9,1,0,0,0.25000000000000006,1.3862943611198904,0.8150000000000002,1069,49,0.45000000000000007,0.25000000000000006,0.20000000000000004,0.10000000000000002
892,b1e253e8b5931c22b61bc53628457f1cd1767645,0,rag_10,10,9,9,1,1,1,0.35,1.0498221244986778,0.5650000000000001,1738,49,0.25,0.35,0.2,0.2
892,b1e253e8b5931c22b61bc53628457f1cd1767645,0,rag_all_support,-1,9,9,1,1,1,0.35,1.0498221244986778,0.5650000000000001,1738,49,0.25,0.35,0.2,0.2
902,fa6a7eb12a490c6843852cb5cc4919e826f70bcf,2,query_only,0,0,7,1,0,0,0.15,1.8971199848858813,1.0699999999999998,623,49,0.55,0.15,0.15,0.15
902,fa6a7eb12a490c6843852cb5cc4919e826f70bcf,2,rag_1,1,1,7,1,0,0,0.15,1.8971199848858813,1.0699999999999998,701,49,0.55,0.15,0.15,0.15
902,fa6a7eb12a490c6843852cb5cc4919e826f70bcf,2,rag_3,3,3,7,1,0,0,0.15,1.8971199848858813,1.0699999999999998,913,49,0.55,0.15,0.15,0.15
902,fa6a7eb12a490c6843852cb5cc4919e826f70bcf,2,rag_5,5,5,7,1,0,0,0.15,1.8971199848858813,1.0699999999999998,1128,49,0.55,0.15,0.15,0.15
902,fa6a7eb12a490c6843852cb5cc4919e826f70bcf,2,rag_10,10,7,7,1,0,0,0.15,1.8971199848858813,1.0699999999999998,1343,49,0.55,0.15,0.15,0.15
902,fa6a7eb12a490c6843852cb5cc4919e826f70bcf,2,rag_all_support,-1,7,7,1,0,0,0.15,1.8971199848858813,1.0699999999999998,1343,49,0.55,0.15,0.15,0.15
327,da4e631638801286d04db8d26facee5217822d02,2,query_only,0,0,9,2,1,0,0.25,1.3862943611198906,0.89,551,49,0.15,0.55,0.25,0.05
327,da4e631638801286d04db8d26facee5217822d02,2,rag_1,1,1,9,2,1,0,0.25,1.3862943611198906,0.885,657,49,0.1,0.55,0.25,0.1
327,da4e631638801286d04db8d26facee5217822d02,2,rag_3,3,3,9,2,1,0,0.25,1.3862943611198906,0.89,992,49,0.15,0.55,0.25,0.05
327,da4e631638801286d04db8d26facee5217822d02,2,rag_5,5,5,9,2,1,0,0.25,1.3862943611198906,0.89,1260,49,0.15,0.55,0.25,0.05
327,da4e631638801286d04db8d26facee5217822d02,2,rag_10,10,9,9,2,1,0,0.25,1.3862943611198906,0.89,1843,49,0.15,0.55,0.25,0.05
327,da4e631638801286d04db8d26facee5217822d02,2,rag_all_support,-1,9,9,2,1,0,0.25,1.3862943611198906,0.89,1843,49,0.15,0.55,0.25,0.05
761,86b99edb484a0ed4dcc45d517e6bcd256ddf21ba,7,query_only,0,0,16,0,1,0,0.25,1.3862943611198906,0.7699999999999999,438,49,0.25,0.35,0.25,0.15
761,86b99edb484a0ed4dcc45d517e6bcd256ddf21ba,7,rag_1,1,1,16,0,0,1,0.35000000000000003,1.0498221244986776,0.575,542,49,0.35000000000000003,0.30000000000000004,0.20000000000000004,0.15000000000000002
761,86b99edb484a0ed4dcc45d517e6bcd256ddf21ba,7,rag_3,3,3,16,0,0,1,0.4,0.916290731874155,0.515,721,49,0.4,0.35,0.15,0.1
761,86b99edb484a0ed4dcc45d517e6bcd256ddf21ba,7,rag_5,5,5,16,0,1,0,0.35,1.0498221244986778,0.615,929,49,0.35,0.4,0.15,0.1
761,86b99edb484a0ed4dcc45d517e6bcd256ddf21ba,7,rag_10,10,10,16,0,0,1,0.35000000000000003,1.0498221244986776,0.575,1426,49,0.35000000000000003,0.30000000000000004,0.20000000000000004,0.15000000000000002
761,86b99edb484a0ed4dcc45d517e6bcd256ddf21ba,7,rag_all_support,-1,16,16,0,0,1,0.4,0.916290731874155,0.48500000000000004,2179,49,0.4,0.25,0.2,0.15
351,1d698e3617aa6182c2c81a6c5275de17897449a2,7,query_only,0,0,16,3,0,0,0.15,1.8971199848858813,1.07,495,49,0.55,0.15,0.15,0.15
351,1d698e3617aa6182c2c81a6c5275de17897449a2,7,rag_1,1,1,16,3,0,0,0.2,1.6094379124341003,0.9050000000000001,598,50,0.45,0.2,0.15,0.2
351,1d698e3617aa6182c2c81a6c5275de17897449a2,7,rag_3,3,3,16,3,0,0,0.15,1.8971199848858813,1.07,835,49,0.55,0.15,0.15,0.15
351,1d698e3617aa6182c2c81a6c5275de17897449a2,7,rag_5,5,5,16,3,0,0,0.15,1.8971199848858813,1.07,1032,49,0.55,0.15,0.15,0.15
351,1d698e3617aa6182c2c81a6c5275de17897449a2,7,rag_10,10,10,16,3,0,0,0.15,1.8971199848858813,1.07,1555,49,0.55,0.15,0.15,0.15
351,1d698e3617aa6182c2c81a6c5275de17897449a2,7,rag_all_support,-1,16,16,3,0,0,0.15,1.8971199848858813,1.07,2350,49,0.55,0.15,0.15,0.15
849,50dbfb40b2a6df86b5ab6cda7c111ce813a4e5d4,2,query_only,0,0,13,3,2,0,0.15,1.8971199848858813,1.0099999999999998,484,49,0.15,0.25,0.45,0.15
849,50dbfb40b2a6df86b5ab6cda7c111ce813a4e5d4,2,rag_1,1,1,13,3,2,0,0.15,1.8971199848858813,0.97,572,49,0.25,0.25,0.35,0.15
849,50dbfb40b2a6df86b5ab6cda7c111ce813a4e5d4,2,rag_3,3,3,13,3,2,0,0.15,1.8971199848858813,0.97,748,49,0.25,0.25,0.35,0.15
849,50dbfb40b2a6df86b5ab6cda7c111ce813a4e5d4,2,rag_5,5,5,13,3,2,0,0.15,1.8971199848858813,0.985,1018,49,0.2,0.25,0.4,0.15
849,50dbfb40b2a6df86b5ab6cda7c111ce813a4e5d4,2,rag_10,10,10,13,3,2,0,0.15,1.8971199848858813,1.0099999999999998,1595,49,0.15,0.25,0.45,0.15
849,50dbfb40b2a6df86b5ab6cda7c111ce813a4e5d4,2,rag_all_support,-1,13,13,3,2,0,0.15,1.8971199848858813,0.985,1949,49,0.2,0.25,0.4,0.15
44,c99910d80e652162dabaec778aa562c053b32b2d,1,query_only,0,0,8,0,0,1,0.45,0.7985076962177716,0.4100000000000001,490,49,0.45,0.15,0.15,0.25
44,c99910d80e652162dabaec778aa562c053b32b2d,1,rag_1,1,1,8,0,3,0,0.25,1.3862943611198906,0.7699999999999999,590,50,0.25,0.15,0.25,0.35
44,c99910d80e652162dabaec778aa562c053b32b2d,1,rag_3,3,3,8,0,0,1,0.55,0.5978370007556204,0.26999999999999996,788,49,0.55,0.15,0.15,0.15
44,c99910d80e652162dabaec778aa562c053b32b2d,1,rag_5,5,5,8,0,0,1,0.55,0.5978370007556204,0.26999999999999996,965,49,0.55,0.15,0.15,0.15
44,c99910d80e652162dabaec778aa562c053b32b2d,1,rag_10,10,8,8,0,0,1,0.55,0.5978370007556204,0.26999999999999996,1256,49,0.55,0.15,0.15,0.15
44,c99910d80e652162dabaec778aa562c053b32b2d,1,rag_all_support,-1,8,8,0,0,1,0.55,0.5978370007556204,0.26999999999999996,1256,49,0.55,0.15,0.15,0.15
451,095c49214516829f53a0456c2b8b9b31a8a46200,4,query_only,0,0,15,1,0,0,0.3,1.2039728043259361,0.8049999999999999,651,49,0.55,0.3,0.1,0.05
451,095c49214516829f53a0456c2b8b9b31a8a46200,4,rag_1,1,1,15,1,0,0,0.3,1.2039728043259361,0.8049999999999999,821,49,0.55,0.3,0.1,0.05
451,095c49214516829f53a0456c2b8b9b31a8a46200,4,rag_3,3,3,15,1,0,0,0.3,1.2039728043259361,0.8049999999999999,1052,49,0.55,0.3,0.1,0.05
451,095c49214516829f53a0456c2b8b9b31a8a46200,4,rag_5,5,5,15,1,0,0,0.29999999999999993,1.2039728043259361,0.8049999999999999,1270,49,0.5499999999999999,0.29999999999999993,0.04999999999999999,0.09999999999999998
451,095c49214516829f53a0456c2b8b9b31a8a46200,4,rag_10,10,10,15,1,0,0,0.25,1.3862943611198906,0.885,1872,49,0.55,0.25,0.1,0.1
451,095c49214516829f53a0456c2b8b9b31a8a46200,4,rag_all_support,-1,15,15,1,0,0,0.36,1.0216512475319814,0.6103999999999999,2469,49,0.42,0.36,0.12,0.1
280,fc2fb719fc20073e3b72bdd03d2425b9cae56090,1,query_only,0,0,6,2,0,0,0.15,1.8971199848858813,1.075,476,49,0.55,0.2,0.15,0.1
280,fc2fb719fc20073e3b72bdd03d2425b9cae56090,1,rag_1,1,1,6,2,1,0,0.15,1.8971199848858813,0.97,608,49,0.25,0.35,0.15,0.25
280,fc2fb719fc20073e3b72bdd03d2425b9cae56090,1,rag_3,3,3,6,2,0,0,0.2,1.6094379124341003,0.8850000000000001,971,49,0.4,0.25,0.2,0.15
280,fc2fb719fc20073e3b72bdd03d2425b9cae56090,1,rag_5,5,5,6,2,0,0,0.2,1.6094379124341003,0.8850000000000001,1422,49,0.4,0.25,0.2,0.15
280,fc2fb719fc20073e3b72bdd03d2425b9cae56090,1,rag_10,10,6,6,2,0,0,0.15,1.8971199848858813,0.9649999999999999,1581,49,0.3,0.25,0.15,0.3
280,fc2fb719fc20073e3b72bdd03d2425b9cae56090,1,rag_all_support,-1,6,6,2,0,0,0.15,1.8971199848858813,0.9649999999999999,1581,49,0.3,0.25,0.15,0.3
601,28f0ff41367b93d1bb4b7ac78086476ee8b5c9cb,4,query_only,0,0,16,2,0,0,0.28,1.2729656758128873,0.7367999999999999,508,49,0.38,0.26,0.28,0.08
601,28f0ff41367b93d1bb4b7ac78086476ee8b5c9cb,4,rag_1,1,1,16,2,0,0,0.20000000000000004,1.6094379124341003,0.9528000000000001,718,49,0.5200000000000001,0.18000000000000002,0.20000000000000004,0.10000000000000002
601,28f0ff41367b93d1bb4b7ac78086476ee8b5c9cb,4,rag_3,3,3,16,2,0,0,0.25,1.3862943611198906,0.8197999999999999,1125,49,0.42,0.28,0.25,0.05
601,28f0ff41367b93d1bb4b7ac78086476ee8b5c9cb,4,rag_5,5,5,16,2,0,0,0.25,1.3862943611198906,0.795,1346,49,0.4,0.25,0.25,0.1
601,28f0ff41367b93d1bb4b7ac78086476ee8b5c9cb,4,rag_10,10,10,16,2,0,0,0.27,1.3093333199837622,0.7754,1907,49,0.42,0.25,0.27,0.06
601,28f0ff41367b93d1bb4b7ac78086476ee8b5c9cb,4,rag_all_support,-1,16,16,2,0,0,0.25000000000000006,1.3862943611198904,0.8078000000000001,2573,49,0.42000000000000004,0.25000000000000006,0.25000000000000006,0.08000000000000002
559,2353dc5c0dce8d4cff0a5f314a3306090666f263,1,query_only,0,0,7,1,0,0,0.25,1.3862943611198906,0.75,549,49,0.25,0.25,0.25,0.25
559,2353dc5c0dce8d4cff0a5f314a3306090666f263,1,rag_1,1,1,7,1,1,1,0.35,1.0498221244986778,0.5700000000000001,646,49,0.25,0.35,0.25,0.15
559,2353dc5c0dce8d4cff0a5f314a3306090666f263,1,rag_3,3,3,7,1,2,0,0.25,1.3862943611198906,0.755,889,49,0.25,0.25,0.3,0.2
559,2353dc5c0dce8d4cff0a5f314a3306090666f263,1,rag_5,5,5,7,1,0,0,0.25,1.3862943611198906,0.75,1111,50,0.25,0.25,0.25,0.25
559,2353dc5c0dce8d4cff0a5f314a3306090666f263,1,rag_10,10,7,7,1,2,0,0.22,1.5141277326297755,0.8168000000000001,1395,49,0.28,0.22,0.3,0.2
559,2353dc5c0dce8d4cff0a5f314a3306090666f263,1,rag_all_support,-1,7,7,1,2,0,0.22,1.5141277326297755,0.8168000000000001,1395,49,0.28,0.22,0.3,0.2
522,89b9a14fade733b87d0dac70816389a2c2cd698e,4,query_only,0,0,14,0,0,1,0.35,1.0498221244986778,0.59,507,49,0.35,0.15,0.35,0.15
522,89b9a14fade733b87d0dac70816389a2c2cd698e,4,rag_1,1,1,14,0,0,1,0.4,0.916290731874155,0.54,626,49,0.4,0.1,0.4,0.1
522,89b9a14fade733b87d0dac70816389a2c2cd698e,4,rag_3,3,3,14,0,0,1,0.4,0.916290731874155,0.49500000000000005,827,49,0.4,0.15,0.3,0.15
522,89b9a14fade733b87d0dac70816389a2c2cd698e,4,rag_5,5,5,14,0,2,0,0.35,1.0498221244986778,0.6150000000000001,1059,49,0.35,0.15,0.4,0.1
522,89b9a14fade733b87d0dac70816389a2c2cd698e,4,rag_10,10,10,14,0,0,1,0.35,1.0498221244986778,0.5750000000000001,1601,49,0.35,0.15,0.3,0.2
522,89b9a14fade733b87d0dac70816389a2c2cd698e,4,rag_all_support,-1,14,14,0,2,0,0.32,1.1394342831883648,0.6536,2206,49,0.32,0.12,0.38,0.18
60,940873c27885cc66e52a1248a5f2a4c6f68bacd6,1,query_only,0,0,13,1,0,0,0.35,1.0498221244986778,0.615,448,49,0.4,0.35,0.15,0.1
60,940873c27885cc66e52a1248a5f2a4c6f68bacd6,1,rag_1,1,1,13,1,1,1,0.35,1.0498221244986778,0.5650000000000001,538,49,0.25,0.35,0.2,0.2
60,940873c27885cc66e52a1248a5f2a4c6f68bacd6,1,rag_3,3,3,13,1,0,0,0.30000000000000004,1.203972804325936,0.6749999999999999,757,49,0.35000000000000003,0.30000000000000004,0.20000000000000004,0.15000000000000002
60,940873c27885cc66e52a1248a5f2a4c6f68bacd6,1,rag_5,5,5,13,1,1,1,0.3,1.2039728043259361,0.6649999999999999,950,49,0.25,0.3,0.15,0.3
60,940873c27885cc66e52a1248a5f2a4c6f68bacd6,1,rag_10,10,10,13,1,1,1,0.35,1.0498221244986778,0.5650000000000001,1434,49,0.25,0.35,0.2,0.2
60,940873c27885cc66e52a1248a5f2a4c6f68bacd6,1,rag_all_support,-1,13,13,1,1,1,0.35,1.0498221244986778,0.5650000000000001,1875,49,0.25,0.35,0.2,0.2
692,16fd43142b00071fe9233b0d69d45289a1304991,0,query_only,0,0,17,1,1,1,0.55,0.5978370007556204,0.27499999999999997,484,49,0.15,0.55,0.1,0.2
692,16fd43142b00071fe9233b0d69d45289a1304991,0,rag_1,1,1,17,1,1,1,0.4,0.916290731874155,0.515,682,49,0.25,0.4,0.05,0.3
692,16fd43142b00071fe9233b0d69d45289a1304991,0,rag_3,3,3,17,1,1,1,0.55,0.5978370007556204,0.27499999999999997,1045,49,0.15,0.55,0.1,0.2
692,16fd43142b00071fe9233b0d69d45289a1304991,0,rag_5,5,5,17,1,1,1,0.5,0.6931471805599453,0.35500000000000004,1327,49,0.2,0.5,0.05,0.25
692,16fd43142b00071fe9233b0d69d45289a1304991,0,rag_10,10,10,17,1,1,1,0.45,0.7985076962177716,0.405,1791,49,0.2,0.45,0.15,0.2
692,16fd43142b00071fe9233b0d69d45289a1304991,0,rag_all_support,-1,17,17,1,1,1,0.45,0.7985076962177716,0.4100000000000001,2534,49,0.15,0.45,0.15,0.25
377,9bc8dfe99f2a30524e6835521170787e31947cb6,1,query_only,0,0,8,2,1,0,0.2,1.6094379124341003,0.8850000000000001,421,49,0.15,0.4,0.2,0.25
377,9bc8dfe99f2a30524e6835521170787e31947cb6,1,rag_1,1,1,8,2,1,0,0.2,1.6094379124341003,0.8650000000000002,531,49,0.25,0.35,0.2,0.2
377,9bc8dfe99f2a30524e6835521170787e31947cb6,1,rag_3,3,3,8,2,1,0,0.25,1.3862943611198906,0.765,745,49,0.2,0.35,0.25,0.2
377,9bc8dfe99f2a30524e6835521170787e31947cb6,1,rag_5,5,5,8,2,2,1,0.35,1.0498221244986778,0.5700000000000001,934,49,0.15,0.25,0.35,0.25
377,9bc8dfe99f2a30524e6835521170787e31947cb6,1,rag_10,10,8,8,2,1,0,0.25,1.3862943611198906,0.785,1260,49,0.15,0.4,0.25,0.2
377,9bc8dfe99f2a30524e6835521170787e31947cb6,1,rag_all_support,-1,8,8,2,1,0,0.25,1.3862943611198906,0.785,1260,49,0.15,0.4,0.25,0.2
67,c9d79921d049bb7255303e8ea5a0a20ca98ae175,4,query_only,0,0,15,0,1,0,0.25,1.3862943611198906,0.765,509,49,0.25,0.35,0.2,0.2
67,c9d79921d049bb7255303e8ea5a0a20ca98ae175,4,rag_1,1,1,15,0,1,0,0.25,1.3862943611198906,0.765,634,49,0.25,0.35,0.2,0.2
67,c9d79921d049bb7255303e8ea5a0a20ca98ae175,4,rag_3,3,3,15,0,0,1,0.35,1.0498221244986778,0.5650000000000001,849,49,0.35,0.25,0.2,0.2
67,c9d79921d049bb7255303e8ea5a0a20ca98ae175,4,rag_5,5,5,15,0,0,1,0.5,0.6931471805599453,0.3350000000000001,1078,49,0.5,0.15,0.15,0.2
67,c9d79921d049bb7255303e8ea5a0a20ca98ae175,4,rag_10,10,10,15,0,0,1,0.35,1.0498221244986778,0.5700000000000001,1615,49,0.35,0.25,0.25,0.15
67,c9d79921d049bb7255303e8ea5a0a20ca98ae175,4,rag_all_support,-1,15,15,0,0,1,0.35000000000000003,1.0498221244986776,0.575,2352,49,0.35000000000000003,0.30000000000000004,0.20000000000000004,0.15000000000000002
346,c74dac5febc7c7634559f5eaa9160f89b82e0736,6,query_only,0,0,14,2,0,0,0.25,1.3862943611198906,0.75,546,49,0.25,0.25,0.25,0.25
346,c74dac5febc7c7634559f5eaa9160f89b82e0736,6,rag_1,1,1,14,2,0,0,0.25,1.3862943611198906,0.755,663,49,0.3,0.25,0.25,0.2
346,c74dac5febc7c7634559f5eaa9160f89b82e0736,6,rag_3,3,3,14,2,0,0,0.25,1.3862943611198906,0.75,870,49,0.25,0.25,0.25,0.25
346,c74dac5febc7c7634559f5eaa9160f89b82e0736,6,rag_5,5,5,14,2,0,0,0.25,1.3862943611198906,0.75,1094,49,0.25,0.25,0.25,0.25
346,c74dac5febc7c7634559f5eaa9160f89b82e0736,6,rag_10,10,10,14,2,0,0,0.15,1.8971199848858813,0.985,1604,49,0.4,0.25,0.15,0.2
346,c74dac5febc7c7634559f5eaa9160f89b82e0736,6,rag_all_support,-1,14,14,2,0,0,0.22,1.5141277326297755,0.812,2045,49,0.28,0.26,0.22,0.24
644,45ac582786a03dd49e379f302312e0c89fe8d2f3,3,query_only,0,0,13,0,1,0,0.27999999999999997,1.2729656758128876,0.7207999999999999,482,49,0.27999999999999997,0.31999999999999995,0.29999999999999993,0.09999999999999998
644,45ac582786a03dd49e379f302312e0c89fe8d2f3,3,rag_1,1,1,13,0,0,1,0.32,1.1394342831883648,0.6257999999999999,585,49,0.32,0.28,0.25,0.15
644,45ac582786a03dd49e379f302312e0c89fe8d2f3,3,rag_3,3,3,13,0,0,1,0.4,0.916290731874155,0.48500000000000004,862,49,0.4,0.25,0.2,0.15
644,45ac582786a03dd49e379f302312e0c89fe8d2f3,3,rag_5,5,5,13,0,1,0,0.25,1.3862943611198906,0.795,1080,49,0.25,0.4,0.25,0.1
644,45ac582786a03dd49e379f302312e0c89fe8d2f3,3,rag_10,10,10,13,0,0,1,0.25,1.3862943611198906,0.75,1618,49,0.25,0.25,0.25,0.25
644,45ac582786a03dd49e379f302312e0c89fe8d2f3,3,rag_all_support,-1,13,13,0,1,0,0.28,1.2729656758128873,0.7368,2041,49,0.28,0.4,0.22,0.1
529,582aa0b5331d20d91af7e16a527d76506c6e6064,4,query_only,0,0,14,3,1,0,0.3,1.2039728043259361,0.695,470,49,0.15,0.4,0.15,0.3
529,582aa0b5331d20d91af7e16a527d76506c6e6064,4,rag_1,1,1,14,3,1,0,0.35,1.0498221244986778,0.6150000000000001,581,49,0.1,0.4,0.15,0.35
529,582aa0b5331d20d91af7e16a527d76506c6e6064,4,rag_3,3,3,14,3,1,0,0.1,2.3025850929940455,1.215,766,49,0.15,0.6,0.15,0.1
529,582aa0b5331d20d91af7e16a527d76506c6e6064,4,rag_5,5,5,14,3,1,0,0.2,1.6094379124341003,0.9750000000000002,931,49,0.1,0.55,0.15,0.2
529,582aa0b5331d20d91af7e16a527d76506c6e6064,4,rag_10,10,10,14,3,1,0,0.2,1.6094379124341003,0.9350000000000002,1506,49,0.15,0.5,0.15,0.2
529,582aa0b5331d20d91af7e16a527d76506c6e6064,4,rag_all_support,-1,14,14,3,1,0,0.2,1.6094379124341003,0.9750000000000002,2004,49,0.15,0.55,0.1,0.2
218,fec12d115834583971a57d106afcbdf73b7717d2,3,query_only,0,0,11,3,0,0,0.25,1.3862943611198906,0.75,466,49,0.25,0.25,0.25,0.25
218,fec12d115834583971a57d106afcbdf73b7717d2,3,rag_1,1,1,11,3,2,0,0.25,1.3862943611198906,0.77,586,49,0.15,0.25,0.35,0.25
218,fec12d115834583971a57d106afcbdf73b7717d2,3,rag_3,3,3,11,3,2,0,0.2,1.6094379124341003,0.8650000000000001,828,49,0.25,0.2,0.35,0.2
218,fec12d115834583971a57d106afcbdf73b7717d2,3,rag_5,5,5,11,3,2,0,0.2,1.6094379124341003,0.8850000000000001,1028,49,0.25,0.15,0.4,0.2
218,fec12d115834583971a57d106afcbdf73b7717d2,3,rag_10,10,10,11,3,2,0,0.25,1.3862943611198906,0.77,1579,49,0.25,0.15,0.35,0.25
218,fec12d115834583971a57d106afcbdf73b7717d2,3,rag_all_support,-1,11,11,3,0,0,0.25,1.3862943611198906,0.75,1697,49,0.25,0.25,0.25,0.25
213,052c06e042828dc95397638c58eb866fced8c5b0,5,query_only,0,0,11,1,0,0,0.25,1.3862943611198906,0.785,430,49,0.4,0.25,0.2,0.15
213,052c06e042828dc95397638c58eb866fced8c5b0,5,rag_1,1,1,11,1,0,0,0.25000000000000006,1.3862943611198904,0.8150000000000002,548,49,0.45000000000000007,0.25000000000000006,0.20000000000000004,0.10000000000000002
213,052c06e042828dc95397638c58eb866fced8c5b0,5,rag_3,3,3,11,1,0,0,0.25,1.3862943611198906,0.845,731,49,0.5,0.25,0.15,0.1
213,052c06e042828dc95397638c58eb866fced8c5b0,5,rag_5,5,5,11,1,0,0,0.25,1.3862943611198906,0.785,924,49,0.4,0.25,0.2,0.15
213,052c06e042828dc95397638c58eb866fced8c5b0,5,rag_10,10,10,11,1,0,0,0.25,1.3862943611198906,0.785,1480,49,0.4,0.25,0.2,0.15
213,052c06e042828dc95397638c58eb866fced8c5b0,5,rag_all_support,-1,11,11,1,0,0,0.25,1.3862943611198906,0.8899999999999999,1603,49,0.55,0.25,0.15,0.05
299,36a42f9af9674deb39c0ef4349a3553f7d162e83,0,query_only,0,0,5,3,0,0,0.15,1.8971199848858813,0.9949999999999999,552,49,0.4,0.3,0.15,0.15
299,36a42f9af9674deb39c0ef4349a3553f7d162e83,0,rag_1,1,1,5,3,0,0,0.1,2.3025850929940455,1.145,672,49,0.5,0.25,0.15,0.1
299,36a42f9af9674deb39c0ef4349a3553f7d162e83,0,rag_3,3,3,5,3,1,0,0.15,1.8971199848858813,1.01,936,49,0.25,0.45,0.15,0.15
299,36a42f9af9674deb39c0ef4349a3553f7d162e83,0,rag_5,5,5,5,3,1,0,0.2,1.6094379124341003,0.8850000000000001,1224,49,0.25,0.4,0.15,0.2
299,36a42f9af9674deb39c0ef4349a3553f7d162e83,0,rag_10,10,5,5,3,1,0,0.2,1.6094379124341003,0.8850000000000001,1224,49,0.25,0.4,0.15,0.2
299,36a42f9af9674deb39c0ef4349a3553f7d162e83,0,rag_all_support,-1,5,5,3,1,0,0.2,1.6094379124341003,0.8850000000000001,1224,49,0.25,0.4,0.15,0.2
737,f01b9a3bcc59c68dba4d234ca29043c23d10fe2f,1,query_only,0,0,8,0,0,1,0.28,1.2729656758128873,0.7008,488,49,0.28,0.28,0.28,0.16
737,f01b9a3bcc59c68dba4d234ca29043c23d10fe2f,1,rag_1,1,1,8,0,0,1,0.4,0.916290731874155,0.495,583,49,0.4,0.25,0.25,0.1
737,f01b9a3bcc59c68dba4d234ca29043c23d10fe2f,1,rag_3,3,3,8,0,2,0,0.28,1.2729656758128873,0.7111999999999999,795,49,0.28,0.24,0.34,0.14
737,f01b9a3bcc59c68dba4d234ca29043c23d10fe2f,1,rag_5,5,5,8,0,2,0,0.25,1.3862943611198906,0.7699999999999999,1084,49,0.25,0.25,0.35,0.15
737,f01b9a3bcc59c68dba4d234ca29043c23d10fe2f,1,rag_10,10,8,8,0,2,0,0.25,1.3862943611198906,0.755,1593,49,0.25,0.25,0.3,0.2
737,f01b9a3bcc59c68dba4d234ca29043c23d10fe2f,1,rag_all_support,-1,8,8,0,2,0,0.25,1.3862943611198906,0.755,1593,49,0.25,0.25,0.3,0.2
244,0494b0c229fb55196acee84fb249693e0c7ad29a,1,query_only,0,0,9,3,0,0,0.2,1.6094379124341003,0.8850000000000001,505,49,0.4,0.15,0.25,0.2
244,0494b0c229fb55196acee84fb249693e0c7ad29a,1,rag_1,1,1,9,3,0,0,0.2,1.6094379124341003,0.8850000000000001,679,50,0.4,0.15,0.25,0.2
244,0494b0c229fb55196acee84fb249693e0c7ad29a,1,rag_3,3,3,9,3,0,0,0.05,2.995732273553991,1.29,871,49,0.55,0.15,0.25,0.05
244,0494b0c229fb55196acee84fb249693e0c7ad29a,1,rag_5,5,5,9,3,0,0,0.15,1.8971199848858813,1.0899999999999999,1122,49,0.55,0.05,0.25,0.15
244,0494b0c229fb55196acee84fb249693e0c7ad29a,1,rag_10,10,9,9,3,0,0,0.05,2.995732273553991,1.29,1522,49,0.55,0.15,0.25,0.05
244,0494b0c229fb55196acee84fb249693e0c7ad29a,1,rag_all_support,-1,9,9,3,0,0,0.05,2.995732273553991,1.29,1522,49,0.55,0.15,0.25,0.05
740,d35768b67ce8ed7e0cb6cb2dcb96b4ded5cce9b5,4,query_only,0,0,15,0,0,1,0.25,1.3862943611198906,0.75,431,49,0.25,0.25,0.25,0.25
740,d35768b67ce8ed7e0cb6cb2dcb96b4ded5cce9b5,4,rag_1,1,1,15,0,0,1,0.25,1.3862943611198906,0.75,517,49,0.25,0.25,0.25,0.25
740,d35768b67ce8ed7e0cb6cb2dcb96b4ded5cce9b5,4,rag_3,3,3,15,0,0,1,0.35,1.0498221244986778,0.5700000000000001,722,49,0.35,0.25,0.15,0.25
740,d35768b67ce8ed7e0cb6cb2dcb96b4ded5cce9b5,4,rag_5,5,5,15,0,0,1,0.45,0.7985076962177716,0.4100000000000001,940,49,0.45,0.25,0.15,0.15
740,d35768b67ce8ed7e0cb6cb2dcb96b4ded5cce9b5,4,rag_10,10,10,15,0,0,1,0.4,0.916290731874155,0.485,1493,49,0.4,0.25,0.15,0.2
740,d35768b67ce8ed7e0cb6cb2dcb96b4ded5cce9b5,4,rag_all_support,-1,15,15,0,0,1,0.35,1.0498221244986778,0.5650000000000001,2345,49,0.35,0.25,0.2,0.2
689,35cfbe44b8970249f0a9b6705be49d70926bc4ae,5,query_only,0,0,14,0,2,0,0.28,1.2729656758128873,0.7544,475,49,0.28,0.18,0.44,0.1
689,35cfbe44b8970249f0a9b6705be49d70926bc4ae,5,rag_1,1,1,14,0,2,0,0.35,1.0498221244986778,0.6150000000000001,564,49,0.35,0.15,0.4,0.1
689,35cfbe44b8970249f0a9b6705be49d70926bc4ae,5,rag_3,3,3,14,0,0,1,0.4,0.916290731874155,0.515,736,49,0.4,0.15,0.35,0.1
689,35cfbe44b8970249f0a9b6705be49d70926bc4ae,5,rag_5,5,5,14,0,0,1,0.35,1.0498221244986778,0.61,921,49,0.35,0.25,0.35,0.05
689,35cfbe44b8970249f0a9b6705be49d70926bc4ae,5,rag_10,10,10,14,0,2,0,0.3,1.2039728043259361,0.7,1425,49,0.3,0.2,0.4,0.1
689,35cfbe44b8970249f0a9b6705be49d70926bc4ae,5,rag_all_support,-1,14,14,0,0,1,0.5,0.6931471805599453,0.34500000000000003,1866,49,0.5,0.15,0.25,0.1
649,f5aa76a160f13ef35a1ef9bf49828f4c654dc6b6,4,query_only,0,0,15,0,0,1,0.55,0.5978370007556204,0.27499999999999997,597,49,0.55,0.1,0.15,0.2
649,f5aa76a160f13ef35a1ef9bf49828f4c654dc6b6,4,rag_1,1,1,15,0,0,1,0.55,0.5978370007556204,0.26999999999999996,709,49,0.55,0.15,0.15,0.15
649,f5aa76a160f13ef35a1ef9bf49828f4c654dc6b6,4,rag_3,3,3,15,0,0,1,0.55,0.5978370007556204,0.27499999999999997,903,49,0.55,0.1,0.15,0.2
649,f5aa76a160f13ef35a1ef9bf49828f4c654dc6b6,4,rag_5,5,5,15,0,0,1,0.55,0.5978370007556204,0.27499999999999997,1120,49,0.55,0.1,0.15,0.2
649,f5aa76a160f13ef35a1ef9bf49828f4c654dc6b6,4,rag_10,10,10,15,0,0,1,0.6,0.5108256237659907,0.21500000000000002,1681,49,0.6,0.15,0.15,0.1
649,f5aa76a160f13ef35a1ef9bf49828f4c654dc6b6,4,rag_all_support,-1,15,15,0,0,1,0.5499999999999999,0.5978370007556205,0.275,2323,49,0.5499999999999999,0.14999999999999997,0.19999999999999996,0.09999999999999998
76,fe788bf214f0b6eeb990f37f17a1409a6b49c338,2,query_only,0,0,17,2,2,1,0.45,0.7985076962177716,0.4100000000000001,535,49,0.25,0.15,0.45,0.15
76,fe788bf214f0b6eeb990f37f17a1409a6b49c338,2,rag_1,1,1,17,2,2,1,0.45,0.7985076962177716,0.41000000000000003,663,49,0.15,0.15,0.45,0.25
76,fe788bf214f0b6eeb990f37f17a1409a6b49c338,2,rag_3,3,3,17,2,2,1,0.35,1.0498221244986778,0.5700000000000001,994,49,0.15,0.25,0.35,0.25
76,fe788bf214f0b6eeb990f37f17a1409a6b49c338,2,rag_5,5,5,17,2,2,1,0.4,0.916290731874155,0.485,1206,49,0.15,0.25,0.4,0.2
76,fe788bf214f0b6eeb990f37f17a1409a6b49c338,2,rag_10,10,10,17,2,2,1,0.45,0.7985076962177716,0.4100000000000001,1854,49,0.15,0.25,0.45,0.15
76,fe788bf214f0b6eeb990f37f17a1409a6b49c338,2,rag_all_support,-1,17,17,2,2,1,0.35,1.0498221244986778,0.5650000000000001,2685,49,0.25,0.2,0.35,0.2
767,2809b3717bcaa39e90a065fd0062d7d5bfa4a856,1,query_only,0,0,7,3,2,0,0.25,1.3862943611198906,0.77,530,49,0.25,0.15,0.35,0.25
767,2809b3717bcaa39e90a065fd0062d7d5bfa4a856,1,rag_1,1,1,7,3,2,0,0.2,1.6094379124341003,0.8568000000000001,647,49,0.28,0.22,0.3,0.2
767,2809b3717bcaa39e90a065fd0062d7d5bfa4a856,1,rag_3,3,3,7,3,2,0,0.2,1.6094379124341003,0.8850000000000001,884,49,0.25,0.15,0.4,0.2
767,2809b3717bcaa39e90a065fd0062d7d5bfa4a856,1,rag_5,5,5,7,3,2,0,0.22,1.5141277326297755,0.8118000000000001,1107,49,0.25,0.25,0.28,0.22
767,2809b3717bcaa39e90a065fd0062d7d5bfa4a856,1,rag_10,10,7,7,3,2,0,0.2,1.6094379124341003,0.8550000000000001,1293,49,0.25,0.25,0.3,0.2
767,2809b3717bcaa39e90a065fd0062d7d5bfa4a856,1,rag_all_support,-1,7,7,3,2,0,0.2,1.6094379124341003,0.8550000000000001,1293,49,0.25,0.25,0.3,0.2
439,258e3721803ff45dd451e93be6e7e3509e2e3ae2,0,query_only,0,0,19,2,2,1,0.4,0.916290731874155,0.515,501,49,0.35,0.15,0.4,0.1
439,258e3721803ff45dd451e93be6e7e3509e2e3ae2,0,rag_1,1,1,19,2,2,1,0.35,1.0498221244986778,0.5700000000000001,612,49,0.25,0.25,0.35,0.15
439,258e3721803ff45dd451e93be6e7e3509e2e3ae2,0,rag_3,3,3,19,2,0,0,0.30000000000000004,1.203972804325936,0.685,881,49,0.35000000000000003,0.25000000000000006,0.30000000000000004,0.10000000000000002
439,258e3721803ff45dd451e93be6e7e3509e2e3ae2,0,rag_5,5,5,19,2,2,1,0.4,0.916290731874155,0.495,1106,49,0.25,0.25,0.4,0.1
439,258e3721803ff45dd451e93be6e7e3509e2e3ae2,0,rag_10,10,10,19,2,2,1,0.4,0.916290731874155,0.495,1633,49,0.25,0.25,0.4,0.1
439,258e3721803ff45dd451e93be6e7e3509e2e3ae2,0,rag_all_support,-1,19,19,2,2,1,0.4,0.916290731874155,0.495,2974,49,0.25,0.25,0.4,0.1
584,31a17fcda761673a7fc9edbf147398a11bdb9862,3,query_only,0,0,11,3,0,0,0.2,1.6094379124341003,0.9750000000000002,425,49,0.55,0.1,0.15,0.2
584,31a17fcda761673a7fc9edbf147398a11bdb9862,3,rag_1,1,1,11,3,0,0,0.15,1.8971199848858813,1.07,539,49,0.55,0.15,0.15,0.15
584,31a17fcda761673a7fc9edbf147398a11bdb9862,3,rag_3,3,3,11,3,0,0,0.09999999999999998,2.302585092994046,1.1749999999999998,733,49,0.5499999999999999,0.14999999999999997,0.19999999999999996,0.09999999999999998
584,31a17fcda761673a7fc9edbf147398a11bdb9862,3,rag_5,5,5,11,3,0,0,0.15,1.8971199848858813,1.07,913,49,0.55,0.15,0.15,0.15
584,31a17fcda761673a7fc9edbf147398a11bdb9862,3,rag_10,10,10,11,3,0,0,0.09999999999999998,2.302585092994046,1.1749999999999998,1400,49,0.5499999999999999,0.14999999999999997,0.19999999999999996,0.09999999999999998
584,31a17fcda761673a7fc9edbf147398a11bdb9862,3,rag_all_support,-1,11,11,3,0,0,0.2,1.6094379124341003,0.9050000000000001,1543,49,0.45,0.2,0.15,0.2
261,52ab271c1f9bcb42d2a81ad7639d88505d63df17,3,query_only,0,0,8,3,0,0,0.35,1.0498221244986778,0.5900000000000001,647,49,0.35,0.15,0.15,0.35
261,52ab271c1f9bcb42d2a81ad7639d88505d63df17,3,rag_1,1,1,8,3,0,0,0.25,1.3862943611198906,0.8298,811,49,0.48,0.12,0.15,0.25
261,52ab271c1f9bcb42d2a81ad7639d88505d63df17,3,rag_3,3,3,8,3,0,0,0.2,1.6094379124341003,0.8650000000000001,1064,49,0.35,0.25,0.2,0.2
261,52ab271c1f9bcb42d2a81ad7639d88505d63df17,3,rag_5,5,5,8,3,0,0,0.26,1.3470736479666092,0.732,1558,49,0.28,0.22,0.24,0.26
261,52ab271c1f9bcb42d2a81ad7639d88505d63df17,3,rag_10,10,8,8,3,0,0,0.3,1.2039728043259361,0.6648,2405,49,0.32,0.18,0.2,0.3
261,52ab271c1f9bcb42d2a81ad7639d88505d63df17,3,rag_all_support,-1,8,8,3,0,0,0.3,1.2039728043259361,0.6648,2405,49,0.32,0.18,0.2,0.3
595,b46118b5d9e7791080551ce92ad20234fe91649b,7,query_only,0,0,17,1,1,1,0.4,0.916290731874155,0.48500000000000004,479,49,0.2,0.4,0.15,0.25
595,b46118b5d9e7791080551ce92ad20234fe91649b,7,rag_1,1,1,17,1,1,1,0.4,0.916290731874155,0.485,570,49,0.25,0.4,0.15,0.2
595,b46118b5d9e7791080551ce92ad20234fe91649b,7,rag_3,3,3,17,1,1,1,0.35,1.0498221244986778,0.5700000000000001,771,49,0.25,0.35,0.15,0.25
595,b46118b5d9e7791080551ce92ad20234fe91649b,7,rag_5,5,5,17,1,1,1,0.35,1.0498221244986778,0.5700000000000001,966,49,0.25,0.35,0.15,0.25
595,b46118b5d9e7791080551ce92ad20234fe91649b,7,rag_10,10,10,17,1,1,1,0.35,1.0498221244986778,0.5700000000000001,1524,49,0.25,0.35,0.15,0.25
595,b46118b5d9e7791080551ce92ad20234fe91649b,7,rag_all_support,-1,17,17,1,1,1,0.4,0.916290731874155,0.485,2578,49,0.25,0.4,0.15,0.2
899,864d90a659ff0f3ed87ef1be43822f06f7a0d65b,7,query_only,0,0,17,1,0,0,0.28,1.2729656758128873,0.7008,582,49,0.28,0.28,0.28,0.16
899,864d90a659ff0f3ed87ef1be43822f06f7a0d65b,7,rag_1,1,1,17,1,2,0,0.25,1.3862943611198906,0.7598,685,49,0.28,0.25,0.3,0.17
899,864d90a659ff0f3ed87ef1be43822f06f7a0d65b,7,rag_3,3,3,17,1,2,0,0.25,1.3862943611198906,0.7658,1022,49,0.28,0.25,0.32,0.15
899,864d90a659ff0f3ed87ef1be43822f06f7a0d65b,7,rag_5,5,5,17,1,0,0,0.25,1.3862943611198906,0.75,1234,49,0.25,0.25,0.25,0.25
899,864d90a659ff0f3ed87ef1be43822f06f7a0d65b,7,rag_10,10,10,17,1,0,0,0.25,1.3862943611198906,0.75,1794,49,0.25,0.25,0.25,0.25
899,864d90a659ff0f3ed87ef1be43822f06f7a0d65b,7,rag_all_support,-1,17,17,1,2,0,0.25,1.3862943611198906,0.7699999999999999,2640,49,0.25,0.25,0.35,0.15
382,d86be374d9d89dc491187c61038cd83dfcdcc77b,2,query_only,0,0,12,3,1,0,0.2,1.6094379124341003,0.9050000000000001,396,49,0.15,0.45,0.2,0.2
382,d86be374d9d89dc491187c61038cd83dfcdcc77b,2,rag_1,1,1,12,3,1,0,0.2,1.6094379124341003,0.8850000000000001,491,49,0.25,0.4,0.15,0.2
382,d86be374d9d89dc491187c61038cd83dfcdcc77b,2,rag_3,3,3,12,3,1,0,0.25,1.3862943611198906,0.785,688,49,0.2,0.4,0.15,0.25
382,d86be374d9d89dc491187c61038cd83dfcdcc77b,2,rag_5,5,5,12,3,1,0,0.25,1.3862943611198906,0.785,969,49,0.15,0.4,0.2,0.25
382,d86be374d9d89dc491187c61038cd83dfcdcc77b,2,rag_10,10,10,12,3,1,0,0.3,1.2039728043259361,0.695,1550,49,0.15,0.4,0.15,0.3
382,d86be374d9d89dc491187c61038cd83dfcdcc77b,2,rag_all_support,-1,12,12,3,1,0,0.25,1.3862943611198906,0.81,1844,49,0.15,0.45,0.15,0.25
363,e0a039f69f1cf20bbcb3474966985333708a5f0a,2,query_only,0,0,9,1,0,0,0.15,1.8971199848858813,1.075,434,49,0.55,0.15,0.1,0.2
363,e0a039f69f1cf20bbcb3474966985333708a5f0a,2,rag_1,1,1,9,1,0,0,0.15,1.8971199848858813,1.075,533,49,0.55,0.15,0.1,0.2
363,e0a039f69f1cf20bbcb3474966985333708a5f0a,2,rag_3,3,3,9,1,0,0,0.15,1.8971199848858813,1.075,907,49,0.55,0.15,0.1,0.2
363,e0a039f69f1cf20bbcb3474966985333708a5f0a,2,rag_5,5,5,9,1,0,0,0.1,2.3025850929940455,1.205,1128,49,0.55,0.1,0.05,0.3
363,e0a039f69f1cf20bbcb3474966985333708a5f0a,2,rag_10,10,9,9,1,0,0,0.15,1.8971199848858813,1.075,1590,49,0.55,0.15,0.1,0.2
363,e0a039f69f1cf20bbcb3474966985333708a5f0a,2,rag_all_support,-1,9,9,1,0,0,0.15,1.8971199848858813,1.075,1590,49,0.55,0.15,0.1,0.2
527,f7cec5941566e249d753c4a37f9b3f35de186b94,4,query_only,0,0,11,0,2,0,0.25,1.3862943611198906,0.7699999999999999,528,49,0.25,0.25,0.35,0.15
527,f7cec5941566e249d753c4a37f9b3f35de186b94,4,rag_1,1,1,11,0,0,1,0.25,1.3862943611198906,0.75,624,50,0.25,0.25,0.25,0.25
527,f7cec5941566e249d753c4a37f9b3f35de186b94,4,rag_3,3,3,11,0,0,1,0.55,0.5978370007556204,0.29,841,49,0.55,0.15,0.25,0.05
527,f7cec5941566e249d753c4a37f9b3f35de186b94,4,rag_5,5,5,11,0,0,1,0.35,1.0498221244986778,0.5700000000000001,1043,49,0.35,0.25,0.25,0.15
527,f7cec5941566e249d753c4a37f9b3f35de186b94,4,rag_10,10,10,11,0,0,1,0.55,0.5978370007556204,0.29,1589,49,0.55,0.15,0.25,0.05
527,f7cec5941566e249d753c4a37f9b3f35de186b94,4,rag_all_support,-1,11,11,0,0,1,0.55,0.5978370007556204,0.29,1759,49,0.55,0.15,0.25,0.05
867,630dd71984128190e4a5cc909c6187f30e7e1a23,1,query_only,0,0,14,0,2,0,0.15,1.8971199848858813,0.9949999999999999,432,49,0.15,0.15,0.4,0.3
867,630dd71984128190e4a5cc909c6187f30e7e1a23,1,rag_1,1,1,14,0,2,0,0.25,1.3862943611198906,0.755,529,49,0.25,0.25,0.3,0.2
867,630dd71984128190e4a5cc909c6187f30e7e1a23,1,rag_3,3,3,14,0,2,0,0.28,1.2729656758128873,0.7207999999999999,729,49,0.28,0.18,0.38,0.16
867,630dd71984128190e4a5cc909c6187f30e7e1a23,1,rag_5,5,5,14,0,2,0,0.25,1.3862943611198906,0.785,952,49,0.25,0.15,0.4,0.2
867,630dd71984128190e4a5cc909c6187f30e7e1a23,1,rag_10,10,10,14,0,0,1,0.35,1.0498221244986778,0.59,1533,49,0.35,0.15,0.35,0.15
867,630dd71984128190e4a5cc909c6187f30e7e1a23,1,rag_all_support,-1,14,14,0,2,0,0.25,1.3862943611198906,0.7699999999999999,2143,49,0.25,0.15,0.35,0.25
332,eb0eaa08d2e81bf505acb790d37469ac8bcd201b,0,query_only,0,0,4,1,1,1,0.3,1.2039728043259361,0.655,580,49,0.25,0.3,0.2,0.25
332,eb0eaa08d2e81bf505acb790d37469ac8bcd201b,0,rag_1,1,1,4,1,1,1,0.35,1.0498221244986778,0.5700000000000001,746,49,0.25,0.35,0.25,0.15
332,eb0eaa08d2e81bf505acb790d37469ac8bcd201b,0,rag_3,3,3,4,1,0,0,0.2,1.6094379124341003,0.8800000000000002,1064,49,0.4,0.2,0.2,0.2
332,eb0eaa08d2e81bf505acb790d37469ac8bcd201b,0,rag_5,5,4,4,1,1,1,0.35,1.0498221244986778,0.5650000000000001,1248,49,0.25,0.35,0.2,0.2
332,eb0eaa08d2e81bf505acb790d37469ac8bcd201b,0,rag_10,10,4,4,1,1,1,0.35,1.0498221244986778,0.5650000000000001,1248,49,0.25,0.35,0.2,0.2
332,eb0eaa08d2e81bf505acb790d37469ac8bcd201b,0,rag_all_support,-1,4,4,1,1,1,0.35,1.0498221244986778,0.5650000000000001,1248,49,0.25,0.35,0.2,0.2
901,b02e8e5c15d0736e15a3fb3e761bdd782561da99,6,query_only,0,0,15,3,0,0,0.15,1.8971199848858813,1.0899999999999999,501,49,0.55,0.25,0.05,0.15
901,b02e8e5c15d0736e15a3fb3e761bdd782561da99,6,rag_1,1,1,15,3,0,0,0.15,1.8971199848858813,1.0899999999999999,736,49,0.55,0.25,0.05,0.15
901,b02e8e5c15d0736e15a3fb3e761bdd782561da99,6,rag_3,3,3,15,3,0,0,0.15,1.8971199848858813,1.0899999999999999,935,49,0.55,0.25,0.05,0.15
901,b02e8e5c15d0736e15a3fb3e761bdd782561da99,6,rag_5,5,5,15,3,0,0,0.15,1.8971199848858813,1.0899999999999999,1165,49,0.55,0.25,0.05,0.15
901,b02e8e5c15d0736e15a3fb3e761bdd782561da99,6,rag_10,10,10,15,3,0,0,0.15,1.8971199848858813,1.0899999999999999,1795,49,0.55,0.25,0.05,0.15
901,b02e8e5c15d0736e15a3fb3e761bdd782561da99,6,rag_all_support,-1,15,15,3,0,0,0.15,1.8971199848858813,1.0899999999999999,2305,49,0.55,0.25,0.05,0.15
936,de4ddcc12c701a6bb695d92bfca7827f6a32ee10,0,query_only,0,0,19,1,0,0,0.25,1.3862943611198906,0.75,494,49,0.25,0.25,0.25,0.25
936,de4ddcc12c701a6bb695d92bfca7827f6a32ee10,0,rag_1,1,1,19,1,0,0,0.15,1.8971199848858813,1.0699999999999998,575,49,0.55,0.15,0.15,0.15
936,de4ddcc12c701a6bb695d92bfca7827f6a32ee10,0,rag_3,3,3,19,1,0,0,0.3,1.2039728043259361,0.6749999999999999,803,49,0.35,0.3,0.15,0.2
936,de4ddcc12c701a6bb695d92bfca7827f6a32ee10,0,rag_5,5,5,19,1,0,0,0.15,1.8971199848858813,1.0699999999999998,978,49,0.55,0.15,0.15,0.15
936,de4ddcc12c701a6bb695d92bfca7827f6a32ee10,0,rag_10,10,10,19,1,1,1,0.35,1.0498221244986778,0.5650000000000001,1440,49,0.25,0.35,0.2,0.2
936,de4ddcc12c701a6bb695d92bfca7827f6a32ee10,0,rag_all_support,-1,19,19,1,1,1,0.3,1.2039728043259361,0.655,2783,49,0.25,0.3,0.25,0.2
570,f252309ca87d6f0deed2332f22d7578d174eba49,2,query_only,0,0,9,3,0,0,0.15,1.8971199848858813,1.07,489,49,0.55,0.15,0.15,0.15
570,f252309ca87d6f0deed2332f22d7578d174eba49,2,rag_1,1,1,9,3,0,0,0.13,2.0402208285265546,1.1786,621,49,0.62,0.18,0.07,0.13
570,f252309ca87d6f0deed2332f22d7578d174eba49,2,rag_3,3,3,9,3,0,0,0.15,1.8971199848858813,1.17,833,49,0.65,0.15,0.05,0.15
570,f252309ca87d6f0deed2332f22d7578d174eba49,2,rag_5,5,5,9,3,0,0,0.2,1.6094379124341003,0.9750000000000002,1036,49,0.55,0.15,0.1,0.2
570,f252309ca87d6f0deed2332f22d7578d174eba49,2,rag_10,10,9,9,3,0,0,0.15,1.8971199848858813,1.115,1432,49,0.6,0.15,0.1,0.15
570,f252309ca87d6f0deed2332f22d7578d174eba49,2,rag_all_support,-1,9,9,3,0,0,0.15,1.8971199848858813,1.115,1432,49,0.6,0.15,0.1,0.15
985,57cdde9de7033b0440eea7fe4695a7422dc838d6,1,query_only,0,0,11,3,0,0,0.2,1.6094379124341003,0.9750000000000002,461,49,0.55,0.1,0.15,0.2
985,57cdde9de7033b0440eea7fe4695a7422dc838d6,1,rag_1,1,1,11,3,0,0,0.15,1.8971199848858813,1.07,564,49,0.55,0.15,0.15,0.15
985,57cdde9de7033b0440eea7fe4695a7422dc838d6,1,rag_3,3,3,11,3,0,0,0.15,1.8971199848858813,1.07,787,49,0.55,0.15,0.15,0.15
985,57cdde9de7033b0440eea7fe4695a7422dc838d6,1,rag_5,5,5,11,3,0,0,0.2,1.6094379124341003,0.9750000000000002,1126,49,0.55,0.15,0.1,0.2
985,57cdde9de7033b0440eea7fe4695a7422dc838d6,1,rag_10,10,10,11,3,0,0,0.2,1.6094379124341003,0.9750000000000002,1675,49,0.55,0.15,0.1,0.2
985,57cdde9de7033b0440eea7fe4695a7422dc838d6,1,rag_all_support,-1,11,11,3,0,0,0.15,1.8971199848858813,1.07,1850,49,0.55,0.15,0.15,0.15
30,d9711a2a10f2e9f98c25b5577f6041d8dc4f8e36,4,query_only,0,0,13,0,0,1,0.25,1.3862943611198906,0.75,447,49,0.25,0.25,0.25,0.25
30,d9711a2a10f2e9f98c25b5577f6041d8dc4f8e36,4,rag_1,1,1,13,0,2,0,0.25,1.3862943611198906,0.7699999999999999,558,49,0.25,0.15,0.35,0.25
30,d9711a2a10f2e9f98c25b5577f6041d8dc4f8e36,4,rag_3,3,3,13,0,0,1,0.35,1.0498221244986778,0.59,778,49,0.35,0.15,0.35,0.15
30,d9711a2a10f2e9f98c25b5577f6041d8dc4f8e36,4,rag_5,5,5,13,0,2,0,0.25,1.3862943611198906,0.785,985,49,0.25,0.15,0.4,0.2
30,d9711a2a10f2e9f98c25b5577f6041d8dc4f8e36,4,rag_10,10,10,13,0,2,0,0.25,1.3862943611198906,0.785,1525,49,0.25,0.15,0.4,0.2
30,d9711a2a10f2e9f98c25b5577f6041d8dc4f8e36,4,rag_all_support,-1,13,13,0,0,1,0.25,1.3862943611198906,0.75,1889,49,0.25,0.25,0.25,0.25
549,946866779bdc258b9e28f4094e667700aedc1b51,2,query_only,0,0,16,0,3,0,0.25,1.3862943611198906,0.785,495,49,0.25,0.15,0.2,0.4
549,946866779bdc258b9e28f4094e667700aedc1b51,2,rag_1,1,1,16,0,0,1,0.35,1.0498221244986778,0.5700000000000001,614,49,0.35,0.15,0.25,0.25
549,946866779bdc258b9e28f4094e667700aedc1b51,2,rag_3,3,3,16,0,0,1,0.55,0.5978370007556204,0.26999999999999996,826,49,0.55,0.15,0.15,0.15
549,946866779bdc258b9e28f4094e667700aedc1b51,2,rag_5,5,5,16,0,0,1,0.35,1.0498221244986778,0.5750000000000001,1030,49,0.35,0.15,0.2,0.3
549,946866779bdc258b9e28f4094e667700aedc1b51,2,rag_10,10,10,16,0,0,1,0.4,0.916290731874155,0.485,1614,49,0.4,0.15,0.25,0.2
549,946866779bdc258b9e28f4094e667700aedc1b51,2,rag_all_support,-1,16,16,0,0,1,0.35,1.0498221244986778,0.5700000000000001,2375,49,0.35,0.15,0.25,0.25
136,57f38d5b809c7e8a263f4074e05e61cfd538d6bc,1,query_only,0,0,11,2,0,0,0.25,1.3862943611198906,0.77,604,49,0.35,0.25,0.25,0.15
136,57f38d5b809c7e8a263f4074e05e61cfd538d6bc,1,rag_1,1,1,11,2,0,0,0.15,1.8971199848858813,1.0899999999999999,692,49,0.55,0.25,0.15,0.05
136,57f38d5b809c7e8a263f4074e05e61cfd538d6bc,1,rag_3,3,3,11,2,0,0,0.15,1.8971199848858813,1.0899999999999999,919,49,0.55,0.25,0.15,0.05
136,57f38d5b809c7e8a263f4074e05e61cfd538d6bc,1,rag_5,5,5,11,2,0,0,0.25000000000000006,1.3862943611198904,0.785,1118,49,0.35000000000000003,0.30000000000000004,0.25000000000000006,0.10000000000000002
136,57f38d5b809c7e8a263f4074e05e61cfd538d6bc,1,rag_10,10,10,11,2,1,0,0.25,1.3862943611198906,0.795,1671,49,0.25,0.4,0.25,0.1
136,57f38d5b809c7e8a263f4074e05e61cfd538d6bc,1,rag_all_support,-1,11,11,2,0,0,0.25,1.3862943611198906,0.77,1756,49,0.35,0.25,0.25,0.15
370,848fb2c25982a5d55d647baa834294f94aab01eb,1,query_only,0,0,8,0,0,1,0.7200000000000001,0.32850406697203594,0.10479999999999998,553,49,0.7200000000000001,0.08000000000000002,0.10000000000000002,0.10000000000000002
370,848fb2c25982a5d55d647baa834294f94aab01eb,1,rag_1,1,1,8,0,0,1,0.7200000000000001,0.32850406697203594,0.10479999999999998,736,49,0.7200000000000001,0.08000000000000002,0.10000000000000002,0.10000000000000002
370,848fb2c25982a5d55d647baa834294f94aab01eb,1,rag_3,3,3,8,0,0,1,0.7200000000000001,0.32850406697203594,0.10479999999999998,964,49,0.7200000000000001,0.08000000000000002,0.10000000000000002,0.10000000000000002
370,848fb2c25982a5d55d647baa834294f94aab01eb,1,rag_5,5,5,8,0,0,1,0.55,0.5978370007556204,0.26999999999999996,1164,49,0.55,0.15,0.15,0.15
370,848fb2c25982a5d55d647baa834294f94aab01eb,1,rag_10,10,8,8,0,0,1,0.7200000000000001,0.32850406697203594,0.10479999999999998,1457,49,0.7200000000000001,0.08000000000000002,0.10000000000000002,0.10000000000000002
370,848fb2c25982a5d55d647baa834294f94aab01eb,1,rag_all_support,-1,8,8,0,0,1,0.7200000000000001,0.32850406697203594,0.10479999999999998,1457,49,0.7200000000000001,0.08000000000000002,0.10000000000000002,0.10000000000000002
289,18f6fe2768a8b797f06a5dc7f0f523f8e502a5d8,3,query_only,0,0,9,0,0,1,0.55,0.5978370007556204,0.26999999999999996,1030,49,0.55,0.15,0.15,0.15
289,18f6fe2768a8b797f06a5dc7f0f523f8e502a5d8,3,rag_1,1,1,9,0,0,1,0.5800000000000001,0.5447271754416719,0.24259999999999998,1216,49,0.5800000000000001,0.07000000000000002,0.18000000000000002,0.17000000000000004
289,18f6fe2768a8b797f06a5dc7f0f523f8e502a5d8,3,rag_3,3,3,9,0,0,1,0.55,0.5978370007556204,0.26999999999999996,1587,49,0.55,0.15,0.15,0.15
289,18f6fe2768a8b797f06a5dc7f0f523f8e502a5d8,3,rag_5,5,5,9,0,0,1,0.54,0.616186139423817,0.284,1944,49,0.54,0.16,0.18,0.12
289,18f6fe2768a8b797f06a5dc7f0f523f8e502a5d8,3,rag_10,10,9,9,0,0,1,0.42,0.8675005677047231,0.4488000000000001,2671,49,0.42,0.18,0.2,0.2
289,18f6fe2768a8b797f06a5dc7f0f523f8e502a5d8,3,rag_all_support,-1,9,9,0,0,1,0.42,0.8675005677047231,0.4488000000000001,2671,49,0.42,0.18,0.2,0.2
986,27bacc6549538aa77c9b74a5a50750187694319a,0,query_only,0,0,9,2,0,0,0.25,1.3862943611198906,0.89,435,49,0.55,0.15,0.25,0.05
986,27bacc6549538aa77c9b74a5a50750187694319a,0,rag_1,1,1,9,2,0,0,0.4,0.916290731874155,0.54,520,49,0.4,0.1,0.4,0.1
986,27bacc6549538aa77c9b74a5a50750187694319a,0,rag_3,3,3,9,2,0,0,0.3,1.2039728043259361,0.8049999999999999,768,49,0.55,0.1,0.3,0.05
986,27bacc6549538aa77c9b74a5a50750187694319a,0,rag_5,5,5,9,2,0,0,0.25,1.3862943611198906,0.8099999999999999,964,49,0.45,0.15,0.25,0.15
986,27bacc6549538aa77c9b74a5a50750187694319a,0,rag_10,10,9,9,2,2,1,0.4,0.916290731874155,0.515,1552,49,0.35,0.15,0.4,0.1
986,27bacc6549538aa77c9b74a5a50750187694319a,0,rag_all_support,-1,9,9,2,2,1,0.4,0.916290731874155,0.515,1552,49,0.35,0.15,0.4,0.1
184,71666ee6255df1b86589b2761ee4008df4d225e2,2,query_only,0,0,14,0,2,0,0.25,1.3862943611198906,0.755,488,49,0.25,0.25,0.3,0.2
184,71666ee6255df1b86589b2761ee4008df4d225e2,2,rag_1,1,1,14,0,2,0,0.25,1.3862943611198906,0.785,589,49,0.25,0.15,0.4,0.2
184,71666ee6255df1b86589b2761ee4008df4d225e2,2,rag_3,3,3,14,0,2,0,0.25,1.3862943611198906,0.785,811,49,0.25,0.15,0.4,0.2
184,71666ee6255df1b86589b2761ee4008df4d225e2,2,rag_5,5,5,14,0,2,0,0.3,1.2039728043259361,0.6749999999999998,1027,49,0.3,0.2,0.35,0.15
184,71666ee6255df1b86589b2761ee4008df4d225e2,2,rag_10,10,10,14,0,2,0,0.25,1.3862943611198906,0.785,1675,49,0.25,0.15,0.4,0.2
184,71666ee6255df1b86589b2761ee4008df4d225e2,2,rag_all_support,-1,14,14,0,2,0,0.25,1.3862943611198906,0.755,2186,49,0.25,0.2,0.3,0.25
810,089b103e2058d47308528a10e1e6f2a1a5561f89,1,query_only,0,0,10,0,0,1,0.25,1.3862943611198906,0.75,466,49,0.25,0.25,0.25,0.25
810,089b103e2058d47308528a10e1e6f2a1a5561f89,1,rag_1,1,1,10,0,0,1,0.25,1.3862943611198906,0.75,568,49,0.25,0.25,0.25,0.25
810,089b103e2058d47308528a10e1e6f2a1a5561f89,1,rag_3,3,3,10,0,0,1,0.25,1.3862943611198906,0.75,760,49,0.25,0.25,0.25,0.25
810,089b103e2058d47308528a10e1e6f2a1a5561f89,1,rag_5,5,5,10,0,0,1,0.25,1.3862943611198906,0.75,976,49,0.25,0.25,0.25,0.25
810,089b103e2058d47308528a10e1e6f2a1a5561f89,1,rag_10,10,10,10,0,0,1,0.25,1.3862943611198906,0.75,1732,49,0.25,0.25,0.25,0.25
810,089b103e2058d47308528a10e1e6f2a1a5561f89,1,rag_all_support,-1,10,10,0,0,1,0.25,1.3862943611198906,0.75,1732,49,0.25,0.25,0.25,0.25
10,5a0434e8b78c2490982c9fd5a17e85d42600ea2d,2,query_only,0,0,13,0,3,0,0.25,1.3862943611198906,0.7699999999999999,477,49,0.25,0.25,0.15,0.35
10,5a0434e8b78c2490982c9fd5a17e85d42600ea2d,2,rag_1,1,1,13,0,0,1,0.4,0.916290731874155,0.485,592,49,0.4,0.15,0.2,0.25
10,5a0434e8b78c2490982c9fd5a17e85d42600ea2d,2,rag_3,3,3,13,0,0,1,0.35,1.0498221244986778,0.5900000000000001,838,49,0.35,0.15,0.15,0.35
10,5a0434e8b78c2490982c9fd5a17e85d42600ea2d,2,rag_5,5,5,13,0,0,1,0.35,1.0498221244986778,0.5900000000000001,1036,49,0.35,0.15,0.15,0.35
10,5a0434e8b78c2490982c9fd5a17e85d42600ea2d,2,rag_10,10,10,13,0,0,1,0.45,0.7985076962177716,0.4100000000000001,1596,49,0.45,0.15,0.15,0.25
10,5a0434e8b78c2490982c9fd5a17e85d42600ea2d,2,rag_all_support,-1,13,13,0,0,1,0.42,0.8675005677047231,0.4538000000000001,2141,49,0.42,0.15,0.18,0.25
54,c657a31b6fee1c67c9dcc8da45d0054091ad1304,0,query_only,0,0,11,3,0,0,0.25,1.3862943611198906,0.77,390,49,0.35,0.25,0.15,0.25
54,c657a31b6fee1c67c9dcc8da45d0054091ad1304,0,rag_1,1,1,11,3,0,0,0.2,1.6094379124341003,0.8850000000000001,495,49,0.4,0.25,0.15,0.2
54,c657a31b6fee1c67c9dcc8da45d0054091ad1304,0,rag_3,3,3,11,3,0,0,0.2,1.6094379124341003,0.8750000000000001,670,49,0.35,0.3,0.15,0.2
54,c657a31b6fee1c67c9dcc8da45d0054091ad1304,0,rag_5,5,5,11,3,0,0,0.25,1.3862943611198906,0.77,875,49,0.35,0.25,0.15,0.25
54,c657a31b6fee1c67c9dcc8da45d0054091ad1304,0,rag_10,10,10,11,3,0,0,0.25,1.3862943611198906,0.77,1575,49,0.35,0.25,0.15,0.25
54,c657a31b6fee1c67c9dcc8da45d0054091ad1304,0,rag_all_support,-1,11,11,3,0,0,0.25,1.3862943611198906,0.77,1722,49,0.35,0.25,0.15,0.25
235,c514a4d00d0b616432d19bc7f8700e17259cbbc1,4,query_only,0,0,14,0,0,1,0.45,0.7985076962177716,0.42500000000000004,526,49,0.45,0.15,0.1,0.3
235,c514a4d00d0b616432d19bc7f8700e17259cbbc1,4,rag_1,1,1,14,0,0,1,0.55,0.5978370007556204,0.27499999999999997,645,49,0.55,0.1,0.15,0.2
235,c514a4d00d0b616432d19bc7f8700e17259cbbc1,4,rag_3,3,3,14,0,3,0,0.25,1.3862943611198906,0.785,876,49,0.25,0.15,0.2,0.4
235,c514a4d00d0b616432d19bc7f8700e17259cbbc1,4,rag_5,5,5,14,0,0,1,0.42,0.8675005677047231,0.4488000000000001,1088,49,0.42,0.18,0.2,0.2
235,c514a4d00d0b616432d19bc7f8700e17259cbbc1,4,rag_10,10,10,14,0,3,0,0.25,1.3862943611198906,0.785,1675,49,0.25,0.15,0.2,0.4
235,c514a4d00d0b616432d19bc7f8700e17259cbbc1,4,rag_all_support,-1,14,14,0,0,1,0.55,0.5978370007556204,0.26999999999999996,2092,49,0.55,0.15,0.15,0.15
974,d370c390db0f5263748683aee24f6b7e87a0dd34,0,query_only,0,0,8,1,1,1,0.3,1.2039728043259361,0.655,481,49,0.25,0.3,0.25,0.2
974,d370c390db0f5263748683aee24f6b7e87a0dd34,0,rag_1,1,1,8,1,2,0,0.25,1.3862943611198906,0.7699999999999999,574,49,0.25,0.25,0.35,0.15
974,d370c390db0f5263748683aee24f6b7e87a0dd34,0,rag_3,3,3,8,1,1,1,0.35000000000000003,1.0498221244986776,0.585,803,49,0.25000000000000006,0.35000000000000003,0.30000000000000004,0.10000000000000002
974,d370c390db0f5263748683aee24f6b7e87a0dd34,0,rag_5,5,5,8,1,1,1,0.35,1.0498221244986778,0.5700000000000001,1065,49,0.25,0.35,0.25,0.15
974,d370c390db0f5263748683aee24f6b7e87a0dd34,0,rag_10,10,8,8,1,2,0,0.25,1.3862943611198906,0.7658,1400,49,0.28,0.25,0.32,0.15
974,d370c390db0f5263748683aee24f6b7e87a0dd34,0,rag_all_support,-1,8,8,1,2,0,0.25,1.3862943611198906,0.7658,1400,49,0.28,0.25,0.32,0.15
247,058417b0ee7efdc1c695febf6f7ee24ee5c4383d,2,query_only,0,0,18,1,2,0,0.25,1.3862943611198906,0.755,418,49,0.25,0.25,0.3,0.2
247,058417b0ee7efdc1c695febf6f7ee24ee5c4383d,2,rag_1,1,1,18,1,1,1,0.35,1.0498221244986778,0.5700000000000001,517,49,0.25,0.35,0.25,0.15
247,058417b0ee7efdc1c695febf6f7ee24ee5c4383d,2,rag_3,3,3,18,1,2,0,0.3,1.2039728043259361,0.6849999999999999,718,49,0.25,0.3,0.35,0.1
247,058417b0ee7efdc1c695febf6f7ee24ee5c4383d,2,rag_5,5,5,18,1,2,0,0.25,1.3862943611198906,0.755,944,49,0.25,0.25,0.3,0.2
247,058417b0ee7efdc1c695febf6f7ee24ee5c4383d,2,rag_10,10,10,18,1,2,0,0.25,1.3862943611198906,0.755,1493,49,0.25,0.25,0.3,0.2
247,058417b0ee7efdc1c695febf6f7ee24ee5c4383d,2,rag_all_support,-1,18,18,1,2,0,0.25,1.3862943611198906,0.7699999999999999,2414,49,0.25,0.25,0.35,0.15
859,75953f3e87340a34b01d8f8f1f21b67ee7ebfd3d,6,query_only,0,0,13,3,2,0,0.3,1.2039728043259361,0.695,471,49,0.15,0.15,0.4,0.3
859,75953f3e87340a34b01d8f8f1f21b67ee7ebfd3d,6,rag_1,1,1,13,3,2,0,0.2,1.6094379124341003,0.9050000000000001,589,49,0.2,0.15,0.45,0.2
859,75953f3e87340a34b01d8f8f1f21b67ee7ebfd3d,6,rag_3,3,3,13,3,2,0,0.2,1.6094379124341003,0.935,793,49,0.15,0.15,0.5,0.2
859,75953f3e87340a34b01d8f8f1f21b67ee7ebfd3d,6,rag_5,5,5,13,3,2,0,0.2,1.6094379124341003,0.9050000000000001,1045,49,0.15,0.2,0.45,0.2
859,75953f3e87340a34b01d8f8f1f21b67ee7ebfd3d,6,rag_10,10,10,13,3,2,0,0.2,1.6094379124341003,0.8850000000000001,1639,49,0.15,0.25,0.4,0.2
859,75953f3e87340a34b01d8f8f1f21b67ee7ebfd3d,6,rag_all_support,-1,13,13,3,2,0,0.3,1.2039728043259361,0.725,2073,49,0.15,0.1,0.45,0.3
328,559dcfea226fbc2f005bcc850f7694dfcd7fba03,0,query_only,0,0,5,2,0,0,0.15,1.8971199848858813,0.985,744,49,0.4,0.25,0.15,0.2
328,559dcfea226fbc2f005bcc850f7694dfcd7fba03,0,rag_1,1,1,5,2,0,0,0.20000000000000004,1.6094379124341003,0.8749999999999999,869,49,0.35000000000000003,0.30000000000000004,0.20000000000000004,0.15000000000000002
328,559dcfea226fbc2f005bcc850f7694dfcd7fba03,0,rag_3,3,3,5,2,0,0,0.25,1.3862943611198906,0.795,1254,49,0.4,0.25,0.25,0.1
328,559dcfea226fbc2f005bcc850f7694dfcd7fba03,0,rag_5,5,5,5,2,0,0,0.28,1.2729656758128873,0.6944,1521,49,0.28,0.24,0.28,0.2
328,559dcfea226fbc2f005bcc850f7694dfcd7fba03,0,rag_10,10,5,5,2,0,0,0.28,1.2729656758128873,0.6944,1521,49,0.28,0.24,0.28,0.2
328,559dcfea226fbc2f005bcc850f7694dfcd7fba03,0,rag_all_support,-1,5,5,2,0,0,0.28,1.2729656758128873,0.6944,1521,49,0.28,0.24,0.28,0.2
995,79ca762a4da9fb23212277db5b340e78e2c3123a,2,query_only,0,0,12,1,1,1,0.33999999999999997,1.07880966137193,0.5893999999999999,598,49,0.27999999999999997,0.33999999999999997,0.14999999999999997,0.22999999999999995
995,79ca762a4da9fb23212277db5b340e78e2c3123a,2,rag_1,1,1,12,1,0,0,0.28,1.2729656758128873,0.7415999999999999,689,49,0.42,0.28,0.12,0.18
995,79ca762a4da9fb23212277db5b340e78e2c3123a,2,rag_3,3,3,12,1,0,0,0.28,1.2729656758128873,0.7397999999999999,941,49,0.42,0.28,0.15,0.15
995,79ca762a4da9fb23212277db5b340e78e2c3123a,2,rag_5,5,5,12,1,0,0,0.25,1.3862943611198906,0.785,1166,49,0.4,0.25,0.15,0.2
995,79ca762a4da9fb23212277db5b340e78e2c3123a,2,rag_10,10,10,12,1,0,0,0.25,1.3862943611198906,0.8099999999999999,1733,49,0.45,0.25,0.15,0.15
995,79ca762a4da9fb23212277db5b340e78e2c3123a,2,rag_all_support,-1,12,12,1,0,0,0.28,1.2729656758128873,0.7597999999999999,1960,49,0.42,0.28,0.05,0.25
989,cb66013a704017f5b14b2e8bd631ffd3eb99c93d,2,query_only,0,0,15,3,2,0,0.2,1.6094379124341003,0.8850000000000001,491,49,0.25,0.15,0.4,0.2
989,cb66013a704017f5b14b2e8bd631ffd3eb99c93d,2,rag_1,1,1,15,3,2,0,0.2,1.6094379124341003,0.8850000000000001,587,49,0.25,0.15,0.4,0.2
989,cb66013a704017f5b14b2e8bd631ffd3eb99c93d,2,rag_3,3,3,15,3,2,0,0.15,1.8971199848858813,1.0099999999999998,822,49,0.25,0.15,0.45,0.15
989,cb66013a704017f5b14b2e8bd631ffd3eb99c93d,2,rag_5,5,5,15,3,2,0,0.2,1.6094379124341003,0.8850000000000001,1007,49,0.25,0.15,0.4,0.2
989,cb66013a704017f5b14b2e8bd631ffd3eb99c93d,2,rag_10,10,10,15,3,2,0,0.2,1.6094379124341003,0.8850000000000001,1556,49,0.25,0.15,0.4,0.2
989,cb66013a704017f5b14b2e8bd631ffd3eb99c93d,2,rag_all_support,-1,15,15,3,2,0,0.2,1.6094379124341003,0.8650000000000001,2192,49,0.25,0.2,0.35,0.2
371,572744aa0d991d5c62e85450f8dad097f3f52bd0,2,query_only,0,0,13,1,0,0,0.15,1.8971199848858813,1.0699999999999998,504,49,0.55,0.15,0.15,0.15
371,572744aa0d991d5c62e85450f8dad097f3f52bd0,2,rag_1,1,1,13,1,0,0,0.2,1.6094379124341003,0.9750000000000001,617,49,0.55,0.2,0.15,0.1
371,572744aa0d991d5c62e85450f8dad097f3f52bd0,2,rag_3,3,3,13,1,0,0,0.2,1.6094379124341003,0.9750000000000001,803,49,0.55,0.2,0.15,0.1
371,572744aa0d991d5c62e85450f8dad097f3f52bd0,2,rag_5,5,5,13,1,0,0,0.15,1.8971199848858813,1.1338,1029,49,0.62,0.15,0.1,0.13
371,572744aa0d991d5c62e85450f8dad097f3f52bd0,2,rag_10,10,10,13,1,0,0,0.15,1.8971199848858813,1.0699999999999998,1595,49,0.55,0.15,0.15,0.15
371,572744aa0d991d5c62e85450f8dad097f3f52bd0,2,rag_all_support,-1,13,13,1,0,0,0.15,1.8971199848858813,1.165,2142,49,0.65,0.15,0.1,0.1
319,9f4ea2918e27de880a773f4fc2abf1c26e20e5e9,2,query_only,0,0,6,0,0,1,0.28,1.2729656758128873,0.6938,562,49,0.28,0.25,0.27,0.2
319,9f4ea2918e27de880a773f4fc2abf1c26e20e5e9,2,rag_1,1,1,6,0,0,1,0.35,1.0498221244986778,0.5650000000000001,649,49,0.35,0.25,0.2,0.2
319,9f4ea2918e27de880a773f4fc2abf1c26e20e5e9,2,rag_3,3,3,6,0,0,1,0.45,0.7985076962177716,0.4100000000000001,1003,49,0.45,0.15,0.15,0.25
319,9f4ea2918e27de880a773f4fc2abf1c26e20e5e9,2,rag_5,5,5,6,0,0,1,0.35,1.0498221244986778,0.5700000000000001,1328,49,0.35,0.15,0.25,0.25
319,9f4ea2918e27de880a773f4fc2abf1c26e20e5e9,2,rag_10,10,6,6,0,0,1,0.4,0.916290731874155,0.485,1546,49,0.4,0.25,0.15,0.2
319,9f4ea2918e27de880a773f4fc2abf1c26e20e5e9,2,rag_all_support,-1,6,6,0,0,1,0.4,0.916290731874155,0.485,1546,49,0.4,0.25,0.15,0.2
528,d9033843ea15627e72288700783caa58c6b17854,2,query_only,0,0,11,1,0,0,0.28,1.2729656758128873,0.7397999999999999,464,49,0.42,0.28,0.15,0.15
528,d9033843ea15627e72288700783caa58c6b17854,2,rag_1,1,1,11,1,0,0,0.25,1.3862943611198906,0.885,552,49,0.55,0.25,0.1,0.1
528,d9033843ea15627e72288700783caa58c6b17854,2,rag_3,3,3,11,1,0,0,0.25,1.3862943611198906,0.885,753,49,0.55,0.25,0.1,0.1
528,d9033843ea15627e72288700783caa58c6b17854,2,rag_5,5,5,11,1,0,0,0.28,1.2729656758128873,0.7511999999999999,971,49,0.44,0.28,0.14,0.14
528,d9033843ea15627e72288700783caa58c6b17854,2,rag_10,10,10,11,1,0,0,0.25,1.3862943611198906,0.885,1480,49,0.55,0.25,0.1,0.1
528,d9033843ea15627e72288700783caa58c6b17854,2,rag_all_support,-1,11,11,1,0,0,0.2,1.6094379124341003,0.9750000000000001,1591,49,0.55,0.2,0.15,0.1
721,eb985ae2739f089aea33b8c4a7645ecaeeec47c1,6,query_only,0,0,17,2,0,0,0.25,1.3862943611198906,0.89,510,49,0.55,0.15,0.25,0.05
721,eb985ae2739f089aea33b8c4a7645ecaeeec47c1,6,rag_1,1,1,17,2,0,0,0.20000000000000004,1.6094379124341003,0.9528000000000001,617,49,0.5200000000000001,0.18000000000000002,0.20000000000000004,0.10000000000000002
721,eb985ae2739f089aea33b8c4a7645ecaeeec47c1,6,rag_3,3,3,17,2,0,0,0.20000000000000004,1.6094379124341003,1.0008,809,49,0.5800000000000001,0.12000000000000001,0.20000000000000004,0.10000000000000002
721,eb985ae2739f089aea33b8c4a7645ecaeeec47c1,6,rag_5,5,5,17,2,0,0,0.19999999999999996,1.6094379124341005,0.9750000000000001,1008,49,0.5499999999999999,0.14999999999999997,0.19999999999999996,0.09999999999999998
721,eb985ae2739f089aea33b8c4a7645ecaeeec47c1,6,rag_10,10,10,17,2,0,0,0.20000000000000004,1.6094379124341003,0.915,1575,49,0.45000000000000007,0.25000000000000006,0.20000000000000004,0.10000000000000002
721,eb985ae2739f089aea33b8c4a7645ecaeeec47c1,6,rag_all_support,-1,17,17,2,0,0,0.19999999999999996,1.6094379124341005,0.9750000000000001,2415,49,0.5499999999999999,0.14999999999999997,0.19999999999999996,0.09999999999999998
411,a9cdf3ee568365a3b9103a6ae35a4b9c47f9bec0,4,query_only,0,0,9,2,0,0,0.25,1.3862943611198906,0.755,503,49,0.3,0.25,0.25,0.2
411,a9cdf3ee568365a3b9103a6ae35a4b9c47f9bec0,4,rag_1,1,1,9,2,0,0,0.25,1.3862943611198906,0.75,602,49,0.25,0.25,0.25,0.25
411,a9cdf3ee568365a3b9103a6ae35a4b9c47f9bec0,4,rag_3,3,3,9,2,2,1,0.3,1.2039728043259361,0.6649999999999999,773,49,0.25,0.15,0.3,0.3
411,a9cdf3ee568365a3b9103a6ae35a4b9c47f9bec0,4,rag_5,5,5,9,2,0,0,0.25,1.3862943611198906,0.765,991,49,0.35,0.2,0.25,0.2
411,a9cdf3ee568365a3b9103a6ae35a4b9c47f9bec0,4,rag_10,10,9,9,2,0,0,0.25,1.3862943611198906,0.75,1411,49,0.25,0.25,0.25,0.25
411,a9cdf3ee568365a3b9103a6ae35a4b9c47f9bec0,4,rag_all_support,-1,9,9,2,0,0,0.25,1.3862943611198906,0.75,1411,49,0.25,0.25,0.25,0.25
865,a25726a76255be13360fe1ef2b2456ec50b3deb1,3,query_only,0,0,17,3,0,0,0.1,2.3025850929940455,1.1150000000000002,554,49,0.4,0.35,0.15,0.1
865,a25726a76255be13360fe1ef2b2456ec50b3deb1,3,rag_1,1,1,17,3,0,0,0.15,1.8971199848858813,1.0499999999999998,666,49,0.45,0.35,0.05,0.15
865,a25726a76255be13360fe1ef2b2456ec50b3deb1,3,rag_3,3,3,17,3,0,0,0.15,1.8971199848858813,1.0499999999999998,880,49,0.45,0.35,0.05,0.15
865,a25726a76255be13360fe1ef2b2456ec50b3deb1,3,rag_5,5,5,17,3,0,0,0.2,1.6094379124341003,0.9224000000000001,1104,49,0.42,0.32,0.06,0.2
865,a25726a76255be13360fe1ef2b2456ec50b3deb1,3,rag_10,10,10,17,3,0,0,0.15,1.8971199848858813,1.0899999999999999,1625,49,0.55,0.25,0.05,0.15
865,a25726a76255be13360fe1ef2b2456ec50b3deb1,3,rag_all_support,-1,17,17,3,0,0,0.16,1.8325814637483102,0.9703999999999999,2636,49,0.36,0.34,0.14,0.16
275,8e2bc980dc9b260a2c95d603f52b18b57ef63102,2,query_only,0,0,5,0,0,1,0.55,0.5978370007556204,0.285,534,49,0.55,0.25,0.1,0.1
275,8e2bc980dc9b260a2c95d603f52b18b57ef63102,2,rag_1,1,1,5,0,0,1,0.35,1.0498221244986778,0.5700000000000001,672,49,0.35,0.25,0.15,0.25
275,8e2bc980dc9b260a2c95d603f52b18b57ef63102,2,rag_3,3,3,5,0,1,0,0.28,1.2729656758128873,0.7208,988,49,0.28,0.32,0.1,0.3
275,8e2bc980dc9b260a2c95d603f52b18b57ef63102,2,rag_5,5,5,5,0,0,1,0.35,1.0498221244986778,0.5700000000000001,1367,49,0.35,0.25,0.15,0.25
275,8e2bc980dc9b260a2c95d603f52b18b57ef63102,2,rag_10,10,5,5,0,0,1,0.35,1.0498221244986778,0.5700000000000001,1367,49,0.35,0.25,0.15,0.25
275,8e2bc980dc9b260a2c95d603f52b18b57ef63102,2,rag_all_support,-1,5,5,0,0,1,0.35,1.0498221244986778,0.5700000000000001,1367,49,0.35,0.25,0.15,0.25
679,b37ee53a204fa095bbbcf258c66f669a92fe2341,4,query_only,0,0,12,2,1,0,0.15,1.8971199848858813,0.97,475,49,0.25,0.35,0.15,0.25
679,b37ee53a204fa095bbbcf258c66f669a92fe2341,4,rag_1,1,1,12,2,1,0,0.2,1.6094379124341003,0.9050000000000001,588,49,0.15,0.45,0.2,0.2
679,b37ee53a204fa095bbbcf258c66f669a92fe2341,4,rag_3,3,3,12,2,0,0,0.15,1.8971199848858813,1.01,790,49,0.45,0.25,0.15,0.15
679,b37ee53a204fa095bbbcf258c66f669a92fe2341,4,rag_5,5,5,12,2,0,0,0.2,1.6094379124341003,0.8550000000000001,1086,49,0.3,0.25,0.2,0.25
679,b37ee53a204fa095bbbcf258c66f669a92fe2341,4,rag_10,10,10,12,2,0,0,0.2,1.6094379124341003,0.8608000000000002,1669,49,0.32,0.28,0.2,0.2
679,b37ee53a204fa095bbbcf258c66f669a92fe2341,4,rag_all_support,-1,12,12,2,0,0,0.25,1.3862943611198906,0.75,1866,49,0.25,0.25,0.25,0.25
714,c9ce1b90b2f49ad47cca12fb2dd5549866dcdec7,4,query_only,0,0,15,1,2,0,0.25,1.3862943611198906,0.845,503,49,0.15,0.25,0.5,0.1
714,c9ce1b90b2f49ad47cca12fb2dd5549866dcdec7,4,rag_1,1,1,15,1,2,0,0.35,1.0498221244986778,0.6150000000000001,652,49,0.15,0.35,0.4,0.1
714,c9ce1b90b2f49ad47cca12fb2dd5549866dcdec7,4,rag_3,3,3,15,1,2,0,0.30000000000000004,1.203972804325936,0.7250000000000001,845,49,0.15000000000000002,0.30000000000000004,0.45000000000000007,0.10000000000000002
714,c9ce1b90b2f49ad47cca12fb2dd5549866dcdec7,4,rag_5,5,5,15,1,2,0,0.35,1.0498221244986778,0.6150000000000001,1078,49,0.15,0.35,0.4,0.1
714,c9ce1b90b2f49ad47cca12fb2dd5549866dcdec7,4,rag_10,10,10,15,1,2,0,0.25,1.3862943611198906,0.7699999999999999,1591,49,0.25,0.25,0.35,0.15
714,c9ce1b90b2f49ad47cca12fb2dd5549866dcdec7,4,rag_all_support,-1,15,15,1,2,0,0.35,1.0498221244986778,0.6150000000000001,2138,49,0.15,0.35,0.4,0.1
660,136b837817fe71f3d04075413620dbfec16fd6a7,1,query_only,0,0,11,3,0,0,0.22,1.5141277326297755,0.812,562,49,0.28,0.26,0.24,0.22
660,136b837817fe71f3d04075413620dbfec16fd6a7,1,rag_1,1,1,11,3,0,0,0.25,1.3862943611198906,0.75,684,49,0.25,0.25,0.25,0.25
660,136b837817fe71f3d04075413620dbfec16fd6a7,1,rag_3,3,3,11,3,0,0,0.25,1.3862943611198906,0.75,923,49,0.25,0.25,0.25,0.25
660,136b837817fe71f3d04075413620dbfec16fd6a7,1,rag_5,5,5,11,3,0,0,0.25,1.3862943611198906,0.75,1171,49,0.25,0.25,0.25,0.25
660,136b837817fe71f3d04075413620dbfec16fd6a7,1,rag_10,10,10,11,3,0,0,0.22,1.5141277326297755,0.8136000000000001,1748,49,0.28,0.22,0.28,0.22
660,136b837817fe71f3d04075413620dbfec16fd6a7,1,rag_all_support,-1,11,11,3,2,0,0.2,1.6094379124341003,0.8568000000000001,1862,49,0.28,0.22,0.3,0.2
884,b6ac23b5a66ce030f2efb849625d17d8374c265a,4,query_only,0,0,14,2,0,0,0.3,1.2039728043259361,0.695,508,49,0.4,0.15,0.3,0.15
884,b6ac23b5a66ce030f2efb849625d17d8374c265a,4,rag_1,1,1,14,2,0,0,0.4,0.916290731874155,0.5528,651,49,0.42,0.08,0.4,0.1
884,b6ac23b5a66ce030f2efb849625d17d8374c265a,4,rag_3,3,3,14,2,0,0,0.34,1.0788096613719298,0.6407999999999998,931,49,0.42,0.12,0.34,0.12
884,b6ac23b5a66ce030f2efb849625d17d8374c265a,4,rag_5,5,5,14,2,0,0,0.35,1.0498221244986778,0.6150000000000001,1235,49,0.4,0.15,0.35,0.1
884,b6ac23b5a66ce030f2efb849625d17d8374c265a,4,rag_10,10,10,14,2,0,0,0.3,1.2039728043259361,0.695,1825,49,0.4,0.15,0.3,0.15
884,b6ac23b5a66ce030f2efb849625d17d8374c265a,4,rag_all_support,-1,14,14,2,0,0,0.25,1.3862943611198906,0.785,2260,49,0.4,0.15,0.25,0.2
866,0f45b06c751ba43ac597ca58af61d107a45500d3,4,query_only,0,0,11,2,0,0,0.3,1.2039728043259361,0.6749999999999999,426,49,0.35,0.15,0.3,0.2
866,0f45b06c751ba43ac597ca58af61d107a45500d3,4,rag_1,1,1,11,2,0,0,0.2,1.6094379124341003,0.8850000000000001,514,49,0.4,0.25,0.2,0.15
866,0f45b06c751ba43ac597ca58af61d107a45500d3,4,rag_3,3,3,11,2,0,0,0.2,1.6094379124341003,0.8650000000000002,731,49,0.35,0.25,0.2,0.2
866,0f45b06c751ba43ac597ca58af61d107a45500d3,4,rag_5,5,5,11,2,0,0,0.25,1.3862943611198906,0.755,991,49,0.3,0.25,0.25,0.2
866,0f45b06c751ba43ac597ca58af61d107a45500d3,4,rag_10,10,10,11,2,0,0,0.25,1.3862943611198906,0.7518,1554,49,0.28,0.22,0.25,0.25
866,0f45b06c751ba43ac597ca58af61d107a45500d3,4,rag_all_support,-1,11,11,2,0,0,0.25,1.3862943611198906,0.77,1705,49,0.35,0.15,0.25,0.25
914,9e7daf7bc1561cf6be29ef0dfeefee79992f3fec,1,query_only,0,0,6,1,3,0,0.25,1.3862943611198906,0.7699999999999999,539,49,0.25,0.25,0.15,0.35
914,9e7daf7bc1561cf6be29ef0dfeefee79992f3fec,1,rag_1,1,1,6,1,1,1,0.35,1.0498221244986778,0.5700000000000001,670,49,0.25,0.35,0.15,0.25
914,9e7daf7bc1561cf6be29ef0dfeefee79992f3fec,1,rag_3,3,3,6,1,1,1,0.35,1.0498221244986778,0.5700000000000001,864,49,0.25,0.35,0.15,0.25
914,9e7daf7bc1561cf6be29ef0dfeefee79992f3fec,1,rag_5,5,5,6,1,1,1,0.4,0.916290731874155,0.485,1063,49,0.25,0.4,0.15,0.2
914,9e7daf7bc1561cf6be29ef0dfeefee79992f3fec,1,rag_10,10,6,6,1,1,1,0.4,0.916290731874155,0.48500000000000004,1163,49,0.2,0.4,0.15,0.25
914,9e7daf7bc1561cf6be29ef0dfeefee79992f3fec,1,rag_all_support,-1,6,6,1,1,1,0.4,0.916290731874155,0.48500000000000004,1163,49,0.2,0.4,0.15,0.25
917,ecbb43f6ee1d6ea1c3925809f0f3ac2a09d38002,6,query_only,0,0,14,2,0,0,0.25,1.3862943611198906,0.75,498,49,0.25,0.25,0.25,0.25
917,ecbb43f6ee1d6ea1c3925809f0f3ac2a09d38002,6,rag_1,1,1,14,2,1,0,0.25,1.3862943611198906,0.755,595,49,0.25,0.3,0.25,0.2
917,ecbb43f6ee1d6ea1c3925809f0f3ac2a09d38002,6,rag_3,3,3,14,2,0,0,0.25,1.3862943611198906,0.75,843,49,0.25,0.25,0.25,0.25
917,ecbb43f6ee1d6ea1c3925809f0f3ac2a09d38002,6,rag_5,5,5,14,2,1,0,0.25,1.3862943611198906,0.77,1068,49,0.25,0.35,0.25,0.15
917,ecbb43f6ee1d6ea1c3925809f0f3ac2a09d38002,6,rag_10,10,10,14,2,0,0,0.25,1.3862943611198906,0.75,1679,49,0.25,0.25,0.25,0.25
917,ecbb43f6ee1d6ea1c3925809f0f3ac2a09d38002,6,rag_all_support,-1,14,14,2,0,0,0.25,1.3862943611198906,0.77,2203,49,0.35,0.25,0.25,0.15
526,9264a32d331cc9e05e4abee89938ee36bd291bb4,3,query_only,0,0,7,3,2,0,0.25,1.3862943611198906,0.795,468,49,0.1,0.25,0.4,0.25
526,9264a32d331cc9e05e4abee89938ee36bd291bb4,3,rag_1,1,1,7,3,2,0,0.2,1.6094379124341003,0.8650000000000001,570,49,0.2,0.25,0.35,0.2
526,9264a32d331cc9e05e4abee89938ee36bd291bb4,3,rag_3,3,3,7,3,2,0,0.1,2.3025850929940455,1.145,769,49,0.15,0.25,0.5,0.1
526,9264a32d331cc9e05e4abee89938ee36bd291bb4,3,rag_5,5,5,7,3,2,0,0.2,1.6094379124341003,0.8850000000000001,1007,49,0.15,0.25,0.4,0.2
526,9264a32d331cc9e05e4abee89938ee36bd291bb4,3,rag_10,10,7,7,3,2,0,0.15,1.8971199848858813,1.0099999999999998,1222,49,0.15,0.25,0.45,0.15
526,9264a32d331cc9e05e4abee89938ee36bd291bb4,3,rag_all_support,-1,7,7,3,2,0,0.15,1.8971199848858813,1.0099999999999998,1222,49,0.15,0.25,0.45,0.15
120,8db1b1110ff9de5519383f78faa16b84d3216c7a,2,query_only,0,0,17,2,0,0,0.15,1.8971199848858813,1.01,514,49,0.45,0.25,0.15,0.15
120,8db1b1110ff9de5519383f78faa16b84d3216c7a,2,rag_1,1,1,17,2,0,0,0.1,2.3025850929940455,1.2349999999999999,604,49,0.6,0.25,0.1,0.05
120,8db1b1110ff9de5519383f78faa16b84d3216c7a,2,rag_3,3,3,17,2,0,0,0.15,1.8971199848858813,1.0899999999999999,802,49,0.55,0.25,0.15,0.05
120,8db1b1110ff9de5519383f78faa16b84d3216c7a,2,rag_5,5,5,17,2,0,0,0.1,2.3025850929940455,1.185,1002,49,0.55,0.25,0.1,0.1
120,8db1b1110ff9de5519383f78faa16b84d3216c7a,2,rag_10,10,10,17,2,0,0,0.20000000000000004,1.6094379124341003,0.9,1528,49,0.4000000000000001,0.30000000000000004,0.20000000000000004,0.10000000000000002
120,8db1b1110ff9de5519383f78faa16b84d3216c7a,2,rag_all_support,-1,17,17,2,0,0,0.25000000000000006,1.3862943611198904,0.785,2383,49,0.35000000000000003,0.30000000000000004,0.25000000000000006,0.10000000000000002
70,40801e62266a1b050560283e764694384bf806c4,2,query_only,0,0,10,2,0,0,0.2,1.6094379124341003,0.8850000000000001,485,49,0.4,0.25,0.2,0.15
70,40801e62266a1b050560283e764694384bf806c4,2,rag_1,1,1,10,2,0,0,0.22,1.5141277326297755,0.8456,579,49,0.38,0.28,0.22,0.12
70,40801e62266a1b050560283e764694384bf806c4,2,rag_3,3,3,10,2,0,0,0.15,1.8971199848858813,1.01,784,49,0.45,0.25,0.15,0.15
70,40801e62266a1b050560283e764694384bf806c4,2,rag_5,5,5,10,2,0,0,0.15,1.8971199848858813,1.01,1010,49,0.45,0.25,0.15,0.15
70,40801e62266a1b050560283e764694384bf806c4,2,rag_10,10,10,10,2,0,0,0.15,1.8971199848858813,1.01,1595,49,0.45,0.25,0.15,0.15
70,40801e62266a1b050560283e764694384bf806c4,2,rag_all_support,-1,10,10,2,0,0,0.15,1.8971199848858813,1.01,1595,49,0.45,0.25,0.15,0.15
321,7ee8fa57ee87dd71d79406a3e4989e04aca1d101,1,query_only,0,0,5,1,1,1,0.34,1.0788096613719298,0.5863999999999999,664,49,0.28,0.34,0.18,0.2
321,7ee8fa57ee87dd71d79406a3e4989e04aca1d101,1,rag_1,1,1,5,1,0,0,0.15,1.8971199848858813,1.01,799,49,0.45,0.15,0.25,0.15
321,7ee8fa57ee87dd71d79406a3e4989e04aca1d101,1,rag_3,3,3,5,1,0,0,0.28,1.2729656758128873,0.7223999999999999,1147,49,0.38,0.28,0.14,0.2
321,7ee8fa57ee87dd71d79406a3e4989e04aca1d101,1,rag_5,5,5,5,1,0,0,0.2,1.6094379124341003,0.8850000000000001,1402,49,0.4,0.2,0.15,0.25
321,7ee8fa57ee87dd71d79406a3e4989e04aca1d101,1,rag_10,10,5,5,1,0,0,0.2,1.6094379124341003,0.8850000000000001,1402,49,0.4,0.2,0.15,0.25
321,7ee8fa57ee87dd71d79406a3e4989e04aca1d101,1,rag_all_support,-1,5,5,1,0,0,0.2,1.6094379124341003,0.8850000000000001,1402,49,0.4,0.2,0.15,0.25
210,50185a495ed10d7c0e84f4d0dd3674e04bb9d155,3,query_only,0,0,14,0,0,1,0.42,0.8675005677047231,0.4854000000000001,562,49,0.42,0.35,0.12,0.11
210,50185a495ed10d7c0e84f4d0dd3674e04bb9d155,3,rag_1,1,1,14,0,0,1,0.45,0.7985076962177716,0.4250000000000001,671,49,0.45,0.3,0.1,0.15
210,50185a495ed10d7c0e84f4d0dd3674e04bb9d155,3,rag_3,3,3,14,0,0,1,0.45,0.7985076962177716,0.4178000000000001,871,49,0.45,0.28,0.12,0.15
210,50185a495ed10d7c0e84f4d0dd3674e04bb9d155,3,rag_5,5,5,14,0,0,1,0.4,0.916290731874155,0.515,1082,49,0.4,0.35,0.15,0.1
210,50185a495ed10d7c0e84f4d0dd3674e04bb9d155,3,rag_10,10,10,14,0,1,0,0.35,1.0498221244986778,0.615,1626,49,0.35,0.4,0.15,0.1
210,50185a495ed10d7c0e84f4d0dd3674e04bb9d155,3,rag_all_support,-1,14,14,0,0,1,0.35,1.0498221244986778,0.5700000000000001,2097,49,0.35,0.25,0.15,0.25
656,880fbafa219d96e9609842f9245ef73801bece6d,2,query_only,0,0,12,1,1,1,0.4,0.916290731874155,0.515,566,49,0.25,0.4,0.05,0.3
656,880fbafa219d96e9609842f9245ef73801bece6d,2,rag_1,1,1,12,1,1,1,0.55,0.5978370007556204,0.2899999999999999,665,49,0.15,0.55,0.05,0.25
656,880fbafa219d96e9609842f9245ef73801bece6d,2,rag_3,3,3,12,1,1,1,0.45,0.7985076962177716,0.43500000000000005,886,49,0.2,0.45,0.05,0.3
656,880fbafa219d96e9609842f9245ef73801bece6d,2,rag_5,5,5,12,1,1,1,0.55,0.5978370007556204,0.27499999999999997,1125,49,0.15,0.55,0.1,0.2
656,880fbafa219d96e9609842f9245ef73801bece6d,2,rag_10,10,10,12,1,1,1,0.55,0.5978370007556204,0.2899999999999999,1687,49,0.15,0.55,0.05,0.25
656,880fbafa219d96e9609842f9245ef73801bece6d,2,rag_all_support,-1,12,12,1,1,1,0.45,0.7985076962177716,0.42500000000000004,1890,49,0.15,0.45,0.1,0.3
174,936f7e92fea23551686630c9568fc91c130845a1,0,query_only,0,0,7,3,1,0,0.25,1.3862943611198906,0.77,438,49,0.25,0.35,0.15,0.25
174,936f7e92fea23551686630c9568fc91c130845a1,0,rag_1,1,1,7,3,1,0,0.2,1.6094379124341003,0.8650000000000001,526,49,0.25,0.35,0.2,0.2
174,936f7e92fea23551686630c9568fc91c130845a1,0,rag_3,3,3,7,3,1,0,0.2,1.6094379124341003,0.8850000000000001,777,49,0.25,0.4,0.15,0.2
174,936f7e92fea23551686630c9568fc91c130845a1,0,rag_5,5,5,7,3,1,0,0.2,1.6094379124341003,0.8850000000000001,980,49,0.25,0.4,0.15,0.2
174,936f7e92fea23551686630c9568fc91c130845a1,0,rag_10,10,7,7,3,1,0,0.2,1.6094379124341003,0.8850000000000001,1177,49,0.25,0.4,0.15,0.2
174,936f7e92fea23551686630c9568fc91c130845a1,0,rag_all_support,-1,7,7,3,1,0,0.2,1.6094379124341003,0.8850000000000001,1177,49,0.25,0.4,0.15,0.2
941,a01e6ab1ca743f1ecd859b986dc62ce66806421b,2,query_only,0,0,15,0,0,1,0.4,0.916290731874155,0.485,455,49,0.4,0.15,0.25,0.2
941,a01e6ab1ca743f1ecd859b986dc62ce66806421b,2,rag_1,1,1,15,0,0,1,0.4,0.916290731874155,0.485,560,49,0.4,0.25,0.15,0.2
941,a01e6ab1ca743f1ecd859b986dc62ce66806421b,2,rag_3,3,3,15,0,0,1,0.4,0.916290731874155,0.48500000000000004,749,49,0.4,0.25,0.2,0.15
941,a01e6ab1ca743f1ecd859b986dc62ce66806421b,2,rag_5,5,5,15,0,0,1,0.35,1.0498221244986778,0.5650000000000001,973,49,0.35,0.25,0.2,0.2
941,a01e6ab1ca743f1ecd859b986dc62ce66806421b,2,rag_10,10,10,15,0,0,1,0.45,0.7985076962177716,0.40500000000000014,1536,49,0.45,0.15,0.2,0.2
941,a01e6ab1ca743f1ecd859b986dc62ce66806421b,2,rag_all_support,-1,15,15,0,0,1,0.4,0.916290731874155,0.485,2158,49,0.4,0.25,0.15,0.2
599,5296611133939388ae2c19aa7af4518bcffa7128,3,query_only,0,0,9,0,0,1,0.42,0.8675005677047231,0.4616000000000001,556,49,0.42,0.28,0.12,0.18
599,5296611133939388ae2c19aa7af4518bcffa7128,3,rag_1,1,1,9,0,1,0,0.38,0.9675840262617056,0.5736,671,49,0.38,0.4,0.06,0.16
599,5296611133939388ae2c19aa7af4518bcffa7128,3,rag_3,3,3,9,0,0,1,0.4,0.916290731874155,0.515,882,49,0.4,0.35,0.1,0.15
599,5296611133939388ae2c19aa7af4518bcffa7128,3,rag_5,5,5,9,0,0,1,0.45,0.7985076962177716,0.45000000000000007,1114,49,0.45,0.35,0.05,0.15
599,5296611133939388ae2c19aa7af4518bcffa7128,3,rag_10,10,9,9,0,0,1,0.4,0.916290731874155,0.515,1540,49,0.4,0.35,0.15,0.1
599,5296611133939388ae2c19aa7af4518bcffa7128,3,rag_all_support,-1,9,9,0,0,1,0.4,0.916290731874155,0.515,1540,49,0.4,0.35,0.15,0.1
209,78d6331f4ecae270ffe468b0d43f75de70e0a3d6,0,query_only,0,0,13,0,2,0,0.25,1.3862943611198906,0.8099999999999999,481,49,0.25,0.15,0.45,0.15
209,78d6331f4ecae270ffe468b0d43f75de70e0a3d6,0,rag_1,1,1,13,0,0,1,0.55,0.5978370007556204,0.26999999999999996,613,49,0.55,0.15,0.15,0.15
209,78d6331f4ecae270ffe468b0d43f75de70e0a3d6,0,rag_3,3,3,13,0,2,0,0.28,1.2729656758128873,0.7448,866,49,0.28,0.2,0.42,0.1
209,78d6331f4ecae270ffe468b0d43f75de70e0a3d6,0,rag_5,5,5,13,0,2,0,0.28,1.2729656758128873,0.7577999999999999,1092,49,0.28,0.15,0.45,0.12
209,78d6331f4ecae270ffe468b0d43f75de70e0a3d6,0,rag_10,10,10,13,0,2,0,0.35,1.0498221244986778,0.6150000000000001,1631,49,0.35,0.15,0.4,0.1
209,78d6331f4ecae270ffe468b0d43f75de70e0a3d6,0,rag_all_support,-1,13,13,0,2,0,0.25,1.3862943611198906,0.755,1940,49,0.25,0.25,0.3,0.2
277,e2b1caa6443541c7b4581651af59ee4a3daffbc7,2,query_only,0,0,5,1,3,0,0.25,1.3862943611198906,0.7699999999999999,571,49,0.25,0.25,0.15,0.35
277,e2b1caa6443541c7b4581651af59ee4a3daffbc7,2,rag_1,1,1,5,1,0,0,0.15,1.8971199848858813,0.985,749,49,0.4,0.15,0.25,0.2
277,e2b1caa6443541c7b4581651af59ee4a3daffbc7,2,rag_3,3,3,5,1,1,1,0.3,1.2039728043259361,0.6649999999999999,1064,49,0.25,0.3,0.15,0.3
277,e2b1caa6443541c7b4581651af59ee4a3daffbc7,2,rag_5,5,5,5,1,0,0,0.2,1.6094379124341003,0.8850000000000001,1344,49,0.4,0.2,0.15,0.25
277,e2b1caa6443541c7b4581651af59ee4a3daffbc7,2,rag_10,10,5,5,1,0,0,0.2,1.6094379124341003,0.8850000000000001,1344,49,0.4,0.2,0.15,0.25
277,e2b1caa6443541c7b4581651af59ee4a3daffbc7,2,rag_all_support,-1,5,5,1,0,0,0.2,1.6094379124341003,0.8850000000000001,1344,49,0.4,0.2,0.15,0.25
753,ec8cefda0969f7d9146ea1b31f1f161d74704180,3,query_only,0,0,9,3,0,0,0.18,1.7147984280919266,0.9360000000000002,626,49,0.42,0.26,0.14,0.18
753,ec8cefda0969f7d9146ea1b31f1f161d74704180,3,rag_1,1,1,9,3,0,0,0.15,1.8971199848858813,1.01,786,49,0.45,0.25,0.15,0.15
753,ec8cefda0969f7d9146ea1b31f1f161d74704180,3,rag_3,3,3,9,3,0,0,0.15,1.8971199848858813,0.9997999999999999,1073,49,0.42,0.28,0.15,0.15
753,ec8cefda0969f7d9146ea1b31f1f161d74704180,3,rag_5,5,5,9,3,0,0,0.15,1.8971199848858813,1.01,1305,49,0.45,0.25,0.15,0.15
753,ec8cefda0969f7d9146ea1b31f1f161d74704180,3,rag_10,10,9,9,3,0,0,0.2,1.6094379124341003,0.8958000000000002,1777,49,0.42,0.25,0.13,0.2
753,ec8cefda0969f7d9146ea1b31f1f161d74704180,3,rag_all_support,-1,9,9,3,0,0,0.2,1.6094379124341003,0.8958000000000002,1777,49,0.42,0.25,0.13,0.2
604,f77e5b8be51c7030174f599e8602748412b6f36f,2,query_only,0,0,13,2,0,0,0.25,1.3862943611198906,0.75,428,49,0.25,0.25,0.25,0.25
604,f77e5b8be51c7030174f599e8602748412b6f36f,2,rag_1,1,1,13,2,0,0,0.2,1.6094379124341003,0.8650000000000002,508,49,0.35,0.25,0.2,0.2
604,f77e5b8be51c7030174f599e8602748412b6f36f,2,rag_3,3,3,13,2,0,0,0.2,1.6094379124341003,0.8850000000000001,686,49,0.4,0.25,0.2,0.15
604,f77e5b8be51c7030174f599e8602748412b6f36f,2,rag_5,5,5,13,2,1,0,0.25,1.3862943611198906,0.77,875,49,0.25,0.35,0.25,0.15
604,f77e5b8be51c7030174f599e8602748412b6f36f,2,rag_10,10,10,13,2,0,0,0.25,1.3862943611198906,0.77,1425,49,0.35,0.25,0.25,0.15
604,f77e5b8be51c7030174f599e8602748412b6f36f,2,rag_all_support,-1,13,13,2,0,0,0.2,1.6094379124341003,0.8850000000000001,1812,49,0.4,0.25,0.2,0.15
445,916e0554735692616d2cfaaa5fb211a6bf3a972a,6,query_only,0,0,13,1,0,0,0.1,2.3025850929940455,1.0950000000000002,396,49,0.4,0.1,0.25,0.25
445,916e0554735692616d2cfaaa5fb211a6bf3a972a,6,rag_1,1,1,13,1,0,0,0.15,1.8971199848858813,0.9699999999999999,510,49,0.35,0.15,0.25,0.25
445,916e0554735692616d2cfaaa5fb211a6bf3a972a,6,rag_3,3,3,13,1,2,0,0.15,1.8971199848858813,0.9649999999999999,698,49,0.25,0.15,0.3,0.3
445,916e0554735692616d2cfaaa5fb211a6bf3a972a,6,rag_5,5,5,13,1,0,0,0.25,1.3862943611198906,0.75,913,49,0.25,0.25,0.25,0.25
445,916e0554735692616d2cfaaa5fb211a6bf3a972a,6,rag_10,10,10,13,1,0,0,0.25,1.3862943611198906,0.755,1459,49,0.3,0.25,0.25,0.2
445,916e0554735692616d2cfaaa5fb211a6bf3a972a,6,rag_all_support,-1,13,13,1,0,0,0.15,1.8971199848858813,0.9699999999999999,1763,49,0.35,0.15,0.25,0.25
101,48261e8c81f425744486fe8f2ac9ac5c7fca8b35,0,query_only,0,0,9,3,1,0,0.2,1.6094379124341003,0.8650000000000001,470,49,0.25,0.35,0.2,0.2
101,48261e8c81f425744486fe8f2ac9ac5c7fca8b35,0,rag_1,1,1,9,3,0,0,0.25,1.3862943611198906,0.75,575,49,0.25,0.25,0.25,0.25
101,48261e8c81f425744486fe8f2ac9ac5c7fca8b35,0,rag_3,3,3,9,3,0,0,0.15,1.8971199848858813,1.01,767,49,0.45,0.25,0.15,0.15
101,48261e8c81f425744486fe8f2ac9ac5c7fca8b35,0,rag_5,5,5,9,3,1,0,0.2,1.6094379124341003,0.8650000000000001,959,49,0.25,0.35,0.2,0.2
101,48261e8c81f425744486fe8f2ac9ac5c7fca8b35,0,rag_10,10,9,9,3,1,0,0.25,1.3862943611198906,0.77,1584,49,0.25,0.35,0.15,0.25
101,48261e8c81f425744486fe8f2ac9ac5c7fca8b35,0,rag_all_support,-1,9,9,3,1,0,0.25,1.3862943611198906,0.77,1584,49,0.25,0.35,0.15,0.25
879,4eda9ecd958f7f012d268bb7ff8746a5d09023b3,4,query_only,0,0,11,2,0,0,0.25,1.3862943611198906,0.8099999999999999,497,49,0.45,0.15,0.25,0.15
879,4eda9ecd958f7f012d268bb7ff8746a5d09023b3,4,rag_1,1,1,11,2,0,0,0.25,1.3862943611198906,0.77,626,49,0.35,0.25,0.25,0.15
879,4eda9ecd958f7f012d268bb7ff8746a5d09023b3,4,rag_3,3,3,11,2,0,0,0.25,1.3862943611198906,0.8099999999999999,835,49,0.45,0.15,0.25,0.15
879,4eda9ecd958f7f012d268bb7ff8746a5d09023b3,4,rag_5,5,5,11,2,0,0,0.25,1.3862943611198906,0.77,1057,49,0.35,0.15,0.25,0.25
879,4eda9ecd958f7f012d268bb7ff8746a5d09023b3,4,rag_10,10,10,11,2,2,1,0.35,1.0498221244986778,0.5650000000000001,1641,49,0.25,0.2,0.35,0.2
879,4eda9ecd958f7f012d268bb7ff8746a5d09023b3,4,rag_all_support,-1,11,11,2,0,0,0.19999999999999996,1.6094379124341005,0.9750000000000001,1746,49,0.5499999999999999,0.14999999999999997,0.19999999999999996,0.09999999999999998
256,5b2dd4d6e43360200e92820c24ee76e1a045ba31,1,query_only,0,0,4,0,0,1,0.55,0.5978370007556204,0.27499999999999997,500,49,0.55,0.15,0.1,0.2
256,5b2dd4d6e43360200e92820c24ee76e1a045ba31,1,rag_1,1,1,4,0,0,1,0.55,0.5978370007556204,0.27499999999999997,747,49,0.55,0.15,0.1,0.2
256,5b2dd4d6e43360200e92820c24ee76e1a045ba31,1,rag_3,3,3,4,0,0,1,0.4,0.916290731874155,0.495,1155,49,0.4,0.25,0.1,0.25
256,5b2dd4d6e43360200e92820c24ee76e1a045ba31,1,rag_5,5,4,4,0,0,1,0.45,0.7985076962177716,0.4100000000000001,1246,49,0.45,0.25,0.15,0.15
256,5b2dd4d6e43360200e92820c24ee76e1a045ba31,1,rag_10,10,4,4,0,0,1,0.45,0.7985076962177716,0.4100000000000001,1246,49,0.45,0.25,0.15,0.15
256,5b2dd4d6e43360200e92820c24ee76e1a045ba31,1,rag_all_support,-1,4,4,0,0,1,0.45,0.7985076962177716,0.4100000000000001,1246,49,0.45,0.25,0.15,0.15
837,356842f91557e18b6955548c2525be32cdee53e0,3,query_only,0,0,13,0,0,1,0.35,1.0498221244986778,0.5850000000000001,539,49,0.35,0.1,0.25,0.3
837,356842f91557e18b6955548c2525be32cdee53e0,3,rag_1,1,1,13,0,0,1,0.4,0.916290731874155,0.48500000000000004,655,49,0.4,0.25,0.2,0.15
837,356842f91557e18b6955548c2525be32cdee53e0,3,rag_3,3,3,13,0,0,1,0.4,0.916290731874155,0.48500000000000004,885,49,0.4,0.25,0.2,0.15
837,356842f91557e18b6955548c2525be32cdee53e0,3,rag_5,5,5,13,0,0,1,0.38,0.9675840262617056,0.5391999999999999,1127,49,0.38,0.34,0.14,0.14
837,356842f91557e18b6955548c2525be32cdee53e0,3,rag_10,10,10,13,0,0,1,0.35,1.0498221244986778,0.5700000000000001,1811,49,0.35,0.25,0.25,0.15
837,356842f91557e18b6955548c2525be32cdee53e0,3,rag_all_support,-1,13,13,0,0,1,0.48,0.7339691750802004,0.3776000000000001,2164,49,0.48,0.28,0.12,0.12
408,34d8953bc0af797c693a4781009136c0ab6fb9c2,4,query_only,0,0,17,1,1,1,0.34,1.0788096613719298,0.5911999999999998,568,49,0.28,0.34,0.14,0.24
408,34d8953bc0af797c693a4781009136c0ab6fb9c2,4,rag_1,1,1,17,1,1,1,0.34,1.0788096613719298,0.5879999999999999,689,49,0.28,0.34,0.22,0.16
408,34d8953bc0af797c693a4781009136c0ab6fb9c2,4,rag_3,3,3,17,1,1,1,0.42,0.8675005677047231,0.46000000000000013,923,49,0.28,0.42,0.14,0.16
408,34d8953bc0af797c693a4781009136c0ab6fb9c2,4,rag_5,5,5,17,1,1,1,0.35,1.0498221244986778,0.5700000000000001,1149,49,0.25,0.35,0.15,0.25
408,34d8953bc0af797c693a4781009136c0ab6fb9c2,4,rag_10,10,10,17,1,1,1,0.37,0.9942522733438669,0.5378000000000001,1808,49,0.28,0.37,0.2,0.15
408,34d8953bc0af797c693a4781009136c0ab6fb9c2,4,rag_all_support,-1,17,17,1,1,1,0.36,1.0216512475319814,0.556,2682,49,0.28,0.36,0.14,0.22
63,df16994c0babfb357e755603991782e75789c55e,5,query_only,0,0,12,2,1,0,0.15,1.8971199848858813,0.985,565,49,0.25,0.4,0.15,0.2
63,df16994c0babfb357e755603991782e75789c55e,5,rag_1,1,1,12,2,1,0,0.15,1.8971199848858813,1.01,677,49,0.25,0.45,0.15,0.15
63,df16994c0babfb357e755603991782e75789c55e,5,rag_3,3,3,12,2,1,0,0.15,1.8971199848858813,0.97,893,49,0.25,0.35,0.15,0.25
63,df16994c0babfb357e755603991782e75789c55e,5,rag_5,5,5,12,2,0,0,0.15,1.8971199848858813,0.97,1206,49,0.35,0.25,0.15,0.25
63,df16994c0babfb357e755603991782e75789c55e,5,rag_10,10,10,12,2,0,0,0.15,1.8971199848858813,0.97,1768,49,0.35,0.25,0.15,0.25
63,df16994c0babfb357e755603991782e75789c55e,5,rag_all_support,-1,12,12,2,0,0,0.15,1.8971199848858813,0.9949999999999999,2068,49,0.4,0.3,0.15,0.15
494,229480745e2ec81c9c623b6026ea09bb428cc36c,3,query_only,0,0,11,0,1,0,0.25,1.3862943611198906,0.7699999999999999,434,49,0.25,0.35,0.15,0.25
494,229480745e2ec81c9c623b6026ea09bb428cc36c,3,rag_1,1,1,11,0,0,1,0.4,0.916290731874155,0.485,515,49,0.4,0.25,0.15,0.2
494,229480745e2ec81c9c623b6026ea09bb428cc36c,3,rag_3,3,3,11,0,0,1,0.45,0.7985076962177716,0.4250000000000001,708,49,0.45,0.3,0.15,0.1
494,229480745e2ec81c9c623b6026ea09bb428cc36c,3,rag_5,5,5,11,0,1,0,0.28,1.2729656758128873,0.6998,904,49,0.28,0.3,0.25,0.17
494,229480745e2ec81c9c623b6026ea09bb428cc36c,3,rag_10,10,10,11,0,0,1,0.34,1.0788096613719298,0.5911999999999998,1370,49,0.34,0.28,0.24,0.14
494,229480745e2ec81c9c623b6026ea09bb428cc36c,3,rag_all_support,-1,11,11,0,0,1,0.35,1.0498221244986778,0.5700000000000001,1477,49,0.35,0.25,0.25,0.15
542,231773b4225c53d0aceafc93df22a99720a2677e,0,query_only,0,0,9,2,2,1,0.35,1.0498221244986778,0.5798000000000001,492,49,0.32,0.15,0.35,0.18
542,231773b4225c53d0aceafc93df22a99720a2677e,0,rag_1,1,1,9,2,0,0,0.25,1.3862943611198906,0.77,604,49,0.35,0.15,0.25,0.25
542,231773b4225c53d0aceafc93df22a99720a2677e,0,rag_3,3,3,9,2,0,0,0.3,1.2039728043259361,0.695,845,49,0.4,0.15,0.3,0.15
542,231773b4225c53d0aceafc93df22a99720a2677e,0,rag_5,5,5,9,2,2,1,0.4,0.916290731874155,0.485,1055,49,0.25,0.15,0.4,0.2
542,231773b4225c53d0aceafc93df22a99720a2677e,0,rag_10,10,9,9,2,0,0,0.25,1.3862943611198906,0.77,1476,49,0.35,0.15,0.25,0.25
542,231773b4225c53d0aceafc93df22a99720a2677e,0,rag_all_support,-1,9,9,2,0,0,0.25,1.3862943611198906,0.77,1476,49,0.35,0.15,0.25,0.25
636,4d77f1c87b7bd34f740efb4aa512958e842e4e4c,6,query_only,0,0,15,1,1,1,0.5,0.6931471805599453,0.3350000000000001,496,49,0.15,0.5,0.15,0.2
636,4d77f1c87b7bd34f740efb4aa512958e842e4e4c,6,rag_1,1,1,15,1,1,1,0.55,0.5978370007556204,0.27499999999999997,616,49,0.1,0.55,0.15,0.2
636,4d77f1c87b7bd34f740efb4aa512958e842e4e4c,6,rag_3,3,3,15,1,1,1,0.55,0.5978370007556204,0.26999999999999996,832,49,0.15,0.55,0.15,0.15
636,4d77f1c87b7bd34f740efb4aa512958e842e4e4c,6,rag_5,5,5,15,1,1,1,0.55,0.5978370007556204,0.27499999999999997,1071,49,0.15,0.55,0.1,0.2
636,4d77f1c87b7bd34f740efb4aa512958e842e4e4c,6,rag_10,10,10,15,1,1,1,0.4,0.916290731874155,0.495,1663,49,0.15,0.4,0.15,0.3
636,4d77f1c87b7bd34f740efb4aa512958e842e4e4c,6,rag_all_support,-1,15,15,1,1,1,0.55,0.5978370007556204,0.26999999999999996,2149,49,0.15,0.55,0.15,0.15
621,6f3de4a29129b7043c84a7412da474952cdcb990,1,query_only,0,0,7,0,0,1,0.55,0.5978370007556204,0.285,582,49,0.55,0.25,0.1,0.1
621,6f3de4a29129b7043c84a7412da474952cdcb990,1,rag_1,1,1,7,0,0,1,0.55,0.5978370007556204,0.26999999999999996,674,49,0.55,0.15,0.15,0.15
621,6f3de4a29129b7043c84a7412da474952cdcb990,1,rag_3,3,3,7,0,0,1,0.55,0.5978370007556204,0.285,892,49,0.55,0.25,0.1,0.1
621,6f3de4a29129b7043c84a7412da474952cdcb990,1,rag_5,5,5,7,0,0,1,0.45,0.7985076962177716,0.44500000000000006,1175,49,0.45,0.35,0.1,0.1
621,6f3de4a29129b7043c84a7412da474952cdcb990,1,rag_10,10,7,7,0,0,1,0.45,0.7985076962177716,0.45000000000000007,1373,49,0.45,0.35,0.05,0.15
621,6f3de4a29129b7043c84a7412da474952cdcb990,1,rag_all_support,-1,7,7,0,0,1,0.45,0.7985076962177716,0.45000000000000007,1373,49,0.45,0.35,0.05,0.15
617,c4a3dc701a0646ab858130ed1e9abdb145e28801,0,query_only,0,0,9,3,2,0,0.2,1.6094379124341003,0.8850000000000001,559,49,0.25,0.15,0.4,0.2
617,c4a3dc701a0646ab858130ed1e9abdb145e28801,0,rag_1,1,1,9,3,2,0,0.15,1.8971199848858813,1.0099999999999998,717,49,0.25,0.15,0.45,0.15
617,c4a3dc701a0646ab858130ed1e9abdb145e28801,0,rag_3,3,3,9,3,2,0,0.25,1.3862943611198906,0.81,939,49,0.15,0.15,0.45,0.25
617,c4a3dc701a0646ab858130ed1e9abdb145e28801,0,rag_5,5,5,9,3,2,0,0.2,1.6094379124341003,0.8850000000000001,1198,49,0.25,0.15,0.4,0.2
617,c4a3dc701a0646ab858130ed1e9abdb145e28801,0,rag_10,10,9,9,3,2,0,0.25,1.3862943611198906,0.77,1657,49,0.25,0.15,0.35,0.25
617,c4a3dc701a0646ab858130ed1e9abdb145e28801,0,rag_all_support,-1,9,9,3,2,0,0.25,1.3862943611198906,0.77,1657,49,0.25,0.15,0.35,0.25
924,ecc8df2a8d060897db595558298acf78adc774b3,0,query_only,0,0,11,2,0,0,0.25,1.3862943611198906,0.75,504,49,0.25,0.25,0.25,0.25
924,ecc8df2a8d060897db595558298acf78adc774b3,0,rag_1,1,1,11,2,2,1,0.3,1.2039728043259361,0.655,596,49,0.25,0.25,0.3,0.2
924,ecc8df2a8d060897db595558298acf78adc774b3,0,rag_3,3,3,11,2,0,0,0.30000000000000004,1.203972804325936,0.685,784,49,0.35000000000000003,0.25000000000000006,0.30000000000000004,0.10000000000000002
924,ecc8df2a8d060897db595558298acf78adc774b3,0,rag_5,5,5,11,2,2,1,0.3,1.2039728043259361,0.655,990,49,0.25,0.25,0.3,0.2
924,ecc8df2a8d060897db595558298acf78adc774b3,0,rag_10,10,10,11,2,2,1,0.38,0.9675840262617056,0.5448000000000001,1526,49,0.28,0.28,0.38,0.06
924,ecc8df2a8d060897db595558298acf78adc774b3,0,rag_all_support,-1,11,11,2,2,1,0.32,1.1394342831883648,0.6279999999999999,1695,49,0.28,0.26,0.32,0.14
221,6cef8355e661178f64e94d7b0bdaacca259f1548,4,query_only,0,0,12,2,0,0,0.25,1.3862943611198906,0.75,399,49,0.25,0.25,0.25,0.25
221,6cef8355e661178f64e94d7b0bdaacca259f1548,4,rag_1,1,1,12,2,1,0,0.25,1.3862943611198906,0.755,512,49,0.25,0.3,0.25,0.2
221,6cef8355e661178f64e94d7b0bdaacca259f1548,4,rag_3,3,3,12,2,1,0,0.25,1.3862943611198906,0.755,720,49,0.25,0.3,0.25,0.2
221,6cef8355e661178f64e94d7b0bdaacca259f1548,4,rag_5,5,5,12,2,0,0,0.25,1.3862943611198906,0.75,930,49,0.25,0.25,0.25,0.25
221,6cef8355e661178f64e94d7b0bdaacca259f1548,4,rag_10,10,10,12,2,2,1,0.4,0.916290731874155,0.485,1415,49,0.15,0.25,0.4,0.2
221,6cef8355e661178f64e94d7b0bdaacca259f1548,4,rag_all_support,-1,12,12,2,0,0,0.25,1.3862943611198906,0.75,1629,49,0.25,0.25,0.25,0.25
938,69cea1abb6ffcc43035e31c8730235a260ed1c59,1,query_only,0,0,15,3,1,0,0.15,1.8971199848858813,1.045,476,49,0.25,0.5,0.1,0.15
938,69cea1abb6ffcc43035e31c8730235a260ed1c59,1,rag_1,1,1,15,3,1,0,0.15,1.8971199848858813,1.07,605,49,0.15,0.55,0.15,0.15
938,69cea1abb6ffcc43035e31c8730235a260ed1c59,1,rag_3,3,3,15,3,1,0,0.15,1.8971199848858813,1.07,793,49,0.15,0.55,0.15,0.15
938,69cea1abb6ffcc43035e31c8730235a260ed1c59,1,rag_5,5,5,15,3,1,0,0.15,1.8971199848858813,1.115,1003,49,0.15,0.6,0.1,0.15
938,69cea1abb6ffcc43035e31c8730235a260ed1c59,1,rag_10,10,10,15,3,1,0,0.2,1.6094379124341003,0.9750000000000002,1605,49,0.15,0.55,0.1,0.2
938,69cea1abb6ffcc43035e31c8730235a260ed1c59,1,rag_all_support,-1,15,15,3,1,0,0.15,1.8971199848858813,1.07,2331,49,0.15,0.55,0.15,0.15
292,dbe00e045ce50ff85ea091b190f100d576a19e85,0,query_only,0,0,5,3,1,0,0.2,1.6094379124341003,0.9150000000000001,526,49,0.1,0.45,0.25,0.2
292,dbe00e045ce50ff85ea091b190f100d576a19e85,0,rag_1,1,1,5,3,1,0,0.2,1.6094379124341003,0.9350000000000002,1004,49,0.15,0.5,0.15,0.2
292,dbe00e045ce50ff85ea091b190f100d576a19e85,0,rag_3,3,3,5,3,1,0,0.2,1.6094379124341003,0.9350000000000002,1371,49,0.15,0.5,0.15,0.2
292,dbe00e045ce50ff85ea091b190f100d576a19e85,0,rag_5,5,5,5,3,1,0,0.15,1.8971199848858813,1.035,1750,49,0.15,0.5,0.2,0.15
292,dbe00e045ce50ff85ea091b190f100d576a19e85,0,rag_10,10,5,5,3,1,0,0.15,1.8971199848858813,1.035,1750,49,0.15,0.5,0.2,0.15
292,dbe00e045ce50ff85ea091b190f100d576a19e85,0,rag_all_support,-1,5,5,3,1,0,0.15,1.8971199848858813,1.035,1750,49,0.15,0.5,0.2,0.15
314,7f87094a7a23b2480878bb0c51993069600afa07,2,query_only,0,0,5,3,0,0,0.15,1.8971199848858813,0.9937999999999999,923,49,0.42,0.18,0.25,0.15
314,7f87094a7a23b2480878bb0c51993069600afa07,2,rag_1,1,1,5,3,0,0,0.2,1.6094379124341003,0.8850000000000001,1079,49,0.4,0.15,0.25,0.2
314,7f87094a7a23b2480878bb0c51993069600afa07,2,rag_3,3,3,5,3,0,0,0.15,1.8971199848858813,0.985,1393,49,0.4,0.2,0.25,0.15
314,7f87094a7a23b2480878bb0c51993069600afa07,2,rag_5,5,5,5,3,0,0,0.09999999999999998,2.302585092994046,1.1749999999999998,1776,49,0.5499999999999999,0.14999999999999997,0.19999999999999996,0.09999999999999998
314,7f87094a7a23b2480878bb0c51993069600afa07,2,rag_10,10,5,5,3,0,0,0.09999999999999998,2.302585092994046,1.1749999999999998,1776,49,0.5499999999999999,0.14999999999999997,0.19999999999999996,0.09999999999999998
314,7f87094a7a23b2480878bb0c51993069600afa07,2,rag_all_support,-1,5,5,3,0,0,0.09999999999999998,2.302585092994046,1.1749999999999998,1776,49,0.5499999999999999,0.14999999999999997,0.19999999999999996,0.09999999999999998
845,e9a11017e047de057d22d32e882ec65249db4c73,0,query_only,0,0,9,0,0,1,0.25,1.3862943611198906,0.75,491,49,0.25,0.25,0.25,0.25
845,e9a11017e047de057d22d32e882ec65249db4c73,0,rag_1,1,1,9,0,0,1,0.35,1.0498221244986778,0.5650000000000001,597,49,0.35,0.25,0.2,0.2
845,e9a11017e047de057d22d32e882ec65249db4c73,0,rag_3,3,3,9,0,3,0,0.25,1.3862943611198906,0.755,811,49,0.25,0.2,0.25,0.3
845,e9a11017e047de057d22d32e882ec65249db4c73,0,rag_5,5,5,9,0,0,1,0.25,1.3862943611198906,0.75,1001,49,0.25,0.25,0.25,0.25
845,e9a11017e047de057d22d32e882ec65249db4c73,0,rag_10,10,9,9,0,3,0,0.25,1.3862943611198906,0.755,1489,49,0.25,0.25,0.2,0.3
845,e9a11017e047de057d22d32e882ec65249db4c73,0,rag_all_support,-1,9,9,0,3,0,0.25,1.3862943611198906,0.755,1489,49,0.25,0.25,0.2,0.3
749,1b9d1783fcd6c9c95dfd7214fcade537c519a4b0,5,query_only,0,0,13,0,1,0,0.3,1.2039728043259361,0.7,418,49,0.3,0.4,0.1,0.2
749,1b9d1783fcd6c9c95dfd7214fcade537c519a4b0,5,rag_1,1,1,13,0,0,1,0.4,0.916290731874155,0.515,506,49,0.4,0.35,0.15,0.1
749,1b9d1783fcd6c9c95dfd7214fcade537c519a4b0,5,rag_3,3,3,13,0,1,0,0.3,1.2039728043259361,0.6949999999999998,760,49,0.3,0.4,0.15,0.15
749,1b9d1783fcd6c9c95dfd7214fcade537c519a4b0,5,rag_5,5,5,13,0,0,1,0.4,0.916290731874155,0.515,987,49,0.4,0.35,0.15,0.1
749,1b9d1783fcd6c9c95dfd7214fcade537c519a4b0,5,rag_10,10,10,13,0,0,1,0.55,0.5978370007556204,0.285,1600,49,0.55,0.25,0.1,0.1
749,1b9d1783fcd6c9c95dfd7214fcade537c519a4b0,5,rag_all_support,-1,13,13,0,0,1,0.42,0.8675005677047231,0.4728000000000001,1976,49,0.42,0.32,0.14,0.12
978,6bc703de329eb46dd915f9f21d8bee9920699aa3,6,query_only,0,0,17,3,0,0,0.15,1.8971199848858813,1.07,558,49,0.55,0.15,0.15,0.15
978,6bc703de329eb46dd915f9f21d8bee9920699aa3,6,rag_1,1,1,17,3,0,0,0.1,2.3025850929940455,1.175,663,49,0.55,0.2,0.15,0.1
978,6bc703de329eb46dd915f9f21d8bee9920699aa3,6,rag_3,3,3,17,3,0,0,0.15,1.8971199848858813,1.07,911,49,0.55,0.15,0.15,0.15
978,6bc703de329eb46dd915f9f21d8bee9920699aa3,6,rag_5,5,5,17,3,0,0,0.2,1.6094379124341003,0.9350000000000002,1122,49,0.5,0.15,0.15,0.2
978,6bc703de329eb46dd915f9f21d8bee9920699aa3,6,rag_10,10,10,17,3,0,0,0.10000000000000002,2.3025850929940455,1.1150000000000002,1704,49,0.45000000000000007,0.25000000000000006,0.20000000000000004,0.10000000000000002
978,6bc703de329eb46dd915f9f21d8bee9920699aa3,6,rag_all_support,-1,17,17,3,0,0,0.15,1.8971199848858813,1.01,2548,49,0.45,0.25,0.15,0.15
139,c0f826a0a41fd58cd4d492e7d1811453726fefd7,3,query_only,0,0,15,2,1,0,0.15,1.8971199848858813,1.01,492,49,0.25,0.45,0.15,0.15
139,c0f826a0a41fd58cd4d492e7d1811453726fefd7,3,rag_1,1,1,15,2,1,0,0.15,1.8971199848858813,1.0699999999999998,596,49,0.15,0.55,0.15,0.15
139,c0f826a0a41fd58cd4d492e7d1811453726fefd7,3,rag_3,3,3,15,2,1,0,0.15,1.8971199848858813,1.0699999999999998,794,49,0.15,0.55,0.15,0.15
139,c0f826a0a41fd58cd4d492e7d1811453726fefd7,3,rag_5,5,5,15,2,1,0,0.15,1.8971199848858813,1.0699999999999998,1014,49,0.15,0.55,0.15,0.15
139,c0f826a0a41fd58cd4d492e7d1811453726fefd7,3,rag_10,10,10,15,2,1,0,0.15,1.8971199848858813,1.0699999999999998,1725,49,0.15,0.55,0.15,0.15
139,c0f826a0a41fd58cd4d492e7d1811453726fefd7,3,rag_all_support,-1,15,15,2,1,0,0.15,1.8971199848858813,1.115,2384,49,0.15,0.6,0.15,0.1
554,ab9a58bd79e76eec7701e516a6da52365d42429b,0,query_only,0,0,5,2,0,0,0.2,1.6094379124341003,0.8850000000000001,484,49,0.4,0.25,0.2,0.15
554,ab9a58bd79e76eec7701e516a6da52365d42429b,0,rag_1,1,1,5,2,0,0,0.2,1.6094379124341003,0.8650000000000002,607,49,0.35,0.25,0.2,0.2
554,ab9a58bd79e76eec7701e516a6da52365d42429b,0,rag_3,3,3,5,2,0,0,0.1,2.3025850929940455,1.185,793,49,0.55,0.25,0.1,0.1
554,ab9a58bd79e76eec7701e516a6da52365d42429b,0,rag_5,5,5,5,2,0,0,0.15,1.8971199848858813,1.01,987,49,0.45,0.25,0.15,0.15
554,ab9a58bd79e76eec7701e516a6da52365d42429b,0,rag_10,10,5,5,2,0,0,0.15,1.8971199848858813,1.01,987,49,0.45,0.25,0.15,0.15
554,ab9a58bd79e76eec7701e516a6da52365d42429b,0,rag_all_support,-1,5,5,2,0,0,0.15,1.8971199848858813,1.01,987,49,0.45,0.25,0.15,0.15
677,e98bdba5060fca7d276c92c56fb2dbf7109057c2,5,query_only,0,0,12,2,1,0,0.25,1.3862943611198906,0.77,584,49,0.25,0.35,0.25,0.15
677,e98bdba5060fca7d276c92c56fb2dbf7109057c2,5,rag_1,1,1,12,2,0,0,0.2,1.6094379124341003,0.8650000000000002,693,49,0.35,0.25,0.2,0.2
677,e98bdba5060fca7d276c92c56fb2dbf7109057c2,5,rag_3,3,3,12,2,0,0,0.15,1.8971199848858813,1.015,931,49,0.4,0.35,0.15,0.1
677,e98bdba5060fca7d276c92c56fb2dbf7109057c2,5,rag_5,5,5,12,2,0,0,0.2,1.6094379124341003,0.8650000000000002,1177,49,0.35,0.25,0.2,0.2
677,e98bdba5060fca7d276c92c56fb2dbf7109057c2,5,rag_10,10,10,12,2,1,0,0.25,1.3862943611198906,0.755,1876,49,0.25,0.3,0.25,0.2
677,e98bdba5060fca7d276c92c56fb2dbf7109057c2,5,rag_all_support,-1,12,12,2,1,0,0.2,1.6094379124341003,0.8650000000000002,2241,49,0.25,0.35,0.2,0.2
589,25e5680dc2fbffb9a9d90fe9de42f2fa64c4c6ce,1,query_only,0,0,13,1,3,0,0.25,1.3862943611198906,0.7699999999999999,527,49,0.25,0.25,0.15,0.35
589,25e5680dc2fbffb9a9d90fe9de42f2fa64c4c6ce,1,rag_1,1,1,13,1,0,0,0.25,1.3862943611198906,0.75,597,49,0.25,0.25,0.25,0.25
589,25e5680dc2fbffb9a9d90fe9de42f2fa64c4c6ce,1,rag_3,3,3,13,1,3,0,0.25,1.3862943611198906,0.7699999999999999,820,49,0.25,0.25,0.15,0.35
589,25e5680dc2fbffb9a9d90fe9de42f2fa64c4c6ce,1,rag_5,5,5,13,1,1,1,0.3,1.2039728043259361,0.655,1028,49,0.25,0.3,0.2,0.25
589,25e5680dc2fbffb9a9d90fe9de42f2fa64c4c6ce,1,rag_10,10,10,13,1,1,1,0.35,1.0498221244986778,0.5700000000000001,1549,49,0.15,0.35,0.25,0.25
589,25e5680dc2fbffb9a9d90fe9de42f2fa64c4c6ce,1,rag_all_support,-1,13,13,1,3,0,0.25,1.3862943611198906,0.755,1895,49,0.2,0.25,0.25,0.3
39,3b72c0abe01e23fe25ee9e26a5d46e695b2ce3d6,3,query_only,0,0,13,3,1,0,0.15,1.8971199848858813,0.985,499,49,0.25,0.4,0.2,0.15
39,3b72c0abe01e23fe25ee9e26a5d46e695b2ce3d6,3,rag_1,1,1,13,3,1,0,0.15,1.8971199848858813,0.97,562,49,0.25,0.35,0.25,0.15
39,3b72c0abe01e23fe25ee9e26a5d46e695b2ce3d6,3,rag_3,3,3,13,3,1,0,0.15,1.8971199848858813,0.985,790,49,0.25,0.4,0.2,0.15
39,3b72c0abe01e23fe25ee9e26a5d46e695b2ce3d6,3,rag_5,5,5,13,3,1,0,0.15,1.8971199848858813,0.985,1030,49,0.25,0.4,0.2,0.15
39,3b72c0abe01e23fe25ee9e26a5d46e695b2ce3d6,3,rag_10,10,10,13,3,1,0,0.2,1.6094379124341003,0.8650000000000001,1602,49,0.25,0.35,0.2,0.2
39,3b72c0abe01e23fe25ee9e26a5d46e695b2ce3d6,3,rag_all_support,-1,13,13,3,1,0,0.2,1.6094379124341003,0.8650000000000001,2009,49,0.25,0.35,0.2,0.2
513,e6562997bd47ea219f7610ec3d3d01a217feb470,0,query_only,0,0,13,1,2,0,0.25,1.3862943611198906,0.7699999999999999,491,49,0.25,0.25,0.35,0.15
513,e6562997bd47ea219f7610ec3d3d01a217feb470,0,rag_1,1,1,13,1,1,1,0.35,1.0498221244986778,0.5700000000000001,583,49,0.25,0.35,0.25,0.15
513,e6562997bd47ea219f7610ec3d3d01a217feb470,0,rag_3,3,3,13,1,0,0,0.25000000000000006,1.3862943611198904,0.7850000000000001,787,49,0.35000000000000003,0.25000000000000006,0.30000000000000004,0.10000000000000002
513,e6562997bd47ea219f7610ec3d3d01a217feb470,0,rag_5,5,5,13,1,1,1,0.35000000000000003,1.0498221244986776,0.585,997,49,0.25000000000000006,0.35000000000000003,0.30000000000000004,0.10000000000000002
513,e6562997bd47ea219f7610ec3d3d01a217feb470,0,rag_10,10,10,13,1,2,0,0.25,1.3862943611198906,0.7658,1548,49,0.28,0.25,0.32,0.15
513,e6562997bd47ea219f7610ec3d3d01a217feb470,0,rag_all_support,-1,13,13,1,1,1,0.35000000000000003,1.0498221244986776,0.585,1893,49,0.25000000000000006,0.35000000000000003,0.30000000000000004,0.10000000000000002
613,111db66881ed6b2feb12a95c5da4e30aaef600b7,4,query_only,0,0,10,2,0,0,0.2,1.6094379124341003,0.9050000000000001,561,49,0.45,0.2,0.2,0.15
613,111db66881ed6b2feb12a95c5da4e30aaef600b7,4,rag_1,1,1,10,2,0,0,0.25,1.3862943611198906,0.75,680,49,0.25,0.25,0.25,0.25
613,111db66881ed6b2feb12a95c5da4e30aaef600b7,4,rag_3,3,3,10,2,0,0,0.25,1.3862943611198906,0.75,880,49,0.25,0.25,0.25,0.25
613,111db66881ed6b2feb12a95c5da4e30aaef600b7,4,rag_5,5,5,10,2,0,0,0.25,1.3862943611198906,0.75,1075,49,0.25,0.25,0.25,0.25
613,111db66881ed6b2feb12a95c5da4e30aaef600b7,4,rag_10,10,10,10,2,3,0,0.25,1.3862943611198906,0.755,1691,49,0.25,0.2,0.25,0.3
613,111db66881ed6b2feb12a95c5da4e30aaef600b7,4,rag_all_support,-1,10,10,2,3,0,0.25,1.3862943611198906,0.755,1691,49,0.25,0.2,0.25,0.3
107,2e9903f3ac23b98febefb319c76c390ff9e8449b,2,query_only,0,0,11,0,0,1,0.4,0.916290731874155,0.515,536,49,0.4,0.35,0.15,0.1
107,2e9903f3ac23b98febefb319c76c390ff9e8449b,2,rag_1,1,1,11,0,1,0,0.35,1.0498221244986778,0.615,656,49,0.35,0.4,0.15,0.1
107,2e9903f3ac23b98febefb319c76c390ff9e8449b,2,rag_3,3,3,11,0,0,1,0.45,0.7985076962177716,0.45000000000000007,868,49,0.45,0.35,0.15,0.05
107,2e9903f3ac23b98febefb319c76c390ff9e8449b,2,rag_5,5,5,11,0,0,1,0.45,0.7985076962177716,0.45000000000000007,1138,49,0.45,0.35,0.15,0.05
107,2e9903f3ac23b98febefb319c76c390ff9e8449b,2,rag_10,10,10,11,0,0,1,0.35,1.0498221244986778,0.5700000000000001,1860,49,0.35,0.25,0.25,0.15
107,2e9903f3ac23b98febefb319c76c390ff9e8449b,2,rag_all_support,-1,11,11,0,0,1,0.35000000000000003,1.0498221244986776,0.575,2075,49,0.35000000000000003,0.30000000000000004,0.20000000000000004,0.15000000000000002
432,98b753ed1c4ee5835547aed6fdc1577d9a5dbf18,2,query_only,0,0,11,0,0,1,0.4,0.916290731874155,0.48500000000000004,472,49,0.4,0.25,0.2,0.15
432,98b753ed1c4ee5835547aed6fdc1577d9a5dbf18,2,rag_1,1,1,11,0,0,1,0.42000000000000004,0.867500567704723,0.45380000000000004,578,49,0.42000000000000004,0.25000000000000006,0.18000000000000002,0.15000000000000002
432,98b753ed1c4ee5835547aed6fdc1577d9a5dbf18,2,rag_3,3,3,11,0,0,1,0.42000000000000004,0.867500567704723,0.45380000000000004,803,49,0.42000000000000004,0.25000000000000006,0.18000000000000002,0.15000000000000002
432,98b753ed1c4ee5835547aed6fdc1577d9a5dbf18,2,rag_5,5,5,11,0,0,1,0.45,0.7985076962177716,0.4100000000000001,1020,49,0.45,0.25,0.15,0.15
432,98b753ed1c4ee5835547aed6fdc1577d9a5dbf18,2,rag_10,10,10,11,0,0,1,0.42000000000000004,0.867500567704723,0.45380000000000004,1590,49,0.42000000000000004,0.25000000000000006,0.18000000000000002,0.15000000000000002
432,98b753ed1c4ee5835547aed6fdc1577d9a5dbf18,2,rag_all_support,-1,11,11,0,0,1,0.45,0.7985076962177716,0.4100000000000001,1702,49,0.45,0.15,0.15,0.25
800,16c6112ff4f60f855973e3bbb686b20aafae790e,1,query_only,0,0,13,3,0,0,0.25,1.3862943611198906,0.77,430,49,0.35,0.25,0.15,0.25
800,16c6112ff4f60f855973e3bbb686b20aafae790e,1,rag_1,1,1,13,3,1,0,0.25,1.3862943611198906,0.77,535,49,0.25,0.35,0.15,0.25
800,16c6112ff4f60f855973e3bbb686b20aafae790e,1,rag_3,3,3,13,3,0,0,0.2,1.6094379124341003,0.8850000000000001,781,49,0.4,0.25,0.15,0.2
800,16c6112ff4f60f855973e3bbb686b20aafae790e,1,rag_5,5,5,13,3,0,0,0.2,1.6094379124341003,0.8544000000000002,1026,49,0.28,0.24,0.28,0.2
800,16c6112ff4f60f855973e3bbb686b20aafae790e,1,rag_10,10,10,13,3,0,0,0.25,1.3862943611198906,0.755,1542,49,0.3,0.25,0.2,0.25
800,16c6112ff4f60f855973e3bbb686b20aafae790e,1,rag_all_support,-1,13,13,3,3,1,0.35,1.0498221244986778,0.5700000000000001,1900,49,0.25,0.25,0.15,0.35
260,2285e464c95037290a11fc1b14df9b9b402734ec,2,query_only,0,0,6,3,0,0,0.09,2.4079456086518722,1.1134,483,49,0.38,0.28,0.25,0.09
260,2285e464c95037290a11fc1b14df9b9b402734ec,2,rag_1,1,1,6,3,0,0,0.15,1.8971199848858813,0.985,616,49,0.4,0.25,0.2,0.15
260,2285e464c95037290a11fc1b14df9b9b402734ec,2,rag_3,3,3,6,3,0,0,0.15,1.8971199848858813,0.985,972,49,0.4,0.25,0.2,0.15
260,2285e464c95037290a11fc1b14df9b9b402734ec,2,rag_5,5,5,6,3,0,0,0.15,1.8971199848858813,0.985,1233,49,0.4,0.25,0.2,0.15
260,2285e464c95037290a11fc1b14df9b9b402734ec,2,rag_10,10,6,6,3,0,0,0.15000000000000002,1.897119984885881,0.9938,1458,49,0.42000000000000004,0.25000000000000006,0.18000000000000002,0.15000000000000002
260,2285e464c95037290a11fc1b14df9b9b402734ec,2,rag_all_support,-1,6,6,3,0,0,0.15000000000000002,1.897119984885881,0.9938,1458,49,0.42000000000000004,0.25000000000000006,0.18000000000000002,0.15000000000000002
307,9b3ca95d2d7b6f600ba0ef4c7fa06405c724b5f3,3,query_only,0,0,11,2,0,0,0.15,1.8971199848858813,1.0699999999999998,710,49,0.55,0.15,0.15,0.15
307,9b3ca95d2d7b6f600ba0ef4c7fa06405c724b5f3,3,rag_1,1,1,11,2,0,0,0.15,1.8971199848858813,1.0699999999999998,955,49,0.55,0.15,0.15,0.15
307,9b3ca95d2d7b6f600ba0ef4c7fa06405c724b5f3,3,rag_3,3,3,11,2,0,0,0.19999999999999996,1.6094379124341005,0.9750000000000001,1495,49,0.5499999999999999,0.14999999999999997,0.19999999999999996,0.09999999999999998
307,9b3ca95d2d7b6f600ba0ef4c7fa06405c724b5f3,3,rag_5,5,5,11,2,0,0,0.15,1.8971199848858813,1.0699999999999998,1902,49,0.55,0.15,0.15,0.15
307,9b3ca95d2d7b6f600ba0ef4c7fa06405c724b5f3,3,rag_10,10,10,11,2,0,0,0.15,1.8971199848858813,1.0699999999999998,2694,49,0.55,0.15,0.15,0.15
307,9b3ca95d2d7b6f600ba0ef4c7fa06405c724b5f3,3,rag_all_support,-1,11,11,2,0,0,0.18000000000000002,1.7147984280919266,1.0064,2883,49,0.5400000000000001,0.18000000000000002,0.18000000000000002,0.10000000000000002
713,6c305b6f96311fe9b5c0e119a0551c955d3be2b0,2,query_only,0,0,9,3,1,0,0.2,1.6094379124341003,0.8650000000000001,468,49,0.25,0.35,0.2,0.2
713,6c305b6f96311fe9b5c0e119a0551c955d3be2b0,2,rag_1,1,1,9,3,1,0,0.2,1.6094379124341003,0.8650000000000001,583,49,0.25,0.35,0.2,0.2
713,6c305b6f96311fe9b5c0e119a0551c955d3be2b0,2,rag_3,3,3,9,3,0,0,0.2,1.6094379124341003,0.8650000000000001,797,49,0.35,0.25,0.2,0.2
713,6c305b6f96311fe9b5c0e119a0551c955d3be2b0,2,rag_5,5,5,9,3,1,0,0.2,1.6094379124341003,0.8650000000000001,979,49,0.25,0.35,0.2,0.2
713,6c305b6f96311fe9b5c0e119a0551c955d3be2b0,2,rag_10,10,9,9,3,1,0,0.2,1.6094379124341003,0.8650000000000001,1449,49,0.25,0.35,0.2,0.2
713,6c305b6f96311fe9b5c0e119a0551c955d3be2b0,2,rag_all_support,-1,9,9,3,1,0,0.2,1.6094379124341003,0.8650000000000001,1449,49,0.25,0.35,0.2,0.2
820,87dc838004e9be726ebb59ecae9dab6deea47d7e,0,query_only,0,0,11,2,1,0,0.25,1.3862943611198906,0.755,484,49,0.25,0.3,0.25,0.2
820,87dc838004e9be726ebb59ecae9dab6deea47d7e,0,rag_1,1,1,11,2,0,0,0.25,1.3862943611198906,0.75,593,49,0.25,0.25,0.25,0.25
820,87dc838004e9be726ebb59ecae9dab6deea47d7e,0,rag_3,3,3,11,2,0,0,0.25,1.3862943611198906,0.75,816,49,0.25,0.25,0.25,0.25
820,87dc838004e9be726ebb59ecae9dab6deea47d7e,0,rag_5,5,5,11,2,1,0,0.25,1.3862943611198906,0.755,1047,49,0.25,0.3,0.25,0.2
820,87dc838004e9be726ebb59ecae9dab6deea47d7e,0,rag_10,10,10,11,2,1,0,0.2,1.6094379124341003,0.8608000000000002,1569,49,0.28,0.32,0.2,0.2
820,87dc838004e9be726ebb59ecae9dab6deea47d7e,0,rag_all_support,-1,11,11,2,0,0,0.25,1.3862943611198906,0.75,1696,49,0.25,0.25,0.25,0.25
137,c85b2e053e1013a04c46906adeb7eaacb86395cd,0,query_only,0,0,15,1,2,0,0.25,1.3862943611198906,0.755,421,49,0.25,0.25,0.3,0.2
137,c85b2e053e1013a04c46906adeb7eaacb86395cd,0,rag_1,1,1,15,1,1,1,0.4,0.916290731874155,0.49500000000000005,535,49,0.15,0.4,0.3,0.15
137,c85b2e053e1013a04c46906adeb7eaacb86395cd,0,rag_3,3,3,15,1,1,1,0.4,0.916290731874155,0.495,738,49,0.25,0.4,0.25,0.1
137,c85b2e053e1013a04c46906adeb7eaacb86395cd,0,rag_5,5,5,15,1,1,1,0.45,0.7985076962177716,0.4100000000000001,924,49,0.15,0.45,0.25,0.15
137,c85b2e053e1013a04c46906adeb7eaacb86395cd,0,rag_10,10,10,15,1,1,1,0.45,0.7985076962177716,0.4100000000000001,1430,49,0.15,0.45,0.25,0.15
137,c85b2e053e1013a04c46906adeb7eaacb86395cd,0,rag_all_support,-1,15,15,1,1,1,0.45,0.7985076962177716,0.40500000000000014,2127,49,0.15,0.45,0.2,0.2
947,2b3c9474821244b6a23d920a376d88ecbad11e9e,6,query_only,0,0,17,3,0,0,0.15,1.8971199848858813,0.985,563,49,0.4,0.25,0.2,0.15
947,2b3c9474821244b6a23d920a376d88ecbad11e9e,6,rag_1,1,1,17,3,0,0,0.15,1.8971199848858813,0.985,674,49,0.4,0.25,0.2,0.15
947,2b3c9474821244b6a23d920a376d88ecbad11e9e,6,rag_3,3,3,17,3,0,0,0.15,1.8971199848858813,0.985,921,49,0.4,0.25,0.2,0.15
947,2b3c9474821244b6a23d920a376d88ecbad11e9e,6,rag_5,5,5,17,3,0,0,0.25,1.3862943611198906,0.75,1198,49,0.25,0.25,0.25,0.25
947,2b3c9474821244b6a23d920a376d88ecbad11e9e,6,rag_10,10,10,17,3,0,0,0.25,1.3862943611198906,0.75,1747,49,0.25,0.25,0.25,0.25
947,2b3c9474821244b6a23d920a376d88ecbad11e9e,6,rag_all_support,-1,17,17,3,0,0,0.25,1.3862943611198906,0.75,2550,49,0.25,0.25,0.25,0.25
479,2f90640bc5404c5fb53705aba8baaaa8c550db06,2,query_only,0,0,9,2,0,0,0.25,1.3862943611198906,0.75,430,49,0.25,0.25,0.25,0.25
479,2f90640bc5404c5fb53705aba8baaaa8c550db06,2,rag_1,1,1,9,2,0,0,0.25,1.3862943611198906,0.77,546,49,0.35,0.25,0.25,0.15
479,2f90640bc5404c5fb53705aba8baaaa8c550db06,2,rag_3,3,3,9,2,0,0,0.25000000000000006,1.3862943611198904,0.8078000000000001,764,49,0.42000000000000004,0.25000000000000006,0.25000000000000006,0.08000000000000002
479,2f90640bc5404c5fb53705aba8baaaa8c550db06,2,rag_5,5,5,9,2,0,0,0.25,1.3862943611198906,0.77,999,49,0.35,0.25,0.25,0.15
479,2f90640bc5404c5fb53705aba8baaaa8c550db06,2,rag_10,10,9,9,2,0,0,0.25,1.3862943611198906,0.8150000000000001,1488,49,0.45,0.2,0.25,0.1
479,2f90640bc5404c5fb53705aba8baaaa8c550db06,2,rag_all_support,-1,9,9,2,0,0,0.25,1.3862943611198906,0.8150000000000001,1488,49,0.45,0.2,0.25,0.1
365,b4170f81ee527241c2c4250b98154fe966d3a8a2,4,query_only,0,0,11,1,0,0,0.25,1.3862943611198906,0.75,450,49,0.25,0.25,0.25,0.25
365,b4170f81ee527241c2c4250b98154fe966d3a8a2,4,rag_1,1,1,11,1,0,0,0.25,1.3862943611198906,0.75,550,50,0.25,0.25,0.25,0.25
365,b4170f81ee527241c2c4250b98154fe966d3a8a2,4,rag_3,3,3,11,1,0,0,0.25000000000000006,1.3862943611198904,0.7850000000000001,781,49,0.35000000000000003,0.25000000000000006,0.30000000000000004,0.10000000000000002
365,b4170f81ee527241c2c4250b98154fe966d3a8a2,4,rag_5,5,5,11,1,0,0,0.25,1.3862943611198906,0.795,986,49,0.4,0.25,0.25,0.1
365,b4170f81ee527241c2c4250b98154fe966d3a8a2,4,rag_10,10,10,11,1,0,0,0.25,1.3862943611198906,0.755,1612,49,0.3,0.25,0.25,0.2
365,b4170f81ee527241c2c4250b98154fe966d3a8a2,4,rag_all_support,-1,11,11,1,0,0,0.25,1.3862943611198906,0.7699999999999999,1721,49,0.35,0.25,0.25,0.15
499,f97176fff2fc3494ad85ad950329fd73a7c7fbef,3,query_only,0,0,9,3,0,0,0.2,1.6094379124341003,0.8650000000000001,446,49,0.35,0.25,0.2,0.2
499,f97176fff2fc3494ad85ad950329fd73a7c7fbef,3,rag_1,1,1,9,3,0,0,0.2,1.6094379124341003,0.9050000000000001,549,49,0.45,0.15,0.2,0.2
499,f97176fff2fc3494ad85ad950329fd73a7c7fbef,3,rag_3,3,3,9,3,0,0,0.15,1.8971199848858813,1.01,766,49,0.45,0.25,0.15,0.15
499,f97176fff2fc3494ad85ad950329fd73a7c7fbef,3,rag_5,5,5,9,3,0,0,0.2,1.6094379124341003,0.8650000000000001,1005,49,0.35,0.25,0.2,0.2
499,f97176fff2fc3494ad85ad950329fd73a7c7fbef,3,rag_10,10,9,9,3,0,0,0.15,1.8971199848858813,0.985,1556,49,0.4,0.25,0.2,0.15
499,f97176fff2fc3494ad85ad950329fd73a7c7fbef,3,rag_all_support,-1,9,9,3,0,0,0.15,1.8971199848858813,0.985,1556,49,0.4,0.25,0.2,0.15
88,a2852b3c45743d848897abcd9d3c21350515784e,0,query_only,0,0,8,2,0,0,0.25,1.3862943611198906,0.795,454,49,0.4,0.25,0.25,0.1
88,a2852b3c45743d848897abcd9d3c21350515784e,0,rag_1,1,1,8,2,0,0,0.22,1.5141277326297755,0.8456,634,49,0.38,0.28,0.22,0.12
88,a2852b3c45743d848897abcd9d3c21350515784e,0,rag_3,3,3,8,2,0,0,0.23000000000000004,1.4696759700589415,0.8418000000000001,1032,49,0.42000000000000004,0.25000000000000006,0.23000000000000004,0.10000000000000002
88,a2852b3c45743d848897abcd9d3c21350515784e,0,rag_5,5,5,8,2,0,0,0.3,1.2039728043259361,0.6749999999999999,1283,49,0.35,0.15,0.3,0.2
88,a2852b3c45743d848897abcd9d3c21350515784e,0,rag_10,10,8,8,2,0,0,0.25,1.3862943611198906,0.795,1640,49,0.4,0.25,0.25,0.1
88,a2852b3c45743d848897abcd9d3c21350515784e,0,rag_all_support,-1,8,8,2,0,0,0.25,1.3862943611198906,0.795,1640,49,0.4,0.25,0.25,0.1
668,6b16b5190492f1e6ced76b8906068fdab8a1c642,3,query_only,0,0,13,1,0,0,0.25,1.3862943611198906,0.785,499,49,0.4,0.25,0.2,0.15
668,6b16b5190492f1e6ced76b8906068fdab8a1c642,3,rag_1,1,1,13,1,0,0,0.25,1.3862943611198906,0.8099999999999999,603,49,0.45,0.25,0.15,0.15
668,6b16b5190492f1e6ced76b8906068fdab8a1c642,3,rag_3,3,3,13,1,0,0,0.25,1.3862943611198906,0.785,934,49,0.4,0.25,0.15,0.2
668,6b16b5190492f1e6ced76b8906068fdab8a1c642,3,rag_5,5,5,13,1,0,0,0.30000000000000004,1.203972804325936,0.6749999999999999,1149,49,0.35000000000000003,0.30000000000000004,0.20000000000000004,0.15000000000000002
668,6b16b5190492f1e6ced76b8906068fdab8a1c642,3,rag_10,10,10,13,1,0,0,0.25,1.3862943611198906,0.785,1777,49,0.4,0.25,0.15,0.2
668,6b16b5190492f1e6ced76b8906068fdab8a1c642,3,rag_all_support,-1,13,13,1,0,0,0.25,1.3862943611198906,0.7699999999999999,2125,49,0.35,0.25,0.15,0.25
590,3e4115a9bee522661add08cf0195f0c508a4894a,7,query_only,0,0,15,0,1,0,0.35,1.0498221244986778,0.615,513,49,0.35,0.4,0.15,0.1
590,3e4115a9bee522661add08cf0195f0c508a4894a,7,rag_1,1,1,15,0,1,0,0.25,1.3862943611198906,0.785,623,49,0.25,0.4,0.15,0.2
590,3e4115a9bee522661add08cf0195f0c508a4894a,7,rag_3,3,3,15,0,1,0,0.35,1.0498221244986778,0.615,842,49,0.35,0.4,0.1,0.15
590,3e4115a9bee522661add08cf0195f0c508a4894a,7,rag_5,5,5,15,0,1,0,0.35,1.0498221244986778,0.625,1048,49,0.35,0.4,0.05,0.2
590,3e4115a9bee522661add08cf0195f0c508a4894a,7,rag_10,10,10,15,0,1,0,0.35,1.0498221244986778,0.615,1673,49,0.35,0.4,0.15,0.1
590,3e4115a9bee522661add08cf0195f0c508a4894a,7,rag_all_support,-1,15,15,0,1,0,0.25,1.3862943611198906,0.83,2486,49,0.25,0.45,0.05,0.25
59,29f233fb9af903cac69999cdebca21a6a212c6fa,1,query_only,0,0,11,1,1,1,0.4,0.916290731874155,0.515,521,49,0.35,0.4,0.15,0.1
59,29f233fb9af903cac69999cdebca21a6a212c6fa,1,rag_1,1,1,11,1,0,0,0.32000000000000006,1.1394342831883646,0.6568,639,49,0.38000000000000006,0.32000000000000006,0.20000000000000004,0.10000000000000002
59,29f233fb9af903cac69999cdebca21a6a212c6fa,1,rag_3,3,3,11,1,0,0,0.35000000000000003,1.0498221244986776,0.595,907,49,0.35000000000000003,0.35000000000000003,0.20000000000000004,0.10000000000000002
59,29f233fb9af903cac69999cdebca21a6a212c6fa,1,rag_5,5,5,11,1,1,1,0.4,0.916290731874155,0.49280000000000007,1132,49,0.28,0.4,0.2,0.12
59,29f233fb9af903cac69999cdebca21a6a212c6fa,1,rag_10,10,10,11,1,0,0,0.35000000000000003,1.0498221244986776,0.595,1659,49,0.35000000000000003,0.35000000000000003,0.20000000000000004,0.10000000000000002
59,29f233fb9af903cac69999cdebca21a6a212c6fa,1,rag_all_support,-1,11,11,1,1,1,0.38000000000000006,0.9675840262617055,0.5367999999999999,1750,49,0.32000000000000006,0.38000000000000006,0.20000000000000004,0.10000000000000002
697,9ae6e08d05326b7e11cd7f0ae452d1d295031825,5,query_only,0,0,14,3,2,0,0.2,1.6094379124341003,0.8850000000000001,486,49,0.25,0.15,0.4,0.2
697,9ae6e08d05326b7e11cd7f0ae452d1d295031825,5,rag_1,1,1,14,3,2,0,0.2,1.6094379124341003,0.8850000000000001,596,49,0.25,0.15,0.4,0.2
697,9ae6e08d05326b7e11cd7f0ae452d1d295031825,5,rag_3,3,3,14,3,0,0,0.25,1.3862943611198906,0.75,808,49,0.25,0.25,0.25,0.25
697,9ae6e08d05326b7e11cd7f0ae452d1d295031825,5,rag_5,5,5,14,3,0,0,0.25,1.3862943611198906,0.75,1039,49,0.25,0.25,0.25,0.25
697,9ae6e08d05326b7e11cd7f0ae452d1d295031825,5,rag_10,10,10,14,3,0,0,0.25,1.3862943611198906,0.75,1619,49,0.25,0.25,0.25,0.25
697,9ae6e08d05326b7e11cd7f0ae452d1d295031825,5,rag_all_support,-1,14,14,3,0,0,0.15,1.8971199848858813,0.97,2165,49,0.35,0.25,0.25,0.15
826,f572ffebcbaccccae073795c182db09732fa377b,1,query_only,0,0,7,2,1,0,0.25,1.3862943611198906,0.89,497,49,0.15,0.55,0.25,0.05
826,f572ffebcbaccccae073795c182db09732fa377b,1,rag_1,1,1,7,2,1,0,0.20000000000000004,1.6094379124341003,0.915,617,49,0.25000000000000006,0.45000000000000007,0.20000000000000004,0.10000000000000002
826,f572ffebcbaccccae073795c182db09732fa377b,1,rag_3,3,3,7,2,1,0,0.2,1.6094379124341003,0.8850000000000001,836,49,0.25,0.4,0.2,0.15
826,f572ffebcbaccccae073795c182db09732fa377b,1,rag_5,5,5,7,2,1,0,0.25,1.3862943611198906,0.89,1046,49,0.15,0.55,0.25,0.05
826,f572ffebcbaccccae073795c182db09732fa377b,1,rag_10,10,7,7,2,1,0,0.25,1.3862943611198906,0.845,1260,49,0.1,0.5,0.25,0.15
826,f572ffebcbaccccae073795c182db09732fa377b,1,rag_all_support,-1,7,7,2,1,0,0.25,1.3862943611198906,0.845,1260,49,0.1,0.5,0.25,0.15
462,543ad04db7b693999a49f0fbaeac5a3a06fe24c5,1,query_only,0,0,11,0,1,0,0.25,1.3862943611198906,0.785,507,49,0.25,0.4,0.2,0.15
462,543ad04db7b693999a49f0fbaeac5a3a06fe24c5,1,rag_1,1,1,11,0,0,1,0.45,0.7985076962177716,0.4100000000000001,628,49,0.45,0.25,0.15,0.15
462,543ad04db7b693999a49f0fbaeac5a3a06fe24c5,1,rag_3,3,3,11,0,0,1,0.55,0.5978370007556204,0.2858,827,49,0.55,0.25,0.12,0.08
462,543ad04db7b693999a49f0fbaeac5a3a06fe24c5,1,rag_5,5,5,11,0,0,1,0.55,0.5978370007556204,0.285,1043,49,0.55,0.25,0.1,0.1
462,543ad04db7b693999a49f0fbaeac5a3a06fe24c5,1,rag_10,10,10,11,0,0,1,0.4,0.916290731874155,0.48500000000000004,1660,49,0.4,0.25,0.2,0.15
462,543ad04db7b693999a49f0fbaeac5a3a06fe24c5,1,rag_all_support,-1,11,11,0,0,1,0.42,0.8675005677047231,0.45980000000000015,1855,49,0.42,0.28,0.15,0.15
942,3b31197631d9bf2f34d3a16ac69530c99a4ab809,2,query_only,0,0,15,3,2,0,0.2,1.6094379124341003,0.8850000000000001,509,49,0.25,0.15,0.4,0.2
942,3b31197631d9bf2f34d3a16ac69530c99a4ab809,2,rag_1,1,1,15,3,0,0,0.25,1.3862943611198906,0.75,604,49,0.25,0.25,0.25,0.25
942,3b31197631d9bf2f34d3a16ac69530c99a4ab809,2,rag_3,3,3,15,3,2,0,0.2,1.6094379124341003,0.8550000000000001,818,49,0.25,0.25,0.3,0.2
942,3b31197631d9bf2f34d3a16ac69530c99a4ab809,2,rag_5,5,5,15,3,2,0,0.2,1.6094379124341003,0.8550000000000001,1002,49,0.25,0.25,0.3,0.2
942,3b31197631d9bf2f34d3a16ac69530c99a4ab809,2,rag_10,10,10,15,3,0,0,0.25,1.3862943611198906,0.75,1684,49,0.25,0.25,0.25,0.25
942,3b31197631d9bf2f34d3a16ac69530c99a4ab809,2,rag_all_support,-1,15,15,3,2,0,0.2,1.6094379124341003,0.8550000000000001,2213,49,0.25,0.25,0.3,0.2
998,90af6721156c5538fcf64babe634af19c2275b83,4,query_only,0,0,11,3,1,0,0.25,1.3862943611198906,0.77,438,49,0.25,0.35,0.15,0.25
998,90af6721156c5538fcf64babe634af19c2275b83,4,rag_1,1,1,11,3,1,0,0.2,1.6094379124341003,0.8650000000000001,555,49,0.25,0.35,0.2,0.2
998,90af6721156c5538fcf64babe634af19c2275b83,4,rag_3,3,3,11,3,1,0,0.2,1.6094379124341003,0.8608000000000001,759,49,0.28,0.32,0.2,0.2
998,90af6721156c5538fcf64babe634af19c2275b83,4,rag_5,5,5,11,3,1,0,0.2,1.6094379124341003,0.8650000000000001,979,49,0.25,0.35,0.2,0.2
998,90af6721156c5538fcf64babe634af19c2275b83,4,rag_10,10,10,11,3,1,0,0.2,1.6094379124341003,0.8650000000000001,1491,49,0.25,0.35,0.2,0.2
998,90af6721156c5538fcf64babe634af19c2275b83,4,rag_all_support,-1,11,11,3,1,0,0.25,1.3862943611198906,0.77,1640,49,0.25,0.35,0.15,0.25
309,b31c43105a923cfb7b6485940c7e42405b8d51df,0,query_only,0,0,7,2,0,0,0.19999999999999996,1.6094379124341005,0.9750000000000001,931,49,0.5499999999999999,0.14999999999999997,0.19999999999999996,0.09999999999999998
309,b31c43105a923cfb7b6485940c7e42405b8d51df,0,rag_1,1,1,7,2,0,0,0.20000000000000004,1.6094379124341003,0.915,1095,49,0.45000000000000007,0.25000000000000006,0.20000000000000004,0.10000000000000002
309,b31c43105a923cfb7b6485940c7e42405b8d51df,0,rag_3,3,3,7,2,0,0,0.25,1.3862943611198906,0.89,1509,49,0.55,0.15,0.25,0.05
309,b31c43105a923cfb7b6485940c7e42405b8d51df,0,rag_5,5,5,7,2,0,0,0.19999999999999996,1.6094379124341005,0.9750000000000001,1807,49,0.5499999999999999,0.14999999999999997,0.19999999999999996,0.09999999999999998
309,b31c43105a923cfb7b6485940c7e42405b8d51df,0,rag_10,10,7,7,2,0,0,0.19999999999999996,1.6094379124341005,0.9750000000000001,2128,49,0.5499999999999999,0.14999999999999997,0.19999999999999996,0.09999999999999998
309,b31c43105a923cfb7b6485940c7e42405b8d51df,0,rag_all_support,-1,7,7,2,0,0,0.19999999999999996,1.6094379124341005,0.9750000000000001,2128,49,0.5499999999999999,0.14999999999999997,0.19999999999999996,0.09999999999999998
543,7a5842cd101c53ec507cd35713384042bcd1387d,3,query_only,0,0,14,1,0,0,0.25,1.3862943611198906,0.7699999999999999,543,49,0.35,0.25,0.15,0.25
543,7a5842cd101c53ec507cd35713384042bcd1387d,3,rag_1,1,1,14,1,0,0,0.25,1.3862943611198906,0.785,703,49,0.4,0.25,0.15,0.2
543,7a5842cd101c53ec507cd35713384042bcd1387d,3,rag_3,3,3,14,1,0,0,0.25,1.3862943611198906,0.785,937,49,0.4,0.25,0.15,0.2
543,7a5842cd101c53ec507cd35713384042bcd1387d,3,rag_5,5,5,14,1,0,0,0.25,1.3862943611198906,0.7699999999999999,1126,49,0.35,0.25,0.15,0.25
543,7a5842cd101c53ec507cd35713384042bcd1387d,3,rag_10,10,10,14,1,0,0,0.25,1.3862943611198906,0.785,1649,49,0.4,0.25,0.15,0.2
543,7a5842cd101c53ec507cd35713384042bcd1387d,3,rag_all_support,-1,14,14,1,0,0,0.25,1.3862943611198906,0.785,2093,49,0.4,0.25,0.15,0.2
670,5fcb0783d365c9a9c483233d02bdf665ee99ac34,3,query_only,0,0,12,3,2,0,0.2,1.6094379124341003,0.9750000000000002,507,49,0.15,0.1,0.55,0.2
670,5fcb0783d365c9a9c483233d02bdf665ee99ac34,3,rag_1,1,1,12,3,2,0,0.3,1.2039728043259361,0.695,691,50,0.15,0.15,0.4,0.3
670,5fcb0783d365c9a9c483233d02bdf665ee99ac34,3,rag_3,3,3,12,3,2,0,0.25,1.3862943611198906,0.77,986,49,0.15,0.25,0.35,0.25
670,5fcb0783d365c9a9c483233d02bdf665ee99ac34,3,rag_5,5,5,12,3,2,0,0.25,1.3862943611198906,0.785,1177,49,0.15,0.2,0.4,0.25
670,5fcb0783d365c9a9c483233d02bdf665ee99ac34,3,rag_10,10,10,12,3,2,0,0.25,1.3862943611198906,0.81,1710,49,0.15,0.15,0.45,0.25
670,5fcb0783d365c9a9c483233d02bdf665ee99ac34,3,rag_all_support,-1,12,12,3,2,0,0.3,1.2039728043259361,0.695,1935,49,0.15,0.15,0.4,0.3
298,2724bbec240067239ccadb3d216af4f854d4cf87,0,query_only,0,0,7,1,1,1,0.35000000000000003,1.0498221244986776,0.585,604,49,0.25000000000000006,0.35000000000000003,0.30000000000000004,0.10000000000000002
298,2724bbec240067239ccadb3d216af4f854d4cf87,0,rag_1,1,1,7,1,1,1,0.4,0.916290731874155,0.495,800,49,0.25,0.4,0.25,0.1
298,2724bbec240067239ccadb3d216af4f854d4cf87,0,rag_3,3,3,7,1,1,1,0.35000000000000003,1.0498221244986776,0.585,1134,49,0.25000000000000006,0.35000000000000003,0.30000000000000004,0.10000000000000002
298,2724bbec240067239ccadb3d216af4f854d4cf87,0,rag_5,5,5,7,1,1,1,0.35000000000000003,1.0498221244986776,0.585,1429,49,0.25000000000000006,0.35000000000000003,0.30000000000000004,0.10000000000000002
298,2724bbec240067239ccadb3d216af4f854d4cf87,0,rag_10,10,7,7,1,1,1,0.35000000000000003,1.0498221244986776,0.585,1716,49,0.25000000000000006,0.35000000000000003,0.30000000000000004,0.10000000000000002
298,2724bbec240067239ccadb3d216af4f854d4cf87,0,rag_all_support,-1,7,7,1,1,1,0.35000000000000003,1.0498221244986776,0.585,1716,49,0.25000000000000006,0.35000000000000003,0.30000000000000004,0.10000000000000002
208,3a06935af25fbcbdb6f7cb28f1ee2730de756b93,3,query_only,0,0,7,1,3,0,0.25,1.3862943611198906,0.7699999999999999,477,49,0.25,0.25,0.15,0.35
208,3a06935af25fbcbdb6f7cb28f1ee2730de756b93,3,rag_1,1,1,7,1,1,1,0.35,1.0498221244986778,0.5700000000000001,579,49,0.25,0.35,0.15,0.25
208,3a06935af25fbcbdb6f7cb28f1ee2730de756b93,3,rag_3,3,3,7,1,0,0,0.25,1.3862943611198906,0.75,909,49,0.25,0.25,0.25,0.25
208,3a06935af25fbcbdb6f7cb28f1ee2730de756b93,3,rag_5,5,5,7,1,1,1,0.3,1.2039728043259361,0.6649999999999999,1159,49,0.25,0.3,0.15,0.3
208,3a06935af25fbcbdb6f7cb28f1ee2730de756b93,3,rag_10,10,7,7,1,3,0,0.25,1.3862943611198906,0.7699999999999999,1375,49,0.25,0.25,0.15,0.35
208,3a06935af25fbcbdb6f7cb28f1ee2730de756b93,3,rag_all_support,-1,7,7,1,3,0,0.25,1.3862943611198906,0.7699999999999999,1375,49,0.25,0.25,0.15,0.35
215,50e35f2789cbf4de7deba1b00babd5941e900dad,4,query_only,0,0,9,1,2,0,0.25,1.3862943611198906,0.755,490,49,0.25,0.25,0.3,0.2
215,50e35f2789cbf4de7deba1b00babd5941e900dad,4,rag_1,1,1,9,1,2,0,0.25,1.3862943611198906,0.8099999999999999,597,49,0.15,0.25,0.45,0.15
215,50e35f2789cbf4de7deba1b00babd5941e900dad,4,rag_3,3,3,9,1,1,1,0.3,1.2039728043259361,0.6649999999999999,850,49,0.25,0.3,0.3,0.15
215,50e35f2789cbf4de7deba1b00babd5941e900dad,4,rag_5,5,5,9,1,2,0,0.25,1.3862943611198906,0.7699999999999999,1129,49,0.25,0.25,0.35,0.15
215,50e35f2789cbf4de7deba1b00babd5941e900dad,4,rag_10,10,9,9,1,2,0,0.25,1.3862943611198906,0.795,1740,49,0.25,0.25,0.4,0.1
215,50e35f2789cbf4de7deba1b00babd5941e900dad,4,rag_all_support,-1,9,9,1,2,0,0.25,1.3862943611198906,0.795,1740,49,0.25,0.25,0.4,0.1
72,4a191049e2e222b8059dfd571131e521a4216595,5,query_only,0,0,19,1,0,0,0.15,1.8971199848858813,1.0699999999999998,464,49,0.55,0.15,0.15,0.15
72,4a191049e2e222b8059dfd571131e521a4216595,5,rag_1,1,1,19,1,0,0,0.15,1.8971199848858813,1.0699999999999998,673,49,0.55,0.15,0.15,0.15
72,4a191049e2e222b8059dfd571131e521a4216595,5,rag_3,3,3,19,1,0,0,0.15,1.8971199848858813,1.0699999999999998,1017,49,0.55,0.15,0.15,0.15
72,4a191049e2e222b8059dfd571131e521a4216595,5,rag_5,5,5,19,1,0,0,0.15,1.8971199848858813,1.0699999999999998,1377,49,0.55,0.15,0.15,0.15
72,4a191049e2e222b8059dfd571131e521a4216595,5,rag_10,10,10,19,1,0,0,0.2,1.6094379124341003,0.9750000000000001,1982,49,0.55,0.2,0.15,0.1
72,4a191049e2e222b8059dfd571131e521a4216595,5,rag_all_support,-1,19,19,1,0,0,0.25,1.3862943611198906,0.8099999999999999,3004,49,0.45,0.25,0.15,0.15
948,f9099a93ec00e556c8530bfcaf133e3fa8c30f32,2,query_only,0,0,7,0,2,0,0.25,1.3862943611198906,0.785,436,49,0.25,0.15,0.4,0.2
948,f9099a93ec00e556c8530bfcaf133e3fa8c30f32,2,rag_1,1,1,7,0,2,0,0.25,1.3862943611198906,0.755,549,49,0.25,0.25,0.3,0.2
948,f9099a93ec00e556c8530bfcaf133e3fa8c30f32,2,rag_3,3,3,7,0,0,1,0.4,0.916290731874155,0.495,748,49,0.4,0.25,0.25,0.1
948,f9099a93ec00e556c8530bfcaf133e3fa8c30f32,2,rag_5,5,5,7,0,2,0,0.30000000000000004,1.203972804325936,0.7250000000000001,931,49,0.30000000000000004,0.15000000000000002,0.45000000000000007,0.10000000000000002
948,f9099a93ec00e556c8530bfcaf133e3fa8c30f32,2,rag_10,10,7,7,0,2,0,0.28,1.2729656758128873,0.7458,1154,49,0.28,0.25,0.4,0.07
948,f9099a93ec00e556c8530bfcaf133e3fa8c30f32,2,rag_all_support,-1,7,7,0,2,0,0.28,1.2729656758128873,0.7458,1154,49,0.28,0.25,0.4,0.07
521,15289efe3963d6d3049d236c5e852a20282db367,3,query_only,0,0,14,2,0,0,0.2,1.6094379124341003,0.9850000000000001,494,49,0.55,0.2,0.2,0.05
521,15289efe3963d6d3049d236c5e852a20282db367,3,rag_1,1,1,14,2,0,0,0.2,1.6094379124341003,0.9850000000000001,601,49,0.55,0.2,0.2,0.05
521,15289efe3963d6d3049d236c5e852a20282db367,3,rag_3,3,3,14,2,0,0,0.2,1.6094379124341003,0.9850000000000001,836,49,0.55,0.2,0.2,0.05
521,15289efe3963d6d3049d236c5e852a20282db367,3,rag_5,5,5,14,2,0,0,0.2,1.6094379124341003,0.9850000000000001,1011,49,0.55,0.2,0.2,0.05
521,15289efe3963d6d3049d236c5e852a20282db367,3,rag_10,10,10,14,2,0,0,0.15,1.8971199848858813,1.0899999999999999,1585,49,0.55,0.25,0.15,0.05
521,15289efe3963d6d3049d236c5e852a20282db367,3,rag_all_support,-1,14,14,2,0,0,0.25,1.3862943611198906,0.89,2037,49,0.55,0.15,0.25,0.05
764,78ccff7443f70e70db213f1f958b05cf5942b08b,3,query_only,0,0,13,2,0,0,0.19999999999999996,1.6094379124341005,0.9750000000000001,534,49,0.5499999999999999,0.14999999999999997,0.19999999999999996,0.09999999999999998
764,78ccff7443f70e70db213f1f958b05cf5942b08b,3,rag_1,1,1,13,2,0,0,0.19999999999999996,1.6094379124341005,0.9750000000000001,617,49,0.5499999999999999,0.14999999999999997,0.19999999999999996,0.09999999999999998
764,78ccff7443f70e70db213f1f958b05cf5942b08b,3,rag_3,3,3,13,2,0,0,0.25,1.3862943611198906,0.89,841,49,0.55,0.15,0.25,0.05
764,78ccff7443f70e70db213f1f958b05cf5942b08b,3,rag_5,5,5,13,2,0,0,0.25,1.3862943611198906,0.89,1036,49,0.55,0.15,0.25,0.05
764,78ccff7443f70e70db213f1f958b05cf5942b08b,3,rag_10,10,10,13,2,0,0,0.19999999999999996,1.6094379124341005,0.9750000000000001,1556,49,0.5499999999999999,0.14999999999999997,0.19999999999999996,0.09999999999999998
764,78ccff7443f70e70db213f1f958b05cf5942b08b,3,rag_all_support,-1,13,13,2,0,0,0.19999999999999996,1.6094379124341005,0.9750000000000001,2114,49,0.5499999999999999,0.14999999999999997,0.19999999999999996,0.09999999999999998
86,ef68cbad3a2526d630c915d6408196445e3745cd,1,query_only,0,0,17,1,1,1,0.4,0.916290731874155,0.49500000000000005,494,49,0.15,0.4,0.3,0.15
86,ef68cbad3a2526d630c915d6408196445e3745cd,1,rag_1,1,1,17,1,1,1,0.35,1.0498221244986778,0.5700000000000001,606,49,0.25,0.35,0.25,0.15
86,ef68cbad3a2526d630c915d6408196445e3745cd,1,rag_3,3,3,17,1,1,1,0.35000000000000003,1.0498221244986776,0.585,791,49,0.25000000000000006,0.35000000000000003,0.30000000000000004,0.10000000000000002
86,ef68cbad3a2526d630c915d6408196445e3745cd,1,rag_5,5,5,17,1,1,1,0.35,1.0498221244986778,0.5700000000000001,1099,49,0.25,0.35,0.25,0.15
86,ef68cbad3a2526d630c915d6408196445e3745cd,1,rag_10,10,10,17,1,2,0,0.25,1.3862943611198906,0.755,1616,49,0.25,0.25,0.3,0.2
86,ef68cbad3a2526d630c915d6408196445e3745cd,1,rag_all_support,-1,17,17,1,1,1,0.35,1.0498221244986778,0.5700000000000001,2528,49,0.25,0.35,0.25,0.15
643,c0093603518dc75c68364d80efbc6065c3b9fc5b,6,query_only,0,0,17,3,2,0,0.17,1.7719568419318752,0.9498,491,49,0.28,0.15,0.4,0.17
643,c0093603518dc75c68364d80efbc6065c3b9fc5b,6,rag_1,1,1,17,3,0,0,0.15,1.8971199848858813,0.9949999999999999,594,49,0.4,0.15,0.3,0.15
643,c0093603518dc75c68364d80efbc6065c3b9fc5b,6,rag_3,3,3,17,3,2,0,0.2,1.6094379124341003,0.9150000000000001,806,49,0.25,0.1,0.45,0.2
643,c0093603518dc75c68364d80efbc6065c3b9fc5b,6,rag_5,5,5,17,3,2,0,0.15,1.8971199848858813,0.985,1034,49,0.25,0.2,0.4,0.15
643,c0093603518dc75c68364d80efbc6065c3b9fc5b,6,rag_10,10,10,17,3,2,0,0.2,1.6094379124341003,0.8850000000000001,1573,49,0.25,0.15,0.4,0.2
643,c0093603518dc75c68364d80efbc6065c3b9fc5b,6,rag_all_support,-1,17,17,3,2,0,0.15,1.8971199848858813,0.985,2570,49,0.25,0.2,0.4,0.15
158,ded4dde6b7ea3e4deb1f63e5a46925712aebbc56,3,query_only,0,0,9,0,2,0,0.3,1.2039728043259361,0.6749999999999998,510,49,0.3,0.2,0.35,0.15
158,ded4dde6b7ea3e4deb1f63e5a46925712aebbc56,3,rag_1,1,1,9,0,2,0,0.25,1.3862943611198906,0.755,631,49,0.25,0.25,0.3,0.2
158,ded4dde6b7ea3e4deb1f63e5a46925712aebbc56,3,rag_3,3,3,9,0,2,0,0.25,1.3862943611198906,0.755,816,49,0.25,0.25,0.3,0.2
158,ded4dde6b7ea3e4deb1f63e5a46925712aebbc56,3,rag_5,5,5,9,0,1,0,0.25000000000000006,1.3862943611198904,0.7850000000000001,1020,49,0.25000000000000006,0.35000000000000003,0.30000000000000004,0.10000000000000002
158,ded4dde6b7ea3e4deb1f63e5a46925712aebbc56,3,rag_10,10,9,9,0,0,1,0.25,1.3862943611198906,0.75,1498,49,0.25,0.25,0.25,0.25
158,ded4dde6b7ea3e4deb1f63e5a46925712aebbc56,3,rag_all_support,-1,9,9,0,0,1,0.25,1.3862943611198906,0.75,1498,49,0.25,0.25,0.25,0.25
310,a7ffcc2f3aaf3e1acf69e9feec17c39e25c50a84,4,query_only,0,0,9,2,0,0,0.19999999999999996,1.6094379124341005,0.9750000000000001,739,49,0.5499999999999999,0.14999999999999997,0.19999999999999996,0.09999999999999998
310,a7ffcc2f3aaf3e1acf69e9feec17c39e25c50a84,4,rag_1,1,1,9,2,0,0,0.14,1.9661128563728327,1.1536,908,49,0.62,0.14,0.14,0.1
310,a7ffcc2f3aaf3e1acf69e9feec17c39e25c50a84,4,rag_3,3,3,9,2,0,0,0.15,1.8971199848858813,1.1149999999999998,1258,49,0.6,0.1,0.15,0.15
310,a7ffcc2f3aaf3e1acf69e9feec17c39e25c50a84,4,rag_5,5,5,9,2,0,0,0.10000000000000002,2.3025850929940455,1.3448,1583,49,0.7200000000000001,0.08000000000000002,0.10000000000000002,0.10000000000000002
310,a7ffcc2f3aaf3e1acf69e9feec17c39e25c50a84,4,rag_10,10,9,9,2,0,0,0.15,1.8971199848858813,1.1358,2446,49,0.62,0.08,0.15,0.15
310,a7ffcc2f3aaf3e1acf69e9feec17c39e25c50a84,4,rag_all_support,-1,9,9,2,0,0,0.15,1.8971199848858813,1.1358,2446,49,0.62,0.08,0.15,0.15
977,9ac7e53a6f39db5da934245d1f48918b11da541a,0,query_only,0,0,5,3,1,0,0.15,1.8971199848858813,1.01,499,49,0.25,0.45,0.15,0.15
977,9ac7e53a6f39db5da934245d1f48918b11da541a,0,rag_1,1,1,5,3,1,0,0.2,1.6094379124341003,0.8850000000000001,613,49,0.25,0.4,0.15,0.2
977,9ac7e53a6f39db5da934245d1f48918b11da541a,0,rag_3,3,3,5,3,1,0,0.15,1.8971199848858813,1.01,1002,49,0.25,0.45,0.15,0.15
977,9ac7e53a6f39db5da934245d1f48918b11da541a,0,rag_5,5,5,5,3,1,0,0.25,1.3862943611198906,0.77,1224,49,0.25,0.35,0.15,0.25
977,9ac7e53a6f39db5da934245d1f48918b11da541a,0,rag_10,10,5,5,3,1,0,0.25,1.3862943611198906,0.77,1224,49,0.25,0.35,0.15,0.25
977,9ac7e53a6f39db5da934245d1f48918b11da541a,0,rag_all_support,-1,5,5,3,1,0,0.25,1.3862943611198906,0.77,1224,49,0.25,0.35,0.15,0.25
436,c92b6a5d4520b3ee67e336b7da4bbfaeea66e953,5,query_only,0,0,13,1,0,0,0.15,1.8971199848858813,1.01,501,49,0.45,0.15,0.25,0.15
436,c92b6a5d4520b3ee67e336b7da4bbfaeea66e953,5,rag_1,1,1,13,1,0,0,0.25,1.3862943611198906,0.765,629,49,0.35,0.25,0.2,0.2
436,c92b6a5d4520b3ee67e336b7da4bbfaeea66e953,5,rag_3,3,3,13,1,2,0,0.25,1.3862943611198906,0.755,825,49,0.25,0.25,0.3,0.2
436,c92b6a5d4520b3ee67e336b7da4bbfaeea66e953,5,rag_5,5,5,13,1,1,1,0.35,1.0498221244986778,0.5650000000000001,1037,49,0.2,0.35,0.25,0.2
436,c92b6a5d4520b3ee67e336b7da4bbfaeea66e953,5,rag_10,10,10,13,1,0,0,0.25,1.3862943611198906,0.75,1564,49,0.25,0.25,0.25,0.25
436,c92b6a5d4520b3ee67e336b7da4bbfaeea66e953,5,rag_all_support,-1,13,13,1,0,0,0.25,1.3862943611198906,0.75,1929,49,0.25,0.25,0.25,0.25
583,9c2538eef135bd31438c629e60d5407d400a23f9,5,query_only,0,0,15,2,1,0,0.2,1.6094379124341003,0.8850000000000001,545,49,0.25,0.4,0.2,0.15
583,9c2538eef135bd31438c629e60d5407d400a23f9,5,rag_1,1,1,15,2,1,0,0.2,1.6094379124341003,0.8850000000000001,627,49,0.25,0.4,0.2,0.15
583,9c2538eef135bd31438c629e60d5407d400a23f9,5,rag_3,3,3,15,2,1,0,0.25,1.3862943611198906,0.795,865,49,0.25,0.4,0.25,0.1
583,9c2538eef135bd31438c629e60d5407d400a23f9,5,rag_5,5,5,15,2,1,0,0.22,1.5141277326297755,0.8216000000000001,1168,49,0.28,0.32,0.22,0.18
583,9c2538eef135bd31438c629e60d5407d400a23f9,5,rag_10,10,10,15,2,1,0,0.28,1.2729656758128873,0.716,1765,49,0.26,0.34,0.28,0.12
583,9c2538eef135bd31438c629e60d5407d400a23f9,5,rag_all_support,-1,15,15,2,0,0,0.28,1.2729656758128873,0.7008,2260,49,0.28,0.28,0.28,0.16
429,b70e759013d964fda9b40f7d41d586f1f7153bfb,6,query_only,0,0,19,3,0,0,0.1,2.3025850929940455,1.185,453,49,0.55,0.25,0.1,0.1
429,b70e759013d964fda9b40f7d41d586f1f7153bfb,6,rag_1,1,1,19,3,0,0,0.15,1.8971199848858813,1.01,542,49,0.45,0.25,0.15,0.15
429,b70e759013d964fda9b40f7d41d586f1f7153bfb,6,rag_3,3,3,19,3,0,0,0.2,1.6094379124341003,0.9750000000000002,751,49,0.55,0.15,0.1,0.2
429,b70e759013d964fda9b40f7d41d586f1f7153bfb,6,rag_5,5,5,19,3,0,0,0.2,1.6094379124341003,0.8850000000000001,939,49,0.4,0.25,0.15,0.2
429,b70e759013d964fda9b40f7d41d586f1f7153bfb,6,rag_10,10,10,19,3,0,0,0.25,1.3862943611198906,0.77,1502,49,0.35,0.25,0.15,0.25
429,b70e759013d964fda9b40f7d41d586f1f7153bfb,6,rag_all_support,-1,19,19,3,0,0,0.2,1.6094379124341003,0.8850000000000001,2706,49,0.4,0.25,0.15,0.2
55,caafe8e36109d72159c297c970808d039b0cc725,4,query_only,0,0,16,2,0,0,0.25,1.3862943611198906,0.77,472,49,0.35,0.25,0.25,0.15
55,caafe8e36109d72159c297c970808d039b0cc725,4,rag_1,1,1,16,2,0,0,0.20000000000000004,1.6094379124341003,0.9048,567,49,0.42000000000000004,0.2800000000000001,0.20000000000000004,0.10000000000000002
55,caafe8e36109d72159c297c970808d039b0cc725,4,rag_3,3,3,16,2,0,0,0.28,1.2729656758128873,0.7327999999999999,807,49,0.36,0.28,0.28,0.08
55,caafe8e36109d72159c297c970808d039b0cc725,4,rag_5,5,5,16,2,0,0,0.25,1.3862943611198906,0.77,1029,49,0.35,0.25,0.25,0.15
55,caafe8e36109d72159c297c970808d039b0cc725,4,rag_10,10,10,16,2,1,0,0.29999999999999993,1.2039728043259361,0.6808000000000001,1681,49,0.27999999999999997,0.31999999999999995,0.29999999999999993,0.09999999999999998
55,caafe8e36109d72159c297c970808d039b0cc725,4,rag_all_support,-1,16,16,2,0,0,0.25,1.3862943611198906,0.77,2697,49,0.35,0.25,0.25,0.15
893,942f7d02ce8e36f4ad3a2c05fd9c3dd1b5308ecc,1,query_only,0,0,13,0,2,0,0.25,1.3862943611198906,0.785,413,49,0.25,0.15,0.4,0.2
893,942f7d02ce8e36f4ad3a2c05fd9c3dd1b5308ecc,1,rag_1,1,1,13,0,2,0,0.25,1.3862943611198906,0.785,513,49,0.25,0.2,0.4,0.15
893,942f7d02ce8e36f4ad3a2c05fd9c3dd1b5308ecc,1,rag_3,3,3,13,0,2,0,0.25,1.3862943611198906,0.785,719,49,0.25,0.15,0.4,0.2
893,942f7d02ce8e36f4ad3a2c05fd9c3dd1b5308ecc,1,rag_5,5,5,13,0,2,0,0.25,1.3862943611198906,0.8099999999999999,1048,49,0.25,0.15,0.45,0.15
893,942f7d02ce8e36f4ad3a2c05fd9c3dd1b5308ecc,1,rag_10,10,10,13,0,2,0,0.25,1.3862943611198906,0.785,1598,49,0.25,0.15,0.4,0.2
893,942f7d02ce8e36f4ad3a2c05fd9c3dd1b5308ecc,1,rag_all_support,-1,13,13,0,2,0,0.25,1.3862943611198906,0.785,2072,49,0.25,0.15,0.4,0.2
281,35a2348c74c6912b6005cba4c510acdfd9882d24,1,query_only,0,0,4,3,0,0,0.18,1.7147984280919266,0.9338000000000001,482,49,0.42,0.25,0.15,0.18
281,35a2348c74c6912b6005cba4c510acdfd9882d24,1,rag_1,1,1,4,3,0,0,0.2,1.6094379124341003,0.9050000000000001,592,49,0.45,0.2,0.15,0.2
281,35a2348c74c6912b6005cba4c510acdfd9882d24,1,rag_3,3,3,4,3,0,0,0.15,1.8971199848858813,1.07,938,49,0.55,0.15,0.15,0.15
281,35a2348c74c6912b6005cba4c510acdfd9882d24,1,rag_5,5,4,4,3,0,0,0.2,1.6094379124341003,0.9050000000000001,1130,49,0.45,0.2,0.15,0.2
281,35a2348c74c6912b6005cba4c510acdfd9882d24,1,rag_10,10,4,4,3,0,0,0.2,1.6094379124341003,0.9050000000000001,1130,49,0.45,0.2,0.15,0.2
281,35a2348c74c6912b6005cba4c510acdfd9882d24,1,rag_all_support,-1,4,4,3,0,0,0.2,1.6094379124341003,0.9050000000000001,1130,49,0.45,0.2,0.15,0.2
650,8bf30511ef99aed10e2085dd85096956449a40a6,1,query_only,0,0,16,2,3,0,0.25,1.3862943611198906,0.81,496,49,0.15,0.15,0.25,0.45
650,8bf30511ef99aed10e2085dd85096956449a40a6,1,rag_1,1,1,16,2,0,0,0.25,1.3862943611198906,0.75,606,49,0.25,0.25,0.25,0.25
650,8bf30511ef99aed10e2085dd85096956449a40a6,1,rag_3,3,3,16,2,1,0,0.15,1.8971199848858813,0.97,783,49,0.25,0.35,0.15,0.25
650,8bf30511ef99aed10e2085dd85096956449a40a6,1,rag_5,5,5,16,2,0,0,0.25,1.3862943611198906,0.75,1005,49,0.25,0.25,0.25,0.25
650,8bf30511ef99aed10e2085dd85096956449a40a6,1,rag_10,10,10,16,2,1,0,0.25,1.3862943611198906,0.77,1546,49,0.25,0.35,0.25,0.15
650,8bf30511ef99aed10e2085dd85096956449a40a6,1,rag_all_support,-1,16,16,2,0,0,0.25,1.3862943611198906,0.75,2371,49,0.25,0.25,0.25,0.25
716,3ea4bbf4b53e93096cff89b3eade8762aba760f6,5,query_only,0,0,13,1,0,0,0.2,1.6094379124341003,0.9750000000000001,410,49,0.55,0.2,0.15,0.1
716,3ea4bbf4b53e93096cff89b3eade8762aba760f6,5,rag_1,1,1,13,1,0,0,0.25,1.3862943611198906,0.8099999999999999,525,49,0.45,0.25,0.15,0.15
716,3ea4bbf4b53e93096cff89b3eade8762aba760f6,5,rag_3,3,3,13,1,0,0,0.25,1.3862943611198906,0.8899999999999999,753,49,0.55,0.25,0.15,0.05
716,3ea4bbf4b53e93096cff89b3eade8762aba760f6,5,rag_5,5,5,13,1,0,0,0.25,1.3862943611198906,0.8099999999999999,943,49,0.45,0.25,0.15,0.15
716,3ea4bbf4b53e93096cff89b3eade8762aba760f6,5,rag_10,10,10,13,1,0,0,0.25,1.3862943611198906,0.8099999999999999,1476,49,0.45,0.25,0.15,0.15
716,3ea4bbf4b53e93096cff89b3eade8762aba760f6,5,rag_all_support,-1,13,13,1,0,0,0.25,1.3862943611198906,0.8099999999999999,1867,49,0.45,0.25,0.15,0.15
626,7ddf53186d337672c7a266bf4c44e15421373f1d,5,query_only,0,0,13,0,1,0,0.28,1.2729656758128873,0.7177999999999999,452,49,0.28,0.35,0.25,0.12
626,7ddf53186d337672c7a266bf4c44e15421373f1d,5,rag_1,1,1,13,0,0,1,0.45,0.7985076962177716,0.45000000000000007,544,49,0.45,0.35,0.15,0.05
626,7ddf53186d337672c7a266bf4c44e15421373f1d,5,rag_3,3,3,13,0,0,1,0.4000000000000001,0.9162907318741549,0.4999999999999999,785,49,0.4000000000000001,0.30000000000000004,0.20000000000000004,0.10000000000000002
626,7ddf53186d337672c7a266bf4c44e15421373f1d,5,rag_5,5,5,13,0,0,1,0.35000000000000003,1.0498221244986776,0.585,1012,49,0.35000000000000003,0.30000000000000004,0.25000000000000006,0.10000000000000002
626,7ddf53186d337672c7a266bf4c44e15421373f1d,5,rag_10,10,10,13,0,0,1,0.35000000000000003,1.0498221244986776,0.575,1601,49,0.35000000000000003,0.30000000000000004,0.20000000000000004,0.15000000000000002
626,7ddf53186d337672c7a266bf4c44e15421373f1d,5,rag_all_support,-1,13,13,0,1,0,0.28,1.2729656758128873,0.7303999999999999,1994,49,0.28,0.4,0.18,0.14
168,e46ad048a992072a1da99f9c5d23a22af278f359,2,query_only,0,0,15,2,0,0,0.25,1.3862943611198906,0.755,400,49,0.3,0.25,0.25,0.2
168,e46ad048a992072a1da99f9c5d23a22af278f359,2,rag_1,1,1,15,2,0,0,0.25,1.3862943611198906,0.765,487,49,0.35,0.2,0.25,0.2
168,e46ad048a992072a1da99f9c5d23a22af278f359,2,rag_3,3,3,15,2,1,0,0.25,1.3862943611198906,0.755,678,49,0.25,0.3,0.25,0.2
168,e46ad048a992072a1da99f9c5d23a22af278f359,2,rag_5,5,5,15,2,0,0,0.25,1.3862943611198906,0.75,891,49,0.25,0.25,0.25,0.25
168,e46ad048a992072a1da99f9c5d23a22af278f359,2,rag_10,10,10,15,2,0,0,0.25,1.3862943611198906,0.75,1474,49,0.25,0.25,0.25,0.25
168,e46ad048a992072a1da99f9c5d23a22af278f359,2,rag_all_support,-1,15,15,2,0,0,0.25,1.3862943611198906,0.75,2178,49,0.25,0.25,0.25,0.25
23,6aac91cfdac337f09a9e2a72ef08980b0fe87d5b,7,query_only,0,0,15,1,0,0,0.35,1.0498221244986778,0.645,581,49,0.45,0.35,0.1,0.1
23,6aac91cfdac337f09a9e2a72ef08980b0fe87d5b,7,rag_1,1,1,15,1,0,0,0.25,1.3862943611198906,0.8899999999999999,674,49,0.55,0.25,0.15,0.05
23,6aac91cfdac337f09a9e2a72ef08980b0fe87d5b,7,rag_3,3,3,15,1,0,0,0.30000000000000004,1.203972804325936,0.7000000000000001,893,49,0.4000000000000001,0.30000000000000004,0.20000000000000004,0.10000000000000002
23,6aac91cfdac337f09a9e2a72ef08980b0fe87d5b,7,rag_5,5,5,15,1,0,0,0.3,1.2039728043259361,0.7249999999999999,1111,49,0.45,0.3,0.15,0.1
23,6aac91cfdac337f09a9e2a72ef08980b0fe87d5b,7,rag_10,10,10,15,1,0,0,0.25,1.3862943611198906,0.8899999999999999,1658,49,0.55,0.25,0.15,0.05
23,6aac91cfdac337f09a9e2a72ef08980b0fe87d5b,7,rag_all_support,-1,15,15,1,0,0,0.25000000000000006,1.3862943611198904,0.8150000000000002,2223,49,0.45000000000000007,0.25000000000000006,0.20000000000000004,0.10000000000000002
199,033c713603cc50134296fe167309498f0047de66,3,query_only,0,0,7,3,0,0,0.2,1.6094379124341003,0.9050000000000001,511,49,0.45,0.2,0.15,0.2
199,033c713603cc50134296fe167309498f0047de66,3,rag_1,1,1,7,3,0,0,0.15,1.8971199848858813,1.01,629,49,0.45,0.25,0.15,0.15
199,033c713603cc50134296fe167309498f0047de66,3,rag_3,3,3,7,3,0,0,0.2,1.6094379124341003,0.8650000000000001,827,49,0.35,0.25,0.2,0.2
199,033c713603cc50134296fe167309498f0047de66,3,rag_5,5,5,7,3,0,0,0.2,1.6094379124341003,0.8650000000000001,1031,49,0.35,0.25,0.2,0.2
199,033c713603cc50134296fe167309498f0047de66,3,rag_10,10,7,7,3,0,0,0.15,1.8971199848858813,0.985,1352,49,0.4,0.25,0.2,0.15
199,033c713603cc50134296fe167309498f0047de66,3,rag_all_support,-1,7,7,3,0,0,0.15,1.8971199848858813,0.985,1352,49,0.4,0.25,0.2,0.15
678,756fae224864c834e4f396027cca5294dd231d48,0,query_only,0,0,11,1,2,0,0.3,1.2039728043259361,0.6849999999999999,466,49,0.25,0.3,0.35,0.1
678,756fae224864c834e4f396027cca5294dd231d48,0,rag_1,1,1,11,1,1,1,0.28,1.2729656758128873,0.6954,555,49,0.25,0.28,0.28,0.19
678,756fae224864c834e4f396027cca5294dd231d48,0,rag_3,3,3,11,1,1,1,0.35000000000000003,1.0498221244986776,0.585,783,49,0.25000000000000006,0.35000000000000003,0.30000000000000004,0.10000000000000002
678,756fae224864c834e4f396027cca5294dd231d48,0,rag_5,5,5,11,1,1,1,0.3,1.2039728043259361,0.655,1010,49,0.25,0.3,0.25,0.2
678,756fae224864c834e4f396027cca5294dd231d48,0,rag_10,10,10,11,1,1,1,0.35000000000000003,1.0498221244986776,0.585,1591,49,0.25000000000000006,0.35000000000000003,0.30000000000000004,0.10000000000000002
678,756fae224864c834e4f396027cca5294dd231d48,0,rag_all_support,-1,11,11,1,1,1,0.35000000000000003,1.0498221244986776,0.585,1687,49,0.25000000000000006,0.35000000000000003,0.30000000000000004,0.10000000000000002
802,f52fe8e313a664bea97b6ede7899d28ff554fc9c,2,query_only,0,0,11,2,0,0,0.25,1.3862943611198906,0.75,506,49,0.25,0.25,0.25,0.25
802,f52fe8e313a664bea97b6ede7899d28ff554fc9c,2,rag_1,1,1,11,2,1,0,0.2,1.6094379124341003,0.8550000000000001,632,49,0.25,0.3,0.2,0.25
802,f52fe8e313a664bea97b6ede7899d28ff554fc9c,2,rag_3,3,3,11,2,0,0,0.25,1.3862943611198906,0.75,873,49,0.25,0.25,0.25,0.25
802,f52fe8e313a664bea97b6ede7899d28ff554fc9c,2,rag_5,5,5,11,2,0,0,0.28,1.2729656758128873,0.6954,1090,49,0.28,0.25,0.28,0.19
802,f52fe8e313a664bea97b6ede7899d28ff554fc9c,2,rag_10,10,10,11,2,0,0,0.25,1.3862943611198906,0.75,1577,49,0.25,0.25,0.25,0.25
802,f52fe8e313a664bea97b6ede7899d28ff554fc9c,2,rag_all_support,-1,11,11,2,1,0,0.25,1.3862943611198906,0.755,1673,49,0.25,0.3,0.25,0.2
652,5209017c8d8844f3f6086612d2d0264d1cb6cec3,6,query_only,0,0,17,1,0,0,0.28,1.2729656758128873,0.8088,562,49,0.52,0.28,0.1,0.1
652,5209017c8d8844f3f6086612d2d0264d1cb6cec3,6,rag_1,1,1,17,1,0,0,0.35,1.0498221244986778,0.6499999999999999,731,49,0.45,0.35,0.15,0.05
652,5209017c8d8844f3f6086612d2d0264d1cb6cec3,6,rag_3,3,3,17,1,0,0,0.25,1.3862943611198906,0.8899999999999999,934,49,0.55,0.25,0.15,0.05
652,5209017c8d8844f3f6086612d2d0264d1cb6cec3,6,rag_5,5,5,17,1,0,0,0.25,1.3862943611198906,0.9158,1165,49,0.58,0.25,0.12,0.05
652,5209017c8d8844f3f6086612d2d0264d1cb6cec3,6,rag_10,10,10,17,1,0,0,0.28,1.2729656758128873,0.8095999999999999,1751,49,0.52,0.28,0.12,0.08
652,5209017c8d8844f3f6086612d2d0264d1cb6cec3,6,rag_all_support,-1,17,17,1,0,0,0.25,1.3862943611198906,0.8899999999999999,2480,49,0.55,0.25,0.15,0.05
741,ed1e720f56fc278634c24c1a0e8f2a280acb9607,3,query_only,0,0,13,2,1,0,0.20000000000000004,1.6094379124341003,0.915,528,49,0.25000000000000006,0.45000000000000007,0.20000000000000004,0.10000000000000002
741,ed1e720f56fc278634c24c1a0e8f2a280acb9607,3,rag_1,1,1,13,2,1,0,0.25,1.3862943611198906,0.77,618,49,0.25,0.35,0.25,0.15
741,ed1e720f56fc278634c24c1a0e8f2a280acb9607,3,rag_3,3,3,13,2,0,0,0.25,1.3862943611198906,0.755,839,49,0.3,0.25,0.25,0.2
741,ed1e720f56fc278634c24c1a0e8f2a280acb9607,3,rag_5,5,5,13,2,1,0,0.25,1.3862943611198906,0.77,1045,49,0.25,0.35,0.25,0.15
741,ed1e720f56fc278634c24c1a0e8f2a280acb9607,3,rag_10,10,10,13,2,1,0,0.15,1.8971199848858813,0.9898,1581,49,0.28,0.4,0.15,0.17
741,ed1e720f56fc278634c24c1a0e8f2a280acb9607,3,rag_all_support,-1,13,13,2,1,0,0.25,1.3862943611198906,0.77,2023,49,0.25,0.35,0.25,0.15
811,c13626ac26e11aee2392bafaf7e82e8f26c5397d,0,query_only,0,0,11,0,0,1,0.28,1.2729656758128873,0.6944,542,49,0.28,0.28,0.24,0.2
811,c13626ac26e11aee2392bafaf7e82e8f26c5397d,0,rag_1,1,1,11,0,0,1,0.3,1.2039728043259361,0.655,672,49,0.3,0.25,0.25,0.2
811,c13626ac26e11aee2392bafaf7e82e8f26c5397d,0,rag_3,3,3,11,0,1,0,0.27999999999999997,1.2729656758128876,0.7079999999999999,879,49,0.27999999999999997,0.33999999999999997,0.15999999999999998,0.21999999999999995
811,c13626ac26e11aee2392bafaf7e82e8f26c5397d,0,rag_5,5,5,11,0,0,1,0.25,1.3862943611198906,0.75,1127,49,0.25,0.25,0.25,0.25
811,c13626ac26e11aee2392bafaf7e82e8f26c5397d,0,rag_10,10,10,11,0,1,0,0.28,1.2729656758128873,0.7098,1735,49,0.28,0.35,0.2,0.17
811,c13626ac26e11aee2392bafaf7e82e8f26c5397d,0,rag_all_support,-1,11,11,0,1,0,0.28,1.2729656758128873,0.7016,1871,49,0.28,0.32,0.18,0.22
361,8264125065871b23129f62f86698e70dd863330b,4,query_only,0,0,11,3,0,0,0.15,1.8971199848858813,0.9949999999999999,394,49,0.4,0.15,0.3,0.15
361,8264125065871b23129f62f86698e70dd863330b,4,rag_1,1,1,11,3,0,0,0.15,1.8971199848858813,0.9949999999999999,494,49,0.4,0.15,0.3,0.15
361,8264125065871b23129f62f86698e70dd863330b,4,rag_3,3,3,11,3,0,0,0.15,1.8971199848858813,0.9949999999999999,736,49,0.4,0.15,0.3,0.15
361,8264125065871b23129f62f86698e70dd863330b,4,rag_5,5,5,11,3,0,0,0.15,1.8971199848858813,0.9899999999999999,962,49,0.35,0.15,0.35,0.15
361,8264125065871b23129f62f86698e70dd863330b,4,rag_10,10,10,11,3,2,0,0.2,1.6094379124341003,0.8750000000000001,1527,49,0.3,0.15,0.35,0.2
361,8264125065871b23129f62f86698e70dd863330b,4,rag_all_support,-1,11,11,3,0,0,0.2,1.6094379124341003,0.895,1617,49,0.35,0.1,0.35,0.2
973,7a5517dce2a42eeda80e6d097cf5c3a7d11de387,0,query_only,0,0,13,1,0,0,0.15,1.8971199848858813,0.9749999999999999,598,49,0.35,0.15,0.3,0.2
973,7a5517dce2a42eeda80e6d097cf5c3a7d11de387,0,rag_1,1,1,13,1,0,0,0.25,1.3862943611198906,0.7649999999999999,680,50,0.3,0.25,0.3,0.15
973,7a5517dce2a42eeda80e6d097cf5c3a7d11de387,0,rag_3,3,3,13,1,0,0,0.15,1.8971199848858813,0.985,916,49,0.4,0.15,0.25,0.2
973,7a5517dce2a42eeda80e6d097cf5c3a7d11de387,0,rag_5,5,5,13,1,0,0,0.15,1.8971199848858813,0.9699999999999999,1101,49,0.35,0.15,0.25,0.25
973,7a5517dce2a42eeda80e6d097cf5c3a7d11de387,0,rag_10,10,10,13,1,0,0,0.25,1.3862943611198906,0.795,1663,49,0.4,0.25,0.25,0.1
973,7a5517dce2a42eeda80e6d097cf5c3a7d11de387,0,rag_all_support,-1,13,13,1,0,0,0.15,1.8971199848858813,0.9699999999999999,2037,49,0.35,0.15,0.25,0.25
198,5089eaa86cce6e8ac0dd7709d9d20a53d41ae469,0,query_only,0,0,15,2,3,0,0.25,1.3862943611198906,0.7699999999999999,563,49,0.25,0.15,0.25,0.35
198,5089eaa86cce6e8ac0dd7709d9d20a53d41ae469,0,rag_1,1,1,15,2,0,0,0.28,1.2729656758128873,0.6954,659,49,0.28,0.25,0.28,0.19
198,5089eaa86cce6e8ac0dd7709d9d20a53d41ae469,0,rag_3,3,3,15,2,0,0,0.3,1.2039728043259361,0.6749999999999999,859,49,0.35,0.15,0.3,0.2
198,5089eaa86cce6e8ac0dd7709d9d20a53d41ae469,0,rag_5,5,5,15,2,0,0,0.25,1.3862943611198906,0.77,1117,49,0.35,0.25,0.25,0.15
198,5089eaa86cce6e8ac0dd7709d9d20a53d41ae469,0,rag_10,10,10,15,2,0,0,0.25,1.3862943611198906,0.77,1810,49,0.35,0.25,0.25,0.15
198,5089eaa86cce6e8ac0dd7709d9d20a53d41ae469,0,rag_all_support,-1,15,15,2,0,0,0.22,1.5141277326297755,0.8118000000000001,2577,49,0.28,0.25,0.22,0.25
829,8d01bacd34c17dc85f01e988e3db14c02f3e719e,2,query_only,0,0,6,0,0,1,0.5499999999999999,0.5978370007556205,0.275,565,49,0.5499999999999999,0.14999999999999997,0.19999999999999996,0.09999999999999998
829,8d01bacd34c17dc85f01e988e3db14c02f3e719e,2,rag_1,1,1,6,0,0,1,0.55,0.5978370007556204,0.29,748,49,0.55,0.15,0.25,0.05
829,8d01bacd34c17dc85f01e988e3db14c02f3e719e,2,rag_3,3,3,6,0,0,1,0.42,0.8675005677047231,0.4648000000000001,1050,49,0.42,0.2,0.28,0.1
829,8d01bacd34c17dc85f01e988e3db14c02f3e719e,2,rag_5,5,5,6,0,0,1,0.5499999999999999,0.5978370007556205,0.275,1279,49,0.5499999999999999,0.14999999999999997,0.19999999999999996,0.09999999999999998
829,8d01bacd34c17dc85f01e988e3db14c02f3e719e,2,rag_10,10,6,6,0,0,1,0.55,0.5978370007556204,0.29,1381,49,0.55,0.15,0.25,0.05
829,8d01bacd34c17dc85f01e988e3db14c02f3e719e,2,rag_all_support,-1,6,6,0,0,1,0.55,0.5978370007556204,0.29,1381,49,0.55,0.15,0.25,0.05
294,243a8b36cfab3ddf5d1d288fdca40c2ed13a2ae5,0,query_only,0,0,7,2,0,0,0.25,1.3862943611198906,0.89,691,49,0.55,0.05,0.25,0.15
294,243a8b36cfab3ddf5d1d288fdca40c2ed13a2ae5,0,rag_1,1,1,7,2,0,0,0.19999999999999996,1.6094379124341005,0.9750000000000001,817,49,0.5499999999999999,0.14999999999999997,0.19999999999999996,0.09999999999999998
294,243a8b36cfab3ddf5d1d288fdca40c2ed13a2ae5,0,rag_3,3,3,7,2,0,0,0.25,1.3862943611198906,0.885,1183,49,0.55,0.1,0.25,0.1
294,243a8b36cfab3ddf5d1d288fdca40c2ed13a2ae5,0,rag_5,5,5,7,2,0,0,0.16,1.8325814637483102,1.076,1695,49,0.58,0.12,0.16,0.14
294,243a8b36cfab3ddf5d1d288fdca40c2ed13a2ae5,0,rag_10,10,7,7,2,0,0,0.19999999999999996,1.6094379124341005,0.9750000000000001,2035,49,0.5499999999999999,0.14999999999999997,0.19999999999999996,0.09999999999999998
294,243a8b36cfab3ddf5d1d288fdca40c2ed13a2ae5,0,rag_all_support,-1,7,7,2,0,0,0.19999999999999996,1.6094379124341005,0.9750000000000001,2035,49,0.5499999999999999,0.14999999999999997,0.19999999999999996,0.09999999999999998
823,cf7c71e984030cfe99165f2f6e465f1640346511,3,query_only,0,0,10,1,2,0,0.25,1.3862943611198906,0.765,469,49,0.2,0.25,0.35,0.2
823,cf7c71e984030cfe99165f2f6e465f1640346511,3,rag_1,1,1,10,1,0,0,0.25,1.3862943611198906,0.75,578,49,0.25,0.25,0.25,0.25
823,cf7c71e984030cfe99165f2f6e465f1640346511,3,rag_3,3,3,10,1,2,0,0.25,1.3862943611198906,0.7658,794,49,0.28,0.25,0.32,0.15
823,cf7c71e984030cfe99165f2f6e465f1640346511,3,rag_5,5,5,10,1,0,0,0.25,1.3862943611198906,0.75,1034,49,0.25,0.25,0.25,0.25
823,cf7c71e984030cfe99165f2f6e465f1640346511,3,rag_10,10,10,10,1,0,0,0.25,1.3862943611198906,0.75,1779,49,0.25,0.25,0.25,0.25
823,cf7c71e984030cfe99165f2f6e465f1640346511,3,rag_all_support,-1,10,10,1,0,0,0.25,1.3862943611198906,0.75,1779,49,0.25,0.25,0.25,0.25
25,c520a0c64ec7c898cafd57098d958c2ac4eb116f,3,query_only,0,0,14,0,0,1,0.4,0.916290731874155,0.485,454,49,0.4,0.15,0.25,0.2
25,c520a0c64ec7c898cafd57098d958c2ac4eb116f,3,rag_1,1,1,14,0,0,1,0.4,0.916290731874155,0.485,551,49,0.4,0.15,0.25,0.2
25,c520a0c64ec7c898cafd57098d958c2ac4eb116f,3,rag_3,3,3,14,0,0,1,0.45,0.7985076962177716,0.4100000000000001,779,49,0.45,0.15,0.25,0.15
25,c520a0c64ec7c898cafd57098d958c2ac4eb116f,3,rag_5,5,5,14,0,0,1,0.5499999999999999,0.5978370007556205,0.275,977,49,0.5499999999999999,0.14999999999999997,0.19999999999999996,0.09999999999999998
25,c520a0c64ec7c898cafd57098d958c2ac4eb116f,3,rag_10,10,10,14,0,0,1,0.4,0.916290731874155,0.485,1460,49,0.4,0.15,0.25,0.2
25,c520a0c64ec7c898cafd57098d958c2ac4eb116f,3,rag_all_support,-1,14,14,0,0,1,0.5,0.6931471805599453,0.34500000000000003,1959,49,0.5,0.15,0.25,0.1
687,dc9506c38de1feb558ab84e7f0272768f3d994d0,2,query_only,0,0,11,3,0,0,0.15,1.8971199848858813,0.97,541,49,0.35,0.25,0.25,0.15
687,dc9506c38de1feb558ab84e7f0272768f3d994d0,2,rag_1,1,1,11,3,1,0,0.25,1.3862943611198906,0.755,636,49,0.25,0.3,0.2,0.25
687,dc9506c38de1feb558ab84e7f0272768f3d994d0,2,rag_3,3,3,11,3,0,0,0.10000000000000002,2.3025850929940455,1.1150000000000002,867,49,0.45000000000000007,0.25000000000000006,0.20000000000000004,0.10000000000000002
687,dc9506c38de1feb558ab84e7f0272768f3d994d0,2,rag_5,5,5,11,3,2,0,0.25,1.3862943611198906,0.77,1079,49,0.25,0.15,0.35,0.25
687,dc9506c38de1feb558ab84e7f0272768f3d994d0,2,rag_10,10,10,11,3,2,0,0.2,1.6094379124341003,0.8850000000000001,1655,49,0.15,0.25,0.4,0.2
687,dc9506c38de1feb558ab84e7f0272768f3d994d0,2,rag_all_support,-1,11,11,3,2,0,0.25,1.3862943611198906,0.77,1742,49,0.25,0.15,0.35,0.25
254,1b486c8b024a4a8fd9c4589c5aa593ff662faf95,2,query_only,0,0,10,2,2,1,0.3,1.2039728043259361,0.6568,684,49,0.28,0.22,0.3,0.2
254,1b486c8b024a4a8fd9c4589c5aa593ff662faf95,2,rag_1,1,1,10,2,2,1,0.3,1.2039728043259361,0.6568,941,49,0.28,0.22,0.3,0.2
254,1b486c8b024a4a8fd9c4589c5aa593ff662faf95,2,rag_3,3,3,10,2,0,0,0.25,1.3862943611198906,0.75,1252,49,0.25,0.25,0.25,0.25
254,1b486c8b024a4a8fd9c4589c5aa593ff662faf95,2,rag_5,5,5,10,2,0,0,0.25,1.3862943611198906,0.75,1547,49,0.25,0.25,0.25,0.25
254,1b486c8b024a4a8fd9c4589c5aa593ff662faf95,2,rag_10,10,10,10,2,2,1,0.35,1.0498221244986778,0.5700000000000001,2522,49,0.25,0.15,0.35,0.25
254,1b486c8b024a4a8fd9c4589c5aa593ff662faf95,2,rag_all_support,-1,10,10,2,2,1,0.35,1.0498221244986778,0.5700000000000001,2522,49,0.25,0.15,0.35,0.25
959,2c2ae771d6b711d328a719bb1416fce9d1b55c88,1,query_only,0,0,18,0,2,0,0.28,1.2729656758128873,0.7368,567,49,0.28,0.22,0.4,0.1
959,2c2ae771d6b711d328a719bb1416fce9d1b55c88,1,rag_1,1,1,18,0,0,1,0.55,0.5978370007556204,0.29,757,49,0.55,0.15,0.25,0.05
959,2c2ae771d6b711d328a719bb1416fce9d1b55c88,1,rag_3,3,3,18,0,0,1,0.55,0.5978370007556204,0.29,1009,49,0.55,0.15,0.25,0.05
959,2c2ae771d6b711d328a719bb1416fce9d1b55c88,1,rag_5,5,5,18,0,2,0,0.35,1.0498221244986778,0.6150000000000001,1209,49,0.35,0.15,0.4,0.1
959,2c2ae771d6b711d328a719bb1416fce9d1b55c88,1,rag_10,10,10,18,0,2,0,0.33,1.1086626245216111,0.6201999999999999,1821,49,0.33,0.19,0.34,0.14
959,2c2ae771d6b711d328a719bb1416fce9d1b55c88,1,rag_all_support,-1,18,18,0,0,1,0.45000000000000007,0.7985076962177715,0.425,2764,49,0.45000000000000007,0.15000000000000002,0.30000000000000004,0.10000000000000002
883,0c908a3670d8277fc208f4701688f8b29fefafbc,3,query_only,0,0,11,3,2,0,0.2,1.6094379124341003,0.8850000000000001,524,49,0.25,0.15,0.4,0.2
883,0c908a3670d8277fc208f4701688f8b29fefafbc,3,rag_1,1,1,11,3,2,0,0.3,1.2039728043259361,0.695,641,49,0.15,0.15,0.4,0.3
883,0c908a3670d8277fc208f4701688f8b29fefafbc,3,rag_3,3,3,11,3,2,0,0.3,1.2039728043259361,0.695,1016,49,0.15,0.15,0.4,0.3
883,0c908a3670d8277fc208f4701688f8b29fefafbc,3,rag_5,5,5,11,3,2,0,0.25,1.3862943611198906,0.81,1325,49,0.15,0.15,0.45,0.25
883,0c908a3670d8277fc208f4701688f8b29fefafbc,3,rag_10,10,10,11,3,2,0,0.3,1.2039728043259361,0.695,1914,49,0.15,0.15,0.4,0.3
883,0c908a3670d8277fc208f4701688f8b29fefafbc,3,rag_all_support,-1,11,11,3,2,0,0.15,1.8971199848858813,1.0099999999999998,2034,49,0.25,0.15,0.45,0.15
493,10526f0be3f62b060f46d5f43cee13de98e48654,1,query_only,0,0,10,3,0,0,0.2,1.6094379124341003,0.9750000000000002,454,49,0.55,0.15,0.1,0.2
493,10526f0be3f62b060f46d5f43cee13de98e48654,1,rag_1,1,1,10,3,0,0,0.15,1.8971199848858813,1.07,575,49,0.55,0.15,0.15,0.15
493,10526f0be3f62b060f46d5f43cee13de98e48654,1,rag_3,3,3,10,3,0,0,0.2,1.6094379124341003,0.9750000000000002,852,49,0.55,0.15,0.1,0.2
493,10526f0be3f62b060f46d5f43cee13de98e48654,1,rag_5,5,5,10,3,0,0,0.25,1.3862943611198906,0.8618000000000001,1052,49,0.52,0.15,0.08,0.25
493,10526f0be3f62b060f46d5f43cee13de98e48654,1,rag_10,10,10,10,3,0,0,0.2,1.6094379124341003,0.9750000000000002,1546,49,0.55,0.15,0.1,0.2
493,10526f0be3f62b060f46d5f43cee13de98e48654,1,rag_all_support,-1,10,10,3,0,0,0.2,1.6094379124341003,0.9750000000000002,1546,49,0.55,0.15,0.1,0.2
822,6df31d0e0fd2f5b0c0c9059883954d63ba05897e,6,query_only,0,0,17,3,0,0,0.15,1.8971199848858813,1.07,525,49,0.55,0.15,0.15,0.15
822,6df31d0e0fd2f5b0c0c9059883954d63ba05897e,6,rag_1,1,1,17,3,0,0,0.15,1.8971199848858813,1.07,618,49,0.55,0.15,0.15,0.15
822,6df31d0e0fd2f5b0c0c9059883954d63ba05897e,6,rag_3,3,3,17,3,0,0,0.15,1.8971199848858813,1.01,797,49,0.45,0.25,0.15,0.15
822,6df31d0e0fd2f5b0c0c9059883954d63ba05897e,6,rag_5,5,5,17,3,0,0,0.14,1.9661128563728327,1.0695999999999999,1030,49,0.52,0.2,0.14,0.14
822,6df31d0e0fd2f5b0c0c9059883954d63ba05897e,6,rag_10,10,10,17,3,0,0,0.15,1.8971199848858813,1.035,1565,49,0.5,0.15,0.2,0.15
822,6df31d0e0fd2f5b0c0c9059883954d63ba05897e,6,rag_all_support,-1,17,17,3,0,0,0.15,1.8971199848858813,1.07,2372,49,0.55,0.15,0.15,0.15
662,4dace790ebb925718ba08555552d8896a7ca20e5,2,query_only,0,0,9,3,2,0,0.25,1.3862943611198906,0.81,400,49,0.15,0.15,0.45,0.25
662,4dace790ebb925718ba08555552d8896a7ca20e5,2,rag_1,1,1,9,3,2,0,0.22,1.5141277326297755,0.8568000000000001,480,49,0.28,0.1,0.4,0.22
662,4dace790ebb925718ba08555552d8896a7ca20e5,2,rag_3,3,3,9,3,2,0,0.2,1.6094379124341003,0.9150000000000001,731,49,0.25,0.1,0.45,0.2
662,4dace790ebb925718ba08555552d8896a7ca20e5,2,rag_5,5,5,9,3,0,0,0.15,1.8971199848858813,0.9899999999999999,995,49,0.35,0.15,0.35,0.15
662,4dace790ebb925718ba08555552d8896a7ca20e5,2,rag_10,10,9,9,3,2,0,0.1,2.3025850929940455,1.145,1400,49,0.25,0.15,0.5,0.1
662,4dace790ebb925718ba08555552d8896a7ca20e5,2,rag_all_support,-1,9,9,3,2,0,0.1,2.3025850929940455,1.145,1400,49,0.25,0.15,0.5,0.1
635,e15796a20b164322549ba7615c72887113c33917,1,query_only,0,0,15,2,2,1,0.35,1.0498221244986778,0.5700000000000001,464,49,0.25,0.15,0.35,0.25
635,e15796a20b164322549ba7615c72887113c33917,1,rag_1,1,1,15,2,3,0,0.25,1.3862943611198906,0.755,566,49,0.25,0.2,0.25,0.3
635,e15796a20b164322549ba7615c72887113c33917,1,rag_3,3,3,15,2,0,0,0.25,1.3862943611198906,0.75,774,49,0.25,0.25,0.25,0.25
635,e15796a20b164322549ba7615c72887113c33917,1,rag_5,5,5,15,2,0,0,0.25,1.3862943611198906,0.7538,971,49,0.28,0.2,0.25,0.27
635,e15796a20b164322549ba7615c72887113c33917,1,rag_10,10,10,15,2,2,1,0.35,1.0498221244986778,0.5700000000000001,1588,49,0.25,0.15,0.35,0.25
635,e15796a20b164322549ba7615c72887113c33917,1,rag_all_support,-1,15,15,2,0,0,0.25,1.3862943611198906,0.75,2240,49,0.25,0.25,0.25,0.25
237,c9943408328c643e0e6829e9ce532aa3a0ab8cc3,7,query_only,0,0,19,0,2,0,0.18,1.7147984280919266,0.9296000000000001,487,49,0.18,0.22,0.42,0.18
237,c9943408328c643e0e6829e9ce532aa3a0ab8cc3,7,rag_1,1,1,19,0,2,0,0.25,1.3862943611198906,0.755,583,49,0.25,0.25,0.3,0.2
237,c9943408328c643e0e6829e9ce532aa3a0ab8cc3,7,rag_3,3,3,19,0,2,0,0.28,1.2729656758128873,0.7368,888,49,0.28,0.22,0.4,0.1
237,c9943408328c643e0e6829e9ce532aa3a0ab8cc3,7,rag_5,5,5,19,0,2,0,0.25,1.3862943611198906,0.7699999999999999,1126,49,0.25,0.25,0.35,0.15
237,c9943408328c643e0e6829e9ce532aa3a0ab8cc3,7,rag_10,10,10,19,0,2,0,0.25,1.3862943611198906,0.765,1669,49,0.25,0.2,0.35,0.2
237,c9943408328c643e0e6829e9ce532aa3a0ab8cc3,7,rag_all_support,-1,19,19,0,0,1,0.35,1.0498221244986778,0.5700000000000001,2753,49,0.35,0.25,0.25,0.15
96,3b62cee123037b727ccb0c03360458011375043e,1,query_only,0,0,13,3,2,0,0.1,2.3025850929940455,1.145,502,49,0.25,0.15,0.5,0.1
96,3b62cee123037b727ccb0c03360458011375043e,1,rag_1,1,1,13,3,0,0,0.05,2.995732273553991,1.29,614,49,0.55,0.15,0.25,0.05
96,3b62cee123037b727ccb0c03360458011375043e,1,rag_3,3,3,13,3,2,0,0.05,2.995732273553991,1.29,893,49,0.25,0.15,0.55,0.05
96,3b62cee123037b727ccb0c03360458011375043e,1,rag_5,5,5,13,3,2,0,0.1,2.3025850929940455,1.145,1124,49,0.25,0.15,0.5,0.1
96,3b62cee123037b727ccb0c03360458011375043e,1,rag_10,10,10,13,3,2,0,0.1,2.3025850929940455,1.1150000000000002,1615,49,0.35,0.15,0.4,0.1
96,3b62cee123037b727ccb0c03360458011375043e,1,rag_all_support,-1,13,13,3,2,0,0.1,2.3025850929940455,1.145,1983,49,0.25,0.15,0.5,0.1
66,c3dbc5969258a849cf624307fd69b39d64aa921e,3,query_only,0,0,18,0,1,0,0.15,1.8971199848858813,1.0699999999999998,479,49,0.15,0.55,0.15,0.15
66,c3dbc5969258a849cf624307fd69b39d64aa921e,3,rag_1,1,1,18,0,1,0,0.15,1.8971199848858813,1.0699999999999998,553,49,0.15,0.55,0.15,0.15
66,c3dbc5969258a849cf624307fd69b39d64aa921e,3,rag_3,3,3,18,0,1,0,0.25,1.3862943611198906,0.885,773,49,0.25,0.55,0.1,0.1
66,c3dbc5969258a849cf624307fd69b39d64aa921e,3,rag_5,5,5,18,0,1,0,0.25,1.3862943611198906,0.885,989,49,0.25,0.55,0.1,0.1
66,c3dbc5969258a849cf624307fd69b39d64aa921e,3,rag_10,10,10,18,0,1,0,0.25,1.3862943611198906,0.8899999999999999,1485,49,0.25,0.55,0.15,0.05
66,c3dbc5969258a849cf624307fd69b39d64aa921e,3,rag_all_support,-1,18,18,0,1,0,0.35,1.0498221244986778,0.6499999999999999,2377,49,0.35,0.45,0.15,0.05
548,02e3349bb8f23e4cc4b1d8481faa36566f14e38e,0,query_only,0,0,10,0,0,1,0.38,0.9675840262617056,0.5304000000000001,495,49,0.38,0.28,0.24,0.1
548,02e3349bb8f23e4cc4b1d8481faa36566f14e38e,0,rag_1,1,1,10,0,0,1,0.55,0.5978370007556204,0.27499999999999997,588,49,0.55,0.2,0.15,0.1
548,02e3349bb8f23e4cc4b1d8481faa36566f14e38e,0,rag_3,3,3,10,0,0,1,0.45000000000000007,0.7985076962177715,0.41500000000000004,776,49,0.45000000000000007,0.25000000000000006,0.20000000000000004,0.10000000000000002
548,02e3349bb8f23e4cc4b1d8481faa36566f14e38e,0,rag_5,5,5,10,0,0,1,0.4,0.916290731874155,0.48500000000000004,1015,49,0.4,0.25,0.2,0.15
548,02e3349bb8f23e4cc4b1d8481faa36566f14e38e,0,rag_10,10,10,10,0,0,1,0.4,0.916290731874155,0.48500000000000004,1590,49,0.4,0.25,0.2,0.15
548,02e3349bb8f23e4cc4b1d8481faa36566f14e38e,0,rag_all_support,-1,10,10,0,0,1,0.4,0.916290731874155,0.48500000000000004,1590,49,0.4,0.25,0.2,0.15
312,5cda83907de652ad97233ba2215cb4219c220479,0,query_only,0,0,6,3,0,0,0.1,2.3025850929940455,1.0950000000000002,601,49,0.4,0.25,0.25,0.1
312,5cda83907de652ad97233ba2215cb4219c220479,0,rag_1,1,1,6,3,0,0,0.15,1.8971199848858813,0.985,740,49,0.4,0.25,0.2,0.15
312,5cda83907de652ad97233ba2215cb4219c220479,0,rag_3,3,3,6,3,0,0,0.25,1.3862943611198906,0.75,1136,49,0.25,0.25,0.25,0.25
312,5cda83907de652ad97233ba2215cb4219c220479,0,rag_5,5,5,6,3,0,0,0.15,1.8971199848858813,0.985,1547,49,0.4,0.25,0.2,0.15
312,5cda83907de652ad97233ba2215cb4219c220479,0,rag_10,10,6,6,3,0,0,0.15,1.8971199848858813,0.97,1750,49,0.35,0.25,0.25,0.15
312,5cda83907de652ad97233ba2215cb4219c220479,0,rag_all_support,-1,6,6,3,0,0,0.15,1.8971199848858813,0.97,1750,49,0.35,0.25,0.25,0.15
110,31da3912387825dbdc35e844bb820248fa87af29,5,query_only,0,0,13,1,3,0,0.15,1.8971199848858813,1.0099999999999998,538,49,0.25,0.15,0.15,0.45
110,31da3912387825dbdc35e844bb820248fa87af29,5,rag_1,1,1,13,1,3,0,0.25,1.3862943611198906,0.7699999999999999,633,49,0.25,0.25,0.15,0.35
110,31da3912387825dbdc35e844bb820248fa87af29,5,rag_3,3,3,13,1,3,0,0.15,1.8971199848858813,0.9699999999999999,913,49,0.25,0.15,0.25,0.35
110,31da3912387825dbdc35e844bb820248fa87af29,5,rag_5,5,5,13,1,0,0,0.15,1.8971199848858813,0.9699999999999999,1193,49,0.35,0.15,0.25,0.25
110,31da3912387825dbdc35e844bb820248fa87af29,5,rag_10,10,10,13,1,3,0,0.15,1.8971199848858813,0.9699999999999999,1775,49,0.25,0.15,0.25,0.35
110,31da3912387825dbdc35e844bb820248fa87af29,5,rag_all_support,-1,13,13,1,3,0,0.2,1.6094379124341003,0.8850000000000001,2206,49,0.25,0.2,0.15,0.4
265,c242e6706988242f5c7b46b7e8ad66c0dcf8f7a9,0,query_only,0,0,8,0,0,1,0.45,0.7985076962177716,0.44500000000000006,500,49,0.45,0.35,0.1,0.1
265,c242e6706988242f5c7b46b7e8ad66c0dcf8f7a9,0,rag_1,1,1,8,0,0,1,0.42,0.8675005677047231,0.48400000000000015,629,49,0.42,0.34,0.08,0.16
265,c242e6706988242f5c7b46b7e8ad66c0dcf8f7a9,0,rag_3,3,3,8,0,0,1,0.55,0.5978370007556204,0.285,869,49,0.55,0.25,0.1,0.1
265,c242e6706988242f5c7b46b7e8ad66c0dcf8f7a9,0,rag_5,5,5,8,0,0,1,0.55,0.5978370007556204,0.285,1173,49,0.55,0.25,0.1,0.1
265,c242e6706988242f5c7b46b7e8ad66c0dcf8f7a9,0,rag_10,10,8,8,0,0,1,0.4,0.916290731874155,0.515,1837,49,0.4,0.35,0.15,0.1
265,c242e6706988242f5c7b46b7e8ad66c0dcf8f7a9,0,rag_all_support,-1,8,8,0,0,1,0.4,0.916290731874155,0.515,1837,49,0.4,0.35,0.15,0.1
355,f9006e264d482be4424fff8d0a43ab9d593d3541,0,query_only,0,0,8,0,0,1,0.3,1.2039728043259361,0.6649999999999999,412,49,0.3,0.25,0.3,0.15
355,f9006e264d482be4424fff8d0a43ab9d593d3541,0,rag_1,1,1,8,0,0,1,0.5499999999999999,0.5978370007556205,0.275,513,49,0.5499999999999999,0.14999999999999997,0.19999999999999996,0.09999999999999998
355,f9006e264d482be4424fff8d0a43ab9d593d3541,0,rag_3,3,3,8,0,0,1,0.35,1.0498221244986778,0.5700000000000001,724,49,0.35,0.25,0.25,0.15
355,f9006e264d482be4424fff8d0a43ab9d593d3541,0,rag_5,5,5,8,0,0,1,0.35,1.0498221244986778,0.5700000000000001,927,49,0.35,0.25,0.25,0.15
355,f9006e264d482be4424fff8d0a43ab9d593d3541,0,rag_10,10,8,8,0,2,0,0.25,1.3862943611198906,0.7699999999999999,1292,49,0.25,0.25,0.35,0.15
355,f9006e264d482be4424fff8d0a43ab9d593d3541,0,rag_all_support,-1,8,8,0,2,0,0.25,1.3862943611198906,0.7699999999999999,1292,49,0.25,0.25,0.35,0.15
534,b0898d2947aed20b04f9ebab07d9c335fe558eab,2,query_only,0,0,9,3,1,0,0.2,1.6094379124341003,0.8650000000000001,498,49,0.25,0.35,0.2,0.2
534,b0898d2947aed20b04f9ebab07d9c335fe558eab,2,rag_1,1,1,9,3,1,0,0.15,1.8971199848858813,0.985,602,49,0.25,0.4,0.2,0.15
534,b0898d2947aed20b04f9ebab07d9c335fe558eab,2,rag_3,3,3,9,3,0,0,0.15000000000000002,1.897119984885881,0.975,837,49,0.35000000000000003,0.30000000000000004,0.20000000000000004,0.15000000000000002
534,b0898d2947aed20b04f9ebab07d9c335fe558eab,2,rag_5,5,5,9,3,1,0,0.17,1.7719568419318752,0.9298,1189,49,0.28,0.35,0.2,0.17
534,b0898d2947aed20b04f9ebab07d9c335fe558eab,2,rag_10,10,9,9,3,1,0,0.2,1.6094379124341003,0.8650000000000001,1673,49,0.25,0.35,0.2,0.2
534,b0898d2947aed20b04f9ebab07d9c335fe558eab,2,rag_all_support,-1,9,9,3,1,0,0.2,1.6094379124341003,0.8650000000000001,1673,49,0.25,0.35,0.2,0.2
578,d791fa96ef1d7565b87c678eee23e1f861d021ac,0,query_only,0,0,11,1,1,1,0.35,1.0498221244986778,0.5798000000000001,485,49,0.15,0.35,0.32,0.18
578,d791fa96ef1d7565b87c678eee23e1f861d021ac,0,rag_1,1,1,11,1,1,1,0.4,0.916290731874155,0.49500000000000005,571,49,0.15,0.4,0.3,0.15
578,d791fa96ef1d7565b87c678eee23e1f861d021ac,0,rag_3,3,3,11,1,1,1,0.45,0.7985076962177716,0.4100000000000001,773,49,0.15,0.45,0.25,0.15
578,d791fa96ef1d7565b87c678eee23e1f861d021ac,0,rag_5,5,5,11,1,1,1,0.45000000000000007,0.7985076962177715,0.425,977,49,0.15000000000000002,0.45000000000000007,0.30000000000000004,0.10000000000000002
578,d791fa96ef1d7565b87c678eee23e1f861d021ac,0,rag_10,10,10,11,1,1,1,0.45000000000000007,0.7985076962177715,0.425,1522,49,0.15000000000000002,0.45000000000000007,0.30000000000000004,0.10000000000000002
578,d791fa96ef1d7565b87c678eee23e1f861d021ac,0,rag_all_support,-1,11,11,1,1,1,0.5,0.6931471805599453,0.34500000000000003,1624,49,0.15,0.5,0.25,0.1
425,f61cc2035f1a112c16e7d6b6f4a857318e4260ee,1,query_only,0,0,15,3,0,0,0.25,1.3862943611198906,0.77,464,49,0.35,0.25,0.15,0.25
425,f61cc2035f1a112c16e7d6b6f4a857318e4260ee,1,rag_1,1,1,15,3,1,0,0.25,1.3862943611198906,0.77,548,49,0.25,0.35,0.15,0.25
425,f61cc2035f1a112c16e7d6b6f4a857318e4260ee,1,rag_3,3,3,15,3,0,0,0.1,2.3025850929940455,1.1150000000000002,764,49,0.4,0.35,0.15,0.1
425,f61cc2035f1a112c16e7d6b6f4a857318e4260ee,1,rag_5,5,5,15,3,0,0,0.15,1.8971199848858813,1.01,968,49,0.45,0.25,0.15,0.15
425,f61cc2035f1a112c16e7d6b6f4a857318e4260ee,1,rag_10,10,10,15,3,0,0,0.2,1.6094379124341003,0.8650000000000001,1501,49,0.35,0.25,0.2,0.2
425,f61cc2035f1a112c16e7d6b6f4a857318e4260ee,1,rag_all_support,-1,15,15,3,1,0,0.25,1.3862943611198906,0.7658,2170,49,0.28,0.32,0.15,0.25
816,0073fc5b9b9f336e2a5fe90bac18933c6b145765,1,query_only,0,0,8,1,1,1,0.3,1.2039728043259361,0.655,481,49,0.25,0.3,0.25,0.2
816,0073fc5b9b9f336e2a5fe90bac18933c6b145765,1,rag_1,1,1,8,1,0,0,0.25,1.3862943611198906,0.765,589,49,0.35,0.25,0.2,0.2
816,0073fc5b9b9f336e2a5fe90bac18933c6b145765,1,rag_3,3,3,8,1,0,0,0.25,1.3862943611198906,0.75,945,49,0.25,0.25,0.25,0.25
816,0073fc5b9b9f336e2a5fe90bac18933c6b145765,1,rag_5,5,5,8,1,0,0,0.25,1.3862943611198906,0.75,1168,49,0.25,0.25,0.25,0.25
816,0073fc5b9b9f336e2a5fe90bac18933c6b145765,1,rag_10,10,8,8,1,0,0,0.25,1.3862943611198906,0.75,1468,49,0.25,0.25,0.25,0.25
816,0073fc5b9b9f336e2a5fe90bac18933c6b145765,1,rag_all_support,-1,8,8,1,0,0,0.25,1.3862943611198906,0.75,1468,49,0.25,0.25,0.25,0.25
787,38a93e1822452012a6b1f64e963dacaed5c8fe61,5,query_only,0,0,13,3,2,0,0.2,1.6094379124341003,0.8568000000000001,509,49,0.28,0.22,0.3,0.2
787,38a93e1822452012a6b1f64e963dacaed5c8fe61,5,rag_1,1,1,13,3,2,0,0.1,2.3025850929940455,1.1,611,49,0.3,0.2,0.4,0.1
787,38a93e1822452012a6b1f64e963dacaed5c8fe61,5,rag_3,3,3,13,3,2,0,0.12,2.120263536200091,1.0455999999999999,807,49,0.28,0.22,0.38,0.12
787,38a93e1822452012a6b1f64e963dacaed5c8fe61,5,rag_5,5,5,13,3,2,0,0.1,2.3025850929940455,1.0968,1003,49,0.28,0.22,0.4,0.1
787,38a93e1822452012a6b1f64e963dacaed5c8fe61,5,rag_10,10,10,13,3,2,0,0.15,1.8971199848858813,0.97,1519,49,0.25,0.25,0.35,0.15
787,38a93e1822452012a6b1f64e963dacaed5c8fe61,5,rag_all_support,-1,13,13,3,2,0,0.1,2.3025850929940455,1.1150000000000002,1910,49,0.35,0.15,0.4,0.1
486,1399a8cbab4fee4a0a00c07660c62b6dffa5cca3,1,query_only,0,0,9,3,0,0,0.15,1.8971199848858813,1.07,506,49,0.55,0.15,0.15,0.15
486,1399a8cbab4fee4a0a00c07660c62b6dffa5cca3,1,rag_1,1,1,9,3,0,0,0.15,1.8971199848858813,1.07,622,49,0.55,0.15,0.15,0.15
486,1399a8cbab4fee4a0a00c07660c62b6dffa5cca3,1,rag_3,3,3,9,3,0,0,0.15,1.8971199848858813,1.07,842,49,0.55,0.15,0.15,0.15
486,1399a8cbab4fee4a0a00c07660c62b6dffa5cca3,1,rag_5,5,5,9,3,0,0,0.25,1.3862943611198906,0.81,1047,49,0.45,0.15,0.15,0.25
486,1399a8cbab4fee4a0a00c07660c62b6dffa5cca3,1,rag_10,10,9,9,3,0,0,0.25,1.3862943611198906,0.81,1505,49,0.45,0.15,0.15,0.25
486,1399a8cbab4fee4a0a00c07660c62b6dffa5cca3,1,rag_all_support,-1,9,9,3,0,0,0.25,1.3862943611198906,0.81,1505,49,0.45,0.15,0.15,0.25
892,3e8336eb29ced72f8db6a8e869b10432d432b64d,1,query_only,0,0,9,3,1,0,0.25,1.3862943611198906,0.77,507,49,0.25,0.35,0.15,0.25
892,3e8336eb29ced72f8db6a8e869b10432d432b64d,1,rag_1,1,1,9,3,1,0,0.15,1.8971199848858813,1.01,601,49,0.25,0.45,0.15,0.15
892,3e8336eb29ced72f8db6a8e869b10432d432b64d,1,rag_3,3,3,9,3,1,0,0.25,1.3862943611198906,0.77,770,49,0.25,0.35,0.15,0.25
892,3e8336eb29ced72f8db6a8e869b10432d432b64d,1,rag_5,5,5,9,3,0,0,0.1,2.3025850929940455,1.125,1040,49,0.45,0.3,0.15,0.1
892,3e8336eb29ced72f8db6a8e869b10432d432b64d,1,rag_10,10,9,9,3,1,0,0.25,1.3862943611198906,0.77,1753,49,0.25,0.35,0.15,0.25
892,3e8336eb29ced72f8db6a8e869b10432d432b64d,1,rag_all_support,-1,9,9,3,1,0,0.25,1.3862943611198906,0.77,1753,49,0.25,0.35,0.15,0.25
902,0551ff3f7bfa48112cd866d1cb1b7aba1d784df1,1,query_only,0,0,7,3,0,0,0.25,1.3862943611198906,0.77,539,49,0.35,0.25,0.15,0.25
902,0551ff3f7bfa48112cd866d1cb1b7aba1d784df1,1,rag_1,1,1,7,3,0,0,0.1,2.3025850929940455,1.145,631,49,0.45,0.35,0.1,0.1
902,0551ff3f7bfa48112cd866d1cb1b7aba1d784df1,1,rag_3,3,3,7,3,0,0,0.15,1.8971199848858813,1.01,822,49,0.45,0.25,0.15,0.15
902,0551ff3f7bfa48112cd866d1cb1b7aba1d784df1,1,rag_5,5,5,7,3,1,0,0.2,1.6094379124341003,0.8778000000000001,1044,49,0.28,0.37,0.15,0.2
902,0551ff3f7bfa48112cd866d1cb1b7aba1d784df1,1,rag_10,10,7,7,3,0,0,0.2,1.6094379124341003,0.8850000000000001,1259,49,0.4,0.25,0.15,0.2
902,0551ff3f7bfa48112cd866d1cb1b7aba1d784df1,1,rag_all_support,-1,7,7,3,0,0,0.2,1.6094379124341003,0.8850000000000001,1259,49,0.4,0.25,0.15,0.2
327,e3a8bfc4a5061d5a3b23086ea3aa1969b7416064,1,query_only,0,0,9,0,0,1,0.45,0.7985076962177716,0.405,503,49,0.45,0.2,0.15,0.2
327,e3a8bfc4a5061d5a3b23086ea3aa1969b7416064,1,rag_1,1,1,9,0,0,1,0.55,0.5978370007556204,0.26999999999999996,671,49,0.55,0.15,0.15,0.15
327,e3a8bfc4a5061d5a3b23086ea3aa1969b7416064,1,rag_3,3,3,9,0,0,1,0.45,0.7985076962177716,0.40500000000000014,994,49,0.45,0.15,0.2,0.2
327,e3a8bfc4a5061d5a3b23086ea3aa1969b7416064,1,rag_5,5,5,9,0,0,1,0.55,0.5978370007556204,0.26999999999999996,1309,49,0.55,0.15,0.15,0.15
327,e3a8bfc4a5061d5a3b23086ea3aa1969b7416064,1,rag_10,10,9,9,0,0,1,0.55,0.5978370007556204,0.26999999999999996,1795,49,0.55,0.15,0.15,0.15
327,e3a8bfc4a5061d5a3b23086ea3aa1969b7416064,1,rag_all_support,-1,9,9,0,0,1,0.55,0.5978370007556204,0.26999999999999996,1795,49,0.55,0.15,0.15,0.15
761,05913997ed3ae6fc098793ab887d2b1ba1a917d3,1,query_only,0,0,16,0,0,1,0.35,1.0498221244986778,0.5700000000000001,466,49,0.35,0.25,0.15,0.25
761,05913997ed3ae6fc098793ab887d2b1ba1a917d3,1,rag_1,1,1,16,0,0,1,0.35,1.0498221244986778,0.5700000000000001,548,49,0.35,0.25,0.15,0.25
761,05913997ed3ae6fc098793ab887d2b1ba1a917d3,1,rag_3,3,3,16,0,1,0,0.28,1.2729656758128873,0.7008000000000001,765,49,0.28,0.32,0.2,0.2
761,05913997ed3ae6fc098793ab887d2b1ba1a917d3,1,rag_5,5,5,16,0,0,1,0.36,1.0216512475319814,0.5536000000000001,957,49,0.36,0.28,0.16,0.2
761,05913997ed3ae6fc098793ab887d2b1ba1a917d3,1,rag_10,10,10,16,0,0,1,0.4,0.916290731874155,0.485,1458,49,0.4,0.25,0.15,0.2
761,05913997ed3ae6fc098793ab887d2b1ba1a917d3,1,rag_all_support,-1,16,16,0,0,1,0.35,1.0498221244986778,0.5700000000000001,2207,49,0.35,0.25,0.15,0.25
351,f44cfd645e93535459e2f88f0f5bcb5cd91773ad,2,query_only,0,0,16,2,1,0,0.25,1.3862943611198906,0.785,464,49,0.2,0.4,0.25,0.15
351,f44cfd645e93535459e2f88f0f5bcb5cd91773ad,2,rag_1,1,1,16,2,1,0,0.15,1.8971199848858813,1.035,567,49,0.2,0.5,0.15,0.15
351,f44cfd645e93535459e2f88f0f5bcb5cd91773ad,2,rag_3,3,3,16,2,1,0,0.25,1.3862943611198906,0.89,804,49,0.15,0.55,0.25,0.05
351,f44cfd645e93535459e2f88f0f5bcb5cd91773ad,2,rag_5,5,5,16,2,1,0,0.25,1.3862943611198906,0.845,1018,49,0.15,0.5,0.25,0.1
351,f44cfd645e93535459e2f88f0f5bcb5cd91773ad,2,rag_10,10,10,16,2,1,0,0.25,1.3862943611198906,0.89,1520,49,0.15,0.55,0.25,0.05
351,f44cfd645e93535459e2f88f0f5bcb5cd91773ad,2,rag_all_support,-1,16,16,2,1,0,0.19999999999999996,1.6094379124341005,0.9750000000000001,2319,49,0.14999999999999997,0.5499999999999999,0.19999999999999996,0.09999999999999998
849,a808c3ab6814ac340f53ba25743c59db6d9205b5,5,query_only,0,0,13,2,0,0,0.25,1.3862943611198906,0.885,494,49,0.55,0.1,0.25,0.1
849,a808c3ab6814ac340f53ba25743c59db6d9205b5,5,rag_1,1,1,13,2,0,0,0.25,1.3862943611198906,0.885,582,49,0.55,0.1,0.25,0.1
849,a808c3ab6814ac340f53ba25743c59db6d9205b5,5,rag_3,3,3,13,2,0,0,0.3,1.2039728043259361,0.8049999999999999,856,49,0.55,0.1,0.3,0.05
849,a808c3ab6814ac340f53ba25743c59db6d9205b5,5,rag_5,5,5,13,2,0,0,0.25,1.3862943611198906,0.89,1063,49,0.55,0.15,0.25,0.05
849,a808c3ab6814ac340f53ba25743c59db6d9205b5,5,rag_10,10,10,13,2,0,0,0.25,1.3862943611198906,0.885,1598,49,0.55,0.1,0.25,0.1
849,a808c3ab6814ac340f53ba25743c59db6d9205b5,5,rag_all_support,-1,13,13,2,0,0,0.25,1.3862943611198906,0.885,1959,49,0.55,0.1,0.25,0.1
44,11cca94cdd2f090e5ecf48c21a5c377c9b3e8d82,0,query_only,0,0,8,2,0,0,0.25,1.3862943611198906,0.75,451,49,0.25,0.25,0.25,0.25
44,11cca94cdd2f090e5ecf48c21a5c377c9b3e8d82,0,rag_1,1,1,8,2,0,0,0.25,1.3862943611198906,0.75,518,49,0.25,0.25,0.25,0.25
44,11cca94cdd2f090e5ecf48c21a5c377c9b3e8d82,0,rag_3,3,3,8,2,0,0,0.25,1.3862943611198906,0.75,725,49,0.25,0.25,0.25,0.25
44,11cca94cdd2f090e5ecf48c21a5c377c9b3e8d82,0,rag_5,5,5,8,2,0,0,0.25,1.3862943611198906,0.77,926,49,0.35,0.25,0.25,0.15
44,11cca94cdd2f090e5ecf48c21a5c377c9b3e8d82,0,rag_10,10,8,8,2,0,0,0.25,1.3862943611198906,0.75,1217,49,0.25,0.25,0.25,0.25
44,11cca94cdd2f090e5ecf48c21a5c377c9b3e8d82,0,rag_all_support,-1,8,8,2,0,0,0.25,1.3862943611198906,0.75,1217,49,0.25,0.25,0.25,0.25
451,5c53fa89a1a18b87abc3cb64df788ac927e2fffa,0,query_only,0,0,15,2,0,0,0.25,1.3862943611198906,0.75,487,49,0.25,0.25,0.25,0.25
451,5c53fa89a1a18b87abc3cb64df788ac927e2fffa,0,rag_1,1,1,15,2,0,0,0.25,1.3862943611198906,0.75,584,49,0.25,0.25,0.25,0.25
451,5c53fa89a1a18b87abc3cb64df788ac927e2fffa,0,rag_3,3,3,15,2,2,1,0.35,1.0498221244986778,0.5650000000000001,810,49,0.2,0.25,0.35,0.2
451,5c53fa89a1a18b87abc3cb64df788ac927e2fffa,0,rag_5,5,5,15,2,2,1,0.3,1.2039728043259361,0.655,1022,49,0.25,0.25,0.3,0.2
451,5c53fa89a1a18b87abc3cb64df788ac927e2fffa,0,rag_10,10,10,15,2,0,0,0.25,1.3862943611198906,0.75,1643,49,0.25,0.25,0.25,0.25
451,5c53fa89a1a18b87abc3cb64df788ac927e2fffa,0,rag_all_support,-1,15,15,2,0,0,0.25,1.3862943611198906,0.7518,2305,49,0.28,0.25,0.25,0.22
280,d4975b64bb2f2c8916b1faa99cd35ea2c7ff9957,2,query_only,0,0,6,1,0,0,0.25,1.3862943611198906,0.785,659,49,0.4,0.25,0.15,0.2
280,d4975b64bb2f2c8916b1faa99cd35ea2c7ff9957,2,rag_1,1,1,6,1,0,0,0.25,1.3862943611198906,0.845,905,49,0.5,0.25,0.15,0.1
280,d4975b64bb2f2c8916b1faa99cd35ea2c7ff9957,2,rag_3,3,3,6,1,0,0,0.28,1.2729656758128873,0.6944,1275,49,0.28,0.28,0.24,0.2
280,d4975b64bb2f2c8916b1faa99cd35ea2c7ff9957,2,rag_5,5,5,6,1,0,0,0.28,1.2729656758128873,0.7136,1605,49,0.32,0.28,0.28,0.12
280,d4975b64bb2f2c8916b1faa99cd35ea2c7ff9957,2,rag_10,10,6,6,1,0,0,0.25,1.3862943611198906,0.7658,1764,49,0.32,0.25,0.28,0.15
280,d4975b64bb2f2c8916b1faa99cd35ea2c7ff9957,2,rag_all_support,-1,6,6,1,0,0,0.25,1.3862943611198906,0.7658,1764,49,0.32,0.25,0.28,0.15
601,2b42eac586bab02f0c26baa30dae16cca63d994f,1,query_only,0,0,16,0,0,1,0.7,0.35667494393873245,0.12500000000000003,512,49,0.7,0.15,0.1,0.05
601,2b42eac586bab02f0c26baa30dae16cca63d994f,1,rag_1,1,1,16,0,0,1,0.55,0.5978370007556204,0.29,722,49,0.55,0.25,0.15,0.05
601,2b42eac586bab02f0c26baa30dae16cca63d994f,1,rag_3,3,3,16,0,0,1,0.55,0.5978370007556204,0.29,1129,49,0.55,0.25,0.15,0.05
601,2b42eac586bab02f0c26baa30dae16cca63d994f,1,rag_5,5,5,16,0,0,1,0.52,0.6539264674066639,0.33380000000000004,1374,49,0.52,0.28,0.15,0.05
601,2b42eac586bab02f0c26baa30dae16cca63d994f,1,rag_10,10,10,16,0,0,1,0.55,0.5978370007556204,0.29,1929,49,0.55,0.25,0.15,0.05
601,2b42eac586bab02f0c26baa30dae16cca63d994f,1,rag_all_support,-1,16,16,0,0,1,0.65,0.4307829160924542,0.19,2577,49,0.65,0.25,0.05,0.05
559,a15ce89252ab6b8fe6ca2aea2071861de284c77d,2,query_only,0,0,7,0,2,0,0.25,1.3862943611198906,0.755,454,49,0.25,0.25,0.3,0.2
559,a15ce89252ab6b8fe6ca2aea2071861de284c77d,2,rag_1,1,1,7,0,2,0,0.25,1.3862943611198906,0.7699999999999999,563,49,0.25,0.25,0.35,0.15
559,a15ce89252ab6b8fe6ca2aea2071861de284c77d,2,rag_3,3,3,7,0,2,0,0.25,1.3862943611198906,0.795,806,49,0.25,0.25,0.4,0.1
559,a15ce89252ab6b8fe6ca2aea2071861de284c77d,2,rag_5,5,5,7,0,2,0,0.25,1.3862943611198906,0.7699999999999999,1028,49,0.25,0.25,0.35,0.15
559,a15ce89252ab6b8fe6ca2aea2071861de284c77d,2,rag_10,10,7,7,0,2,0,0.2,1.6094379124341003,0.8850000000000001,1300,49,0.2,0.25,0.4,0.15
559,a15ce89252ab6b8fe6ca2aea2071861de284c77d,2,rag_all_support,-1,7,7,0,2,0,0.2,1.6094379124341003,0.8850000000000001,1300,49,0.2,0.25,0.4,0.15
522,052be3bfa06397c70a6215abc056096d97937bc8,2,query_only,0,0,14,1,1,1,0.4,0.916290731874155,0.515,561,49,0.35,0.4,0.1,0.15
522,052be3bfa06397c70a6215abc056096d97937bc8,2,rag_1,1,1,14,1,0,0,0.3999999999999999,0.9162907318741553,0.575,658,49,0.4499999999999999,0.3999999999999999,0.04999999999999999,0.09999999999999998
522,052be3bfa06397c70a6215abc056096d97937bc8,2,rag_3,3,3,14,1,0,0,0.35,1.0498221244986778,0.625,875,49,0.4,0.35,0.05,0.2
522,052be3bfa06397c70a6215abc056096d97937bc8,2,rag_5,5,5,14,1,0,0,0.35,1.0498221244986778,0.615,1086,49,0.4,0.35,0.15,0.1
522,052be3bfa06397c70a6215abc056096d97937bc8,2,rag_10,10,10,14,1,1,1,0.4,0.916290731874155,0.515,1662,49,0.35,0.4,0.1,0.15
522,052be3bfa06397c70a6215abc056096d97937bc8,2,rag_all_support,-1,14,14,1,1,1,0.4,0.916290731874155,0.515,2260,49,0.35,0.4,0.1,0.15
60,b792a7bcba08502c0b7e72bc6eb58f7ce96f146e,2,query_only,0,0,13,1,2,0,0.25,1.3862943611198906,0.755,400,49,0.25,0.25,0.3,0.2
60,b792a7bcba08502c0b7e72bc6eb58f7ce96f146e,2,rag_1,1,1,13,1,2,0,0.25,1.3862943611198906,0.755,501,49,0.25,0.25,0.3,0.2
60,b792a7bcba08502c0b7e72bc6eb58f7ce96f146e,2,rag_3,3,3,13,1,0,0,0.25,1.3862943611198906,0.75,693,49,0.25,0.25,0.25,0.25
60,b792a7bcba08502c0b7e72bc6eb58f7ce96f146e,2,rag_5,5,5,13,1,1,1,0.3,1.2039728043259361,0.6649999999999999,908,49,0.25,0.3,0.3,0.15
60,b792a7bcba08502c0b7e72bc6eb58f7ce96f146e,2,rag_10,10,10,13,1,1,1,0.3,1.2039728043259361,0.655,1469,49,0.25,0.3,0.25,0.2
60,b792a7bcba08502c0b7e72bc6eb58f7ce96f146e,2,rag_all_support,-1,13,13,1,0,0,0.25,1.3862943611198906,0.75,1827,49,0.25,0.25,0.25,0.25
692,1b817a5dd39be69da99aed1476ebd65b8c971f5d,5,query_only,0,0,17,2,1,0,0.25,1.3862943611198906,0.8099999999999999,580,49,0.15,0.45,0.25,0.15
692,1b817a5dd39be69da99aed1476ebd65b8c971f5d,5,rag_1,1,1,17,2,1,0,0.25,1.3862943611198906,0.8099999999999999,778,49,0.15,0.45,0.25,0.15
692,1b817a5dd39be69da99aed1476ebd65b8c971f5d,5,rag_3,3,3,17,2,1,0,0.25,1.3862943611198906,0.845,1126,49,0.15,0.5,0.25,0.1
692,1b817a5dd39be69da99aed1476ebd65b8c971f5d,5,rag_5,5,5,17,2,1,0,0.25,1.3862943611198906,0.8099999999999999,1429,49,0.15,0.45,0.25,0.15
692,1b817a5dd39be69da99aed1476ebd65b8c971f5d,5,rag_10,10,10,17,2,1,0,0.25,1.3862943611198906,0.845,1949,49,0.15,0.5,0.25,0.1
692,1b817a5dd39be69da99aed1476ebd65b8c971f5d,5,rag_all_support,-1,17,17,2,1,0,0.25,1.3862943611198906,0.885,2630,49,0.1,0.55,0.25,0.1
377,cb8ee5b99d626e54da2775f6381658a0ae021499,2,query_only,0,0,8,0,2,0,0.25,1.3862943611198906,0.785,508,49,0.25,0.15,0.4,0.2
377,cb8ee5b99d626e54da2775f6381658a0ae021499,2,rag_1,1,1,8,0,0,1,0.5499999999999999,0.5978370007556205,0.275,593,49,0.5499999999999999,0.14999999999999997,0.19999999999999996,0.09999999999999998
377,cb8ee5b99d626e54da2775f6381658a0ae021499,2,rag_3,3,3,8,0,0,1,0.45,0.7985076962177716,0.4100000000000001,818,49,0.45,0.15,0.25,0.15
377,cb8ee5b99d626e54da2775f6381658a0ae021499,2,rag_5,5,5,8,0,0,1,0.45,0.7985076962177716,0.4100000000000001,1041,49,0.45,0.15,0.25,0.15
377,cb8ee5b99d626e54da2775f6381658a0ae021499,2,rag_10,10,8,8,0,0,1,0.4,0.916290731874155,0.515,1347,49,0.4,0.1,0.35,0.15
377,cb8ee5b99d626e54da2775f6381658a0ae021499,2,rag_all_support,-1,8,8,0,0,1,0.4,0.916290731874155,0.515,1347,49,0.4,0.1,0.35,0.15
67,e9a341fbd3f5ce7cb2d02204a7e80419d7db0692,2,query_only,0,0,15,1,0,0,0.25,1.3862943611198906,0.75,451,49,0.25,0.25,0.25,0.25
67,e9a341fbd3f5ce7cb2d02204a7e80419d7db0692,2,rag_1,1,1,15,1,1,1,0.35,1.0498221244986778,0.5700000000000001,554,49,0.25,0.35,0.15,0.25
67,e9a341fbd3f5ce7cb2d02204a7e80419d7db0692,2,rag_3,3,3,15,1,1,1,0.35,1.0498221244986778,0.5700000000000001,753,49,0.25,0.35,0.15,0.25
67,e9a341fbd3f5ce7cb2d02204a7e80419d7db0692,2,rag_5,5,5,15,1,1,1,0.35,1.0498221244986778,0.5700000000000001,993,49,0.25,0.35,0.15,0.25
67,e9a341fbd3f5ce7cb2d02204a7e80419d7db0692,2,rag_10,10,10,15,1,0,0,0.25,1.3862943611198906,0.755,1536,49,0.3,0.25,0.25,0.2
67,e9a341fbd3f5ce7cb2d02204a7e80419d7db0692,2,rag_all_support,-1,15,15,1,1,1,0.35,1.0498221244986778,0.5700000000000001,2294,49,0.25,0.35,0.15,0.25
346,aae2450770900b70c991923796fedb2844934979,5,query_only,0,0,14,2,1,0,0.25,1.3862943611198906,0.77,482,49,0.25,0.35,0.25,0.15
346,aae2450770900b70c991923796fedb2844934979,5,rag_1,1,1,14,2,1,0,0.22,1.5141277326297755,0.8280000000000001,599,49,0.28,0.34,0.22,0.16
346,aae2450770900b70c991923796fedb2844934979,5,rag_3,3,3,14,2,0,0,0.30000000000000004,1.203972804325936,0.685,803,49,0.35000000000000003,0.25000000000000006,0.30000000000000004,0.10000000000000002
346,aae2450770900b70c991923796fedb2844934979,5,rag_5,5,5,14,2,1,0,0.25,1.3862943611198906,0.77,1018,49,0.25,0.35,0.25,0.15
346,aae2450770900b70c991923796fedb2844934979,5,rag_10,10,10,14,2,0,0,0.25,1.3862943611198906,0.75,1535,49,0.25,0.25,0.25,0.25
346,aae2450770900b70c991923796fedb2844934979,5,rag_all_support,-1,14,14,2,0,0,0.25,1.3862943611198906,0.75,1981,49,0.25,0.25,0.25,0.25
644,633e0b1604020b60878a313c14d7df36170fa5f1,5,query_only,0,0,13,0,2,0,0.25,1.3862943611198906,0.7699999999999999,450,49,0.25,0.25,0.35,0.15
644,633e0b1604020b60878a313c14d7df36170fa5f1,5,rag_1,1,1,13,0,2,0,0.15,1.8971199848858813,0.985,554,49,0.15,0.25,0.4,0.2
644,633e0b1604020b60878a313c14d7df36170fa5f1,5,rag_3,3,3,13,0,2,0,0.28,1.2729656758128873,0.6968,770,49,0.28,0.22,0.3,0.2
644,633e0b1604020b60878a313c14d7df36170fa5f1,5,rag_5,5,5,13,0,0,1,0.28,1.2729656758128873,0.6954,990,49,0.28,0.25,0.28,0.19
644,633e0b1604020b60878a313c14d7df36170fa5f1,5,rag_10,10,10,13,0,2,0,0.28,1.2729656758128873,0.6968,1593,49,0.28,0.22,0.3,0.2
644,633e0b1604020b60878a313c14d7df36170fa5f1,5,rag_all_support,-1,13,13,0,2,0,0.25,1.3862943611198906,0.7699999999999999,2009,49,0.25,0.25,0.35,0.15
529,09b1c68890589d79268494990e88d56b86e242bb,3,query_only,0,0,14,3,1,0,0.25,1.3862943611198906,0.81,474,49,0.15,0.45,0.15,0.25
529,09b1c68890589d79268494990e88d56b86e242bb,3,rag_1,1,1,14,3,1,0,0.15,1.8971199848858813,1.07,575,49,0.15,0.55,0.15,0.15
529,09b1c68890589d79268494990e88d56b86e242bb,3,rag_3,3,3,14,3,1,0,0.25,1.3862943611198906,0.81,801,49,0.15,0.45,0.15,0.25
529,09b1c68890589d79268494990e88d56b86e242bb,3,rag_5,5,5,14,3,1,0,0.15,1.8971199848858813,1.07,1041,49,0.15,0.55,0.15,0.15
529,09b1c68890589d79268494990e88d56b86e242bb,3,rag_10,10,10,14,3,1,0,0.25,1.3862943611198906,0.795,1512,49,0.25,0.4,0.1,0.25
529,09b1c68890589d79268494990e88d56b86e242bb,3,rag_all_support,-1,14,14,3,1,0,0.25,1.3862943611198906,0.81,2008,49,0.15,0.45,0.15,0.25
218,fc2c011f3e359ea72e80246089f159f4b051a9cd,5,query_only,0,0,11,3,0,0,0.15,1.8971199848858813,0.97,517,49,0.35,0.25,0.25,0.15
218,fc2c011f3e359ea72e80246089f159f4b051a9cd,5,rag_1,1,1,11,3,0,0,0.15,1.8971199848858813,0.985,643,49,0.4,0.25,0.2,0.15
218,fc2c011f3e359ea72e80246089f159f4b051a9cd,5,rag_3,3,3,11,3,0,0,0.15,1.8971199848858813,1.07,879,49,0.55,0.15,0.15,0.15
218,fc2c011f3e359ea72e80246089f159f4b051a9cd,5,rag_5,5,5,11,3,0,0,0.17,1.7719568419318752,0.9505999999999999,1122,49,0.42,0.18,0.23,0.17
218,fc2c011f3e359ea72e80246089f159f4b051a9cd,5,rag_10,10,10,11,3,0,0,0.15,1.8971199848858813,1.035,1656,49,0.5,0.15,0.2,0.15
218,fc2c011f3e359ea72e80246089f159f4b051a9cd,5,rag_all_support,-1,11,11,3,0,0,0.2,1.6094379124341003,0.9050000000000001,1748,49,0.45,0.2,0.15,0.2
213,95fc1e5ef3d942bdb5fe4062f15ba678ee2be988,1,query_only,0,0,11,1,2,0,0.25,1.3862943611198906,0.795,501,49,0.25,0.25,0.4,0.1
213,95fc1e5ef3d942bdb5fe4062f15ba678ee2be988,1,rag_1,1,1,11,1,2,0,0.25,1.3862943611198906,0.755,584,49,0.25,0.25,0.3,0.2
213,95fc1e5ef3d942bdb5fe4062f15ba678ee2be988,1,rag_3,3,3,11,1,2,0,0.25,1.3862943611198906,0.7699999999999999,815,49,0.25,0.25,0.35,0.15
213,95fc1e5ef3d942bdb5fe4062f15ba678ee2be988,1,rag_5,5,5,11,1,2,0,0.25,1.3862943611198906,0.755,1017,49,0.25,0.25,0.3,0.2
213,95fc1e5ef3d942bdb5fe4062f15ba678ee2be988,1,rag_10,10,10,11,1,2,0,0.25,1.3862943611198906,0.755,1551,49,0.25,0.25,0.3,0.2
213,95fc1e5ef3d942bdb5fe4062f15ba678ee2be988,1,rag_all_support,-1,11,11,1,2,0,0.25,1.3862943611198906,0.755,1674,49,0.25,0.25,0.3,0.2
299,9355fc9c3a13b99b3a7b8770098d0f42e0c4c392,1,query_only,0,0,5,1,0,0,0.2,1.6094379124341003,0.9050000000000001,724,49,0.45,0.2,0.15,0.2
299,9355fc9c3a13b99b3a7b8770098d0f42e0c4c392,1,rag_1,1,1,5,1,0,0,0.15,1.8971199848858813,0.9949999999999999,878,49,0.4,0.15,0.15,0.3
299,9355fc9c3a13b99b3a7b8770098d0f42e0c4c392,1,rag_3,3,3,5,1,0,0,0.28,1.2729656758128873,0.7415999999999999,1108,49,0.42,0.28,0.12,0.18
299,9355fc9c3a13b99b3a7b8770098d0f42e0c4c392,1,rag_5,5,5,5,1,0,0,0.15,1.8971199848858813,1.0699999999999998,1396,49,0.55,0.15,0.15,0.15
299,9355fc9c3a13b99b3a7b8770098d0f42e0c4c392,1,rag_10,10,5,5,1,0,0,0.15,1.8971199848858813,1.0699999999999998,1396,49,0.55,0.15,0.15,0.15
299,9355fc9c3a13b99b3a7b8770098d0f42e0c4c392,1,rag_all_support,-1,5,5,1,0,0,0.15,1.8971199848858813,1.0699999999999998,1396,49,0.55,0.15,0.15,0.15
737,47f5303fde52ec2623e54bcf440b3013c9c480d5,0,query_only,0,0,8,0,0,1,0.4,0.916290731874155,0.495,470,49,0.4,0.1,0.25,0.25
737,47f5303fde52ec2623e54bcf440b3013c9c480d5,0,rag_1,1,1,8,0,0,1,0.55,0.5978370007556204,0.26999999999999996,661,49,0.55,0.15,0.15,0.15
737,47f5303fde52ec2623e54bcf440b3013c9c480d5,0,rag_3,3,3,8,0,0,1,0.5,0.6931471805599453,0.3350000000000001,1071,49,0.5,0.15,0.15,0.2
737,47f5303fde52ec2623e54bcf440b3013c9c480d5,0,rag_5,5,5,8,0,3,0,0.25,1.3862943611198906,0.7699999999999999,1268,49,0.25,0.15,0.25,0.35
737,47f5303fde52ec2623e54bcf440b3013c9c480d5,0,rag_10,10,8,8,0,3,0,0.25,1.3862943611198906,0.7699999999999999,1575,49,0.25,0.15,0.25,0.35
737,47f5303fde52ec2623e54bcf440b3013c9c480d5,0,rag_all_support,-1,8,8,0,3,0,0.25,1.3862943611198906,0.7699999999999999,1575,49,0.25,0.15,0.25,0.35
244,3ac3cbd844b057b8f58548d0dcbe1dd8586a5dc5,2,query_only,0,0,9,0,0,1,0.3999999999999999,0.9162907318741553,0.5,368,49,0.3999999999999999,0.19999999999999996,0.29999999999999993,0.09999999999999998
244,3ac3cbd844b057b8f58548d0dcbe1dd8586a5dc5,2,rag_1,1,1,9,0,0,1,0.3999999999999999,0.9162907318741553,0.5,468,49,0.3999999999999999,0.19999999999999996,0.29999999999999993,0.09999999999999998
244,3ac3cbd844b057b8f58548d0dcbe1dd8586a5dc5,2,rag_3,3,3,9,0,0,1,0.35000000000000003,1.0498221244986776,0.585,661,49,0.35000000000000003,0.25000000000000006,0.30000000000000004,0.10000000000000002
244,3ac3cbd844b057b8f58548d0dcbe1dd8586a5dc5,2,rag_5,5,5,9,0,0,1,0.4,0.916290731874155,0.49500000000000005,927,49,0.4,0.15,0.3,0.15
244,3ac3cbd844b057b8f58548d0dcbe1dd8586a5dc5,2,rag_10,10,9,9,0,0,1,0.4,0.916290731874155,0.49500000000000005,1385,49,0.4,0.15,0.3,0.15
244,3ac3cbd844b057b8f58548d0dcbe1dd8586a5dc5,2,rag_all_support,-1,9,9,0,0,1,0.4,0.916290731874155,0.49500000000000005,1385,49,0.4,0.15,0.3,0.15
740,dc1ecf5d68b558c019aaada7f9724c2779f8e373,6,query_only,0,0,15,2,0,0,0.25,1.3862943611198906,0.75,449,49,0.25,0.25,0.25,0.25
740,dc1ecf5d68b558c019aaada7f9724c2779f8e373,6,rag_1,1,1,15,2,0,0,0.25,1.3862943611198906,0.77,543,49,0.35,0.25,0.25,0.15
740,dc1ecf5d68b558c019aaada7f9724c2779f8e373,6,rag_3,3,3,15,2,0,0,0.25,1.3862943611198906,0.77,759,49,0.35,0.25,0.25,0.15
740,dc1ecf5d68b558c019aaada7f9724c2779f8e373,6,rag_5,5,5,15,2,1,0,0.25,1.3862943611198906,0.755,969,49,0.25,0.3,0.25,0.2
740,dc1ecf5d68b558c019aaada7f9724c2779f8e373,6,rag_10,10,10,15,2,0,0,0.25,1.3862943611198906,0.755,1500,49,0.3,0.25,0.25,0.2
740,dc1ecf5d68b558c019aaada7f9724c2779f8e373,6,rag_all_support,-1,15,15,2,2,1,0.4,0.916290731874155,0.485,2363,49,0.25,0.15,0.4,0.2
689,e5996de1bc3810a74445e91a813fade1e94bd9f1,2,query_only,0,0,14,1,0,0,0.15,1.8971199848858813,1.0699999999999998,497,49,0.55,0.15,0.15,0.15
689,e5996de1bc3810a74445e91a813fade1e94bd9f1,2,rag_1,1,1,14,1,0,0,0.25000000000000006,1.3862943611198904,0.7938,636,49,0.42000000000000004,0.25000000000000006,0.18000000000000002,0.15000000000000002
689,e5996de1bc3810a74445e91a813fade1e94bd9f1,2,rag_3,3,3,14,1,0,0,0.25,1.3862943611198906,0.8899999999999999,833,49,0.55,0.25,0.15,0.05
689,e5996de1bc3810a74445e91a813fade1e94bd9f1,2,rag_5,5,5,14,1,0,0,0.18,1.7147984280919266,1.0376,1044,49,0.58,0.18,0.12,0.12
689,e5996de1bc3810a74445e91a813fade1e94bd9f1,2,rag_10,10,10,14,1,0,0,0.15,1.8971199848858813,1.0699999999999998,1489,49,0.55,0.15,0.15,0.15
689,e5996de1bc3810a74445e91a813fade1e94bd9f1,2,rag_all_support,-1,14,14,1,0,0,0.12,2.120263536200091,1.1558,1888,49,0.58,0.12,0.15,0.15
649,a6be46aef2e5649fefd1180833a9610525d8fb15,1,query_only,0,0,15,0,0,1,0.58,0.5447271754416722,0.2358,507,49,0.58,0.12,0.15,0.15
649,a6be46aef2e5649fefd1180833a9610525d8fb15,1,rag_1,1,1,15,0,0,1,0.55,0.5978370007556204,0.29,656,49,0.55,0.15,0.25,0.05
649,a6be46aef2e5649fefd1180833a9610525d8fb15,1,rag_3,3,3,15,0,0,1,0.5800000000000001,0.5447271754416719,0.24079999999999996,932,49,0.5800000000000001,0.12000000000000001,0.20000000000000004,0.10000000000000002
649,a6be46aef2e5649fefd1180833a9610525d8fb15,1,rag_5,5,5,15,0,0,1,0.5499999999999999,0.5978370007556205,0.275,1160,49,0.5499999999999999,0.14999999999999997,0.19999999999999996,0.09999999999999998
649,a6be46aef2e5649fefd1180833a9610525d8fb15,1,rag_10,10,10,15,0,0,1,0.5499999999999999,0.5978370007556205,0.275,1706,49,0.5499999999999999,0.14999999999999997,0.19999999999999996,0.09999999999999998
649,a6be46aef2e5649fefd1180833a9610525d8fb15,1,rag_all_support,-1,15,15,0,0,1,0.52,0.6539264674066639,0.329,2233,49,0.52,0.11,0.28,0.09
76,7e992cf32d26e3bf578caa8dc68b0377e50e5d1f,4,query_only,0,0,17,2,0,0,0.25,1.3862943611198906,0.75,472,49,0.25,0.25,0.25,0.25
76,7e992cf32d26e3bf578caa8dc68b0377e50e5d1f,4,rag_1,1,1,17,2,2,1,0.3,1.2039728043259361,0.6568,558,49,0.28,0.22,0.3,0.2
76,7e992cf32d26e3bf578caa8dc68b0377e50e5d1f,4,rag_3,3,3,17,2,0,0,0.25,1.3862943611198906,0.77,765,49,0.35,0.25,0.25,0.15
76,7e992cf32d26e3bf578caa8dc68b0377e50e5d1f,4,rag_5,5,5,17,2,1,0,0.25,1.3862943611198906,0.755,979,49,0.25,0.3,0.25,0.2
76,7e992cf32d26e3bf578caa8dc68b0377e50e5d1f,4,rag_10,10,10,17,2,0,0,0.25,1.3862943611198906,0.75,1657,49,0.25,0.25,0.25,0.25
76,7e992cf32d26e3bf578caa8dc68b0377e50e5d1f,4,rag_all_support,-1,17,17,2,2,1,0.35,1.0498221244986778,0.5650000000000001,2622,49,0.25,0.2,0.35,0.2
767,a8d2d9e006e3d65359af06482781cb7de9c0113b,2,query_only,0,0,7,0,0,1,0.25,1.3862943611198906,0.75,462,49,0.25,0.25,0.25,0.25
767,a8d2d9e006e3d65359af06482781cb7de9c0113b,2,rag_1,1,1,7,0,1,0,0.28,1.2729656758128873,0.7303999999999999,546,49,0.28,0.4,0.18,0.14
767,a8d2d9e006e3d65359af06482781cb7de9c0113b,2,rag_3,3,3,7,0,1,0,0.35,1.0498221244986778,0.615,751,49,0.35,0.4,0.15,0.1
767,a8d2d9e006e3d65359af06482781cb7de9c0113b,2,rag_5,5,5,7,0,1,0,0.35,1.0498221244986778,0.615,977,49,0.35,0.4,0.15,0.1
767,a8d2d9e006e3d65359af06482781cb7de9c0113b,2,rag_10,10,7,7,0,1,0,0.25,1.3862943611198906,0.7699999999999999,1225,49,0.25,0.35,0.15,0.25
767,a8d2d9e006e3d65359af06482781cb7de9c0113b,2,rag_all_support,-1,7,7,0,1,0,0.25,1.3862943611198906,0.7699999999999999,1225,49,0.25,0.35,0.15,0.25
439,c6d6dc18e19aa5d7dcc32d1611a8c32b59b07833,2,query_only,0,0,19,0,0,1,0.28,1.2729656758128873,0.692,408,49,0.28,0.22,0.24,0.26
439,c6d6dc18e19aa5d7dcc32d1611a8c32b59b07833,2,rag_1,1,1,19,0,2,0,0.25,1.3862943611198906,0.7649999999999999,501,49,0.25,0.15,0.3,0.3
439,c6d6dc18e19aa5d7dcc32d1611a8c32b59b07833,2,rag_3,3,3,19,0,0,1,0.25,1.3862943611198906,0.75,729,49,0.25,0.25,0.25,0.25
439,c6d6dc18e19aa5d7dcc32d1611a8c32b59b07833,2,rag_5,5,5,19,0,0,1,0.25,1.3862943611198906,0.75,918,49,0.25,0.25,0.25,0.25
439,c6d6dc18e19aa5d7dcc32d1611a8c32b59b07833,2,rag_10,10,10,19,0,0,1,0.25,1.3862943611198906,0.75,1476,49,0.25,0.25,0.25,0.25
439,c6d6dc18e19aa5d7dcc32d1611a8c32b59b07833,2,rag_all_support,-1,19,19,0,0,1,0.25,1.3862943611198906,0.75,2881,49,0.25,0.25,0.25,0.25
584,4db6d1b4998fd007b6104d256dbc65a013ee5a5b,0,query_only,0,0,11,2,0,0,0.28,1.2729656758128873,0.7255999999999999,396,49,0.38,0.22,0.28,0.12
584,4db6d1b4998fd007b6104d256dbc65a013ee5a5b,0,rag_1,1,1,11,2,0,0,0.15,1.8971199848858813,1.0699999999999998,491,49,0.55,0.15,0.15,0.15
584,4db6d1b4998fd007b6104d256dbc65a013ee5a5b,0,rag_3,3,3,11,2,0,0,0.19999999999999996,1.6094379124341005,0.9750000000000001,711,49,0.5499999999999999,0.14999999999999997,0.19999999999999996,0.09999999999999998
584,4db6d1b4998fd007b6104d256dbc65a013ee5a5b,0,rag_5,5,5,11,2,0,0,0.25,1.3862943611198906,0.75,912,49,0.25,0.25,0.25,0.25
584,4db6d1b4998fd007b6104d256dbc65a013ee5a5b,0,rag_10,10,10,11,2,0,0,0.3,1.2039728043259361,0.6749999999999999,1371,49,0.35,0.15,0.3,0.2
584,4db6d1b4998fd007b6104d256dbc65a013ee5a5b,0,rag_all_support,-1,11,11,2,0,0,0.25,1.3862943611198906,0.77,1514,49,0.35,0.25,0.25,0.15
261,9a708ad2abe8bf839f398a6f38c3b07c53cc5012,2,query_only,0,0,8,1,0,0,0.2,1.6094379124341003,0.9750000000000001,648,49,0.55,0.2,0.1,0.15
261,9a708ad2abe8bf839f398a6f38c3b07c53cc5012,2,rag_1,1,1,8,1,0,0,0.15,1.8971199848858813,1.0699999999999998,812,49,0.55,0.15,0.15,0.15
261,9a708ad2abe8bf839f398a6f38c3b07c53cc5012,2,rag_3,3,3,8,1,0,0,0.15,1.8971199848858813,1.0699999999999998,1205,49,0.55,0.15,0.15,0.15
261,9a708ad2abe8bf839f398a6f38c3b07c53cc5012,2,rag_5,5,5,8,1,0,0,0.15,1.8971199848858813,1.115,1858,49,0.6,0.15,0.15,0.1
261,9a708ad2abe8bf839f398a6f38c3b07c53cc5012,2,rag_10,10,8,8,1,0,0,0.2,1.6094379124341003,0.9750000000000001,2406,49,0.55,0.2,0.1,0.15
261,9a708ad2abe8bf839f398a6f38c3b07c53cc5012,2,rag_all_support,-1,8,8,1,0,0,0.2,1.6094379124341003,0.9750000000000001,2406,49,0.55,0.2,0.1,0.15
595,f242d0e0f8242e2eef22114b88d8fab2c589e3bd,6,query_only,0,0,17,2,0,0,0.25,1.3862943611198906,0.8099999999999999,514,49,0.45,0.15,0.25,0.15
595,f242d0e0f8242e2eef22114b88d8fab2c589e3bd,6,rag_1,1,1,17,2,0,0,0.15,1.8971199848858813,1.01,690,49,0.45,0.25,0.15,0.15
595,f242d0e0f8242e2eef22114b88d8fab2c589e3bd,6,rag_3,3,3,17,2,0,0,0.2,1.6094379124341003,0.8850000000000001,900,49,0.4,0.25,0.2,0.15
595,f242d0e0f8242e2eef22114b88d8fab2c589e3bd,6,rag_5,5,5,17,2,0,0,0.25,1.3862943611198906,0.7938,1184,49,0.42,0.18,0.25,0.15
595,f242d0e0f8242e2eef22114b88d8fab2c589e3bd,6,rag_10,10,10,17,2,0,0,0.15,1.8971199848858813,1.0699999999999998,1716,49,0.55,0.15,0.15,0.15
595,f242d0e0f8242e2eef22114b88d8fab2c589e3bd,6,rag_all_support,-1,17,17,2,0,0,0.19999999999999996,1.6094379124341005,0.9750000000000001,2613,49,0.5499999999999999,0.14999999999999997,0.19999999999999996,0.09999999999999998
899,16283e0737a07d0a31b3e6cc8e1222c6d02de9d0,2,query_only,0,0,17,2,1,0,0.15,1.8971199848858813,1.01,499,49,0.25,0.45,0.15,0.15
899,16283e0737a07d0a31b3e6cc8e1222c6d02de9d0,2,rag_1,1,1,17,2,1,0,0.15,1.8971199848858813,1.015,627,49,0.35,0.4,0.15,0.1
899,16283e0737a07d0a31b3e6cc8e1222c6d02de9d0,2,rag_3,3,3,17,2,1,0,0.20000000000000004,1.6094379124341003,0.915,851,49,0.25000000000000006,0.45000000000000007,0.20000000000000004,0.10000000000000002
899,16283e0737a07d0a31b3e6cc8e1222c6d02de9d0,2,rag_5,5,5,17,2,1,0,0.12,2.120263536200091,1.0615999999999999,1053,49,0.28,0.42,0.12,0.18
899,16283e0737a07d0a31b3e6cc8e1222c6d02de9d0,2,rag_10,10,10,17,2,1,0,0.15,1.8971199848858813,1.01,1683,49,0.25,0.45,0.15,0.15
899,16283e0737a07d0a31b3e6cc8e1222c6d02de9d0,2,rag_all_support,-1,17,17,2,1,0,0.15,1.8971199848858813,0.985,2557,49,0.25,0.4,0.15,0.2
382,5fefaa04061dde7cb0dbbb49b9c5ae265d73ea61,5,query_only,0,0,12,3,1,0,0.2,1.6094379124341003,0.8850000000000001,476,49,0.25,0.4,0.15,0.2
382,5fefaa04061dde7cb0dbbb49b9c5ae265d73ea61,5,rag_1,1,1,12,3,0,0,0.15,1.8971199848858813,1.01,604,49,0.45,0.25,0.15,0.15
382,5fefaa04061dde7cb0dbbb49b9c5ae265d73ea61,5,rag_3,3,3,12,3,1,0,0.2,1.6094379124341003,0.8850000000000001,808,49,0.25,0.4,0.15,0.2
382,5fefaa04061dde7cb0dbbb49b9c5ae265d73ea61,5,rag_5,5,5,12,3,1,0,0.25,1.3862943611198906,0.77,1005,49,0.25,0.35,0.15,0.25
382,5fefaa04061dde7cb0dbbb49b9c5ae265d73ea61,5,rag_10,10,10,12,3,1,0,0.3,1.2039728043259361,0.6649999999999999,1630,49,0.25,0.3,0.15,0.3
382,5fefaa04061dde7cb0dbbb49b9c5ae265d73ea61,5,rag_all_support,-1,12,12,3,1,0,0.25,1.3862943611198906,0.77,1924,49,0.25,0.35,0.15,0.25
363,9631230f119fd4ffd426d1fc008f4e392b95b5f8,1,query_only,0,0,9,2,0,0,0.15,1.8971199848858813,1.0699999999999998,440,49,0.55,0.15,0.15,0.15
363,9631230f119fd4ffd426d1fc008f4e392b95b5f8,1,rag_1,1,1,9,2,0,0,0.15,1.8971199848858813,1.0699999999999998,532,49,0.55,0.15,0.15,0.15
363,9631230f119fd4ffd426d1fc008f4e392b95b5f8,1,rag_3,3,3,9,2,0,0,0.19999999999999996,1.6094379124341005,0.9750000000000001,746,49,0.5499999999999999,0.14999999999999997,0.19999999999999996,0.09999999999999998
363,9631230f119fd4ffd426d1fc008f4e392b95b5f8,1,rag_5,5,5,9,2,0,0,0.19999999999999996,1.6094379124341005,0.9750000000000001,944,49,0.5499999999999999,0.14999999999999997,0.19999999999999996,0.09999999999999998
363,9631230f119fd4ffd426d1fc008f4e392b95b5f8,1,rag_10,10,9,9,2,0,0,0.15,1.8971199848858813,1.0699999999999998,1596,49,0.55,0.15,0.15,0.15
363,9631230f119fd4ffd426d1fc008f4e392b95b5f8,1,rag_all_support,-1,9,9,2,0,0,0.15,1.8971199848858813,1.0699999999999998,1596,49,0.55,0.15,0.15,0.15
527,88b331452c92cede891474574b4645dcfb8fac13,0,query_only,0,0,11,2,0,0,0.18000000000000002,1.7147984280919266,0.9319999999999999,488,49,0.42000000000000004,0.24000000000000002,0.18000000000000002,0.16000000000000003
527,88b331452c92cede891474574b4645dcfb8fac13,0,rag_1,1,1,11,2,0,0,0.20000000000000004,1.6094379124341003,0.915,581,49,0.45000000000000007,0.25000000000000006,0.20000000000000004,0.10000000000000002
527,88b331452c92cede891474574b4645dcfb8fac13,0,rag_3,3,3,11,2,0,0,0.25,1.3862943611198906,0.77,792,49,0.35,0.25,0.25,0.15
527,88b331452c92cede891474574b4645dcfb8fac13,0,rag_5,5,5,11,2,0,0,0.25,1.3862943611198906,0.8099999999999999,1047,49,0.45,0.15,0.25,0.15
527,88b331452c92cede891474574b4645dcfb8fac13,0,rag_10,10,10,11,2,0,0,0.2,1.6094379124341003,0.8850000000000001,1620,49,0.4,0.25,0.2,0.15
527,88b331452c92cede891474574b4645dcfb8fac13,0,rag_all_support,-1,11,11,2,2,1,0.35,1.0498221244986778,0.5700000000000001,1719,49,0.25,0.15,0.35,0.25
867,407e45db18b47fe60dc5f60c32d9f10f67c97443,5,query_only,0,0,14,0,0,1,0.45,0.7985076962177716,0.44500000000000006,550,49,0.45,0.35,0.1,0.1
867,407e45db18b47fe60dc5f60c32d9f10f67c97443,5,rag_1,1,1,14,0,0,1,0.55,0.5978370007556204,0.285,648,49,0.55,0.25,0.1,0.1
867,407e45db18b47fe60dc5f60c32d9f10f67c97443,5,rag_3,3,3,14,0,0,1,0.4,0.916290731874155,0.48500000000000004,855,49,0.4,0.25,0.2,0.15
867,407e45db18b47fe60dc5f60c32d9f10f67c97443,5,rag_5,5,5,14,0,0,1,0.35,1.0498221244986778,0.5650000000000001,1093,49,0.35,0.25,0.2,0.2
867,407e45db18b47fe60dc5f60c32d9f10f67c97443,5,rag_10,10,10,14,0,1,0,0.25,1.3862943611198906,0.765,1644,49,0.25,0.35,0.2,0.2
867,407e45db18b47fe60dc5f60c32d9f10f67c97443,5,rag_all_support,-1,14,14,0,0,1,0.55,0.5978370007556204,0.285,2261,49,0.55,0.25,0.1,0.1
332,2d1af8a9160a0d7eb22a7fab7937c5299f97d7fa,1,query_only,0,0,4,1,0,0,0.15,1.8971199848858813,0.9949999999999999,634,49,0.4,0.15,0.15,0.3
332,2d1af8a9160a0d7eb22a7fab7937c5299f97d7fa,1,rag_1,1,1,4,1,0,0,0.15,1.8971199848858813,0.985,794,49,0.4,0.15,0.25,0.2
332,2d1af8a9160a0d7eb22a7fab7937c5299f97d7fa,1,rag_3,3,3,4,1,0,0,0.15,1.8971199848858813,0.985,1118,49,0.4,0.15,0.25,0.2
332,2d1af8a9160a0d7eb22a7fab7937c5299f97d7fa,1,rag_5,5,4,4,1,0,0,0.22,1.5141277326297755,0.8456,1302,49,0.38,0.22,0.28,0.12
332,2d1af8a9160a0d7eb22a7fab7937c5299f97d7fa,1,rag_10,10,4,4,1,0,0,0.22,1.5141277326297755,0.8456,1302,49,0.38,0.22,0.28,0.12
332,2d1af8a9160a0d7eb22a7fab7937c5299f97d7fa,1,rag_all_support,-1,4,4,1,0,0,0.22,1.5141277326297755,0.8456,1302,49,0.38,0.22,0.28,0.12
901,5ab2a458bf8970068a2677ea9608c8ccaebd57b3,0,query_only,0,0,15,3,1,0,0.2,1.6094379124341003,0.8850000000000001,478,49,0.25,0.4,0.15,0.2
901,5ab2a458bf8970068a2677ea9608c8ccaebd57b3,0,rag_1,1,1,15,3,1,0,0.15,1.8971199848858813,1.01,580,49,0.25,0.45,0.15,0.15
901,5ab2a458bf8970068a2677ea9608c8ccaebd57b3,0,rag_3,3,3,15,3,1,0,0.15,1.8971199848858813,0.985,794,49,0.25,0.4,0.2,0.15
901,5ab2a458bf8970068a2677ea9608c8ccaebd57b3,0,rag_5,5,5,15,3,1,0,0.15,1.8971199848858813,0.9949999999999999,988,49,0.3,0.4,0.15,0.15
901,5ab2a458bf8970068a2677ea9608c8ccaebd57b3,0,rag_10,10,10,15,3,1,0,0.2,1.6094379124341003,0.8850000000000001,1643,49,0.25,0.4,0.15,0.2
901,5ab2a458bf8970068a2677ea9608c8ccaebd57b3,0,rag_all_support,-1,15,15,3,1,0,0.2,1.6094379124341003,0.8650000000000001,2282,49,0.25,0.35,0.2,0.2
936,611fa2b5f2997228d37edb52ee4344e85f3d280e,2,query_only,0,0,19,3,2,0,0.2,1.6094379124341003,0.8550000000000001,441,49,0.25,0.25,0.3,0.2
936,611fa2b5f2997228d37edb52ee4344e85f3d280e,2,rag_1,1,1,19,3,2,0,0.2,1.6094379124341003,0.8850000000000001,528,49,0.25,0.15,0.4,0.2
936,611fa2b5f2997228d37edb52ee4344e85f3d280e,2,rag_3,3,3,19,3,0,0,0.15,1.8971199848858813,0.97,834,49,0.35,0.25,0.25,0.15
936,611fa2b5f2997228d37edb52ee4344e85f3d280e,2,rag_5,5,5,19,3,0,0,0.1,2.3025850929940455,1.0950000000000002,1004,49,0.4,0.25,0.25,0.1
936,611fa2b5f2997228d37edb52ee4344e85f3d280e,2,rag_10,10,10,19,3,0,0,0.15,1.8971199848858813,0.97,1616,49,0.35,0.25,0.25,0.15
936,611fa2b5f2997228d37edb52ee4344e85f3d280e,2,rag_all_support,-1,19,19,3,1,0,0.15,1.8971199848858813,0.97,2730,49,0.25,0.35,0.25,0.15
570,7fb4f9bd178373f9f9dc42981f7f5ff014a63dc0,1,query_only,0,0,9,2,1,0,0.30000000000000004,1.203972804325936,0.685,469,49,0.25000000000000006,0.35000000000000003,0.30000000000000004,0.10000000000000002
570,7fb4f9bd178373f9f9dc42981f7f5ff014a63dc0,1,rag_1,1,1,9,2,1,0,0.25,1.3862943611198906,0.77,570,49,0.25,0.35,0.25,0.15
570,7fb4f9bd178373f9f9dc42981f7f5ff014a63dc0,1,rag_3,3,3,9,2,1,0,0.25,1.3862943611198906,0.77,737,49,0.25,0.35,0.25,0.15
570,7fb4f9bd178373f9f9dc42981f7f5ff014a63dc0,1,rag_5,5,5,9,2,1,0,0.25,1.3862943611198906,0.77,944,49,0.25,0.35,0.25,0.15
570,7fb4f9bd178373f9f9dc42981f7f5ff014a63dc0,1,rag_10,10,9,9,2,2,1,0.35,1.0498221244986778,0.5850000000000001,1412,49,0.25,0.3,0.35,0.1
570,7fb4f9bd178373f9f9dc42981f7f5ff014a63dc0,1,rag_all_support,-1,9,9,2,2,1,0.35,1.0498221244986778,0.5850000000000001,1412,49,0.25,0.3,0.35,0.1
985,ec9a9e9db0a27e021516a6b32b58bc4312ba254e,3,query_only,0,0,11,0,3,0,0.25,1.3862943611198906,0.7699999999999999,455,49,0.25,0.15,0.25,0.35
985,ec9a9e9db0a27e021516a6b32b58bc4312ba254e,3,rag_1,1,1,11,0,0,1,0.25,1.3862943611198906,0.75,577,49,0.25,0.25,0.25,0.25
985,ec9a9e9db0a27e021516a6b32b58bc4312ba254e,3,rag_3,3,3,11,0,2,0,0.25,1.3862943611198906,0.7649999999999999,805,49,0.25,0.15,0.3,0.3
985,ec9a9e9db0a27e021516a6b32b58bc4312ba254e,3,rag_5,5,5,11,0,3,0,0.25,1.3862943611198906,0.7699999999999999,1147,49,0.25,0.15,0.25,0.35
985,ec9a9e9db0a27e021516a6b32b58bc4312ba254e,3,rag_10,10,10,11,0,0,1,0.25,1.3862943611198906,0.75,1756,49,0.25,0.25,0.25,0.25
985,ec9a9e9db0a27e021516a6b32b58bc4312ba254e,3,rag_all_support,-1,11,11,0,3,0,0.25,1.3862943611198906,0.755,1844,49,0.25,0.25,0.2,0.3
30,43b4532eef1f185ec65202174bb75c381f7fa550,5,query_only,0,0,13,3,0,0,0.1,2.3025850929940455,1.1528,601,49,0.42,0.08,0.4,0.1
30,43b4532eef1f185ec65202174bb75c381f7fa550,5,rag_1,1,1,13,3,0,0,0.15,1.8971199848858813,1.0899999999999999,696,49,0.55,0.05,0.25,0.15
30,43b4532eef1f185ec65202174bb75c381f7fa550,5,rag_3,3,3,13,3,0,0,0.15,1.8971199848858813,1.015,916,49,0.4,0.1,0.35,0.15
30,43b4532eef1f185ec65202174bb75c381f7fa550,5,rag_5,5,5,13,3,2,0,0.15,1.8971199848858813,1.0499999999999998,1139,49,0.35,0.05,0.45,0.15
30,43b4532eef1f185ec65202174bb75c381f7fa550,5,rag_10,10,10,13,3,2,0,0.10000000000000002,2.3025850929940455,1.1144000000000003,1714,49,0.32000000000000006,0.16000000000000003,0.42000000000000004,0.10000000000000002
30,43b4532eef1f185ec65202174bb75c381f7fa550,5,rag_all_support,-1,13,13,3,0,0,0.15,1.8971199848858813,0.9949999999999999,2043,49,0.4,0.15,0.3,0.15
549,bf4a75c7f8fd75611320b36a869c0f04da60b5a6,6,query_only,0,0,16,3,0,0,0.15,1.8971199848858813,1.0478,437,49,0.52,0.18,0.15,0.15
549,bf4a75c7f8fd75611320b36a869c0f04da60b5a6,6,rag_1,1,1,16,3,0,0,0.25,1.3862943611198906,0.75,522,49,0.25,0.25,0.25,0.25
549,bf4a75c7f8fd75611320b36a869c0f04da60b5a6,6,rag_3,3,3,16,3,0,0,0.15,1.8971199848858813,1.07,722,49,0.55,0.15,0.15,0.15
549,bf4a75c7f8fd75611320b36a869c0f04da60b5a6,6,rag_5,5,5,16,3,0,0,0.15,1.8971199848858813,1.07,935,49,0.55,0.15,0.15,0.15
549,bf4a75c7f8fd75611320b36a869c0f04da60b5a6,6,rag_10,10,10,16,3,0,0,0.2,1.6094379124341003,0.8888,1671,49,0.42,0.2,0.18,0.2
549,bf4a75c7f8fd75611320b36a869c0f04da60b5a6,6,rag_all_support,-1,16,16,3,0,0,0.15,1.8971199848858813,1.07,2317,49,0.55,0.15,0.15,0.15
136,e4871c8d79c1aaf0a85b7b85d4a49361ef4342ee,3,query_only,0,0,11,0,3,0,0.25,1.3862943611198906,0.8099999999999999,476,49,0.25,0.15,0.15,0.45
136,e4871c8d79c1aaf0a85b7b85d4a49361ef4342ee,3,rag_1,1,1,11,0,0,1,0.4,0.916290731874155,0.485,596,49,0.4,0.25,0.15,0.2
136,e4871c8d79c1aaf0a85b7b85d4a49361ef4342ee,3,rag_3,3,3,11,0,0,1,0.4,0.916290731874155,0.485,804,49,0.4,0.25,0.15,0.2
136,e4871c8d79c1aaf0a85b7b85d4a49361ef4342ee,3,rag_5,5,5,11,0,0,1,0.45,0.7985076962177716,0.40500000000000014,1009,49,0.45,0.15,0.2,0.2
136,e4871c8d79c1aaf0a85b7b85d4a49361ef4342ee,3,rag_10,10,10,11,0,2,0,0.28,1.2729656758128873,0.6968,1499,49,0.28,0.22,0.3,0.2
136,e4871c8d79c1aaf0a85b7b85d4a49361ef4342ee,3,rag_all_support,-1,11,11,0,0,1,0.45,0.7985076962177716,0.4100000000000001,1628,49,0.45,0.15,0.25,0.15
370,d29409b9b094ba8c79d356ef9fd46908416d22f9,3,query_only,0,0,8,0,2,0,0.35,1.0498221244986778,0.6150000000000001,442,49,0.35,0.15,0.4,0.1
370,d29409b9b094ba8c79d356ef9fd46908416d22f9,3,rag_1,1,1,8,0,2,0,0.25,1.3862943611198906,0.845,568,49,0.25,0.15,0.5,0.1
370,d29409b9b094ba8c79d356ef9fd46908416d22f9,3,rag_3,3,3,8,0,0,1,0.35,1.0498221244986778,0.5750000000000001,768,49,0.35,0.15,0.3,0.2
370,d29409b9b094ba8c79d356ef9fd46908416d22f9,3,rag_5,5,5,8,0,0,1,0.45000000000000007,0.7985076962177715,0.425,964,49,0.45000000000000007,0.15000000000000002,0.30000000000000004,0.10000000000000002
370,d29409b9b094ba8c79d356ef9fd46908416d22f9,3,rag_10,10,8,8,0,2,0,0.25,1.3862943611198906,0.765,1346,49,0.25,0.2,0.35,0.2
370,d29409b9b094ba8c79d356ef9fd46908416d22f9,3,rag_all_support,-1,8,8,0,2,0,0.25,1.3862943611198906,0.765,1346,49,0.25,0.2,0.35,0.2
289,3705502e15e5be893f10cf10d279d71236840843,2,query_only,0,0,9,0,0,1,0.35,1.0498221244986778,0.59,570,49,0.35,0.15,0.35,0.15
289,3705502e15e5be893f10cf10d279d71236840843,2,rag_1,1,1,9,0,0,1,0.4,0.916290731874155,0.49500000000000005,752,49,0.4,0.15,0.3,0.15
289,3705502e15e5be893f10cf10d279d71236840843,2,rag_3,3,3,9,0,0,1,0.55,0.5978370007556204,0.29,1122,49,0.55,0.15,0.25,0.05
289,3705502e15e5be893f10cf10d279d71236840843,2,rag_5,5,5,9,0,0,1,0.4,0.916290731874155,0.48500000000000004,1480,49,0.4,0.2,0.25,0.15
289,3705502e15e5be893f10cf10d279d71236840843,2,rag_10,10,9,9,0,2,0,0.32,1.1394342831883648,0.6359999999999999,2211,49,0.32,0.18,0.34,0.16
289,3705502e15e5be893f10cf10d279d71236840843,2,rag_all_support,-1,9,9,0,2,0,0.32,1.1394342831883648,0.6359999999999999,2211,49,0.32,0.18,0.34,0.16
986,fb652ba26f02494415244b23e007806210e0b9fe,2,query_only,0,0,9,1,0,0,0.25,1.3862943611198906,0.885,438,49,0.55,0.25,0.1,0.1
986,fb652ba26f02494415244b23e007806210e0b9fe,2,rag_1,1,1,9,1,0,0,0.25,1.3862943611198906,0.8899999999999999,523,49,0.55,0.25,0.05,0.15
986,fb652ba26f02494415244b23e007806210e0b9fe,2,rag_3,3,3,9,1,0,0,0.28,1.2729656758128873,0.7415999999999999,719,49,0.42,0.28,0.12,0.18
986,fb652ba26f02494415244b23e007806210e0b9fe,2,rag_5,5,5,9,1,0,0,0.28,1.2729656758128873,0.7415999999999999,961,49,0.42,0.28,0.12,0.18
986,fb652ba26f02494415244b23e007806210e0b9fe,2,rag_10,10,9,9,1,0,0,0.35,1.0498221244986778,0.625,1555,49,0.4,0.35,0.05,0.2
986,fb652ba26f02494415244b23e007806210e0b9fe,2,rag_all_support,-1,9,9,1,0,0,0.35,1.0498221244986778,0.625,1555,49,0.4,0.35,0.05,0.2
184,30fb2ed1815cec5c2ed1d5db639cb1312150c74f,1,query_only,0,0,14,0,2,0,0.25,1.3862943611198906,0.7699999999999999,494,49,0.25,0.25,0.35,0.15
184,30fb2ed1815cec5c2ed1d5db639cb1312150c74f,1,rag_1,1,1,14,0,2,0,0.15,1.8971199848858813,1.0099999999999998,595,49,0.15,0.15,0.45,0.25
184,30fb2ed1815cec5c2ed1d5db639cb1312150c74f,1,rag_3,3,3,14,0,2,0,0.35,1.0498221244986778,0.6150000000000001,815,49,0.35,0.15,0.4,0.1
184,30fb2ed1815cec5c2ed1d5db639cb1312150c74f,1,rag_5,5,5,14,0,2,0,0.25,1.3862943611198906,0.785,1034,49,0.25,0.15,0.4,0.2
184,30fb2ed1815cec5c2ed1d5db639cb1312150c74f,1,rag_10,10,10,14,0,0,1,0.45,0.7985076962177716,0.4100000000000001,1600,49,0.45,0.15,0.25,0.15
184,30fb2ed1815cec5c2ed1d5db639cb1312150c74f,1,rag_all_support,-1,14,14,0,2,0,0.25,1.3862943611198906,0.785,2192,49,0.25,0.15,0.4,0.2
810,e3d208029116f7f4024cf97ca51208f6b77db0c6,2,query_only,0,0,10,2,0,0,0.25,1.3862943611198906,0.75,516,49,0.25,0.25,0.25,0.25
810,e3d208029116f7f4024cf97ca51208f6b77db0c6,2,rag_1,1,1,10,2,2,1,0.3,1.2039728043259361,0.655,651,49,0.25,0.25,0.3,0.2
810,e3d208029116f7f4024cf97ca51208f6b77db0c6,2,rag_3,3,3,10,2,2,1,0.35,1.0498221244986778,0.5700000000000001,1010,49,0.15,0.25,0.35,0.25
810,e3d208029116f7f4024cf97ca51208f6b77db0c6,2,rag_5,5,5,10,2,2,1,0.35,1.0498221244986778,0.5650000000000001,1235,49,0.2,0.25,0.35,0.2
810,e3d208029116f7f4024cf97ca51208f6b77db0c6,2,rag_10,10,10,10,2,2,1,0.35,1.0498221244986778,0.5650000000000001,1782,49,0.2,0.25,0.35,0.2
810,e3d208029116f7f4024cf97ca51208f6b77db0c6,2,rag_all_support,-1,10,10,2,2,1,0.35,1.0498221244986778,0.5650000000000001,1782,49,0.2,0.25,0.35,0.2
10,3d3c5f8c730ea8b347173bb1b14f1446c754b152,3,query_only,0,0,13,3,2,0,0.2,1.6094379124341003,0.8650000000000001,433,49,0.25,0.2,0.35,0.2
10,3d3c5f8c730ea8b347173bb1b14f1446c754b152,3,rag_1,1,1,13,3,2,0,0.15,1.8971199848858813,1.0099999999999998,518,49,0.25,0.15,0.45,0.15
10,3d3c5f8c730ea8b347173bb1b14f1446c754b152,3,rag_3,3,3,13,3,2,0,0.2,1.6094379124341003,0.8850000000000001,708,49,0.25,0.15,0.4,0.2
10,3d3c5f8c730ea8b347173bb1b14f1446c754b152,3,rag_5,5,5,13,3,2,0,0.15,1.8971199848858813,0.985,926,49,0.25,0.2,0.4,0.15
10,3d3c5f8c730ea8b347173bb1b14f1446c754b152,3,rag_10,10,10,13,3,2,0,0.15,1.8971199848858813,0.97,1552,49,0.25,0.25,0.35,0.15
10,3d3c5f8c730ea8b347173bb1b14f1446c754b152,3,rag_all_support,-1,13,13,3,2,0,0.2,1.6094379124341003,0.9050000000000001,2097,49,0.15,0.2,0.45,0.2
54,a876379051b672f0c76c0d9879369351be17a5e5,2,query_only,0,0,11,1,1,1,0.3,1.2039728043259361,0.655,454,49,0.25,0.3,0.25,0.2
54,a876379051b672f0c76c0d9879369351be17a5e5,2,rag_1,1,1,11,1,1,1,0.35,1.0498221244986778,0.5700000000000001,571,49,0.25,0.35,0.25,0.15
54,a876379051b672f0c76c0d9879369351be17a5e5,2,rag_3,3,3,11,1,1,1,0.3,1.2039728043259361,0.655,747,49,0.25,0.3,0.25,0.2
54,a876379051b672f0c76c0d9879369351be17a5e5,2,rag_5,5,5,11,1,0,0,0.25,1.3862943611198906,0.75,999,49,0.25,0.25,0.25,0.25
54,a876379051b672f0c76c0d9879369351be17a5e5,2,rag_10,10,10,11,1,0,0,0.25,1.3862943611198906,0.755,1639,49,0.3,0.25,0.25,0.2
54,a876379051b672f0c76c0d9879369351be17a5e5,2,rag_all_support,-1,11,11,1,1,1,0.3,1.2039728043259361,0.655,1786,49,0.25,0.3,0.25,0.2
235,ef8010d270a3ecbfd7d79ad51de1747bd293c37c,1,query_only,0,0,14,2,0,0,0.15,1.8971199848858813,0.9899999999999999,504,49,0.35,0.35,0.15,0.15
235,ef8010d270a3ecbfd7d79ad51de1747bd293c37c,1,rag_1,1,1,14,2,1,0,0.15,1.8971199848858813,1.015,627,49,0.35,0.4,0.15,0.1
235,ef8010d270a3ecbfd7d79ad51de1747bd293c37c,1,rag_3,3,3,14,2,1,0,0.15,1.8971199848858813,0.9949999999999999,839,49,0.3,0.4,0.15,0.15
235,ef8010d270a3ecbfd7d79ad51de1747bd293c37c,1,rag_5,5,5,14,2,1,0,0.15,1.8971199848858813,0.985,1099,49,0.25,0.4,0.15,0.2
235,ef8010d270a3ecbfd7d79ad51de1747bd293c37c,1,rag_10,10,10,14,2,1,0,0.25,1.3862943611198906,0.795,1643,49,0.25,0.4,0.25,0.1
235,ef8010d270a3ecbfd7d79ad51de1747bd293c37c,1,rag_all_support,-1,14,14,2,0,0,0.25,1.3862943611198906,0.7777999999999999,2070,49,0.35,0.28,0.25,0.12
974,d217d8cefcf6e639498767d55c46fd6b9402d802,3,query_only,0,0,8,1,1,1,0.3,1.2039728043259361,0.655,388,49,0.25,0.3,0.25,0.2
974,d217d8cefcf6e639498767d55c46fd6b9402d802,3,rag_1,1,1,8,1,1,1,0.35,1.0498221244986778,0.5700000000000001,481,49,0.25,0.35,0.25,0.15
974,d217d8cefcf6e639498767d55c46fd6b9402d802,3,rag_3,3,3,8,1,1,1,0.4,0.916290731874155,0.48500000000000004,706,49,0.25,0.4,0.2,0.15
974,d217d8cefcf6e639498767d55c46fd6b9402d802,3,rag_5,5,5,8,1,1,1,0.35,1.0498221244986778,0.5650000000000001,899,49,0.25,0.35,0.2,0.2
974,d217d8cefcf6e639498767d55c46fd6b9402d802,3,rag_10,10,8,8,1,1,1,0.35,1.0498221244986778,0.5700000000000001,1307,49,0.25,0.35,0.25,0.15
974,d217d8cefcf6e639498767d55c46fd6b9402d802,3,rag_all_support,-1,8,8,1,1,1,0.35,1.0498221244986778,0.5700000000000001,1307,49,0.25,0.35,0.25,0.15
247,9981bb887e6447ec43686a68db0476a879367faa,0,query_only,0,0,18,2,0,0,0.25,1.3862943611198906,0.77,559,49,0.35,0.25,0.25,0.15
247,9981bb887e6447ec43686a68db0476a879367faa,0,rag_1,1,1,18,2,3,0,0.25,1.3862943611198906,0.755,755,49,0.2,0.25,0.25,0.3
247,9981bb887e6447ec43686a68db0476a879367faa,0,rag_3,3,3,18,2,0,0,0.25,1.3862943611198906,0.77,971,49,0.35,0.25,0.25,0.15
247,9981bb887e6447ec43686a68db0476a879367faa,0,rag_5,5,5,18,2,0,0,0.25,1.3862943611198906,0.75,1171,49,0.25,0.25,0.25,0.25
247,9981bb887e6447ec43686a68db0476a879367faa,0,rag_10,10,10,18,2,3,0,0.25,1.3862943611198906,0.755,1740,49,0.2,0.25,0.25,0.3
247,9981bb887e6447ec43686a68db0476a879367faa,0,rag_all_support,-1,18,18,2,1,0,0.25,1.3862943611198906,0.755,2555,49,0.25,0.3,0.25,0.2
859,8cac86432c4d67c25fd945a10edd5bc068c4edc4,0,query_only,0,0,13,3,0,0,0.15,1.8971199848858813,0.985,460,49,0.4,0.25,0.2,0.15
859,8cac86432c4d67c25fd945a10edd5bc068c4edc4,0,rag_1,1,1,13,3,0,0,0.15,1.8971199848858813,1.01,554,49,0.45,0.25,0.15,0.15
859,8cac86432c4d67c25fd945a10edd5bc068c4edc4,0,rag_3,3,3,13,3,0,0,0.15,1.8971199848858813,0.985,779,49,0.4,0.25,0.2,0.15
859,8cac86432c4d67c25fd945a10edd5bc068c4edc4,0,rag_5,5,5,13,3,0,0,0.15,1.8971199848858813,0.985,994,49,0.4,0.25,0.2,0.15
859,8cac86432c4d67c25fd945a10edd5bc068c4edc4,0,rag_10,10,10,13,3,0,0,0.19,1.6607312068216509,0.8754000000000002,1547,49,0.28,0.25,0.28,0.19
859,8cac86432c4d67c25fd945a10edd5bc068c4edc4,0,rag_all_support,-1,13,13,3,0,0,0.2,1.6094379124341003,0.8650000000000001,2062,49,0.35,0.25,0.2,0.2
328,ac8c5c7d5eb66d25f18cc4743fa936d493b3726c,1,query_only,0,0,5,1,0,0,0.25000000000000006,1.3862943611198904,0.8078,871,49,0.42000000000000004,0.25000000000000006,0.25000000000000006,0.08000000000000002
328,ac8c5c7d5eb66d25f18cc4743fa936d493b3726c,1,rag_1,1,1,5,1,0,0,0.25000000000000006,1.3862943611198904,0.8150000000000002,1003,49,0.45000000000000007,0.25000000000000006,0.20000000000000004,0.10000000000000002
328,ac8c5c7d5eb66d25f18cc4743fa936d493b3726c,1,rag_3,3,3,5,1,0,0,0.14999999999999997,1.8971199848858815,1.0750000000000002,1346,49,0.5499999999999999,0.14999999999999997,0.19999999999999996,0.09999999999999998
328,ac8c5c7d5eb66d25f18cc4743fa936d493b3726c,1,rag_5,5,5,5,1,0,0,0.25,1.3862943611198906,0.785,1648,49,0.4,0.25,0.2,0.15
328,ac8c5c7d5eb66d25f18cc4743fa936d493b3726c,1,rag_10,10,5,5,1,0,0,0.25,1.3862943611198906,0.785,1648,49,0.4,0.25,0.2,0.15
328,ac8c5c7d5eb66d25f18cc4743fa936d493b3726c,1,rag_all_support,-1,5,5,1,0,0,0.25,1.3862943611198906,0.785,1648,49,0.4,0.25,0.2,0.15
995,2af7e5a6cf44bf5bb456fafbfb12245cac6a5e14,1,query_only,0,0,12,2,0,0,0.25,1.3862943611198906,0.75,443,49,0.25,0.25,0.25,0.25
995,2af7e5a6cf44bf5bb456fafbfb12245cac6a5e14,1,rag_1,1,1,12,2,0,0,0.25,1.3862943611198906,0.75,578,49,0.25,0.25,0.25,0.25
995,2af7e5a6cf44bf5bb456fafbfb12245cac6a5e14,1,rag_3,3,3,12,2,0,0,0.25,1.3862943611198906,0.75,830,49,0.25,0.25,0.25,0.25
995,2af7e5a6cf44bf5bb456fafbfb12245cac6a5e14,1,rag_5,5,5,12,2,0,0,0.25,1.3862943611198906,0.75,1083,49,0.25,0.25,0.25,0.25
995,2af7e5a6cf44bf5bb456fafbfb12245cac6a5e14,1,rag_10,10,10,12,2,0,0,0.15,1.8971199848858813,1.01,1574,49,0.45,0.25,0.15,0.15
995,2af7e5a6cf44bf5bb456fafbfb12245cac6a5e14,1,rag_all_support,-1,12,12,2,0,0,0.25,1.3862943611198906,0.77,1805,49,0.35,0.25,0.25,0.15
989,79005e8b0c34bfc71d4e6c08e3e698e910ef61c8,1,query_only,0,0,15,3,1,0,0.25,1.3862943611198906,0.77,471,49,0.25,0.35,0.15,0.25
989,79005e8b0c34bfc71d4e6c08e3e698e910ef61c8,1,rag_1,1,1,15,3,0,0,0.25,1.3862943611198906,0.77,587,49,0.35,0.25,0.15,0.25
989,79005e8b0c34bfc71d4e6c08e3e698e910ef61c8,1,rag_3,3,3,15,3,0,0,0.25,1.3862943611198906,0.77,791,49,0.35,0.25,0.15,0.25
989,79005e8b0c34bfc71d4e6c08e3e698e910ef61c8,1,rag_5,5,5,15,3,0,0,0.2,1.6094379124341003,0.8750000000000001,1026,49,0.35,0.3,0.15,0.2
989,79005e8b0c34bfc71d4e6c08e3e698e910ef61c8,1,rag_10,10,10,15,3,0,0,0.25,1.3862943611198906,0.77,1587,49,0.35,0.25,0.15,0.25
989,79005e8b0c34bfc71d4e6c08e3e698e910ef61c8,1,rag_all_support,-1,15,15,3,3,1,0.45,0.7985076962177716,0.43000000000000005,2172,49,0.25,0.25,0.05,0.45
371,330131be26b4b908ba9acb52357ee95597700adf,3,query_only,0,0,13,2,0,0,0.15,1.8971199848858813,1.0699999999999998,484,49,0.55,0.15,0.15,0.15
371,330131be26b4b908ba9acb52357ee95597700adf,3,rag_1,1,1,13,2,0,0,0.15,1.8971199848858813,1.1358,675,49,0.62,0.08,0.15,0.15
371,330131be26b4b908ba9acb52357ee95597700adf,3,rag_3,3,3,13,2,0,0,0.15,1.8971199848858813,1.0699999999999998,906,49,0.55,0.15,0.15,0.15
371,330131be26b4b908ba9acb52357ee95597700adf,3,rag_5,5,5,13,2,0,0,0.15,1.8971199848858813,1.0699999999999998,1130,49,0.55,0.15,0.15,0.15
371,330131be26b4b908ba9acb52357ee95597700adf,3,rag_10,10,10,13,2,0,0,0.18,1.7147984280919266,0.9896000000000001,1815,49,0.52,0.12,0.18,0.18
371,330131be26b4b908ba9acb52357ee95597700adf,3,rag_all_support,-1,13,13,2,0,0,0.15,1.8971199848858813,1.0699999999999998,2122,49,0.55,0.15,0.15,0.15
319,4dfb289d15ff3e535bca06872a43231880ee31b9,1,query_only,0,0,6,3,0,0,0.2,1.6094379124341003,0.8888000000000001,489,49,0.42,0.18,0.2,0.2
319,4dfb289d15ff3e535bca06872a43231880ee31b9,1,rag_1,1,1,6,3,0,0,0.1,2.3025850929940455,1.0950000000000002,704,49,0.4,0.25,0.25,0.1
319,4dfb289d15ff3e535bca06872a43231880ee31b9,1,rag_3,3,3,6,3,0,0,0.2,1.6094379124341003,0.8850000000000001,983,49,0.4,0.15,0.25,0.2
319,4dfb289d15ff3e535bca06872a43231880ee31b9,1,rag_5,5,5,6,3,0,0,0.15,1.8971199848858813,1.07,1383,49,0.55,0.15,0.15,0.15
319,4dfb289d15ff3e535bca06872a43231880ee31b9,1,rag_10,10,6,6,3,0,0,0.2,1.6094379124341003,0.8888000000000001,1473,49,0.42,0.18,0.2,0.2
319,4dfb289d15ff3e535bca06872a43231880ee31b9,1,rag_all_support,-1,6,6,3,0,0,0.2,1.6094379124341003,0.8888000000000001,1473,49,0.42,0.18,0.2,0.2
528,f6dd4afd0d69a1862bc08a0464c6cbccc2bb6a43,3,query_only,0,0,11,3,2,0,0.2,1.6094379124341003,0.8850000000000001,469,49,0.25,0.15,0.4,0.2
528,f6dd4afd0d69a1862bc08a0464c6cbccc2bb6a43,3,rag_1,1,1,11,3,2,0,0.15,1.8971199848858813,0.9949999999999999,570,49,0.3,0.15,0.4,0.15
528,f6dd4afd0d69a1862bc08a0464c6cbccc2bb6a43,3,rag_3,3,3,11,3,2,0,0.1,2.3025850929940455,1.1150000000000002,800,49,0.35,0.15,0.4,0.1
528,f6dd4afd0d69a1862bc08a0464c6cbccc2bb6a43,3,rag_5,5,5,11,3,0,0,0.15,1.8971199848858813,0.9899999999999999,1005,49,0.35,0.15,0.35,0.15
528,f6dd4afd0d69a1862bc08a0464c6cbccc2bb6a43,3,rag_10,10,10,11,3,2,0,0.16,1.8325814637483102,0.948,1489,49,0.28,0.22,0.34,0.16
528,f6dd4afd0d69a1862bc08a0464c6cbccc2bb6a43,3,rag_all_support,-1,11,11,3,0,0,0.2,1.6094379124341003,0.8750000000000001,1596,49,0.35,0.15,0.3,0.2
721,91cd924adc11c97b1e374212dc17e5cbb0eedcbf,7,query_only,0,0,17,2,0,0,0.25,1.3862943611198906,0.77,607,49,0.35,0.25,0.25,0.15
721,91cd924adc11c97b1e374212dc17e5cbb0eedcbf,7,rag_1,1,1,17,2,1,0,0.15,1.8971199848858813,1.015,715,49,0.35,0.4,0.15,0.1
721,91cd924adc11c97b1e374212dc17e5cbb0eedcbf,7,rag_3,3,3,17,2,0,0,0.15,1.8971199848858813,1.015,927,49,0.4,0.35,0.15,0.1
721,91cd924adc11c97b1e374212dc17e5cbb0eedcbf,7,rag_5,5,5,17,2,1,0,0.2,1.6094379124341003,0.8850000000000001,1168,49,0.25,0.4,0.2,0.15
721,91cd924adc11c97b1e374212dc17e5cbb0eedcbf,7,rag_10,10,10,17,2,1,0,0.25,1.3862943611198906,0.77,1665,49,0.25,0.35,0.25,0.15
721,91cd924adc11c97b1e374212dc17e5cbb0eedcbf,7,rag_all_support,-1,17,17,2,0,0,0.25,1.3862943611198906,0.77,2512,49,0.35,0.25,0.25,0.15
411,6eae369fd6eba467fdfdc5a4c4820a9c5c53020e,2,query_only,0,0,9,0,3,0,0.25,1.3862943611198906,0.7699999999999999,417,49,0.25,0.25,0.15,0.35
411,6eae369fd6eba467fdfdc5a4c4820a9c5c53020e,2,rag_1,1,1,9,0,0,1,0.25,1.3862943611198906,0.75,532,49,0.25,0.25,0.25,0.25
411,6eae369fd6eba467fdfdc5a4c4820a9c5c53020e,2,rag_3,3,3,9,0,3,0,0.25,1.3862943611198906,0.755,723,49,0.25,0.25,0.2,0.3
411,6eae369fd6eba467fdfdc5a4c4820a9c5c53020e,2,rag_5,5,5,9,0,0,1,0.25,1.3862943611198906,0.75,907,49,0.25,0.25,0.25,0.25
411,6eae369fd6eba467fdfdc5a4c4820a9c5c53020e,2,rag_10,10,9,9,0,0,1,0.25,1.3862943611198906,0.75,1325,49,0.25,0.25,0.25,0.25
411,6eae369fd6eba467fdfdc5a4c4820a9c5c53020e,2,rag_all_support,-1,9,9,0,0,1,0.25,1.3862943611198906,0.75,1325,49,0.25,0.25,0.25,0.25
865,748b93996de27b17263d338a4b3f8f08f59b0896,4,query_only,0,0,17,2,0,0,0.25,1.3862943611198906,0.75,599,49,0.25,0.25,0.25,0.25
865,748b93996de27b17263d338a4b3f8f08f59b0896,4,rag_1,1,1,17,2,2,1,0.35,1.0498221244986778,0.5700000000000001,763,49,0.25,0.15,0.35,0.25
865,748b93996de27b17263d338a4b3f8f08f59b0896,4,rag_3,3,3,17,2,2,1,0.3,1.2039728043259361,0.6568,991,49,0.28,0.22,0.3,0.2
865,748b93996de27b17263d338a4b3f8f08f59b0896,4,rag_5,5,5,17,2,0,0,0.25,1.3862943611198906,0.7518,1218,49,0.28,0.22,0.25,0.25
865,748b93996de27b17263d338a4b3f8f08f59b0896,4,rag_10,10,10,17,2,0,0,0.25,1.3862943611198906,0.75,1723,49,0.25,0.25,0.25,0.25
865,748b93996de27b17263d338a4b3f8f08f59b0896,4,rag_all_support,-1,17,17,2,0,0,0.25,1.3862943611198906,0.75,2681,49,0.25,0.25,0.25,0.25
275,b351d308f74382d77906b3afc09e8db8f62eff0b,1,query_only,0,0,5,0,0,1,0.42,0.8675005677047231,0.4656000000000001,886,49,0.42,0.3,0.14,0.14
275,b351d308f74382d77906b3afc09e8db8f62eff0b,1,rag_1,1,1,5,0,0,1,0.4,0.916290731874155,0.515,1100,49,0.4,0.35,0.15,0.1
275,b351d308f74382d77906b3afc09e8db8f62eff0b,1,rag_3,3,3,5,0,0,1,0.45,0.7985076962177716,0.4100000000000001,1389,49,0.45,0.25,0.15,0.15
275,b351d308f74382d77906b3afc09e8db8f62eff0b,1,rag_5,5,5,5,0,0,1,0.35000000000000003,1.0498221244986776,0.575,1719,49,0.35000000000000003,0.30000000000000004,0.20000000000000004,0.15000000000000002
275,b351d308f74382d77906b3afc09e8db8f62eff0b,1,rag_10,10,5,5,0,0,1,0.35000000000000003,1.0498221244986776,0.575,1719,49,0.35000000000000003,0.30000000000000004,0.20000000000000004,0.15000000000000002
275,b351d308f74382d77906b3afc09e8db8f62eff0b,1,rag_all_support,-1,5,5,0,0,1,0.35000000000000003,1.0498221244986776,0.575,1719,49,0.35000000000000003,0.30000000000000004,0.20000000000000004,0.15000000000000002
679,35783fb6c88451ac9446e48cfd1c1aea5aac5925,0,query_only,0,0,12,1,0,0,0.25000000000000006,1.3862943611198904,0.8150000000000002,483,49,0.45000000000000007,0.25000000000000006,0.20000000000000004,0.10000000000000002
679,35783fb6c88451ac9446e48cfd1c1aea5aac5925,0,rag_1,1,1,12,1,0,0,0.15000000000000002,1.897119984885881,1.0250000000000001,580,49,0.45000000000000007,0.15000000000000002,0.30000000000000004,0.10000000000000002
679,35783fb6c88451ac9446e48cfd1c1aea5aac5925,0,rag_3,3,3,12,1,0,0,0.25,1.3862943611198906,0.83,784,49,0.45,0.25,0.25,0.05
679,35783fb6c88451ac9446e48cfd1c1aea5aac5925,0,rag_5,5,5,12,1,0,0,0.15000000000000002,1.897119984885881,1.0250000000000001,989,49,0.45000000000000007,0.15000000000000002,0.30000000000000004,0.10000000000000002
679,35783fb6c88451ac9446e48cfd1c1aea5aac5925,0,rag_10,10,10,12,1,0,0,0.14999999999999997,1.8971199848858815,1.0750000000000002,1585,49,0.5499999999999999,0.14999999999999997,0.19999999999999996,0.09999999999999998
679,35783fb6c88451ac9446e48cfd1c1aea5aac5925,0,rag_all_support,-1,12,12,1,0,0,0.14999999999999997,1.8971199848858815,1.0750000000000002,1874,49,0.5499999999999999,0.14999999999999997,0.19999999999999996,0.09999999999999998
714,19fae5d0fac061621f6da7d7c28ebe30a6790af4,0,query_only,0,0,15,0,0,1,0.55,0.5978370007556204,0.29,590,49,0.55,0.25,0.05,0.15
714,19fae5d0fac061621f6da7d7c28ebe30a6790af4,0,rag_1,1,1,15,0,0,1,0.52,0.6539264674066639,0.32960000000000006,739,49,0.52,0.28,0.12,0.08
714,19fae5d0fac061621f6da7d7c28ebe30a6790af4,0,rag_3,3,3,15,0,0,1,0.55,0.5978370007556204,0.26999999999999996,932,49,0.55,0.15,0.15,0.15
714,19fae5d0fac061621f6da7d7c28ebe30a6790af4,0,rag_5,5,5,15,0,0,1,0.55,0.5978370007556204,0.26999999999999996,1131,49,0.55,0.15,0.15,0.15
714,19fae5d0fac061621f6da7d7c28ebe30a6790af4,0,rag_10,10,10,15,0,0,1,0.55,0.5978370007556204,0.285,1661,49,0.55,0.25,0.1,0.1
714,19fae5d0fac061621f6da7d7c28ebe30a6790af4,0,rag_all_support,-1,15,15,0,0,1,0.55,0.5978370007556204,0.27499999999999997,2225,49,0.55,0.2,0.1,0.15
660,b4e3a99d874ce21c04f67df28d60391a3650d4e7,3,query_only,0,0,11,1,0,0,0.25,1.3862943611198906,0.765,629,49,0.35,0.25,0.2,0.2
660,b4e3a99d874ce21c04f67df28d60391a3650d4e7,3,rag_1,1,1,11,1,0,0,0.2,1.6094379124341003,0.8850000000000001,731,49,0.4,0.2,0.25,0.15
660,b4e3a99d874ce21c04f67df28d60391a3650d4e7,3,rag_3,3,3,11,1,0,0,0.2,1.6094379124341003,0.9050000000000001,974,49,0.45,0.2,0.2,0.15
660,b4e3a99d874ce21c04f67df28d60391a3650d4e7,3,rag_5,5,5,11,1,0,0,0.15,1.8971199848858813,1.0477999999999998,1203,49,0.52,0.15,0.18,0.15
660,b4e3a99d874ce21c04f67df28d60391a3650d4e7,3,rag_10,10,10,11,1,0,0,0.15,1.8971199848858813,1.01,1815,49,0.45,0.15,0.25,0.15
660,b4e3a99d874ce21c04f67df28d60391a3650d4e7,3,rag_all_support,-1,11,11,1,0,0,0.15,1.8971199848858813,1.01,1929,49,0.45,0.15,0.25,0.15
884,f2fc7323bcf06ed6c74848bef3fb461c895f5ac5,5,query_only,0,0,14,1,0,0,0.3,1.2039728043259361,0.6949999999999998,424,49,0.4,0.3,0.15,0.15
884,f2fc7323bcf06ed6c74848bef3fb461c895f5ac5,5,rag_1,1,1,14,1,0,0,0.25,1.3862943611198906,0.765,512,49,0.35,0.25,0.2,0.2
884,f2fc7323bcf06ed6c74848bef3fb461c895f5ac5,5,rag_3,3,3,14,1,0,0,0.25,1.3862943611198906,0.7657999999999999,756,49,0.35,0.25,0.18,0.22
884,f2fc7323bcf06ed6c74848bef3fb461c895f5ac5,5,rag_5,5,5,14,1,0,0,0.28,1.2729656758128873,0.7016,1000,49,0.32,0.28,0.22,0.18
884,f2fc7323bcf06ed6c74848bef3fb461c895f5ac5,5,rag_10,10,10,14,1,3,0,0.25,1.3862943611198906,0.7699999999999999,1520,49,0.25,0.25,0.15,0.35
884,f2fc7323bcf06ed6c74848bef3fb461c895f5ac5,5,rag_all_support,-1,14,14,1,1,1,0.4,0.916290731874155,0.48500000000000004,2176,49,0.25,0.4,0.2,0.15
866,bc5c5f6f01a3e366a8c316429f673d3edcb695d6,1,query_only,0,0,11,1,0,0,0.25,1.3862943611198906,0.75,554,49,0.25,0.25,0.25,0.25
866,bc5c5f6f01a3e366a8c316429f673d3edcb695d6,1,rag_1,1,1,11,1,0,0,0.25,1.3862943611198906,0.75,649,49,0.25,0.25,0.25,0.25
866,bc5c5f6f01a3e366a8c316429f673d3edcb695d6,1,rag_3,3,3,11,1,1,1,0.35,1.0498221244986778,0.5700000000000001,842,49,0.25,0.35,0.25,0.15
866,bc5c5f6f01a3e366a8c316429f673d3edcb695d6,1,rag_5,5,5,11,1,0,0,0.25,1.3862943611198906,0.75,1054,49,0.25,0.25,0.25,0.25
866,bc5c5f6f01a3e366a8c316429f673d3edcb695d6,1,rag_10,10,10,11,1,0,0,0.25,1.3862943611198906,0.75,1691,49,0.25,0.25,0.25,0.25
866,bc5c5f6f01a3e366a8c316429f673d3edcb695d6,1,rag_all_support,-1,11,11,1,0,0,0.25,1.3862943611198906,0.75,1833,49,0.25,0.25,0.25,0.25
914,23c9fb93158185dda4c8f04038f1806bd7eb588d,0,query_only,0,0,6,0,1,0,0.15,1.8971199848858813,1.0099999999999998,452,49,0.15,0.45,0.15,0.25
914,23c9fb93158185dda4c8f04038f1806bd7eb588d,0,rag_1,1,1,6,0,1,0,0.25,1.3862943611198906,0.785,538,49,0.25,0.4,0.15,0.2
914,23c9fb93158185dda4c8f04038f1806bd7eb588d,0,rag_3,3,3,6,0,1,0,0.25,1.3862943611198906,0.8099999999999999,726,49,0.25,0.45,0.15,0.15
914,23c9fb93158185dda4c8f04038f1806bd7eb588d,0,rag_5,5,5,6,0,1,0,0.25,1.3862943611198906,0.8099999999999999,942,49,0.25,0.45,0.15,0.15
914,23c9fb93158185dda4c8f04038f1806bd7eb588d,0,rag_10,10,6,6,0,1,0,0.25,1.3862943611198906,0.8099999999999999,1076,49,0.25,0.45,0.15,0.15
914,23c9fb93158185dda4c8f04038f1806bd7eb588d,0,rag_all_support,-1,6,6,0,1,0,0.25,1.3862943611198906,0.8099999999999999,1076,49,0.25,0.45,0.15,0.15
917,68c89bcd38fe6e1c6023028efe73ab7a36e0d6d8,5,query_only,0,0,14,2,3,0,0.35,1.0498221244986778,0.685,495,49,0.05,0.1,0.35,0.5
917,68c89bcd38fe6e1c6023028efe73ab7a36e0d6d8,5,rag_1,1,1,14,2,3,0,0.2,1.6094379124341003,1.0250000000000001,615,49,0.15,0.05,0.2,0.6
917,68c89bcd38fe6e1c6023028efe73ab7a36e0d6d8,5,rag_3,3,3,14,2,3,0,0.25,1.3862943611198906,0.855,930,49,0.2,0.05,0.25,0.5
917,68c89bcd38fe6e1c6023028efe73ab7a36e0d6d8,5,rag_5,5,5,14,2,3,0,0.35,1.0498221244986778,0.6150000000000001,1140,49,0.15,0.1,0.35,0.4
917,68c89bcd38fe6e1c6023028efe73ab7a36e0d6d8,5,rag_10,10,10,14,2,2,1,0.35000000000000003,1.0498221244986776,0.59,1784,49,0.15000000000000002,0.15000000000000002,0.35000000000000003,0.35000000000000003
917,68c89bcd38fe6e1c6023028efe73ab7a36e0d6d8,5,rag_all_support,-1,14,14,2,2,1,0.35000000000000003,1.0498221244986776,0.59,2200,49,0.15000000000000002,0.15000000000000002,0.35000000000000003,0.35000000000000003
526,010c270c2cb394c09035ffae4034041084821d58,0,query_only,0,0,7,1,1,1,0.3,1.2039728043259361,0.655,451,49,0.25,0.3,0.25,0.2
526,010c270c2cb394c09035ffae4034041084821d58,0,rag_1,1,1,7,1,1,1,0.35,1.0498221244986778,0.5750000000000001,558,49,0.15,0.35,0.2,0.3
526,010c270c2cb394c09035ffae4034041084821d58,0,rag_3,3,3,7,1,1,1,0.3,1.2039728043259361,0.655,766,49,0.25,0.3,0.2,0.25
526,010c270c2cb394c09035ffae4034041084821d58,0,rag_5,5,5,7,1,1,1,0.35,1.0498221244986778,0.5900000000000001,988,49,0.15,0.35,0.15,0.35
526,010c270c2cb394c09035ffae4034041084821d58,0,rag_10,10,7,7,1,1,1,0.4,0.916290731874155,0.495,1205,49,0.15,0.4,0.15,0.3
526,010c270c2cb394c09035ffae4034041084821d58,0,rag_all_support,-1,7,7,1,1,1,0.4,0.916290731874155,0.495,1205,49,0.15,0.4,0.15,0.3
120,1ff3b54c7cd6cc3b08ffd692f93f6e1470a4d903,7,query_only,0,0,17,2,0,0,0.25,1.3862943611198906,0.8099999999999999,448,49,0.45,0.15,0.25,0.15
120,1ff3b54c7cd6cc3b08ffd692f93f6e1470a4d903,7,rag_1,1,1,17,2,0,0,0.19999999999999996,1.6094379124341005,0.9750000000000001,542,49,0.5499999999999999,0.14999999999999997,0.19999999999999996,0.09999999999999998
120,1ff3b54c7cd6cc3b08ffd692f93f6e1470a4d903,7,rag_3,3,3,17,2,0,0,0.15,1.8971199848858813,1.01,756,49,0.45,0.25,0.15,0.15
120,1ff3b54c7cd6cc3b08ffd692f93f6e1470a4d903,7,rag_5,5,5,17,2,0,0,0.15,1.8971199848858813,1.01,945,49,0.45,0.25,0.15,0.15
120,1ff3b54c7cd6cc3b08ffd692f93f6e1470a4d903,7,rag_10,10,10,17,2,0,0,0.15,1.8971199848858813,1.0699999999999998,1427,49,0.55,0.15,0.15,0.15
120,1ff3b54c7cd6cc3b08ffd692f93f6e1470a4d903,7,rag_all_support,-1,17,17,2,0,0,0.15,1.8971199848858813,0.9997999999999998,2317,49,0.42,0.28,0.15,0.15
70,30c0f3c0c60b0fde0d67d80c356f6987be1c2db5,1,query_only,0,0,10,0,0,1,0.42000000000000004,0.867500567704723,0.46480000000000005,509,49,0.42000000000000004,0.2800000000000001,0.20000000000000004,0.10000000000000002
70,30c0f3c0c60b0fde0d67d80c356f6987be1c2db5,1,rag_1,1,1,10,0,0,1,0.4,0.916290731874155,0.49500000000000005,603,49,0.4,0.15,0.3,0.15
70,30c0f3c0c60b0fde0d67d80c356f6987be1c2db5,1,rag_3,3,3,10,0,0,1,0.4,0.916290731874155,0.495,853,49,0.4,0.25,0.25,0.1
70,30c0f3c0c60b0fde0d67d80c356f6987be1c2db5,1,rag_5,5,5,10,0,0,1,0.4,0.916290731874155,0.48500000000000004,1070,49,0.4,0.2,0.25,0.15
70,30c0f3c0c60b0fde0d67d80c356f6987be1c2db5,1,rag_10,10,10,10,0,0,1,0.3,1.2039728043259361,0.655,1619,49,0.3,0.25,0.25,0.2
70,30c0f3c0c60b0fde0d67d80c356f6987be1c2db5,1,rag_all_support,-1,10,10,0,0,1,0.3,1.2039728043259361,0.655,1619,49,0.3,0.25,0.25,0.2
321,15a9041f763c0e22e25c98a6cf3172eece50e862,0,query_only,0,0,5,2,1,0,0.1,2.3025850929940455,1.1750000000000003,545,49,0.15,0.55,0.1,0.2
321,15a9041f763c0e22e25c98a6cf3172eece50e862,0,rag_1,1,1,5,2,1,0,0.15,1.8971199848858813,1.0699999999999998,757,49,0.15,0.55,0.15,0.15
321,15a9041f763c0e22e25c98a6cf3172eece50e862,0,rag_3,3,3,5,2,1,0,0.1,2.3025850929940455,1.2650000000000001,992,49,0.15,0.65,0.1,0.1
321,15a9041f763c0e22e25c98a6cf3172eece50e862,0,rag_5,5,5,5,2,1,0,0.15,1.8971199848858813,1.0699999999999998,1283,49,0.15,0.55,0.15,0.15
321,15a9041f763c0e22e25c98a6cf3172eece50e862,0,rag_10,10,5,5,2,1,0,0.15,1.8971199848858813,1.0699999999999998,1283,49,0.15,0.55,0.15,0.15
321,15a9041f763c0e22e25c98a6cf3172eece50e862,0,rag_all_support,-1,5,5,2,1,0,0.15,1.8971199848858813,1.0699999999999998,1283,49,0.15,0.55,0.15,0.15
210,cc7352e0b5328d4bd12d24922148c1e86b97235a,4,query_only,0,0,14,2,0,0,0.25,1.3862943611198906,0.75,516,49,0.25,0.25,0.25,0.25
210,cc7352e0b5328d4bd12d24922148c1e86b97235a,4,rag_1,1,1,14,2,0,0,0.25,1.3862943611198906,0.75,613,49,0.25,0.25,0.25,0.25
210,cc7352e0b5328d4bd12d24922148c1e86b97235a,4,rag_3,3,3,14,2,1,0,0.2,1.6094379124341003,0.8650000000000002,818,49,0.25,0.35,0.2,0.2
210,cc7352e0b5328d4bd12d24922148c1e86b97235a,4,rag_5,5,5,14,2,0,0,0.25,1.3862943611198906,0.75,1018,49,0.25,0.25,0.25,0.25
210,cc7352e0b5328d4bd12d24922148c1e86b97235a,4,rag_10,10,10,14,2,0,0,0.25,1.3862943611198906,0.75,1591,49,0.25,0.25,0.25,0.25
210,cc7352e0b5328d4bd12d24922148c1e86b97235a,4,rag_all_support,-1,14,14,2,0,0,0.25,1.3862943611198906,0.75,2051,49,0.25,0.25,0.25,0.25
656,42e1b4c587a33be3da923a3aa68711b601bec21c,5,query_only,0,0,12,1,0,0,0.30000000000000004,1.203972804325936,0.7000000000000001,472,49,0.4000000000000001,0.30000000000000004,0.20000000000000004,0.10000000000000002
656,42e1b4c587a33be3da923a3aa68711b601bec21c,5,rag_1,1,1,12,1,0,0,0.25,1.3862943611198906,0.8099999999999999,562,49,0.45,0.25,0.15,0.15
656,42e1b4c587a33be3da923a3aa68711b601bec21c,5,rag_3,3,3,12,1,0,0,0.15,1.8971199848858813,1.0899999999999999,769,49,0.55,0.15,0.25,0.05
656,42e1b4c587a33be3da923a3aa68711b601bec21c,5,rag_5,5,5,12,1,0,0,0.14999999999999997,1.8971199848858815,1.0750000000000002,977,49,0.5499999999999999,0.14999999999999997,0.19999999999999996,0.09999999999999998
656,42e1b4c587a33be3da923a3aa68711b601bec21c,5,rag_10,10,10,12,1,0,0,0.14999999999999997,1.8971199848858815,1.0750000000000002,1522,49,0.5499999999999999,0.14999999999999997,0.19999999999999996,0.09999999999999998
656,42e1b4c587a33be3da923a3aa68711b601bec21c,5,rag_all_support,-1,12,12,1,0,0,0.25,1.3862943611198906,0.8857999999999999,1796,49,0.55,0.25,0.12,0.08
174,79d0db9c95d6d9d09d44d9529b7da26849041409,2,query_only,0,0,7,3,2,0,0.15,1.8971199848858813,0.9749999999999999,395,49,0.2,0.3,0.35,0.15
174,79d0db9c95d6d9d09d44d9529b7da26849041409,2,rag_1,1,1,7,3,1,0,0.2,1.6094379124341003,0.8550000000000001,491,49,0.25,0.3,0.25,0.2
174,79d0db9c95d6d9d09d44d9529b7da26849041409,2,rag_3,3,3,7,3,1,0,0.2,1.6094379124341003,0.8550000000000001,715,49,0.25,0.3,0.25,0.2
174,79d0db9c95d6d9d09d44d9529b7da26849041409,2,rag_5,5,5,7,3,0,0,0.25,1.3862943611198906,0.75,917,49,0.25,0.25,0.25,0.25
174,79d0db9c95d6d9d09d44d9529b7da26849041409,2,rag_10,10,7,7,3,0,0,0.25,1.3862943611198906,0.75,1134,49,0.25,0.25,0.25,0.25
174,79d0db9c95d6d9d09d44d9529b7da26849041409,2,rag_all_support,-1,7,7,3,0,0,0.25,1.3862943611198906,0.75,1134,49,0.25,0.25,0.25,0.25
941,2ce04e3c7d254791cb381448e55c7f7a2b0feca4,1,query_only,0,0,15,3,2,0,0.1,2.3025850929940455,1.1150000000000002,643,49,0.35,0.15,0.4,0.1
941,2ce04e3c7d254791cb381448e55c7f7a2b0feca4,1,rag_1,1,1,15,3,2,0,0.15,1.8971199848858813,1.0177999999999998,828,49,0.28,0.12,0.45,0.15
941,2ce04e3c7d254791cb381448e55c7f7a2b0feca4,1,rag_3,3,3,15,3,0,0,0.10000000000000002,2.3025850929940455,1.1250000000000002,1057,49,0.45000000000000007,0.15000000000000002,0.30000000000000004,0.10000000000000002
941,2ce04e3c7d254791cb381448e55c7f7a2b0feca4,1,rag_5,5,5,15,3,2,0,0.1,2.3025850929940455,1.1150000000000002,1276,49,0.35,0.15,0.4,0.1
941,2ce04e3c7d254791cb381448e55c7f7a2b0feca4,1,rag_10,10,10,15,3,2,0,0.15,1.8971199848858813,1.0099999999999998,1804,49,0.25,0.15,0.45,0.15
941,2ce04e3c7d254791cb381448e55c7f7a2b0feca4,1,rag_all_support,-1,15,15,3,2,0,0.12,2.120263536200091,1.0976,2346,49,0.28,0.12,0.48,0.12
599,e1d19a0a92232d33d6991137b3f082781f3784b2,4,query_only,0,0,9,3,2,0,0.2,1.6094379124341003,0.8550000000000001,430,49,0.25,0.25,0.3,0.2
599,e1d19a0a92232d33d6991137b3f082781f3784b2,4,rag_1,1,1,9,3,0,0,0.25,1.3862943611198906,0.75,527,49,0.25,0.25,0.25,0.25
599,e1d19a0a92232d33d6991137b3f082781f3784b2,4,rag_3,3,3,9,3,0,0,0.25,1.3862943611198906,0.75,729,49,0.25,0.25,0.25,0.25
599,e1d19a0a92232d33d6991137b3f082781f3784b2,4,rag_5,5,5,9,3,2,0,0.2,1.6094379124341003,0.8550000000000001,957,49,0.25,0.25,0.3,0.2
599,e1d19a0a92232d33d6991137b3f082781f3784b2,4,rag_10,10,9,9,3,0,0,0.25,1.3862943611198906,0.75,1414,49,0.25,0.25,0.25,0.25
599,e1d19a0a92232d33d6991137b3f082781f3784b2,4,rag_all_support,-1,9,9,3,0,0,0.25,1.3862943611198906,0.75,1414,49,0.25,0.25,0.25,0.25
209,fc9ac0cdf15103babc8d0aacfdd05c0af2970849,5,query_only,0,0,13,3,0,0,0.2,1.6094379124341003,0.8650000000000001,432,49,0.35,0.25,0.2,0.2
209,fc9ac0cdf15103babc8d0aacfdd05c0af2970849,5,rag_1,1,1,13,3,1,0,0.15,1.8971199848858813,0.97,523,49,0.25,0.35,0.25,0.15
209,fc9ac0cdf15103babc8d0aacfdd05c0af2970849,5,rag_3,3,3,13,3,1,0,0.25,1.3862943611198906,0.755,708,49,0.25,0.3,0.2,0.25
209,fc9ac0cdf15103babc8d0aacfdd05c0af2970849,5,rag_5,5,5,13,3,0,0,0.15,1.8971199848858813,0.97,925,49,0.35,0.25,0.25,0.15
209,fc9ac0cdf15103babc8d0aacfdd05c0af2970849,5,rag_10,10,10,13,3,1,0,0.2,1.6094379124341003,0.8550000000000001,1549,49,0.25,0.3,0.25,0.2
209,fc9ac0cdf15103babc8d0aacfdd05c0af2970849,5,rag_all_support,-1,13,13,3,0,0,0.25,1.3862943611198906,0.75,1891,49,0.25,0.25,0.25,0.25
277,6194658364bc0b3745170aca143457f714410541,0,query_only,0,0,5,3,2,0,0.15,1.8971199848858813,0.985,584,49,0.25,0.2,0.4,0.15
277,6194658364bc0b3745170aca143457f714410541,0,rag_1,1,1,5,3,2,0,0.2,1.6094379124341003,0.8550000000000001,762,49,0.25,0.25,0.3,0.2
277,6194658364bc0b3745170aca143457f714410541,0,rag_3,3,3,5,3,2,0,0.1,2.3025850929940455,1.0968,1101,49,0.28,0.22,0.4,0.1
277,6194658364bc0b3745170aca143457f714410541,0,rag_5,5,5,5,3,2,0,0.12,2.120263536200091,1.0777999999999999,1357,49,0.28,0.15,0.45,0.12
277,6194658364bc0b3745170aca143457f714410541,0,rag_10,10,5,5,3,2,0,0.12,2.120263536200091,1.0777999999999999,1357,49,0.28,0.15,0.45,0.12
277,6194658364bc0b3745170aca143457f714410541,0,rag_all_support,-1,5,5,3,2,0,0.12,2.120263536200091,1.0777999999999999,1357,49,0.28,0.15,0.45,0.12
753,cd0dd3ff0eb9693696001a9bba02fc33f28ec82f,2,query_only,0,0,9,2,1,0,0.18,1.7147984280919266,0.9016000000000002,530,49,0.28,0.32,0.18,0.22
753,cd0dd3ff0eb9693696001a9bba02fc33f28ec82f,2,rag_1,1,1,9,2,0,0,0.15,1.8971199848858813,0.985,637,49,0.4,0.25,0.15,0.2
753,cd0dd3ff0eb9693696001a9bba02fc33f28ec82f,2,rag_3,3,3,9,2,0,0,0.15,1.8971199848858813,0.9997999999999998,869,49,0.42,0.28,0.15,0.15
753,cd0dd3ff0eb9693696001a9bba02fc33f28ec82f,2,rag_5,5,5,9,2,0,0,0.15,1.8971199848858813,1.01,1119,49,0.45,0.25,0.15,0.15
753,cd0dd3ff0eb9693696001a9bba02fc33f28ec82f,2,rag_10,10,9,9,2,0,0,0.15,1.8971199848858813,1.0699999999999998,1681,49,0.55,0.15,0.15,0.15
753,cd0dd3ff0eb9693696001a9bba02fc33f28ec82f,2,rag_all_support,-1,9,9,2,0,0,0.15,1.8971199848858813,1.0699999999999998,1681,49,0.55,0.15,0.15,0.15
604,407ed79b52743885dda2f1babb9d06dbbd0135c0,0,query_only,0,0,13,2,0,0,0.25,1.3862943611198906,0.885,393,49,0.55,0.1,0.25,0.1
604,407ed79b52743885dda2f1babb9d06dbbd0135c0,0,rag_1,1,1,13,2,0,0,0.25,1.3862943611198906,0.89,468,49,0.55,0.15,0.25,0.05
604,407ed79b52743885dda2f1babb9d06dbbd0135c0,0,rag_3,3,3,13,2,0,0,0.35,1.0498221244986778,0.73,641,49,0.55,0.05,0.35,0.05
604,407ed79b52743885dda2f1babb9d06dbbd0135c0,0,rag_5,5,5,13,2,0,0,0.25,1.3862943611198906,0.89,819,49,0.55,0.15,0.25,0.05
604,407ed79b52743885dda2f1babb9d06dbbd0135c0,0,rag_10,10,10,13,2,0,0,0.25,1.3862943611198906,0.89,1392,49,0.55,0.15,0.25,0.05
604,407ed79b52743885dda2f1babb9d06dbbd0135c0,0,rag_all_support,-1,13,13,2,0,0,0.4,0.916290731874155,0.575,1777,49,0.45,0.1,0.4,0.05
445,0c426ba68acc7d0bad5e08b0a9523989295eaecb,1,query_only,0,0,13,3,0,0,0.2,1.6094379124341003,0.8850000000000001,461,49,0.4,0.25,0.15,0.2
445,0c426ba68acc7d0bad5e08b0a9523989295eaecb,1,rag_1,1,1,13,3,0,0,0.15,1.8971199848858813,0.985,574,49,0.4,0.25,0.2,0.15
445,0c426ba68acc7d0bad5e08b0a9523989295eaecb,1,rag_3,3,3,13,3,0,0,0.15,1.8971199848858813,1.01,767,49,0.45,0.25,0.15,0.15
445,0c426ba68acc7d0bad5e08b0a9523989295eaecb,1,rag_5,5,5,13,3,1,0,0.2,1.6094379124341003,0.8550000000000001,974,49,0.25,0.3,0.25,0.2
445,0c426ba68acc7d0bad5e08b0a9523989295eaecb,1,rag_10,10,10,13,3,0,0,0.25,1.3862943611198906,0.75,1509,49,0.25,0.25,0.25,0.25
445,0c426ba68acc7d0bad5e08b0a9523989295eaecb,1,rag_all_support,-1,13,13,3,0,0,0.25,1.3862943611198906,0.75,1828,49,0.25,0.25,0.25,0.25
101,f1e1d02ec1c6eaa6f2e18d9add4b714674f16c6f,2,query_only,0,0,9,3,0,0,0.25,1.3862943611198906,0.75,594,49,0.25,0.25,0.25,0.25
101,f1e1d02ec1c6eaa6f2e18d9add4b714674f16c6f,2,rag_1,1,1,9,3,2,0,0.2,1.6094379124341003,0.8550000000000001,699,49,0.25,0.25,0.3,0.2
101,f1e1d02ec1c6eaa6f2e18d9add4b714674f16c6f,2,rag_3,3,3,9,3,2,0,0.2,1.6094379124341003,0.8550000000000001,891,49,0.25,0.25,0.3,0.2
101,f1e1d02ec1c6eaa6f2e18d9add4b714674f16c6f,2,rag_5,5,5,9,3,0,0,0.15,1.8971199848858813,1.07,1083,49,0.55,0.15,0.15,0.15
101,f1e1d02ec1c6eaa6f2e18d9add4b714674f16c6f,2,rag_10,10,9,9,3,0,0,0.25,1.3862943611198906,0.75,1708,49,0.25,0.25,0.25,0.25
101,f1e1d02ec1c6eaa6f2e18d9add4b714674f16c6f,2,rag_all_support,-1,9,9,3,0,0,0.25,1.3862943611198906,0.75,1708,49,0.25,0.25,0.25,0.25
879,cbd688d719802be36d6848139e472ffc25a7d812,3,query_only,0,0,11,2,0,0,0.20000000000000004,1.6094379124341003,0.915,483,49,0.45000000000000007,0.25000000000000006,0.20000000000000004,0.10000000000000002
879,cbd688d719802be36d6848139e472ffc25a7d812,3,rag_1,1,1,11,2,0,0,0.19999999999999996,1.6094379124341005,0.9750000000000001,612,49,0.5499999999999999,0.14999999999999997,0.19999999999999996,0.09999999999999998
879,cbd688d719802be36d6848139e472ffc25a7d812,3,rag_3,3,3,11,2,0,0,0.19999999999999996,1.6094379124341005,0.9750000000000001,809,49,0.5499999999999999,0.14999999999999997,0.19999999999999996,0.09999999999999998
879,cbd688d719802be36d6848139e472ffc25a7d812,3,rag_5,5,5,11,2,0,0,0.15,1.8971199848858813,1.0699999999999998,1042,49,0.55,0.15,0.15,0.15
879,cbd688d719802be36d6848139e472ffc25a7d812,3,rag_10,10,10,11,2,0,0,0.28,1.2729656758128873,0.7415999999999999,1627,49,0.42,0.18,0.28,0.12
879,cbd688d719802be36d6848139e472ffc25a7d812,3,rag_all_support,-1,11,11,2,0,0,0.19999999999999996,1.6094379124341005,0.9750000000000001,1732,49,0.5499999999999999,0.14999999999999997,0.19999999999999996,0.09999999999999998
256,ee4e685e4cd227f920cfe463d4daf635ef601ad8,0,query_only,0,0,4,0,0,1,0.4,0.916290731874155,0.515,977,49,0.4,0.35,0.15,0.1
256,ee4e685e4cd227f920cfe463d4daf635ef601ad8,0,rag_1,1,1,4,0,0,1,0.42,0.8675005677047231,0.45980000000000015,1065,49,0.42,0.28,0.15,0.15
256,ee4e685e4cd227f920cfe463d4daf635ef601ad8,0,rag_3,3,3,4,0,0,1,0.45,0.7985076962177716,0.4100000000000001,1554,49,0.45,0.25,0.15,0.15
256,ee4e685e4cd227f920cfe463d4daf635ef601ad8,0,rag_5,5,4,4,0,0,1,0.42,0.8675005677047231,0.46000000000000013,1723,49,0.42,0.28,0.14,0.16
256,ee4e685e4cd227f920cfe463d4daf635ef601ad8,0,rag_10,10,4,4,0,0,1,0.42,0.8675005677047231,0.46000000000000013,1723,49,0.42,0.28,0.14,0.16
256,ee4e685e4cd227f920cfe463d4daf635ef601ad8,0,rag_all_support,-1,4,4,0,0,1,0.42,0.8675005677047231,0.46000000000000013,1723,49,0.42,0.28,0.14,0.16
837,36ea74e04d9e4426fea0e64f53dbed1b422a30d2,1,query_only,0,0,13,0,0,1,0.5800000000000001,0.5447271754416719,0.25039999999999996,483,49,0.5800000000000001,0.24000000000000002,0.08000000000000002,0.10000000000000002
837,36ea74e04d9e4426fea0e64f53dbed1b422a30d2,1,rag_1,1,1,13,0,0,1,0.55,0.5978370007556204,0.29,668,49,0.55,0.25,0.15,0.05
837,36ea74e04d9e4426fea0e64f53dbed1b422a30d2,1,rag_3,3,3,13,0,0,1,0.55,0.5978370007556204,0.27499999999999997,956,49,0.55,0.2,0.15,0.1
837,36ea74e04d9e4426fea0e64f53dbed1b422a30d2,1,rag_5,5,5,13,0,0,1,0.55,0.5978370007556204,0.27499999999999997,1150,49,0.55,0.2,0.15,0.1
837,36ea74e04d9e4426fea0e64f53dbed1b422a30d2,1,rag_10,10,10,13,0,0,1,0.62,0.4780358009429998,0.19680000000000003,1777,49,0.62,0.18,0.1,0.1
837,36ea74e04d9e4426fea0e64f53dbed1b422a30d2,1,rag_all_support,-1,13,13,0,0,1,0.55,0.5978370007556204,0.29,2108,49,0.55,0.25,0.15,0.05
408,700900e6e866ea5bc904b55977a4f54095910033,2,query_only,0,0,17,2,1,0,0.2,1.6094379124341003,0.8650000000000002,498,49,0.25,0.35,0.2,0.2
408,700900e6e866ea5bc904b55977a4f54095910033,2,rag_1,1,1,17,2,1,0,0.15,1.8971199848858813,0.985,603,49,0.25,0.4,0.15,0.2
408,700900e6e866ea5bc904b55977a4f54095910033,2,rag_3,3,3,17,2,0,0,0.1,2.3025850929940455,1.145,810,49,0.45,0.35,0.1,0.1
408,700900e6e866ea5bc904b55977a4f54095910033,2,rag_5,5,5,17,2,1,0,0.2,1.6094379124341003,0.8850000000000001,1078,49,0.25,0.4,0.2,0.15
408,700900e6e866ea5bc904b55977a4f54095910033,2,rag_10,10,10,17,2,0,0,0.15,1.8971199848858813,0.9997999999999998,1608,49,0.42,0.28,0.15,0.15
408,700900e6e866ea5bc904b55977a4f54095910033,2,rag_all_support,-1,17,17,2,0,0,0.15,1.8971199848858813,1.015,2612,49,0.4,0.35,0.15,0.1
63,c328adc20e1cfba2ab437ee9ffbffe4a267a4be7,1,query_only,0,0,12,2,1,0,0.25,1.3862943611198906,0.755,428,49,0.25,0.3,0.25,0.2
63,c328adc20e1cfba2ab437ee9ffbffe4a267a4be7,1,rag_1,1,1,12,2,1,0,0.28,1.2729656758128873,0.7273999999999999,529,49,0.28,0.35,0.28,0.09
63,c328adc20e1cfba2ab437ee9ffbffe4a267a4be7,1,rag_3,3,3,12,2,1,0,0.25,1.3862943611198906,0.7598,773,49,0.28,0.3,0.25,0.17
63,c328adc20e1cfba2ab437ee9ffbffe4a267a4be7,1,rag_5,5,5,12,2,0,0,0.25,1.3862943611198906,0.75,992,49,0.25,0.25,0.25,0.25
63,c328adc20e1cfba2ab437ee9ffbffe4a267a4be7,1,rag_10,10,10,12,2,0,0,0.25,1.3862943611198906,0.75,1542,49,0.25,0.25,0.25,0.25
63,c328adc20e1cfba2ab437ee9ffbffe4a267a4be7,1,rag_all_support,-1,12,12,2,2,1,0.3,1.2039728043259361,0.655,1931,49,0.25,0.25,0.3,0.2
494,1ff56db09942f410b3d9a5d3e7548a7c3bdac337,2,query_only,0,0,11,2,1,0,0.25,1.3862943611198906,0.755,458,49,0.25,0.3,0.25,0.2
494,1ff56db09942f410b3d9a5d3e7548a7c3bdac337,2,rag_1,1,1,11,2,1,0,0.25,1.3862943611198906,0.77,554,49,0.25,0.35,0.25,0.15
494,1ff56db09942f410b3d9a5d3e7548a7c3bdac337,2,rag_3,3,3,11,2,1,0,0.22,1.5141277326297755,0.8568000000000001,725,49,0.28,0.4,0.22,0.1
494,1ff56db09942f410b3d9a5d3e7548a7c3bdac337,2,rag_5,5,5,11,2,1,0,0.25,1.3862943611198906,0.77,922,49,0.25,0.35,0.25,0.15
494,1ff56db09942f410b3d9a5d3e7548a7c3bdac337,2,rag_10,10,10,11,2,1,0,0.25,1.3862943611198906,0.77,1405,49,0.25,0.35,0.25,0.15
494,1ff56db09942f410b3d9a5d3e7548a7c3bdac337,2,rag_all_support,-1,11,11,2,1,0,0.2,1.6094379124341003,0.8650000000000002,1501,49,0.25,0.35,0.2,0.2
542,992d96bc104eb74a5b3f29c4322b82e99275ef55,4,query_only,0,0,9,0,1,0,0.25,1.3862943611198906,0.785,485,49,0.25,0.4,0.2,0.15
542,992d96bc104eb74a5b3f29c4322b82e99275ef55,4,rag_1,1,1,9,0,1,0,0.25,1.3862943611198906,0.7699999999999999,587,49,0.25,0.35,0.25,0.15
542,992d96bc104eb74a5b3f29c4322b82e99275ef55,4,rag_3,3,3,9,0,1,0,0.25,1.3862943611198906,0.8099999999999999,793,49,0.25,0.45,0.15,0.15
542,992d96bc104eb74a5b3f29c4322b82e99275ef55,4,rag_5,5,5,9,0,1,0,0.25,1.3862943611198906,0.7699999999999999,1029,49,0.25,0.35,0.25,0.15
542,992d96bc104eb74a5b3f29c4322b82e99275ef55,4,rag_10,10,9,9,0,1,0,0.25,1.3862943611198906,0.7699999999999999,1469,49,0.25,0.35,0.25,0.15
542,992d96bc104eb74a5b3f29c4322b82e99275ef55,4,rag_all_support,-1,9,9,0,1,0,0.25,1.3862943611198906,0.7699999999999999,1469,49,0.25,0.35,0.25,0.15
636,a29bfba62f7d92dd8c70419b567e1f306194b9d8,5,query_only,0,0,15,3,2,0,0.05,2.995732273553991,1.37,492,49,0.15,0.15,0.65,0.05
636,a29bfba62f7d92dd8c70419b567e1f306194b9d8,5,rag_1,1,1,15,3,0,0,0.05,2.995732273553991,1.33,612,49,0.55,0.05,0.35,0.05
636,a29bfba62f7d92dd8c70419b567e1f306194b9d8,5,rag_3,3,3,15,3,2,0,0.05,2.995732273553991,1.29,840,49,0.25,0.15,0.55,0.05
636,a29bfba62f7d92dd8c70419b567e1f306194b9d8,5,rag_5,5,5,15,3,2,0,0.05,2.995732273553991,1.37,1101,49,0.15,0.15,0.65,0.05
636,a29bfba62f7d92dd8c70419b567e1f306194b9d8,5,rag_10,10,10,15,3,2,0,0.05,2.995732273553991,1.37,1584,49,0.15,0.15,0.65,0.05
636,a29bfba62f7d92dd8c70419b567e1f306194b9d8,5,rag_all_support,-1,15,15,3,2,0,0.05,2.995732273553991,1.37,2145,49,0.15,0.15,0.65,0.05
621,b574b0739cb3076d5d0d25f0b10996832b87db13,3,query_only,0,0,7,3,2,0,0.2,1.6094379124341003,0.8650000000000001,485,49,0.25,0.2,0.35,0.2
621,b574b0739cb3076d5d0d25f0b10996832b87db13,3,rag_1,1,1,7,3,2,0,0.15,1.8971199848858813,1.0099999999999998,577,49,0.15,0.25,0.45,0.15
621,b574b0739cb3076d5d0d25f0b10996832b87db13,3,rag_3,3,3,7,3,2,0,0.2,1.6094379124341003,0.8850000000000001,795,49,0.25,0.15,0.4,0.2
621,b574b0739cb3076d5d0d25f0b10996832b87db13,3,rag_5,5,5,7,3,2,0,0.2,1.6094379124341003,0.8650000000000001,1078,49,0.2,0.25,0.35,0.2
621,b574b0739cb3076d5d0d25f0b10996832b87db13,3,rag_10,10,7,7,3,2,0,0.22,1.5141277326297755,0.8216000000000001,1276,49,0.18,0.28,0.32,0.22
621,b574b0739cb3076d5d0d25f0b10996832b87db13,3,rag_all_support,-1,7,7,3,2,0,0.22,1.5141277326297755,0.8216000000000001,1276,49,0.18,0.28,0.32,0.22
617,79b83d7298805df122f28d330f74467ddf4592be,3,query_only,0,0,9,0,0,1,0.28,1.2729656758128873,0.6918,585,49,0.28,0.22,0.25,0.25
617,79b83d7298805df122f28d330f74467ddf4592be,3,rag_1,1,1,9,0,0,1,0.35,1.0498221244986778,0.5700000000000001,694,49,0.35,0.25,0.25,0.15
617,79b83d7298805df122f28d330f74467ddf4592be,3,rag_3,3,3,9,0,0,1,0.25,1.3862943611198906,0.75,930,49,0.25,0.25,0.25,0.25
617,79b83d7298805df122f28d330f74467ddf4592be,3,rag_5,5,5,9,0,0,1,0.25,1.3862943611198906,0.75,1189,49,0.25,0.25,0.25,0.25
617,79b83d7298805df122f28d330f74467ddf4592be,3,rag_10,10,9,9,0,0,1,0.25,1.3862943611198906,0.75,1683,49,0.25,0.25,0.25,0.25
617,79b83d7298805df122f28d330f74467ddf4592be,3,rag_all_support,-1,9,9,0,0,1,0.25,1.3862943611198906,0.75,1683,49,0.25,0.25,0.25,0.25
924,0b6c7ad03ffc5e7ace9e98bb266dba1d879a2983,2,query_only,0,0,11,0,0,1,0.35,1.0498221244986778,0.5700000000000001,536,49,0.35,0.15,0.25,0.25
924,0b6c7ad03ffc5e7ace9e98bb266dba1d879a2983,2,rag_1,1,1,11,0,3,0,0.28,1.2729656758128873,0.7328,637,49,0.28,0.12,0.2,0.4
924,0b6c7ad03ffc5e7ace9e98bb266dba1d879a2983,2,rag_3,3,3,11,0,0,1,0.45,0.7985076962177716,0.40500000000000014,844,49,0.45,0.15,0.2,0.2
924,0b6c7ad03ffc5e7ace9e98bb266dba1d879a2983,2,rag_5,5,5,11,0,0,1,0.35,1.0498221244986778,0.5700000000000001,1026,49,0.35,0.15,0.25,0.25
924,0b6c7ad03ffc5e7ace9e98bb266dba1d879a2983,2,rag_10,10,10,11,0,0,1,0.25,1.3862943611198906,0.75,1558,49,0.25,0.25,0.25,0.25
924,0b6c7ad03ffc5e7ace9e98bb266dba1d879a2983,2,rag_all_support,-1,11,11,0,3,0,0.25,1.3862943611198906,0.7699999999999999,1727,49,0.25,0.15,0.25,0.35
221,6dee65c5623f8a2d325a158d1496400a7ac67739,5,query_only,0,0,12,0,0,1,0.45,0.7985076962177716,0.41500000000000004,461,49,0.45,0.1,0.25,0.2
221,6dee65c5623f8a2d325a158d1496400a7ac67739,5,rag_1,1,1,12,0,0,1,0.55,0.5978370007556204,0.26999999999999996,559,49,0.55,0.15,0.15,0.15
221,6dee65c5623f8a2d325a158d1496400a7ac67739,5,rag_3,3,3,12,0,0,1,0.4,0.916290731874155,0.485,780,49,0.4,0.15,0.25,0.2
221,6dee65c5623f8a2d325a158d1496400a7ac67739,5,rag_5,5,5,12,0,2,0,0.25000000000000006,1.3862943611198904,0.81,990,49,0.25000000000000006,0.05000000000000001,0.35000000000000003,0.35000000000000003
221,6dee65c5623f8a2d325a158d1496400a7ac67739,5,rag_10,10,10,12,0,2,0,0.25,1.3862943611198906,0.7699999999999999,1484,49,0.25,0.15,0.35,0.25
221,6dee65c5623f8a2d325a158d1496400a7ac67739,5,rag_all_support,-1,12,12,0,3,0,0.25,1.3862943611198906,0.7699999999999999,1691,49,0.25,0.15,0.25,0.35
938,295fb99690fd4c6721d53a442caa7a48dd30be85,3,query_only,0,0,15,3,1,0,0.3,1.2039728043259361,0.6649999999999999,474,49,0.25,0.3,0.15,0.3
938,295fb99690fd4c6721d53a442caa7a48dd30be85,3,rag_1,1,1,15,3,1,0,0.2,1.6094379124341003,0.8850000000000001,578,49,0.15,0.4,0.25,0.2
938,295fb99690fd4c6721d53a442caa7a48dd30be85,3,rag_3,3,3,15,3,0,0,0.15000000000000002,1.897119984885881,0.975,882,49,0.35000000000000003,0.30000000000000004,0.20000000000000004,0.15000000000000002
938,295fb99690fd4c6721d53a442caa7a48dd30be85,3,rag_5,5,5,15,3,1,0,0.25,1.3862943611198906,0.77,1074,49,0.15,0.35,0.25,0.25
938,295fb99690fd4c6721d53a442caa7a48dd30be85,3,rag_10,10,10,15,3,0,0,0.25,1.3862943611198906,0.75,1610,49,0.25,0.25,0.25,0.25
938,295fb99690fd4c6721d53a442caa7a48dd30be85,3,rag_all_support,-1,15,15,3,0,0,0.25,1.3862943611198906,0.75,2329,49,0.25,0.25,0.25,0.25
292,c44a2df4f2c325dcba906fc9b72e1f1a59d9cb6b,1,query_only,0,0,5,2,1,0,0.2,1.6094379124341003,0.8650000000000002,532,49,0.25,0.35,0.2,0.2
292,c44a2df4f2c325dcba906fc9b72e1f1a59d9cb6b,1,rag_1,1,1,5,2,1,0,0.15,1.8971199848858813,1.01,779,49,0.25,0.45,0.15,0.15
292,c44a2df4f2c325dcba906fc9b72e1f1a59d9cb6b,1,rag_3,3,3,5,2,1,0,0.15,1.8971199848858813,1.015,1077,49,0.35,0.4,0.15,0.1
292,c44a2df4f2c325dcba906fc9b72e1f1a59d9cb6b,1,rag_5,5,5,5,2,1,0,0.15,1.8971199848858813,1.015,1756,49,0.35,0.4,0.15,0.1
292,c44a2df4f2c325dcba906fc9b72e1f1a59d9cb6b,1,rag_10,10,5,5,2,1,0,0.15,1.8971199848858813,1.015,1756,49,0.35,0.4,0.15,0.1
292,c44a2df4f2c325dcba906fc9b72e1f1a59d9cb6b,1,rag_all_support,-1,5,5,2,1,0,0.15,1.8971199848858813,1.015,1756,49,0.35,0.4,0.15,0.1
314,aff582e55feb1582247b77ddc68749b03e55814c,1,query_only,0,0,5,3,0,0,0.2,1.6094379124341003,0.8664000000000002,523,49,0.34,0.18,0.28,0.2
314,aff582e55feb1582247b77ddc68749b03e55814c,1,rag_1,1,1,5,3,0,0,0.25,1.3862943611198906,0.75,702,49,0.25,0.25,0.25,0.25
314,aff582e55feb1582247b77ddc68749b03e55814c,1,rag_3,3,3,5,3,2,0,0.3,1.2039728043259361,0.715,1045,49,0.25,0.05,0.4,0.3
314,aff582e55feb1582247b77ddc68749b03e55814c,1,rag_5,5,5,5,3,3,1,0.35,1.0498221244986778,0.5700000000000001,1376,49,0.25,0.15,0.25,0.35
314,aff582e55feb1582247b77ddc68749b03e55814c,1,rag_10,10,5,5,3,3,1,0.35,1.0498221244986778,0.5700000000000001,1376,49,0.25,0.15,0.25,0.35
314,aff582e55feb1582247b77ddc68749b03e55814c,1,rag_all_support,-1,5,5,3,3,1,0.35,1.0498221244986778,0.5700000000000001,1376,49,0.25,0.15,0.25,0.35
845,1e2c96a5efb1c7408f6686993684bc20eeaf0619,4,query_only,0,0,9,0,0,1,0.55,0.5978370007556204,0.285,411,49,0.55,0.25,0.1,0.1
845,1e2c96a5efb1c7408f6686993684bc20eeaf0619,4,rag_1,1,1,9,0,0,1,0.58,0.5447271754416722,0.2654,516,49,0.58,0.28,0.05,0.09
845,1e2c96a5efb1c7408f6686993684bc20eeaf0619,4,rag_3,3,3,9,0,0,1,0.55,0.5978370007556204,0.285,722,49,0.55,0.25,0.1,0.1
845,1e2c96a5efb1c7408f6686993684bc20eeaf0619,4,rag_5,5,5,9,0,0,1,0.58,0.5447271754416722,0.26480000000000004,972,49,0.58,0.28,0.08,0.06
845,1e2c96a5efb1c7408f6686993684bc20eeaf0619,4,rag_10,10,9,9,0,0,1,0.45,0.7985076962177716,0.4250000000000001,1409,49,0.45,0.3,0.15,0.1
845,1e2c96a5efb1c7408f6686993684bc20eeaf0619,4,rag_all_support,-1,9,9,0,0,1,0.45,0.7985076962177716,0.4250000000000001,1409,49,0.45,0.3,0.15,0.1
749,3d88ca05c848f2dfee2f988ed5112599a20d0e80,1,query_only,0,0,13,0,0,1,0.38,0.9675840262617056,0.5258,518,49,0.38,0.15,0.3,0.17
749,3d88ca05c848f2dfee2f988ed5112599a20d0e80,1,rag_1,1,1,13,0,0,1,0.45,0.7985076962177716,0.4100000000000001,654,49,0.45,0.15,0.25,0.15
749,3d88ca05c848f2dfee2f988ed5112599a20d0e80,1,rag_3,3,3,13,0,0,1,0.36,1.0216512475319814,0.5678000000000001,893,49,0.36,0.18,0.33,0.13
749,3d88ca05c848f2dfee2f988ed5112599a20d0e80,1,rag_5,5,5,13,0,2,0,0.35,1.0498221244986778,0.6150000000000001,1188,49,0.35,0.15,0.4,0.1
749,3d88ca05c848f2dfee2f988ed5112599a20d0e80,1,rag_10,10,10,13,0,0,1,0.33,1.1086626245216111,0.5997999999999999,1708,49,0.33,0.22,0.25,0.2
749,3d88ca05c848f2dfee2f988ed5112599a20d0e80,1,rag_all_support,-1,13,13,0,2,0,0.28,1.2729656758128873,0.7016,2076,49,0.28,0.22,0.32,0.18
978,12ea57014d0a2119cd2fa031a6e9b8fffc9421cb,2,query_only,0,0,17,2,0,0,0.25,1.3862943611198906,0.77,400,49,0.35,0.25,0.25,0.15
978,12ea57014d0a2119cd2fa031a6e9b8fffc9421cb,2,rag_1,1,1,17,2,0,0,0.15,1.8971199848858813,1.0699999999999998,486,49,0.55,0.15,0.15,0.15
978,12ea57014d0a2119cd2fa031a6e9b8fffc9421cb,2,rag_3,3,3,17,2,1,0,0.25,1.3862943611198906,0.77,713,49,0.25,0.35,0.25,0.15
978,12ea57014d0a2119cd2fa031a6e9b8fffc9421cb,2,rag_5,5,5,17,2,1,0,0.25,1.3862943611198906,0.77,930,49,0.25,0.35,0.25,0.15
978,12ea57014d0a2119cd2fa031a6e9b8fffc9421cb,2,rag_10,10,10,17,2,1,0,0.25,1.3862943611198906,0.77,1509,49,0.25,0.35,0.25,0.15
978,12ea57014d0a2119cd2fa031a6e9b8fffc9421cb,2,rag_all_support,-1,17,17,2,1,0,0.25,1.3862943611198906,0.755,2390,49,0.25,0.3,0.25,0.2
139,558a428eef0141b6e98a8e9d56685c312133e497,5,query_only,0,0,15,2,1,0,0.15,1.8971199848858813,0.97,517,49,0.25,0.35,0.15,0.25
139,558a428eef0141b6e98a8e9d56685c312133e497,5,rag_1,1,1,15,2,1,0,0.15,1.8971199848858813,1.015,617,49,0.35,0.4,0.15,0.1
139,558a428eef0141b6e98a8e9d56685c312133e497,5,rag_3,3,3,15,2,1,0,0.15,1.8971199848858813,1.01,841,49,0.25,0.45,0.15,0.15
139,558a428eef0141b6e98a8e9d56685c312133e497,5,rag_5,5,5,15,2,1,0,0.2,1.6094379124341003,0.8650000000000002,1056,49,0.25,0.35,0.2,0.2
139,558a428eef0141b6e98a8e9d56685c312133e497,5,rag_10,10,10,15,2,0,0,0.25,1.3862943611198906,0.77,1679,49,0.35,0.25,0.25,0.15
139,558a428eef0141b6e98a8e9d56685c312133e497,5,rag_all_support,-1,15,15,2,1,0,0.15,1.8971199848858813,1.01,2409,49,0.25,0.45,0.15,0.15
554,37d42e75cafd2cb6adebfad8f6ce0fd9be61e304,1,query_only,0,0,5,1,0,0,0.25,1.3862943611198906,0.75,423,49,0.25,0.25,0.25,0.25
554,37d42e75cafd2cb6adebfad8f6ce0fd9be61e304,1,rag_1,1,1,5,1,1,1,0.35,1.0498221244986778,0.5700000000000001,529,49,0.25,0.35,0.25,0.15
554,37d42e75cafd2cb6adebfad8f6ce0fd9be61e304,1,rag_3,3,3,5,1,1,1,0.35,1.0498221244986778,0.5700000000000001,740,49,0.25,0.35,0.25,0.15
554,37d42e75cafd2cb6adebfad8f6ce0fd9be61e304,1,rag_5,5,5,5,1,1,1,0.35,1.0498221244986778,0.5700000000000001,926,49,0.25,0.35,0.25,0.15
554,37d42e75cafd2cb6adebfad8f6ce0fd9be61e304,1,rag_10,10,5,5,1,1,1,0.35,1.0498221244986778,0.5700000000000001,926,49,0.25,0.35,0.25,0.15
554,37d42e75cafd2cb6adebfad8f6ce0fd9be61e304,1,rag_all_support,-1,5,5,1,1,1,0.35,1.0498221244986778,0.5700000000000001,926,49,0.25,0.35,0.25,0.15
677,328225860d4ff51a289792f2286e47bc91ddde1e,2,query_only,0,0,12,0,0,1,0.3,1.2039728043259361,0.655,600,49,0.3,0.25,0.2,0.25
677,328225860d4ff51a289792f2286e47bc91ddde1e,2,rag_1,1,1,12,0,0,1,0.35,1.0498221244986778,0.5700000000000001,713,49,0.35,0.25,0.15,0.25
677,328225860d4ff51a289792f2286e47bc91ddde1e,2,rag_3,3,3,12,0,0,1,0.55,0.5978370007556204,0.26999999999999996,995,49,0.55,0.15,0.15,0.15
677,328225860d4ff51a289792f2286e47bc91ddde1e,2,rag_5,5,5,12,0,0,1,0.25,1.3862943611198906,0.75,1259,49,0.25,0.25,0.25,0.25
677,328225860d4ff51a289792f2286e47bc91ddde1e,2,rag_10,10,10,12,0,0,1,0.25,1.3862943611198906,0.75,1935,49,0.25,0.25,0.25,0.25
677,328225860d4ff51a289792f2286e47bc91ddde1e,2,rag_all_support,-1,12,12,0,0,1,0.25,1.3862943611198906,0.75,2257,49,0.25,0.25,0.25,0.25
589,f4b13977609c19d67e8ebd0298035a6c9b992734,0,query_only,0,0,13,0,1,0,0.27999999999999997,1.2729656758128876,0.7223999999999999,487,49,0.27999999999999997,0.33999999999999997,0.27999999999999997,0.09999999999999998
589,f4b13977609c19d67e8ebd0298035a6c9b992734,0,rag_1,1,1,13,0,1,0,0.25000000000000006,1.3862943611198904,0.8150000000000002,603,49,0.25000000000000006,0.45000000000000007,0.20000000000000004,0.10000000000000002
589,f4b13977609c19d67e8ebd0298035a6c9b992734,0,rag_3,3,3,13,0,1,0,0.35,1.0498221244986778,0.615,785,49,0.35,0.4,0.15,0.1
589,f4b13977609c19d67e8ebd0298035a6c9b992734,0,rag_5,5,5,13,0,1,0,0.25,1.3862943611198906,0.795,981,49,0.25,0.4,0.25,0.1
589,f4b13977609c19d67e8ebd0298035a6c9b992734,0,rag_10,10,10,13,0,1,0,0.25,1.3862943611198906,0.795,1458,49,0.25,0.4,0.25,0.1
589,f4b13977609c19d67e8ebd0298035a6c9b992734,0,rag_all_support,-1,13,13,0,1,0,0.35,1.0498221244986778,0.625,1855,49,0.35,0.4,0.2,0.05
39,844f287eec9be7768f79c0b6f707f6cba3ba1335,4,query_only,0,0,13,2,0,0,0.25,1.3862943611198906,0.75,481,49,0.25,0.25,0.25,0.25
39,844f287eec9be7768f79c0b6f707f6cba3ba1335,4,rag_1,1,1,13,2,0,0,0.2,1.6094379124341003,0.8650000000000002,598,49,0.35,0.25,0.2,0.2
39,844f287eec9be7768f79c0b6f707f6cba3ba1335,4,rag_3,3,3,13,2,0,0,0.2,1.6094379124341003,0.8650000000000002,821,49,0.35,0.25,0.2,0.2
39,844f287eec9be7768f79c0b6f707f6cba3ba1335,4,rag_5,5,5,13,2,0,0,0.2,1.6094379124341003,0.9050000000000001,1009,49,0.45,0.2,0.2,0.15
39,844f287eec9be7768f79c0b6f707f6cba3ba1335,4,rag_10,10,10,13,2,0,0,0.25,1.3862943611198906,0.77,1634,49,0.35,0.25,0.25,0.15
39,844f287eec9be7768f79c0b6f707f6cba3ba1335,4,rag_all_support,-1,13,13,2,0,0,0.25,1.3862943611198906,0.77,1991,49,0.35,0.25,0.25,0.15
513,83301588c63dfa1998118b7b761d68fc9c28eb0f,5,query_only,0,0,13,1,0,0,0.05,2.995732273553991,1.29,543,49,0.55,0.05,0.25,0.15
513,83301588c63dfa1998118b7b761d68fc9c28eb0f,5,rag_1,1,1,13,1,0,0,0.22,1.5141277326297755,0.8744000000000001,652,49,0.46,0.22,0.2,0.12
513,83301588c63dfa1998118b7b761d68fc9c28eb0f,5,rag_3,3,3,13,1,0,0,0.2800000000000001,1.272965675812887,0.7415999999999999,896,49,0.42000000000000004,0.2800000000000001,0.18000000000000002,0.12000000000000001
513,83301588c63dfa1998118b7b761d68fc9c28eb0f,5,rag_5,5,5,13,1,0,0,0.2,1.6094379124341003,0.9750000000000001,1111,49,0.55,0.2,0.15,0.1
513,83301588c63dfa1998118b7b761d68fc9c28eb0f,5,rag_10,10,10,13,1,0,0,0.25000000000000006,1.3862943611198904,0.7850000000000001,1595,49,0.35000000000000003,0.25000000000000006,0.30000000000000004,0.10000000000000002
513,83301588c63dfa1998118b7b761d68fc9c28eb0f,5,rag_all_support,-1,13,13,1,2,0,0.25,1.3862943611198906,0.755,1945,49,0.25,0.25,0.3,0.2
613,0c685175ab8380f51606916b12a8d1a82c1ce2e8,0,query_only,0,0,10,0,2,0,0.25,1.3862943611198906,0.755,434,49,0.25,0.25,0.3,0.2
613,0c685175ab8380f51606916b12a8d1a82c1ce2e8,0,rag_1,1,1,10,0,1,0,0.25,1.3862943611198906,0.7649999999999999,553,49,0.25,0.3,0.3,0.15
613,0c685175ab8380f51606916b12a8d1a82c1ce2e8,0,rag_3,3,3,10,0,1,0,0.25,1.3862943611198906,0.7699999999999999,751,49,0.25,0.35,0.25,0.15
613,0c685175ab8380f51606916b12a8d1a82c1ce2e8,0,rag_5,5,5,10,0,2,0,0.25,1.3862943611198906,0.7849999999999999,972,49,0.25,0.3,0.35,0.1
613,0c685175ab8380f51606916b12a8d1a82c1ce2e8,0,rag_10,10,10,10,0,2,0,0.25,1.3862943611198906,0.7699999999999999,1564,49,0.25,0.25,0.35,0.15
613,0c685175ab8380f51606916b12a8d1a82c1ce2e8,0,rag_all_support,-1,10,10,0,2,0,0.25,1.3862943611198906,0.7699999999999999,1564,49,0.25,0.25,0.35,0.15
107,26114b424cca3c7883dcd7e1e0b8ffcb17462698,3,query_only,0,0,11,0,0,1,0.25,1.3862943611198906,0.75,433,49,0.25,0.25,0.25,0.25
107,26114b424cca3c7883dcd7e1e0b8ffcb17462698,3,rag_1,1,1,11,0,1,0,0.25,1.3862943611198906,0.755,521,49,0.25,0.3,0.25,0.2
107,26114b424cca3c7883dcd7e1e0b8ffcb17462698,3,rag_3,3,3,11,0,1,0,0.25,1.3862943611198906,0.765,740,49,0.25,0.35,0.2,0.2
107,26114b424cca3c7883dcd7e1e0b8ffcb17462698,3,rag_5,5,5,11,0,0,1,0.25,1.3862943611198906,0.75,1101,49,0.25,0.25,0.25,0.25
107,26114b424cca3c7883dcd7e1e0b8ffcb17462698,3,rag_10,10,10,11,0,0,1,0.35,1.0498221244986778,0.5650000000000001,1757,49,0.35,0.25,0.2,0.2
107,26114b424cca3c7883dcd7e1e0b8ffcb17462698,3,rag_all_support,-1,11,11,0,0,1,0.4,0.916290731874155,0.48500000000000004,1972,49,0.4,0.25,0.2,0.15
432,1926ef0c90396f13a830ab07200f253c23c28a81,1,query_only,0,0,11,0,1,0,0.35,1.0498221244986778,0.615,536,49,0.35,0.4,0.15,0.1
432,1926ef0c90396f13a830ab07200f253c23c28a81,1,rag_1,1,1,11,0,1,0,0.25,1.3862943611198906,0.785,645,49,0.25,0.4,0.15,0.2
432,1926ef0c90396f13a830ab07200f253c23c28a81,1,rag_3,3,3,11,0,1,0,0.25,1.3862943611198906,0.785,856,49,0.25,0.4,0.2,0.15
432,1926ef0c90396f13a830ab07200f253c23c28a81,1,rag_5,5,5,11,0,1,0,0.35,1.0498221244986778,0.615,1064,49,0.35,0.4,0.15,0.1
432,1926ef0c90396f13a830ab07200f253c23c28a81,1,rag_10,10,10,11,0,1,0,0.35,1.0498221244986778,0.615,1639,49,0.35,0.4,0.15,0.1
432,1926ef0c90396f13a830ab07200f253c23c28a81,1,rag_all_support,-1,11,11,0,0,1,0.4,0.916290731874155,0.495,1766,49,0.4,0.3,0.15,0.15
800,5286c690405550253ed02d2f0ddaf0bce235cb98,3,query_only,0,0,13,2,2,1,0.35,1.0498221244986778,0.5718000000000001,457,49,0.28,0.22,0.35,0.15
800,5286c690405550253ed02d2f0ddaf0bce235cb98,3,rag_1,1,1,13,2,2,1,0.3,1.2039728043259361,0.655,562,49,0.25,0.25,0.3,0.2
800,5286c690405550253ed02d2f0ddaf0bce235cb98,3,rag_3,3,3,13,2,2,1,0.35,1.0498221244986778,0.5700000000000001,839,49,0.25,0.25,0.35,0.15
800,5286c690405550253ed02d2f0ddaf0bce235cb98,3,rag_5,5,5,13,2,2,1,0.35,1.0498221244986778,0.5700000000000001,1038,49,0.25,0.25,0.35,0.15
800,5286c690405550253ed02d2f0ddaf0bce235cb98,3,rag_10,10,10,13,2,0,0,0.25,1.3862943611198906,0.75,1622,49,0.25,0.25,0.25,0.25
800,5286c690405550253ed02d2f0ddaf0bce235cb98,3,rag_all_support,-1,13,13,2,2,1,0.35,1.0498221244986778,0.5700000000000001,1927,49,0.25,0.25,0.35,0.15
260,d03477215984e392f238796d2500fcb1ed041f8f,0,query_only,0,0,6,1,0,0,0.25,1.3862943611198906,0.7699999999999999,542,49,0.35,0.25,0.25,0.15
260,d03477215984e392f238796d2500fcb1ed041f8f,0,rag_1,1,1,6,1,0,0,0.25,1.3862943611198906,0.7518,764,49,0.28,0.25,0.22,0.25
260,d03477215984e392f238796d2500fcb1ed041f8f,0,rag_3,3,3,6,1,0,0,0.28,1.2729656758128873,0.7008,1055,49,0.28,0.28,0.28,0.16
260,d03477215984e392f238796d2500fcb1ed041f8f,0,rag_5,5,5,6,1,0,0,0.25,1.3862943611198906,0.75,1359,49,0.25,0.25,0.25,0.25
260,d03477215984e392f238796d2500fcb1ed041f8f,0,rag_10,10,6,6,1,0,0,0.25,1.3862943611198906,0.75,1517,49,0.25,0.25,0.25,0.25
260,d03477215984e392f238796d2500fcb1ed041f8f,0,rag_all_support,-1,6,6,1,0,0,0.25,1.3862943611198906,0.75,1517,49,0.25,0.25,0.25,0.25
307,d5fe37ca398821603c4b5219d5a299e1d2fbd116,4,query_only,0,0,11,2,0,0,0.2,1.6094379124341003,0.8608000000000002,636,49,0.32,0.28,0.2,0.2
307,d5fe37ca398821603c4b5219d5a299e1d2fbd116,4,rag_1,1,1,11,2,0,0,0.16,1.8325814637483102,0.959,789,49,0.34,0.33,0.16,0.17
307,d5fe37ca398821603c4b5219d5a299e1d2fbd116,4,rag_3,3,3,11,2,1,0,0.18,1.7147984280919266,0.9304000000000001,1033,49,0.28,0.4,0.18,0.14
307,d5fe37ca398821603c4b5219d5a299e1d2fbd116,4,rag_5,5,5,11,2,1,0,0.2,1.6094379124341003,0.8824000000000001,1380,49,0.28,0.38,0.2,0.14
307,d5fe37ca398821603c4b5219d5a299e1d2fbd116,4,rag_10,10,10,11,2,1,0,0.2,1.6094379124341003,0.8608000000000002,2620,49,0.28,0.32,0.2,0.2
307,d5fe37ca398821603c4b5219d5a299e1d2fbd116,4,rag_all_support,-1,11,11,2,1,0,0.2,1.6094379124341003,0.8800000000000002,2809,49,0.2,0.4,0.2,0.2
713,6387d116b33a9930f7947ea8c6cdf5a52f99af5c,1,query_only,0,0,9,2,2,1,0.35,1.0498221244986778,0.5700000000000001,533,49,0.15,0.25,0.35,0.25
713,6387d116b33a9930f7947ea8c6cdf5a52f99af5c,1,rag_1,1,1,9,2,0,0,0.25,1.3862943611198906,0.75,632,49,0.25,0.25,0.25,0.25
713,6387d116b33a9930f7947ea8c6cdf5a52f99af5c,1,rag_3,3,3,9,2,2,1,0.4,0.916290731874155,0.485,845,49,0.15,0.25,0.4,0.2
713,6387d116b33a9930f7947ea8c6cdf5a52f99af5c,1,rag_5,5,5,9,2,1,0,0.25,1.3862943611198906,0.7658,1057,49,0.28,0.32,0.25,0.15
713,6387d116b33a9930f7947ea8c6cdf5a52f99af5c,1,rag_10,10,9,9,2,0,0,0.25,1.3862943611198906,0.75,1514,49,0.25,0.25,0.25,0.25
713,6387d116b33a9930f7947ea8c6cdf5a52f99af5c,1,rag_all_support,-1,9,9,2,0,0,0.25,1.3862943611198906,0.75,1514,49,0.25,0.25,0.25,0.25
820,8e7d84375aa9ee472512f28ec4ea07dfb0d4c342,3,query_only,0,0,11,3,0,0,0.25,1.3862943611198906,0.75,523,49,0.25,0.25,0.25,0.25
820,8e7d84375aa9ee472512f28ec4ea07dfb0d4c342,3,rag_1,1,1,11,3,0,0,0.15,1.8971199848858813,0.985,647,49,0.4,0.25,0.2,0.15
820,8e7d84375aa9ee472512f28ec4ea07dfb0d4c342,3,rag_3,3,3,11,3,0,0,0.15,1.8971199848858813,1.01,854,49,0.45,0.25,0.15,0.15
820,8e7d84375aa9ee472512f28ec4ea07dfb0d4c342,3,rag_5,5,5,11,3,0,0,0.15,1.8971199848858813,0.985,1067,49,0.4,0.25,0.2,0.15
820,8e7d84375aa9ee472512f28ec4ea07dfb0d4c342,3,rag_10,10,10,11,3,0,0,0.2,1.6094379124341003,0.8650000000000001,1626,49,0.35,0.25,0.2,0.2
820,8e7d84375aa9ee472512f28ec4ea07dfb0d4c342,3,rag_all_support,-1,11,11,3,0,0,0.2,1.6094379124341003,0.8850000000000001,1735,49,0.4,0.25,0.15,0.2
137,f69933a56b0e5621b31719408d13ca5d2530eb29,3,query_only,0,0,15,3,0,0,0.14,1.9661128563728327,0.9894,566,49,0.33,0.25,0.28,0.14
137,f69933a56b0e5621b31719408d13ca5d2530eb29,3,rag_1,1,1,15,3,0,0,0.15,1.8971199848858813,0.97,675,49,0.35,0.25,0.25,0.15
137,f69933a56b0e5621b31719408d13ca5d2530eb29,3,rag_3,3,3,15,3,0,0,0.15,1.8971199848858813,0.97,891,49,0.35,0.25,0.25,0.15
137,f69933a56b0e5621b31719408d13ca5d2530eb29,3,rag_5,5,5,15,3,0,0,0.25,1.3862943611198906,0.75,1094,49,0.25,0.25,0.25,0.25
137,f69933a56b0e5621b31719408d13ca5d2530eb29,3,rag_10,10,10,15,3,0,0,0.2,1.6094379124341003,0.8550000000000001,1607,49,0.3,0.25,0.25,0.2
137,f69933a56b0e5621b31719408d13ca5d2530eb29,3,rag_all_support,-1,15,15,3,2,0,0.2,1.6094379124341003,0.8568000000000001,2272,49,0.28,0.22,0.3,0.2
947,1524caec7207d906c9a79e43e47889a33fe62346,1,query_only,0,0,17,2,1,0,0.25,1.3862943611198906,0.77,488,49,0.25,0.35,0.25,0.15
947,1524caec7207d906c9a79e43e47889a33fe62346,1,rag_1,1,1,17,2,1,0,0.25,1.3862943611198906,0.77,591,49,0.25,0.35,0.25,0.15
947,1524caec7207d906c9a79e43e47889a33fe62346,1,rag_3,3,3,17,2,0,0,0.25000000000000006,1.3862943611198904,0.785,774,49,0.35000000000000003,0.30000000000000004,0.25000000000000006,0.10000000000000002
947,1524caec7207d906c9a79e43e47889a33fe62346,1,rag_5,5,5,17,2,0,0,0.25,1.3862943611198906,0.755,1029,49,0.3,0.25,0.25,0.2
947,1524caec7207d906c9a79e43e47889a33fe62346,1,rag_10,10,10,17,2,1,0,0.25,1.3862943611198906,0.755,1686,49,0.25,0.3,0.25,0.2
947,1524caec7207d906c9a79e43e47889a33fe62346,1,rag_all_support,-1,17,17,2,1,0,0.30000000000000004,1.203972804325936,0.685,2475,49,0.25000000000000006,0.35000000000000003,0.30000000000000004,0.10000000000000002
479,f049340ed2c23a5091046c3de6712194adb1c301,3,query_only,0,0,9,0,2,0,0.25,1.3862943611198906,0.7699999999999999,650,49,0.25,0.15,0.35,0.25
479,f049340ed2c23a5091046c3de6712194adb1c301,3,rag_1,1,1,9,0,0,1,0.35,1.0498221244986778,0.59,842,49,0.35,0.15,0.35,0.15
479,f049340ed2c23a5091046c3de6712194adb1c301,3,rag_3,3,3,9,0,2,0,0.25,1.3862943611198906,0.8150000000000001,1059,49,0.25,0.1,0.45,0.2
479,f049340ed2c23a5091046c3de6712194adb1c301,3,rag_5,5,5,9,0,2,0,0.25,1.3862943611198906,0.7699999999999999,1243,49,0.25,0.15,0.35,0.25
479,f049340ed2c23a5091046c3de6712194adb1c301,3,rag_10,10,9,9,0,2,0,0.15,1.8971199848858813,1.005,1708,49,0.15,0.2,0.45,0.2
479,f049340ed2c23a5091046c3de6712194adb1c301,3,rag_all_support,-1,9,9,0,2,0,0.15,1.8971199848858813,1.005,1708,49,0.15,0.2,0.45,0.2
365,aeddb350131244be3d40e3ced9aaa6157718979b,1,query_only,0,0,11,1,0,0,0.25,1.3862943611198906,0.7518,600,49,0.28,0.25,0.22,0.25
365,aeddb350131244be3d40e3ced9aaa6157718979b,1,rag_1,1,1,11,1,0,0,0.25,1.3862943611198906,0.885,750,49,0.55,0.25,0.1,0.1
365,aeddb350131244be3d40e3ced9aaa6157718979b,1,rag_3,3,3,11,1,0,0,0.28,1.2729656758128873,0.7397999999999999,1018,49,0.42,0.28,0.15,0.15
365,aeddb350131244be3d40e3ced9aaa6157718979b,1,rag_5,5,5,11,1,0,0,0.28,1.2729656758128873,0.7058,1241,49,0.32,0.28,0.25,0.15
365,aeddb350131244be3d40e3ced9aaa6157718979b,1,rag_10,10,10,11,1,0,0,0.35,1.0498221244986778,0.59,1768,49,0.35,0.35,0.15,0.15
365,aeddb350131244be3d40e3ced9aaa6157718979b,1,rag_all_support,-1,11,11,1,0,0,0.35,1.0498221244986778,0.645,1871,49,0.45,0.35,0.1,0.1
499,9dfff3e88b638b76d62bc814b87e4f72a46d717e,1,query_only,0,0,9,3,0,0,0.1,2.3025850929940455,1.0950000000000002,502,49,0.4,0.25,0.25,0.1
499,9dfff3e88b638b76d62bc814b87e4f72a46d717e,1,rag_1,1,1,9,3,0,0,0.09999999999999998,2.302585092994046,1.0999999999999999,701,49,0.3999999999999999,0.19999999999999996,0.29999999999999993,0.09999999999999998
499,9dfff3e88b638b76d62bc814b87e4f72a46d717e,1,rag_3,3,3,9,3,0,0,0.05,2.995732273553991,1.29,984,49,0.55,0.15,0.25,0.05
499,9dfff3e88b638b76d62bc814b87e4f72a46d717e,1,rag_5,5,5,9,3,0,0,0.15,1.8971199848858813,0.9949999999999999,1161,49,0.4,0.15,0.3,0.15
499,9dfff3e88b638b76d62bc814b87e4f72a46d717e,1,rag_10,10,9,9,3,2,0,0.15,1.8971199848858813,0.97,1612,49,0.25,0.25,0.35,0.15
499,9dfff3e88b638b76d62bc814b87e4f72a46d717e,1,rag_all_support,-1,9,9,3,2,0,0.15,1.8971199848858813,0.97,1612,49,0.25,0.25,0.35,0.15
88,cfd551cdbdd4e6952bc69b55ce9b0f28ca41c8a0,3,query_only,0,0,8,2,0,0,0.25,1.3862943611198906,0.75,431,49,0.25,0.25,0.25,0.25
88,cfd551cdbdd4e6952bc69b55ce9b0f28ca41c8a0,3,rag_1,1,1,8,2,0,0,0.25,1.3862943611198906,0.75,536,49,0.25,0.25,0.25,0.25
88,cfd551cdbdd4e6952bc69b55ce9b0f28ca41c8a0,3,rag_3,3,3,8,2,3,0,0.15,1.8971199848858813,0.985,785,49,0.2,0.25,0.15,0.4
88,cfd551cdbdd4e6952bc69b55ce9b0f28ca41c8a0,3,rag_5,5,5,8,2,3,0,0.25,1.3862943611198906,0.7699999999999999,1036,49,0.25,0.15,0.25,0.35
88,cfd551cdbdd4e6952bc69b55ce9b0f28ca41c8a0,3,rag_10,10,8,8,2,3,0,0.15,1.8971199848858813,0.9699999999999999,1617,49,0.25,0.25,0.15,0.35
88,cfd551cdbdd4e6952bc69b55ce9b0f28ca41c8a0,3,rag_all_support,-1,8,8,2,3,0,0.15,1.8971199848858813,0.9699999999999999,1617,49,0.25,0.25,0.15,0.35
